#          Em_x [n.u.]            Em_y [n.u.]            Em_z [n.u.]            En_x [n.u.]            En_y [n.u.]            En_z [n.u.]
 0.564417159204069E+00 -0.123033451858791E-01  0.825398024042489E+00  0.709996176763471E-01 -0.944256678212337E-01 -0.992996902082945E+00
 0.759548671208822E+00  0.476648814829818E+00  0.442596569559958E+00 -0.360497957129897E+00  0.614373153781084E-02 -0.932739769425515E+00
-0.279035311821436E+00 -0.913642126874230E-01  0.955924618051403E+00  0.426998917591928E+00 -0.110029566398581E+00 -0.897532962566536E+00
 0.237385306423904E+00 -0.379124178513730E-01  0.970675468355254E+00 -0.577243306192366E+00  0.228582838940226E+00 -0.783926049572365E+00
 0.742539499750509E+00  0.333902876787017E+00  0.580640990788299E+00 -0.982582210929812E-01 -0.715521268001597E-01  0.992585318820512E+00
-0.669753669198553E+00 -0.727913813335795E+00  0.146872403636684E+00  0.258239296827987E+00  0.249827714134089E+00 -0.933219469805642E+00
 0.158120033205398E+00 -0.127242531082879E+00  0.979187108464336E+00  0.780902548457917E-01  0.146170500192584E+00  0.986172447887067E+00
 0.200851179986115E-01  0.909453454491167E+00  0.415320360865038E+00  0.216971668036398E+00 -0.654261578993865E+00 -0.724475728732134E+00
-0.378199791403208E+00 -0.131613273662961E+00  0.916320284604837E+00 -0.374031131997522E+00 -0.804371139562706E+00  0.461614321848061E+00
 0.197138847648025E+00 -0.262063758630116E+00  0.944700408150999E+00 -0.524359541536874E+00  0.808799258464450E-01 -0.847647042579818E+00
 0.660739734170680E+00 -0.429054756171382E+00  0.615901794034385E+00  0.969341334202033E-01  0.602095957618873E+00  0.792517653807842E+00
 0.434956286418298E+00  0.770393053598723E+00  0.466162602395386E+00  0.422699866302347E+00 -0.728154689694171E+00  0.539551268096335E+00
-0.427467522943753E+00 -0.468858370111356E+00  0.772944594136510E+00  0.344743672674301E+00 -0.811847384083118E+00  0.471227784737310E+00
 0.360557751721623E+00  0.293649213179804E+00  0.885306866161294E+00 -0.350803504671128E+00  0.312770011360159E+00 -0.882673111125642E+00
 0.259670899888646E+00 -0.333282417012619E+00  0.906362981515269E+00  0.313120929084918E+00 -0.488725245588958E+00  0.814311315218578E+00
 0.710491246417765E-01  0.233657591769152E+00  0.969719625302220E+00 -0.419156634975753E-01 -0.212739150234266E+00 -0.976209573355619E+00
 0.188879953735467E+00 -0.668509461677748E-01  0.979722059603315E+00 -0.218645966656581E+00  0.325510504745082E-01  0.975261180596160E+00
 0.150930615945384E+00 -0.855794447521943E+00 -0.494808864877094E+00 -0.128556050503208E+00 -0.261589240964457E-01 -0.991357177090645E+00
 0.540952427387746E-01  0.985142428467324E-01  0.993664253492782E+00  0.208125682695345E-01 -0.527335006034215E-01 -0.998391714166406E+00
 0.433551384450398E+00 -0.806281043707339E+00  0.402422757307967E+00 -0.838028711311718E+00  0.427865961886573E+00  0.338583221196945E+00
 0.367960110944271E+00 -0.307576014712706E+00  0.877497778873160E+00  0.584797623584031E-01  0.987978401489262E+00  0.143104142446080E+00
 0.136452361203180E+00 -0.411009036892766E+00  0.901361372987858E+00 -0.384438730825313E+00  0.905982412703268E+00  0.177208154760968E+00
 0.684903317695092E-01  0.292239403932070E-01  0.997223663859817E+00  0.427120480741529E-01  0.803730942130707E-01  0.995849309220993E+00
 0.177296072912420E+00  0.973023754446198E-01  0.979335667819093E+00 -0.718571957571432E+00 -0.278936195606821E+00  0.637062744611826E+00
-0.744250940111561E+00 -0.656408708233333E+00 -0.123361849445058E+00 -0.803891338348464E+00 -0.499127716146009E+00  0.323465978277752E+00
-0.475669802816318E-01  0.418124093961405E-01  0.997992537450745E+00  0.772462920529794E+00 -0.307591523737486E-03 -0.635059793873014E+00
-0.158944806609125E+00  0.264545258611611E+00  0.951184711083028E+00 -0.743087514221951E+00  0.543225575082508E+00 -0.390802918084961E+00
-0.539496750570214E+00  0.198932548006984E+00  0.818149801361358E+00 -0.892892276552361E+00  0.450185211969875E+00 -0.875542099392065E-02
 0.258297909236216E+00 -0.104090690227525E+00  0.960441210221717E+00 -0.744448028635668E+00  0.350429664911511E+00  0.568327531103742E+00
 0.377257116751044E+00 -0.162298379135364E+00  0.911776455053936E+00 -0.418841754515795E+00 -0.720431415642759E+00  0.552765917933714E+00
 0.364590988649394E+00 -0.202515094300871E+00  0.908879006015634E+00 -0.655545998801764E+00 -0.739725635269946E+00 -0.151873065352196E+00
-0.956094252612363E-01  0.256416047858756E+00  0.961826204780111E+00 -0.630262277929868E-02  0.771159038432280E-02  0.999950402929988E+00
-0.209506892471250E+00 -0.384045823225213E-01  0.977052685408352E+00 -0.438746639342675E+00  0.457653417081628E+00 -0.773339987521025E+00
 0.724226871728488E+00 -0.687260137460616E+00 -0.562933541724388E-01 -0.236650778908182E+00  0.211440065941791E+00  0.948308761615478E+00
 0.841051770654890E-01 -0.708174922073295E+00  0.701009699602841E+00 -0.698464397307602E+00 -0.646898448141935E+00  0.306055360164276E+00
-0.158224957351576E+00 -0.301599821731846E+00  0.940214023721413E+00  0.636886379494520E+00  0.332997350773488E+00 -0.695333376152907E+00
 0.140900451202960E+00  0.472185654588484E+00  0.870165369600312E+00  0.168402885332220E+00 -0.837620027494648E+00  0.519647147352555E+00
-0.252558015476376E+00  0.404225277215335E-01  0.966737021154790E+00 -0.928144369568741E-01 -0.756341896003559E-01  0.992806602343012E+00
-0.707192680172359E+00  0.500424238478191E-01 -0.705247664956128E+00  0.531821453805482E-03 -0.142931772770580E-02  0.999998837107711E+00
-0.661239982990794E-01 -0.114871276917686E-01  0.997745289513479E+00 -0.895328970821233E+00  0.264431447717220E+00  0.358416020102850E+00
-0.102995160568544E+00  0.389805873503323E-01  0.993917758523955E+00  0.384515567606758E+00  0.404118157692692E+00 -0.829961621336262E+00
 0.179573916360924E+00 -0.338757080184958E+00  0.923578285359374E+00 -0.352163222147448E+00  0.166186104355894E+00 -0.921066362259386E+00
-0.869959552983297E+00 -0.437791380183061E+00  0.226956127060964E+00  0.125440123596884E+00 -0.610387642434493E+00 -0.782107218580202E+00
-0.256428442645427E+00 -0.494570488560757E+00  0.830448364226949E+00 -0.955048991373536E+00  0.178291919461413E+00  0.236840485414038E+00
 0.123855968886746E-01 -0.143986133015823E-01  0.999819622194275E+00  0.137007031486726E+00  0.199852259650324E-01 -0.990368448642384E+00
 0.150634074961224E-01 -0.824153039129452E-01  0.996484225382190E+00 -0.824462851394342E+00  0.561222349144108E+00  0.727356961324973E-01
-0.572866376722250E-01  0.148841254787626E+00  0.987200345430175E+00 -0.146162246860648E-02 -0.705308452593391E-04 -0.999998929342006E+00
 0.325999498234396E+00 -0.890930762689657E+00 -0.316175114840097E+00 -0.229275756916909E-01 -0.265284320500861E+00 -0.963897585622714E+00
-0.897749604473372E+00  0.236703044738404E+00 -0.371506818617738E+00  0.431936032553921E-01 -0.889356319756366E+00 -0.455169912392316E+00
-0.242760969073880E+00  0.280509367160180E+00  0.928645038122589E+00  0.462605489821182E+00 -0.656593778573670E+00 -0.595718701003800E+00
-0.173111954968132E-01 -0.422683471863090E-01  0.998956310023921E+00  0.133552269396698E+00 -0.363449957573395E+00 -0.921991279611087E+00
-0.759195400648906E+00  0.250727397725872E+00 -0.600631430798588E+00 -0.216472329110596E+00 -0.216709519347650E-01 -0.976048206069595E+00
-0.465943449821727E+00 -0.299996033284790E+00  0.832405599201266E+00  0.198529559685781E+00  0.973441145110593E+00 -0.114010310659815E+00
 0.550906808457454E+00  0.825572761691242E+00 -0.122193713212739E+00 -0.445975885042937E+00 -0.405344503180451E+00 -0.797998335650873E+00
-0.163383795098774E+00 -0.917209801101195E+00  0.363361963148357E+00 -0.769251350994908E-01  0.907299006429430E-01  0.992900100070116E+00
 0.610716357390960E-01 -0.268481163689227E+00  0.961347034141277E+00  0.956510913335483E+00  0.287842940260509E+00 -0.472579560741347E-01
 0.439563722769823E+00  0.908365678094815E-01  0.893606429908227E+00  0.879673433884666E+00  0.251391048098784E+00  0.403704335688081E+00
-0.525042063229481E-01 -0.751468076337179E+00  0.657677001699540E+00  0.228796826685063E+00  0.406863821281485E+00  0.884372004888821E+00
-0.423623798509939E+00 -0.126704586275475E+00  0.896933010404217E+00 -0.634187358842840E+00  0.228199526768948E+00  0.738736333116472E+00
 0.853533644687098E+00 -0.453495523300224E+00  0.256558234585863E+00  0.162543976232438E+00  0.945943427086464E+00 -0.280660806922634E+00
 0.369901790309626E+00 -0.167731860357658E+00  0.913804513310529E+00  0.994460308328903E+00  0.603598206735785E-01  0.860545594761630E-01
 0.339683332747773E+00 -0.932329655748409E+00 -0.124002606687995E+00  0.268830361878673E+00 -0.285069233394448E+00 -0.920035743166581E+00
 0.377080858586116E+00 -0.308691973281394E-01  0.925665770537225E+00  0.203851410845074E+00 -0.630101716969396E+00  0.749277270820817E+00
-0.376081455554137E-01 -0.152099244541479E+00  0.987649455625727E+00 -0.592451966757344E+00  0.789625980263564E+00 -0.159660509764187E+00
 0.129518765171613E+00  0.183790358141791E+00  0.974395193811286E+00  0.884447318370634E+00  0.358051673692746E+00  0.299252301566451E+00
-0.126422736354423E+00  0.611290538022866E+00  0.781243348679766E+00 -0.279291741415610E+00 -0.257304353136839E+00 -0.925089505417648E+00
 0.238246317653651E+00 -0.267921884147160E-02  0.971201067704765E+00  0.136004265373005E+00 -0.817762937627147E-01  0.987327441925314E+00
-0.355643208927285E-01 -0.161237078472304E+00  0.986274699870759E+00  0.301785151601005E-02  0.113093670542776E-02  0.999994806763713E+00
 0.242317941026757E-01 -0.872889062528359E+00  0.487316636975313E+00 -0.575321075794092E+00  0.208192660407308E+00 -0.790987658500217E+00
-0.201062389095791E+00  0.154710662248474E+00  0.967284098224369E+00 -0.688554711084898E+00  0.622081373166880E+00  0.372702528837143E+00
-0.190873903022000E+00  0.131875017780353E+00  0.972715854106727E+00 -0.948104588241716E+00  0.179447293263878E+00 -0.262481158743393E+00
-0.786001455956810E+00  0.536590535668925E+00  0.307037958995806E+00  0.555867009408746E+00  0.470252468777422E+00  0.685473911582138E+00
-0.357217987533359E+00  0.465942222467821E+00  0.809501794132888E+00  0.229051615616148E+00 -0.960493657394583E+00  0.158073690057548E+00
-0.433920408019281E-01 -0.408016866360190E+00  0.911942633919840E+00 -0.781776501513233E+00 -0.457679873644433E+00  0.423502815743351E+00
 0.184046267158455E+00 -0.341820778413276E+00  0.921566886877985E+00 -0.167454169378937E-01 -0.749406681452944E+00  0.661898192175550E+00
 0.500364461367870E+00  0.611361866339713E-02  0.865793294884454E+00  0.766327798050763E+00  0.487996458597227E+00  0.417853039155197E+00
-0.126942338261078E-01  0.713660119005307E+00  0.700377106256979E+00  0.541434748165257E+00  0.493066483146799E+00  0.680980070689643E+00
 0.893284708133094E-01  0.406461582203482E+00  0.909290606184182E+00 -0.172602878598197E-01 -0.622007915480103E+00 -0.782820691820990E+00
-0.532402523753287E-01 -0.353538151542987E+00  0.933903769630779E+00  0.291752223898141E-01  0.751943491332173E-01 -0.996742000849235E+00
-0.661011443093101E+00 -0.382891259363635E+00  0.645335692181136E+00  0.905871248472061E+00 -0.232399037459474E+00 -0.354101635945925E+00
 0.104975835709395E+00  0.198657190547657E-01  0.994276333381999E+00 -0.173778890067279E+00  0.818493056390193E-01  0.981377393530845E+00
 0.240018841085535E+00  0.240259826640214E+00  0.940566941597870E+00  0.934838820051778E+00 -0.247517497087457E+00  0.254580967787777E+00
-0.143741792104857E-01  0.101143799824359E+00  0.994767970297152E+00  0.169148450432476E-01  0.489401255040496E-01 -0.998658476223384E+00
 0.107840372606263E-01 -0.130374425290035E+00  0.991406180014354E+00  0.756256129872565E+00  0.516073159586817E+00 -0.402175533796190E+00
 0.890492842430156E+00 -0.410673764269595E+00  0.195881486928453E+00 -0.395268743205252E+00  0.521782752286533E-01  0.917082356301278E+00
 0.790376861774672E-01  0.534125609373121E-01  0.995439672957548E+00  0.525130799694151E+00  0.254895457451101E+00 -0.811951937606762E+00
 0.176913610847438E+00  0.621960013395329E+00  0.762802278466840E+00 -0.446168408198218E+00 -0.892669024085994E+00  0.638417180472666E-01
-0.140057689576865E-01 -0.468959286667625E+00  0.883108728234579E+00 -0.327127921041667E+00 -0.683425337926862E+00  0.652623268627860E+00
-0.333670938247199E+00  0.377519192852370E+00  0.863795672597015E+00 -0.572885047520402E-01  0.997246859596760E+00 -0.470821436180950E-01
 0.296474752900426E-01 -0.492117112864052E-01  0.998348253206861E+00 -0.378606037357943E+00 -0.146729701929930E+00  0.913853304993569E+00
 0.120109578667670E-01  0.357292448447861E+00  0.933915329766706E+00 -0.774312935223416E-02  0.990669667116413E+00 -0.136064891148639E+00
 0.300549524860180E-01  0.118286053060213E+00  0.992524614043652E+00  0.144102473695066E+00  0.210526738006608E-01 -0.989338800412076E+00
 0.155460461364397E+00 -0.348960686878574E+00  0.924152846646918E+00  0.955501422724437E+00  0.294248383887099E+00 -0.208547297131009E-01
-0.296807764895735E+00  0.105068939473714E+00  0.949139435834097E+00  0.588473911006824E+00  0.808393771622581E+00  0.140700414409883E-01
 0.513646769323184E-01 -0.618831116769551E-01  0.996760829112389E+00  0.830093389050041E-02  0.861865411437240E+00  0.507069134403448E+00
-0.277706641017452E+00  0.198031892666086E+00  0.940033186127964E+00 -0.707878037167136E+00  0.853441398665334E-01  0.701159797968226E+00
-0.767552825794030E+00 -0.201001838856842E+00  0.608655009337611E+00 -0.950407662211097E-02  0.720283930215808E+00  0.693614253314066E+00
 0.194660800369837E+00  0.424867552280687E+00  0.884078467003010E+00 -0.667687429797188E+00  0.539466051092294E+00 -0.513000853614992E+00
 0.501780494855051E-01 -0.291366736971845E+00  0.955294503248192E+00  0.607690525738026E+00 -0.476886740814716E+00  0.635052172158602E+00
 0.232122362901584E-02  0.111792195077185E+00  0.993728895142276E+00  0.328073909792429E+00  0.322041860091408E+00  0.888063370521707E+00
-0.248094516889483E+00 -0.321659712797754E-01  0.968201663384753E+00  0.553792513548472E+00 -0.822444917405604E+00  0.129993114322853E+00
-0.261032595485397E-01 -0.902320372874130E-01  0.995578625367130E+00  0.404205087706456E+00 -0.743456164212761E-02 -0.914638165814988E+00
-0.973994894605744E+00 -0.226550390900782E+00  0.297752659913861E-02 -0.847585921112771E-01  0.300111242356909E+00  0.950131161090040E+00
 0.254144038862400E+00  0.956192457979282E+00  0.145281763529512E+00  0.370619102096036E-01 -0.109463914002332E+00 -0.993299585393503E+00
-0.313404776983241E+00  0.227592102803368E+00  0.921943208937311E+00  0.543341064362162E+00 -0.518773187102286E+00 -0.660041565449881E+00
 0.384122384579563E+00  0.480073459417284E+00  0.788656748673358E+00 -0.320014816398215E+00 -0.814046016137873E+00 -0.484685053303354E+00
 0.348394677461537E+00 -0.617886785385011E+00  0.704866703117014E+00  0.216531276386899E+00  0.961165950462113E+00 -0.171097112829303E+00
-0.305730706391658E+00  0.522968118208105E+00  0.795633761543043E+00  0.843002116060140E+00 -0.208636070121945E+00 -0.495800789190776E+00
-0.166337993615550E+00  0.314936366182624E+00  0.934423221637625E+00  0.205128633300862E+00 -0.648635834253229E+00 -0.732935057370527E+00
-0.299248986698365E+00 -0.108737337182372E+00  0.947958984061277E+00  0.172250052401575E-01 -0.522809132511749E-01  0.998483853301644E+00
 0.100569580232736E+00 -0.798968009767843E+00  0.592904611973481E+00  0.716448652412827E+00 -0.572978711908687E+00  0.397990859386627E+00
 0.154528098480532E-01 -0.177252173326314E+00  0.984044144192169E+00 -0.551717273623118E-01 -0.250102396900815E+00  0.966646197718858E+00
-0.269592770119269E+00 -0.696744037445606E-01  0.960450527493352E+00  0.570103647432844E+00  0.668780609851105E+00 -0.477194223635357E+00
 0.615598098082350E+00 -0.101764832812521E+00  0.781462027509995E+00 -0.962391667229242E+00 -0.122244342587023E+00 -0.242607913212217E+00
 0.494204131536870E+00 -0.685797823199309E+00  0.534269241176186E+00 -0.918319019983867E+00 -0.385433602253092E+00 -0.901726998047377E-01
 0.572754059807592E+00  0.122611143323316E+00  0.810505579565539E+00 -0.644582203327549E+00 -0.460679933568700E+00 -0.610153900225623E+00
 0.184823944527586E+00 -0.180579891670511E+00  0.966038825437948E+00  0.689716374767248E+00 -0.498986508491415E-01  0.722358253930389E+00
-0.426925759084707E+00 -0.434174526150137E+00  0.793238222145309E+00 -0.590888625228604E+00 -0.803478706474254E+00  0.726126767025521E-01
-0.260545534722337E+00  0.933653613680794E+00  0.245778261848047E+00  0.177521548111253E-01  0.268822197004425E-01 -0.999480968935146E+00
-0.428571805352399E+00 -0.127004551785278E+00  0.894536780396875E+00 -0.990783017988150E+00  0.127093807192817E+00  0.468633699122145E-01
 0.828183683978005E-01  0.648705461226627E+00  0.756519888985527E+00  0.598827996199900E-01  0.917944597315990E+00  0.392162933699831E+00
 0.212077597966234E+00  0.242465719656630E+00  0.946696079654006E+00 -0.465227189768490E+00 -0.835273265823339E+00 -0.293056706630179E+00
-0.316064762676148E-01  0.980137682566350E+00  0.195783436151811E+00 -0.477613001564096E+00  0.615912458055275E+00  0.626528263328354E+00
 0.500393337019725E-02 -0.119083988001646E-01  0.999916571864295E+00  0.138346132388528E+00  0.137157888354163E+00 -0.980840487192165E+00
-0.303930305902485E+00  0.569669842049255E-01  0.950989554024973E+00 -0.417126209431341E+00  0.274673248131343E-01  0.908433416092259E+00
-0.788042108840926E+00 -0.599629247570544E+00 -0.139407317424621E+00  0.859982549431356E+00 -0.411063563981948E+00  0.302418189003248E+00
 0.140071226803909E+00 -0.904334688494466E+00 -0.403185841278267E+00  0.413400914288118E-01  0.657627344780628E-02  0.999123490599734E+00
 0.168140599601949E+00 -0.485745581104811E+00  0.857776176635051E+00  0.358763099786479E-01  0.981435541666420E+00 -0.188406921147437E+00
-0.134746320849682E+00  0.320951304749175E+00  0.937461299999780E+00  0.660744256539223E+00 -0.548557537383758E+00 -0.512349154024769E+00
-0.288974886830819E+00  0.449460333317849E-01  0.956281009363280E+00  0.181037071762189E+00 -0.217410081604416E+00 -0.959144637197401E+00
 0.370777563692084E-01 -0.182451403217267E+00  0.982515509010761E+00  0.222608748159651E+00  0.275577217728574E-02 -0.974903970123468E+00
 0.226804409754249E+00  0.132686645159266E-01  0.973849938264613E+00  0.927052363567343E-01  0.286178697945889E+00  0.953681022142120E+00
-0.238901501124743E-01 -0.888700341421986E+00 -0.457865661394310E+00  0.766766085357106E-01  0.361471389480452E+00  0.929225017038679E+00
-0.232899841440129E+00 -0.661419438899471E+00  0.712938980350403E+00  0.527744428174780E+00  0.827099855916787E+00 -0.193369198356164E+00
-0.445085212413574E+00  0.209044604438972E+00  0.870746522844460E+00  0.195812285212079E+00  0.968416288782603E+00  0.154361396017765E+00
 0.134705433326135E+00  0.870804530778425E-01  0.987051893734152E+00 -0.593719852662615E-01  0.409383128723014E-01  0.997396120859066E+00
 0.103233548536624E+00 -0.253270354247464E+00  0.961871593361557E+00 -0.492426100291226E+00 -0.869286050144905E+00 -0.431079896938404E-01
 0.928898334724312E+00 -0.366877203016664E+00  0.504876386164932E-01 -0.167547586071964E-01  0.989031651599458E+00  0.146750366944902E+00
-0.249292341838965E+00  0.535057390962836E+00  0.807196950363718E+00 -0.145393255957703E+00  0.128871470479623E-01  0.989290009331431E+00
 0.603230777711219E+00 -0.381227169625748E+00  0.700555832151199E+00  0.741453303642031E+00 -0.499358218943424E+00  0.448205720280285E+00
 0.359664251999168E+00 -0.277046839180821E+00  0.891003184468942E+00  0.242114301035547E+00 -0.523564875483685E+00  0.816860138820485E+00
-0.622371145283126E-01  0.943427644212392E+00  0.325685157339179E+00 -0.958180219160966E+00 -0.138678237653248E-01  0.285829234111309E+00
-0.840864629161037E-01  0.188995135277760E+00  0.978371251415126E+00 -0.167118513615109E+00  0.708544813941690E-01  0.983387535447465E+00
 0.409189821002207E+00 -0.125296006374615E+00  0.903805621344963E+00 -0.715037740175388E+00 -0.103843056858837E+00 -0.691330347711632E+00
-0.127009685723905E+00 -0.982201501083269E+00  0.138379012144503E+00  0.123938358429843E+00  0.277780668035314E+00  0.952615968675505E+00
-0.201980425517066E+00 -0.840514990227913E+00  0.502731000546133E+00  0.765467302142960E-01  0.282616065692982E+00  0.956174020513902E+00
-0.169302514721837E+00 -0.291540275954450E+00  0.941456810483235E+00  0.834175410097816E+00  0.522914582123231E+00 -0.175247610514458E+00
-0.633034677425596E+00 -0.932434599793212E-01  0.768487315671350E+00 -0.884565606368282E+00  0.790682819411126E-01  0.459664981069034E+00
 0.483225250059021E+00 -0.406422554287288E+00  0.775444430679589E+00  0.621256482346661E+00 -0.619595429095518E+00  0.479731057350047E+00
-0.108296984871575E+00  0.636716729227044E+00  0.763455021458462E+00 -0.202585783704777E+00  0.241319716626806E+00  0.949064694637768E+00
-0.137410454884606E+00 -0.813260972286434E+00 -0.565442267472223E+00  0.113293821124314E+00 -0.114676401971599E+00  0.986921391462309E+00
 0.506622647632174E+00  0.506997034708228E+00  0.697343172120606E+00 -0.578708700258081E+00 -0.608901098867737E+00 -0.542527134845128E+00
-0.867213524861736E-01  0.281737228239596E+00  0.955564514434708E+00  0.346428872493026E+00  0.204667082394280E-01  0.937852946978924E+00
-0.878015485748107E-01 -0.172820688508598E-01  0.995988061255806E+00 -0.444318272562233E-01  0.533060997525071E+00  0.844909335753990E+00
-0.166380077065313E-01 -0.396770563014155E-01  0.999074025236775E+00 -0.960123990588808E+00 -0.279372249040104E+00 -0.106333984264957E-01
-0.399153940892620E+00  0.657050425360237E+00  0.639500484756519E+00 -0.431054715413329E+00  0.902324395758716E+00  0.158654927517092E-02
-0.419322101797093E+00 -0.120401986407306E+00  0.899817946372289E+00  0.311621299416256E+00  0.109860596128050E+00 -0.943834103626540E+00
 0.247503792569053E+00 -0.363178166779257E+00  0.898244672591379E+00  0.816954050507029E+00 -0.576484245524056E+00  0.158743195986400E-01
 0.804075168187359E+00 -0.339801226821348E+00 -0.487850643286629E+00  0.102501209652750E+00  0.132150615516332E-01 -0.994645094577915E+00
 0.453045545864252E+00 -0.134241700712671E+00  0.881322244790367E+00 -0.886757576779092E+00 -0.108825927448135E+00  0.449241491338373E+00
-0.504946942257071E+00 -0.796745946428152E+00 -0.332000726438276E+00 -0.735803766513987E+00 -0.203110279744639E+00 -0.646017825950557E+00
 0.890027022755653E+00 -0.228163537623109E+00  0.394706598455126E+00 -0.414366812878228E+00 -0.187322413941869E+00 -0.890623634101482E+00
-0.481833287467016E+00 -0.854525640050542E+00 -0.193965495861866E+00 -0.320236307471247E+00 -0.234065129057496E+00 -0.917966351636311E+00
 0.384054947611509E+00  0.230690845931619E+00  0.894026582836593E+00 -0.584180375740964E+00  0.582965991726435E+00 -0.564698097295856E+00
-0.869545126707193E-01  0.580160259312993E+00  0.809847508016218E+00 -0.158745868524541E+00 -0.712712975617245E+00 -0.683256879667670E+00
-0.115156494819319E+00 -0.270904146693604E+00  0.955693426264479E+00  0.101055403164241E+00  0.203673835344182E-01 -0.994672295371332E+00
-0.160976465978379E+00  0.741712864866589E-01  0.984167261019196E+00 -0.146206916729245E+00 -0.956593031489222E+00  0.252097817536743E+00
-0.599474980668000E+00 -0.165976682444992E+00  0.782995203329915E+00 -0.819007199441325E+00  0.525471410882286E+00 -0.230449568471407E+00
-0.814756740911800E-01 -0.156699258235893E+00  0.984279968809540E+00 -0.486387721972848E+00  0.862862067754900E+00  0.137462852959636E+00
-0.143810494495181E+00 -0.158249486288132E+00  0.976870330065661E+00 -0.366576347046534E+00 -0.157335887907933E+00  0.916988113424728E+00
-0.457319067483111E+00  0.224424731870500E+00  0.860518919165193E+00 -0.111598776846709E+00  0.771292787632124E+00  0.626620418397762E+00
-0.175725497089849E+00  0.731619336378263E-01  0.981716802921749E+00 -0.206502240471342E-02  0.685138428611949E-02  0.999974396780154E+00
-0.175508491583949E+00 -0.742988430182374E-01  0.981670235521113E+00  0.169726418309529E+00  0.434993709309170E+00 -0.884292607562264E+00
 0.255837991220286E+00  0.232721251757481E+00  0.938289795973930E+00 -0.128925986091703E+00  0.525352100423785E+00 -0.841060794883818E+00
-0.354348772783026E+00  0.174520725554696E+00  0.918683549204527E+00 -0.224172221592679E+00 -0.805117350479508E+00 -0.549120084337715E+00
-0.772093470212274E-01 -0.274202913132327E+00  0.958567409816493E+00  0.522942346186308E-01 -0.422283807428768E+00  0.904953976182830E+00
 0.269740675745265E+00  0.725602756776338E-01 -0.960195279222968E+00 -0.108715503688031E+00  0.161676312491518E+00 -0.980837249107620E+00
-0.129834002729027E-01 -0.105236157825170E+00  0.994362500501477E+00 -0.293853084873442E+00 -0.528024291234015E+00  0.796768920313273E+00
-0.308544402310782E+00  0.938600752391540E+00  0.154366380448324E+00 -0.341536881931953E+00 -0.886525587787082E+00  0.312129685353649E+00
 0.217403387927685E-01 -0.123197627083480E+00  0.992143992750133E+00  0.328709723432449E+00 -0.231322630788673E+00 -0.915663561689538E+00
 0.155573671371290E-02 -0.603558001853119E+00  0.797317576679674E+00 -0.561064617204722E-01 -0.802363251059189E+00  0.594192963861857E+00
 0.193439639256736E-01 -0.637352195288539E+00 -0.770329793153895E+00 -0.173782562825238E+00 -0.900075842959878E+00 -0.399578650302988E+00
-0.150847937438548E+00  0.231317385502370E+00  0.961112463208590E+00  0.952676553764710E+00 -0.301918545501035E+00 -0.353917474778462E-01
 0.501435492946150E+00 -0.503313116205964E+00  0.703731734021491E+00  0.842005464469062E+00 -0.504084678417913E+00  0.192159919828635E+00
 0.455054290688104E+00 -0.446186759689860E+00  0.770612073616687E+00 -0.733452439947581E+00  0.558588686489346E+00 -0.387332154179132E+00
 0.284945963587063E+00 -0.181451441758234E+00  0.941212607288756E+00  0.110001338346368E+00  0.913397318936885E+00 -0.391924792939816E+00
 0.107083502687464E+00  0.310856648901421E-01  0.993763958337452E+00 -0.270997178019416E+00  0.419934265634621E+00  0.866149953559674E+00
-0.899352426256391E-01 -0.893024416503194E-01  0.991935847748814E+00  0.753390092317564E+00  0.651423258742494E+00 -0.897279597842391E-01
-0.346729665573173E+00 -0.133831944413694E+00 -0.928368218793581E+00  0.990978627194663E+00  0.119442416859922E-01 -0.133486686729158E+00
 0.153914119637783E+00 -0.214178532485407E+00  0.964592141787670E+00  0.182082850381420E+00 -0.521392638880850E-01  0.981899858823794E+00
-0.189010071415825E+00  0.357217334615824E+00  0.914697200582439E+00  0.615160421604016E+00  0.769666962079979E+00  0.170852050542409E+00
 0.422468327654390E+00 -0.445055505818552E+00  0.789586036394702E+00 -0.375991880587669E+00  0.913472414960817E+00  0.155557876167687E+00
 0.198091623828362E+00 -0.125384850745559E+00 -0.972130828526982E+00 -0.516091035302219E+00  0.648082498624093E+00  0.560034925926799E+00
 0.367228668393105E+00  0.215688326351502E+00  0.904777127797733E+00  0.452226468539097E+00  0.584987533886631E+00  0.673261320996457E+00
-0.271710131989856E+00 -0.188240216849064E+00  0.943789820317359E+00  0.514738278558778E+00  0.814904135975118E+00 -0.266412750740260E+00
-0.176485499050424E-01 -0.119199389678853E+00  0.992713470335946E+00  0.122375247709969E+00 -0.238135070091826E+00 -0.963491560492506E+00
-0.674501831616874E-01  0.321569672955711E+00  0.944480501771536E+00  0.725655915794760E+00 -0.565619608556068E+00 -0.391788144650842E+00
-0.965554910705839E-01  0.763906210921226E+00  0.638062957755811E+00 -0.426977374401376E+00  0.377661412103549E-01 -0.903473320207845E+00
-0.269243192169327E+00  0.234809437845595E-01  0.962785930905441E+00 -0.742125646205734E-01  0.751802130727475E+00  0.655199245639115E+00
-0.177351709875258E+00  0.315273326160131E+00  0.932281663885035E+00 -0.299127982793624E+00  0.323028877433087E+00  0.897872370804524E+00
-0.525619238158155E+00  0.268380407250375E+00  0.807277135488281E+00  0.873433096429256E+00 -0.457953174299611E+00 -0.165509867412525E+00
-0.270446826195214E-01  0.541019463958134E+00  0.840575115477768E+00  0.279233870754051E+00 -0.797852426178738E-01  0.956902691230470E+00
-0.389446903396383E+00  0.263690874002933E+00  0.882495457440172E+00  0.127275013609666E+00 -0.907951408323689E-01 -0.987703049155914E+00
-0.680036332016583E-01 -0.489269980490659E+00  0.869477079664579E+00  0.187746158317633E+00 -0.574134793256768E+00  0.796944552154652E+00
-0.100467633938505E+00  0.460340302823320E+00  0.882039148863208E+00  0.402029438442425E+00 -0.778327676131816E+00  0.482263785902400E+00
-0.880272896891372E+00 -0.261290545911136E+00 -0.396038984969829E+00  0.847943778881950E-01 -0.331026391361054E-01  0.995848446682917E+00
 0.103896083434963E+00 -0.238524116004643E+00  0.965562970463904E+00  0.216836326705714E-01 -0.275539723203092E+00 -0.961045098323367E+00
 0.248001129183423E+00  0.788301452642848E+00  0.563095249211821E+00 -0.671506428798432E+00  0.569365328296473E+00 -0.474238588704279E+00
-0.656445053965608E+00 -0.391469714713828E+00  0.644849869028415E+00  0.836695519844552E+00  0.455577869586304E+00  0.303956266287208E+00
-0.286179357684608E+00 -0.359763586291063E-01  0.957500431777979E+00  0.524085000317334E+00  0.282117975814064E+00 -0.803582204982760E+00
 0.869991987631065E-01 -0.400287462144946E+00  0.912250561558685E+00 -0.965263459704675E+00 -0.258096272038036E+00  0.406542460147688E-01
-0.315489442174717E+00  0.564537566512905E+00  0.762734388809088E+00 -0.206169941448861E-01  0.510732904123464E-01 -0.998482077234682E+00
-0.271762461643534E+00  0.241590280982719E+00  0.931546724848591E+00 -0.394570339942571E+00  0.329679090071844E+00  0.857686390475566E+00
-0.241572767867977E+00  0.633544717730791E-01  0.968312350809881E+00  0.402872564477041E+00 -0.444324128295019E+00 -0.800168585865856E+00
-0.287280535643717E+00 -0.447982992965863E-01  0.956798310105318E+00 -0.272769614147527E+00 -0.593718217912233E-01 -0.960245658347384E+00
 0.278417901291432E-01  0.420786533447949E+00  0.906732335362130E+00  0.603074308962079E-01  0.146555585150662E-01  0.998072256093370E+00
 0.323653129415298E+00  0.887257239593683E-01  0.942006580511819E+00 -0.517482356098266E+00 -0.527740309392958E+00 -0.673574180746867E+00
-0.260030190019991E+00  0.801559790548739E-01  0.962267800199052E+00  0.247750486790959E+00  0.459640602812118E+00  0.852848293978100E+00
-0.299394613895311E+00 -0.405586998073736E+00  0.863633054117322E+00  0.616782380953212E+00 -0.487188589409440E+00 -0.618244913359525E+00
 0.556430915107881E+00 -0.132828354661198E+00  0.820208061963673E+00  0.447660963074135E+00  0.885930962364401E+00  0.121350698653218E+00
 0.306285813111760E+00 -0.911463275008986E-01  0.947566012301817E+00  0.824648343234992E+00  0.113090115177176E+00  0.554225347533831E+00
 0.558975553351319E+00  0.241428562505123E+00  0.793258205102410E+00 -0.678338438994593E+00 -0.700402447187242E+00 -0.222021111961234E+00
-0.102061598777930E+00  0.691578142656740E-01  0.992371214204084E+00  0.649507155027936E+00 -0.213021350575030E+00  0.729905719779415E+00
-0.441435391477628E+00  0.991387190276432E-01  0.891799478324893E+00 -0.566937430549751E+00  0.279095312004378E+00  0.775040487109432E+00
-0.208213120156370E+00 -0.376424260656559E+00  0.902746959332410E+00  0.701486160486354E+00  0.226807172199633E+00 -0.675629834513633E+00
-0.985774127011800E-02 -0.707224482441825E-01  0.997447322043325E+00 -0.447301485956167E+00  0.854797217027140E+00  0.263140833821097E+00
 0.122318312459634E+00 -0.758236396643006E+00  0.640402839814798E+00 -0.122349800952223E+00 -0.846425881857421E+00  0.518260313673389E+00
-0.497726851687492E+00 -0.135295725315045E+00  0.856716433728648E+00 -0.632702959819405E-01  0.931492794183422E-01 -0.993639814716682E+00
-0.884240900479032E-02 -0.179307180899808E+00  0.983753397290579E+00  0.907973914307243E+00 -0.582725179495233E-01 -0.414955039238477E+00
 0.167328074415932E+00 -0.384399039379854E+00  0.907875924361970E+00  0.397346599173552E+00  0.682265207372673E+00 -0.613701773611529E+00
-0.298600810306932E+00  0.121600627586273E+00  0.946599621516229E+00  0.422566897184807E+00 -0.182959061584373E+00 -0.887672912275558E+00
-0.465450198594885E-01 -0.171107872744929E+00  0.984152252962409E+00  0.950407364769027E+00 -0.157840297498157E+00 -0.267978136194891E+00
-0.105198169921695E+00 -0.894710990549559E+00  0.434080163604550E+00 -0.596614960011392E-01  0.126438122888322E+00 -0.990178724764062E+00
-0.200004858273156E+00  0.641232691422853E-01  0.977694360739409E+00 -0.753309014469194E+00 -0.120746222782464E+00  0.646487338161559E+00
-0.120084236058998E+00 -0.297967275067303E+00  0.946992755642351E+00  0.380439161481762E+00  0.433506924985831E+00 -0.816907455223897E+00
 0.740262057441170E-02  0.144980774887631E+00  0.989406779904814E+00  0.789618716860371E-01 -0.961865321869904E+00 -0.261878073545578E+00
-0.778130369697871E+00  0.343946756201251E+00  0.525560421504979E+00 -0.463963102489650E+00 -0.322293950831110E+00  0.825145350096486E+00
 0.427468114274506E+00  0.676929900947825E-02  0.904005081771954E+00 -0.667277484053615E+00 -0.478092126705491E+00  0.571111790858233E+00
-0.906883696176868E-01 -0.151249647540774E-01  0.995764457619006E+00 -0.274432085286960E-01 -0.947676316734101E+00 -0.318051047800410E+00
-0.668445368255541E+00  0.455904635383406E-01  0.742362646751622E+00  0.893073901515110E+00 -0.893118302403141E-01  0.440956237524433E+00
 0.557437960862517E-01 -0.114725500192628E+00  0.991831986176815E+00  0.950504181322647E+00 -0.259825076286532E+00 -0.170389938144429E+00
 0.602672173330903E-01  0.230165659985791E+00  0.971283496965861E+00 -0.209300270130900E+00 -0.131393320219026E+00  0.968983587231978E+00
 0.370841042815064E-02  0.209799967291536E+00  0.977737296729836E+00 -0.108984623661540E+00 -0.403049882018282E+00 -0.908665584475610E+00
-0.153527429382354E+00  0.105879100470579E+00  0.982455568720941E+00  0.182335528974932E+00 -0.324679511285787E+00 -0.928082415426913E+00
 0.182443804707951E+00  0.208688766967276E+00  0.960813851203950E+00  0.302601743055138E+00 -0.202663375505900E-01 -0.952901600723956E+00
-0.651884747155765E+00  0.748826212581726E+00  0.119605935371832E+00 -0.473522348269235E+00 -0.693499991416385E+00 -0.542986507746798E+00
-0.891740510505629E-01 -0.144937970743799E+00  0.985414112571918E+00  0.589908470757970E-01 -0.774376984537874E-01 -0.995250462355813E+00
 0.301514550961440E-01 -0.441227637481644E+00  0.896888544735606E+00 -0.967487914824786E-01 -0.489098917923838E+00  0.866845960844492E+00
 0.808471088289910E+00  0.430131300805444E+00 -0.401698348847424E+00  0.625915935002234E-01 -0.407679406205815E+00 -0.910977384010589E+00
-0.199913976693942E+00  0.139468130158755E+00  0.969836606131380E+00  0.646086090278955E+00 -0.380511759966451E+00 -0.661652147638990E+00
 0.123117456512743E+00  0.976516003172586E+00  0.176800982603803E+00 -0.189912510116267E+00 -0.144632845583086E+00 -0.971089377184139E+00
-0.506868824902944E+00 -0.771209299599709E+00 -0.385123630218187E+00 -0.314963972965734E+00 -0.805068549874149E+00 -0.502655275250519E+00
-0.388234079134319E+00 -0.171198137159040E+00  0.905519462867586E+00 -0.592654265368150E+00  0.340407612278506E-03  0.805456892616604E+00
-0.363993435709323E+00 -0.160697282604301E+00  0.917434009683594E+00 -0.445635095309672E+00 -0.227583403212660E+00  0.865803185724379E+00
 0.588069739374489E+00  0.819605640065325E-01  0.804646784359293E+00 -0.806426356568096E+00 -0.160013087398153E+00 -0.569273522389385E+00
 0.566544379156546E-01  0.134241780149092E+00  0.989327761223177E+00 -0.522190629600248E+00 -0.229148577065701E+00 -0.821466904985503E+00
-0.348652811630876E+00 -0.179467586316447E+00  0.919909018546744E+00 -0.993000210856678E+00 -0.116481914606742E+00  0.195587527245770E-01
-0.447537981059448E+00  0.552770608826654E+00  0.702961172133030E+00 -0.647096856491466E+00 -0.761555488934095E+00  0.360401941339700E-01
 0.186179605742876E+00  0.357416475164484E+00  0.915199769277956E+00 -0.137763099984136E+00  0.148362819532796E+00 -0.979290458476462E+00
 0.397113537923209E+00 -0.245298873366652E+00  0.884380744206455E+00  0.704961248404708E+00  0.780688808992756E-01  0.704936087941886E+00
-0.658144977906350E-01 -0.227848558713130E+00  0.971469755665567E+00  0.196990186868615E+00  0.272958101011879E+00 -0.941641514255535E+00
 0.516414827115112E+00  0.469596821188930E+00  0.716096747559239E+00  0.819309111787422E+00  0.309947088753807E+00  0.482354000206430E+00
 0.320866111115835E+00 -0.692977519069037E+00  0.645621481057069E+00  0.210359451729707E+00  0.963448384824664E+00  0.165879808435877E+00
-0.258724914978066E+00 -0.181574281433388E+00  0.948731889783168E+00  0.912056140388830E-01 -0.715498564616111E+00 -0.692635069860078E+00
-0.209063488884714E+00 -0.117063777445898E+00  0.970869985953551E+00  0.436064444231267E+00 -0.747113170005881E+00 -0.501666933015362E+00
 0.572034460727704E+00 -0.177018334449602E+00  0.800900171687242E+00  0.601309485259171E+00 -0.666942157222121E+00  0.440017115413998E+00
-0.261418079744121E+00  0.509897511603635E+00  0.819551777036276E+00  0.633612544373474E+00  0.744810189602040E+00  0.209267592038390E+00
-0.766663250133113E+00  0.333021752576336E+00  0.548929843610564E+00 -0.679645001254209E+00  0.169479603690773E+00  0.713694147519079E+00
 0.621769888341666E+00 -0.104277061404549E+00  0.776227093327992E+00  0.159321078579690E+00  0.142581287572974E+00  0.976876333193837E+00
 0.351248965373189E-01 -0.661895964400549E+00  0.748772311155741E+00  0.571842282179270E+00 -0.276533682913356E+00  0.772350649981198E+00
-0.565606793310744E-01 -0.130614660755065E+00  0.989818518693930E+00 -0.323955002313069E-01  0.216832489710252E+00 -0.975671155139280E+00
-0.194410122821419E+00  0.367944490730056E+00 -0.909297286857253E+00  0.380048613282075E-01 -0.113601815832993E+00  0.992799203240449E+00
-0.350473241433254E+00  0.343021122146306E-01  0.935944374488614E+00  0.910294713302263E+00  0.154539043805356E+00 -0.384032835671218E+00
-0.922832854962406E-01  0.114960402533630E+00  0.989074264687605E+00  0.143265325363295E+00 -0.288124177538582E+00 -0.946815454492725E+00
 0.378953117117095E+00 -0.863515163508447E+00  0.332770337347272E+00 -0.414601590448373E+00  0.908683108489601E+00  0.489951991868205E-01
 0.270608063808976E+00 -0.632102087775465E+00 -0.726097945480811E+00  0.120902953056342E+00  0.453428272722636E+00  0.883054515552705E+00
-0.118374213273840E+00  0.174109113355492E+00  0.977585577981981E+00 -0.283616286897815E+00  0.346091407578638E+00  0.894305618570370E+00
 0.734589461847481E+00  0.613391656752438E+00 -0.290049992189497E+00  0.407200299980815E+00 -0.297878027527245E+00 -0.863398283767122E+00
 0.239849938258467E+00  0.426027635210017E+00  0.872337355129752E+00 -0.178368155966351E+00 -0.145398698974428E+00  0.973161866943885E+00
-0.688025789223034E-01  0.141178638955622E+00  0.987590399424923E+00  0.420654853033661E+00 -0.367338893933728E+00 -0.829524943339725E+00
 0.150738538329313E+00  0.978460392735899E-01  0.983719495415646E+00 -0.307637390479634E-01  0.563652401701557E-02 -0.999510791315829E+00
 0.126556274459195E+00  0.152914727820988E+00  0.980102339253632E+00 -0.186388317084107E+00  0.103774024608716E+00  0.976980218362206E+00
 0.995982605638238E-01 -0.701756473187772E+00  0.705420469529855E+00 -0.394849822492774E+00  0.637266362275593E+00  0.661804503754286E+00
 0.640340166845003E+00  0.454219551602232E+00  0.619394114976226E+00 -0.902461950745877E+00 -0.228252653782533E+00 -0.365326092001622E+00
 0.156217350655676E+00  0.140206744125679E-01  0.987623187274954E+00  0.482203535249431E+00  0.589369228206406E+00 -0.648169471231356E+00
 0.116325777109212E+00 -0.143262321194466E+00  0.982824613502283E+00  0.189246025059104E+00 -0.594287725503063E+00  0.781670033528039E+00
 0.146989330839209E+00  0.499993728579491E-01  0.987873574569769E+00 -0.152738142175528E+00 -0.647090908228696E-01 -0.986145929104636E+00
 0.309664827010221E+00  0.725581442858318E-01 -0.948073314997594E+00  0.569754193207258E-01  0.154281210248785E+00  0.986382841374178E+00
 0.741770730289981E-01 -0.473728014591254E+00  0.877541754008480E+00 -0.309235845822415E+00  0.933998014990946E+00 -0.178943844966702E+00
 0.616972075884642E+00 -0.294712103199722E+00  0.729719284249904E+00  0.969527399934050E+00 -0.228801008902894E+00 -0.875598030042287E-01
 0.292149144910446E+00  0.629718470057291E+00  0.719794085552806E+00  0.937663437269710E-01  0.484770588645231E+00  0.869600683744344E+00
-0.168172655010053E+00  0.534017368738130E+00  0.828579150107504E+00 -0.331187735946344E+00  0.912465090194825E+00  0.240254329273136E+00
-0.807101257157141E-01 -0.480967721137471E+00  0.873015421874540E+00  0.578034373724350E+00  0.704929099033572E+00 -0.411036772234327E+00
-0.197165684453748E+00 -0.490786410732787E+00  0.848678026058123E+00 -0.425809902401340E+00 -0.834089847195485E+00  0.350685120617306E+00
-0.458367686914103E+00 -0.595605337483022E+00  0.659661538635344E+00 -0.303533843756268E+00 -0.179687124060169E+00 -0.935724181124722E+00
 0.543618991808753E+00  0.508338439487435E-01  0.837791329660453E+00  0.102967039900144E+00  0.535981746088054E+00  0.837926820524682E+00
 0.478233943836751E-01 -0.679179429853201E-01  0.996544066246077E+00  0.966561703670462E+00 -0.240651492647271E+00  0.885738792437961E-01
-0.511418734846608E+00  0.128905130243920E+00  0.849608348031428E+00  0.223581604112583E+00 -0.348382020734397E+00 -0.910297332705893E+00
-0.769908724973598E-01 -0.128375782506211E+00  0.988732554343192E+00 -0.254842912475560E+00 -0.391949069889487E+00  0.883985868989850E+00
-0.177620463189667E+00  0.126423164182036E+00  0.975944749775565E+00 -0.618621735493511E+00  0.203760781537394E+00  0.758807414488200E+00
 0.655768287768290E+00  0.738940026649814E+00  0.154711311067479E+00  0.383340509504199E+00  0.776810316669330E+00 -0.499615637954974E+00
 0.672559593571864E+00 -0.119388599602844E+00  0.730349200984927E+00 -0.765307633254893E+00  0.541665657035407E+00 -0.347710429050085E+00
-0.116733999714438E+00  0.316322198219634E+00  0.941442212896877E+00  0.657434652466133E+00 -0.737999329475452E+00 -0.152107420695108E+00
 0.134323152243119E+00  0.245317610314490E+00  0.960091954367424E+00  0.532157702367864E-01  0.345988788152453E-02  0.998577043083784E+00
 0.175012811996558E+00  0.108444976051445E+00  0.978575598922362E+00  0.150133963698172E+00  0.261224209827459E+00  0.953531176807710E+00
-0.126147413627398E+00 -0.203270711696742E+00  0.970962330783959E+00 -0.530912170592226E+00  0.637893638349263E+00 -0.557874513910244E+00
 0.498169367735927E+00 -0.803444475488754E-01  0.863349321420740E+00  0.811156650516172E+00  0.128329615880898E+00  0.570575497205450E+00
-0.831461956455534E+00 -0.510292058274913E-01 -0.553233255616246E+00  0.287285157251407E+00 -0.800551187516373E+00  0.525913523869809E+00
-0.786490948687384E+00 -0.324695708824403E+00  0.525361479653616E+00 -0.325423401065413E-03 -0.339439205131584E+00 -0.940627939261453E+00
 0.193610195377243E+00 -0.321419610567963E+00  0.926932859590340E+00 -0.292005325571963E+00 -0.950722133270601E+00 -0.104212835807347E+00
 0.761137493184539E-01 -0.210873588822197E+00  0.974545548808230E+00  0.653798296310509E-02 -0.227298803414490E-01 -0.999720264533253E+00
 0.252023834947653E+00 -0.264030842359731E+00  0.931005746975328E+00  0.931604295477022E+00 -0.530206553678627E-01 -0.359586216022143E+00
-0.128146208019353E+00 -0.543596829458181E+00  0.829506501706451E+00  0.447704396404012E+00  0.180910419612139E+00 -0.875689553161552E+00
-0.316054753238048E+00 -0.262702163895411E+00  0.911645197453650E+00  0.710659173960172E+00  0.440414586731423E+00  0.548633329520214E+00
-0.322997798607403E-01 -0.980566261334485E+00 -0.193511062612604E+00  0.107342834533790E+00  0.594351204423522E-03 -0.994221888021430E+00
 0.900449752824185E+00  0.337300833611123E+00  0.274624089045564E+00 -0.951257421421554E+00 -0.245609498210245E+00  0.186508156870760E+00
 0.288666312860759E+00 -0.716758871281787E+00 -0.634766476948990E+00  0.459433068283827E-02  0.111189722263561E+00 -0.993788578012712E+00
 0.443341989027313E+00  0.371999787199893E+00  0.815514585454203E+00  0.244127785962992E+00  0.877276671026872E+00  0.413264160789219E+00
-0.194427719713295E+00  0.281670103857230E+00  0.939606201767605E+00  0.303231660617119E-01 -0.951362913984595E+00 -0.306576436626715E+00
 0.548096277574648E-01 -0.264652683487887E+00  0.962784950976981E+00  0.420165080449317E-01 -0.993487340092659E+00  0.105912785476177E+00
-0.155285708145319E+00  0.299307194291237E+00  0.941435899194052E+00  0.336206976452788E+00 -0.930311918845514E+00  0.146576269015320E+00
 0.174442809107349E+00 -0.305558058580367E+00  0.936057679412617E+00  0.347401884248167E+00  0.314802074717835E+00 -0.883295864687574E+00
-0.943910364432913E-01 -0.889066010275822E-01  0.991557334970038E+00 -0.232359338488498E+00  0.328400209143161E-01 -0.972075445036822E+00
-0.892639938802283E+00  0.123641752519649E+00 -0.433482014262330E+00  0.106420985229371E+00  0.268205720067843E+00  0.957465542787676E+00
-0.352931284666614E+00 -0.681652714439426E-01  0.933162903287817E+00  0.264923733780329E+00  0.530752412853742E+00 -0.805057321890697E+00
 0.907417393313545E-01 -0.629814921340209E+00  0.771426666378825E+00 -0.415966821470937E+00 -0.106900893334657E+00  0.903074638354781E+00
-0.454117439869118E+00 -0.418248559257022E-01  0.889959567752104E+00 -0.229389699505172E+00 -0.813239320362157E-01  0.969931329445078E+00
 0.285578017374280E+00  0.178095312466972E-03  0.958355447772190E+00 -0.105214751314193E+00  0.168403591693044E+00  0.980086774939227E+00
-0.718222028757884E-01  0.339580419817625E+00  0.937830853432832E+00 -0.835732961736112E+00 -0.166256860145506E+00  0.523363232489964E+00
-0.254870050729305E-01 -0.351844725900333E+00  0.935711334455521E+00  0.461364649639727E+00  0.160445037466103E+00 -0.872582402994303E+00
 0.233727420459296E+00 -0.494476103316581E+00  0.837176729355453E+00  0.576741037605833E+00 -0.645503636827834E+00  0.500694348263875E+00
 0.156696061167877E+00  0.987454873732161E+00 -0.194734885697095E-01  0.667876872851328E+00  0.671172337863747E+00 -0.321664694358650E+00
-0.354849680115864E+00  0.623101911313409E+00  0.697011988877699E+00  0.232923804912654E-01 -0.925259964037606E+00 -0.378617833653115E+00
-0.159487682423570E+00  0.305124809740257E+00  0.938862359260467E+00 -0.423990618508787E+00  0.529363945051065E-01  0.904118185611447E+00
 0.493290734344207E+00  0.357844854090472E+00  0.792850119386458E+00 -0.115573010142463E+00  0.797870831828587E+00  0.591646021742536E+00
-0.779186306084982E-01  0.704910180340418E-01  0.994464530981684E+00  0.116904264312618E+00  0.886199791308751E+00 -0.448311635884962E+00
-0.601690186744762E+00 -0.448384867986979E+00  0.660999190117017E+00  0.363943132365809E+00  0.918717526852080E+00 -0.153308519849878E+00
-0.912931219782867E+00  0.228902867282248E+00  0.337875813422228E+00 -0.960792641889650E+00 -0.253461417218281E+00 -0.112404667484970E+00
-0.163236675975352E+00  0.108135212699012E+00  0.980642933687414E+00  0.912642295698326E+00  0.393495736602112E+00  0.110657784987998E+00
 0.261069126181967E+00 -0.840021211175530E+00  0.475612527305348E+00  0.836352711628273E+00 -0.639056930120027E-01  0.544454042277849E+00
 0.215195011888665E+00 -0.504134801631669E+00  0.836384605694076E+00  0.432009830859661E+00 -0.413822016279683E+00  0.801323183792173E+00
-0.940493821901066E-01  0.623263135626413E+00  0.776336124033135E+00  0.728993892043591E-01 -0.169131804414812E+00 -0.982893743895555E+00
-0.723494604164386E+00  0.497650944246326E+00  0.478434003218582E+00  0.111423084853948E+00 -0.667603073511641E+00 -0.736132482912852E+00
-0.434110672998813E+00  0.214466794047378E+00  0.874958237768842E+00  0.952045446001894E+00 -0.305106166627997E+00  0.227968382154894E-01
-0.463482943668845E+00  0.527928871079418E+00  0.711670336608793E+00 -0.841837620466745E-02 -0.561189041209590E+00 -0.827644845914199E+00
-0.913980581575681E-01  0.230593893535359E+00  0.968748084503515E+00  0.376060337581797E+00 -0.498046500475038E+00 -0.781363107564232E+00
 0.203173570563860E+00 -0.286313801160880E+00  0.936346574452612E+00  0.737623422114838E+00 -0.490183201862063E+00  0.464362052454602E+00
-0.400826234689102E+00  0.313769994884906E+00  0.860747767870985E+00  0.237556611535217E+00 -0.923595532905141E+00 -0.300895576427397E+00
-0.332490191729956E-01 -0.970770292982770E-01  0.994721344451126E+00  0.467240590470429E+00 -0.851282459470029E+00 -0.238755952418999E+00
 0.229142933266522E+00  0.217564662342767E-02  0.973390354737391E+00  0.993200084912256E+00 -0.739383752586580E-01  0.899261252050693E-01
 0.718093622479737E+00 -0.616908166448048E+00 -0.322127092191321E+00 -0.917781204782857E+00 -0.389277545620941E+00 -0.783623163431519E-01
 0.259554620188212E+00  0.689842809851761E+00  0.675831559513745E+00  0.966399649282639E+00 -0.252336509210650E+00  0.489694188833698E-01
 0.587240142931495E+00  0.699261425416200E-01  0.806386600284905E+00  0.974423356813346E+00  0.210253043766476E+00 -0.793270400528238E-01
-0.145341806976148E+00  0.876678575363987E-01  0.985489779703415E+00  0.979496901979658E+00  0.154750958084156E+00 -0.128988216455178E+00
-0.918908943390315E+00 -0.298939282844064E+00  0.257374549887845E+00  0.457699154989085E+00 -0.707513854047394E+00  0.538456711215749E+00
 0.385593560706817E+00  0.721904631391945E-01  0.919840281229947E+00  0.735826907455977E+00 -0.123878492452850E+00  0.665742353595881E+00
-0.625030344451131E-01  0.486778312347827E+00  0.871286546041516E+00  0.118738899926280E+00  0.455929907165271E+00  0.882059518057916E+00
-0.361437971400702E+00 -0.202481002618899E+00  0.910145063387255E+00 -0.303342798648889E+00 -0.952468199265266E+00 -0.280620009308234E-01
 0.282509838958631E+00  0.249434652309505E+00  0.926266994510117E+00  0.654702339370078E+00 -0.727148318296496E+00  0.206446530660909E+00
 0.339856109696908E+00  0.876663971623146E+00  0.340526218608222E+00 -0.777615088093602E-02  0.409659950405025E+00  0.912205161414706E+00
-0.590603866620983E+00 -0.232622860697748E+00  0.772705427322172E+00  0.807655188854458E+00  0.455417690402952E+00 -0.374550161105973E+00
-0.438637202701052E-01 -0.441871859824342E-01  0.998059851230887E+00  0.956211662778089E-01 -0.165012824398034E+00 -0.981645231406874E+00
 0.235225918193719E+00  0.340980411368034E+00  0.910165439067650E+00 -0.479060830589330E+00 -0.302217476950718E+00  0.824114868947651E+00
 0.160865464420028E+00 -0.480959996541927E+00  0.861858331794337E+00 -0.394960610066192E+00  0.645074424365391E+00 -0.654129271265092E+00
 0.623087013452414E+00 -0.462738298386022E+00 -0.630583730264078E+00 -0.413144949156141E-01 -0.982958315450566E-01  0.994299271854673E+00
 0.336212095067849E+00 -0.530506681787785E+00  0.778154282715582E+00  0.325159434220828E+00  0.944596600850858E+00  0.448174519377989E-01
-0.387731865003964E+00  0.795107764979065E+00 -0.466334260944382E+00 -0.677837345049477E+00 -0.476499681603607E+00  0.559896943274330E+00
 0.908093763155660E-01 -0.526868729525201E-01 -0.994473604773733E+00 -0.191511536146198E+00  0.383712289719284E+00 -0.903376007120683E+00
 0.372050007839425E+00  0.183043068032806E+00  0.909985728960527E+00  0.276254192834592E+00  0.652973923816514E+00 -0.705201159781359E+00
-0.751901075639638E+00  0.309176487575783E-01 -0.658550583818175E+00  0.785595894680073E+00  0.358268800480517E+00 -0.504462641693185E+00
 0.146593163218245E+00 -0.988735786985308E-01  0.984243089857894E+00 -0.505288932161636E-01 -0.407694763516067E+00 -0.911719151247755E+00
 0.903306812467864E-01 -0.826808687523161E-01  0.992473799134191E+00  0.475629012986381E+00  0.126562405745416E+00  0.870493537860870E+00
-0.172882055059734E+00 -0.388035714431563E+00  0.905284529506558E+00 -0.973519456106415E+00  0.189347060921157E+00 -0.128091994686589E+00
-0.420561416689060E+00 -0.546365764245364E+00  0.724301419612768E+00  0.783275824475780E+00  0.161634021943578E+00 -0.600294449201498E+00
 0.210159257169831E+00  0.446090649527870E-01  0.976648922566274E+00 -0.415886319913515E-01  0.202815693851076E-01 -0.998928948240246E+00
-0.317861551418852E+00  0.325931697702184E+00  0.890355301305368E+00  0.353911522097165E+00 -0.494498719664112E+00 -0.793862488581884E+00
 0.603243443003845E+00 -0.673449975098513E+00  0.427273307746551E+00  0.366862558159117E+00 -0.914936780265470E+00  0.168233621902414E+00
 0.805261534982061E+00  0.278279304283210E+00  0.523559441788596E+00 -0.808849674860738E+00 -0.110619511497013E+00 -0.577516689935313E+00
-0.127368895727596E+00 -0.334592178088809E+00  0.933715823343976E+00 -0.103621187601047E-01 -0.240999444596749E+00  0.970469934721762E+00
 0.192600630360930E+00 -0.767690451376397E-01  0.978269651421952E+00 -0.137080009114352E+00 -0.207699367635165E+00 -0.968540161162748E+00
-0.391436094540453E+00 -0.151797323189357E+00  0.907598675937478E+00 -0.819727747060042E+00  0.501496670483331E+00 -0.276672207122438E+00
 0.310957629773452E+00 -0.167971551321442E+00  0.935462939101462E+00 -0.566249363308818E+00 -0.822320469266595E+00  0.561311355445980E-01
-0.589643935496199E-01 -0.498517305855094E-01  0.997014546158157E+00  0.339870706428534E+00 -0.449989647896614E+00  0.825831229548538E+00
-0.273343852833507E+00  0.562703155508956E-01  0.960269123582518E+00 -0.730612169639563E-01 -0.751370547520689E+00  0.655823420513637E+00
-0.277580029155732E+00  0.149463492841814E+00  0.949004737459950E+00 -0.528482171110001E+00  0.272358331719240E-01  0.848507397852423E+00
 0.446439145488686E-01  0.866992069501410E+00  0.496318116045965E+00  0.288093780740401E+00 -0.706932506246665E-01 -0.954989234397341E+00
-0.705887834246257E+00  0.559853777953233E+00 -0.433919477293450E+00 -0.379432865536007E-01 -0.283853012610493E+00 -0.958116785281136E+00
 0.101722561870734E+00  0.199061733198004E+00  0.974693257790707E+00 -0.603935763764100E+00  0.611392892274433E+00  0.511331912286899E+00
 0.879849812884989E-01 -0.229088280498685E+00  0.969421065794332E+00 -0.911361012521190E+00 -0.275955396631333E+00  0.305400923257275E+00
-0.605089774118194E-01  0.183753133691119E+00  0.981108276140442E+00  0.492415724125526E+00 -0.415531370342544E+00 -0.764761685033437E+00
-0.626628241778282E+00  0.595710520483883E+00 -0.502459970933685E+00  0.423354147824796E+00 -0.899384945423984E+00 -0.108986170977044E+00
-0.312893642885960E+00  0.264159839049826E+00  0.912314171584944E+00 -0.638960895685569E+00 -0.250217106205188E+00 -0.727406608127117E+00
 0.195959489534616E+00 -0.405403981941632E+00  0.892887165260652E+00 -0.746554859433009E+00  0.705101703576834E-01 -0.661577023280805E+00
 0.877189702962989E-01  0.456701894916604E-01  0.995097792200321E+00 -0.168608213118480E+00 -0.131959011669805E+00 -0.976810160526661E+00
 0.278346144864238E+00  0.133727696487792E+00  0.951125820715265E+00 -0.772551151112629E+00 -0.513377079718884E-01 -0.632873730419224E+00
-0.107441284550428E+00  0.152497721070186E+00  0.982446342271451E+00  0.106390232781907E+00 -0.187486431891720E+00  0.976488584789972E+00
-0.869763794316315E+00 -0.388100345191303E+00  0.304777072889150E+00 -0.862638698014691E+00 -0.434275447962050E+00  0.259344003178944E+00
 0.496626197029646E-01  0.596651693991724E-01  0.996982292603438E+00  0.347752548839432E+00 -0.269688871160699E+00 -0.897962180466275E+00
-0.310226074653595E+00 -0.762569413497197E+00 -0.567668628870368E+00  0.495347933562737E+00  0.297872146729303E+00 -0.816028558886270E+00
 0.537469068486001E+00 -0.197048977689365E+00  0.819938229876108E+00  0.785975144275843E-01 -0.308639285709087E-01  0.996428546680080E+00
-0.221656999787426E+00  0.347196505121429E+00  0.911220478960335E+00 -0.958441169824611E+00 -0.152800297166348E+00 -0.240920304605292E+00
-0.702189245954767E-01  0.774604924679351E-01  0.994519569810107E+00 -0.376593253389809E+00 -0.366133671291175E+00  0.850954555924184E+00
 0.184341314005729E+00  0.979727640812546E+00  0.784348760343525E-01 -0.287957405180419E+00 -0.232382858802504E+00  0.929020311799767E+00
 0.124377173811214E+00 -0.524590373856433E+00  0.842220433314167E+00 -0.682765554897673E+00  0.710069600158015E-02  0.730603022962241E+00
-0.165775823269113E+00 -0.222047387582987E+00  0.960839910748413E+00 -0.497498613498050E-01 -0.568989868876140E-01  0.997139637456479E+00
 0.653105531534328E-01  0.632519660166351E-01  0.995858283312351E+00 -0.195896699654144E+00 -0.261209474071008E+00  0.945195267508339E+00
 0.411728463027629E+00  0.711635492336813E+00 -0.569257936949015E+00  0.103673237140520E+00  0.694424315994461E+00 -0.712058094017918E+00
-0.118764210437999E+00  0.990016099102498E+00  0.759156494861940E-01 -0.927272299023236E-01  0.321879861292458E+00 -0.942228749152237E+00
-0.224132785786613E+00  0.508586479260960E+00  0.831326823486692E+00  0.924206142653137E+00  0.257310376193058E+00 -0.282195634596987E+00
 0.742003933315355E+00  0.108602577110346E-01  0.670307554594898E+00 -0.838276426389097E+00 -0.544060661119316E+00 -0.359253390065830E-01
-0.316338158356243E+00  0.310405152496130E+00  0.896425574641663E+00 -0.592206347434795E+00  0.401044990362341E+00  0.698895240907540E+00
-0.109902712678924E+00  0.744893803612022E+00  0.658068852846135E+00  0.199234158603680E+00  0.217911383417060E+00  0.955416338055168E+00
-0.293359227116827E+00  0.117253814180291E+00  0.948784436489971E+00 -0.877176286466580E+00 -0.249229256223410E+00 -0.410422392545809E+00
 0.175251456617405E+00 -0.202229834010182E+00  0.963529979393320E+00  0.757536565264297E+00 -0.622540190454586E+00  0.196423174692651E+00
 0.668276628893182E+00  0.741806205764729E+00 -0.559455124572237E-01  0.401564024539253E+00 -0.155021481337457E+00 -0.902615463262058E+00
 0.190291565944226E-01  0.490810387449738E+00 -0.871058582858089E+00  0.453326840494165E-01  0.940049404563781E+00 -0.338011929872537E+00
-0.255557004055747E+00 -0.356457931886790E-01  0.966136633766674E+00  0.191539837060782E+00 -0.767327494479902E+00  0.611981214608688E+00
-0.483368469463915E+00  0.175894627281125E+00  0.857563993426582E+00 -0.970574517765482E+00 -0.241419366802322E-01  0.239587713286031E+00
 0.543446669549847E-01 -0.149534390886632E-01  0.998410262283483E+00  0.560704983608762E-01  0.121036986850391E+00  0.991063139778562E+00
-0.306401245397811E+00 -0.469680549296257E+00  0.827960420812153E+00 -0.586468671667810E+00 -0.556375309597031E+00  0.588643365734298E+00
 0.288289529124988E+00 -0.461477882461059E-01  0.956430619039816E+00  0.253595908514894E+00 -0.181462676906976E+00  0.950137049100949E+00
-0.392506261405884E+00  0.409909575120871E+00  0.823354707875896E+00  0.537366215862042E+00  0.780963274984060E-01  0.839725260833191E+00
 0.395717822482744E-01  0.254605429388856E+00  0.966235038370795E+00 -0.174312861537794E+00  0.302663118585124E-02 -0.984685668528882E+00
 0.787585170139250E-02 -0.142264005615317E+00  0.989797415467561E+00 -0.582101134513432E+00 -0.177399416203878E-01  0.812922852224909E+00
 0.147832000256087E+00  0.806474928006985E-01  0.985718865399890E+00 -0.414137647265343E+00 -0.790621343772666E+00 -0.451007649479065E+00
-0.379718312917637E-01 -0.111077729845077E+00  0.993086037541972E+00 -0.121765518397761E+00 -0.163134462018814E-01  0.992424823350536E+00
 0.671295054417127E+00 -0.279579481406079E+00 -0.686438827202988E+00  0.850652652373368E-01 -0.768382188161897E+00 -0.634312788429839E+00
-0.932935868439711E+00 -0.351578084374755E+00  0.776113133893462E-01  0.100851406949413E+00 -0.932756156798343E+00 -0.346114064538134E+00
-0.145465772870874E+00 -0.170290671716886E+00  0.974597761155489E+00  0.675648062061330E+00 -0.931789736415689E-02  0.737165431244222E+00
 0.161206768129003E+00 -0.156866143842591E+00  0.974374358665784E+00 -0.329506042459407E+00 -0.429438770788056E+00 -0.840837743043676E+00
-0.112374621433391E+00 -0.241526698991356E+00  0.963865549821157E+00  0.322795903010509E+00  0.468549555275168E+00 -0.822352794882508E+00
-0.212644536036057E+00 -0.494595851648023E-01  0.975877067426700E+00 -0.982681806199334E+00  0.172917181696510E+00  0.666041743357816E-01
 0.922274283564953E+00 -0.170433686768756E+00  0.346932996829592E+00 -0.784318459217629E+00  0.991514929458008E-01  0.612383487675087E+00
-0.622475944228139E+00 -0.460958693862484E+00  0.632487771747312E+00  0.620618428315614E+00 -0.782761869534969E+00  0.460067607768401E-01
 0.156031294944957E+00 -0.257759878176738E+00 -0.953527178532481E+00 -0.152038474813330E+00 -0.569159207488947E+00  0.808048326962559E+00
 0.224400491487689E+00 -0.225478278055812E-01  0.974236118649547E+00 -0.431998055438540E+00 -0.379819688717115E-01 -0.901074386573023E+00
-0.116786007482439E+00  0.150920215754448E+00  0.981623205172404E+00  0.223120478280129E+00 -0.502839518921806E+00 -0.835086624478283E+00
 0.428500112211832E+00  0.199133411819225E+00  0.881324876610029E+00 -0.205623974519485E+00 -0.933287557669312E-01 -0.974170685480633E+00
-0.275540334898152E+00 -0.413336795265188E+00  0.867888366971305E+00 -0.299037473877848E+00 -0.715387790132047E+00  0.631503680865553E+00
 0.184527986213543E+00  0.161332641645725E+00  0.969495333172670E+00  0.152761550717654E+00  0.158190244525144E+00  0.975520248462026E+00
 0.148103354980755E+00  0.384677619054457E+00 -0.911091941376960E+00 -0.265213111170803E+00 -0.314651549686638E+00  0.911403537376776E+00
-0.163295056371499E+00 -0.750860552813161E+00  0.639955588141664E+00  0.719501337546002E+00 -0.227288643199944E+00  0.656245150794917E+00
 0.338727262007332E+00 -0.143324422003323E+00  0.929904270358207E+00 -0.100963282028491E+00  0.433221947836047E+00 -0.895614403409847E+00
-0.618869817296705E+00  0.279520588409461E+00  0.734076555881178E+00  0.120357769469966E+00 -0.508836852339179E+00  0.852407804416273E+00
-0.490785665575668E-01  0.112565506510496E+00  0.992431509500121E+00  0.133373837424884E+00  0.130247747605736E+00  0.982469818230664E+00
-0.153656971792600E+00 -0.988067130565288E+00  0.106245242719830E-01 -0.572570466217759E+00  0.241788026324179E+00  0.783391097435653E+00
 0.114742722462362E+00  0.222786201437543E+00  0.968091119725285E+00  0.760015878318764E+00  0.449024257792524E+00  0.469843676787536E+00
 0.105062905450825E+00  0.280021047256748E+00  0.954227435673207E+00  0.170400327402377E+00  0.571833901854717E+00  0.802477237752432E+00
 0.308120676909755E+00 -0.407769802062636E+00  0.859526286384816E+00  0.589512160003708E+00  0.117565776829717E+00 -0.799158120353030E+00
 0.454523736201735E-01  0.179061337712990E+00  0.982787423133165E+00  0.742228967778066E+00  0.444521239847380E+00 -0.501494792311600E+00
-0.284038190245249E+00  0.953313454752171E+00  0.102546396673329E+00 -0.431455004384713E+00 -0.369251720233707E-01  0.901378450409389E+00
-0.449492264890929E+00  0.270282089083607E+00  0.851413117190371E+00 -0.849944391407783E+00  0.122032874096511E+00  0.512545128895201E+00
 0.410296927165258E+00  0.732419950438689E+00  0.543339164572309E+00 -0.416705281223072E+00  0.908759889501173E+00  0.226312137238905E-01
 0.702402137477363E+00  0.191244726546788E+00  0.685606805563711E+00 -0.458803031479370E+00  0.881833898128709E+00 -0.108943813116970E+00
-0.902070357557350E-01  0.839098588220196E-01  0.992381895387372E+00 -0.450233340268525E-01 -0.242865672691788E+00 -0.969014532616034E+00
-0.434671649462906E-01 -0.865692123942761E+00  0.498686025586243E+00  0.448684370263830E+00  0.231729817968650E+00 -0.863124340605203E+00
-0.619446250646303E+00  0.269920806743127E+00 -0.737176437935572E+00  0.404686173696984E-01  0.294545861850859E+00 -0.954780093149580E+00
 0.691183122557047E+00  0.631621413513572E-01  0.719914185852870E+00  0.409506439447553E+00 -0.870155620042494E+00  0.274105222422796E+00
-0.207670773568652E+00  0.261037827491427E+00  0.942725889335789E+00  0.478868248996937E+00  0.404533589333303E+00  0.779126289637131E+00
 0.899089652774805E-01 -0.108705267383592E-01  0.995890661474021E+00 -0.279202198618575E+00  0.508915616868765E+00 -0.814279452763999E+00
 0.484269175106496E+00 -0.513328714998559E+00  0.708503349603657E+00  0.380157811698939E+00 -0.649791467871025E+00  0.658218114674986E+00
 0.460273153592511E-01  0.270042752145893E+00  0.961747575122647E+00  0.219921617365831E+00 -0.525332030696705E+00 -0.821985851301148E+00
-0.210462928683451E+00  0.932871559782694E-01  0.973140720646028E+00  0.637939210101519E+00  0.714044642708584E+00  0.288398703939910E+00
-0.777940879056256E+00 -0.391378693381096E+00  0.491559464419602E+00  0.483474058950440E+00 -0.411141395001841E+00 -0.772797248725645E+00
-0.190847731661258E+00 -0.134321614924487E+00  0.972386161503664E+00  0.355017987830984E+00 -0.321008344727512E+00 -0.878018149545749E+00
 0.131490342948203E+00 -0.501955115221536E+00  0.854839956959371E+00  0.621908588324609E-01  0.883622973851240E+00 -0.464050360585973E+00
 0.240158017267756E+00 -0.224515011351302E-01  0.970474140221572E+00 -0.408522069510319E+00 -0.141921352529700E+00 -0.901647408036616E+00
-0.385410625601059E+00  0.136837811712178E+00  0.912542636242068E+00  0.545708677713126E+00 -0.365140536288703E+00 -0.754237646784745E+00
-0.401159981115894E+00 -0.860199702885325E-01  0.911960105631083E+00 -0.205924157467430E-01 -0.134092813030239E+00  0.990754798074352E+00
-0.131983633597703E+00 -0.167552143136954E+00  0.976988536162304E+00  0.441812474578929E-01 -0.357409157006713E+00  0.932902305635920E+00
 0.495216656648251E+00  0.105301228391263E+00  0.862364258464727E+00  0.244306397164278E+00  0.190131222675843E+00  0.950875650370962E+00
-0.347153250170764E+00  0.754253862938141E+00  0.557302190143523E+00  0.623998068644932E-01  0.945394551782578E+00  0.319899055270710E+00
-0.325755751680968E+00  0.393215930957949E+00  0.859804874310236E+00  0.344836265314651E+00  0.938661182357090E+00  0.177055353884539E-02
-0.754600461982236E+00  0.527254238736948E+00  0.390616321356543E+00  0.333454393944043E-02 -0.605851470259929E+00 -0.795570786794361E+00
-0.450922881790431E+00 -0.412462370545408E+00  0.791544911904483E+00  0.223827602070641E+00  0.794186288896826E+00  0.564950743941092E+00
-0.441830420342428E+00  0.809376269831785E-01  0.893439970114593E+00  0.855936420709361E-02 -0.325586109294982E-01 -0.999433176424873E+00
-0.419735950925016E+00 -0.676860898569136E-01  0.905118956127290E+00 -0.893137607071222E+00  0.332860739627723E+00  0.302504450958289E+00
-0.243706952880512E+00 -0.938514967706922E+00  0.244533385262158E+00  0.332537300272322E+00 -0.687162533154876E+00 -0.645930798890848E+00
-0.561235466865600E+00 -0.322751446953374E+00  0.762132701189009E+00  0.965182633625905E+00 -0.135443096329455E+00 -0.223780364204845E+00
-0.158389832072586E+00 -0.114291665682953E+00  0.980739555769744E+00  0.116692931487262E+00  0.664672966357991E+00 -0.737965180434537E+00
-0.578218502432244E+00  0.178121563606819E+00  0.796201024882081E+00  0.907060992377244E+00 -0.416623826169587E+00 -0.605387774523226E-01
-0.247662719000963E+00 -0.834391135328155E+00  0.492396802287384E+00  0.130446887275579E+00 -0.767110584630302E+00  0.628112219709400E+00
-0.447228301331101E+00 -0.886836351920374E+00  0.116224487097431E+00 -0.268851159290707E+00 -0.730588874394423E+00 -0.627661493768044E+00
-0.287123467024627E+00 -0.140969822151895E+00  0.947463785020948E+00 -0.569220790426869E+00 -0.398343327961983E+00  0.719242855240136E+00
 0.261903746900712E+00  0.271828505940762E-02  0.965090171064706E+00 -0.522770841158332E+00 -0.366401697895101E+00 -0.769714520724533E+00
 0.760680025160488E+00 -0.553452953743519E+00 -0.339198654647115E+00 -0.491121119595493E+00  0.408640942219486E+00  0.769293589099272E+00
-0.348455189643399E+00 -0.220940967632860E+00  0.910913865100339E+00 -0.523322540200510E+00 -0.445542205316175E+00  0.726378456591386E+00
 0.250962487717809E+00  0.111963250558487E+00  0.961499901343139E+00  0.591420064281014E+00 -0.296907757333569E+00  0.749712005506776E+00
 0.233251962632140E+00 -0.284048487608310E+00  0.930005364831670E+00  0.509072374799405E+00 -0.465504529234176E+00  0.723982631337633E+00
-0.930178430979151E+00  0.212872319211193E+00  0.299087716656523E+00  0.513456920098856E+00 -0.689284581232080E+00  0.511124991834984E+00
 0.661280539819367E+00  0.451924682811930E+00  0.598725420139769E+00  0.629010856450224E+00 -0.460319032412293E+00  0.626459680160476E+00
 0.485532841262265E+00  0.899354071393481E-01  0.869580061063081E+00  0.440669586267543E+00 -0.741282489802643E+00 -0.506271257381641E+00
-0.898408386718409E+00  0.439158716228224E+00 -0.141160717097629E-02 -0.360390138249807E+00  0.853212482894942E+00  0.377024412053827E+00
-0.871224125755450E+00  0.357840286715313E+00 -0.336034004090588E+00 -0.476484319461200E+00 -0.493856611284057E+00  0.727370841317292E+00
 0.473423420498920E+00  0.153125740993619E+00  0.867423064235819E+00 -0.485724247744726E+00  0.137310270896103E+00 -0.863260009880719E+00
 0.286968907075678E+00  0.840368120587431E+00  0.459815471979946E+00  0.595246329666799E+00  0.595807621669845E+00 -0.539161464663719E+00
 0.554791054267902E-01 -0.165040819511831E+00  0.984725137668327E+00 -0.216015021325479E+00 -0.113776774470509E+00  0.969738292609320E+00
-0.272032216152218E+00  0.153750824043420E+00  0.949925869466288E+00  0.671377071145223E-02 -0.467885055385853E+00 -0.883763826047102E+00
-0.190857642201391E+00  0.185956973839633E+00  0.963843018490943E+00 -0.350073240269526E+00 -0.962017194736848E-01 -0.931769260931858E+00
-0.263199469555560E+00  0.392336602714653E+00  0.881361463530143E+00  0.392930103155040E+00 -0.733570338550794E+00  0.554509235660727E+00
 0.272360181947869E+00 -0.281337617877777E+00 -0.920146225366480E+00  0.507991675926647E+00 -0.498111919959134E+00  0.702729658107484E+00
 0.177739805960827E+00  0.425914398964157E+00  0.887133296710257E+00 -0.119421696735560E+00 -0.686586570010844E+00 -0.717173159166979E+00
 0.370393640448592E+00  0.681347116492681E+00  0.631327694594771E+00  0.172042385118216E+00  0.888154564773732E+00  0.426125435516842E+00
-0.292926210266466E+00 -0.211112026395718E+00  0.932537370645284E+00 -0.996620899838659E+00  0.610781566687675E-01  0.549203130246597E-01
 0.463331493361663E+00 -0.134555052089949E+00  0.875910306604690E+00  0.762821775827709E+00 -0.121700429591562E+00  0.635052709434650E+00
-0.590466836461670E+00  0.765332282768381E+00 -0.256155054588986E+00  0.980903805779170E+00 -0.173293987530976E+00  0.883001568150052E-01
-0.535819349289301E+00 -0.406704582209234E+00  0.739925001427308E+00 -0.645140866722550E+00  0.472109331233179E+00 -0.600754560071780E+00
-0.297422915325665E+00  0.894054344209503E-01  0.950550512984546E+00 -0.334188456597446E+00  0.118314557968865E+00  0.935050662183418E+00
-0.267897581153542E+00 -0.676824543726938E+00 -0.685667137188959E+00  0.940778925680738E+00 -0.200601403370794E+00 -0.273302195308901E+00
-0.219442872019663E+00  0.237337511415516E+00  0.946316929783490E+00 -0.457462973009369E-01  0.215208291399068E-01  0.998721247494207E+00
-0.908481675258371E-01 -0.526090112394671E+00  0.845562418806418E+00  0.955632361900736E-01  0.102819610540135E+00 -0.990098881717001E+00
-0.279522826777594E-01  0.226958207555758E+00  0.973503282950900E+00  0.276710653817128E+00  0.737251496303910E+00 -0.616353344488162E+00
 0.710470834960459E+00 -0.461171423111441E+00  0.531556310446933E+00  0.803314179828515E+00  0.369170320625262E+00  0.467332432916742E+00
 0.704558094137498E-01  0.380984321380605E+00  0.921893120585035E+00 -0.256245679224066E+00 -0.452306553139147E+00 -0.854258118993540E+00
-0.708658370120514E+00 -0.102207689310974E+00 -0.698109520565253E+00 -0.123296174577482E+00  0.314628351393117E+00  0.941173232637971E+00
-0.380823570352085E-01 -0.304348589604278E+00  0.951799175293050E+00  0.251795203943884E+00 -0.497946838856209E+00  0.829848251756890E+00
-0.634751611289224E+00  0.119504232675450E+00  0.763419367280124E+00  0.404960223320122E+00  0.912974704335560E+00 -0.498438238090982E-01
-0.272893319872801E+00 -0.356471469187010E-01  0.961383647086509E+00  0.303687625409174E+00 -0.152688543043085E+00 -0.940457354161643E+00
 0.646928221602558E+00  0.709566234941350E+00 -0.279284146211898E+00 -0.410221552248385E+00 -0.798140331620074E+00 -0.441237225438112E+00
 0.134869174686468E+00 -0.441988464727620E+00  0.886823828484053E+00  0.436779139652578E+00 -0.692350658996150E+00  0.574347062456099E+00
-0.599457359764169E-01  0.711347605903102E-01  0.995663775867137E+00 -0.923286689301134E-01  0.493022322717469E+00  0.865103696787770E+00
-0.426814056831604E+00  0.330039474982194E+00  0.841964195108335E+00 -0.991689207403557E+00 -0.750405710782296E-01 -0.104505639137600E+00
 0.881711926527286E+00 -0.463364516959246E+00  0.887547353253088E-01  0.386135143785974E+00 -0.920071943951488E+00 -0.660853136991550E-01
-0.181809341149287E+00  0.682171285239567E-01  0.980964722529209E+00 -0.927505805872874E-01 -0.967137430964289E+00 -0.236733012967173E+00
 0.984316654488041E+00 -0.974643615584338E-01  0.147042245370092E+00 -0.258255985410599E+00  0.735019085702189E-01  0.963276344273094E+00
 0.985225694528090E+00 -0.690903571942644E-01  0.156706264662303E+00  0.569010713350672E-01  0.576165619508556E+00  0.815349892363544E+00
-0.417940036073151E-01 -0.335932119107856E+00  0.940958486126873E+00 -0.319568453597590E+00 -0.671830352934908E+00  0.668221505446063E+00
 0.557757804696035E-01 -0.258703234787670E+00  0.964345217556142E+00  0.586212131410879E+00 -0.568735994058549E+00  0.576970281772768E+00
 0.939810152928317E+00  0.341546718105449E+00 -0.101348805740130E-01 -0.105788256931555E+00 -0.326714440382670E+00  0.939183964482370E+00
-0.741568326756271E-01  0.297373079770405E+00  0.951877101098342E+00 -0.275195749659403E+00  0.823026983505614E+00  0.496884175428288E+00
-0.333562309564162E+00 -0.142421587744375E+00  0.931907869364023E+00 -0.292752861525689E+00 -0.269649967570249E+00  0.917379232955425E+00
-0.821054257307094E+00 -0.352121959969931E+00 -0.449310618464365E+00  0.360561645073659E-01  0.408310351398050E-02 -0.999341423772032E+00
 0.159942063077917E+00 -0.218396126936820E+00  0.962663839664385E+00 -0.217774116712922E+00 -0.791376710517633E+00  0.571224418368295E+00
-0.971281756612037E-01 -0.255903496018406E-01  0.994942838307801E+00  0.251822885660638E+00  0.629341469762822E+00 -0.735196945514819E+00
-0.975269393925962E+00  0.157654698054809E+00 -0.154901922042739E+00  0.348906611677466E+00  0.134452946300734E+00 -0.927462442128414E+00
-0.221878738344925E+00 -0.675762562769682E-01  0.972729805782702E+00 -0.714267259431977E+00 -0.422717175365063E+00  0.557792498833496E+00
-0.135193388922639E-01 -0.141430124403415E+00  0.989855922539816E+00  0.972937499103619E+00 -0.229258741194607E+00  0.288626475545781E-01
-0.162119474962442E-01 -0.567084103126038E+00  0.823500329532488E+00  0.743678940775870E-01  0.125561299792894E+00  0.989294585209473E+00
 0.829409121235358E-01  0.310020355618492E+00  0.947105160052620E+00 -0.606954181204414E+00 -0.344129652159691E+00 -0.716366808571509E+00
 0.161726615205118E+00 -0.120168399136137E+00  0.979491734412983E+00 -0.265427096165151E+00 -0.556475172571872E+00  0.787327021594230E+00
-0.179159888587701E+00 -0.916831044564955E-02  0.983777249383627E+00 -0.970481489030784E+00 -0.184695687856974E+00  0.155090884115193E+00
-0.158119544598179E-01  0.349683856895325E+00  0.936734317895405E+00 -0.175923874969163E+00  0.171639039339009E+00  0.969324935401239E+00
 0.105130102764744E+00 -0.180525219254936E+00  0.977935737513274E+00 -0.732239980564777E-01  0.406877032350623E+00 -0.910543423815786E+00
-0.657959320355902E+00  0.544522966360960E+00  0.520177154306358E+00 -0.829181097898381E+00  0.383372653566143E+00 -0.406797388617097E+00
-0.693260663323626E-01  0.380752002014961E-01  0.996867180549393E+00  0.228050947462033E+00  0.848475195939283E+00 -0.477579948529525E+00
 0.220696976724301E+00 -0.740178067212325E-01  0.972529798388168E+00  0.975521480194227E+00 -0.143399113123622E+00 -0.166716933858033E+00
-0.726641274103298E+00 -0.629592716347346E+00 -0.274964489147062E+00  0.101071659359079E+00  0.184658575803619E+00 -0.977591801344805E+00
-0.378165077598106E+00 -0.499810607469568E-01  0.924387942182192E+00  0.353985092126381E+00 -0.174393352459143E+00  0.918847927118704E+00
 0.213009126983476E+00  0.912634632924487E-01  0.972778542161372E+00  0.951480065490863E-01 -0.987475051526464E+00  0.125856582913020E+00
-0.341789874273985E-01  0.623408115238196E+00  0.781149229452092E+00 -0.109427431213804E+00 -0.796939622466740E+00 -0.594064706442419E+00
 0.157342432186254E+00  0.568733744131576E-01  0.985905055427030E+00  0.462617410122835E+00 -0.540418005515091E+00 -0.702804034682736E+00
 0.435824396974358E+00  0.559657479302810E-01  0.898290003317715E+00 -0.625480852547607E+00 -0.292462766695100E+00 -0.723352772299496E+00
-0.812211226708948E+00 -0.445007457564860E+00 -0.377201916643600E+00 -0.605917093098530E+00 -0.110300531426456E+00  0.787844063922594E+00
-0.316209827831431E+00  0.459789259928722E-01  0.947574420901788E+00  0.819904697542351E+00  0.312588926671892E+00 -0.479629492285557E+00
 0.649301973447989E+00  0.657703551958898E+00  0.381880851859838E+00 -0.121159128617402E+00  0.312754651709333E+00  0.942074834281675E+00
-0.497424724979042E+00 -0.335207389384141E+00  0.800127895452842E+00 -0.852913944969407E+00 -0.440189139654656E+00  0.280662294950385E+00
-0.251980437426642E+00 -0.293035891893905E+00  0.922299205906750E+00 -0.998106742686170E+00 -0.332924329520962E-01  0.517159947456696E-01
-0.902980465855873E-01 -0.294555956724495E+00  0.951358529231196E+00  0.142672908169775E+00 -0.294455818592746E+00  0.944955137650066E+00
 0.171090978715773E-01  0.884198381817655E-01  0.995936348862683E+00 -0.410124903711717E+00 -0.578484258264337E-02 -0.912011019095575E+00
-0.164317446688523E-01  0.147380881546516E+00  0.988943311581463E+00 -0.120671433744431E-01 -0.796760661855561E+00 -0.604174504402717E+00
-0.340625748776538E+00 -0.785727246603416E-01  0.936910041684832E+00 -0.964170025712104E+00  0.212148438956539E+00 -0.159277121290612E+00
 0.345677532724460E+00 -0.304782807122376E+00 -0.887476469463914E+00  0.735198812597539E+00 -0.498606109721376E+00  0.459210902858026E+00
-0.173430933230942E-01  0.316945343384842E+00  0.948285224191884E+00 -0.178467888789049E+00  0.629520689123357E-01 -0.981929859863135E+00
 0.299714260271594E+00  0.141778953184759E+00  0.943435260430563E+00  0.714455730343424E+00 -0.133239527900695E+00  0.686877163388218E+00
 0.131042865843845E+00 -0.825112195441386E-01  0.987937075911604E+00  0.511557152825508E-02 -0.942788251199535E+00  0.333352882585499E+00
-0.355329038458162E-01 -0.431712422726797E+00  0.901311154267849E+00 -0.501102418015338E+00  0.563819448693283E+00 -0.656508945814437E+00
-0.495676522312524E+00  0.941269889105784E-02  0.868456208641373E+00  0.459341011664464E+00  0.121695774493973E-01 -0.888176635803808E+00
-0.264491715726643E+00 -0.215655322689995E-02  0.964385546132954E+00  0.811180784189866E+00 -0.544913641300230E+00  0.212261298606315E+00
 0.611482522519532E+00  0.266731175846676E+00  0.744945370134347E+00  0.582093401924072E+00  0.236611872310304E+00  0.777934504517105E+00
 0.634856438397267E+00 -0.733711144744224E+00  0.242126534489008E+00  0.184748280080092E+00  0.619705960419277E+00 -0.762779519670179E+00
 0.504255170092830E-01  0.555480891226378E-01  0.997181867579415E+00 -0.325980657965214E+00  0.273464763414875E+00 -0.904960570302935E+00
-0.283332855622155E+00 -0.432725228100891E+00  0.855845412378910E+00 -0.206936206897882E+00  0.365259425634719E+00  0.907613881702848E+00
-0.153724856635438E+00  0.987239404412146E+00  0.415575122975895E-01  0.215242112101016E+00 -0.722665113940106E+00  0.656830241593844E+00
-0.667664752048427E+00  0.687960286413110E+00  0.284489759377214E+00 -0.766361858781009E-01 -0.978624113786001E+00 -0.190844803258095E+00
-0.178320270584946E+00  0.215766127464704E+00  0.960024405594669E+00 -0.734241160063073E+00  0.673190102103670E+00  0.877781595779012E-01
 0.595819376393837E+00  0.551404537319401E+00  0.583911214943879E+00  0.534526110029648E+00 -0.781424275104778E+00 -0.321959531577410E+00
-0.301091872400894E+00  0.168833892918271E+00  0.938530127900104E+00  0.152321550824998E-01  0.248646072151524E+00 -0.968474631704497E+00
 0.213066677490652E+00  0.102555411199400E+00  0.971640354543190E+00  0.631871010561202E-01 -0.484611987721189E+00  0.872444044977695E+00
 0.237020512977598E+00 -0.198104433496202E+00  0.951091956572541E+00  0.677697026151114E+00  0.204963236120771E+00 -0.706198847765158E+00
-0.154871269575413E+00  0.207609184239054E+00  0.965874379243851E+00  0.704441523349467E+00 -0.206042717908533E-01 -0.709462898371050E+00
-0.864804002066193E-01 -0.727710968444097E+00  0.680410087216715E+00 -0.943392570231607E+00  0.284485781889674E+00  0.170523600520349E+00
 0.127974841252427E+00  0.755970478990161E+00  0.641974356888032E+00 -0.252739498225949E+00  0.935291591225653E+00  0.247694136828230E+00
-0.293114855780651E+00  0.973787406018936E-01  0.951105179356877E+00 -0.360497337081127E+00  0.529791533412160E-01  0.931254465368443E+00
-0.750586712304231E+00  0.144260635864682E+00  0.644832114780462E+00  0.361549808707536E+00 -0.192387864413248E+00 -0.912287589222858E+00
 0.229985880421234E+00  0.526152227985984E+00  0.818700389515147E+00  0.901881821477506E+00  0.372419843208282E-01  0.430374505160638E+00
 0.264721661139581E-01 -0.535785959015892E+00 -0.843938759948052E+00 -0.265446776238090E+00  0.378406706592526E+00  0.886761734284133E+00
-0.861640588028088E+00  0.439508701612738E-01 -0.505612319939574E+00 -0.277064421260353E-02 -0.484817147789967E+00  0.874611146018302E+00
 0.462237794067031E+00  0.264316690458574E-01  0.886361996369144E+00 -0.905458120374999E+00 -0.145490561818387E+00 -0.398720564642388E+00
 0.497353364210697E-01  0.687554643175069E+00  0.724427366241424E+00  0.463993679801332E+00  0.589832931009457E+00  0.660913745205236E+00
 0.285700084338857E+00 -0.157515158437671E+00  0.945285373139310E+00 -0.865627413594691E+00 -0.383683700638624E+00 -0.321676854463630E+00
-0.227138357522781E+00 -0.245702295119324E+00  0.942357972701961E+00 -0.152682060728465E+00  0.136771623895421E-01  0.988180714019799E+00
-0.934018441470420E+00 -0.777413504506385E-01  0.348662922352347E+00  0.139104211481898E+00 -0.143997034674237E+00 -0.979752454629753E+00
-0.455844839932858E+00 -0.283319616477286E+00  0.843762689875388E+00 -0.477880060096997E-01  0.702478946423398E+00 -0.710098328623219E+00
 0.437679757668745E+00  0.459742651369316E+00  0.772705069375722E+00 -0.923225647365495E-02 -0.128032574568157E-01  0.999875413258521E+00
-0.885130581126682E+00  0.445870014416643E+00  0.133205797916025E+00 -0.296494488496113E+00  0.706490002140404E+00  0.642621891291512E+00
-0.103272695956018E+00  0.853033635496168E+00 -0.511535303749571E+00 -0.110968134776827E+00 -0.618874062484253E-01  0.991895166845768E+00
-0.588034802253220E-01 -0.252233356593180E+00  0.965878089892885E+00  0.238605885788284E-01  0.314694863539929E+00 -0.948892941892950E+00
 0.833384781971811E+00  0.475825967034043E+00 -0.281175130966296E+00 -0.286897683003848E+00  0.176781444941323E+00 -0.941508385629932E+00
 0.288632451230913E+00 -0.595837131536450E-02  0.957421435893151E+00  0.676322759076634E+00  0.280436729601606E+00 -0.681133442318996E+00
-0.348139435404842E+00  0.327713335562157E+00  0.878295453256319E+00  0.706434427867739E+00  0.454870250473589E+00  0.542257737941354E+00
 0.253361344895048E+00  0.104569795510753E+00  0.961703273769936E+00  0.807599397631634E-01  0.181131912112261E+00  0.980137267194757E+00
-0.181480085548437E-01 -0.215094527009835E+00  0.976424597312004E+00  0.104042572701827E+00  0.360234237688193E+00 -0.927041766622622E+00
-0.184292981561938E+00 -0.167078647713027E-01  0.982729334151472E+00 -0.799574421154503E-01 -0.143640783286222E-01  0.996694778106178E+00
-0.180955750986449E+00  0.195419647911282E+00  0.963880790033270E+00 -0.988065267592082E+00 -0.880554575589649E-01 -0.126385376417799E+00
-0.368446909157277E+00 -0.364238868809880E-01  0.928934968443394E+00 -0.718682712023437E+00  0.538759625167251E-01  0.693247820120290E+00
 0.116417737166381E+00  0.506377245826853E+00  0.854417342627050E+00 -0.119793331109889E+00 -0.649129641154502E+00 -0.751185906947291E+00
-0.245816921449928E+00  0.219739010446738E+00  0.944080933192048E+00  0.439209798534447E+00 -0.276684151471771E+00 -0.854716697623064E+00
 0.193925436158677E+00  0.122325170856404E+00  0.973359891194217E+00 -0.209581525210511E+00  0.843780768901828E+00  0.494074486612976E+00
 0.321815980067265E+00  0.425237173582252E+00  0.845936062109379E+00  0.489539952524656E-02 -0.468775269804773E-01  0.998888648713000E+00
 0.126838564049510E+00  0.265019229669042E-01  0.991569274810850E+00  0.295020715671368E+00 -0.915998981887658E+00 -0.271861439901887E+00
 0.114295078447848E+00  0.742500619519691E-01  0.990668240806542E+00 -0.563682915986630E+00  0.311775026454561E+00  0.764890778545583E+00
 0.472734535953290E+00  0.589966557386968E-01  0.879227759530304E+00  0.116979527553117E+00  0.833641797890883E+00 -0.539775085514981E+00
-0.446328458404377E+00 -0.101351104399395E+00  0.889111275856625E+00 -0.827004735398475E+00  0.543539705640087E+00 -0.143623661077086E+00
-0.909522164850897E-01  0.152487673101482E+00  0.984111377776187E+00 -0.313089342721598E+00  0.820369344742130E+00  0.478507263979896E+00
-0.204387780770958E+00  0.433809735519944E+00  0.877516238276899E+00 -0.801996424762330E+00 -0.336419480023937E+00 -0.493582483612277E+00
-0.116714482911963E+00  0.225456636048336E-01  0.992909574196568E+00  0.557515859798808E+00  0.591867593393470E+00 -0.582124400762773E+00
 0.474318017176527E+00 -0.749573403097611E+00 -0.461694847220969E+00  0.636007052755696E+00  0.523678900808646E+00  0.566793999344438E+00
 0.950406411979587E-01  0.609553622636246E+00 -0.787027100963944E+00 -0.316395588201304E+00  0.169702713128418E+00  0.933324606406370E+00
-0.222212429919273E+00  0.554436151365441E+00  0.802011340349032E+00  0.168607303940898E+00 -0.780622034850151E+00 -0.601831218668649E+00
 0.145459546460336E+00  0.988046291742773E+00 -0.510494438452500E-01 -0.449793110926780E+00 -0.327816529861926E+00  0.830796292789089E+00
 0.135626853485732E+00 -0.236850368756089E+00 -0.962032878561676E+00 -0.145876712324276E+00 -0.988443816083441E-01  0.984352463818690E+00
 0.114734926185814E+00  0.495267927172780E+00  0.861130406516408E+00  0.479468974230944E+00  0.835581091704042E+00  0.268167376719480E+00
 0.296725823533522E+00 -0.800509507873268E-01  0.951601613558110E+00 -0.634053741992932E+00 -0.196887697401784E+00 -0.747804176824778E+00
-0.304384240257043E-01 -0.906924971810112E+00  0.420191144421273E+00 -0.844160887187597E+00 -0.377900247014218E+00  0.380241764998590E+00
-0.731978049689785E+00  0.976538299707773E-01  0.674293603902912E+00  0.713353317201698E+00  0.250849863747511E+00 -0.654370988580017E+00
-0.468507750977924E-01  0.116173894473791E+00  0.992123294311513E+00 -0.161155565229279E+00  0.973971292070627E+00  0.159401399046260E+00
-0.180895904759825E+00 -0.612537377659113E+00  0.769463860497438E+00 -0.684240337152490E+00  0.728041035750207E+00  0.420881370128568E-01
 0.290319014729399E+00  0.236500991042069E+00  0.927244385759585E+00 -0.651899784962468E+00 -0.671425546394127E+00 -0.352440641832402E+00
 0.928698560822312E+00 -0.200551546649433E+00  0.311926369938622E+00  0.270321146979162E+00  0.495292251543108E+00  0.825598003302594E+00
-0.826226788208663E-01 -0.308594549874532E+00  0.947598489198985E+00 -0.445553628000814E-01  0.315761552530843E+00 -0.947791887277510E+00
-0.280190957368502E+00  0.278518131840844E+00  0.918651553988131E+00 -0.610050025452123E-01 -0.924964864341936E+00 -0.375124498529972E+00
 0.764120768068592E+00  0.626644250848615E+00  0.153089629579029E+00  0.614720277241678E+00  0.783049544408662E+00  0.946170795855689E-01
 0.350049714063945E+00  0.160348881768299E+00  0.922904888815422E+00 -0.773580756076407E+00 -0.601666630151773E+00  0.198922296362333E+00
 0.726258007953003E-02 -0.109033182033261E+00  0.994011579483001E+00 -0.236204592475231E-01 -0.685644783558007E-04 -0.999720995680219E+00
-0.710803615052636E+00 -0.279593521690936E+00  0.645434491994783E+00 -0.639998047392757E+00  0.127275650128233E+00  0.757762105292877E+00
 0.447984946617601E+00  0.840960171914464E+00  0.303472365887934E+00  0.655502021428328E+00  0.729680394125285E+00  0.194637155580697E+00
-0.180634920341464E-01  0.836084087614191E-01  0.996334955845631E+00  0.874552037681819E-02 -0.425994388978263E-01  0.999053954338267E+00
-0.692697213644990E+00  0.621941456140617E+00  0.365184056801712E+00 -0.710717975767493E+00  0.353144617066099E+00 -0.608415021476456E+00
 0.376198504300775E+00  0.704199334078203E+00  0.602144487017588E+00  0.154385269523234E+00  0.890224480268207E+00  0.428562204686134E+00
 0.872553706553781E-01  0.363939159024965E+00  0.927326689371116E+00 -0.180353566264177E+00  0.975821870067504E+00  0.123467684167769E+00
 0.163080940325918E+00  0.558799750609173E-01  0.985028951498181E+00  0.943897980451973E-02  0.439560153960982E+00 -0.898163557883556E+00
 0.804958659271369E+00  0.334425834010615E+00  0.490102967151132E+00 -0.881509633673134E+00 -0.438056754940123E+00 -0.176201717337787E+00
-0.181274907196068E+00 -0.278848628947858E+00 -0.943070967719268E+00  0.167220969233362E+00 -0.380095435624918E-01  0.985186490998951E+00
 0.618107593269057E+00 -0.732817877303222E+00 -0.284466099646222E+00  0.625117075226454E-02 -0.738666939945061E-01  0.997248531902929E+00
-0.566503387939469E+00  0.453549358002106E+00  0.688016635924584E+00 -0.819337642498768E+00 -0.304438492829919E+00  0.485801432344541E+00
-0.166748524087361E+00 -0.115737483914912E+00  0.979183212954415E+00  0.262352240223948E+00 -0.142514823718172E+00 -0.954390290745906E+00
-0.255003680174662E+00 -0.310406611028611E-01  0.966441721189476E+00 -0.113803635688421E+00  0.526714608941434E+00 -0.842389727639036E+00
 0.870410453013052E+00 -0.152943237666214E+00  0.467967957597301E+00 -0.616635557991308E+00 -0.366941386242291E-01 -0.786393113405360E+00
-0.237764281962980E-02 -0.166503799591476E+00  0.986037946296299E+00  0.272114934679549E+00  0.350711506881456E+00  0.896077508514349E+00
 0.189434250916271E+00 -0.310848504340668E+00  0.931390289797441E+00 -0.505234138856169E+00  0.185849962778975E+00 -0.842732612558289E+00
-0.175031138546586E+00 -0.781442312094024E-01  0.981456865923193E+00  0.930621432793686E+00 -0.973212426977978E-01 -0.352806355590121E+00
 0.786785869423793E+00 -0.484047325363557E+00  0.382970210960896E+00  0.237005789619489E+00 -0.104244479171743E+00  0.965899241250895E+00
-0.613093986752517E+00 -0.521074726631847E+00  0.593798697096457E+00  0.485404345337121E+00  0.727425622709042E+00 -0.485009881295427E+00
 0.295172933955318E+00  0.379116646091453E-01  0.954691387175339E+00 -0.441074155072679E+00  0.398189245018522E-01 -0.896586885348229E+00
 0.133159138681062E+00 -0.332445269500814E+00  0.933674882693247E+00 -0.768155154147124E-01  0.376398240823919E+00 -0.923267968087397E+00
 0.473702348072413E+00  0.900708561831763E-01  0.876066964505061E+00  0.201527093236725E+00 -0.228971168576741E+00  0.952343968664766E+00
 0.996047306384533E+00 -0.115075677417146E-01 -0.880757590304267E-01  0.152374880566645E+00 -0.209513036653662E+00  0.965860333197539E+00
-0.314319874059808E+00  0.203880871176643E+00  0.927165361270189E+00  0.744792792113071E+00 -0.367428564799120E+00 -0.557027779007542E+00
 0.845549990182229E+00  0.295575543715761E+00  0.444612541500985E+00  0.636038338511510E+00 -0.270244944810020E+00  0.722788282796662E+00
-0.297664592400118E+00 -0.151342243030774E+00  0.942598173086330E+00  0.535822791357375E+00  0.662231533103530E+00 -0.523777942285983E+00
-0.445392560088799E+00 -0.768894343487516E+00  0.458723180110234E+00 -0.856922213171446E+00 -0.492279166297644E+00 -0.152792483462531E+00
 0.818869193446487E+00 -0.568112901335946E+00  0.818594854610847E-01  0.307683824246974E-01 -0.180956658912781E+00 -0.983009661314725E+00
 0.504424702261360E+00 -0.771668861639412E+00  0.387405327434552E+00 -0.131353407828345E+00 -0.578996747685809E+00  0.804679469367236E+00
-0.153114115981506E+00  0.853596012080465E-01  0.984515010535038E+00  0.531916111921511E+00  0.969917530984303E-01 -0.841224018742449E+00
-0.292433926659766E+00 -0.183016446708457E+00  0.938609279078660E+00 -0.799392593601796E+00 -0.228989023785352E+00  0.555459726965354E+00
 0.203221681890894E-01 -0.833225986913020E-01  0.996315388833989E+00 -0.843858672177487E+00  0.256948503546949E+00 -0.471041407856923E+00
 0.485965056036059E-01 -0.694626191509147E-01  0.996400182749789E+00 -0.519075696588657E+00  0.833430409763337E+00  0.189615857176336E+00
 0.331836160409726E-01  0.202468826854699E-01  0.999244170044522E+00 -0.872184353702570E+00  0.219719184579203E+00  0.437055983924578E+00
 0.924565484926395E+00  0.196662731822447E+00  0.326347106613423E+00 -0.553262699379420E+00  0.713775850470074E+00  0.429446644836259E+00
 0.518378672811970E-01  0.327522791268834E-01  0.998118291450333E+00  0.169632953340391E+00  0.670782541721686E+00  0.721994073980120E+00
-0.179803866992365E+00 -0.152593950100305E+00  0.971795068832610E+00  0.815930299992734E-01  0.290962753605464E-01  0.996240926792149E+00
 0.559556487155426E+00  0.225582691853849E+00  0.797501715871666E+00 -0.930431479160710E+00  0.563218831960479E-01 -0.362112010378093E+00
-0.155709738156368E+00 -0.106011781792088E+00  0.982097744404569E+00  0.234999922496973E+00 -0.299325710346404E+00 -0.924758971598566E+00
-0.200116424882565E+00 -0.114862050197582E+00  0.973015994686947E+00  0.610714456676106E-02 -0.129022024532912E+00  0.991622922269685E+00
-0.575257161038732E-01 -0.539657183561941E+00  0.839917207953695E+00  0.866584552310046E+00  0.458663500579079E+00  0.196618938391350E+00
 0.859036687912036E+00  0.271099337470027E+00  0.434236246810916E+00 -0.665490060923587E+00  0.619699646276656E+00  0.416047265603931E+00
 0.532637743925851E-01 -0.139037910015264E-01  0.998483677850190E+00  0.194798314555002E-01 -0.281456634605340E-02 -0.999806288429288E+00
-0.173523939943708E+00  0.693237679316139E-01  0.982386714825774E+00 -0.515499337892040E+00  0.682541412796171E+00  0.518071088221564E+00
-0.132655654216786E+00 -0.354201849171333E+00  0.925712443174404E+00  0.236022675951645E+00 -0.770012336752337E+00  0.592768333909488E+00
-0.381086301919466E+00  0.199534696810934E-02  0.924537316218130E+00  0.604245738652039E+00  0.190332799841231E+00 -0.773731550749644E+00
 0.130639525792337E-02 -0.515141245819928E+00  0.857104305313258E+00 -0.402067743135691E-01 -0.778472548342351E+00  0.626389580673772E+00
 0.973713030933676E-01  0.340936651825972E+00  0.935029961432037E+00 -0.538193156349420E+00 -0.470630814104621E+00 -0.699181495231296E+00
-0.553940975946953E+00 -0.411009039983335E+00  0.724031051971471E+00  0.140582573802199E-01 -0.501349031379766E+00  0.865130923117421E+00
 0.167091321110491E+00  0.178167653795838E+00  0.969709635690209E+00 -0.127423117545840E+00  0.278300183263368E-01 -0.991457936170191E+00
 0.187169447805740E+00  0.103518901182721E+00  0.976857939982071E+00 -0.217513583653892E+00 -0.479195472976049E+00 -0.850329077243217E+00
 0.257434126568611E-01  0.839219942449337E-02  0.999633356633120E+00  0.245890977510195E+00  0.331587094612397E+00  0.910817010087970E+00
-0.233771920162237E+00  0.361674370249579E+00  0.902519993821872E+00  0.741702750291087E+00 -0.561395386686960E+00 -0.367031674405952E+00
-0.157123896393139E+00  0.248340156776172E+00  0.955844782229115E+00 -0.251558558808284E+00  0.248782144108904E+00  0.935321194169616E+00
-0.202674844704371E+00 -0.393986404659901E+00  0.896491840602704E+00 -0.122517374443371E+00 -0.542122511507616E+00  0.831319839457821E+00
 0.122405541679075E+00 -0.851295325065649E-01  0.988822454266420E+00 -0.481834306049498E+00  0.252360741589228E+00 -0.839136316469699E+00
 0.291060797863862E+00  0.230004314630634E+00  0.928645049089341E+00  0.170229883796928E+00 -0.950586470494921E+00  0.259628867375132E+00
-0.977677548953065E+00 -0.177863465513627E+00  0.111853466234219E+00  0.321218441879347E+00 -0.203296600313260E+00  0.924926594329342E+00
 0.506844336112283E-01  0.102927259056694E+00  0.993396732193430E+00 -0.399081903420783E+00 -0.405773154067443E+00 -0.822241924131946E+00
-0.235374699637425E+00 -0.267806468975613E+00  0.934279640121418E+00 -0.581712615896693E+00 -0.429672700936296E+00  0.690645931412569E+00
 0.726380895129909E+00  0.155531566932667E+00  0.669463013823573E+00  0.287096784556786E+00 -0.680606030347347E+00  0.674055537587208E+00
 0.636737056245794E+00 -0.648652425326194E+00  0.416912403655596E+00 -0.489229042884750E+00  0.365021711996454E+00  0.792094750247247E+00
-0.185596570866868E+00  0.901827938410796E-01  0.978478909623236E+00 -0.816552973952313E-01  0.650366823088020E+00  0.755218781436011E+00
 0.186921006214322E+00  0.220491284400971E+00  0.957310885208685E+00 -0.187616822274166E+00 -0.114770539042116E+00 -0.975514044679894E+00
-0.572793921728235E-01 -0.492969028128191E+00  0.868159322093968E+00 -0.169562138824698E+00 -0.941829880297522E+00  0.290181249662947E+00
-0.140940622346385E+00  0.433511406588158E+00  0.890058201091688E+00 -0.763267801794623E+00 -0.631866109912349E+00 -0.134786801608465E+00
 0.159199863727310E+00  0.788608735337663E+00  0.593929007490236E+00 -0.103237792581585E+00 -0.304313048838658E+00 -0.946961206433190E+00
 0.245531167022096E+00  0.585069503306498E+00  0.772921808672427E+00 -0.778351922708311E+00 -0.363120553493678E+00 -0.512163790253391E+00
 0.100161612471535E+00 -0.227252217045861E+00  0.968671296795173E+00  0.211590206927046E+00  0.127276315874920E+00 -0.969035770108553E+00
 0.202480393157337E+00 -0.145930176441812E+00  0.968352246855715E+00 -0.118959285091981E+00  0.127362533426827E+00 -0.984696640376875E+00
 0.550765308995761E-01 -0.196201322013621E+00  0.979015636741403E+00  0.243663274394286E+00 -0.724472660218507E-01  0.967150248078040E+00
-0.183181091979034E+00  0.158814619694752E+00  0.970166276528194E+00 -0.995853315860520E+00  0.736494864394540E-01  0.534034309460709E-01
 0.208525249066741E+00 -0.292523506505171E+00  0.933245529667071E+00  0.193545349042920E+00 -0.807469686282189E+00  0.557254792351935E+00
 0.853041891467773E+00 -0.311839164957362E+00 -0.418420681371965E+00  0.338472401352326E+00 -0.608461522990400E-01 -0.939007017691131E+00
 0.389874731219891E+00  0.460089834769182E+00  0.797693573935684E+00  0.650202145892143E+00  0.396944536217022E+00  0.647821120869570E+00
-0.385538341634919E-01 -0.174803344963210E+00 -0.983848256826716E+00  0.467521401819204E+00  0.804951341775284E+00  0.365345146697170E+00
 0.787170358924411E+00  0.240010260233230E+00 -0.568117858382916E+00 -0.788150134517081E+00  0.272001944971858E+00 -0.552118019441707E+00
-0.180206775497732E+00  0.140036268666295E+00  0.973609450202046E+00 -0.378565211477444E+00  0.244366347852914E+00  0.892733705365753E+00
-0.107648016711741E+00 -0.847137862074469E-01  0.990573308203097E+00  0.348288666567912E+00 -0.250501912981205E+00 -0.903296073462684E+00
 0.419060556580183E+00  0.157021195226020E-02 -0.907956928688323E+00  0.535891841725645E+00  0.851137888758258E-01  0.839985462323663E+00
-0.112093454348065E+00 -0.129631825642604E-01  0.993613110516424E+00  0.946251703913868E-01  0.540965510668822E-02 -0.995498273609768E+00
 0.695625665662917E+00  0.105611376257685E+00 -0.710599163013848E+00 -0.398463197165674E+00 -0.636560489826302E+00 -0.660316456933043E+00
-0.526937989902872E+00 -0.112227142638817E+00  0.842461526274196E+00 -0.149177599942063E+00  0.796258060310468E+00  0.586275656211425E+00
 0.818951324988370E+00 -0.569549935803158E+00 -0.702253367838983E-01 -0.226248387648627E+00  0.924807517680765E+00  0.305847547525785E+00
 0.649881204401680E+00  0.510007789991107E+00  0.563512621255112E+00 -0.178571927654851E+00 -0.685290726989504E-01 -0.981537484179108E+00
 0.195991419982425E+00  0.730740928963165E+00  0.653915176480347E+00  0.150234131962260E+00 -0.881830963137991E+00  0.446994248335109E+00
 0.375862603122921E-01  0.104063947739038E+00  0.993860134936855E+00  0.968797287576139E+00 -0.996306333022216E-01  0.226948347632043E+00
 0.179571663452023E+00  0.779156690366685E-02  0.983714038311063E+00  0.660121145138201E+00 -0.750619369218600E+00  0.284716753160095E-01
 0.586371060137867E+00 -0.461903353111414E+00  0.665442914318897E+00  0.571307198122103E+00  0.454200946305341E+00 -0.683600457686509E+00
 0.319208292346745E+00 -0.624334305966605E+00  0.712960546236797E+00  0.907402919296179E+00  0.396375130694476E+00  0.139666380420306E+00
-0.383401850707101E+00  0.559101397597728E+00  0.735124920050081E+00 -0.205662650416152E+00  0.302812511264756E+00  0.930595216646494E+00
-0.244613313784936E+00 -0.382021084808645E-01  0.968867857670368E+00  0.652207409957700E+00  0.757784315484216E+00  0.197085159864231E-01
 0.301195158318429E+00 -0.953282406888742E+00  0.231112380011206E-01 -0.707170237240338E+00  0.271535058578334E+00  0.652823841112060E+00
-0.243371344065707E+00  0.272398736737038E+00  0.930897049684721E+00 -0.778212148806289E+00 -0.625300801377820E+00 -0.581786837815557E-01
-0.235114671793299E+00  0.307633117292931E+00  0.921999433976053E+00 -0.336293595292391E+00 -0.674000328115498E+00 -0.657746285026011E+00
-0.904408299688510E+00  0.147425582008494E+00  0.400388967410435E+00  0.198008722468883E+00 -0.704939340737393E+00 -0.681067597017337E+00
-0.734698443413544E-01 -0.458488853960401E+00  0.885658033761641E+00 -0.924042459396723E+00  0.156958225869192E+00 -0.348582341153494E+00
 0.134307455257789E+00  0.153341169743160E+00  0.979003571558335E+00 -0.172977949737968E+00 -0.434502579286561E+00  0.883903918702578E+00
-0.357063827553862E+00  0.407281473436099E-02  0.934071108231448E+00  0.521677429111733E+00  0.465808280240470E+00 -0.714755416918815E+00
 0.161181297791439E+00  0.854086349993072E+00  0.494527143843266E+00  0.775733767773037E+00 -0.443357392536702E+00  0.449078327265639E+00
-0.121650634524277E+00  0.712808101825488E+00 -0.690728407618932E+00 -0.382317182981912E+00 -0.782708062334216E-01  0.920710189195463E+00
-0.326020280758040E+00 -0.250575212915468E-01  0.945030632922115E+00  0.804821649519469E+00 -0.592097345194916E+00 -0.410225094051300E-01
 0.241750127140177E+00 -0.269761166806323E+00  0.932086792584789E+00 -0.804393184392696E+00  0.585470700910883E+00 -0.100874492700069E+00
-0.271531522617321E+00  0.119403835267779E+00  0.954993903827906E+00 -0.641138109468251E+00  0.580409800846855E-01  0.765227527744713E+00
 0.511902960171571E+00 -0.500203324123142E+00  0.698392435457130E+00  0.356610116851640E+00 -0.866566753094048E+00 -0.349129327028106E+00
 0.224125069369713E+00 -0.180358843485982E+00  0.957725764953841E+00  0.740148527256651E-01  0.276831825717168E+00 -0.958063641855852E+00
 0.828675232527937E-01  0.646757318489670E-01  0.994459663988313E+00 -0.165326747443290E+00 -0.131090343091180E+00 -0.977487794567308E+00
 0.638697254538235E+00 -0.728322957504752E+00  0.248216612290259E+00 -0.212485307151110E-01 -0.693505758246179E+00  0.720137669631190E+00
-0.192017533106997E+00 -0.219126032542743E+00  0.956615413236469E+00  0.133581464321097E+00  0.235739188009077E-01 -0.990757418716711E+00
 0.140517797689283E+00 -0.767708882251266E-01  0.987097249136922E+00 -0.167651093619921E+00  0.806069504129367E+00 -0.567578245989645E+00
 0.175710142480321E-01  0.720635619082156E-01  0.997245256947054E+00  0.759584712762182E+00  0.155693299480878E+00  0.631498741593956E+00
 0.137365718900054E+00  0.960675209726884E+00 -0.241316805646186E+00 -0.469505695790951E+00  0.852918590050467E+00  0.228241714781013E+00
 0.155481849315502E+00 -0.158652765494216E+00  0.975015227847478E+00  0.190059670755103E+00  0.223145401142579E+00  0.956077115875795E+00
-0.981204772514880E+00  0.192854384136666E+00 -0.666190012613378E-02  0.116151525288384E+00  0.236599737657260E+00  0.964639511586426E+00
-0.250086083926278E+00  0.238630031558159E+00  0.938356360166526E+00  0.438393295154365E+00  0.931339292684996E-01 -0.893944847282374E+00
-0.419240071601653E+00 -0.900342549809328E+00 -0.116709277121741E+00 -0.402417023181095E+00 -0.968399932249819E-01 -0.910320028982254E+00
 0.313291914651301E+00  0.385931208167259E+00  0.867701146004015E+00  0.191292328385045E+00 -0.497157456325404E+00 -0.846310645520356E+00
-0.593066723269321E-01  0.909667181087983E-01  0.994086402086871E+00 -0.152828567937298E+00 -0.173252153938430E+00 -0.972947645034371E+00
 0.265805080070599E-01 -0.225801760495490E+00  0.973810577859588E+00  0.567461314143845E+00  0.790984337835489E+00 -0.228760648384056E+00
 0.471225361055629E-01  0.313866019463858E+00  0.948297204686850E+00  0.517346938572284E+00 -0.563027991907224E+00 -0.644477792851549E+00
-0.675888780321662E+00 -0.264813910953315E-02  0.736998876521907E+00  0.672997455183441E+00 -0.601910343542213E+00 -0.429858539118985E+00
-0.404136298226946E+00 -0.105923501835469E+00  0.908545025969727E+00 -0.377013634730165E+00  0.199527948263615E+00  0.904460788032992E+00
 0.300140138309743E+00  0.146228609601997E+00  0.942620332429380E+00  0.735750189917858E-01 -0.925240165395818E+00 -0.372179194634355E+00
 0.304312612928124E+00 -0.151521800860932E+00  0.940444032080973E+00 -0.866529403574670E+00  0.420779190237038E+00 -0.268461665427281E+00
 0.822347653359271E-01 -0.149249675709319E+00  0.985374029326330E+00  0.615444430941882E+00 -0.289965876612707E+00  0.732903774599946E+00
 0.254413689892712E+00  0.462354105484597E+00  0.849412947591872E+00  0.460402448180649E+00  0.829807055962954E+00  0.315356679940918E+00
 0.398630362680507E+00 -0.266139953970360E-01  0.916725438284666E+00 -0.423434996018598E+00  0.173048663063629E+00 -0.889245165496344E+00
-0.120716317551615E-01  0.406363978430177E-01  0.999101075405843E+00 -0.231132431951631E+00  0.131003500831443E+00 -0.964062177284241E+00
 0.261526995719864E+00  0.106537831960910E+00  0.959298348206027E+00  0.848962325865356E+00 -0.523542926065758E+00 -0.718733179127578E-01
-0.122707302951665E+00  0.337810089631736E+00  0.933181258462324E+00  0.451069648195335E-01 -0.873203462193538E-02  0.998943999079093E+00
 0.984725508953506E+00 -0.169964045748348E+00 -0.377875001701899E-01  0.544792315652716E+00 -0.126142259795612E+00  0.829029229339598E+00
 0.652576426069494E+00  0.230004746124161E+00  0.721970792275371E+00  0.827954605856042E+00  0.549392746813933E-03  0.560794854478334E+00
 0.150737791288557E+00 -0.484388669859067E-01  0.987386345076014E+00  0.233772325719672E+00  0.971581650704622E+00 -0.371429097096204E-01
-0.896451329962693E-01 -0.669213396930409E-01  0.993722941480053E+00  0.142629911149316E-01 -0.144112709541622E-01 -0.999794420045412E+00
 0.104133053642515E+00 -0.983529115878551E+00  0.147738909425515E+00  0.125738601321309E+00  0.861716582574661E+00  0.491563155101772E+00
-0.692204666636940E-01  0.404493251729315E+00  0.911917614864581E+00  0.526638533704651E+00 -0.208611563246137E+00 -0.824095304256381E+00
 0.151914766130222E+00  0.208693775462710E+00  0.966110144815134E+00 -0.323641983168541E+00  0.637319406660856E+00 -0.699342434451241E+00
 0.518850638117314E-01  0.401107122279663E+00  0.914560559290515E+00 -0.320167208512241E-01 -0.762865671485298E+00 -0.645763808876915E+00
 0.234211184233937E+00 -0.307195920825372E+00  0.922375079567954E+00 -0.296329265741672E+00 -0.828136801661045E+00 -0.475792395903525E+00
-0.561968454042186E+00 -0.776648140887202E+00  0.284621014540194E+00 -0.537186139158155E+00 -0.144020595878529E+00  0.831077084186027E+00
 0.259857476676477E-01 -0.309257300066548E+00  0.950623302509308E+00  0.103973792350644E+00  0.295566061007733E-01  0.994140763443502E+00
 0.151399954606825E+00  0.578885373561447E+00  0.801230165446656E+00  0.543645045645108E+00  0.249779858257280E+00 -0.801286519763375E+00
 0.653231858962575E+00 -0.594368677654612E+00  0.469056514142386E+00 -0.757847492063282E+00  0.417614410848296E+00 -0.501263785471507E+00
 0.182770594070513E+00  0.981698070893112E+00 -0.535145545422379E-01 -0.400366252563215E-01  0.999070469865667E+00  0.159770109995397E-01
 0.796345348212777E+00  0.381495032173734E-01  0.603637889619379E+00 -0.837529306995012E+00 -0.742934271504642E-01  0.541317971812034E+00
-0.217465100898144E+00  0.206841382091112E+00  0.953900190033527E+00  0.250242485121735E+00 -0.317704292375183E+00 -0.914572403501485E+00
 0.318712273416664E+00 -0.783748202582124E-01  0.944605671337556E+00 -0.179725717512457E+00 -0.197858080462785E+00 -0.963613432067141E+00
 0.210790911334703E+00  0.773315823729403E-01  0.974467556189729E+00 -0.506950896333695E+00  0.373132534687204E+00 -0.777028249334840E+00
 0.790420706985341E+00  0.350854104833446E+00 -0.502131957846058E+00 -0.248365184525393E+00 -0.291999782146930E+00  0.923607526139655E+00
 0.742138243930427E-01 -0.497674266446169E+00  0.864183217139876E+00  0.293908523410347E+00  0.910523740655197E+00 -0.290799411227083E+00
 0.232060953246728E-02 -0.425052929561018E+00  0.905165521793110E+00 -0.311610247161424E+00 -0.948138204416015E+00  0.627136284293174E-01
 0.948809473526184E-01 -0.440494325379637E+00  0.892727480890897E+00 -0.180424077970550E+00  0.463315064076881E+00 -0.867632585538321E+00
 0.419424960569469E-01 -0.291775954975705E-01  0.998693894516980E+00 -0.224786418075151E+00 -0.211210861939875E+00 -0.951241839937436E+00
-0.365863615875156E+00  0.154867153305703E-01  0.930539615613987E+00 -0.735465045001001E+00  0.561234359762771E+00  0.379614489980754E+00
-0.364150881401536E+00 -0.616418656810469E+00  0.698156268403043E+00 -0.348660031749816E+00 -0.867238886169952E+00 -0.355433392599679E+00
 0.711293473166368E-01  0.331505280958184E+00  0.940768231100064E+00 -0.363509132569738E-01 -0.500535706867389E-02 -0.999326551986886E+00
 0.107163060685880E+00 -0.375941089076905E+00  0.920426192569565E+00 -0.852349699703688E+00  0.475309464173727E+00 -0.218130471695077E+00
-0.486913628110175E+00  0.713911728992520E+00 -0.503234698691870E+00 -0.426092857164384E+00  0.776601062664907E+00  0.464042742149070E+00
 0.286596781072588E-01  0.130913452097861E-01  0.999503496507834E+00  0.311299231929749E-01 -0.207698915763959E+00  0.977697339810473E+00
-0.318071031351700E+00 -0.831469175727925E+00  0.455510514510029E+00 -0.208474157068529E+00  0.319324162785560E-01 -0.977506443265301E+00
 0.749609938975058E+00  0.136551650775038E+00  0.647640784741373E+00 -0.947307107001237E+00 -0.262351872235011E+00 -0.183795375784407E+00
-0.552635417710823E-01 -0.350901782488096E+00  0.934780123878120E+00 -0.498654869246402E-01  0.584601473669819E+00 -0.809786731304511E+00
-0.746183943369868E-01  0.177022779300105E+00  0.981374052456777E+00  0.235159688021320E-01  0.248991548151060E-01  0.999413343567510E+00
-0.223025068689213E+00  0.345097448913022E+00  0.911683919727608E+00 -0.178568938954038E-03  0.472100079881874E+00  0.881544940821886E+00
 0.376701559229734E+00 -0.218941526194072E-01  0.926075904748075E+00 -0.539587351542758E+00  0.382562654259134E+00 -0.749994203725121E+00
-0.552407169717593E+00 -0.586696288973947E+00  0.592143380735442E+00 -0.695728093756940E+00 -0.527124241443932E+00  0.487957430150924E+00
-0.852501557231297E+00 -0.522724350481165E+00 -0.590196796495039E-03  0.563640858614678E-02 -0.753460839298957E-01  0.997141513795649E+00
-0.486654129375794E-01 -0.684491439677765E+00  0.727394766678641E+00 -0.619695031246039E+00 -0.208068153998371E+00  0.756760009210768E+00
 0.395519853409198E+00 -0.183099345205170E-02  0.918455602096337E+00  0.762099131642950E+00  0.646869744768378E+00 -0.276486320159723E-01
 0.173299971180249E+00  0.848819053744883E-01  0.981204454804870E+00  0.503999976941900E+00  0.855507749022008E+00 -0.118703473436382E+00
 0.544214193858987E-01  0.232581215076784E+00  0.971053184694552E+00  0.603172515396496E+00  0.639028258802488E+00  0.477311010895542E+00
-0.705578636788067E-01 -0.556983032482751E+00  0.827521292414522E+00  0.916097470596764E+00 -0.239074314976541E+00  0.321883358197824E+00
 0.169789834644318E+00 -0.260488668940942E+00  0.950429937136258E+00 -0.596876198405277E+00 -0.759202730673852E+00  0.259518819191656E+00
-0.578307388713768E+00 -0.769990524375380E+00  0.269583301654961E+00 -0.673273716756581E-02 -0.566510556128637E-01 -0.998371337803816E+00
-0.940951318048343E+00 -0.315346601682325E+00  0.123154934413909E+00 -0.426324500634090E+00 -0.248821633078397E+00  0.869675350387312E+00
-0.328649564908399E+00 -0.302950990262330E+00  0.894544666847102E+00 -0.259853096572935E+00 -0.533642895801753E+00  0.804799122739194E+00
-0.321589441802854E-01 -0.393185480656652E-01  0.998709093824231E+00 -0.439911811739903E+00  0.730619581933151E+00  0.522180643443956E+00
-0.237988540908067E+00  0.328227174574112E+00  0.914127111657643E+00 -0.429581415065825E+00  0.612368368065443E+00  0.663675213958537E+00
-0.703549972444108E-01  0.178757362089209E-01  0.997361836254891E+00  0.932572644535980E+00 -0.289589163400832E+00 -0.215514220189702E+00
 0.218441990567350E+00  0.107292330993546E+00  0.969933736121672E+00  0.599046788909607E+00 -0.742967465905161E+00  0.298567059977405E+00
-0.224835401431765E+00 -0.663894708866729E+00  0.713227073099289E+00  0.566109305747895E+00  0.823082438355117E+00  0.453382136506422E-01
 0.138104960934523E+00 -0.574141235610916E+00 -0.807024696856573E+00 -0.293843523423526E+00  0.179702345781201E+00  0.938809379300602E+00
 0.724832790267197E+00 -0.183193153642252E+00  0.664121746829658E+00  0.611727312850004E+00 -0.230752064480741E+00  0.756665830767578E+00
-0.878558457685273E+00  0.312648289535395E+00 -0.361090132072681E+00 -0.316559522501972E+00 -0.155773865937831E+00  0.935694699890999E+00
-0.491834289999972E-02  0.995642795093237E+00 -0.931194634974025E-01  0.199866552063853E+00 -0.569503320962358E+00 -0.797320091794351E+00
 0.292586217576377E+00  0.598712156989016E+00  0.745611868439545E+00  0.528951643350550E-01  0.956083255136102E+00  0.288282692575053E+00
-0.124703788696719E+00 -0.133550778380725E+00  0.983164866478958E+00  0.115469816129525E+00  0.174670638245090E+00  0.977832751393645E+00
 0.723897476009415E+00  0.974479674299638E-01  0.682990730442930E+00 -0.120231005742449E+00  0.678724603359775E+00  0.724484242790880E+00
 0.110367623668976E+00 -0.628164709694497E-01  0.991903764798082E+00 -0.898278150733302E+00 -0.216585884167669E+00  0.382343979545211E+00
 0.208147361432209E+00  0.351982520755035E+00  0.912569439008200E+00  0.302879752807011E-01  0.178294400216576E+00 -0.983510927953933E+00
-0.103147425981459E-02  0.351960218571497E-01  0.999379895788525E+00  0.180754979859629E+00  0.203675646189197E-01 -0.983317242586257E+00
 0.126871115310746E+00 -0.897239224517324E+00  0.422924927247565E+00  0.682670518180439E-01 -0.126337548898779E+00 -0.989635505312093E+00
 0.242054227360258E+00 -0.395575758994599E-01  0.969456006844038E+00 -0.127028869730735E+00 -0.140146024120264E+00  0.981948449857840E+00
 0.694062195004453E+00  0.700193830961760E+00  0.167350735130430E+00 -0.527394224580844E+00 -0.813195543944522E+00 -0.246106357470794E+00
-0.131206316920189E+00  0.301410613159274E+00  0.944423922121411E+00 -0.578754032365208E+00  0.494882015785576E+00  0.648178648578474E+00
 0.278578155047189E+00 -0.301791327064031E-01  0.959939285309021E+00  0.812540192604572E+00 -0.124674198018357E+00  0.569416174472244E+00
 0.336929081067153E-01 -0.203541857773042E+00  0.978486331063245E+00 -0.540467483145965E+00 -0.250288455800048E+00  0.803274914680580E+00
 0.400847475140150E+00  0.347729054917284E+00  0.847588229059430E+00  0.710724545674232E+00 -0.509633258643564E+00  0.484917066992386E+00
 0.117043505856609E+00 -0.351998627708446E+00  0.928653748082763E+00 -0.765147355487731E-01 -0.287684830734637E+00  0.954663780296018E+00
 0.711015791333177E+00  0.496697898400311E+00 -0.497742646554994E+00 -0.277399233472311E+00 -0.214951443054419E+00  0.936400310976986E+00
-0.427209100095395E+00 -0.979009841790145E-01  0.898836905168264E+00 -0.581442418542917E-01 -0.855980828577713E-01 -0.994631698343796E+00
 0.137017962768177E+00 -0.474497020510853E-01  0.989431454752739E+00  0.771870209215149E-01  0.423077063495793E-01  0.996118578174657E+00
-0.322829030289604E+00 -0.164405799391068E+00  0.932068747640891E+00 -0.582623346131402E+00  0.752032858909657E+00  0.308215209979678E+00
 0.961493186224411E+00 -0.270987528042119E+00 -0.457887812641009E-01 -0.998285025229587E+00 -0.580500493412549E-01 -0.756307965318719E-02
-0.271914822796869E+00  0.246723290124068E-02  0.962318160436120E+00 -0.527170609383093E+00 -0.746660319990801E+00  0.405696333670755E+00
-0.116757085490267E+00  0.525526789967484E-01  0.991769125814109E+00  0.858399565816969E+00 -0.719877301994001E-01 -0.507905455873411E+00
-0.180566202216951E+00 -0.172047847693503E+00  0.968398360552609E+00 -0.329287584885083E+00  0.310355331796222E+00  0.891767489016171E+00
 0.190554052878501E+00  0.329294485913099E+00  0.924799596928332E+00  0.652140699475641E+00  0.550265413948232E+00  0.521459952728685E+00
-0.177090399445142E+00  0.405924220362347E+00  0.896584919429041E+00 -0.966340833240953E+00  0.543405110248634E-01 -0.251460738233103E+00
 0.386025057663188E+00 -0.468649668964774E+00  0.794576706577370E+00  0.839771905516101E+00 -0.481936438029925E+00  0.250040829475678E+00
-0.132884747369847E+00  0.253733577312520E+00  0.958102768840923E+00 -0.306549068078122E+00 -0.221406050571651E+00 -0.925746741625753E+00
 0.236880968374896E+00 -0.178770268192166E+00  0.954949526431776E+00  0.621166065991725E+00 -0.517717003755569E+00  0.588321189897764E+00
-0.735648378954327E-01 -0.173156832915123E+00  0.982143027180982E+00  0.144240626660121E+00 -0.607208161878815E+00  0.781340444216506E+00
-0.670654952291067E+00  0.258436068920091E+00  0.695293271396032E+00 -0.926844236387487E-01  0.461849153305176E-01  0.994623823970985E+00
-0.158822770007782E+00 -0.107829880328951E+00  0.981401062071618E+00  0.387189527726917E-01 -0.212131783489419E+00  0.976473731920006E+00
-0.859864919064570E+00  0.500156255867892E+00  0.102352531372178E+00 -0.134237821834661E+00 -0.847052095934877E+00  0.514279062340104E+00
-0.638018894334379E+00 -0.181356452979424E+00  0.748359357150733E+00 -0.648923813917243E+00 -0.201569741931864E+00  0.733667174452164E+00
 0.186136511744304E+00  0.373203498041093E+00  0.908885222701720E+00  0.794648837113016E+00 -0.104057390721951E+00 -0.598084680552069E+00
 0.301062113819960E+00  0.101823932691743E+00  0.948152672491854E+00  0.746879040207614E+00 -0.169191207092875E+00 -0.643075450270814E+00
-0.450721187658018E+00 -0.146843184840205E+00  0.880504111326081E+00 -0.543602409680779E+00 -0.837503561320437E+00  0.555356188840558E-01
-0.163113446982746E+00  0.808268027446079E-01  0.983290918991674E+00  0.140671491689938E+00 -0.104660997894268E+00 -0.984508815067445E+00
 0.355680642831401E+00 -0.293100080423172E+00  0.887459082533370E+00  0.624899478673809E+00 -0.761074863051469E+00  0.173970383641554E+00
 0.434392982060619E-01  0.250997176363695E+00  0.967012639435916E+00  0.415716785439266E+00 -0.877601209791555E+00  0.238737661202505E+00
-0.175828279676446E+00  0.284908321667758E+00  0.942290647470558E+00  0.495220868247965E+00  0.337305940630964E+00 -0.800612886523064E+00
-0.769889354193439E+00 -0.635868102114205E+00  0.542414879339447E-01  0.909171229699757E+00  0.139704483313438E+00  0.392288583097135E+00
 0.463291984762596E+00 -0.150401207815916E+00  0.873349880369974E+00 -0.924611390905347E+00  0.308818823376363E+00 -0.222990381264569E+00
-0.207497164798997E+00 -0.544264479907149E+00  0.812847527222528E+00  0.220060048178992E-03  0.903266571520863E+00  0.429079773872553E+00
 0.273881540136505E+00  0.550500697131054E+00  0.788630385180966E+00 -0.619562478058772E+00  0.484496482859628E-01  0.783450679598046E+00
 0.686919235006516E+00  0.674679013466328E+00  0.270092934683908E+00  0.506320417692521E+00  0.621583173579809E+00  0.597724010685637E+00
 0.400379727931926E+00  0.201949220067862E+00  0.893819101370707E+00 -0.728894037529513E+00  0.926266836812289E-01 -0.678331614716683E+00
 0.621776181235391E+00 -0.349696046517788E+00  0.700790307794110E+00  0.614883582426748E+00 -0.774269424609098E+00  0.149749918789776E+00
 0.637654924874914E+00 -0.650204471171162E+00  0.413074257793677E+00  0.616659947021094E+00  0.776460897499044E+00  0.129765112395132E+00
-0.285003806853377E+00  0.114657830881238E+00  0.951644057353742E+00 -0.624105560413582E+00 -0.357526677119478E-01  0.780521618030102E+00
-0.299268540141039E+00 -0.373727389765110E-01  0.953436741091534E+00 -0.302690974708223E+00 -0.164657744517458E+00  0.938757690248452E+00
-0.158597414448810E-01 -0.119221142585961E+00  0.992741047686555E+00  0.351456228709010E+00  0.573296617388000E+00 -0.740141545782371E+00
-0.143123508560168E+00  0.292606681850561E+00  0.945461258346333E+00  0.341023397831092E+00  0.772826494734061E+00 -0.535202999962446E+00
 0.337268534172972E+00 -0.475657225899987E+00  0.812403926200473E+00 -0.860547936814726E+00  0.232600480722020E+00 -0.453160308071882E+00
-0.139215483348750E+00 -0.503610147578701E+00  0.852640527099043E+00 -0.528425522850690E+00  0.411194953219780E+00  0.742755126031829E+00
 0.596073712409194E-02  0.719784984671339E+00  0.694171481303156E+00  0.785866554676389E+00  0.614472575450220E+00 -0.695500701698826E-01
 0.372094042463664E+00 -0.231704821994188E+00  0.898809712357233E+00 -0.761234268730058E+00  0.463788292592375E+00 -0.453235929473010E+00
 0.437555408390066E+00 -0.291293377133710E+00  0.850701729765868E+00 -0.419596621108115E+00  0.466586815072353E+00 -0.778611212066261E+00
 0.122680839997979E+00 -0.102540597148702E+00  0.987134660233232E+00 -0.556253023994308E-01  0.773251920154079E+00 -0.631654410030518E+00
 0.265599576962182E-02  0.208994605260274E+00  0.977913186667699E+00  0.622379919193779E+00 -0.595978302967650E+00 -0.507398362803966E+00
-0.520177251988112E-01 -0.166627671574054E+00  0.984646827715882E+00  0.233216702462145E+00 -0.176685763053753E+00  0.956238521932052E+00
-0.183401532082947E+00  0.385325416388892E+00  0.904371716449799E+00  0.283880625775071E+00 -0.129019575638113E-01 -0.958772824917653E+00
-0.818843594401437E+00 -0.862614948909055E-01  0.567498125465557E+00  0.434538136381999E+00 -0.190564035529222E+00 -0.880262436090781E+00
 0.163513618414844E+00  0.160981312962933E+00  0.973318197440906E+00  0.604410932504182E+00  0.367822270231294E+00  0.706678287618433E+00
 0.548273753860723E-02 -0.649367502396152E-01  0.997874319770481E+00  0.226519336085318E+00 -0.353034335677943E+00  0.907775163910040E+00
-0.755903907896162E+00  0.527145363337305E+00  0.388235814859077E+00  0.285728333920678E+00 -0.115891601808916E+00  0.951277275995320E+00
 0.930909087122956E-01 -0.848990243666525E+00  0.520143873244868E+00 -0.888567996897161E+00  0.169642058655713E+00  0.426225863627748E+00
-0.973221327871639E-01 -0.522153009983206E+00  0.847280730711631E+00  0.942551185989479E+00 -0.320193005227344E+00  0.952559772051583E-01
 0.213321819085324E+00 -0.531663212821888E-01  0.975534286318757E+00 -0.503386063442567E+00  0.633862044810792E+00 -0.587214934483174E+00
-0.367910039989171E+00  0.401563208625833E+00  0.838683010411736E+00  0.923463944020586E+00  0.377637517507117E+00 -0.678546200711878E-01
 0.256950018897884E+00  0.126617710153631E-02  0.966423863831976E+00  0.316490795854959E+00  0.840464344939590E+00  0.439833219555277E+00
 0.157048517619053E+00  0.226661544308640E+00  0.961228540694293E+00  0.385796705717871E-01  0.178565163654191E+00 -0.983171445551448E+00
-0.576538550217035E+00 -0.454424028679526E+00  0.679044992818818E+00  0.258762549897708E+00  0.569213855055881E+00 -0.780408566061944E+00
-0.119382667949474E+00  0.806009130791266E+00  0.579738785725411E+00 -0.215584342034757E+00  0.877123339749034E+00 -0.429159688620613E+00
-0.136076901677571E+00  0.654092169036976E-01  0.988536651406450E+00 -0.416641829201355E+00  0.121363029546245E+00  0.900933183548651E+00
 0.137968694786996E+00 -0.134757083581097E+00  0.981226359044380E+00  0.102336849237441E+00  0.264345745141114E+00 -0.958983053194342E+00
 0.279128663836467E+00 -0.188576935221118E+00  0.941555058680839E+00 -0.261493618048690E+00 -0.103180213660882E+00  0.959674388127921E+00
 0.347149957449621E+00  0.299283268104134E+00  0.888772430082997E+00  0.185794839440402E+00  0.952379339062903E+00  0.241772356077826E+00
-0.309403514428341E+00 -0.772252254739009E+00  0.554883699805562E+00 -0.551989873625389E+00  0.735833760549059E+00  0.392244638269610E+00
 0.526531189006722E+00 -0.840759437516460E+00  0.126049495160330E+00  0.441475444683410E+00  0.895451954937767E+00 -0.571421747898696E-01
 0.787768989647006E-01 -0.534026263301208E+00  0.841789849246268E+00 -0.585078544975868E-01 -0.937258035076921E+00 -0.343692022959275E+00
 0.108273746274300E+00  0.812327475383919E-01  0.990796667634229E+00  0.166203845925421E+00 -0.117594139388574E+00  0.979054594995121E+00
-0.450051129738726E+00  0.251153670304696E+00  0.856957300285945E+00  0.187835471066018E+00 -0.856959488331564E+00 -0.479935694825788E+00
-0.232906619823567E-01 -0.214359612763234E-01  0.999498896762064E+00  0.485936514357417E+00 -0.295806768390473E+00 -0.822413557639068E+00
-0.791678668715167E-01  0.414495270635599E+00  0.906601411578283E+00  0.276525209442877E+00 -0.383480422678856E+00 -0.881179081665367E+00
-0.479091999500574E-01  0.371522364952353E-01  0.998160518094934E+00  0.103718330049263E-01  0.151603352963159E+00 -0.988386993262480E+00
 0.194429569559403E+00 -0.319638817465417E-01  0.980395559325234E+00 -0.276838700485376E+00  0.403916183186634E-01 -0.960067107593614E+00
-0.306937001251004E-01 -0.948708842996871E-01  0.995016287346507E+00  0.657396608207996E-01 -0.105401248471856E+00 -0.992254440058466E+00
-0.346106364974538E-01  0.414358615347188E+00  0.909455354445067E+00 -0.716538404278142E+00  0.746715444130930E-01  0.693539382911668E+00
-0.484916307160283E-01  0.996748606192196E-01  0.993837755325808E+00  0.338810353148891E+00  0.100910911284065E+00 -0.935427459818742E+00
 0.702553287572154E+00 -0.703305134934066E+00 -0.108539233906149E+00  0.186032130645168E+00  0.770392512419375E+00 -0.609825731808508E+00
 0.735600920897101E-02  0.409011104965524E-01  0.999136121000871E+00  0.114492465751116E+00  0.326858891544255E+00  0.938112328191401E+00
 0.176040109781889E+00 -0.185107851138314E+00  0.966822094904195E+00 -0.623260302361240E-01 -0.411768382543091E+00  0.909154698108552E+00
-0.381139900579580E+00 -0.126229516127709E+00  0.915859424499389E+00  0.253797137492517E-01  0.701150730127184E-02  0.999653294345280E+00
 0.329096911270878E+00 -0.668156187996451E-01  0.941929347709471E+00  0.221246296435141E+00  0.394563906515773E+00  0.891834850176167E+00
-0.547766958900933E+00 -0.589504026950818E+00  0.593663508180512E+00  0.201688706762310E+00  0.318083940686828E+00  0.926360767866216E+00
-0.208549181100611E+00  0.116484022516415E+00  0.971050313609269E+00 -0.207565193130507E+00 -0.573220144861938E-01  0.976540258901772E+00
 0.485674523259743E+00 -0.248354891173228E+00  0.838116999879346E+00  0.464730593844681E+00 -0.852601888507085E+00  0.238946636006709E+00
-0.201672748454437E+00  0.321570382835127E+00  0.925159765345480E+00  0.436380737160201E+00 -0.328519899168118E-01 -0.899162165014757E+00
-0.178141180440699E+00  0.344334395106667E+00  0.921791486279690E+00  0.242306364852926E-01 -0.909683884908339E-01 -0.995558952825446E+00
-0.424445369533926E+00  0.345908396143795E+00  0.836775662742671E+00  0.627469513138907E+00 -0.778634332865139E+00 -0.325357724399321E-02
-0.769929146943236E-01 -0.896102848088107E-01  0.992996519602842E+00  0.424192416413517E-01 -0.615552733054429E-01  0.997201863349074E+00
 0.519505236279033E-01 -0.616130894039885E+00  0.785928663750342E+00 -0.149949847328202E+00 -0.969456560885910E+00  0.194085084026342E+00
 0.172895115876837E+00  0.292918200986224E-01  0.984504580071238E+00  0.341650388635434E+00  0.491818440236284E-03 -0.939826989429373E+00
 0.365700393468647E+00  0.918445335087615E+00  0.150736155824259E+00 -0.528893781680015E+00  0.634961895448838E+00 -0.563111675450111E+00
 0.313851627766058E-01 -0.427847746148945E-01  0.998591224985799E+00 -0.504323179046087E+00  0.355601543640208E+00 -0.786896227743881E+00
-0.176622520601296E+00 -0.285778892611070E+00  0.941878394355893E+00  0.424923155658338E+00  0.362327864733735E+00 -0.829553392026608E+00
 0.424815083281515E+00 -0.301955100306446E+00  0.853437321902109E+00  0.385236457162565E-01  0.991972763129439E+00  0.120440715416648E+00
 0.648654041814151E+00  0.724701486224531E-01  0.757625244825438E+00  0.761501639383594E+00 -0.133120722046089E+00  0.634345431589151E+00
-0.383561621597611E+00 -0.447555221668807E+00  0.807821023491216E+00 -0.868925801497813E+00 -0.393413577725679E-01  0.493376336137025E+00
-0.278251284338737E+00  0.302572869383909E+00  0.911606209652299E+00  0.769517715087805E+00 -0.473978296482119E+00 -0.428003575487347E+00
 0.203716689145527E-01  0.262348975249410E+00  0.964758006077804E+00 -0.842766375668591E+00 -0.503782520819784E+00 -0.189599598519858E+00
 0.530436928950535E+00  0.795901142203445E+00  0.291852764668722E+00  0.670647693969502E+00  0.544010216431249E+00  0.504266353222001E+00
 0.175523016519984E+00 -0.344937734293163E+00  0.922068126622119E+00  0.905601187454949E+00  0.292209111140614E+00 -0.307409051016067E+00
-0.990586639095853E+00  0.309164731600839E-01  0.133350223592331E+00  0.112060749577645E+00 -0.202887478885813E+00 -0.972768759426132E+00
 0.203118865094605E+00  0.975038515171533E+00  0.896806588667373E-01 -0.411847120144898E+00  0.256258040151854E-02 -0.911249352707611E+00
 0.370882254832963E+00 -0.318694105498535E+00  0.872284598150458E+00 -0.525736015615103E+00  0.350754898933485E+00  0.774966220398875E+00
-0.620402169350853E-01 -0.650620747574310E-01  0.995950770827005E+00  0.344029206701682E+00 -0.494351386137045E+00 -0.798286046452394E+00
-0.503767592954972E+00  0.260808320692158E+00 -0.823527311111228E+00 -0.666335381498857E+00  0.720967105917325E+00  0.190272414048828E+00
-0.198443232317548E+00 -0.119147807963072E+00  0.972843298483861E+00  0.813231380292857E+00 -0.101996435530335E+00 -0.572932325188657E+00
 0.294394614939463E-01  0.395798767596200E+00  0.917865269893286E+00 -0.747716175930186E-01  0.667906333522122E-01  0.994961414577939E+00
 0.505493715414899E+00  0.311092179961501E-01  0.862269285218782E+00  0.783814897821147E+00  0.463503098363224E+00 -0.413278457896509E+00
-0.233810810428625E+00  0.233124939097850E+00  0.943920159598964E+00  0.441294311672067E+00 -0.800151476733820E+00 -0.406222777262137E+00
-0.469137524735617E-01 -0.839840729759893E+00  0.540801856935809E+00 -0.274884813263549E+00  0.251947383757333E-01  0.961147004674749E+00
-0.390427737013830E+00 -0.229322531231768E-01  0.920347920048149E+00  0.129141028255081E-01 -0.109819151769605E+00 -0.993867687296864E+00
 0.737933159815999E+00 -0.290622354753499E+00  0.609092192169220E+00  0.123016249604866E+00  0.805057148915995E+00  0.580301636489510E+00
-0.469321901060869E+00  0.446493447642265E-01  0.881897606979822E+00  0.312104767286905E+00 -0.949635265648986E+00  0.279906497346247E-01
 0.339338633241941E+00  0.811728355068512E-02  0.940629258367636E+00 -0.662608919755615E-01 -0.214320853197386E+00 -0.974513245717752E+00
-0.538471947906331E+00  0.250457674322307E+00  0.804561318167250E+00  0.840748695046792E+00 -0.467703590899795E+00 -0.272754436877851E+00
 0.517955821999747E-01 -0.200999283051317E+00  0.978221092533494E+00  0.626114780973393E+00  0.474600814746069E+00 -0.618655273709849E+00
-0.249754868970208E+00  0.833841492427749E-01  0.964712179398982E+00 -0.945371010253675E+00 -0.295999950755300E+00  0.136593126198961E+00
-0.215969505943703E+00  0.595152026154453E+00  0.774048602005508E+00  0.157344301738334E+00 -0.625801175316094E+00 -0.763947419449449E+00
 0.546294023153502E+00  0.343797965262135E-02  0.837586425727321E+00 -0.844916387811697E+00 -0.151804307897183E+00 -0.512905205385060E+00
-0.626195257200973E+00  0.212649174970200E+00  0.750106544594500E+00 -0.200517587984660E+00 -0.207142061603620E+00 -0.957541050411634E+00
-0.524682604958382E-01 -0.427087164348576E+00  0.902686897927091E+00 -0.498591794647979E-01  0.840885734682478E+00 -0.538911164692852E+00
 0.129368678794830E-02  0.662270539449303E+00  0.749263677854481E+00  0.490297637517140E+00  0.861899669000372E+00 -0.129372281506358E+00
 0.478672838426635E-01  0.479960190617974E+00  0.875983412262746E+00  0.172903967497359E+00  0.672834199523330E+00  0.719304078937046E+00
-0.289621333811545E+00 -0.343023998431385E-01  0.956526438926924E+00  0.721688372628223E+00  0.510103498656425E+00 -0.467931953890415E+00
-0.241020751827783E+00 -0.139309674063907E+00  0.960469578852229E+00 -0.721270120915442E-01  0.996214880054352E+00 -0.485139864888468E-01
-0.397872748044325E-01  0.986028264477408E+00  0.161756713663782E+00  0.183765638007736E+00  0.823148892128096E-01  0.979517457374544E+00
 0.871977638738296E+00 -0.273757054322183E+00 -0.405847351536545E+00 -0.859844055085070E-01  0.426273416282459E+00 -0.900498560010081E+00
 0.593375035763780E-01  0.442206678231778E-02  0.998228183330192E+00  0.319093309074700E-01 -0.693297236513014E-02 -0.999466722054928E+00
-0.160396676869145E+00 -0.566637203177136E+00  0.808204915862882E+00 -0.328834969469368E+00 -0.943418425740943E+00 -0.427695782836358E-01
 0.553005059424250E+00  0.564134130414469E+00  0.613137902231376E+00  0.808698596282959E+00  0.587768204932209E+00  0.231326098990105E-01
 0.268995474545985E+00  0.471792586973809E+00  0.839674454506234E+00 -0.591916288456389E+00  0.729684862974557E+00  0.342337710756227E+00
-0.135378552345227E+00 -0.446529112079053E+00  0.884468427718482E+00 -0.948370201331281E-01 -0.333448729498920E+00 -0.937986079005347E+00
 0.431782768218859E+00  0.478545131404606E+00  0.764564057668294E+00 -0.478149456463436E+00  0.794990781374747E+00 -0.373313212748878E+00
-0.581084619381723E+00 -0.147791643442169E+00  0.800311373933084E+00  0.403773327067374E+00  0.822223592138557E+00  0.401142698898673E+00
-0.214730382537224E-01  0.100037385549823E+00  0.994751944014441E+00 -0.148398796011725E+00  0.237836787897251E-01 -0.988641559902019E+00
-0.508407006116187E-01 -0.141944512574358E+00  0.988568145608257E+00 -0.241897262298239E+00  0.392029460670561E+00  0.887580202831815E+00
-0.397951420779250E-01  0.206064606278159E+00  0.977728860526488E+00 -0.100716615406633E+00 -0.881309573836648E+00  0.461681273656294E+00
-0.566451541621662E+00  0.815544631708795E+00  0.118404411596060E+00 -0.636752339877706E-01  0.873509143377132E+00  0.482625363002352E+00
-0.802789542891584E-01 -0.394672949303037E+00  0.915307900428419E+00 -0.669162034215858E+00  0.100711521609918E+00 -0.736260389657837E+00
 0.433689837769525E+00  0.301890700998416E+00  0.848984763859828E+00 -0.498549523591338E+00 -0.866595804365288E+00  0.214495776958375E-01
 0.479039748823050E-01  0.106047538582925E+00  0.993206488476077E+00  0.302859824955612E-02  0.632878919124505E+00  0.774244858762679E+00
 0.407330453545100E+00  0.736534199965811E-01  0.910306033890554E+00 -0.142189285429485E+00  0.487286355713041E+00 -0.861588193190318E+00
 0.196483185219978E+00 -0.820249654271545E-01  0.977070244645944E+00 -0.346701688665928E-01  0.478539837211044E+00 -0.877381105103586E+00
-0.237187637517305E+00  0.125925638556638E+00  0.963267749985985E+00 -0.278895953440633E+00  0.945398864495607E+00 -0.168635803330307E+00
-0.303106073181122E+00  0.650634487460083E+00  0.696276864564862E+00  0.860562529769365E+00 -0.426105258266279E+00 -0.279045589885913E+00
 0.176436677197900E+00  0.617815319578902E+00  0.766273012596022E+00 -0.255458221814229E+00 -0.930129084467461E+00 -0.263819982441124E+00
 0.488301668116336E+00 -0.107889525382871E+00  0.865979983156344E+00 -0.808703310368312E+00  0.438285487637081E-01 -0.586581634653355E+00
-0.397146370924169E-01 -0.204332241656705E+00  0.978095640834864E+00 -0.158309463964267E+00 -0.311263561090320E+00  0.937044881079193E+00
 0.754943826540118E-01  0.776143035340332E+00  0.626021235167294E+00  0.875640601968787E+00  0.465067073728599E+00 -0.130254186563267E+00
-0.264216265263138E+00 -0.377981179544518E-01  0.963722505418183E+00 -0.747194397445517E+00  0.240571593013288E+00  0.619536795566720E+00
-0.166235014534959E+00 -0.151065603708742E+00  0.974446049465375E+00  0.498350822234125E+00 -0.858225532697456E+00  0.122863310246549E+00
 0.276772584141411E+00 -0.232559062091780E+00  0.932369679529894E+00 -0.552532600025607E+00 -0.517779008240911E+00 -0.653155896041673E+00
 0.967363407761875E+00  0.909152795278169E-01 -0.236521561959396E+00 -0.155158041398148E+00 -0.382834868499010E+00  0.910693936320450E+00
-0.417867355376247E-01  0.785451137488835E+00  0.617511440663737E+00 -0.341880527875990E+00  0.947199047711090E-01  0.934957669790128E+00
 0.128442816832962E+00  0.184799156036996E+00  0.974346814400308E+00 -0.319956010672465E-01 -0.953936625979162E-01  0.994925288978273E+00
-0.214624563634219E+00  0.976054054854830E+00 -0.354228554222384E-01 -0.133691762464492E+00 -0.990834879790935E+00  0.193068288131586E-01
-0.271110174700252E+00 -0.207892063952150E+00  0.939829858495523E+00 -0.692664866494141E+00  0.649258063522720E+00  0.314132694375135E+00
 0.390283370730392E+00  0.440644850438853E+00  0.808400276047110E+00 -0.546646708680128E+00  0.652664882973149E+00 -0.524600730482554E+00
-0.627631121467678E+00 -0.207532390585799E-01  0.778234205386658E+00 -0.728375793511837E+00  0.312670665309934E+00  0.609676765573894E+00
 0.430500375090334E+00 -0.204900879910125E+00  0.879025060199730E+00 -0.558601927512581E+00 -0.825881382782795E+00  0.767061154798492E-01
-0.590584789486949E-01  0.146904988367003E-01  0.998146424783556E+00  0.356471644602788E+00  0.525248701099313E+00  0.772684779575519E+00
-0.332735149474976E-01  0.929852519097463E+00  0.366424843496099E+00  0.647934846855495E+00 -0.589945473910364E+00 -0.481814043011432E+00
-0.336789221363612E+00  0.301160355188948E+00  0.892118523984206E+00 -0.245130014408315E+00 -0.514954766666956E+00  0.821421246573986E+00
 0.832776858356735E-01  0.345015325783279E+00  0.934895316073684E+00  0.897276147262252E-01 -0.733751644836361E+00 -0.673466761507557E+00
 0.181682897517846E+00 -0.305295874887110E+00  0.934765079325514E+00 -0.743847029639552E+00  0.477156126134841E+00 -0.467988918446160E+00
 0.437803105514843E+00 -0.828367293830509E+00 -0.349479709444595E+00  0.172642724459893E+00 -0.525233070104857E-01 -0.983583139298223E+00
-0.729393746382374E+00 -0.683070720242053E+00 -0.374052654888129E-01  0.684357937447876E+00  0.729120470240294E+00  0.612807707702206E-02
-0.338075889833499E+00  0.533811641303105E+00  0.775080527637337E+00  0.526576304638321E+00  0.277978834959132E+00 -0.803396018603661E+00
-0.236849022901039E-02  0.254005202186907E-02  0.999993969176695E+00 -0.115244648242550E-01  0.231289985574267E-01 -0.999666062310932E+00
