#          Em_x [n.u.]            Em_y [n.u.]            Em_z [n.u.]            En_x [n.u.]            En_y [n.u.]            En_z [n.u.]
-0.157335573925715E+00  0.133161321440833E+00  0.978526228391246E+00 -0.476409571378569E+00  0.589567537455218E+00  0.652260714038396E+00
-0.784472142801624E-01  0.118455601484454E+00  0.989855699103985E+00  0.322035684664056E+00 -0.343761516353135E+00 -0.882111692291597E+00
 0.184635110444510E+00 -0.158737172142710E+00  0.969903287019525E+00  0.936769058164784E+00 -0.310448244132037E+00  0.161510431181391E+00
-0.129352941918960E+00  0.225927176695394E+00  0.965517854442557E+00  0.275456348220269E+00 -0.243415465476495E+00 -0.929985328589658E+00
 0.453268989771564E+00 -0.145137103397506E+00  0.879478506916938E+00 -0.764622191422976E+00  0.625093168406813E-02 -0.644448469807018E+00
-0.617131369262534E+00 -0.274000725255053E-01  0.786382927776123E+00  0.988420829703052E+00 -0.146311860378735E+00 -0.402132182453056E-01
-0.107087877664980E+00  0.327219497006805E-01  0.993710954183860E+00 -0.910476306091948E+00 -0.404120202565975E+00 -0.878621529624468E-01
-0.210516564544501E+00 -0.145010342693391E+00  0.966775453021190E+00 -0.366533294644374E+00 -0.500321344319865E+00  0.784430937900274E+00
 0.296896465329847E+00 -0.179721341824319E+00  0.937844724977173E+00 -0.632193336555107E+00  0.188534323238836E+00 -0.751522717006077E+00
-0.133081575752611E+00 -0.258513480709447E+00  0.956796778049910E+00  0.555547701818678E-01  0.441043451277148E+00 -0.895764668646616E+00
 0.166597162418042E+00  0.258998832495675E-01  0.985684828696229E+00 -0.368527925235892E+00  0.928010654454554E+00 -0.546204498348214E-01
 0.238238353065234E+00 -0.143609144628705E+00  0.960530530856660E+00  0.486787859110535E+00 -0.459027117201969E+00  0.743190208423006E+00
-0.674636554112168E-01 -0.356882093019738E-01  0.997083249741653E+00 -0.742115943906859E-01 -0.698689581477344E+00  0.711565533168243E+00
 0.885065906645385E-01  0.211538445891981E+00  0.973354030822571E+00  0.161393722632704E+00 -0.562118915711805E+00 -0.811156206222786E+00
-0.165892100081993E+00 -0.705328106335422E-01  0.983618286610471E+00  0.566085901032786E+00 -0.355443502780025E+00 -0.743778642462504E+00
 0.232135536402407E+00  0.886406539972916E-01  0.968636117021299E+00  0.545314645439162E+00  0.811988175726184E+00  0.208103675965671E+00
-0.184538395689377E+00  0.274245373268874E+00  0.943787611572120E+00 -0.526790488022741E-01  0.112762335732202E-01 -0.998547827784774E+00
-0.892432999552660E-01  0.199833312417592E+00  0.975757285733141E+00  0.240197891473870E+00 -0.273187572142305E+00 -0.931489948071636E+00
 0.214793354940368E+00  0.178844153173148E-01  0.976495756448649E+00 -0.474307454866690E+00 -0.518080128521194E-01 -0.878833526933399E+00
 0.242421731427410E+00  0.168397810177368E+00  0.955444337289831E+00 -0.815095085676466E+00 -0.122611885438540E+00 -0.566203432394471E+00
 0.488376117934164E-01 -0.131338862728295E-01  0.998720375633584E+00  0.853110782674585E+00  0.521487838920373E+00 -0.158879307185486E-01
-0.404688396169729E+00  0.290491121741436E+00  0.867088352012051E+00 -0.780270416401835E+00  0.117381352595979E+00  0.614328654183447E+00
-0.110960773217037E+00 -0.216789453769664E+00  0.969891766921097E+00 -0.312239999053334E+00 -0.938527942783754E+00  0.147212375856341E+00
-0.246384980131754E+00 -0.261225046470246E+00  0.933303764410116E+00 -0.429960115643881E+00 -0.895224756828793E+00  0.117076614728685E+00
-0.104604667647197E+00  0.211835156528390E+00  0.971691170056110E+00 -0.537356843584849E+00  0.244839150749908E+00  0.807032473270185E+00
-0.220060133465527E+00 -0.344661406967802E+00  0.912568930112191E+00  0.529004725865119E+00 -0.835659186837064E+00 -0.147742084279286E+00
 0.158898389249306E+00  0.325562454600627E-01  0.986758021388993E+00  0.244111524344550E+00  0.118879037616093E+00  0.962433030448172E+00
 0.484573577695566E+00  0.250892148288560E+00  0.837998554728151E+00  0.803746600235541E+00  0.179288718640442E+00  0.567315571774720E+00
-0.248190268623983E+00  0.491047436518787E+00  0.835029344184193E+00  0.422143192626543E+00 -0.888914158044796E+00 -0.177839097350894E+00
-0.194766930993490E+00  0.293888352136275E+00  0.935786022053120E+00  0.333821055903210E+00 -0.916115241861047E+00 -0.222027850202495E+00
-0.224386921511092E+00  0.158797323025089E+00  0.961474866886722E+00 -0.556396525815142E+00  0.187743905897530E+00  0.809428892404502E+00
-0.193003272970032E+00  0.841368987558228E-01  0.977584123689930E+00 -0.202286682740133E+00 -0.819980895440653E-01  0.975887499303642E+00
-0.836888735448072E-01 -0.220038678683516E+00  0.971894619970711E+00 -0.255670475910169E+00 -0.458899786714772E+00  0.850907511719696E+00
-0.169907661495869E-01  0.652094837877059E-01  0.997726935132951E+00 -0.138000325402267E+00 -0.256139040366464E-01 -0.990100923193626E+00
-0.305181574745356E-01 -0.852574823741596E-01  0.995891461838879E+00  0.590375907040662E+00 -0.806998245704856E+00  0.144955101738449E-01
-0.298364245912955E+00  0.338019094119289E+00  0.892592778803172E+00  0.339924813960788E+00 -0.545456443588957E+00 -0.766112517193793E+00
 0.162354668873716E+00 -0.371479791884060E+00  0.914135507305499E+00  0.523060174355636E+00 -0.737481136681935E+00  0.427234861687775E+00
-0.119496108027954E-01  0.139250805394323E+00  0.990185043311953E+00  0.100110845603752E+00  0.192824984852224E+00  0.976112874522840E+00
-0.288350688334759E+00 -0.746473189191738E-01  0.954610736538748E+00 -0.716553820494303E+00 -0.753362667626924E-01  0.693451562292046E+00
-0.124197560752656E+00  0.174389184314214E+00  0.976812867594051E+00  0.513295414597242E+00 -0.421016026241576E+00 -0.747845788248619E+00
 0.125660451464308E+00  0.199573641996196E+00  0.971792062304565E+00 -0.633364815634167E+00  0.766011418617880E+00  0.109888656665374E+00
-0.278292655298089E-01 -0.397070873524258E+00  0.917365932100574E+00  0.185214588680014E+00  0.569363026513868E+00 -0.800950248254573E+00
 0.261994712975101E+00  0.219280661946482E+00  0.939826984965534E+00  0.177880760515946E+00  0.232895066841514E+00  0.956095352399098E+00
 0.367829713405652E+00  0.312410610127934E+00  0.875842972578651E+00 -0.704983794849677E+00 -0.376324267275001E-01 -0.708224293185392E+00
-0.148201857198249E+00  0.288998583129417E+00  0.945788574932146E+00 -0.404484896223847E-01  0.257090734917294E+00  0.965540405010041E+00
 0.228985546730872E+00 -0.229625175390235E+00  0.945958719086286E+00 -0.645280031499218E+00  0.292087326423760E+00 -0.705902737415707E+00
 0.667633450274061E-01  0.203439510410791E+00  0.976808589931809E+00 -0.149967704234501E+00  0.296945187956663E-01 -0.988244870080350E+00
-0.183160337473553E-01  0.279988382137595E+00  0.959828645527803E+00 -0.717275804762120E+00  0.372720726982635E+00  0.588722922587858E+00
 0.322333812688422E+00  0.341121011926192E+00  0.883027388261653E+00  0.628970530847680E+00  0.749209093053523E+00  0.207561572096343E+00
-0.433020548289795E+00 -0.373450538875131E+00  0.820382776374955E+00 -0.339816712678805E+00 -0.938757470760643E+00  0.570877646720371E-01
-0.222110388338729E+00 -0.426824619578074E-01  0.974086845631969E+00 -0.311823026603015E-01 -0.100596445956108E+00 -0.994438544638029E+00
-0.276873977624725E+00 -0.229458719971998E+00  0.933107440942936E+00 -0.673909848321925E+00 -0.534061237881427E+00  0.510513575262478E+00
-0.318321200746627E+00 -0.628989997964486E-01  0.945893931146528E+00 -0.244647999586845E+00 -0.240857487324490E+00  0.939220435839153E+00
-0.114546560329339E+00  0.624459199768508E-01  0.991453273026501E+00  0.596116899886734E-01  0.158589662106453E+00  0.985543385899198E+00
-0.189820038056982E-01  0.903906757267270E-01  0.995725468828224E+00  0.232949051045341E-01  0.653007618734300E-02 -0.999707309916837E+00
-0.122771299051355E+00  0.976361606482458E-01  0.987620568975309E+00 -0.923859130507074E+00  0.334141047940491E+00  0.186638868031136E+00
-0.173306575664607E-01 -0.331243014010146E+00  0.943386301563569E+00 -0.424267940614603E+00  0.538080185581381E+00 -0.728331262854582E+00
-0.144039781939156E+00 -0.233538092738489E+00  0.961619727573737E+00 -0.236813981424697E+00  0.937907230581588E+00 -0.253474190056028E+00
 0.750495468744784E-01 -0.824774982335263E-01  0.993763064215547E+00  0.310178275190938E-01 -0.121148842968620E+00 -0.992149611814347E+00
-0.962059670809270E-01  0.170416709670661E-01  0.995215551199173E+00 -0.370220035383112E+00 -0.872386416558795E-01  0.924838658795665E+00
-0.151905213179716E+00 -0.264493055509430E+00  0.952348796290577E+00 -0.636465328372431E-01  0.651710853755149E+00 -0.755792353729205E+00
 0.190104489485416E+00  0.955850619644217E-02  0.981717331025984E+00 -0.486316509869579E+00  0.178594957860534E+00 -0.855336245727413E+00
 0.122247515945286E+00  0.501128297625915E+00  0.856694796391200E+00  0.406153018442234E+00  0.692941544904137E+00  0.595711122068516E+00
-0.153097160429845E+00 -0.104769812180735E+00  0.982641616218208E+00  0.349867669950695E+00  0.366834929543357E+00 -0.861988832868612E+00
 0.984191648785639E-02 -0.963308611398779E-01  0.995300709269262E+00  0.113374512788997E+00  0.982833523394085E+00  0.145548909795387E+00
-0.495759778820414E+00 -0.191740901171512E+00  0.847028729454834E+00  0.958951672601083E+00  0.271113916585975E+00 -0.831199966855058E-01
 0.101171334917442E+00 -0.326968544459293E+00  0.939604135753560E+00  0.278337522664555E-01 -0.964051768280088E+00  0.264252663772391E+00
 0.150749159906914E+00  0.582009536129991E-01  0.986857304672716E+00 -0.582265746384119E+00  0.840314900308554E-01 -0.808644117811376E+00
-0.268244235645776E-01  0.775941656424375E-01  0.996624099527340E+00  0.477646105321483E+00  0.240220251427107E+00  0.845073031681592E+00
-0.274285728642162E+00 -0.676212665279947E-01  0.959267795444207E+00 -0.861698320905661E-01  0.647190283057754E+00 -0.757442735494314E+00
-0.175828822595415E-02  0.300134364933480E+00  0.953895314700985E+00  0.896230899841398E-01 -0.848980748250875E+00 -0.520768077786148E+00
 0.330535380267117E+00  0.710052690522276E-01  0.941118809799535E+00 -0.946139124556972E+00 -0.756395951523741E-01 -0.314800585494612E+00
-0.181123597496240E+00  0.168335705146017E+00  0.968946506677749E+00 -0.509608050801901E+00  0.237278513079267E+00  0.827042043543603E+00
 0.840808705051835E-01 -0.932705403097046E-03  0.996458497517946E+00  0.353666120263710E-01  0.680635452673366E-01  0.997053938640943E+00
 0.199370459675168E+00  0.175545575826623E+00  0.964072181227428E+00  0.403951399697094E+00  0.614773855524266E-01  0.912712330226998E+00
-0.119635254124303E+00  0.157368089432727E+00  0.980266642500349E+00  0.422199071832184E-01  0.191309748204191E+00  0.980621262098415E+00
-0.184815127808622E+00 -0.175610324950900E+00  0.966956246323339E+00 -0.249771643847377E+00 -0.569113387259770E+00  0.783405436776827E+00
-0.215918756133489E+00  0.393357244032679E+00  0.893671734652485E+00  0.443485078196266E+00 -0.127421166210130E+00 -0.887178015856402E+00
 0.133732549810029E+00  0.184643448965528E-01  0.990845433500528E+00  0.970882485376246E+00 -0.706090003371147E-01  0.228913889183328E+00
-0.431776326533480E+00 -0.498840542946436E-01  0.900600235938445E+00 -0.706387515402356E+00 -0.648509898000186E-01  0.704848229908853E+00
-0.105831275102521E+00 -0.189360098703579E+00  0.976187735135586E+00 -0.126051392348756E+00 -0.742316659776581E-01 -0.989242491127995E+00
-0.227355882425851E+00 -0.144460295416145E+00  0.963037136238600E+00 -0.210387529777219E+00 -0.818012760627925E+00  0.535343077627909E+00
-0.171860149017827E+00  0.175814731904248E+00  0.969305560298200E+00  0.325246941048417E+00  0.368107509849873E-01  0.944912374747293E+00
-0.162678849910040E+00 -0.559553764100424E+00  0.812671629179335E+00 -0.163958348235101E+00 -0.888545729180635E+00  0.428490545051896E+00
-0.253905132906591E+00 -0.943295748536390E-01  0.962618364042375E+00  0.348406601535957E+00  0.210609644505544E+00 -0.913376383342274E+00
-0.259306819967787E+00  0.438456273848944E+00  0.860532433462385E+00  0.199187162207824E-01 -0.996181706778110E+00 -0.850014813092593E-01
-0.102846212734634E+00  0.125150147371566E-01  0.994618535385437E+00 -0.705421209482642E+00 -0.231567537842896E+00  0.669893568135585E+00
 0.387326679801504E+00  0.453813290948917E+00  0.802515756899550E+00 -0.105022789311972E+00 -0.925144139287358E+00 -0.364799308205740E+00
 0.205314933893109E+00 -0.521274682170367E+00  0.828322692945600E+00  0.425572696093808E+00 -0.806959772475597E+00  0.409516551491610E+00
-0.221908807831056E+00  0.284100027960786E+00  0.932761306615835E+00 -0.103724142265322E+00 -0.298376545774505E-01  0.994158446466478E+00
 0.271198686920376E+00  0.219659734967110E+00  0.937123723446826E+00  0.181870477987399E+00 -0.355681458065414E+00  0.916740873761553E+00
 0.300260022460469E-01  0.193960475005809E+00  0.980549730163974E+00  0.451743482631327E+00 -0.170542071630828E+00 -0.875695853423999E+00
-0.631377481655953E-01  0.136122365595648E+00  0.988678070122536E+00 -0.526707531002802E-01 -0.578462407632778E-02  0.998595178183905E+00
-0.420746501866262E-01 -0.178281637251968E+00  0.983079539829016E+00 -0.607931048365020E-01 -0.187266794445407E+00  0.980426104355897E+00
 0.292566707388052E+00 -0.164671651145839E+00  0.941959642998052E+00  0.945099573002997E+00 -0.786964801634870E-01  0.317165037668768E+00
 0.301923899373673E+00 -0.854213067487428E-01  0.949497319290757E+00  0.867349591736240E+00  0.270029330478919E+00  0.418077560263744E+00
 0.285933636581599E+00 -0.208863963354445E+00  0.935210030037689E+00  0.403405488375086E+00 -0.520031657377664E+00  0.752881854791240E+00
 0.184219759866505E+00 -0.593427398021674E+00  0.783522177957940E+00  0.257766922889432E-01  0.684971064841923E+00 -0.728114141095999E+00
-0.131589073157677E+00  0.266633666226975E+00  0.954772645114985E+00 -0.682412392062372E-01  0.367387583249796E+00  0.927561047557233E+00
-0.217544912056158E-01 -0.221019121670737E+00  0.975026814999608E+00  0.919130893148142E+00 -0.270396170296727E+00  0.286503599191288E+00
-0.165917073314508E+00  0.255993347182048E+00  0.952333413769190E+00  0.769232541007658E+00 -0.623373078032324E+00 -0.140311451561901E+00
-0.151109976538065E+00 -0.768370544671297E-01  0.985526175223916E+00 -0.560624331476435E-01  0.715400739748877E+00 -0.696461617862985E+00
 0.315029222314484E+00 -0.377232926177976E+00  0.870891444724963E+00 -0.526561106237862E+00  0.686654794943779E+00 -0.501237063651798E+00
 0.204141101149435E+00  0.112624993283591E+00  0.972441269028298E+00  0.904935746184648E-01  0.672999672733025E+00  0.734086066789184E+00
-0.371871946026301E+00 -0.354133776391127E+00  0.858079555855732E+00 -0.739518971901928E+00 -0.480477639384987E+00  0.471437088324780E+00
 0.160627441480986E+00 -0.218391008208455E+00  0.962550877916055E+00 -0.410359517312394E+00 -0.554119292020635E+00  0.724262988673099E+00
 0.114309440673822E+00  0.494239928131369E+00  0.861777375668181E+00 -0.364146915411568E+00 -0.743673268679207E+00 -0.560666650914984E+00
 0.152035450319489E+00 -0.571461676723389E-01  0.986721610874372E+00  0.505760478102734E+00 -0.433879422468995E+00  0.745623890139838E+00
-0.160529468106091E+00 -0.235153051173464E-01  0.986750890698769E+00 -0.514354751811028E-01  0.387555137763859E+00  0.920410455767279E+00
-0.432312527711629E+00  0.141564126774042E+00  0.890542237288207E+00  0.718223913658331E+00 -0.173556985193450E+00 -0.673819250793468E+00
-0.118538548976760E+00  0.309027412440766E+00  0.943636938004575E+00  0.157905279920316E+00  0.487321761192727E+00  0.858826771614221E+00
 0.529504821136842E-01 -0.904513235250356E-01  0.994492234517946E+00  0.246197864437562E-02 -0.382860264346180E-02 -0.999989640177814E+00
-0.336889814970878E-01 -0.430488250846120E-01  0.998504807792393E+00  0.793890797753962E+00  0.498722298343694E+00 -0.347869904384327E+00
 0.621934831359608E+00  0.151175132668789E+00 -0.768337910560366E+00  0.100893041410393E-01 -0.462088359077620E-02  0.999938424792642E+00
-0.300384360587985E+00  0.509138098362328E+00  0.806565330714221E+00  0.464959632685081E+00 -0.856998029115551E+00 -0.222186673915013E+00
-0.100371653621995E+00 -0.169407396524519E+00  0.980421677214438E+00 -0.417270605065329E-01 -0.531528907667294E-01  0.997714198868907E+00
-0.137687081093520E+00  0.370233482965494E+00  0.918678091494070E+00  0.302811125623613E+00 -0.401831552936667E+00 -0.864197214334244E+00
-0.954205750820879E-01  0.717003919046561E-02  0.995411223760819E+00 -0.301620863285856E+00 -0.141737393960906E+00  0.942833689461649E+00
-0.156417254963204E+00  0.246813035367314E+00  0.956356088453746E+00 -0.399181136110358E+00  0.535926998949666E+00  0.743933244565968E+00
 0.116353366574137E-01 -0.632265120381121E-01  0.997931373951317E+00 -0.248378862153290E+00 -0.196477524610033E+00  0.948527555297447E+00
 0.116148081971795E+00  0.893569522305545E-01  0.989204204470614E+00  0.227051278081533E+00  0.194100285674750E-01  0.973689359042478E+00
-0.537919142370452E-01  0.291340885801768E+00  0.955105710496464E+00  0.892020145804667E-01 -0.309310725617123E+00 -0.946768121354429E+00
-0.341116249755464E+00  0.882510627667498E-01  0.935869357374900E+00 -0.785319238492033E+00  0.172157336821641E+00  0.594672636862310E+00
 0.443268987911841E+00 -0.357748386741369E+00  0.821905527502742E+00 -0.551238949899789E+00  0.662411744579798E+00 -0.507293111283926E+00
-0.339719151165797E-01  0.760347009203662E-01  0.996526283265656E+00  0.147670552133609E+00 -0.718498487805951E-01  0.986423340793779E+00
-0.193331418053897E+00 -0.233841204576415E-01  0.980854803578844E+00  0.156182672437701E+00  0.989009492906003E-01  0.982764252025701E+00
-0.251735810838543E-01 -0.119062359647114E+00  0.992567602398283E+00  0.175192514887366E+00  0.254367557055279E+00 -0.951107106820872E+00
-0.978826237745348E-01  0.896331009024241E-01  0.991153317698946E+00 -0.579272329995595E+00  0.158480664217675E+00  0.799579543741958E+00
 0.174331725749524E+00 -0.520822102852782E-02  0.984673206617764E+00 -0.921512912345498E+00 -0.352663195784027E+00  0.162611877548704E+00
-0.977355687522405E-01  0.110234976749541E+00  0.989088473546075E+00 -0.790916105076195E+00 -0.611902851089286E+00 -0.515902703086498E-02
 0.220083513523814E+00  0.489237212257588E-02  0.975468765143214E+00 -0.770630317639575E-01  0.457886353552808E-01  0.995974241638632E+00
 0.142142080244481E+00 -0.121574110664516E+00  0.982351955584099E+00 -0.382687668606826E+00  0.908497289800298E+00 -0.167877403845144E+00
-0.826383670673258E-01 -0.394457510202136E+00  0.915190784991620E+00 -0.338920059986584E-01 -0.780302155694570E+00  0.624483688936543E+00
 0.375837405895001E-01  0.161847865525124E+00  0.986099757057197E+00  0.281377623143153E+00  0.378196266138807E+00  0.881926424070044E+00
 0.244226966519636E+00  0.285750797695928E-01  0.969296989390134E+00 -0.363216693528891E+00  0.986191733045613E-01 -0.926470664510574E+00
-0.214429098428544E-01 -0.351961902796282E+00  0.935768679000046E+00  0.105762407639006E+00 -0.856131133161163E+00  0.505819924442072E+00
-0.507536229654547E+00 -0.255156169578916E+00  0.822983781561862E+00 -0.783057561765689E+00 -0.461117301070066E+00  0.417362779384353E+00
 0.854106236647165E-01 -0.101001863579574E-01  0.996294640957552E+00  0.258366228723733E-03 -0.981815834810426E-01 -0.995168483178626E+00
-0.408579641138474E+00  0.265760531673831E-02  0.912718803345881E+00 -0.385551544359923E+00 -0.872462869384694E-01  0.918552171657728E+00
-0.334242907804780E-01  0.201146715610460E+00  0.978990712716391E+00  0.869233188527787E+00  0.319096013834376E+00 -0.377639243083699E+00
-0.957080969374701E-01  0.639695732872648E-01  0.993351827840495E+00  0.225956976738988E-02 -0.207430190977888E-02  0.999995295796962E+00
 0.555018495008374E-01 -0.603855806270764E-01  0.996630887718375E+00  0.940097159476385E+00 -0.337686358782068E+00 -0.467466986742521E-01
-0.296654174818387E+00 -0.179998074611790E-01  0.954815326382114E+00 -0.483253003449869E+00 -0.212755689147712E-01  0.875222191688507E+00
 0.121026864619177E+00  0.248049265873313E+00  0.961157666431560E+00 -0.708497764240786E+00  0.705258059648636E+00  0.253374696141669E-01
-0.154303613901873E+00  0.202415590284369E-01  0.987816113466935E+00  0.998895435974939E+00 -0.925387885634008E-03 -0.469792682541800E-01
-0.167415230460187E+00 -0.141386782772074E+00  0.975695607383432E+00 -0.854318595466160E+00 -0.519749563492277E+00  0.358734323838117E-03
-0.275842553619115E+00  0.283988297410930E+00  0.918292727046516E+00  0.287002192536120E+00 -0.547062959320984E+00 -0.786353521018650E+00
 0.390631806794967E+00  0.503649700360856E+00  0.770547708352000E+00 -0.256885100407543E+00 -0.716488228731060E+00 -0.648578956857555E+00
 0.126766045718617E+00 -0.149707264228367E+00  0.980570295639290E+00  0.874574137675152E+00  0.322069178504070E+00  0.362479684903136E+00
 0.165973476000909E+00  0.215906516183347E+00  0.962204334605569E+00 -0.138274363122349E-01 -0.866183197215019E+00 -0.499535254879371E+00
-0.128906890615158E+00  0.263817527752284E+00  0.955920146038676E+00  0.295492987218707E+00 -0.455525796074089E+00 -0.839750048297487E+00
-0.202504100257888E+00  0.494441212450986E+00  0.845292834944637E+00  0.247754524869729E+00  0.934752134817067E+00  0.254668690383231E+00
-0.676678586287832E-01 -0.355580707790217E+00  0.932192802566080E+00 -0.112954682157570E+00  0.856725953235831E+00 -0.503251309815323E+00
-0.348094305803158E-02  0.248284360118827E+00  0.968680937954191E+00 -0.147516099959020E+00  0.642247328122958E-01  0.986972230586084E+00
 0.194578588127416E+00  0.279727276610314E+00  0.940155212591260E+00  0.518032876615771E+00  0.643688361881020E+00  0.563300303145771E+00
 0.126783546319077E+00 -0.151599885667921E+00  0.980277209287369E+00 -0.372557876565461E-01  0.415491198481911E+00 -0.908833906866461E+00
-0.423895357917784E+00  0.591124708235395E-01  0.903780084605149E+00  0.129106338549113E+00 -0.541229800167726E+00 -0.830904240425361E+00
 0.323082407965525E+00  0.209571147355805E+00  0.922874689142123E+00 -0.249100605399785E+00 -0.936801357950394E+00 -0.245666652461742E+00
 0.141739040082290E+00  0.163196754574142E-01  0.989769525045864E+00  0.935045500519221E-01 -0.102294033033303E+00  0.990349852287246E+00
 0.137420863176221E+00 -0.437505932492694E-01  0.989546053478179E+00  0.639427852022273E+00 -0.430848444962696E-01  0.767642962732620E+00
-0.764164202062573E-01  0.144841255688308E+00  0.986499640837996E+00 -0.754171067688914E-01 -0.233648060227190E+00 -0.969391997057269E+00
 0.163045726305821E+00 -0.255119861544922E+00  0.953063454014845E+00  0.462987291877798E+00 -0.740525418056078E+00  0.487098422059171E+00
 0.680123648153405E-01 -0.532274255463171E-01  0.996263599356082E+00  0.390318110812327E+00 -0.414790591740029E-01  0.919745214731741E+00
 0.223129890008613E+00  0.356567767271737E+00  0.907233420640792E+00 -0.826612188570700E+00 -0.649058267061489E-01 -0.559016568060330E+00
 0.109626617313422E-01  0.219749183229849E+00  0.975494805992107E+00  0.106143327006194E+00  0.590486526002001E+00  0.800037034606613E+00
-0.467220989860814E+00  0.304613727613920E+00  0.830009050301642E+00  0.711728371875383E+00 -0.651657433093098E+00 -0.262269545624593E+00
-0.161927745573924E-01  0.497040855487311E-01  0.998632714230761E+00  0.913764248227517E-01 -0.117347437462771E+00 -0.988878115799684E+00
 0.119634383850395E+00 -0.779780126366485E-01  0.989751000881522E+00 -0.848225773135627E+00  0.433751565249297E+00 -0.303928638716810E+00
-0.825167537592545E-01 -0.249831828631977E-01  0.996276480663404E+00 -0.699536529563849E+00 -0.318914085289739E-01  0.713884851966901E+00
 0.174012382107230E+00  0.610776190835578E+00  0.772445555092233E+00  0.136222539629523E-02 -0.985991955364635E+00 -0.166787314560168E+00
 0.879296405841722E-01  0.136239461700705E+00  0.986766024639195E+00  0.605880677720449E-01 -0.558436410950857E+00 -0.827331772004421E+00
 0.111000995432315E+00  0.215342874999250E+00  0.970209371836869E+00  0.173864229451589E+00  0.158940618681366E+00  0.971858585109166E+00
-0.846437653544063E-01  0.147081704495821E+00  0.985496019874881E+00 -0.130940207480651E+00  0.310812229778018E-01  0.990902931493861E+00
-0.272493810819168E+00 -0.132094458627795E+00  0.953046786398798E+00  0.780029157238108E+00  0.827284502451839E-01 -0.620250366689482E+00
 0.893887006807516E-01  0.275262903780604E+00  0.957204259284755E+00 -0.166940639514195E+00 -0.985673458999607E+00  0.240552510346949E-01
-0.335010294383592E+00 -0.391387147891013E+00  0.857078878005261E+00  0.467160542065080E+00  0.814581940314287E+00 -0.343827413757646E+00
-0.678242520071663E-01  0.137504291904969E+00  0.988176320576131E+00  0.277572666390474E+00  0.638207444010762E+00  0.718084029401945E+00
-0.492797913081347E-01 -0.346986092589858E+00  0.936574692012254E+00 -0.816582602572471E-01  0.705914413760579E+00 -0.703574281065488E+00
-0.450475405843967E+00 -0.296040968106282E-01  0.892297879736212E+00 -0.863246962868919E+00 -0.349046483911308E+00  0.364652208503858E+00
-0.185549905409848E+00  0.317795516402959E+00  0.929826458193449E+00 -0.765173375102267E+00  0.622101761034494E+00  0.165828540825716E+00
-0.117973032649268E-01  0.248492641220277E+00  0.968561939627531E+00  0.631093780138904E-01  0.968025512471742E-01  0.993300796576112E+00
-0.686803441979394E-01  0.901204974077601E-01  0.993559915791610E+00  0.784218733206613E-01  0.317923690065528E-01  0.996413194943659E+00
-0.699058969214190E-01  0.158755013874923E+00  0.984840094200670E+00  0.331509626811260E-01  0.171939925175947E+00 -0.984549478596076E+00
 0.164459456492365E+00  0.319482694493936E-01  0.985866317128963E+00  0.286970966992219E+00 -0.429687700237698E+00  0.856163620091387E+00
-0.110318366776196E+00 -0.172527898045757E+00  0.978807428633306E+00 -0.215971699075244E+00 -0.194531263438641E+00  0.956824860015415E+00
 0.195773091545154E-01 -0.131279498692083E+00  0.991152068145663E+00 -0.299677703311698E+00  0.124045684533033E+00  0.945941828172619E+00
 0.289030209199428E-01 -0.875996510598795E-01  0.995736368983221E+00  0.771815722596086E+00  0.180084664088356E+00  0.609811449641334E+00
 0.181827320488735E+00 -0.372330648225789E+00  0.910114670750698E+00  0.120780123909763E+00 -0.513918133106986E+00  0.849294009240718E+00
 0.180127685599205E+00 -0.683524933064264E-01  0.981265485757789E+00 -0.750249032083036E+00 -0.559699338433443E+00 -0.351941813963096E+00
 0.231722794177160E+00 -0.520378008162267E+00  0.821894929586380E+00  0.289039073389080E-01 -0.824517699306972E+00  0.565097449711181E+00
 0.257891239566333E-01 -0.196533442506390E+00  0.980157909248370E+00 -0.969022423067646E+00 -0.199169083741247E+00 -0.146038418485618E+00
-0.989845417979792E-01  0.371036523517359E-01  0.994396992889261E+00 -0.315499441570141E+00 -0.111788213904200E+00 -0.942318150945337E+00
 0.328496985950942E+00  0.854608587196906E-01  0.940630730865221E+00 -0.182258541805794E+00 -0.127743226745831E+00 -0.974917171845582E+00
-0.106649018524330E+00  0.389298331918504E+00  0.914916824423547E+00 -0.198309863928170E+00  0.683435152632096E+00  0.702559314232994E+00
 0.190069469574020E+00  0.292101083687508E+00  0.937310276079610E+00 -0.671456947770498E+00 -0.639987022595424E+00 -0.373580216553514E+00
-0.418601738725312E-01 -0.461357780962068E-01  0.998057721688891E+00 -0.948464725992410E-02  0.190660919788586E-01  0.999773237090796E+00
-0.137759031443560E+00  0.360469145846061E+00  0.922542380678928E+00  0.847753181009299E-01 -0.555210070127081E+00 -0.827378343607305E+00
 0.699240613177071E-01  0.224896841764043E+00  0.971870380356041E+00  0.110234480544250E-01  0.369175229299510E-01 -0.999257514404424E+00
 0.493459035683894E+00  0.134519203869718E+00  0.859303650575382E+00 -0.615100707629332E+00 -0.715545123794968E+00 -0.331128819777348E+00
 0.493469120736053E-01 -0.921729149767250E-01  0.994519500066989E+00  0.150401857980763E+00  0.766139087793729E+00 -0.624828119782174E+00
-0.115081066549006E+00  0.471245985834993E-02  0.993344925413135E+00 -0.748363264834976E+00 -0.576180347590598E+00  0.328585804465002E+00
-0.301736692827193E+00  0.420062542482974E-01  0.952465454914631E+00  0.261308103878035E+00  0.957241721008108E+00  0.124122368689536E+00
-0.270632994591610E+00 -0.372737760505836E+00  0.887594695867135E+00  0.412939675086740E+00  0.558797964687155E+00 -0.719184023321396E+00
-0.685099590277111E-01 -0.966049795262733E-01  0.992962166169865E+00 -0.275396251480647E+00  0.326416824984471E-01 -0.960776469962748E+00
-0.369691343999473E+00 -0.196229071084219E+00  0.908197369426540E+00 -0.758196582197601E+00 -0.393741433981943E+00  0.519716870911192E+00
 0.397328630015559E+00  0.654649923753090E+00 -0.643088980701763E+00  0.274234149198543E-01  0.283400027593840E-01  0.999222097712882E+00
-0.250981833154474E+00  0.176883490341072E-01  0.967830171949019E+00 -0.294143983508629E+00  0.326341033560057E+00  0.898321126758482E+00
-0.499264982617222E+00 -0.291108572250867E+00  0.816082272993531E+00 -0.576040460192102E+00 -0.441698215415767E+00  0.687808167093266E+00
 0.405958742120366E+00 -0.567754388541869E-02  0.913873768740235E+00 -0.599990777106044E+00  0.544634431756371E+00 -0.585990104978831E+00
 0.523622099693881E+00  0.276617885137973E+00  0.805793051802984E+00  0.782641008427116E+00  0.524224789466412E+00  0.335650744133069E+00
-0.567386451196846E-01  0.182898007506720E+00  0.981493273028427E+00 -0.105395594781664E-01 -0.992747350044117E+00 -0.119756489036668E+00
 0.167487671666999E-01 -0.463581407941126E-01  0.998784462023969E+00 -0.786618745344975E-02  0.218949323920524E+00  0.975704523229083E+00
-0.239314193136219E+00  0.257560064374374E+00  0.936157855387129E+00  0.695240523250201E+00 -0.554386376529701E+00 -0.457489191510636E+00
-0.180718000635679E-01  0.124100498156079E-01  0.999759671474118E+00  0.193433717170863E+00 -0.143833163565428E+00  0.970512966487426E+00
-0.232734910637676E+00  0.786405850253525E-01  0.969355517731933E+00  0.363912205634362E+00  0.145787671527402E+00 -0.919953184363722E+00
-0.405080327369598E-01 -0.139622154930986E-01  0.999081656233516E+00 -0.505696273407378E+00 -0.304756964248201E+00  0.807090126196642E+00
 0.330790824377006E+00  0.147197946425829E+00  0.932153525486011E+00  0.572401624380267E+00  0.139560342500916E+00  0.808009462325695E+00
 0.867770040665030E-01  0.195083684870528E+00  0.976940175989594E+00  0.164176692777205E+00 -0.330682020548317E+00 -0.929352147915322E+00
-0.365736143824584E+00 -0.347015645930766E+00  0.863607095026191E+00  0.597326251480504E+00  0.771387690519132E+00 -0.219459290547950E+00
-0.250469915420741E+00 -0.260776788575276E+00  0.932341293738239E+00 -0.691407588168890E-01 -0.991010698549454E+00  0.114531003796997E+00
-0.270415280811194E+00 -0.583929292044443E-01  0.960971301196205E+00  0.455171946703151E+00 -0.875326124505045E+00 -0.163164563228179E+00
 0.149997209519400E+00 -0.434430178326395E-01  0.987731512779655E+00  0.283723211775418E+00 -0.380360142329737E+00  0.880242751305993E+00
-0.925099984275004E-02  0.235366585352572E+00  0.971862639214709E+00  0.346315130634216E+00  0.728561057150830E-01  0.935284886092916E+00
-0.313428942258428E-01  0.452595928446163E-01  0.998483446150755E+00  0.853995830254078E+00  0.415657765696592E+00 -0.312921305961682E+00
 0.279062202479058E+00  0.139598857716125E+00  0.950071811007931E+00  0.170062256483424E+00 -0.972340486330135E+00 -0.160102490808368E+00
 0.565476067796289E-01  0.360190860396783E+00  0.931163203876808E+00 -0.258031750198729E-01  0.492916216007525E+00  0.869694084236358E+00
-0.288926172178036E+00  0.110367116427695E+00  0.950968331040515E+00  0.820251309070817E+00 -0.107261189614753E+00 -0.561856589504865E+00
 0.438314179433683E+00  0.378272207978290E-01  0.898025490436707E+00 -0.840972162072669E+00 -0.377378545378322E+00 -0.387751539141965E+00
-0.187631379374361E+00  0.328807030041883E-01  0.981689016361100E+00 -0.336517664318907E-01  0.498319180367927E-02 -0.999421195700522E+00
-0.528234178919709E-01  0.150466677891934E+00  0.987202849148226E+00 -0.221914609867526E+00 -0.507053462882608E-01  0.973746822220813E+00
-0.408339151224367E-01  0.301171590686570E+00  0.952695263103105E+00 -0.187914214418113E+00 -0.639945685562949E+00 -0.745089100409468E+00
 0.160907134114766E+00  0.787786765647097E-01  0.983820519357919E+00 -0.471977415231318E+00 -0.149408732504446E+00 -0.868858072508381E+00
-0.461687376994264E+00 -0.289815290443867E+00  0.838362608510836E+00 -0.767652800347649E+00 -0.950062981564440E-01  0.633784649095433E+00
 0.452776332062935E-01 -0.168174825416745E+00  0.984716793818042E+00 -0.143408836752863E+00 -0.511469366502236E-01  0.988340981854182E+00
-0.202160949278736E+00  0.159951539709986E+00  0.966202077999797E+00  0.487351879735463E+00 -0.192813258715375E+00 -0.851652037267492E+00
 0.102733573008665E+00  0.493881265630033E+00  0.863439116809373E+00 -0.381691150163110E+00 -0.472289926558408E+00 -0.794515003734112E+00
-0.150251196933320E+00 -0.318433628124971E+00  0.935961859425517E+00  0.251475537543098E+00  0.681277031558591E+00 -0.687474843385650E+00
 0.753652507506302E-01  0.108632801353884E+00  0.991220960961431E+00 -0.420428029547253E-01  0.784996305833095E-01  0.996027213844077E+00
-0.179677438942948E+00  0.152008899809636E+00  0.971910135924905E+00  0.675992375875800E+00  0.523352690499937E+00  0.518783451070163E+00
 0.833196786847785E-01  0.150455032797568E+00  0.985099545350493E+00  0.419289044307899E+00 -0.261189210296941E+00  0.869469317312479E+00
 0.113440977537697E+00 -0.116680281738072E+00  0.986669578161208E+00  0.221664860351000E+00 -0.974975017050700E+00  0.169825149067546E-01
-0.119555075463771E+00 -0.229281765324003E-01  0.992562785244213E+00 -0.962923534992670E+00  0.259114394234024E+00  0.750865930639739E-01
 0.219096995772157E+00 -0.138505099865446E-02  0.975702100068124E+00 -0.921932768879462E-01  0.166532034071586E+00 -0.981716599291589E+00
 0.907824618572813E-01 -0.955496087085428E-01  0.991276357477962E+00  0.657478862682888E-01  0.212074736156917E+00 -0.975039241125826E+00
-0.861030712387595E-01 -0.342261832952598E+00  0.935651163002099E+00 -0.752202187700049E-01 -0.360730147249203E+00  0.929632012978125E+00
-0.556492503176656E+00  0.466537913023793E+00  0.687501614266893E+00 -0.780824051024651E+00  0.621860398708004E+00  0.600287086332553E-01
-0.176270932174857E+00  0.111576665635642E+00  0.977997549156356E+00  0.104607813913617E+00  0.950305611230229E+00  0.293217411714507E+00
-0.847900205726188E-01  0.244018873296930E+00  0.966056645278211E+00 -0.965236396808364E+00 -0.281450774154172E-01  0.259858717178558E+00
-0.220883941621278E+00 -0.290033623726343E+00  0.931177094564731E+00  0.807426843892353E+00  0.469610864925805E+00 -0.357109965284744E+00
 0.251132034829296E+00 -0.193524528464676E+00  0.948409699425845E+00  0.584185138875950E+00 -0.742017546362251E+00  0.328842947935685E+00
-0.116227701786151E+00 -0.154146085830589E+00  0.981188109161856E+00 -0.675958262771005E+00  0.609017416565919E-01  0.734419093471023E+00
 0.129436064957120E+00  0.314591258915878E+00  0.940360912045019E+00 -0.720726415769830E-02 -0.907219648904861E-02 -0.999932873044099E+00
-0.409792393430787E+00 -0.894216871928843E-01  0.907785192733306E+00  0.339506427439853E+00 -0.648551564903418E+00 -0.681260782218055E+00
-0.162061638883272E+00  0.242830929489481E+00  0.956435656427416E+00  0.766390097714321E+00 -0.619200603243964E+00  0.170987809705092E+00
 0.232748404734566E+00  0.126385289869700E+00  0.964289862332933E+00  0.729895707419225E+00  0.373947824102535E+00  0.572202133113788E+00
-0.149713831769438E+00  0.134384333483397E-01  0.988638041492464E+00  0.199770133130946E+00 -0.665228338670158E+00 -0.719418620372719E+00
-0.331496076795883E+00  0.360541887193987E+00  0.871848552586707E+00  0.325733296014921E+00 -0.125442004867269E+00 -0.937103048379492E+00
 0.159244048958921E+00  0.595473952743829E-01  0.985441748956885E+00  0.538810631660089E+00 -0.106112856387467E-01  0.842360079673264E+00
-0.687480240806196E-01  0.786841816371518E-01  0.994526273531827E+00  0.115884424301248E-01 -0.945966464604691E+00 -0.324057334194654E+00
-0.124022848302353E+00  0.804353423161872E-01  0.989013897175085E+00  0.305185733271469E+00 -0.418062203671061E+00 -0.855620045387701E+00
-0.448129882739226E+00 -0.161445967309786E-01  0.893822667083646E+00  0.732373454801881E+00  0.304337568912652E+00 -0.609104068981561E+00
 0.138846797869361E+00  0.122813978935837E+00  0.982668964249595E+00 -0.606054717204922E-01 -0.255204048124718E-01 -0.997835500338480E+00
 0.349311713863519E+00 -0.342896958513801E+00  0.872010895803324E+00 -0.429631606254545E+00  0.902902331729291E+00 -0.135669548885839E-01
 0.243852932017098E+00  0.870807834706040E-01  0.965894758603032E+00  0.642893825096047E+00 -0.200771988353374E+00  0.739173956755787E+00
 0.112237510064984E+00 -0.758619434960465E-01  0.990781361786452E+00  0.162258640472113E+00  0.180616939029385E-01  0.986582945730108E+00
-0.149599346373865E+00  0.165823890173018E+00  0.974742259785837E+00 -0.370531867986858E-01  0.940054544011357E+00  0.339005185257780E+00
-0.303008446785637E+00 -0.334970066495694E+00  0.892177636868592E+00  0.885450517197854E+00  0.200597483086415E+00 -0.419211201393103E+00
 0.144089032443969E+00 -0.166735040745775E+00  0.975416719621345E+00 -0.606618943227755E+00  0.253997647605876E-01 -0.794586879873654E+00
 0.420234148993263E+00 -0.307415086025860E-01  0.906894822826079E+00  0.827699340095124E+00 -0.285651735205841E+00  0.483028869302849E+00
 0.892962723078094E-01 -0.380276293761612E+00  0.920552071397844E+00  0.729808706507390E+00 -0.681358776867200E+00  0.559416579307735E-01
-0.294783170956924E+00  0.293419893799230E+00  0.909399608556893E+00  0.818671705011634E+00  0.140649525973109E+00 -0.556771362640792E+00
 0.244979315062034E+00 -0.344635048647492E+00  0.906207381582979E+00  0.223329939677572E+00 -0.833781246385515E+00  0.504908478062538E+00
-0.148485220142385E+00 -0.131994806987973E+00  0.980066074470224E+00  0.770766830235739E-01  0.285860807797180E+00 -0.955166364304997E+00
-0.110333888229842E+00 -0.778503407835344E-01  0.990840934533880E+00 -0.280055107005661E+00  0.532994668863881E-01  0.958503157986282E+00
 0.250919822263845E+00 -0.543224822913737E-01  0.966482442009571E+00  0.978765355419306E+00 -0.204655764656997E+00 -0.115929730259140E-01
-0.193771351353015E+00 -0.179338152923296E+00  0.964515676544911E+00  0.298563210688216E+00 -0.931218545778769E+00  0.209026384031344E+00
 0.157088512279526E+00 -0.147881938036317E+00  0.976449758928962E+00 -0.374264798569359E-01  0.152275168647612E+00 -0.987629248057620E+00
 0.238182753509850E+00 -0.100251005839214E+00  0.966032458957095E+00  0.588786738070811E-01 -0.345162954761042E-01  0.997668245018015E+00
-0.400287900020268E+00 -0.804392237442270E-01  0.912852194158939E+00  0.385109819028114E+00 -0.244874761764264E+00 -0.889790300205070E+00
 0.163347056310383E+00 -0.352836029592171E+00  0.921316707444495E+00 -0.381816242939874E+00 -0.110400135195935E+00 -0.917620927603550E+00
 0.507456049335988E+00 -0.534446859293324E-01  0.860018618134646E+00  0.672547799427084E+00  0.739747371221760E+00  0.212904733691679E-01
 0.124900440130622E+00 -0.221440710636947E-01  0.991922134127424E+00 -0.502091341578989E+00 -0.451442898701485E+00 -0.737633780356764E+00
 0.458465654304168E-01  0.457461892858372E+00  0.888046569173413E+00 -0.179354638058223E+00 -0.673088040472250E+00 -0.717484775852582E+00
 0.132899991862242E+00  0.273716711924899E+00  0.952584250224639E+00 -0.549714309662263E+00 -0.510663751101404E+00 -0.661087521485306E+00
-0.553918691739634E-01  0.244585349667032E+00  0.968044290080609E+00  0.379171026495607E+00 -0.758253571181312E+00 -0.530359174953215E+00
-0.220174224109585E+00 -0.977981671855824E-01  0.970545634956380E+00  0.264246286550282E-01 -0.995833538898157E+00 -0.872771551210040E-01
-0.484702721903770E-01 -0.722575553552545E-01  0.996207547857309E+00 -0.229890261732319E-01 -0.867348938355981E-01  0.995966145442170E+00
 0.633752442727017E-01  0.132337385983313E-01  0.997902022533318E+00  0.923436127137299E+00 -0.354318632386645E+00  0.147390725085819E+00
 0.150589700301216E+00  0.435128778153926E+00  0.887685579800337E+00 -0.881473167963288E-01 -0.689643837888183E+00 -0.718763818931132E+00
 0.905655047117901E-01 -0.455916285815251E-02  0.995880064761983E+00 -0.265261120515945E-01  0.354638782210175E-01 -0.999018858040703E+00
 0.489535734581354E+00  0.138481426400150E+00  0.860916755040854E+00  0.674634172992064E+00 -0.276444995868993E+00  0.684431805872803E+00
 0.571968564073957E-01  0.253766651929802E+00  0.965572890042720E+00 -0.185328078730994E+00 -0.885789614306584E-01  0.978676285002219E+00
-0.646337199322791E-01 -0.221046256508285E+00  0.973119229453097E+00  0.154797033780346E+00  0.634078528957221E+00 -0.757616194024555E+00
 0.428213097699987E-01  0.110062566602020E-01  0.999022120748040E+00  0.982122206540029E-01 -0.110541853051801E-01  0.995104097419686E+00
 0.387689004554845E+00  0.447499596489886E-01  0.920703359860649E+00 -0.805911848568756E+00  0.553962460764915E-01 -0.589438163217418E+00
 0.205414483006393E+00  0.195170446166315E+00  0.959016885729578E+00  0.255147702733591E-01  0.258461475555706E+00  0.965684556235350E+00
 0.227679418878820E+00 -0.157076834950584E+00  0.960983324590447E+00  0.573481935526424E+00 -0.221982439873618E+00  0.788569759762966E+00
-0.180301399534411E-01 -0.156378917500015E+00  0.987532555521479E+00  0.775634835899391E-01 -0.780741020064500E-01  0.993925721877284E+00
-0.680277665313495E-01  0.648097154532664E+00  0.758513217595726E+00  0.394741991490858E+00 -0.378223390291908E+00 -0.837332566660300E+00
 0.190092746290217E+00  0.477828627195938E-01  0.980602644213324E+00  0.252687900753527E+00  0.443646246826057E+00  0.859841167012797E+00
-0.139712900641918E+00  0.268935117516532E+00  0.952971252431358E+00  0.782102575192117E+00 -0.381048613351424E+00 -0.493069484090038E+00
-0.604046950319943E-01 -0.249694769109450E+00  0.966438717714408E+00  0.606771207923325E+00  0.605694988690923E+00 -0.514744870698069E+00
-0.197940586310134E+00  0.716105207786793E-01  0.977594730757591E+00  0.467416358763773E+00 -0.148059780428670E-01 -0.883913304897155E+00
-0.747004251807011E-01  0.320859966801088E+00  0.944176216700160E+00  0.550554271007925E+00  0.762029937386400E+00  0.340881752521033E+00
-0.114420503944992E+00  0.122536219705365E+00  0.985846247209621E+00 -0.573202954993668E+00  0.242349713339243E+00  0.782754743729422E+00
 0.224244985393512E+00 -0.237125957107168E+00  0.945243601931202E+00  0.147850842321087E+00  0.710075106474930E+00 -0.688428261759758E+00
-0.259434979756161E+00  0.416283091628187E-01  0.964862982581032E+00  0.431162024730390E+00  0.527282896511631E+00 -0.732169417195703E+00
 0.149844269656108E+00 -0.772635685957895E-01  0.985686073665988E+00  0.215250540650804E+00 -0.314722908166629E+00  0.924454810050051E+00
-0.294809269566687E+00 -0.201581472608604E+00  0.934051606967465E+00 -0.151905590831009E+00 -0.206072173830436E+00  0.966674169845807E+00
-0.134799693079870E-01 -0.101809854065461E+00  0.994712543422785E+00 -0.296441727366737E-01 -0.177668580059939E-01  0.999402602447759E+00
-0.652007474806157E-01  0.251003732144630E+00  0.965787755657233E+00  0.790879113353166E+00 -0.510526759217475E+00 -0.337450227714567E+00
 0.571958233031323E+00  0.287553447456194E-01  0.819778573650377E+00  0.806401860226218E+00  0.399417189248299E+00  0.436098553949316E+00
-0.256209299664846E+00  0.815177365103876E-01  0.963177892914633E+00  0.209895297511300E+00 -0.358958494254473E-02 -0.977717279668608E+00
 0.342534230567794E+00  0.343379074431909E+00  0.874506210459145E+00  0.405119911772824E+00  0.723043779874626E+00  0.559540480635488E+00
 0.121324424737451E+00 -0.210683125810511E-01  0.992389293658045E+00 -0.189013249398210E+00 -0.679999612584658E-01  0.979617270581107E+00
 0.221494697015578E+00  0.711987968478648E-01  0.972558908509605E+00 -0.631492170591502E+00 -0.211448561135465E+00 -0.745994064638168E+00
-0.225169637169296E+00 -0.169061662878344E-01  0.974172888166416E+00 -0.811971028058539E+00  0.107915440558374E+00  0.573635169147300E+00
-0.132685597832218E+00  0.118160303334548E+00  0.984089769707924E+00 -0.112962568032295E+00 -0.106951244022282E-01 -0.993541681328755E+00
 0.264219399843355E-01 -0.891845427141224E-01  0.995664601373543E+00  0.165118234246588E+00 -0.266567633431494E-01  0.985913477789687E+00
-0.740274908065993E-01  0.109214923162883E-01  0.997196395706715E+00  0.244175506215224E+00  0.947798500738495E+00  0.205076386164764E+00
-0.136172645366019E+00 -0.372998098446657E-01  0.989982694212163E+00  0.229878059349777E+00 -0.646060546773095E+00 -0.727847406901220E+00
-0.867108391776162E-01 -0.346003074545813E+00  0.934217909683794E+00  0.711360822905005E-01 -0.574256893512191E+00  0.815578738105700E+00
 0.219098240088565E+00 -0.147177563771799E+00  0.964538607787315E+00 -0.432211193873012E+00  0.896045631838836E+00 -0.101467775936039E+00
-0.764844073533108E-01  0.766748119433195E-01  0.994118256871520E+00 -0.339865859551805E+00  0.266230971176850E-01  0.940097020637219E+00
 0.183202892820236E+00  0.202436881652875E+00  0.962006241668399E+00  0.573593820945215E+00  0.397154878140294E+00  0.716420359386050E+00
-0.256864187601575E+00 -0.426919337752492E+00  0.867041330145661E+00 -0.616580976959946E+00 -0.739915405138189E+00  0.268985300881496E+00
-0.861168995158415E-01  0.389736611562890E+00  0.916891080349926E+00 -0.207590060360883E+00  0.499831034193670E+00  0.840877698655549E+00
 0.178496962361158E+00  0.614664757242433E-01  0.982018689633696E+00  0.741905160315583E+00 -0.113311454753374E+00  0.660860989406080E+00
-0.207943177996746E+00 -0.171016408476652E+00  0.963074775267404E+00 -0.691167131143775E-01 -0.163922662145133E+00  0.984048901632189E+00
-0.235100482976780E+00 -0.115365026192097E+00  0.965100343817047E+00  0.125253784843360E+00  0.978245494476808E+00 -0.165370015172757E+00
-0.207631707518813E+00 -0.421425213957473E+00  0.882773959218168E+00  0.154976477527110E+00  0.706594340625720E+00 -0.690439518863885E+00
-0.319423856217921E-01  0.360123965607529E+00  0.932357449370088E+00 -0.406834177294027E+00  0.662842780415089E+00  0.628590009972387E+00
 0.325200370155883E+00 -0.132672855340487E+00  0.936291959116535E+00  0.574629266209537E+00 -0.671661018675337E+00  0.467624510058548E+00
-0.136828997456360E+00 -0.306714051538454E+00  0.941915238248089E+00 -0.356037916632085E+00 -0.567612396673649E+00  0.742329555563216E+00
 0.351527134339860E-01  0.249592034098004E+00  0.967712820651379E+00 -0.375715249878284E-01 -0.761780913495587E+00 -0.646744323781754E+00
 0.126941213496660E+00 -0.859552920233714E-01  0.988178939306628E+00 -0.897840446869809E+00 -0.437983929293221E+00  0.453057352384083E-01
 0.416814819748677E-01 -0.200470427163059E+00  0.978812679675452E+00  0.279013524470100E+00 -0.158880749114733E+00  0.947052459330271E+00
-0.209192261665600E+00  0.172800676238587E+00  0.962485596749748E+00 -0.421263146514497E+00  0.696955618013685E+00  0.580336305867440E+00
 0.295483459064599E+00  0.204206551725044E+00  0.933268026695325E+00  0.736364634299927E+00  0.313314874308406E+00  0.599667336853895E+00
-0.587964360758676E-01  0.666667505201010E+00  0.743032581125376E+00  0.512624810557314E+00 -0.804917061962933E+00 -0.298871756715215E+00
-0.801804265759132E-01  0.310214290500297E+00  0.947279363843371E+00 -0.353905655945244E-01  0.485716988670093E-01  0.998192515467869E+00
 0.464051311441046E+00  0.181984566728258E+00  0.866912912478857E+00  0.976488309129782E+00 -0.796794467529974E-01  0.200304188418502E+00
 0.104119586084422E+00  0.424290535902414E-01  0.993659341628229E+00  0.289383480995469E-01  0.984861858069556E+00  0.170908433171249E+00
-0.614137051512576E-01  0.269082967009279E+00  0.961156966205353E+00 -0.347526403694011E+00  0.165470993918870E+00 -0.922954359059541E+00
-0.174343012938272E+00  0.146822725491930E+00  0.973677359867593E+00  0.320291479772505E-01 -0.477857497530604E+00 -0.877853259795531E+00
-0.175306606619444E+00  0.182396242231307E+00  0.967470518669935E+00 -0.320304993288801E+00  0.352483875320862E+00  0.879295074996470E+00
-0.671008047324517E-01 -0.470860486062678E+00  0.879652138443985E+00 -0.563588761662691E-01 -0.704435345259067E+00  0.707527046427919E+00
 0.331899701418938E+00 -0.175907832646546E+00  0.926768052217821E+00  0.779096274581893E+00  0.401283839310542E+00  0.481643307065309E+00
 0.272878685408104E+00 -0.598127540230197E+00  0.753512221976604E+00  0.542738885911939E+00 -0.704711216514418E+00  0.456964553371306E+00
-0.319465406478128E+00 -0.357320651394142E+00  0.877646743371745E+00  0.827327204323058E+00  0.354400900804185E+00 -0.435809245537741E+00
 0.152794173635464E+00 -0.211517824510854E+00  0.965357006716816E+00 -0.100643122196770E+00 -0.169881091366743E+00 -0.980311877287290E+00
 0.100261589887460E+00 -0.269373806522639E+00  0.957802362678618E+00  0.179407724737996E+00 -0.511270841622167E+00  0.840484975958105E+00
 0.307836055282694E+00 -0.269193587941679E+00  0.912563299327272E+00 -0.494190372198384E+00  0.768118162810090E+00 -0.407149068508911E+00
-0.471683733336962E-02 -0.135573761145183E-01  0.999896969191556E+00 -0.146182255829320E+00 -0.370159292982426E-01  0.988564903817063E+00
-0.776050684260075E-01 -0.454632099795802E-01  0.995947061792416E+00 -0.478892211761063E-01 -0.126331446016443E+00 -0.990831463086705E+00
 0.382053368757348E+00  0.250201193361795E-01  0.923801503056563E+00  0.260864250576754E+00 -0.165346441206526E+00  0.951110086767755E+00
 0.155450416829727E+00 -0.273976903783940E+00  0.949089997892945E+00  0.468930238320878E+00 -0.877019912744000E+00  0.104596865339415E+00
 0.296741182033534E-02 -0.449695159392991E-01  0.998983952375249E+00  0.206373374202294E-03 -0.438373817052375E+00  0.898792720226951E+00
 0.423592460077313E+00 -0.702750936752158E-01  0.903122826073281E+00 -0.807007582746335E+00  0.274843347640035E+00 -0.522685273991851E+00
 0.519078054892353E-01 -0.308940085779302E+00  0.949663942206910E+00  0.260131019026973E-01  0.237374113928871E+00 -0.971069950397953E+00
-0.287674240745762E+00  0.275266170895189E+00  0.917317865503583E+00  0.486210468336382E+00 -0.433671652446265E+00 -0.758635800858780E+00
-0.171249347507935E+00 -0.235004447757488E+00  0.956789721157321E+00  0.149647461513768E+00 -0.339156608312683E+00  0.928751006621432E+00
-0.323775291542952E+00 -0.832909761357569E-01  0.942460701504646E+00 -0.571352042110616E+00 -0.523185365975834E-01  0.819035783531047E+00
 0.234380216951550E+00  0.108037113576292E+00  0.966123126724460E+00 -0.480043229917377E-01  0.210561286235624E+00  0.976401315911088E+00
 0.561752088671152E+00  0.222616955118944E-01  0.827006050634779E+00  0.439867083526978E+00 -0.379630192179017E+00  0.813878286978829E+00
 0.194795317007492E+00 -0.293300758546914E+00  0.935964448848222E+00  0.777245105149465E-01 -0.326395747048310E+00  0.942032227035778E+00
-0.272707330805414E+00  0.145288157612989E+00  0.951063648228871E+00 -0.896621082291745E+00  0.351851128816498E-02  0.442784659702992E+00
-0.156614909586299E-01  0.313717084118606E+00  0.949387333406694E+00  0.418799975991791E+00 -0.663695994623868E+00 -0.619769478781836E+00
 0.165279931177795E+00 -0.373018423986543E+00  0.912984008466993E+00 -0.351954899347043E+00 -0.933432851876952E+00  0.695043873613211E-01
-0.191813290987309E+00  0.136536919031782E+00  0.971887509510193E+00 -0.367885276184413E+00  0.299150899830125E+00  0.880436915796666E+00
 0.366309954532999E+00 -0.453522189146364E+00  0.812486702144670E+00  0.895871878529575E+00 -0.256840723913508E+00  0.362555402386277E+00
-0.230554800374490E+00 -0.230689994946118E+00  0.945318258712926E+00 -0.479374352588718E+00 -0.586771804105451E+00  0.652609439088174E+00
-0.463405379746214E+00 -0.962606096355006E-01  0.880902576369753E+00  0.680370731727985E+00  0.457260320914379E+00 -0.572720408511174E+00
 0.370831205017020E-01 -0.146165967336947E+00  0.988564794116355E+00  0.181412774689358E+00 -0.661154512644893E+00  0.727986342996077E+00
-0.288716563015162E+00 -0.135870659017491E-01  0.957318200955614E+00  0.499685179820211E+00 -0.345798598581491E+00 -0.794190185212031E+00
 0.158426719506043E+00 -0.660903666428284E-01  0.985156352049546E+00 -0.606495761145021E+00 -0.788506237378040E+00 -0.102082345824571E+00
-0.331959026303522E+00  0.990577971771422E-01  0.938078225775457E+00 -0.948196469653093E+00 -0.108294084354920E+00  0.298656736456991E+00
-0.957374752925842E-01  0.245317455219307E+00  0.964703934888485E+00 -0.858443051666202E+00 -0.258851766207239E+00 -0.442799379152017E+00
-0.138806541468561E-01  0.645152774620024E-01  0.997820177393931E+00 -0.232840062564819E-01  0.210235135548538E-01 -0.999507812340883E+00
 0.173515814780975E+00 -0.405073591148105E-01  0.983997670667181E+00 -0.292475261538086E+00 -0.519218034383308E+00 -0.803038513496932E+00
-0.220943457356822E+00 -0.145097604110496E+00  0.964432824997474E+00  0.977150096135928E-01  0.366791356273143E+00 -0.925157217914622E+00
 0.248890594273492E+00  0.819629773367263E-01  0.965057274169926E+00 -0.577183851918379E+00 -0.165591578203757E+00 -0.799648816864411E+00
 0.572327770835173E-01 -0.720464008956043E-01  0.995757864817195E+00  0.268037100467075E+00 -0.355450347743567E+00  0.895439089532158E+00
 0.207634173684978E+00  0.374423907961253E+00  0.903711672529010E+00  0.509028017647106E+00  0.748308893698669E+00  0.425351944701951E+00
-0.146729339303897E+00  0.220149685291270E+00  0.964367469927100E+00 -0.377495525219777E+00  0.440889552732360E-01  0.924961238356483E+00
-0.130236428021852E+00  0.191926457088475E-01  0.991297188116058E+00 -0.653184215736950E-02  0.470520704433977E-02 -0.999967597507390E+00
-0.953720471267015E-01 -0.798987389359590E-01  0.992229995587367E+00 -0.178967556677165E-02 -0.143526951035599E+00  0.989644790512126E+00
-0.930302194311451E-01 -0.695113778098444E-01  0.993233883145138E+00 -0.237242039556733E+00 -0.161519491640500E+00  0.957928843123097E+00
 0.905575255453289E-02 -0.151870479210494E+00  0.988358918050546E+00  0.226427751270767E-01 -0.604445758505401E+00  0.796324450057497E+00
 0.282666111284103E-01  0.123872674205998E+00  0.991895437674944E+00  0.377884522499617E+00  0.610526316070425E+00  0.696032258620757E+00
 0.260439105407655E+00 -0.263270791655523E+00  0.928902558202708E+00  0.347639803563436E+00 -0.520654637433134E+00  0.779785429139163E+00
-0.974063334968685E-01 -0.106780861521205E+00  0.989499799801640E+00  0.400518578626795E+00 -0.112408823001703E-01 -0.916219684759002E+00
 0.149618582302161E+00  0.364541433968856E+00  0.919088582645776E+00  0.212436503896320E+00  0.450964962628787E+00  0.866891766193177E+00
-0.191454310955604E+00  0.124744578759918E+00  0.973542005712401E+00  0.585363493723377E+00  0.170978701136666E-01 -0.810590675405003E+00
-0.865101543440564E-01  0.224684231098496E+00  0.970583839496128E+00 -0.734468777309710E+00  0.269625471107116E-01  0.678106655483105E+00
-0.833992977713342E-01  0.335814395190559E+00  0.938228782927729E+00 -0.384101722444121E+00  0.685359798900416E+00  0.618666156231809E+00
 0.313500873640505E+00 -0.317731960567412E+00  0.894853956498281E+00 -0.466139887554254E+00  0.572095209403146E+00 -0.674848632367939E+00
-0.129053923138686E+00  0.554985756676540E-01  0.990083326302072E+00  0.511127065046480E-01 -0.134544211682558E+00 -0.989588473223334E+00
 0.165305792019125E+00 -0.169919327335351E+00  0.971494424751286E+00 -0.632465033342773E+00  0.482321476375356E+00 -0.606097331313892E+00
-0.224221939241454E+00  0.149010404414850E+00  0.963078616385456E+00 -0.170023187707065E+00  0.684032016563087E+00  0.709360497884232E+00
-0.196281252642727E+00 -0.241402956470302E+00  0.950367446027272E+00 -0.829778864967140E+00 -0.116877509861270E+00  0.545716669108132E+00
-0.552539998616658E-01  0.136564637032180E+00  0.989089022996189E+00  0.296334651913386E+00  0.764251320973249E+00  0.572805108624230E+00
-0.155467204399625E+00 -0.292968397566862E+00  0.943397830389317E+00 -0.166813786994696E+00 -0.927925915902739E+00  0.333356648448101E+00
-0.142246519049435E+00  0.248462510163621E+00  0.958140025706844E+00 -0.669744501976952E-01 -0.109041489558561E+00 -0.991778390859352E+00
-0.171637700386819E+00 -0.190283023702094E+00  0.966608954384716E+00  0.453287700982895E-01 -0.267728517141298E+00 -0.962427526471837E+00
-0.109025072970088E+00  0.240775357430396E+00  0.964438054370591E+00 -0.335296343133627E+00 -0.637999549075695E+00 -0.693204830955777E+00
-0.242497185043165E+00  0.243015418905809E+00  0.939222349297638E+00 -0.696205789527816E+00  0.366974157805756E+00  0.616950132612601E+00
 0.578775819128584E-01 -0.191808282567375E+00  0.979724332784725E+00  0.687343723098308E+00  0.702580575481434E-02  0.726298316376165E+00
-0.126720216769729E+00  0.145693556071813E+00  0.981180602326087E+00 -0.117008127753793E+00 -0.796565562177311E-01 -0.989931275943479E+00
 0.195081800162962E+00  0.142221033004658E+00  0.970420666008441E+00  0.165445370460596E+00  0.453298458964216E-01  0.985176651400226E+00
-0.216418414511578E+00  0.188582179963644E+00  0.957914313109714E+00  0.220061411645135E+00 -0.158383375428558E+00 -0.962542301144530E+00
 0.437584844613220E-01 -0.107258228029265E+00  0.993267772334163E+00 -0.239422216536177E+00 -0.928798236019850E+00 -0.282861872643378E+00
-0.341419572531103E-01 -0.391533144150743E-01  0.998649760789658E+00 -0.138069447229637E+00 -0.676407274567267E+00 -0.723470819490451E+00
 0.114944282117083E+00  0.452270666811467E-01  0.992341838505264E+00 -0.347416731573230E+00  0.162204694256217E+00 -0.923575255073576E+00
-0.517038223505441E+00  0.144406593480478E+00  0.843693197313871E+00 -0.512347059230705E+00  0.409659395205111E+00  0.754771270530239E+00
 0.155273484152610E+00  0.209634198025156E+00  0.965372284736546E+00 -0.536702476987331E+00 -0.833394154262459E+00 -0.131926626716615E+00
-0.720441732473217E-01 -0.393758501446078E+00  0.916386315720640E+00 -0.111674638680900E+00 -0.956867348375448E+00  0.268204497890004E+00
-0.227059171265388E+00  0.348625316825052E+00  0.909342906286131E+00 -0.524000652835028E+00  0.750185746438377E+00  0.403292278216630E+00
 0.141289322371360E+00  0.390878790778911E+00  0.909533450898348E+00 -0.724414834622107E-01 -0.816473365205468E+00 -0.572820631073858E+00
-0.289874322622395E+00 -0.205718208837921E+00  0.934694011768945E+00  0.688605348619306E+00  0.233583572074529E+00 -0.686484805884141E+00
 0.316554331569365E+00 -0.167847858078393E+00  0.933606154490837E+00 -0.465282616604218E-01  0.784920830215807E-01  0.995828355576297E+00
-0.500429036797670E-02  0.645884689717393E-01  0.997899437194851E+00 -0.629708458001119E-01  0.986506136314918E-01 -0.993127750598758E+00
 0.816079888540686E-01  0.159422909231273E+00  0.983831526313033E+00 -0.121139165845290E-01 -0.981009067706840E+00 -0.193583217511074E+00
-0.305814757387188E-01  0.154349421703645E+00  0.987542925325979E+00  0.756633571072307E+00 -0.649916620979639E+00 -0.715124108164174E-01
-0.332953023587754E-01  0.160709473288339E+00  0.986440007317334E+00  0.739084305616245E+00 -0.673054650113355E+00 -0.274194666713617E-01
 0.332004543163144E+00  0.342521297221098E+00  0.878892566966526E+00 -0.589343031681557E+00 -0.397459896057677E+00 -0.703349430961746E+00
 0.465749371585558E+00  0.297514859678128E+00  0.833404122343034E+00 -0.639099732678923E+00 -0.234373723347661E+00 -0.732543848171482E+00
-0.207059778611315E+00 -0.106759041182780E-01  0.978270041017658E+00 -0.289854819223586E-01  0.872577047946375E-02  0.999541746385447E+00
 0.276812258179244E+00  0.713718037793437E-01  0.958269815525351E+00 -0.858061609133230E+00  0.353267906685414E+00 -0.372735913265408E+00
 0.357217400127310E+00  0.235042777390861E+00  0.903963838791506E+00  0.468170413454820E+00  0.730376689626999E+00  0.497359382353494E+00
-0.338559257066293E+00 -0.214029853479163E+00  0.916279897888417E+00 -0.381930258947380E+00 -0.576206766936468E+00  0.722575282608677E+00
 0.513925898502300E+00 -0.473159412794385E-01  0.856528675847718E+00 -0.618312595804238E+00 -0.295682099328893E+00 -0.728190654984176E+00
-0.168231202055507E+00  0.424569088287187E+00  0.889628771975112E+00 -0.572621322168373E+00  0.815463032832482E+00  0.844089064127347E-01
-0.375658870356557E+00 -0.152764641247901E-01  0.926632096771032E+00 -0.104124522155658E-01 -0.108291833208724E-01 -0.999887148445994E+00
 0.340744472232998E+00 -0.927698732947487E-02  0.940110175537285E+00  0.224734800859318E+00  0.512868579801424E+00  0.828528870429506E+00
 0.189623538407002E+00  0.308188945697560E-01  0.981373073514607E+00  0.302670775155288E+00 -0.126081229113873E+00  0.944718966429717E+00
-0.127592938544763E+00  0.124869953873956E+00  0.983934721743789E+00  0.369610881973691E-01  0.987312127070880E+00  0.154430054387223E+00
-0.519961957565013E+00  0.855469743526932E-01  0.849894862829667E+00  0.806181987440206E+00 -0.238602445221469E+00 -0.541423564560405E+00
-0.246230675521928E+00 -0.889978074995327E-01  0.965116492809180E+00 -0.504592002510833E+00 -0.236837022387704E+00  0.830237999508956E+00
-0.189519124394655E+00  0.153937084032421E+00  0.969734951235789E+00 -0.259491223081229E+00  0.136686152401266E-02  0.965744498733170E+00
 0.220500219036643E-01 -0.126710163584035E+00  0.991694676288300E+00 -0.178317369842806E+00 -0.286709556040111E+00 -0.941276020138422E+00
 0.147681357864552E+00 -0.570371939911265E+00  0.808001278898210E+00  0.708842203248576E-01 -0.911172275143527E+00  0.405882387297977E+00
 0.300159588070862E+00 -0.306163044397634E-01  0.953397537017787E+00 -0.642248148377920E+00 -0.766385239341780E+00  0.130759636041398E-01
 0.113749451960753E+00  0.202783776483315E+00  0.972594366719134E+00  0.426119099751476E+00  0.900018736476970E+00 -0.915903205442037E-01
-0.247457345762995E+00  0.185723461785381E+00  0.950931994293171E+00 -0.778842577400488E+00  0.214085425524388E+00  0.589552092868990E+00
-0.208846320429558E+00  0.196259943624182E+00  0.958052842473560E+00  0.103272852273099E+00  0.354395667523689E+00 -0.929375289548747E+00
-0.555261867890289E-01 -0.200832149714830E+00  0.978050760554681E+00  0.386573611388641E+00  0.481101138545274E+00 -0.786830691742756E+00
-0.444045577508431E+00  0.442483686460339E-01  0.894910949182861E+00  0.795974111574027E+00 -0.142819514835123E+00 -0.588241276931667E+00
-0.515458947526397E-01  0.142992864198518E+00  0.988380524657611E+00 -0.257536439774627E+00 -0.872573188078453E+00  0.415079526879868E+00
-0.261562470357274E+00  0.403422791248596E+00  0.876832438725776E+00  0.420451240171781E+00 -0.874352339625708E+00 -0.242340134581669E+00
-0.533170908943496E-01 -0.667730976710621E-01  0.996342632454305E+00 -0.141167973133820E-01 -0.110448336296791E-01  0.999839350937792E+00
 0.552133994372166E-01  0.228194091571217E+00  0.972048834727234E+00  0.958474717684831E+00 -0.277698818497467E+00  0.648812897844553E-01
-0.122110670258092E+00  0.251071744776221E+00  0.960235368638410E+00 -0.126566839178491E-01  0.365232039111122E-02 -0.999913230689526E+00
 0.592447927153056E+00 -0.112285548526352E+00  0.797745203184691E+00 -0.504922804288112E+00  0.339654554849922E+00 -0.793528666829076E+00
 0.574203513796583E-01  0.512166110018691E+00  0.856964864504816E+00  0.603202169346872E-01  0.336392448138141E+00  0.939788057098291E+00
-0.362993727774820E-01 -0.273040718424924E-01  0.998967888971803E+00 -0.277736179990224E+00  0.265930479718238E+00 -0.923116240936788E+00
 0.359157115187637E+00  0.231332401419702E+00  0.904152358103151E+00 -0.274659191873484E+00 -0.144884276364647E+00 -0.950563451212857E+00
-0.108663138063393E+00  0.167589610153702E+00  0.979850011478668E+00 -0.249763506606841E+00 -0.962507054105911E+00  0.105822311276095E+00
-0.215255728808612E+00 -0.230676683004834E+00  0.948922145980881E+00  0.663325300260326E+00  0.242678640524596E+00 -0.707888849656274E+00
 0.182871100106135E+00  0.122032263227159E+00  0.975533847427976E+00 -0.427532552769167E-01 -0.836102486273472E-02 -0.999050675604832E+00
-0.367858614338481E+00 -0.183931719417563E+00  0.911509277215032E+00  0.734089153655464E+00  0.461413599287131E+00 -0.498207391432824E+00
 0.244824175159645E+00  0.180427465103711E+00  0.952631646069796E+00 -0.293701724274540E+00 -0.862729383321482E+00 -0.411627633076179E+00
 0.721413240882447E-01 -0.108028357861279E+00  0.991526854531228E+00 -0.285690487112547E+00 -0.534083415289194E+00  0.795698341764280E+00
-0.158388867433265E+00 -0.194841538398060E-01  0.987184549323152E+00  0.142107454316064E+00  0.387245862826602E+00 -0.910958897619145E+00
-0.154180293090338E+00 -0.876974342253374E-02  0.988003810125690E+00 -0.444293770978021E+00 -0.126473015004795E+00  0.886909026645758E+00
 0.267799248550773E+00 -0.101009749390070E+00  0.958165222184460E+00 -0.501593056454335E+00 -0.734371936003673E-01 -0.861981081180382E+00
 0.816975206176760E-03  0.190151763950260E-01  0.999818861403494E+00 -0.223122560967151E+00 -0.540262051703084E+00  0.811377371065421E+00
 0.380717285377902E-01 -0.154656457893117E+00  0.987234482541052E+00  0.231492728531065E+00 -0.831605194120449E+00  0.504820678804993E+00
 0.295273541845621E+00 -0.322040267384749E+00  0.899501863071279E+00  0.329956450688036E+00 -0.907883508742067E+00  0.258604476379561E+00
 0.429579014483381E+00  0.512213920621334E+00  0.743706104477574E+00 -0.743045563101066E+00 -0.629965924202595E+00 -0.225889852581719E+00
-0.119241977399243E-01  0.159478500058286E+00  0.987129384390627E+00 -0.954385529873941E-01 -0.179298737935036E+00  0.979154454199426E+00
-0.211086722023859E-02  0.236150817872732E+00  0.971714122289894E+00  0.365192846422475E-01  0.221282008461459E-01 -0.999087926349093E+00
-0.116834081335162E+00  0.336065793155421E+00  0.934563844854586E+00  0.192735411957605E-01 -0.423580107376651E-02 -0.999805275340673E+00
 0.459159299919053E-01  0.298188561659018E+00  0.953401966155254E+00 -0.390655718283663E+00 -0.509518741349699E+00 -0.766667308541126E+00
 0.166330814046143E+00 -0.110378656702032E+00  0.979872753189618E+00 -0.910323989165690E+00 -0.346011216328815E+00 -0.227126557064819E+00
 0.523380012118505E+00 -0.768368483623122E-02  0.852064741614257E+00  0.975731314294942E+00  0.216300621808103E+00  0.340946228853354E-01
 0.247443768492633E+00 -0.163851810891866E+00  0.954947205609619E+00  0.445089604029353E+00 -0.892766772601467E+00  0.697333071333505E-01
 0.950412856492811E-01 -0.209768315599287E+00  0.973120962569798E+00 -0.874366575997730E-01  0.517063938340074E+00 -0.851469150689579E+00
 0.374438869890992E+00  0.382375664374357E+00  0.844739240244601E+00  0.723061358015270E+00  0.514123925836739E+00  0.461366298538735E+00
 0.190034091374192E+00 -0.328907300525437E+00  0.925044340438152E+00 -0.293405013830300E-01  0.458441747146556E+00 -0.888240001042402E+00
-0.678654258110469E-01 -0.879252091062136E-01  0.993812578700388E+00  0.415506017479175E+00 -0.757004642390840E+00 -0.504280399021529E+00
-0.123978074590493E+00  0.365712712181298E+00  0.922433547292071E+00 -0.310550911380124E+00 -0.422548486698112E+00 -0.851475723570620E+00
 0.890536585861391E-01  0.324750166834701E+00  0.941597990138709E+00  0.476267189357090E+00 -0.370252563251235E+00 -0.797547869251613E+00
-0.555574945478295E+00  0.111138810887963E+00  0.824005245536215E+00  0.541687689041029E+00 -0.669366951965123E+00 -0.508450913223991E+00
 0.513030330729787E-01  0.473886803905761E+00  0.879090038552079E+00 -0.248094881914814E+00 -0.618774659512439E+00 -0.745363569215011E+00
-0.209419274668343E-01 -0.929107160917448E-01  0.995454185037811E+00 -0.237838729601493E-01  0.101688993526846E+00 -0.994531887866102E+00
 0.414793920418423E+00  0.106278254434779E+00  0.903687410678168E+00 -0.221596416324266E+00  0.409372132423393E+00 -0.885047730615342E+00
-0.168252142650539E-01 -0.117099645904118E-01  0.999789872370303E+00  0.476815895208724E-01 -0.580357500323759E-02 -0.998845726094848E+00
 0.133233631934591E+00  0.304699464035139E+00  0.943083790518221E+00  0.535101390469516E+00  0.753222190693207E+00  0.382521676986960E+00
 0.461910151284210E+00 -0.233918180091158E+00  0.855523989823452E+00 -0.301525396156480E+00  0.497019883467359E+00 -0.813666805830722E+00
-0.207696687640904E+00 -0.334506521359836E+00  0.919221123076890E+00 -0.186027837002028E+00 -0.938334229527977E+00  0.291414683151834E+00
-0.110234176213015E+00 -0.336987383443513E-01  0.993334194231044E+00 -0.501758028335034E-02 -0.230407230469708E-01 -0.999721935824944E+00
-0.202013984441378E+00  0.294096083986726E+00  0.934182981794141E+00  0.629347528533696E+00 -0.240046076277835E+00 -0.739120808523305E+00
 0.216357041005938E+00 -0.149705433033363E+00  0.964768321477985E+00  0.653029830316608E+00 -0.698466978177694E+00  0.292738656675169E+00
-0.404150985034823E+00 -0.204083016459131E+00  0.891634512391890E+00 -0.800735504635146E+00 -0.471119290156560E+00  0.369958465316146E+00
 0.126194592255428E+00 -0.117591891659347E-01  0.991935807578115E+00  0.377087971608096E+00 -0.229083473740094E+00  0.897399255475323E+00
-0.198347648103553E+00 -0.115654272996183E+00  0.973284285103542E+00  0.179340935984737E+00 -0.292851063274799E+00 -0.939188523896527E+00
 0.441477906928893E+00 -0.272904235697933E+00  0.854763438520747E+00 -0.588561518244854E+00  0.802269458599291E+00 -0.997950652092249E-01
-0.282066728190908E+00  0.261867535100651E+00  0.922964655286423E+00 -0.742551901014146E+00  0.250506934722446E+00  0.621178677963307E+00
-0.594522155672308E-01 -0.343537570647171E+00  0.937255232910432E+00 -0.335701733759313E-01 -0.434528975078416E+00  0.900032006806875E+00
 0.224824935690895E+00  0.850827709443377E-01  0.970677428593051E+00 -0.183106604287626E+00 -0.796733007689193E-01 -0.979859243264480E+00
-0.410342786450005E+00  0.169835578060934E+00  0.895976938337786E+00 -0.879347844535621E+00 -0.167804103636639E+00  0.445633426835624E+00
 0.346978386540821E+00 -0.183579980141275E+00  0.919730607387216E+00  0.922560342927829E+00  0.264991953305378E+00  0.280466893483502E+00
 0.296326544508283E-01 -0.142620821592408E+00  0.989333718741307E+00 -0.584083952852877E+00 -0.703641144919151E+00  0.404641909837111E+00
 0.570132941429035E-01 -0.321990681787406E+00  0.945024594988436E+00  0.674454946515677E-01  0.893081596493725E+00 -0.444810484650963E+00
 0.147209380386713E+00 -0.879815531484745E-01  0.985184573890468E+00 -0.136718102671745E+00 -0.774248894780092E+00  0.617937544848704E+00
-0.441704859121838E+00 -0.789751144963806E-01  0.893677653697596E+00  0.877246045966837E+00  0.228697201297111E+00 -0.422062750019969E+00
-0.239066912905206E+00 -0.201615795612190E+00  0.949841082557308E+00  0.355150771168801E+00 -0.148644380433831E+00 -0.922915368765548E+00
 0.277852708052146E+00  0.300585321511316E+00  0.912384971993745E+00  0.236010419059276E+00 -0.769305715890449E-01  0.968700557061081E+00
-0.581949457202379E-01  0.338056228673802E+00  0.939324935550774E+00  0.488464085109119E-01  0.212115787710488E+00  0.976023012525598E+00
-0.101727174613404E+00 -0.217958385980253E+00  0.970641913336766E+00 -0.582118859260539E-01 -0.104755437721338E+00 -0.992792865911487E+00
-0.146647247668538E+00 -0.196869900381952E-02  0.989186892844560E+00 -0.700641387901479E+00 -0.833118115972098E-01  0.708633041572209E+00
-0.101718845227860E+00 -0.110999530262087E+00  0.988601224360514E+00 -0.615886843583434E+00 -0.626862924536648E+00 -0.477206736899422E+00
 0.138283654368647E+00  0.157727765019675E+00  0.977752311721302E+00  0.179374598186440E+00 -0.983720801592885E+00 -0.108691323897347E-01
-0.154723028444678E+00 -0.209957780965645E+00  0.965390343167410E+00  0.758410900433221E-03 -0.217473473141859E-01  0.999763210814292E+00
-0.283114335306282E-01 -0.911996633761744E-01  0.995430100073086E+00  0.299474451644739E-01  0.881801732134537E-01 -0.995654261066645E+00
-0.233822776737230E+00 -0.279254651656527E+00  0.931312916589845E+00 -0.179101676884425E+00 -0.928307973492528E+00  0.325832619127343E+00
 0.762221955072094E-01  0.441983627548105E-01  0.996110777796252E+00 -0.112435731606177E+00  0.433962925598105E-01  0.992710918671819E+00
 0.360732511465179E+00  0.335917323815453E+00  0.870075632765732E+00 -0.604889525965511E+00 -0.792647448664741E+00 -0.762802956371850E-01
-0.224796768285528E+00  0.193831683372019E-01  0.974212864703394E+00  0.512194334079016E-02 -0.286003590212795E-02 -0.999982792797482E+00
 0.318016538176759E+00  0.174940422184681E+00  0.931805414307041E+00 -0.680861453993835E+00 -0.361827997041236E+00 -0.636795242619265E+00
-0.164933929300383E+00  0.748279498689220E-01  0.983462036320645E+00  0.574763451274740E-01  0.313989219840549E+00 -0.947685200673046E+00
 0.467436457453499E+00 -0.567478755113698E+00  0.677842917450593E+00  0.736022712703458E+00 -0.643273429513181E+00  0.210878783349567E+00
-0.522010424477328E-01 -0.377687587641572E-02  0.998629453989809E+00 -0.667960760635457E-02 -0.622447424287294E-02  0.999958318512639E+00
-0.439714265710898E+00 -0.274558235956915E-01  0.897717963661755E+00 -0.754425072721174E+00 -0.104536613797386E+00  0.648008415088437E+00
 0.407035817987068E-01  0.122508184403809E+00  0.991632473844437E+00  0.344960138706651E+00 -0.136221874501784E+00 -0.928679763756435E+00
-0.391381475772284E+00  0.284684341912177E+00  0.875085919148708E+00  0.894836788563495E+00 -0.135895283936181E+00 -0.425205354666749E+00
 0.177296733719516E+00 -0.216505615422827E+00  0.960047491899632E+00 -0.461277614321045E+00  0.467151924167556E+00 -0.754315611844826E+00
-0.308072514288846E+00 -0.689136947512997E-01  0.948863651224702E+00  0.164649713505452E+00  0.333968507022051E+00 -0.928092402813446E+00
 0.711973824852781E-01 -0.791024112350719E-01  0.994320743655709E+00 -0.153931202131837E+00 -0.741492124297626E-01  0.985295427425853E+00
 0.254569582042550E-01 -0.133356423525001E+00  0.990741140552671E+00  0.130792449845699E+00 -0.257856052641806E+00  0.957289711205206E+00
 0.813055354489202E-01 -0.106967437461623E+00  0.990932579557387E+00  0.491805928382532E-01 -0.131859222611026E+00  0.990047683043849E+00
-0.383299839952655E+00  0.913292554201080E-01  0.919097491997817E+00 -0.727243086216939E+00  0.356065731627874E+00  0.586800381995419E+00
 0.405500730550081E-02  0.107746944943757E+00  0.994170082416002E+00  0.218299211022639E+00 -0.678249857382777E+00 -0.701657028345855E+00
 0.331425530211736E+00 -0.238750119250841E+00  0.912773519818349E+00 -0.696071228555212E+00  0.298136980294062E+00 -0.653145608389718E+00
 0.126886545414141E+00 -0.124501228826394E+00  0.984072786237676E+00  0.833782048949057E+00 -0.486461296515829E+00  0.261080259388661E+00
 0.177689626453658E+00  0.261101307378669E+00  0.948816369976778E+00  0.148272290002989E+00 -0.625039603088171E+00 -0.766381642909492E+00
 0.831491262274610E-01  0.397187036827798E-01  0.995745272338950E+00  0.857744335276405E+00 -0.504648839954563E+00  0.980010389422057E-01
 0.154516355547961E+00 -0.107645873363677E+00  0.982108477621463E+00  0.457113297809622E+00  0.599556646389626E+00  0.656946923834519E+00
 0.313943109822256E+00 -0.134354435106807E+00  0.939887551551919E+00 -0.735179425802114E+00  0.530560828131513E+00 -0.421919920754729E+00
 0.127190864616424E+00 -0.898286343589720E-01  0.987802257745612E+00 -0.689572353142556E-01 -0.237151744225999E+00 -0.969022161722002E+00
 0.178683404212070E+00 -0.239855079991014E-01  0.983614221361816E+00  0.393451224971455E+00 -0.902842904211056E-01 -0.914901568733828E+00
-0.169709808053522E+00 -0.485535860653964E+00  0.857585861048007E+00  0.188263400055004E+00  0.801846268893779E+00 -0.567097393100034E+00
-0.108906977485599E+00  0.167728906815809E+00  0.979799103935763E+00 -0.535389486161291E+00  0.559588181753641E+00  0.632628773412657E+00
 0.392986308387837E+00 -0.167393810956052E-01  0.919391948268112E+00 -0.725212674370328E+00 -0.666055351713382E+00 -0.174461587137681E+00
-0.109234077872334E+00 -0.400840280976578E-01  0.993207524600397E+00  0.382219488430567E+00 -0.534950146202514E-01 -0.922521840432331E+00
 0.117278408523791E-01 -0.109901283506869E+00  0.993873314679735E+00  0.115494944329293E+00  0.503215125024880E-01  0.992032591810287E+00
 0.434426248637345E-01  0.276557472948020E+00  0.960014949103166E+00  0.398681442910284E+00  0.156650256733178E+00  0.903611533870835E+00
 0.332834324821813E+00 -0.241570873003489E+00  0.911517869016697E+00 -0.762398781404293E+00  0.504181216875329E+00 -0.405646889133101E+00
 0.340093301598113E+00  0.574752632079141E-01  0.938633656080622E+00  0.704350841644679E-02 -0.762889550581509E-02  0.999946093018293E+00
-0.164574470199339E+00  0.287792500647444E+00  0.943446193659022E+00  0.484018597972501E+00 -0.550422703205329E+00 -0.680265275177906E+00
 0.472290092365240E-01 -0.265209819311476E+00  0.963033318440910E+00 -0.181785903594129E+00 -0.500689150284666E-02 -0.983325386783004E+00
 0.464734794899355E+00  0.100178638594929E+00  0.879764633739684E+00  0.719154439909523E+00 -0.572902960426103E-01  0.692484450033190E+00
 0.216818696507279E+00 -0.165967470972487E+00  0.962000234627768E+00  0.427363249574106E+00  0.204725794693323E+00  0.880595254302820E+00
-0.212117006256081E-01 -0.257986166964064E+00  0.965915732044861E+00 -0.568027554819473E-02  0.193283986836671E-01 -0.999797053143298E+00
-0.226528640909973E+00  0.126548784594251E+00  0.965748507617381E+00 -0.462207106046674E+00  0.440368430539490E+00  0.769701394375861E+00
 0.213185255636150E+00 -0.127208774105233E+00  0.968694985312711E+00  0.718726272828201E-01 -0.574229275137749E-01  0.995759475397153E+00
 0.647388768882064E-01 -0.604327594425885E-02  0.997883939461456E+00  0.543265302282360E-01  0.338657148299323E-01 -0.997948766957712E+00
-0.740922771371712E-01  0.301606259606830E+00  0.950549314151878E+00  0.321658655660429E+00  0.464034981099967E+00  0.825352800658167E+00
 0.447827068905874E+00  0.206898954893640E+00  0.869852710991403E+00  0.866270731291591E+00  0.234742979642143E+00  0.440988382631857E+00
-0.690072237035832E-01 -0.433027284352172E-01  0.996675913618258E+00  0.278914963733847E+00 -0.937773127705089E-01  0.955726037426463E+00
-0.365150246878528E+00  0.137824156678102E+00  0.920689849537031E+00 -0.944993025913184E+00  0.747626161016735E-01  0.318431675888375E+00
-0.276974579966070E+00 -0.242105864376252E+00  0.929876245791475E+00 -0.538635919940669E+00 -0.199345330870206E+00  0.818616384401093E+00
 0.167998767740996E+00 -0.465952504547799E+00  0.868714382028489E+00 -0.493885134281091E+00  0.594384504249619E+00 -0.634653082592437E+00
 0.973550726017502E-02  0.252981760117705E+00  0.967422063499761E+00 -0.409919747591947E+00  0.383528485861791E+00  0.827569756012577E+00
-0.666592266051272E-01 -0.198721594500284E+00  0.977786416037609E+00 -0.151850750644401E+00  0.662500218914722E+00 -0.733508561277016E+00
-0.755385586376390E-01  0.278056593933086E+00  0.957589920962663E+00 -0.770738391089676E-01 -0.189668675212316E-02 -0.997023583424369E+00
-0.405306491154143E+00 -0.895682067543014E-01  0.909782492998813E+00 -0.853398979986299E+00 -0.216506296728702E+00  0.474167907428548E+00
 0.231020566713575E+00 -0.113650633485120E+00  0.966288275445671E+00 -0.723352811336590E+00  0.881986650013480E-01 -0.684822389984024E+00
 0.112340254942834E+00 -0.190799635524178E+00  0.975179555878414E+00 -0.409307086796932E+00  0.480141924159364E-01 -0.911132452514152E+00
-0.935164031365189E-01 -0.445204313615887E+00  0.890532313553088E+00  0.175327933664392E-01  0.855342935293293E+00 -0.517765452884434E+00
 0.674008634073047E-01  0.121537948406536E+00  0.990295739013897E+00 -0.100326995140951E+00 -0.316880030983072E+00 -0.943144495827736E+00
-0.360457263372367E+00  0.103033212150532E+00  0.927067806838339E+00  0.824276741947618E+00 -0.485822132261278E+00 -0.290765727845160E+00
-0.117045398539256E+00 -0.227658325107249E+00  0.966680951343383E+00  0.547009157133500E+00 -0.407459268979797E+00 -0.731271444905753E+00
-0.482211242469386E-01  0.244759614928867E+00  0.968383939393996E+00 -0.196538889727666E+00 -0.171290935567996E+00  0.965417982128392E+00
 0.611231417880201E-01 -0.200289864307626E+00  0.977828170893841E+00  0.193577891850258E+00  0.155526926127415E+00 -0.968678984512500E+00
 0.211770716404614E+00  0.648682885806547E-01  0.975164226584473E+00  0.124323115448903E+00  0.145681283401790E+00  0.981489035410731E+00
 0.247164852039805E+00 -0.411405462431640E+00  0.877299881111100E+00 -0.635641311171977E+00  0.462631987648353E+00 -0.618006284382371E+00
-0.488846544880463E-01 -0.531559174713877E+00  0.845609327250525E+00  0.462821146451779E-01 -0.991682544885717E+00  0.120098692886134E+00
-0.262780072015077E+00 -0.117772392613618E+00  0.957641006478845E+00 -0.323352532158955E+00  0.273687072284801E-01  0.945882706159191E+00
-0.159233715174614E-01 -0.214861481456054E+00  0.976514715724257E+00  0.387746967128465E+00 -0.822342010006039E+00  0.416420350201458E+00
-0.331121979574360E-01 -0.311715758452573E-01  0.998965422427499E+00 -0.798695273666715E+00  0.988698352646043E-01  0.593557592401278E+00
-0.931404926413770E-01 -0.124593514028604E+00  0.987826556077799E+00 -0.104196891101860E+00  0.477523486596931E+00 -0.872418665339651E+00
 0.188375408244572E+00 -0.781166491576080E-01  0.978985441512323E+00  0.732051249479288E+00 -0.207865543038910E+00  0.648762579186679E+00
 0.107485929466438E+00  0.147880910139610E+00  0.983146993782220E+00  0.415042107156975E-01  0.137393143411375E-01  0.999043858764120E+00
-0.136280376688754E+00 -0.215430522207625E+00  0.966962951219395E+00 -0.147808523143099E+00 -0.240379705881881E+00  0.959359284880485E+00
-0.139931206788960E+00 -0.229413453355186E+00  0.963217900989300E+00 -0.677273330753176E+00 -0.523675434601340E+00  0.516783198880920E+00
 0.212033998302933E+00  0.759884632486764E-01  0.974303513807056E+00  0.970820735810965E+00  0.174029876139493E+00  0.164986972607926E+00
-0.578204912868085E-01  0.185307743384818E+00  0.980977997219601E+00  0.128523146266651E+00 -0.991105881107416E+00 -0.345099015937895E-01
 0.497588740535852E-01 -0.435784413303610E+00  0.898674579352586E+00  0.470496681344578E+00  0.877422551634944E+00 -0.936084329863683E-01
-0.120305686202845E+00  0.293053216120007E-01  0.992304257772020E+00 -0.943793872472280E-01  0.150261356694476E-01 -0.995422898324969E+00
 0.918626705498346E-01 -0.103779172365132E+00  0.990348995628643E+00  0.488151476608944E+00 -0.842940059791745E+00  0.226186187648134E+00
-0.513240391247157E-01 -0.379382529630219E+00  0.923815316618696E+00 -0.170161791367191E+00 -0.924990059510741E+00  0.339762202967051E+00
 0.284615927556792E+00 -0.344480128826522E+00  0.894610090835471E+00  0.263811048078800E+00 -0.844901272738082E+00  0.465344571513555E+00
 0.820788813832148E-01 -0.845804863576942E-01  0.993030310996787E+00  0.695687802732786E+00 -0.117879991859767E+00  0.708606229614142E+00
-0.242089752491532E+00  0.244569683196707E+00  0.938923970191224E+00 -0.467089533533533E+00  0.636239193954672E+00  0.614025289169213E+00
-0.161431664327442E+00  0.331481152834793E+00  0.929548311314581E+00 -0.494380230197682E+00  0.316240727278705E+00  0.809678942791476E+00
-0.218586732469573E+00 -0.341207197733641E-01  0.975220804162023E+00  0.262504705013796E+00  0.800969009812197E-01 -0.961600627235041E+00
 0.301547618545924E+00 -0.971026422472676E-01  0.948493600725846E+00 -0.369992430778424E+00 -0.114618959065025E+00 -0.921937142862529E+00
-0.384256546387371E+00  0.571927501867745E-01  0.921453143618558E+00  0.478375687988372E+00 -0.495247977212625E+00 -0.725180075711168E+00
 0.400234068163414E-01  0.140622596208295E+00  0.989253967564676E+00  0.113529097786174E+00 -0.927678320602963E-01 -0.989194254578286E+00
-0.165784718354559E+00  0.353505874925581E+00  0.920624257530291E+00  0.104770436316720E+00 -0.523925670056143E-01 -0.993115388359563E+00
 0.414487285979427E+00  0.180599840455271E+00  0.891955148754095E+00  0.850313681450305E+00  0.422903762956986E+00  0.313239605438473E+00
-0.119929379803508E+00 -0.444972276714651E+00  0.887477671164366E+00 -0.134171081852002E+00 -0.627315350612002E+00  0.767120311086341E+00
 0.908200065923958E-01 -0.230156568246963E-01  0.995601328817657E+00 -0.840232113106471E+00  0.522845909362094E+00 -0.143673766457069E+00
 0.766185819251320E-02 -0.193892949393779E+00  0.980992772707536E+00 -0.476275365129776E+00  0.557762844923664E+00 -0.679751708635704E+00
-0.123723952314988E+00 -0.220023524784552E+00  0.967616676254053E+00  0.658508624528346E+00  0.477655565610371E+00 -0.581559585995470E+00
-0.119442439056786E+00  0.177385813710477E+00  0.976866304489226E+00  0.373882051823905E+00 -0.926803286930388E+00 -0.353253260278833E-01
-0.169084032685530E-01 -0.160187482748819E+00  0.986941779574411E+00 -0.241159111735817E+00 -0.948285169647407E+00  0.206391666143718E+00
-0.193105646380526E-01 -0.824064540245597E-01  0.996411701270342E+00 -0.182811518800431E+00 -0.975468267974470E+00  0.122644228436431E+00
-0.605651873280618E-01  0.269306275544444E+00  0.961148265376522E+00 -0.283181580278684E+00  0.888817971669706E+00  0.360292666908191E+00
 0.279638636887173E+00  0.264051952566717E+00  0.923081144377670E+00  0.435641182079077E+00  0.562707749741180E+00  0.702550175331244E+00
-0.413090946914091E+00  0.184141842267009E+00  0.891878720176758E+00  0.923130143342318E+00 -0.511224894787113E-01 -0.381073784879372E+00
-0.301191724133444E+00 -0.416767230874257E+00  0.857664631766361E+00  0.389472672986096E+00  0.771613459675250E+00 -0.502915207410809E+00
-0.420477941610298E+00  0.214834478113518E+00  0.881501246529385E+00  0.859194670443937E+00 -0.320599593653367E+00 -0.398748565928494E+00
 0.161536952703194E+00  0.466671168562506E+00  0.869553812793591E+00 -0.110679589283056E+00 -0.797562787238733E+00 -0.592995471254308E+00
 0.207713679842914E+00 -0.186390751197329E+00  0.960267418521638E+00  0.751824260852087E+00  0.190647943676322E+00  0.631200160302739E+00
 0.373037586645443E+00  0.120538666610526E+00  0.919952927492217E+00 -0.731446783030118E+00  0.373358533257830E+00 -0.570604073976391E+00
-0.283322012753659E-01  0.190201853278964E+00  0.981336100110528E+00 -0.172960880056210E+00  0.306713213360216E+00  0.935954880707629E+00
 0.279116407045040E+00 -0.174939165440627E+00  0.944187650688784E+00 -0.175311304349481E+00  0.184570136382211E+00 -0.967057294746871E+00
-0.283703272698789E-01 -0.450070686713332E+00  0.892542156702970E+00 -0.459284243938160E-01 -0.947060460818724E+00  0.317753148507654E+00
 0.610129461917389E-03 -0.196285345625989E+00  0.980546628587609E+00 -0.204006455591406E+00  0.457026582527415E+00 -0.865741340667260E+00
-0.441746025187761E-01 -0.799612486646577E-02  0.998991825031330E+00 -0.175450733304921E+00 -0.246513754624066E+00  0.953125389948202E+00
 0.798306977026991E-01 -0.296860486378845E+00  0.951578116252794E+00  0.535847221306984E+00 -0.838510157982365E+00  0.988355724320634E-01
 0.250446882151661E+00 -0.215925777766062E+00  0.943743830558184E+00 -0.747739110121744E+00  0.464437110848331E+00 -0.474535976782791E+00
 0.888078020794856E-01 -0.204464947820665E+00  0.974837042485822E+00  0.382520812341508E+00  0.482346901674872E-01  0.922686969014974E+00
 0.411126818797927E+00  0.300621905277956E-01  0.911082325350331E+00 -0.834044734368185E+00 -0.550680728836623E+00 -0.334681335103844E-01
-0.175309505136726E+00 -0.393768275638862E+00  0.902337587884442E+00 -0.532888229095526E+00  0.500890409961619E+00 -0.682010947492718E+00
 0.197489561826193E+00 -0.223229034057013E+00  0.954550507476514E+00 -0.353816380848281E+00  0.431256447409813E+00 -0.829958941882604E+00
-0.180766200799786E+00  0.163266464145747E-01  0.983390574118577E+00 -0.199609135710614E-02 -0.388779076434166E-01  0.999241974657072E+00
 0.650985205095699E-01  0.408227025749627E+00  0.910556356342142E+00 -0.137601292229743E+00 -0.593103924668255E+00 -0.793280290263043E+00
-0.152768302107915E-01 -0.523725415402326E-01  0.998510758755922E+00  0.103356421858701E+00  0.110317908282820E+00  0.988507667735900E+00
-0.126495648606150E+00  0.499652589428298E-01  0.990707991177262E+00  0.292391257710411E+00  0.107200247665026E+00 -0.950271255650239E+00
 0.144677236311495E-01 -0.446255667127530E-01  0.998899015801146E+00  0.441332508277794E-01 -0.126625187892282E-01  0.998945402306495E+00
 0.253311829544880E+00 -0.257403598628552E+00  0.932510860218634E+00  0.758142134416403E+00 -0.509465901529057E+00  0.407019654564403E+00
-0.881965309859981E-01 -0.401383828598871E+00  0.911653659051149E+00  0.511390098227583E+00  0.790351915116054E+00 -0.337378152385672E+00
-0.123656497139319E+00 -0.150224147959968E+00  0.980888258714995E+00 -0.239203881030088E+00  0.603616697387963E-01 -0.969091312584365E+00
 0.396853451904466E+00  0.377596851719255E+00  0.836616970472878E+00  0.216076243899380E+00  0.653027885207983E+00  0.725855108105691E+00
 0.222452378977267E+00 -0.607362321090382E+00  0.762644051971205E+00 -0.871872131825841E+00  0.394011383608175E+00 -0.290850503407911E+00
 0.413895779324923E+00 -0.167736238152310E+00  0.894737301260837E+00  0.769815755303178E+00 -0.191621341260373E+00  0.608822605083430E+00
 0.394064648602096E-01  0.371926901995383E-02  0.999216341722441E+00 -0.389173688770460E+00  0.180175676367442E+00 -0.903371775967308E+00
 0.211933388219812E+00  0.225457992021012E+00  0.950922148649154E+00 -0.514376962943728E+00 -0.853337724223476E+00 -0.850356890363444E-01
-0.305974299002855E+00  0.234875719481654E+00  0.922612120420974E+00 -0.187947922084965E+00  0.458711475548429E+00  0.868481065299714E+00
 0.401815445715238E+00  0.757339576415910E-01  0.912583538775824E+00 -0.922741964497831E+00 -0.377348529751501E+00 -0.784560644505244E-01
-0.426928641025662E-01  0.539969655146654E-01  0.997628010367556E+00 -0.104449156147811E-02  0.334709690025921E-02  0.999993852970966E+00
 0.464328474073178E-04  0.187065190315795E+00  0.982347500844841E+00 -0.638067184952308E+00  0.768941398352567E+00 -0.399924166141022E-01
 0.303392257944304E-01 -0.148059439581629E+00  0.988512991178653E+00  0.999213454463331E+00  0.367882499962747E-01  0.148019283091259E-01
 0.279932967723563E-01 -0.325950960344569E-01  0.999076541137024E+00  0.111451471193360E+00 -0.867722346839151E-02 -0.993731993729554E+00
-0.842590136971505E-01 -0.118626076049303E+00  0.989357504996009E+00 -0.609702305018556E-02 -0.148550127394456E-01  0.999871069141635E+00
-0.658566233790443E-01  0.378071913261811E+00  0.923430849365379E+00 -0.370169614061882E+00 -0.599527811659788E+00 -0.709606130097326E+00
-0.149847369075866E+00 -0.198542689729856E+00  0.968569339973073E+00  0.476627175760675E+00  0.874589763571043E+00 -0.889903409542262E-01
 0.492385999735213E+00  0.187746675656253E-01  0.870174430285420E+00  0.919122968724073E+00 -0.169885290630581E+00  0.355460203667316E+00
 0.295372129242209E+00  0.165544612800236E+00  0.940930542834987E+00 -0.961888060832191E+00 -0.867741579737464E-01 -0.259309860854604E+00
-0.136621878199622E+00 -0.523360154398817E+00  0.841087754746706E+00  0.745163241058584E+00  0.666671037740995E+00  0.167771157357923E-01
 0.814941461699843E-01 -0.320225139224638E+00  0.943829732710613E+00 -0.144062642777415E+00 -0.546061684315124E+00  0.825265164585854E+00
-0.489152902685972E-01  0.439947260104272E+00  0.896690416311384E+00 -0.355459824414986E+00  0.663884360838557E+00  0.657955825767086E+00
-0.847166588130890E-01  0.471848314156598E+00  0.877600282672655E+00 -0.565934733658255E+00  0.673222870683068E+00  0.475908440383663E+00
-0.888908639126803E-01  0.514216473358670E+00  0.853041518825098E+00  0.644697600684949E-01  0.828771120137385E+00  0.555861565916312E+00
 0.192026485512371E+00  0.103654838904817E+00  0.975900355176379E+00  0.423503629522013E+00  0.583602058293436E+00 -0.692858797546330E+00
-0.191788996546112E+00  0.239411531229701E+00  0.951787318426803E+00 -0.235801617548602E+00  0.444868839142615E+00  0.863996130269902E+00
-0.101697299239247E+00  0.572888649764130E-01  0.993164460337339E+00  0.376751085115182E-01  0.414348899420042E-01  0.998430636596323E+00
 0.875343923599148E-01 -0.281340669520519E+00  0.955607219430623E+00 -0.479255584707498E+00  0.697276231795957E+00 -0.533029024631028E+00
-0.147473626861985E+00 -0.133326439413457E-01  0.988976122050328E+00  0.497541938556651E-01  0.713261097310603E-01  0.996211376297423E+00
-0.318618768622595E-01  0.880191127752789E-01  0.995609088241498E+00  0.191946218369194E-01 -0.110647922849658E+00 -0.993674294556116E+00
-0.319027177406973E+00  0.355120832209496E+00  0.878698386596091E+00  0.706121292195034E+00 -0.541669170864117E+00 -0.456056169834588E+00
 0.237242591316974E+00  0.210516810953701E+00  0.948366292721905E+00 -0.702612879147050E+00  0.438800073211911E+00 -0.560169293879908E+00
-0.660200403319931E-01  0.514473566079505E+00  0.854960995648339E+00  0.323534132010421E+00  0.833882668531696E+00  0.447174865736796E+00
 0.254387477893084E+00 -0.562410199204830E+00  0.786753950686985E+00 -0.259406515577689E+00  0.932736776534245E+00 -0.250420377318518E+00
-0.409744491057193E-01  0.363076098896848E-01  0.998500301444412E+00  0.626187761501473E-01  0.387501426745732E+00 -0.919739926905144E+00
-0.137129590885731E+00 -0.280034759831662E-01  0.990157199961891E+00  0.214674768654829E+00 -0.328990767017932E-01 -0.976131340781129E+00
-0.302315459228506E+00 -0.180939642093910E+00  0.935877240363492E+00  0.995313438200411E+00 -0.648210520427608E-02 -0.964838952872303E-01
-0.219286875544120E+00  0.222547350286090E+00  0.949939968153113E+00  0.862085627615669E+00  0.405906498172246E+00  0.303394603445812E+00
-0.259565816897535E-01 -0.685481635530576E-02  0.999639568724507E+00 -0.111002245255760E+00 -0.565291175016493E-01 -0.992211147096557E+00
 0.320601384711299E-01  0.584462655947007E+00  0.810786995039130E+00 -0.964167262349785E-01  0.901626753060308E+00  0.421631371067258E+00
-0.572799030422677E-01  0.126489864270495E+00  0.990312741988257E+00  0.139724555394596E+00 -0.393793906946722E+00 -0.908517147593494E+00
 0.278674247962644E+00  0.853699685988464E-01  0.956583834268532E+00 -0.692219528432527E+00  0.133593389510451E+00 -0.709214305224986E+00
 0.884410049555227E-01  0.185961542456844E+00  0.978568594105456E+00 -0.719876807036973E+00  0.564627969079782E-01  0.691801514349008E+00
-0.591032216631460E-01 -0.297919485710982E+00  0.952759565274860E+00  0.218121630983175E+00 -0.436917042497908E+00  0.872654829856640E+00
-0.306833912520516E+00 -0.431673614412867E-01  0.950783639443564E+00  0.737799223492151E+00 -0.979759531110540E-01 -0.667872007518177E+00
-0.422497691822014E-01  0.510775414324418E-01  0.997800602207309E+00  0.150653821900845E+00 -0.594426012222955E-01 -0.986797853213411E+00
 0.140879978004803E+00 -0.306311311368752E-01  0.989552709865746E+00  0.981154886553731E+00 -0.164506615949100E+00 -0.101354141014122E+00
-0.198087537040082E+00 -0.229910361118214E+00  0.952839206540058E+00  0.583912766516016E-02  0.149903950470970E+00  0.988683321504569E+00
 0.389104439873662E-01 -0.246212757878946E+00  0.968434435161384E+00 -0.103829247209464E+00  0.873737579447331E+00 -0.475186415720646E+00
 0.342056795875514E+00  0.172251995451019E+00  0.923756677084674E+00 -0.850929806102647E+00  0.250299454017701E+00 -0.461810186553472E+00
-0.789642518097244E-01 -0.230559752486682E+00  0.969848878676163E+00  0.256952725123406E+00 -0.615950073538677E+00  0.744701822180767E+00
-0.860816718622200E-01 -0.316769525617615E+00  0.944588277192448E+00  0.187782925280449E-02 -0.315960093803862E+00  0.948770621847426E+00
 0.135277115435612E+00 -0.381552096708071E+00  0.914394936303288E+00 -0.123116780441051E-01 -0.725237630376568E+00  0.688388554574754E+00
-0.194376607145033E+00  0.636764557692012E-03  0.980926770521471E+00 -0.980794141776893E+00  0.112663349698328E+00  0.159216271438823E+00
-0.520300253426200E-01  0.146823625746047E+00  0.987793348522671E+00 -0.759845708906266E-01 -0.118290867428059E+00 -0.990067480361659E+00
-0.348318705553617E-01 -0.273770207328889E+00  0.961164197404747E+00  0.769877900086845E-02 -0.120641888515166E+00  0.992666239748985E+00
 0.239922388244520E+00  0.445368572198063E+00  0.862603085154061E+00  0.719643300118295E+00  0.600674326264767E+00  0.348287057412729E+00
-0.683712032065545E-02  0.430244946839523E+00  0.902686290748218E+00 -0.717865097912655E-01  0.722128505699943E+00  0.688024068087415E+00
 0.192448420270569E+00 -0.810990231190983E-01  0.977950179704718E+00  0.321570629343574E+00 -0.374037662644545E+00  0.869878242782853E+00
 0.376649153687171E+00 -0.419009379680290E+00  0.826175861888179E+00  0.824045246089474E+00 -0.522082675390358E+00  0.219952523183036E+00
-0.244655464959787E+00 -0.288630761786128E-01  0.969180388936352E+00 -0.446227465645088E+00 -0.141354974350455E-01  0.894807932808056E+00
 0.389041288948730E+00  0.752493930987323E-01  0.918141821469528E+00  0.865573762683048E+00 -0.188525049035765E+00  0.463940047032775E+00
 0.146948756414008E+00  0.110736918499343E+00  0.982925937123264E+00 -0.281575826870458E-01  0.798994302861246E+00  0.600678994582376E+00
 0.103496171435541E+00  0.343352797425450E+00  0.933486689245381E+00 -0.781901741730006E+00 -0.614751965603881E+00  0.103487617934456E+00
-0.154887737911683E+00 -0.158415169365194E+00  0.975148410632760E+00 -0.127547936887903E+00  0.111169054481364E+00 -0.985582551144935E+00
-0.231210550538499E+00 -0.217207372074324E+00  0.948347319728511E+00  0.380094369283119E+00  0.162058666575897E+00 -0.910640027138556E+00
-0.167441047186738E+00  0.902223362514998E-01  0.981745092046978E+00 -0.224734481236523E-02  0.108652952728370E-01  0.999938445505486E+00
-0.522598459286884E+00 -0.112366439598887E+00  0.845141783136324E+00 -0.846024596618139E+00 -0.401103773775119E+00  0.351223781342428E+00
 0.634937749475301E-01 -0.224859794914341E+00  0.972320221518607E+00 -0.296476648668983E+00  0.690581424725651E+00 -0.659696060787010E+00
 0.424776787942487E-01 -0.909194326420980E-01  0.994951910180734E+00 -0.255745728055431E+00  0.273452441613570E+00 -0.927263654392306E+00
-0.828794587188642E-01 -0.166434351386110E+00  0.982563281423213E+00 -0.448953430194367E+00 -0.767591585282474E+00  0.457431935614742E+00
 0.440860141961824E+00 -0.223313371649260E+00  0.869352329767419E+00  0.903710022123469E+00 -0.351062384675171E+00  0.245078350695818E+00
 0.189620772158607E+00  0.842952658620664E-01  0.978232217277277E+00  0.834914528895581E+00 -0.320158107543196E+00  0.447679031911736E+00
-0.379706244933528E+00 -0.152142842191418E+00  0.912510670144956E+00  0.349981688462890E+00  0.323216563996923E+00 -0.879229134241290E+00
-0.540329121331900E+00  0.217651001309309E+00  0.812817619315522E+00 -0.554008381947525E+00  0.416843558608068E+00  0.720635941636862E+00
-0.698022620474764E-01  0.327675780569054E-02  0.997555465661603E+00  0.341649102557410E+00  0.258227508871703E+00  0.903656153845937E+00
-0.153019607249280E-01  0.168201379286458E+00  0.985633880304500E+00  0.915062387687285E+00 -0.382287178414787E+00 -0.128519803375612E+00
 0.237128130352330E+00  0.491387917339850E-01  0.970234831853883E+00  0.730926841087802E+00  0.414527431551116E+00  0.542137400913313E+00
 0.129267813263015E+00 -0.128641793000678E+00  0.983229943374269E+00  0.259555356292311E+00 -0.659221007880417E+00  0.705732725462763E+00
 0.906955481502320E-01 -0.511973594449399E-01  0.994561786884854E+00  0.512678211049110E+00 -0.101679823730514E+00  0.852538717807945E+00
-0.356095710149996E-02 -0.172112820320851E+00  0.985070807945157E+00  0.368479735243130E+00  0.143707502479996E+00 -0.918461125168678E+00
-0.117657145336434E+00  0.159042811494410E+00  0.980235777893887E+00 -0.480428736663643E+00  0.549850748030508E+00  0.683265968622810E+00
 0.151505966914941E+00 -0.221003908993731E+00  0.963433035658763E+00  0.671832926116083E+00 -0.729558312391304E+00  0.128004641349660E+00
 0.294468032730011E+00 -0.614122906494684E-01  0.953686063784777E+00  0.655428350952536E+00  0.118893922150432E+00  0.745840406550441E+00
-0.315805128624398E-01  0.139148433809413E+00  0.989767843777384E+00  0.509333317351838E+00 -0.886921902939524E-01  0.855986721401818E+00
-0.367528001811597E+00  0.289700437272619E+00  0.883740247204136E+00 -0.906107946770947E+00  0.348563813348244E+00  0.239732469270789E+00
 0.324272631897445E+00 -0.358240722691839E-01  0.945285087181828E+00 -0.699973690190358E+00  0.170211927093749E+00 -0.693588302176676E+00
-0.138733659562632E+00 -0.380922575353735E+00  0.914139465995335E+00  0.331522351659457E+00 -0.911869688405755E+00  0.242046693257675E+00
-0.789605012803987E-01  0.189937626067835E-01  0.996696782486823E+00 -0.174930349571626E+00 -0.236645326767113E+00  0.955718767273111E+00
 0.448158805918162E+00  0.601201446447892E-01  0.891930071746601E+00  0.834606568349399E+00  0.403505791813619E-02  0.550831729637679E+00
-0.442254357451536E-02 -0.292960472846045E+00  0.956114324993697E+00  0.384807746845553E+00 -0.857935024688430E+00  0.340397549022481E+00
-0.182671145855436E-01 -0.379422890126482E-01  0.999112954189465E+00 -0.423988200465475E+00 -0.144988310215476E+00  0.893986798429881E+00
 0.434951433892263E+00 -0.253814678575283E+00  0.863941756772289E+00  0.834181102660428E+00 -0.232250189453894E+00  0.500201696781272E+00
 0.169053032181250E+00 -0.268450642959650E+00  0.948343463416539E+00  0.613339258738861E+00 -0.343985316620862E+00  0.710977535256150E+00
 0.214973019058363E+00  0.268973558275188E+00  0.938850268160859E+00  0.599294314117966E+00  0.766882490156843E+00  0.229646622785347E+00
 0.896168741443595E-01 -0.113951497471163E+00  0.989436138461030E+00 -0.168966737628021E+00 -0.715562931809542E-01 -0.983020823015232E+00
-0.135586589350485E+00 -0.366598975330792E+00  0.920446341768338E+00  0.282812953440721E+00  0.936580180478722E+00 -0.206964728638919E+00
-0.147054330406282E+00  0.155220269825456E-01  0.989006618070432E+00  0.164107007444732E-01  0.408142790368651E-01  0.999031973225970E+00
 0.524753636326798E-01 -0.187046800769226E+00  0.980948434186841E+00 -0.739423182392354E+00  0.348139079323301E+00 -0.576240001031418E+00
 0.285623362120004E+00 -0.148520091837010E+00  0.946763474861590E+00  0.235950400875208E+00 -0.301081110953542E+00  0.923946737076229E+00
 0.396951235932945E+00 -0.199510658155461E+00  0.895893528034265E+00 -0.676085611670807E+00  0.454397213464738E+00 -0.580027083925564E+00
 0.159157210663938E+00  0.416405295443636E+00  0.895139995877837E+00  0.301632301169280E+00  0.876485289924544E+00  0.375221922916577E+00
-0.126655448844489E+00  0.371895950186278E+00  0.919593279397499E+00 -0.408217490753604E+00  0.721755224059190E+00  0.558952481688828E+00
-0.226633410687561E+00 -0.391580507909049E+00  0.891797063790756E+00 -0.491817869809629E+00 -0.357804729422198E+00  0.793782689745138E+00
 0.139158131411557E+00  0.242780535414724E+00  0.960048241540905E+00  0.643763084231691E+00  0.724954450685155E+00  0.244969663044805E+00
 0.844079389143945E-01  0.141655618534403E+00  0.986310795634854E+00 -0.320605107646463E+00 -0.583153767147435E+00 -0.746420825548668E+00
-0.267379566348502E+00  0.495673760851906E+00  0.826326624466508E+00 -0.584845857462642E+00  0.451435819757011E+00  0.673914700573525E+00
 0.469077034284903E-01  0.637150462350514E-01  0.996865116373489E+00  0.524321945208791E+00 -0.665557721424937E-01 -0.848915088196096E+00
-0.733209166300798E-01 -0.125810940472179E+00  0.989341018275312E+00 -0.203675315355271E+00  0.610778202778229E+00 -0.765157730749633E+00
-0.177334774167883E+00 -0.231289396310316E+00  0.956586427368293E+00  0.369858539216327E-02 -0.164026055087975E-02 -0.999991814972214E+00
 0.945459666582749E-01  0.532051008169086E-01  0.994097720264821E+00 -0.877490151332430E-01  0.471977410743208E-01  0.995023860809693E+00
 0.704780164585655E+00 -0.156363269897154E+00  0.691979369225476E+00 -0.923600723257058E+00 -0.151824595450819E-01 -0.383055083403420E+00
-0.195506192025696E+00  0.350816128093060E-01  0.980074797820202E+00 -0.529414781029919E+00 -0.668574246600533E+00  0.522234110729635E+00
 0.465889255639519E+00  0.179475999513765E+00  0.866449979559230E+00  0.933118286109231E+00  0.140915146963855E+00  0.330806870371107E+00
 0.210022871366725E+00  0.134825429619966E+00  0.968355563329229E+00 -0.677460592381674E-01 -0.142778251374442E+00 -0.987433462260701E+00
 0.472731734777093E-01  0.256304165887113E+00  0.965439496611910E+00  0.164195037590536E+00  0.694007594903427E+00  0.700994613279591E+00
-0.229571409505522E+00  0.248909329529886E+00  0.940925668483239E+00  0.211711817710638E+00 -0.924816262586788E+00 -0.316058517835958E+00
 0.100527718317236E+00  0.313037090618524E+00  0.944405610819324E+00 -0.869017893609236E+00 -0.268787352491143E+00 -0.415404934645423E+00
 0.702943035733425E-01  0.229230069067662E+00  0.970830719703684E+00  0.433652377615560E+00  0.614401051504399E-01  0.898983163839832E+00
 0.460871518259388E+00  0.129097047940376E+00  0.878026990399707E+00 -0.950744407103274E+00 -0.821229517429785E-01 -0.298899469987592E+00
-0.501366730828397E-01 -0.101504442828122E+00  0.993570914478849E+00  0.732833110079430E+00  0.590881207480941E+00 -0.337364834292455E+00
-0.172531357340477E+00  0.152668470903942E+00  0.973100852289271E+00 -0.192002748606960E+00  0.572980480745543E+00  0.796761139371128E+00
-0.577668770380004E-01  0.937014536239038E-01  0.993923048080707E+00 -0.174652313396517E+00  0.415768563881569E+00  0.892543035776484E+00
 0.154386217825666E+00 -0.158147529635174E+00  0.975271374857161E+00 -0.139664066698261E+00 -0.722247775314440E+00  0.677386226259913E+00
 0.667127513609344E-01 -0.113550908305948E+00  0.991289866804230E+00 -0.506023654170045E-01  0.191194587753479E+00 -0.980246923090290E+00
 0.854138219680392E-01 -0.401445413101947E-01  0.995536485930981E+00  0.247715187694802E+00  0.183988544966858E+00 -0.951202082160414E+00
 0.179704258662370E+00  0.354946179832345E+00  0.917452771994849E+00  0.286265601128369E+00  0.864724766314029E+00  0.412677942388203E+00
-0.427714481854565E-01  0.628827892531011E-01  0.997103985568140E+00 -0.992909541406859E+00  0.387905790676960E-02 -0.118809071593781E+00
 0.213920339172448E-02  0.308502327987939E-01  0.999521729101028E+00  0.769423588610490E+00  0.597544754677705E+00  0.225671459088022E+00
 0.364536719473210E-01  0.922788397524889E-01  0.995065699105085E+00  0.172783841433642E+00  0.309939832453424E+00  0.934924084831585E+00
-0.105161961122104E+00  0.226507480252350E+00  0.968315714693655E+00  0.167614249188362E+00 -0.645213227833758E+00 -0.745389397628760E+00
 0.105535320133604E+00  0.154931592470595E+00  0.982272109885455E+00 -0.808592140789566E-01  0.693357810475838E+00  0.716042410860338E+00
 0.200795955800324E+00  0.393767301744960E+00  0.897010755905819E+00  0.358915488251932E+00  0.703247089531457E+00  0.613696344586157E+00
-0.202918393213453E+00 -0.324387122441908E+00  0.923903198657483E+00  0.294901547153076E+00  0.217316030926639E+00 -0.930487410011019E+00
 0.301286385754068E+00  0.193724152987924E+00  0.933647399347507E+00  0.305432571281656E+00 -0.228805643728213E+00 -0.924315380050767E+00
-0.228652081146233E-01 -0.138170550276477E+00  0.990144474960180E+00 -0.350396509797522E-01 -0.245498353149699E-01  0.999084345010583E+00
-0.223746952055307E+00  0.131531400801983E+00  0.965731221432252E+00 -0.695782225009349E+00  0.586955248367194E+00  0.413969360913637E+00
 0.272544923852996E+00 -0.523808975771163E-01  0.960716142287086E+00 -0.144780227713593E+00  0.633206390652284E+00 -0.760321216658004E+00
-0.197818972202087E-02  0.969138587509591E-01  0.995290807124944E+00 -0.455424171535314E+00  0.191206954794475E+00 -0.869499122725030E+00
-0.185974057535204E+00  0.835026979406963E-01  0.978999974137138E+00  0.497089339960485E+00 -0.285729119895833E+00 -0.819305228923386E+00
 0.157067834807297E-01 -0.294599843783995E+00  0.955491616391863E+00 -0.857077938261848E-01 -0.967808494327296E+00  0.236645076824726E+00
-0.225725039352374E-01  0.179444275856305E+00  0.983509142778297E+00 -0.329071755274675E+00 -0.304931806177403E+00 -0.893716047445625E+00
 0.103146481659449E+00  0.627668427857592E-01  0.992683799992719E+00 -0.862313090720219E-01  0.580581352559552E-01  0.994582029933342E+00
-0.144699813236986E+00 -0.204544750375261E+00  0.968102995111111E+00  0.939676170874806E+00 -0.733628768437608E-01 -0.334105645255014E+00
-0.436196905166700E+00 -0.778457739033345E-01  0.896477716069052E+00  0.569078137594193E+00 -0.196202395124271E+00 -0.798532838059791E+00
-0.169281653034758E+00  0.768659002845997E-01  0.982565700255844E+00 -0.296485866680899E+00 -0.883866768584625E-01  0.950938445017549E+00
-0.204941638739545E+00 -0.472851809158734E+00  0.856977299166123E+00 -0.210224447244016E+00 -0.688709268702465E+00  0.693891363964320E+00
-0.199621102329032E+00 -0.262376810460086E-01  0.979521821910196E+00  0.501863156726346E+00 -0.318773366308339E-01 -0.864359420224013E+00
 0.183066075791251E+00  0.104617825964698E+00  0.977518246573849E+00  0.296306634297013E-01  0.195212717357749E+00  0.980313224824861E+00
-0.697379130497486E-01 -0.276408838393094E+00  0.958506534949891E+00  0.539264223865434E+00  0.743542168837390E+00 -0.395397445640967E+00
-0.966139744270345E-01  0.931555710496126E-01  0.990952965345900E+00  0.241111684021884E+00 -0.182883496058246E+00 -0.953110058019348E+00
-0.369127918698801E-01  0.312466354232109E+00  0.949211369121370E+00 -0.189735066547952E-01  0.333587060137368E-02 -0.999814421786639E+00
-0.140973172388429E-02 -0.308124276334071E-01  0.999524190282458E+00  0.486195301512842E+00 -0.197605970995001E+00 -0.851214431864239E+00
 0.592295961833822E-02 -0.259188262336590E+00  0.965808657662737E+00 -0.213607232931856E+00 -0.975000554708396E+00 -0.612034995528571E-01
 0.291362717976928E-01  0.148656651008301E-01  0.999464901668308E+00  0.444471227097092E-01 -0.928420532202479E-02  0.998968596510604E+00
 0.217464413744818E+00 -0.200326086794950E+00  0.955289844865968E+00  0.255146749242460E+00 -0.364145196381097E+00  0.895711121011444E+00
-0.279418336676712E+00 -0.576582042955338E+00  0.767775058770646E+00  0.222725830699065E+00  0.797045618313483E+00 -0.561347919446300E+00
-0.132467419466253E+00 -0.150351436229760E+00  0.979717728942169E+00 -0.593578414097150E+00 -0.147089162817566E+00  0.791220225031906E+00
-0.345001359999811E+00  0.250400660746433E+00  0.904584750421999E+00  0.489351293069783E+00 -0.828685276960168E+00 -0.271691044608358E+00
 0.388112263983947E+00 -0.168807176580989E+00  0.906020423434268E+00  0.674298752953095E+00 -0.180389305726716E+00  0.716087208477664E+00
 0.672717745200824E-01 -0.252405122611381E+00  0.965280354318088E+00 -0.197117457602953E+00  0.948302056556504E+00 -0.248732622385670E+00
-0.105829655804250E+00  0.515378027975009E+00  0.850403182162993E+00  0.304874659249908E-01 -0.970410494339205E+00 -0.239528676566735E+00
 0.295867325688307E+00 -0.975719978365550E-01  0.950232724561848E+00  0.357633738099409E-01  0.114208177466551E-01  0.999295024512645E+00
 0.336877894762805E+00  0.178725067091762E+00  0.924429896970682E+00  0.561990283754256E+00  0.747878758968360E+00  0.353333104661531E+00
 0.220761220281325E+00  0.264432760825927E+00  0.938796995426529E+00 -0.184940319191864E+00 -0.872623962562364E+00 -0.452022674540968E+00
-0.528882544674091E-01 -0.457277417108932E+00  0.887750075382466E+00 -0.150851253924186E+00 -0.938475098813594E+00  0.310657992165525E+00
-0.135364800082029E+00  0.315112854913392E+00  0.939350977838999E+00  0.546153343405119E+00 -0.117444090459965E+00 -0.829411484791139E+00
 0.496039889675144E+00  0.227904571084428E-01  0.868000589237046E+00 -0.260577237508534E+00 -0.196251391636807E+00 -0.945296194096347E+00
-0.370891415714592E+00  0.274498219731866E+00  0.887181089244615E+00 -0.572434381285142E+00  0.450478613053653E+00  0.685118893553487E+00
-0.325892262251262E+00  0.347244561520818E+00  0.879326701459116E+00 -0.314921756175732E+00  0.674110293426309E+00  0.668131424035637E+00
-0.154412117772842E+00 -0.122596506810420E+00  0.980370845345163E+00 -0.804254697019629E+00 -0.589969069890076E+00  0.714904112095046E-01
 0.263609198210630E-02 -0.289528304129713E+00  0.957165822690528E+00 -0.255479136278241E+00  0.405237587454953E+00 -0.877788646907793E+00
 0.211795571961519E+00 -0.142513762108116E+00  0.966867345248191E+00 -0.788575094816922E+00 -0.184560318130331E+00 -0.586589131169436E+00
 0.109149934102134E-02  0.881602509980803E-02  0.999960542386862E+00  0.214226905157757E+00  0.976609720202244E-01 -0.971889483249301E+00
 0.342233514780117E+00  0.261045062558690E+00  0.902624892563338E+00 -0.814454770242742E+00 -0.562925671912845E+00 -0.140634686796378E+00
-0.111512303050625E+00  0.424074248137148E+00  0.898735800074337E+00 -0.282487250215446E+00  0.946118441940736E+00  0.158306182081908E+00
-0.782154454867961E-01 -0.133139225572474E-01  0.996847572878342E+00 -0.435426555829002E+00 -0.759858751403794E+00  0.482719786619485E+00
 0.178381805240563E-03 -0.262462856407376E+00  0.964942079705519E+00  0.570971521389635E+00 -0.819757446382381E+00 -0.446010186278794E-01
-0.172056577681007E+00 -0.199404229854225E+00  0.964693986294588E+00  0.925341709385167E+00  0.157508342708374E+00 -0.344867862882871E+00
 0.388894020204317E+00  0.341389473772561E-01  0.920649756053461E+00 -0.818206825631509E+00  0.420751518035200E+00 -0.391798099231077E+00
 0.156636716001242E-02 -0.298194837379086E+00  0.954503737789633E+00 -0.961597305650472E+00 -0.272255151551693E+00  0.347527584418562E-01
-0.186230467554934E+00 -0.373104343261750E+00  0.908906684975685E+00 -0.320352037005257E+00 -0.626998919020623E+00  0.710103462837320E+00
-0.329162773854170E+00  0.270075290621894E+00  0.904826616376932E+00 -0.839474396826493E+00 -0.295764899610154E+00  0.455857281647876E+00
 0.950182752255233E-01  0.240260252581406E+00  0.966046861390629E+00  0.505793722769726E+00  0.314694591039310E+00  0.803206090849256E+00
 0.392526477034773E+00 -0.440486594644886E+00  0.807399854325489E+00 -0.360458534358555E+00  0.625142021419620E+00 -0.692291194558672E+00
 0.854894103602112E-01  0.430535241493770E-02  0.996329777060209E+00 -0.730428821101156E+00  0.666557974735213E+00  0.148910052117601E+00
 0.214022626139835E-01  0.241214448341106E+00  0.970235813123025E+00 -0.156192430367211E-01 -0.989807037998777E+00 -0.141555878631187E+00
 0.374385366308676E-01  0.654989784448002E-03  0.999298717583147E+00  0.549769614119079E+00 -0.833043225193992E+00  0.615821106308568E-01
-0.374027001830115E-01 -0.304838248275971E+00  0.951669417606270E+00 -0.304071578150209E+00 -0.658509187623132E+00  0.688408399990270E+00
 0.234896748919516E-01  0.687687789018599E-01  0.997356049874776E+00 -0.685650038008464E-02  0.689774805632189E-01  0.997594654946431E+00
 0.360736279534977E+00  0.261835114392112E-01  0.932300252255664E+00  0.299234216674787E-03 -0.529592994968862E-02 -0.999985931693467E+00
-0.617721636574233E-01 -0.216753494595551E+00  0.974270045920379E+00  0.214510485503300E+00  0.415955894087373E+00 -0.883722776544269E+00
-0.165581438922434E+00  0.985897302559870E-01  0.981255752682464E+00  0.729806571851558E+00  0.439335976045519E+00  0.523799835657103E+00
-0.325571255513116E-01 -0.404905717139586E+00  0.913778635011518E+00 -0.293986495418642E+00 -0.720123723942759E+00  0.628485292370695E+00
 0.283256097481368E-01  0.220548071022671E-01  0.999355414913072E+00  0.554383406741365E+00 -0.113849956485853E+00 -0.824437520821322E+00
-0.731530803338075E-01  0.189118237770119E+00  0.979225673162423E+00  0.382072622180085E+00 -0.337566712870475E+00 -0.860272762408677E+00
-0.222318403881853E+00  0.335757892063902E+00  0.915336640374584E+00  0.510242742063506E+00 -0.850296018542826E+00 -0.129031100986287E+00
 0.384420510422020E-01  0.168428592667388E+00  0.984963967809864E+00  0.253279473444918E+00  0.561556590759656E+00  0.787720574636626E+00
 0.197938115112702E+00  0.387721944190759E-01  0.979447405185986E+00  0.711295551175983E+00  0.526094732998950E+00  0.466136214842848E+00
-0.376533013565301E+00 -0.164176029194070E+00  0.911739612572307E+00  0.801711416368857E+00 -0.738537913877476E-01 -0.593131033045395E+00
 0.447562856676599E+00 -0.444001699257381E-01  0.893149547519366E+00 -0.694309931228357E+00 -0.269601243394498E+00 -0.667269727290108E+00
-0.731144419999900E-01  0.102237494371333E+00  0.992069439664231E+00  0.157382327240448E+00 -0.187318205051402E+00 -0.969609557053096E+00
 0.631135454500321E-01  0.216042234136972E-01  0.997772488050967E+00  0.835709221480307E+00  0.523699887129330E+00  0.165313415527918E+00
-0.210472355500509E+00 -0.157076182232572E+00  0.964898160711952E+00 -0.598370477379597E+00  0.598132038478019E+00  0.533095522722376E+00
 0.248575402741253E+00  0.363268817962630E+00  0.897912041932871E+00  0.372794676011527E+00  0.856399181515745E+00  0.357217820715349E+00
 0.101133246783964E+00  0.133786018262955E+00  0.985836379787375E+00 -0.316827942182515E+00 -0.922517135213059E+00 -0.220413679908222E+00
-0.313849587465036E+00 -0.234092466242496E+00  0.920162569167282E+00 -0.159452017028728E+00 -0.224306584726500E+00  0.961385255926990E+00
 0.135155279585927E-01 -0.669713687808540E-02  0.999886232959349E+00  0.353947792683067E+00 -0.349493141889267E+00 -0.867511097235737E+00
 0.348520383395469E+00 -0.970473166956588E-01  0.932263568246688E+00  0.584524603557351E+00  0.417825735020698E+00  0.695523287166242E+00
 0.174355660609649E+00  0.121406151444995E+00  0.977169714023459E+00 -0.579475797950081E-01 -0.528240652943622E+00 -0.847115039751743E+00
-0.243203924455152E+00  0.360722610144957E+00  0.900406047103096E+00 -0.848023965751025E+00  0.250953664813805E+00  0.466773619250729E+00
 0.197386981497184E-01  0.736624487387325E-01  0.997087873480150E+00 -0.123008950493143E+00  0.950656551892368E+00 -0.284817342243565E+00
-0.835980376798391E-01  0.159842780026403E+00  0.983596285967729E+00  0.423682716018782E+00  0.283396481175976E-01 -0.905367229631998E+00
-0.278548992041827E+00  0.291839109044247E-01  0.959978519747606E+00 -0.859809794077604E+00 -0.117274876867733E-01  0.510479758698408E+00
 0.236147832004723E+00  0.972380153208771E-01  0.966839681548045E+00  0.524520689650025E+00  0.683726478981513E+00  0.507342239586460E+00
 0.246354412549769E+00  0.377152903842087E+00  0.892785075222889E+00  0.578458621525420E+00  0.490902778803514E+00  0.651459964192658E+00
 0.264081492224286E+00  0.233375387835678E+00  0.935840207416384E+00 -0.529097737922361E+00 -0.280105505175194E+00 -0.800997184574322E+00
-0.255364576993820E+00 -0.305676212321971E-01  0.966361502414584E+00 -0.644464281870964E+00  0.330811765542890E+00  0.689368816506040E+00
 0.497794593223794E-01 -0.158320511834447E+00  0.986132151875219E+00 -0.359263514990813E-01  0.458179657420910E-01  0.998303566698638E+00
 0.557889807066445E-01  0.222941998277847E+00  0.973234018638680E+00  0.212674807414258E+00  0.797407266575673E+00  0.564722124149233E+00
 0.285873325073225E+00  0.165554539705384E+00  0.943858112427136E+00 -0.300426203833296E+00 -0.293702218185443E-01 -0.953352760587939E+00
-0.115641084101064E+00  0.253978832420202E-01  0.992966307180035E+00 -0.225042879971073E+00  0.156544917896945E+00 -0.961690901930014E+00
-0.503063281755107E-01 -0.159692884966877E+00  0.985884098581803E+00 -0.440757390142284E+00  0.580447518351520E-01 -0.895747581531403E+00
 0.203202213441237E-01 -0.310573822351181E+00  0.950332041696323E+00 -0.241915260094739E+00 -0.962475966151262E+00  0.122951297327398E+00
 0.302805002441494E+00 -0.285798753947170E-01  0.952623913839470E+00  0.950186622861242E+00  0.691333314700274E-01  0.303917693159518E+00
 0.181931986251181E-01 -0.244040711618910E+00  0.969594316503724E+00 -0.731196730096135E+00  0.638304673442295E+00 -0.240662597340020E+00
 0.192355987814305E+00  0.585219965377868E-01  0.979578659359836E+00 -0.432369746413435E+00 -0.410495670141421E+00 -0.802838531201342E+00
 0.132554352708712E+00 -0.244762178467945E+00  0.960479473788795E+00 -0.353472065243850E-01 -0.665061661079731E+00  0.745951447450028E+00
-0.881419869916025E-01  0.164794269141830E+00  0.982381717555443E+00  0.206609793929503E+00  0.975987262447926E+00 -0.690018593358965E-01
 0.848876596054102E-01  0.283771293029157E+00  0.955127184462507E+00 -0.605309931627764E+00  0.747085221455650E+00  0.274706313279025E+00
 0.779325449730917E-01 -0.131189076254575E+00  0.988289403315389E+00  0.415564770101492E+00  0.208737896884209E+00 -0.885287756751923E+00
 0.798199998817621E-01 -0.190150696957075E+00  0.978504716424818E+00 -0.194641408656504E+00  0.970401295843535E+00  0.142954702830648E+00
-0.221316312833344E+00 -0.221847858335132E+00  0.949632885606837E+00  0.370151509810703E+00  0.307904363098520E+00 -0.876460360181652E+00
-0.113974311074422E+00 -0.213562263932413E+00  0.970258221216998E+00  0.820734658481518E-01  0.213996009436087E+00 -0.973380528955199E+00
 0.253772707172594E+00 -0.150799926470177E+00  0.955436442297907E+00 -0.286952397592961E+00  0.383919560633859E+00 -0.877646906493925E+00
-0.225373320975894E+00 -0.263909829741728E+00  0.937847785068552E+00 -0.698181035131785E+00 -0.519968222496246E+00  0.492114102395373E+00
 0.385218824028480E+00  0.315888424715871E+00  0.867076098589184E+00  0.240768964527726E+00  0.956328482657933E+00  0.165729113246349E+00
-0.439142731701818E-01 -0.134000872423414E-01  0.998945431079112E+00 -0.172215393123833E+00  0.685102478828703E-01  0.982674007138802E+00
 0.117543647187000E+00 -0.348853762255541E+00  0.929776609496137E+00  0.656107028962938E+00  0.742128295586093E+00 -0.137000581881635E+00
 0.118794034179479E+00 -0.125202448903454E-01  0.992839977494486E+00  0.471183792332031E+00 -0.618808910402971E+00  0.628539072969607E+00
-0.198907815214055E+00 -0.363016560991103E+00  0.910304705850170E+00 -0.263311245089218E+00 -0.810952043112950E+00  0.522516958557804E+00
-0.161714871319894E-02 -0.861257472475698E-01  0.996282962060020E+00  0.200158812126485E+00  0.195608761498469E-01  0.979568181420959E+00
-0.108985197171295E+00 -0.117121291058378E+00  0.987119460844711E+00 -0.339011166610738E+00 -0.351625494943954E+00  0.872600103265319E+00
-0.263939012928430E+00  0.319948315862304E+00  0.909928168940407E+00  0.590230683510859E+00 -0.770333805972175E+00 -0.241274879792174E+00
 0.382297055571389E+00 -0.946614777476448E-01  0.919177983816017E+00 -0.129892718713217E+00  0.292732808110775E+00 -0.947330662799885E+00
-0.401975092024665E+00  0.541775241263983E-02  0.915634574134550E+00 -0.603368958509948E-01 -0.962887188117108E+00  0.263073605591657E+00
 0.801664845132295E-01 -0.206386352042857E+00  0.975181013172033E+00 -0.227727577011077E+00  0.270604465419497E+00 -0.935368041983311E+00
 0.423745841660467E-01  0.151110086453236E+00  0.987608290968059E+00  0.404248759386768E+00  0.784224769183446E+00  0.470716955221957E+00
 0.632759685254138E-01 -0.134934354259341E+00  0.988832074645531E+00  0.175117168231733E+00 -0.143390746620506E+00  0.974049829923558E+00
 0.121887621744319E+00  0.985634403239730E-01  0.987637917405471E+00  0.483740430781280E+00  0.100140597831372E+00  0.869463660133946E+00
-0.216454479833108E+00  0.112089887194996E+00  0.969836746751118E+00 -0.272126572455632E+00  0.208090046229485E+00  0.939492235850707E+00
 0.179446634850525E+00 -0.139817352533981E+00  0.973781296375737E+00 -0.835996963514750E+00 -0.402967521585225E+00 -0.372459734121124E+00
 0.351540837452898E-01 -0.342962941351030E+00  0.938690902936573E+00 -0.355338663248587E+00  0.765338341210698E+00 -0.536648542226255E+00
-0.106127758483829E+00 -0.513493223343935E-01  0.993025752926376E+00 -0.993637558600775E+00 -0.810421077199178E-01  0.782085603639721E-01
-0.434607293642748E+00  0.556311439016513E-01  0.898900259283932E+00  0.373996114897325E+00  0.784465043505474E-01 -0.924106623716596E+00
-0.911667619452179E-02 -0.145580212599243E+00  0.989304446525297E+00 -0.276878336603253E+00  0.900221913954093E+00 -0.336063821850323E+00
 0.204489646780202E-01 -0.325512656691979E-01  0.999260854305286E+00 -0.136067006140730E+00 -0.235643377606331E+00  0.962267098278944E+00
 0.156378778272411E+00  0.159692564391332E+00  0.974701986549811E+00 -0.299277958851025E+00 -0.661406061488744E-01 -0.951870854456750E+00
-0.340773070710831E-01  0.322890816390845E+00  0.945822529776721E+00 -0.145345474206470E+00 -0.516361539861738E+00 -0.843946356873060E+00
-0.264719173540388E+00 -0.208442906057389E+00  0.941528180180734E+00  0.678877479260248E+00  0.289283194929058E+00 -0.674863394536174E+00
-0.324108873985137E+00 -0.169528538303749E-01  0.945867875842653E+00 -0.583942836386645E+00 -0.826517700776858E-01  0.807576280443987E+00
-0.387919189046777E+00 -0.344519093112812E+00  0.854883206789101E+00  0.965302429359132E+00  0.261114263002829E+00 -0.324985074226306E-02
-0.361788752281501E+00 -0.945724978673579E-01  0.927450775712503E+00 -0.801807121288781E+00  0.138381849776681E+00  0.581339663108395E+00
-0.790380506069575E-02 -0.274993935283594E+00  0.961413472665536E+00  0.970548424460678E+00 -0.216297848765717E+00  0.106070714130807E+00
 0.370208819743145E+00  0.897324960526862E-01  0.924604514880033E+00 -0.561745858234591E+00 -0.177256133862146E-01 -0.827119938936528E+00
 0.304773774322283E+00 -0.127386704059731E+00  0.943867349850682E+00 -0.565682164882773E+00  0.308157759669954E-01 -0.824047375024695E+00
 0.832735898682872E-01 -0.144176712004461E+00  0.986041877886548E+00  0.348142057669020E+00 -0.559084842625215E+00  0.752476741453661E+00
-0.750603887400488E-02  0.126855898592643E+00  0.991892756487653E+00  0.773261848546456E-01  0.321661314083391E+00 -0.943692036714293E+00
 0.314410660983608E+00 -0.156754128612186E+00  0.936255349476245E+00 -0.999645789706569E+00  0.163797613402852E-02  0.265633611599600E-01
 0.668029399291400E-01 -0.344217713508084E-01  0.997172256369930E+00  0.545215094531620E+00 -0.124106989770890E+00  0.829058475491859E+00
-0.161266534973597E+00 -0.269259072559755E+00  0.949469671206969E+00 -0.864769694980767E+00 -0.433814128941505E+00  0.252940064389954E+00
-0.206041419894238E+00  0.348415939147662E+00  0.914414165810996E+00  0.213537717148309E+00 -0.418623254256217E+00 -0.882698257815786E+00
 0.157334281106838E+00  0.138280064875459E+00  0.977816213634563E+00  0.228975077169707E-01 -0.171948398952333E+00  0.984839810445374E+00
-0.622852971444271E-01  0.179869210004916E+00  0.981716664344574E+00 -0.413844830972539E+00  0.612049160652696E+00  0.673890407129854E+00
 0.484685143830738E-01 -0.433054059375966E-01  0.997885486882176E+00 -0.256292339288294E+00  0.461067951659708E+00  0.849547279893506E+00
 0.114863062972070E+00  0.377112098580159E+00  0.919017378436960E+00  0.406122443272893E+00  0.812470042721896E+00  0.418278604221559E+00
-0.559951724639305E+00 -0.297036540384202E+00  0.773449002682175E+00  0.393098144340983E+00  0.918733467427167E+00  0.374521660913133E-01
 0.489725971056661E-01 -0.285201800760948E+00  0.957215554394850E+00  0.772716245338834E-01  0.104988079775931E-01  0.996954798911638E+00
 0.196290327456917E+00  0.875987616250525E-01  0.976625088920315E+00 -0.387728031712276E-03 -0.132387541189075E+00 -0.991197956315934E+00
-0.237178288443930E+00 -0.165049882807848E+00  0.957342674112004E+00 -0.101482107494621E+00  0.926483404242149E+00 -0.362394651619377E+00
-0.163983555422208E+00 -0.440950004213030E-01  0.985477054268103E+00  0.383831307120473E+00  0.979293671792177E-01 -0.918195712644133E+00
-0.592578572894390E-01  0.504163382104720E+00  0.861572858494390E+00  0.115861077602491E+00 -0.920927881191789E+00 -0.372112951051683E+00
 0.162764221717061E+00 -0.331360818358967E+00  0.929358819931955E+00 -0.458904575769651E-02  0.847375035809307E+00 -0.530975036462365E+00
-0.327246667737113E-01  0.354896834148628E+00  0.934332560331615E+00 -0.272171465949962E-01 -0.322331285142191E+00 -0.946235578251954E+00
-0.200735294542437E+00  0.243362302302075E+00  0.948936315746844E+00  0.561967438892249E-01 -0.104327281012630E+00 -0.992954049497136E+00
-0.160628311680264E+00 -0.184519257931750E+00  0.969613938090343E+00 -0.477667568408745E+00 -0.842357209077230E+00  0.249535621517442E+00
-0.318208909154011E+00  0.476935501349909E-01  0.946820160014844E+00  0.265080440181379E+00 -0.466674534225378E+00 -0.843769660119853E+00
-0.959577323517330E-01 -0.244867217442990E+00  0.964796434188913E+00 -0.178830965951441E+00 -0.608386955045357E+00  0.773230107113991E+00
-0.357131133368556E+00  0.518668130286692E+00  0.776814472189981E+00 -0.304812493884697E+00  0.881607046556309E+00  0.360358653335888E+00
-0.143509658130679E+00 -0.197839527463704E+00  0.969672367037524E+00  0.173851911367272E+00  0.518503760347315E+00 -0.837215243183998E+00
 0.421837297491219E-01  0.892500574876213E-01  0.995115551171274E+00  0.707259244435322E+00 -0.118132064949953E+00  0.697014473588201E+00
 0.248281841818447E+00  0.909738077869403E-01  0.964406497966487E+00  0.323797761112670E+00  0.408571535299024E+00  0.853360598130603E+00
 0.426883939330984E+00 -0.335124534299769E+00  0.839917644088766E+00 -0.447512312576915E+00  0.679653803273516E+00 -0.581208600923891E+00
 0.220286483213602E+00  0.265458731565526E+00  0.938618946723858E+00 -0.219731857598675E+00 -0.971756559783190E+00 -0.860645064737753E-01
-0.107886005712900E+00 -0.446580170239258E+00  0.888215492614484E+00  0.640839832890018E+00  0.744537988359293E+00 -0.187049438575450E+00
-0.134508116282994E+00  0.501436511794997E+00  0.854674786859228E+00 -0.298960012154355E+00  0.642341433397390E+00  0.705705600143328E+00
 0.264237362250479E+00  0.187324760819912E+00  0.946090931345752E+00  0.194258727966334E-01  0.951094920412521E+00 -0.308287346207380E+00
-0.886820698838634E-01 -0.146203573378905E+00  0.985271539024828E+00 -0.699309790659507E+00 -0.331104999668563E+00  0.633510296587386E+00
 0.476538872141509E+00  0.222468031422646E+00  0.850540227345557E+00  0.332561613746764E+00  0.543650529660961E+00  0.770614608388334E+00
-0.221409763721947E+00  0.103640292848515E+00  0.969657881021376E+00 -0.616499198841576E+00 -0.101494340611482E+00  0.780786549994001E+00
 0.238216291324972E+00 -0.374477476726461E-01  0.970489909654718E+00  0.199558441510535E+00 -0.600278705385915E-01  0.978045542487919E+00
 0.267612203362272E+00 -0.207937704392806E+00  0.940821778927040E+00 -0.338963538676459E+00  0.153518511258952E+00 -0.928189520598443E+00
 0.141776467016515E+00 -0.118174250447307E+00  0.982819556140155E+00  0.169611347401196E+00  0.420325967798443E+00  0.891379869431127E+00
 0.515873848130754E+00 -0.272152192190050E+00  0.812285268302287E+00 -0.872534232930788E+00  0.347465625513007E+00 -0.343440899501990E+00
-0.356844267676186E+00  0.380873171465282E-01  0.933387124884003E+00  0.330018703753827E-01  0.489929409319802E+00 -0.871137216766266E+00
-0.162507039602898E+00  0.548348741577462E-01  0.985182520478112E+00  0.515398885694265E-03  0.212952942736248E+00  0.977062320706290E+00
-0.271098791366420E+00 -0.157554033205141E+00  0.949569466621826E+00  0.414826013669890E+00 -0.332676252960875E-01 -0.909292386138753E+00
-0.173108690644317E+00 -0.154324552275361E+00  0.972737021906959E+00 -0.662764786102188E+00 -0.451670464559623E+00  0.597274333742390E+00
 0.355312643567598E-01 -0.367228114476464E+00  0.929452011236337E+00 -0.263173034021611E-01 -0.354273728060993E+00  0.934771375870808E+00
-0.152300972492282E+00 -0.380254466178994E-01  0.987602389217146E+00 -0.298396636448934E-01 -0.366233945132653E+00  0.930044241907950E+00
 0.154539563529212E+00 -0.477703140947821E+00  0.864822081374422E+00  0.183338745049954E-01  0.889968466674978E+00 -0.455653374145110E+00
-0.456018394357942E-01  0.225841760245128E+00  0.973096075199902E+00 -0.314497631731237E+00  0.855758848065929E+00  0.410813867332052E+00
-0.208163677003418E+00 -0.626416889705972E-01  0.976086011773208E+00 -0.779378808568979E+00  0.404255150569871E+00  0.478692433605681E+00
-0.493805913434643E-01 -0.410530922836765E-01  0.997935970296951E+00 -0.990048105222423E+00  0.245870557703768E-01  0.138564880233175E+00
 0.210312033649109E+00 -0.923114816951061E-01  0.973266376101440E+00  0.370557200984926E+00 -0.480048204135500E+00  0.795135889332446E+00
 0.450132597408209E-01  0.199500023156941E+00  0.978863395580755E+00 -0.291976797773647E+00  0.716329683942104E-01 -0.953739098181930E+00
-0.379795141947359E-03  0.253430394473748E-01  0.999678741450082E+00  0.740263552170495E-01 -0.194357042569535E+00 -0.978133650753773E+00
-0.540598260583083E-01 -0.134331366806748E+00  0.989460771884554E+00  0.314707228786139E+00  0.226723376314435E+00 -0.921713551371755E+00
 0.348716501500306E-01 -0.275011478976508E+00  0.960808333876725E+00  0.643206232112233E-01 -0.190728341353363E+00  0.979533336458905E+00
-0.724120405683167E-01 -0.156854373576107E+00  0.984963553574841E+00 -0.851384247924489E-01 -0.186764324607240E+00  0.978708606112086E+00
 0.358630780237105E+00  0.121179600017496E+00  0.925580611295486E+00  0.632675080983454E-01  0.608310378003310E+00  0.791173625971250E+00
 0.702140726211836E-01  0.201670099477646E+00  0.976933546861107E+00 -0.387250448813246E+00 -0.306420749517882E+00 -0.869565071836972E+00
 0.175015610921070E+00 -0.412131982772611E+00  0.894157013454483E+00 -0.647055939066084E+00  0.650309934373482E+00 -0.398014573821694E+00
-0.437828057052714E+00  0.328014662127706E-01  0.898460158422030E+00 -0.236876204694185E+00  0.459496209757572E-02  0.971528975364606E+00
-0.301252995405873E-01  0.367599418771992E+00  0.929496171937294E+00 -0.200674088061049E+00  0.945761419686309E+00  0.255470639044496E+00
-0.762852901835623E-01 -0.216884284888812E+00  0.973212084527252E+00 -0.214667764879054E+00 -0.344219843660637E+00  0.914018845512541E+00
-0.223370030348101E+00  0.931218433874422E-01  0.970275296926812E+00 -0.387174612029622E+00  0.303463081216863E-02  0.922001415842484E+00
-0.173289712851609E+00 -0.391191159688471E-01  0.984093679578130E+00  0.515786676151187E+00 -0.992669071009213E-02 -0.856659538858032E+00
 0.200632303659970E-01  0.495625747770637E+00  0.868304431022944E+00 -0.244762097391027E+00  0.947138635502670E+00  0.207412441330999E+00
-0.295947072891992E+00  0.164593982171617E+00  0.940916654693470E+00 -0.929324581130978E+00  0.367099946979109E+00  0.399180640020017E-01
-0.242707725720776E+00  0.123259575807442E+00  0.962236996195437E+00 -0.418721140848151E-01 -0.725019067897546E-01  0.996488936001759E+00
 0.183794044670596E+00 -0.744053834114549E-01  0.980144677107935E+00  0.217189819340542E+00 -0.369376170777894E+00  0.903542930267446E+00
-0.156140164746689E-02  0.523294274898353E+00  0.852150611032757E+00 -0.617880569588890E-01 -0.761358775413134E+00 -0.645379772783946E+00
 0.138281589543914E+00 -0.300032987828436E+00  0.943852958997295E+00  0.154164917999882E+00  0.225273130296844E+00 -0.962021410793102E+00
-0.338103445501527E+00  0.647447497802856E-01  0.938879213485891E+00  0.480320743438242E+00 -0.524185850844115E+00 -0.703221997094634E+00
-0.130116033825338E+00 -0.282314077556910E+00  0.950457037090449E+00  0.702704312348651E+00 -0.495640314801255E-01  0.709753517913118E+00
-0.752423295099982E-01 -0.199798206478436E+00  0.976943841035865E+00 -0.800695929168937E+00 -0.558516338099238E+00 -0.216669169676975E+00
 0.668464303900844E-01  0.211981389044764E+00  0.974984843698996E+00  0.540464058708487E+00 -0.105208016623490E+00  0.834763364362920E+00
-0.277642814496465E+00 -0.178032131650301E+00  0.944043975489771E+00 -0.412309363837821E+00 -0.635289924234575E+00  0.652999005097006E+00
 0.107952162004640E+00 -0.218466129239722E-01  0.993916020709131E+00 -0.462533486534457E+00  0.274193140689619E-01 -0.886177722045791E+00
-0.343711690587996E+00 -0.251419890465334E-01  0.938738597342160E+00  0.586667225066621E+00  0.431566857158962E+00 -0.685252956822929E+00
-0.978458999677780E-01 -0.604102819455339E-01  0.993366386432900E+00 -0.182825626115336E-01 -0.188239932207327E-01 -0.999655643301023E+00
 0.358411335222103E+00 -0.149205217946713E+00  0.921563409495941E+00  0.831309474147354E+00  0.555795109924524E+00 -0.404400504894509E-02
 0.556210069165186E-01 -0.423247221731791E+00  0.904305309553092E+00  0.512366166231098E+00 -0.386314817743715E+00  0.766969212741481E+00
-0.140293732052024E+00  0.175448780460810E+00  0.974441067577578E+00  0.693521829475101E+00  0.628554098082717E+00  0.352061383603670E+00
-0.137038133033520E+00  0.223999516582125E+00  0.964906610333695E+00 -0.502943716414464E+00  0.664583492197238E+00  0.552608722350752E+00
 0.705407683726062E-01 -0.214726553308976E-01  0.997277757232378E+00 -0.431125663508494E+00  0.880845302488847E+00  0.195556169290800E+00
 0.395777057823969E+00 -0.147832003173788E+00  0.906369802750416E+00  0.889568542091260E+00 -0.204955824488461E+00  0.408241250892026E+00
-0.113034265618060E+00 -0.155521515306859E+00  0.981344135903835E+00  0.619070074071372E-01 -0.238676279522552E+00  0.969123911596017E+00
 0.189534471206556E+00  0.276415601252374E+00  0.942162989937909E+00 -0.721375229447649E+00 -0.549863436301022E+00 -0.421032041249338E+00
-0.172680557425994E+00  0.122806079167678E+00  0.977292224468460E+00 -0.508889800853880E+00  0.278815067364250E+00  0.814428222004596E+00
 0.187876557806581E+00  0.889306832540922E+00 -0.416936154132480E+00  0.802478318212066E-03 -0.215488091554351E-03  0.999999654796656E+00
-0.169745524692521E+00 -0.247842468194901E-01  0.985176226853070E+00 -0.259605474646621E+00  0.792748835690481E-01  0.962455448511055E+00
-0.549556260486585E-01  0.201727624094683E+00  0.977898688434908E+00  0.494789970875755E+00 -0.868914798070708E+00  0.130368099821042E-01
-0.103236229937292E+00 -0.128306776821096E+00  0.986346618512030E+00 -0.289545300633219E+00 -0.903398651010793E+00  0.316282146560786E+00
 0.140682766870933E+00 -0.208226736283111E+00  0.967910112253417E+00  0.834647513314447E+00 -0.157303648346672E+00  0.527843812822351E+00
 0.257577825308071E-01 -0.811348078280523E-01  0.996370252264589E+00 -0.309065961604404E+00 -0.706587388823155E+00  0.636563031705126E+00
 0.214883446509336E+00 -0.436558926316780E-01  0.975663501138994E+00 -0.165652114109146E+00 -0.937484371842859E+00  0.306075856025220E+00
-0.583288045281237E+00  0.316480945679763E+00  0.748074105455894E+00  0.611321289508846E+00 -0.640667333357198E+00 -0.464576849361027E+00
-0.343282320786717E+00 -0.861379563997726E-01  0.935274024392080E+00 -0.655181683870489E+00 -0.347300729758686E+00  0.670909207143347E+00
 0.601190846798455E-01  0.325003502931266E+00  0.943799988736843E+00  0.546578879830396E+00  0.540787219663857E+00  0.639375250671767E+00
-0.233683832104253E+00  0.231803518680001E+00  0.944276969612540E+00 -0.238597279451950E+00  0.624583046934756E+00  0.743617748389469E+00
-0.119435298119769E+00 -0.344042512900047E-01  0.992245714052833E+00  0.845973115659482E-01  0.758157991646257E-02 -0.996386378129380E+00
 0.266256755844642E+00 -0.131492893656692E+00  0.954891071737964E+00  0.754090578535022E+00 -0.520763416857431E+00  0.400191033167523E+00
-0.181382182404161E+00 -0.555201599399180E-01  0.981844191176252E+00  0.236058859392786E+00  0.285041897358778E+00 -0.928992643486634E+00
-0.154372936119461E+00 -0.281967787024568E-01  0.987610215755518E+00  0.614217852889308E+00  0.291634787550229E+00 -0.733270468437520E+00
