#          Em_x [n.u.]            Em_y [n.u.]            Em_z [n.u.]            En_x [n.u.]            En_y [n.u.]            En_z [n.u.]
-0.377543966988727E+00  0.149800505049885E+00  0.913794485471002E+00 -0.476409571378569E+00  0.589567537455218E+00  0.652260714038396E+00
-0.213887230111278E-01  0.318840498217457E+00  0.947567020967064E+00  0.322035684664056E+00 -0.343761516353135E+00 -0.882111692291597E+00
 0.541369826868580E+00 -0.282439650263988E+00  0.791925851652185E+00  0.936769058164784E+00 -0.310448244132037E+00  0.161510431181391E+00
-0.580477089458860E-01  0.129937692784526E+00  0.989821529105105E+00  0.275456348220269E+00 -0.243415465476495E+00 -0.929985328589658E+00
 0.457702283895733E+00  0.477410044689899E-01  0.887822851591983E+00 -0.764622191422976E+00  0.625093168406813E-02 -0.644448469807018E+00
-0.129930628379643E+00  0.116042701731893E+00  0.984709156646588E+00  0.988420829703052E+00 -0.146311860378735E+00 -0.402132182453056E-01
 0.167415638770121E-01 -0.141654886053542E-01  0.999759500565773E+00 -0.910476306091948E+00 -0.404120202565975E+00 -0.878621529624468E-01
 0.597320102501141E-01 -0.196589457866598E+00  0.978664739329663E+00 -0.366533294644374E+00 -0.500321344319865E+00  0.784430937900274E+00
 0.107401836683519E+00  0.808652121165023E-01  0.990921623008783E+00 -0.632193336555107E+00  0.188534323238836E+00 -0.751522717006077E+00
-0.133517997141443E-01  0.465807909175684E-01  0.998825289708809E+00  0.555547701818678E-01  0.441043451277148E+00 -0.895764668646616E+00
 0.243763381366955E+00 -0.281439766002129E+00  0.928100787639583E+00 -0.368527925235892E+00  0.928010654454554E+00 -0.546204498348214E-01
 0.154534272911581E+00 -0.379277246044280E+00  0.912287196626564E+00  0.486787859110535E+00 -0.459027117201969E+00  0.743190208423006E+00
 0.737696327230937E-01 -0.231853787361532E+00  0.969949412378817E+00 -0.742115943906859E-01 -0.698689581477344E+00  0.711565533168243E+00
 0.149465972223570E+00  0.135631426935480E-01  0.988673841217384E+00  0.161393722632704E+00 -0.562118915711805E+00 -0.811156206222786E+00
-0.287919234351935E+00  0.995155198239108E-01  0.952470039321118E+00  0.566085901032786E+00 -0.355443502780025E+00 -0.743778642462504E+00
-0.214703449822765E+00  0.244944172698351E+00  0.945465377946397E+00  0.545314645439162E+00  0.811988175726184E+00  0.208103675965671E+00
 0.236030587261355E+00 -0.886228577478648E-01  0.967696001315321E+00 -0.526790488022741E-01  0.112762335732202E-01 -0.998547827784774E+00
 0.404088848957138E-01  0.102033214399820E-01  0.999131129658704E+00  0.240197891473870E+00 -0.273187572142305E+00 -0.931489948071636E+00
-0.698304995790663E-01  0.203915983149044E-02  0.997556786932814E+00 -0.474307454866690E+00 -0.518080128521194E-01 -0.878833526933399E+00
 0.492282566638632E+00  0.744510858556371E-01  0.867245588284309E+00 -0.815095085676466E+00 -0.122611885438540E+00 -0.566203432394471E+00
-0.528255792324651E-01 -0.728106439421930E-01  0.995945815949582E+00  0.853110782674585E+00  0.521487838920373E+00 -0.158879307185486E-01
-0.284986509386957E+00  0.605043263321452E-01  0.956620047857315E+00 -0.780270416401835E+00  0.117381352595979E+00  0.614328654183447E+00
-0.191390475356965E+00 -0.124938961509941E+00  0.973529630694132E+00 -0.312239999053334E+00 -0.938527942783754E+00  0.147212375856341E+00
-0.295325381217063E+00  0.289651332661966E+00  0.910431230075146E+00 -0.429960115643881E+00 -0.895224756828793E+00  0.117076614728685E+00
-0.384935711555464E+00  0.383400579710492E-01  0.922146700869263E+00 -0.537356843584849E+00  0.244839150749908E+00  0.807032473270185E+00
-0.177711753691749E+00  0.132626407448670E+00  0.975104491142904E+00  0.529004725865119E+00 -0.835659186837064E+00 -0.147742084279286E+00
 0.140051218913457E+00  0.105251301947624E+00  0.984534316069879E+00  0.244111524344550E+00  0.118879037616093E+00  0.962433030448172E+00
 0.918310321030118E-01  0.924363662459468E-01  0.991474951644337E+00  0.803746600235541E+00  0.179288718640442E+00  0.567315571774720E+00
 0.326337350332441E-01  0.125456092197737E+00  0.991562306800865E+00  0.422143192626543E+00 -0.888914158044796E+00 -0.177839097350894E+00
-0.342795013395553E+00  0.215585420944499E+00  0.914338288089986E+00  0.333821055903210E+00 -0.916115241861047E+00 -0.222027850202495E+00
-0.418744073070046E+00 -0.934390979014437E-01  0.903284305328103E+00 -0.556396525815142E+00  0.187743905897530E+00  0.809428892404502E+00
 0.795143687732548E-01 -0.375253171777683E-01  0.996127158413673E+00 -0.202286682740133E+00 -0.819980895440653E-01  0.975887499303642E+00
 0.101006489490647E+00 -0.193688936132348E+00  0.975849519701012E+00 -0.255670475910169E+00 -0.458899786714772E+00  0.850907511719696E+00
 0.142642234310244E+00  0.155763097469146E+00  0.977441072626784E+00 -0.138000325402267E+00 -0.256139040366464E-01 -0.990100923193626E+00
-0.252739828384759E-01 -0.316744880761597E+00  0.948173985248911E+00  0.590375907040662E+00 -0.806998245704856E+00  0.144955101738449E-01
-0.148170589394533E+00  0.237119853700485E+00  0.960114394965276E+00  0.339924813960788E+00 -0.545456443588957E+00 -0.766112517193793E+00
-0.183970965791522E-01 -0.168545189801179E+00  0.985522230004145E+00  0.523060174355636E+00 -0.737481136681935E+00  0.427234861687775E+00
-0.224814953160743E+00  0.140686576258464E+00  0.964191642826261E+00  0.100110845603752E+00  0.192824984852224E+00  0.976112874522840E+00
-0.358761629280620E+00 -0.197463364644159E+00  0.912303849043356E+00 -0.716553820494303E+00 -0.753362667626924E-01  0.693451562292046E+00
-0.362410979882917E+00  0.204407407081504E+00  0.909327165320887E+00  0.513295414597242E+00 -0.421016026241576E+00 -0.747845788248619E+00
-0.997015614077484E-01  0.272008221739060E+00  0.957116046234317E+00 -0.633364815634167E+00  0.766011418617880E+00  0.109888656665374E+00
-0.677936157280001E-01 -0.295950336425873E+00  0.952794534008218E+00  0.185214588680014E+00  0.569363026513868E+00 -0.800950248254573E+00
 0.291846849265561E-01  0.533562414764081E-01  0.998148969673990E+00  0.177880760515946E+00  0.232895066841514E+00  0.956095352399098E+00
 0.509939370574482E-01  0.144796416088504E+00  0.988146556069142E+00 -0.704983794849677E+00 -0.376324267275001E-01 -0.708224293185392E+00
 0.912947298649544E-01 -0.220414202601789E-02  0.995821477001181E+00 -0.404484896223847E-01  0.257090734917294E+00  0.965540405010041E+00
 0.241559809303699E+00 -0.158583104316524E+00  0.957340199487358E+00 -0.645280031499218E+00  0.292087326423760E+00 -0.705902737415707E+00
-0.211195656760803E-01  0.437399444923484E-01  0.998819694039650E+00 -0.149967704234501E+00  0.296945187956663E-01 -0.988244870080350E+00
-0.142333729434286E+00  0.162114888177449E+00  0.976452698545373E+00 -0.717275804762120E+00  0.372720726982635E+00  0.588722922587858E+00
 0.503594016598825E-02 -0.252103100878179E-01  0.999669485165933E+00  0.628970530847680E+00  0.749209093053523E+00  0.207561572096343E+00
-0.444589110508466E+00 -0.293637010175415E+00  0.846237454307320E+00 -0.339816712678805E+00 -0.938757470760643E+00  0.570877646720371E-01
-0.489388337629729E-01  0.299142212630346E-01  0.998353709822399E+00 -0.311823026603015E-01 -0.100596445956108E+00 -0.994438544638029E+00
-0.932722226394542E-01 -0.224447759236187E+00  0.970012111191273E+00 -0.673909848321925E+00 -0.534061237881427E+00  0.510513575262478E+00
-0.225813571308823E+00 -0.936361112204955E-01  0.969659996951642E+00 -0.244647999586845E+00 -0.240857487324490E+00  0.939220435839153E+00
-0.101136003532065E+00  0.270015195635266E+00  0.957529792181743E+00  0.596116899886734E-01  0.158589662106453E+00  0.985543385899198E+00
 0.132374895916772E-02  0.120616538749547E+00  0.992698291662060E+00  0.232949051045341E-01  0.653007618734300E-02 -0.999707309916837E+00
-0.141273650144982E+00  0.188489487024423E+00  0.971860828028367E+00 -0.923859130507074E+00  0.334141047940491E+00  0.186638868031136E+00
 0.240349697913491E+00 -0.814286167512666E-01  0.967264908433501E+00 -0.424267940614603E+00  0.538080185581381E+00 -0.728331262854582E+00
 0.147912938174364E+00 -0.419024671200265E+00  0.895846017821219E+00 -0.236813981424697E+00  0.937907230581588E+00 -0.253474190056028E+00
-0.324075535834737E+00  0.333324689559024E-01  0.945443807736204E+00  0.310178275190938E-01 -0.121148842968620E+00 -0.992149611814347E+00
-0.310559546217926E+00  0.139420329262133E+00  0.940273758030795E+00 -0.370220035383112E+00 -0.872386416558795E-01  0.924838658795665E+00
 0.137437435070915E+00 -0.144450730612460E+00  0.979920883473076E+00 -0.636465328372431E-01  0.651710853755149E+00 -0.755792353729205E+00
 0.238108691206818E+00  0.110660604587568E+00  0.964913717263927E+00 -0.486316509869579E+00  0.178594957860534E+00 -0.855336245727413E+00
 0.304946033289725E+00  0.170640609200594E+00  0.936957682754409E+00  0.406153018442234E+00  0.692941544904137E+00  0.595711122068516E+00
 0.312625220344168E-01 -0.886120537399857E-01  0.995575491184887E+00  0.349867669950695E+00  0.366834929543357E+00 -0.861988832868612E+00
 0.987358925066438E-01  0.113861511679373E+00  0.988578160637289E+00  0.113374512788997E+00  0.982833523394085E+00  0.145548909795387E+00
-0.240594289245692E+00 -0.161515415649063E+00  0.957093077234430E+00  0.958951672601083E+00  0.271113916585975E+00 -0.831199966855058E-01
-0.513826020789530E-01 -0.628484044941908E+00  0.776123465343662E+00  0.278337522664555E-01 -0.964051768280088E+00  0.264252663772391E+00
 0.211575545011915E+00  0.980678914582232E-01  0.972429163187658E+00 -0.582265746384119E+00  0.840314900308554E-01 -0.808644117811376E+00
 0.175764650061089E+00  0.107877829425275E+00  0.978503531780747E+00  0.477646105321483E+00  0.240220251427107E+00  0.845073031681592E+00
-0.565401425628528E-01 -0.475330486900805E-01  0.997268179358591E+00 -0.861698320905661E-01  0.647190283057754E+00 -0.757442735494314E+00
 0.365787309627489E+00  0.117826780232528E+00  0.923209886198972E+00  0.896230899841398E-01 -0.848980748250875E+00 -0.520768077786148E+00
 0.161824762613879E+00  0.288370660314578E+00  0.943745256133612E+00 -0.946139124556972E+00 -0.756395951523741E-01 -0.314800585494612E+00
-0.376879058648541E+00  0.207425992443715E+00  0.902738407741096E+00 -0.509608050801901E+00  0.237278513079267E+00  0.827042043543603E+00
 0.946881454656684E-01 -0.735346191175989E-01  0.992787396626036E+00  0.353666120263710E-01  0.680635452673366E-01  0.997053938640943E+00
 0.118465934674186E+00 -0.445765379956437E-01  0.991957032628982E+00  0.403951399697094E+00  0.614773855524266E-01  0.912712330226998E+00
 0.166611274558493E+00  0.795370039262627E-01  0.982809517758364E+00  0.422199071832184E-01  0.191309748204191E+00  0.980621262098415E+00
 0.704147580205731E-01 -0.241973584568414E+00  0.967724416465771E+00 -0.249771643847377E+00 -0.569113387259770E+00  0.783405436776827E+00
-0.331020780737113E+00  0.134375994264290E-01  0.943527781065214E+00  0.443485078196266E+00 -0.127421166210130E+00 -0.887178015856402E+00
 0.160850101548243E+00  0.707436870522394E-01  0.984440234638028E+00  0.970882485376246E+00 -0.706090003371147E-01  0.228913889183328E+00
-0.329740481642229E+00 -0.197315057381404E+00  0.923221524281645E+00 -0.706387515402356E+00 -0.648509898000186E-01  0.704848229908853E+00
-0.101957859757353E-02  0.265260387900878E-01  0.999647602770891E+00 -0.126051392348756E+00 -0.742316659776581E-01 -0.989242491127995E+00
-0.170569816314388E+00 -0.289800103170529E+00  0.941765277531948E+00 -0.210387529777219E+00 -0.818012760627925E+00  0.535343077627909E+00
 0.956830865803954E-01  0.172063236887225E+00  0.980427962399247E+00  0.325246941048417E+00  0.368107509849873E-01  0.944912374747293E+00
-0.328837393753673E+00 -0.194504747123746E+00  0.924139530490726E+00 -0.163958348235101E+00 -0.888545729180635E+00  0.428490545051896E+00
-0.214143553741019E+00 -0.252458206279767E+00  0.943614006081496E+00  0.348406601535957E+00  0.210609644505544E+00 -0.913376383342274E+00
-0.900891498585419E-01  0.449486471076131E+00  0.888732725512734E+00  0.199187162207824E-01 -0.996181706778110E+00 -0.850014813092593E-01
-0.317894825149861E-01 -0.212699714115072E+00  0.976600358599563E+00 -0.705421209482642E+00 -0.231567537842896E+00  0.669893568135585E+00
-0.538077641938237E-01  0.107165483844082E+00  0.992784107238289E+00 -0.105022789311972E+00 -0.925144139287358E+00 -0.364799308205740E+00
 0.764429296417815E-01 -0.360680080910185E+00  0.929551697186555E+00  0.425572696093808E+00 -0.806959772475597E+00  0.409516551491610E+00
-0.248352988745268E-02  0.117312200098940E+00  0.993091979520147E+00 -0.103724142265322E+00 -0.298376545774505E-01  0.994158446466478E+00
-0.601636933625717E-01 -0.938207283395453E-01  0.993769591472194E+00  0.181870477987399E+00 -0.355681458065414E+00  0.916740873761553E+00
 0.171024782533344E+00 -0.971700244261711E-01  0.980463415999006E+00  0.451743482631327E+00 -0.170542071630828E+00 -0.875695853423999E+00
-0.163963221311587E+00 -0.786102651896514E-01  0.983329287809501E+00 -0.526707531002802E-01 -0.578462407632778E-02  0.998595178183905E+00
-0.742710575848569E-01 -0.200820046362410E+00  0.976808639900480E+00 -0.607931048365020E-01 -0.187266794445407E+00  0.980426104355897E+00
 0.341200991476151E+00  0.545979578092333E-01  0.938403402817121E+00  0.945099573002997E+00 -0.786964801634870E-01  0.317165037668768E+00
 0.115550745039110E+00  0.848845864603705E-01  0.989667940423634E+00  0.867349591736240E+00  0.270029330478919E+00  0.418077560263744E+00
 0.277739160995908E+00 -0.342850418002391E+00  0.897393196611650E+00  0.403405488375086E+00 -0.520031657377664E+00  0.752881854791240E+00
 0.403183792823431E-01 -0.369060650569258E+00  0.928530378874833E+00  0.257766922889432E-01  0.684971064841923E+00 -0.728114141095999E+00
 0.468645759138276E-01 -0.588673455376083E-01  0.997165155404947E+00 -0.682412392062372E-01  0.367387583249796E+00  0.927561047557233E+00
 0.515600878183808E+00 -0.297371454002165E+00  0.803570751558769E+00  0.919130893148142E+00 -0.270396170296727E+00  0.286503599191288E+00
 0.105536802060639E+00 -0.640185184234904E-01  0.992352564721669E+00  0.769232541007658E+00 -0.623373078032324E+00 -0.140311451561901E+00
 0.497358803175318E-01 -0.179485386531713E+00  0.982502589426919E+00 -0.560624331476435E-01  0.715400739748877E+00 -0.696461617862985E+00
 0.253176072481508E+00 -0.347452781002827E+00  0.902872328347834E+00 -0.526561106237862E+00  0.686654794943779E+00 -0.501237063651798E+00
-0.645270881285571E-01  0.136841456293918E-01  0.997822127964721E+00  0.904935746184648E-01  0.672999672733025E+00  0.734086066789184E+00
-0.431400560017121E+00 -0.267386661667966E+00  0.861625167911763E+00 -0.739518971901928E+00 -0.480477639384987E+00  0.471437088324780E+00
-0.578874312086636E-01 -0.230873148764148E+00  0.971260333014681E+00 -0.410359517312394E+00 -0.554119292020635E+00  0.724262988673099E+00
 0.181008463287217E-01  0.245350075743307E+00  0.969265546532496E+00 -0.364146915411568E+00 -0.743673268679207E+00 -0.560666650914984E+00
 0.360579173483299E+00 -0.186709705970324E+00  0.913850176640885E+00  0.505760478102734E+00 -0.433879422468995E+00  0.745623890139838E+00
 0.196406251638729E+00  0.450215915848323E+00  0.871051211717244E+00 -0.514354751811028E-01  0.387555137763859E+00  0.920410455767279E+00
-0.340611650281677E+00 -0.206489523838059E+00  0.917249028474560E+00  0.718223913658331E+00 -0.173556985193450E+00 -0.673819250793468E+00
 0.790103684520208E-01  0.200532405174465E+00  0.976495835194406E+00  0.157905279920316E+00  0.487321761192727E+00  0.858826771614221E+00
 0.140685561917795E-01 -0.774198219834154E-01  0.996899316325743E+00  0.246197864437562E-02 -0.382860264346180E-02 -0.999989640177814E+00
-0.306647115698207E+00 -0.304388640969505E+00  0.901839842589974E+00  0.793890797753962E+00  0.498722298343694E+00 -0.347869904384327E+00
 0.968578372160151E+00  0.116716426927170E-01 -0.248434518013190E+00  0.100893041410393E-01 -0.462088359077620E-02  0.999938424792642E+00
 0.840485768004634E-01 -0.237391259632742E+00  0.967771267701102E+00  0.464959632685081E+00 -0.856998029115551E+00 -0.222186673915013E+00
 0.569983863327642E-01 -0.209481755753807E+00  0.976149874743506E+00 -0.417270605065329E-01 -0.531528907667294E-01  0.997714198868907E+00
-0.204720372820929E+00 -0.256558038932101E-01  0.978484209723720E+00  0.302811125623613E+00 -0.401831552936667E+00 -0.864197214334244E+00
-0.865399470130564E-01 -0.307622160670505E-01  0.995773329444820E+00 -0.301620863285856E+00 -0.141737393960906E+00  0.942833689461649E+00
-0.100549064700741E+00  0.209705138017514E+00  0.972580917290105E+00 -0.399181136110358E+00  0.535926998949666E+00  0.743933244565968E+00
-0.942150058107622E-01  0.212560665928622E-01  0.995324928007471E+00 -0.248378862153290E+00 -0.196477524610033E+00  0.948527555297447E+00
 0.266546932403487E+00 -0.208185536419007E+00  0.941069346675483E+00  0.227051278081533E+00  0.194100285674750E-01  0.973689359042478E+00
-0.612055984170758E-01  0.184004602115404E+00  0.981017931091354E+00  0.892020145804667E-01 -0.309310725617123E+00 -0.946768121354429E+00
-0.280835060925247E+00  0.468553113289575E-01  0.958611625401747E+00 -0.785319238492033E+00  0.172157336821641E+00  0.594672636862310E+00
 0.163021035992072E+00 -0.274330343427002E+00  0.947716732203929E+00 -0.551238949899789E+00  0.662411744579798E+00 -0.507293111283926E+00
 0.205990445203523E+00 -0.942646814850462E-01  0.974003134650694E+00  0.147670552133609E+00 -0.718498487805951E-01  0.986423340793779E+00
 0.202740971003485E+00 -0.881511385988399E-01  0.975256620300674E+00  0.156182672437701E+00  0.989009492906003E-01  0.982764252025701E+00
 0.109588197140520E+00 -0.396135478452662E+00  0.911628822360598E+00  0.175192514887366E+00  0.254367557055279E+00 -0.951107106820872E+00
-0.275312967227882E+00  0.271419120278024E+00  0.922244236210605E+00 -0.579272329995595E+00  0.158480664217675E+00  0.799579543741958E+00
-0.219754552246690E-01 -0.176190131148394E+00  0.984110825595156E+00 -0.921512912345498E+00 -0.352663195784027E+00  0.162611877548704E+00
-0.293813898811415E+00 -0.863848790226605E-01  0.951951178129150E+00 -0.790916105076195E+00 -0.611902851089286E+00 -0.515902703086498E-02
-0.119226560037318E-01  0.191587602077997E-01  0.999745363670728E+00 -0.770630317639575E-01  0.457886353552808E-01  0.995974241638632E+00
 0.125577898177361E+00 -0.241259124778044E+00  0.962301525614861E+00 -0.382687668606826E+00  0.908497289800298E+00 -0.167877403845144E+00
-0.246323225588875E+00 -0.204759685622852E+00  0.947311110290132E+00 -0.338920059986584E-01 -0.780302155694570E+00  0.624483688936543E+00
 0.926464849905386E-01  0.194454338011565E+00  0.976526568633635E+00  0.281377623143153E+00  0.378196266138807E+00  0.881926424070044E+00
 0.375038606179532E-01 -0.741265064084515E-01  0.996543386655306E+00 -0.363216693528891E+00  0.986191733045613E-01 -0.926470664510574E+00
-0.101998143515993E+00 -0.277659232351348E+00  0.955249563940937E+00  0.105762407639006E+00 -0.856131133161163E+00  0.505819924442072E+00
-0.674250438277610E+00 -0.206101226657470E+00  0.709160511346153E+00 -0.783057561765689E+00 -0.461117301070066E+00  0.417362779384353E+00
 0.164966575050771E+00  0.964183559192983E-01  0.981575025027551E+00  0.258366228723733E-03 -0.981815834810426E-01 -0.995168483178626E+00
-0.230089428762353E+00 -0.166332286632393E+00  0.958849532093255E+00 -0.385551544359923E+00 -0.872462869384694E-01  0.918552171657728E+00
-0.493250537550991E+00 -0.400851016515722E+00  0.772024850483435E+00  0.869233188527787E+00  0.319096013834376E+00 -0.377639243083699E+00
-0.223211882644490E-01 -0.549975688788113E-01  0.998236961834155E+00  0.225956976738988E-02 -0.207430190977888E-02  0.999995295796962E+00
-0.236071555425101E-01  0.254220485380077E+00  0.966858131796134E+00  0.940097159476385E+00 -0.337686358782068E+00 -0.467466986742521E-01
-0.327919260704436E+00 -0.131096769870400E+00  0.935565388088189E+00 -0.483253003449869E+00 -0.212755689147712E-01  0.875222191688507E+00
 0.120421921022716E+00  0.276988340206060E-02  0.992718937405315E+00 -0.708497764240786E+00  0.705258059648636E+00  0.253374696141669E-01
-0.339213849064139E+00 -0.625802319954683E-01  0.938625420051303E+00  0.998895435974939E+00 -0.925387885634008E-03 -0.469792682541800E-01
 0.324360613818946E+00 -0.404791002327403E-01  0.945067000083774E+00 -0.854318595466160E+00 -0.519749563492277E+00  0.358734323838117E-03
 0.129723656294575E-02  0.321790237779312E+00  0.946810097140516E+00  0.287002192536120E+00 -0.547062959320984E+00 -0.786353521018650E+00
-0.309770975983002E-01  0.249327281990010E+00  0.967923719039811E+00 -0.256885100407543E+00 -0.716488228731060E+00 -0.648578956857555E+00
 0.129154757756725E+00  0.460395367039404E-01  0.990555101752996E+00  0.874574137675152E+00  0.322069178504070E+00  0.362479684903136E+00
-0.129888870951669E-01  0.466821504141996E+00  0.884256168812315E+00 -0.138274363122349E-01 -0.866183197215019E+00 -0.499535254879371E+00
-0.263076869229703E+00  0.305939737909771E-01  0.964289671024208E+00  0.295492987218707E+00 -0.455525796074089E+00 -0.839750048297487E+00
-0.937479357011022E-01  0.334854488854194E+00  0.937594686336254E+00  0.247754524869729E+00  0.934752134817067E+00  0.254668690383231E+00
-0.110093280725096E+00 -0.139534508712019E+00  0.984078040816723E+00 -0.112954682157570E+00  0.856725953235831E+00 -0.503251309815323E+00
-0.688428717369907E-02 -0.127275874998309E+00  0.991843464581748E+00 -0.147516099959020E+00  0.642247328122958E-01  0.986972230586084E+00
 0.150439906222234E+00  0.140310996518911E+00  0.978611597556311E+00  0.518032876615771E+00  0.643688361881020E+00  0.563300303145771E+00
-0.191025149297177E+00  0.665017821560219E-01  0.979329824577024E+00 -0.372557876565461E-01  0.415491198481911E+00 -0.908833906866461E+00
 0.333176379981773E+00 -0.116497621528333E+00  0.935639783250201E+00  0.129106338549113E+00 -0.541229800167726E+00 -0.830904240425361E+00
-0.183018439762919E+00  0.167567319964041E+00  0.968723615891971E+00 -0.249100605399785E+00 -0.936801357950394E+00 -0.245666652461742E+00
 0.194879070386185E+00 -0.255633999002432E+00  0.946928406205792E+00  0.935045500519221E-01 -0.102294033033303E+00  0.990349852287246E+00
 0.150636184587718E+00  0.122309383383722E-01  0.988513603366296E+00  0.639427852022273E+00 -0.430848444962696E-01  0.767642962732620E+00
-0.168251844745581E+00 -0.354540623118772E-01  0.985106251226382E+00 -0.754171067688914E-01 -0.233648060227190E+00 -0.969391997057269E+00
 0.259954088933045E+00 -0.393786088050203E+00  0.881678166058970E+00  0.462987291877798E+00 -0.740525418056078E+00  0.487098422059171E+00
 0.329838091543106E+00  0.135079239997244E+00  0.934323515859988E+00  0.390318110812327E+00 -0.414790591740029E-01  0.919745214731741E+00
-0.117599680396069E-01  0.182867810783812E-01  0.999763620457105E+00 -0.826612188570700E+00 -0.649058267061489E-01 -0.559016568060330E+00
-0.643857021206581E-02  0.353754506463598E+00  0.935316146535662E+00  0.106143327006194E+00  0.590486526002001E+00  0.800037034606613E+00
-0.161416009367122E+00 -0.193547007604612E-01  0.986696644100134E+00  0.711728371875383E+00 -0.651657433093098E+00 -0.262269545624593E+00
-0.501227340333310E-01  0.162250195625756E+00  0.985475816827804E+00  0.913764248227517E-01 -0.117347437462771E+00 -0.988878115799684E+00
 0.114345870867843E+00  0.143233225529094E+00  0.983061170487374E+00 -0.848225773135627E+00  0.433751565249297E+00 -0.303928638716810E+00
-0.420127547489477E+00  0.944154385156318E-02  0.907415947121372E+00 -0.699536529563849E+00 -0.318914085289739E-01  0.713884851966901E+00
-0.179526701645341E+00  0.165617374414838E-01  0.983613680389442E+00  0.136222539629523E-02 -0.985991955364635E+00 -0.166787314560168E+00
-0.175674820888026E+00  0.257034982499420E+00  0.950300676142811E+00  0.605880677720449E-01 -0.558436410950857E+00 -0.827331772004421E+00
-0.389878540305745E-01  0.512799315748004E-01  0.997923000965392E+00  0.173864229451589E+00  0.158940618681366E+00  0.971858585109166E+00
-0.100298322522755E-01  0.107329158890681E+00  0.994172949801397E+00 -0.130940207480651E+00  0.310812229778018E-01  0.990902931493861E+00
-0.420746877823999E+00 -0.281216717158085E+00  0.862490129098407E+00  0.780029157238108E+00  0.827284502451839E-01 -0.620250366689482E+00
 0.307508791779064E+00 -0.274748472311890E+00  0.911016805520547E+00 -0.166940639514195E+00 -0.985673458999607E+00  0.240552510346949E-01
-0.306438563807344E+00 -0.428848394717013E+00  0.849814368530171E+00  0.467160542065080E+00  0.814581940314287E+00 -0.343827413757646E+00
 0.312803832382259E+00  0.274467897118455E+00  0.909297055916462E+00  0.277572666390474E+00  0.638207444010762E+00  0.718084029401945E+00
-0.118766570592131E+00 -0.199253941762181E+00  0.972724199556081E+00 -0.816582602572471E-01  0.705914413760579E+00 -0.703574281065488E+00
-0.437885440601093E+00  0.218762100109580E-01  0.898764581158572E+00 -0.863246962868919E+00 -0.349046483911308E+00  0.364652208503858E+00
-0.442644562008438E+00  0.160610949743828E+00  0.882196074887405E+00 -0.765173375102267E+00  0.622101761034494E+00  0.165828540825716E+00
-0.669753690190510E-01  0.205669745672048E+00  0.976326920483071E+00  0.631093780138904E-01  0.968025512471742E-01  0.993300796576112E+00
 0.241569093360044E+00  0.159555527158573E+00  0.957176267406561E+00  0.784218733206613E-01  0.317923690065528E-01  0.996413194943659E+00
-0.626978124468538E-01 -0.212820361983233E+00  0.975077677849157E+00  0.331509626811260E-01  0.171939925175947E+00 -0.984549478596076E+00
 0.221052428806427E+00 -0.137637224361334E+00  0.965500812111977E+00  0.286970966992219E+00 -0.429687700237698E+00  0.856163620091387E+00
-0.275770107897251E+00 -0.535953295372878E-01  0.959728288757880E+00 -0.215971699075244E+00 -0.194531263438641E+00  0.956824860015415E+00
 0.415789526487186E-02  0.608764181976899E-01  0.998136650772021E+00 -0.299677703311698E+00  0.124045684533033E+00  0.945941828172619E+00
 0.320235706668434E+00 -0.174491574025190E+00  0.931129305074639E+00  0.771815722596086E+00  0.180084664088356E+00  0.609811449641334E+00
 0.153556821949310E+00  0.222954714632470E-01  0.987888260070469E+00  0.120780123909763E+00 -0.513918133106986E+00  0.849294009240718E+00
 0.311565821855578E+00  0.226821300451533E+00  0.922756108791990E+00 -0.750249032083036E+00 -0.559699338433443E+00 -0.351941813963096E+00
-0.138701422968780E+00 -0.275393437461941E+00  0.951273025933844E+00  0.289039073389080E-01 -0.824517699306972E+00  0.565097449711181E+00
 0.180106460534307E+00  0.363280796899546E-01  0.982976059474413E+00 -0.969022423067646E+00 -0.199169083741247E+00 -0.146038418485618E+00
-0.362039732033311E-01 -0.127398119953043E+00  0.991190693739970E+00 -0.315499441570141E+00 -0.111788213904200E+00 -0.942318150945337E+00
 0.140549286061256E-01  0.115509500241902E+00  0.993206934297049E+00 -0.182258541805794E+00 -0.127743226745831E+00 -0.974917171845582E+00
-0.118175900296922E+00  0.555651525226205E+00  0.822973777895022E+00 -0.198309863928170E+00  0.683435152632096E+00  0.702559314232994E+00
 0.152892991500022E+00  0.565714810538067E+00  0.810302712748793E+00 -0.671456947770498E+00 -0.639987022595424E+00 -0.373580216553514E+00
-0.130129630195127E-01  0.125515599542496E+00  0.992006298903863E+00 -0.948464725992410E-02  0.190660919788586E-01  0.999773237090796E+00
-0.156209936144149E+00 -0.103985522323554E+00  0.982234934726381E+00  0.847753181009299E-01 -0.555210070127081E+00 -0.827378343607305E+00
 0.675540786358675E-01 -0.178993957862443E+00  0.981528201076463E+00  0.110234480544250E-01  0.369175229299510E-01 -0.999257514404424E+00
 0.174544269577504E+00  0.570786468720940E+00  0.802332290938571E+00 -0.615100707629332E+00 -0.715545123794968E+00 -0.331128819777348E+00
-0.152265447755162E+00 -0.418482523833792E+00  0.895370097035645E+00  0.150401857980763E+00  0.766139087793729E+00 -0.624828119782174E+00
-0.188062493039435E+00 -0.486846793844244E+00  0.853002167661591E+00 -0.748363264834976E+00 -0.576180347590598E+00  0.328585804465002E+00
-0.276476738387441E+00 -0.111647660246086E+00  0.954513181204019E+00  0.261308103878035E+00  0.957241721008108E+00  0.124122368689536E+00
-0.447180811536249E-01 -0.245891781767569E+00  0.968265214121166E+00  0.412939675086740E+00  0.558797964687155E+00 -0.719184023321396E+00
 0.712006403215210E-02 -0.203070681277592E+00  0.979138194073560E+00 -0.275396251480647E+00  0.326416824984471E-01 -0.960776469962748E+00
-0.425871077657644E+00 -0.129714626970980E+00  0.895437290246780E+00 -0.758196582197601E+00 -0.393741433981943E+00  0.519716870911192E+00
-0.314053083809768E-01  0.988940423021362E+00 -0.144950151154890E+00  0.274234149198543E-01  0.283400027593840E-01  0.999222097712882E+00
-0.195677296297583E+00  0.269432066800077E+00  0.942929879202853E+00 -0.294143983508629E+00  0.326341033560057E+00  0.898321126758482E+00
-0.236502118947433E-01 -0.169353392011991E+00  0.985271584940602E+00 -0.576040460192102E+00 -0.441698215415767E+00  0.687808167093266E+00
 0.249300817762997E+00 -0.336986127283609E+00  0.907903878326938E+00 -0.599990777106044E+00  0.544634431756371E+00 -0.585990104978831E+00
 0.112345068506869E+00  0.181625051763946E+00  0.976929335291929E+00  0.782641008427116E+00  0.524224789466412E+00  0.335650744133069E+00
-0.250869715100894E+00  0.363978940417213E-01  0.967336332076142E+00 -0.105395594781664E-01 -0.992747350044117E+00 -0.119756489036668E+00
 0.258151814484771E-01  0.220295717556953E+00  0.975091469162175E+00 -0.786618745344975E-02  0.218949323920524E+00  0.975704523229083E+00
-0.173891212998065E+00  0.289507912320451E+00  0.941247584191277E+00  0.695240523250201E+00 -0.554386376529701E+00 -0.457489191510636E+00
-0.345742726550600E-01 -0.236149148710426E+00  0.971101539095534E+00  0.193433717170863E+00 -0.143833163565428E+00  0.970512966487426E+00
 0.729023548846431E-01 -0.183916710221963E+00  0.980234609852868E+00  0.363912205634362E+00  0.145787671527402E+00 -0.919953184363722E+00
-0.186963355815309E+00 -0.766565557399644E-01  0.979371469895036E+00 -0.505696273407378E+00 -0.304756964248201E+00  0.807090126196642E+00
 0.185274770236017E+00  0.141201138585861E+00  0.972489330520416E+00  0.572401624380267E+00  0.139560342500916E+00  0.808009462325695E+00
-0.160187127033028E+00  0.222642060594609E+00  0.961649934844843E+00  0.164176692777205E+00 -0.330682020548317E+00 -0.929352147915322E+00
 0.611704041052609E-02 -0.196957405601335E-01  0.999787307191086E+00  0.597326251480504E+00  0.771387690519132E+00 -0.219459290547950E+00
-0.136361531221556E+00 -0.407305586297681E+00  0.903054645175814E+00 -0.691407588168890E-01 -0.991010698549454E+00  0.114531003796997E+00
 0.221303754286860E-01  0.277432383670321E+00  0.960490249286472E+00  0.455171946703151E+00 -0.875326124505045E+00 -0.163164563228179E+00
 0.193571706236388E+00 -0.132380438696889E+00  0.972113889415820E+00  0.283723211775418E+00 -0.380360142329737E+00  0.880242751305993E+00
 0.301641331875532E+00  0.585669308907554E-01  0.951620944236933E+00  0.346315130634216E+00  0.728561057150830E-01  0.935284886092916E+00
-0.625757283364944E+00 -0.362049259058933E+00  0.690903869095117E+00  0.853995830254078E+00  0.415657765696592E+00 -0.312921305961682E+00
 0.102437845258418E+00  0.936923334932073E-01  0.990317239324556E+00  0.170062256483424E+00 -0.972340486330135E+00 -0.160102490808368E+00
 0.322987240996338E-01 -0.479488016830833E-02  0.999466758599658E+00 -0.258031750198729E-01  0.492916216007525E+00  0.869694084236358E+00
-0.249482822077259E+00  0.171840294490925E+00  0.953010616246031E+00  0.820251309070817E+00 -0.107261189614753E+00 -0.561856589504865E+00
 0.809496122343096E-01  0.262240326243653E+00  0.961601357928917E+00 -0.840972162072669E+00 -0.377378545378322E+00 -0.387751539141965E+00
 0.263017341471202E-02 -0.920662694736359E-01  0.995749408341786E+00 -0.336517664318907E-01  0.498319180367927E-02 -0.999421195700522E+00
-0.854278113901966E-01 -0.175120731457610E-01  0.996190451839014E+00 -0.221914609867526E+00 -0.507053462882608E-01  0.973746822220813E+00
-0.498743245159000E-01  0.393621015198936E+00  0.917918867955029E+00 -0.187914214418113E+00 -0.639945685562949E+00 -0.745089100409468E+00
 0.179911785828439E+00 -0.222971519189717E+00  0.958079042120352E+00 -0.471977415231318E+00 -0.149408732504446E+00 -0.868858072508381E+00
-0.273997424707261E+00 -0.269544465992385E+00  0.923185350894753E+00 -0.767652800347649E+00 -0.950062981564440E-01  0.633784649095433E+00
-0.114257521307943E+00 -0.269897636852716E+00  0.956086023559535E+00 -0.143408836752863E+00 -0.511469366502236E-01  0.988340981854182E+00
-0.308759705258885E+00  0.903585030008003E-02  0.951097154773266E+00  0.487351879735463E+00 -0.192813258715375E+00 -0.851652037267492E+00
 0.823433110894352E-01  0.273597300154645E+00  0.958313151567335E+00 -0.381691150163110E+00 -0.472289926558408E+00 -0.794515003734112E+00
-0.262297806703044E+00 -0.204021223537541E+00  0.943172943285067E+00  0.251475537543098E+00  0.681277031558591E+00 -0.687474843385650E+00
 0.357023081630533E+00  0.174493903142099E+00  0.917652655937568E+00 -0.420428029547253E-01  0.784996305833095E-01  0.996027213844077E+00
 0.398420502937218E+00  0.288935588486237E+00  0.870504065783363E+00  0.675992375875800E+00  0.523352690499937E+00  0.518783451070163E+00
 0.226678641460965E+00 -0.896295799060811E-01  0.969836755289915E+00  0.419289044307899E+00 -0.261189210296941E+00  0.869469317312479E+00
 0.881789856171519E-01  0.624845122647157E-01  0.994142923438361E+00  0.221664860351000E+00 -0.974975017050700E+00  0.169825149067546E-01
-0.296040409224639E+00  0.347257225886676E+00  0.889815989503222E+00 -0.962923534992670E+00  0.259114394234024E+00  0.750865930639739E-01
-0.128532636336777E+00 -0.240735620041820E+00  0.962042474446632E+00 -0.921932768879462E-01  0.166532034071586E+00 -0.981716599291589E+00
 0.124947996374475E+00 -0.510717647699381E-01  0.990847956573201E+00  0.657478862682888E-01  0.212074736156917E+00 -0.975039241125826E+00
-0.127676177083531E+00 -0.578599271863281E-01  0.990126770990123E+00 -0.752202187700049E-01 -0.360730147249203E+00  0.929632012978125E+00
-0.443861233546316E+00  0.360916743924176E+00  0.820198944957816E+00 -0.780824051024651E+00  0.621860398708004E+00  0.600287086332553E-01
-0.238617339796975E-02  0.114518353730089E+00  0.993418266811853E+00  0.104607813913617E+00  0.950305611230229E+00  0.293217411714507E+00
-0.155075320324491E+00  0.102095385204802E+00  0.982612933634674E+00 -0.965236396808364E+00 -0.281450774154172E-01  0.259858717178558E+00
-0.406573742894225E+00 -0.690843694150550E-01  0.911002273044094E+00  0.807426843892353E+00  0.469610864925805E+00 -0.357109965284744E+00
 0.206803811112704E+00 -0.113606449055618E+00  0.971764250444641E+00  0.584185138875950E+00 -0.742017546362251E+00  0.328842947935685E+00
-0.191418304041918E+00  0.224484486588271E+00  0.955492411356007E+00 -0.675958262771005E+00  0.609017416565919E-01  0.734419093471023E+00
 0.792489935665259E-01  0.629442461474106E-01  0.994865628562786E+00 -0.720726415769830E-02 -0.907219648904861E-02 -0.999932873044099E+00
-0.149598614721510E-01  0.164237042105723E+00  0.986307455383511E+00  0.339506427439853E+00 -0.648551564903418E+00 -0.681260782218055E+00
-0.224210628983384E+00  0.189453156850130E-01  0.974356540935848E+00  0.766390097714321E+00 -0.619200603243964E+00  0.170987809705092E+00
 0.293802905278531E+00 -0.433142864087309E-01  0.954884142418753E+00  0.729895707419225E+00  0.373947824102535E+00  0.572202133113788E+00
-0.828086579235974E-01  0.306520021667747E+00  0.948255346670767E+00  0.199770133130946E+00 -0.665228338670158E+00 -0.719418620372719E+00
-0.747104948567588E-01  0.916820988542295E-01  0.992981739362785E+00  0.325733296014921E+00 -0.125442004867269E+00 -0.937103048379492E+00
 0.497326019885111E+00  0.633261451591917E-03  0.867563501379103E+00  0.538810631660089E+00 -0.106112856387467E-01  0.842360079673264E+00
-0.185550712436748E+00  0.342501187774529E+00  0.921012415490286E+00  0.115884424301248E-01 -0.945966464604691E+00 -0.324057334194654E+00
-0.221109203115066E+00  0.285439860929151E+00  0.932542120276917E+00  0.305185733271469E+00 -0.418062203671061E+00 -0.855620045387701E+00
-0.375601667090328E+00 -0.205160598798701E+00  0.903787871339024E+00  0.732373454801881E+00  0.304337568912652E+00 -0.609104068981561E+00
-0.345484422142852E-01 -0.764379666417862E-01  0.996475610537576E+00 -0.606054717204922E-01 -0.255204048124718E-01 -0.997835500338480E+00
 0.138494561735792E-01 -0.226001554659914E+00  0.974028485135316E+00 -0.429631606254545E+00  0.902902331729291E+00 -0.135669548885839E-01
 0.124530809367065E+00 -0.844074347991452E-01  0.988618967281638E+00  0.642893825096047E+00 -0.200771988353374E+00  0.739173956755787E+00
 0.464460145931643E-01  0.621166817637492E-01  0.996987605527307E+00  0.162258640472113E+00  0.180616939029385E-01  0.986582945730108E+00
-0.935488866686944E-01  0.578174779961947E+00  0.810532250819794E+00 -0.370531867986858E-01  0.940054544011357E+00  0.339005185257780E+00
-0.384044179014705E+00  0.839777638702196E-01  0.919487794231266E+00  0.885450517197854E+00  0.200597483086415E+00 -0.419211201393103E+00
 0.380150564261812E+00 -0.138581975245569E+00  0.914483780407538E+00 -0.606618943227755E+00  0.253997647605876E-01 -0.794586879873654E+00
 0.370693293492223E+00 -0.307066939609711E+00  0.876525171776952E+00  0.827699340095124E+00 -0.285651735205841E+00  0.483028869302849E+00
 0.184011463786335E+00 -0.126487316066193E+00  0.974751629939433E+00  0.729808706507390E+00 -0.681358776867200E+00  0.559416579307735E-01
 0.388913443997424E-01  0.437907701390725E+00  0.898178327724218E+00  0.818671705011634E+00  0.140649525973109E+00 -0.556771362640792E+00
-0.268099574852914E-01 -0.380789503874190E+00  0.924273000751880E+00  0.223329939677572E+00 -0.833781246385515E+00  0.504908478062538E+00
-0.248555607437716E+00 -0.203097123303172E+00  0.947085882334461E+00  0.770766830235739E-01  0.285860807797180E+00 -0.955166364304997E+00
-0.232286367804360E+00  0.181331636855112E+00  0.955595040175337E+00 -0.280055107005661E+00  0.532994668863881E-01  0.958503157986282E+00
 0.204087407611005E+00 -0.312912892075563E+00  0.927595737391848E+00  0.978765355419306E+00 -0.204655764656997E+00 -0.115929730259140E-01
 0.372063170148882E-01 -0.470497714937877E+00  0.881616464349676E+00  0.298563210688216E+00 -0.931218545778769E+00  0.209026384031344E+00
-0.574709101872939E-05 -0.245448196081171E+00  0.969409708537866E+00 -0.374264798569359E-01  0.152275168647612E+00 -0.987629248057620E+00
 0.591365392437756E-02 -0.876147880588909E-01  0.996136876945462E+00  0.588786738070811E-01 -0.345162954761042E-01  0.997668245018015E+00
-0.450858856444731E-01  0.190494174162444E+00  0.980652452465103E+00  0.385109819028114E+00 -0.244874761764264E+00 -0.889790300205070E+00
 0.122299063424869E+00  0.403653698993885E+00  0.906700959729256E+00 -0.381816242939874E+00 -0.110400135195935E+00 -0.917620927603550E+00
 0.357073322559799E+00  0.269523777623565E+00  0.894346451668272E+00  0.672547799427084E+00  0.739747371221760E+00  0.212904733691679E-01
 0.251895523580158E+00  0.157374190359128E+00  0.954872771320393E+00 -0.502091341578989E+00 -0.451442898701485E+00 -0.737633780356764E+00
 0.202495393743170E+00  0.374623029116276E+00  0.904794563184674E+00 -0.179354638058223E+00 -0.673088040472250E+00 -0.717484775852582E+00
 0.186406617579648E+00  0.687542025102095E-01  0.980063994114517E+00 -0.549714309662263E+00 -0.510663751101404E+00 -0.661087521485306E+00
 0.328658793224118E-01  0.296212854151448E+00  0.954556325740822E+00  0.379171026495607E+00 -0.758253571181312E+00 -0.530359174953215E+00
-0.410287019166325E+00 -0.223637562781264E-01  0.911682194796380E+00  0.264246286550282E-01 -0.995833538898157E+00 -0.872771551210040E-01
-0.847324483320624E-01  0.344399061696811E-01  0.995808367640420E+00 -0.229890261732319E-01 -0.867348938355981E-01  0.995966145442170E+00
 0.256260827755044E+00  0.267168900978812E+00  0.928951649176680E+00  0.923436127137299E+00 -0.354318632386645E+00  0.147390725085819E+00
-0.222379998784076E-01  0.884791714625651E-01  0.995829758331566E+00 -0.881473167963288E-01 -0.689643837888183E+00 -0.718763818931132E+00
-0.128735222673781E+00  0.752360293165555E-01  0.988820905086361E+00 -0.265261120515945E-01  0.354638782210175E-01 -0.999018858040703E+00
 0.249514519211310E+00  0.852320183986565E-01  0.964612879730744E+00  0.674634172992064E+00 -0.276444995868993E+00  0.684431805872803E+00
-0.686004261524103E-01 -0.696357468289360E-01  0.995210954670056E+00 -0.185328078730994E+00 -0.885789614306584E-01  0.978676285002219E+00
-0.341192012362043E-01 -0.266284258612541E+00  0.963290492905527E+00  0.154797033780346E+00  0.634078528957221E+00 -0.757616194024555E+00
 0.815775805235308E-01 -0.255505857124289E+00  0.963359670803750E+00  0.982122206540029E-01 -0.110541853051801E-01  0.995104097419686E+00
 0.122310951187827E+00 -0.301127189679851E+00  0.945707379084590E+00 -0.805911848568756E+00  0.553962460764915E-01 -0.589438163217418E+00
 0.207502015003086E+00  0.494364663881911E-02  0.978222098568403E+00  0.255147702733591E-01  0.258461475555706E+00  0.965684556235350E+00
 0.217059706001731E+00 -0.742890417199420E-01  0.973327397287662E+00  0.573481935526424E+00 -0.221982439873618E+00  0.788569759762966E+00
 0.286273894186542E-01  0.208160506041112E+00  0.977675649844968E+00  0.775634835899391E-01 -0.780741020064500E-01  0.993925721877284E+00
-0.606727188489218E+00  0.319150278401847E+00  0.728028308889148E+00  0.394741991490858E+00 -0.378223390291908E+00 -0.837332566660300E+00
 0.135726070521231E+00  0.269549380956403E+00  0.953373780322747E+00  0.252687900753527E+00  0.443646246826057E+00  0.859841167012797E+00
-0.453790823178576E+00  0.168600230943382E+00  0.875013057573856E+00  0.782102575192117E+00 -0.381048613351424E+00 -0.493069484090038E+00
-0.297536981603020E+00 -0.360065083749704E+00  0.884208617941989E+00  0.606771207923325E+00  0.605694988690923E+00 -0.514744870698069E+00
 0.159861575119968E-01 -0.400935384183837E-01  0.999068041198944E+00  0.467416358763773E+00 -0.148059780428670E-01 -0.883913304897155E+00
 0.129401976258082E+00  0.182802591473567E+00  0.974596501682132E+00  0.550554271007925E+00  0.762029937386400E+00  0.340881752521033E+00
-0.395295741787093E+00  0.294588631574698E+00  0.870033800878988E+00 -0.573202954993668E+00  0.242349713339243E+00  0.782754743729422E+00
-0.163575423931794E-03 -0.136535537068202E-01  0.999906772511446E+00  0.147850842321087E+00  0.710075106474930E+00 -0.688428261759758E+00
-0.294083149800614E+00 -0.335248682446950E+00  0.895054982624494E+00  0.431162024730390E+00  0.527282896511631E+00 -0.732169417195703E+00
-0.110395365579412E+00 -0.736021407606353E-01  0.991158709861362E+00  0.215250540650804E+00 -0.314722908166629E+00  0.924454810050051E+00
-0.141069215230634E+00  0.346426231077257E-01  0.989393432956996E+00 -0.151905590831009E+00 -0.206072173830436E+00  0.966674169845807E+00
-0.108773365908188E+00  0.175913697344990E+00  0.978377598862228E+00 -0.296441727366737E-01 -0.177668580059939E-01  0.999402602447759E+00
-0.230814694455618E+00 -0.103226585455327E+00  0.967506511026460E+00  0.790879113353166E+00 -0.510526759217475E+00 -0.337450227714567E+00
 0.267779972989323E+00  0.360275368941201E-01  0.962806264339395E+00  0.806401860226218E+00  0.399417189248299E+00  0.436098553949316E+00
 0.250826018171636E-01  0.133268806778592E+00  0.990762478208522E+00  0.209895297511300E+00 -0.358958494254473E-02 -0.977717279668608E+00
-0.445084923384796E-02  0.379322874039022E+00  0.925253666392019E+00  0.405119911772824E+00  0.723043779874626E+00  0.559540480635488E+00
 0.298277162418164E+00 -0.117700162777436E+00  0.947194492204179E+00 -0.189013249398210E+00 -0.679999612584658E-01  0.979617270581107E+00
 0.216142541980911E+00  0.115060979695099E+00  0.969558338883037E+00 -0.631492170591502E+00 -0.211448561135465E+00 -0.745994064638168E+00
-0.354082046066717E+00  0.119674863010654E+00  0.927525650220299E+00 -0.811971028058539E+00  0.107915440558374E+00  0.573635169147300E+00
 0.597131287117228E-01  0.400655975494017E-01  0.997411194118287E+00 -0.112962568032295E+00 -0.106951244022282E-01 -0.993541681328755E+00
 0.159442026659265E+00 -0.692701697396998E-01  0.984774026728477E+00  0.165118234246588E+00 -0.266567633431494E-01  0.985913477789687E+00
-0.198831362247004E-01  0.271503982800015E+00  0.962231909789734E+00  0.244175506215224E+00  0.947798500738495E+00  0.205076386164764E+00
 0.160327575433685E+00  0.129052167511143E+00  0.978591133526271E+00  0.229878059349777E+00 -0.646060546773095E+00 -0.727847406901220E+00
 0.175755125717816E+00 -0.393733335973680E-01  0.983646215051603E+00  0.711360822905005E-01 -0.574256893512191E+00  0.815578738105700E+00
 0.169508053302412E+00 -0.476020773598058E+00  0.862943360232138E+00 -0.432211193873012E+00  0.896045631838836E+00 -0.101467775936039E+00
-0.264901802049779E-01  0.115880478427401E+00  0.992909857475564E+00 -0.339865859551805E+00  0.266230971176850E-01  0.940097020637219E+00
-0.117591158419728E+00  0.324493217834691E-01  0.992531793433993E+00  0.573593820945215E+00  0.397154878140294E+00  0.716420359386050E+00
 0.745676673761851E-01  0.175598268582618E-01  0.997061339869711E+00 -0.616580976959946E+00 -0.739915405138189E+00  0.268985300881496E+00
 0.206070583603032E+00  0.166714819372944E+00  0.964230824841724E+00 -0.207590060360883E+00  0.499831034193670E+00  0.840877698655549E+00
 0.299926590024712E-01 -0.165024173371395E+00  0.985833384811576E+00  0.741905160315583E+00 -0.113311454753374E+00  0.660860989406080E+00
-0.118880215033411E+00  0.212335596031960E-01  0.992681535246923E+00 -0.691167131143775E-01 -0.163922662145133E+00  0.984048901632189E+00
-0.327876137875538E+00 -0.258706555800078E+00  0.908607812093800E+00  0.125253784843360E+00  0.978245494476808E+00 -0.165370015172757E+00
-0.122877756503396E+00 -0.375694864983181E+00  0.918561062413361E+00  0.154976477527110E+00  0.706594340625720E+00 -0.690439518863885E+00
-0.229021124675788E+00  0.278930614625167E+00  0.932602292875727E+00 -0.406834177294027E+00  0.662842780415089E+00  0.628590009972387E+00
 0.458496423179693E+00 -0.414234468762768E+00  0.786251127070897E+00  0.574629266209537E+00 -0.671661018675337E+00  0.467624510058548E+00
 0.535906776788758E-01 -0.117683941369721E+00  0.991604018350877E+00 -0.356037916632085E+00 -0.567612396673649E+00  0.742329555563216E+00
-0.107739323852903E-01  0.303838131580781E+00  0.952662748394445E+00 -0.375715249878284E-01 -0.761780913495587E+00 -0.646744323781754E+00
-0.393511938906289E+00 -0.147897489175741E+00  0.907344855407096E+00 -0.897840446869809E+00 -0.437983929293221E+00  0.453057352384083E-01
-0.890825067578380E-02  0.771999813786967E-01  0.996975830170936E+00  0.279013524470100E+00 -0.158880749114733E+00  0.947052459330271E+00
-0.231150704662225E+00  0.445726721021285E+00  0.864810408067439E+00 -0.421263146514497E+00  0.696955618013685E+00  0.580336305867440E+00
 0.326973378656166E+00  0.298371257315467E-01  0.944562414866403E+00  0.736364634299927E+00  0.313314874308406E+00  0.599667336853895E+00
-0.127599131509369E+00  0.422947802490147E-01  0.990923616229698E+00  0.512624810557314E+00 -0.804917061962933E+00 -0.298871756715215E+00
-0.697254441067939E-01 -0.553114751235849E-01  0.996031627592098E+00 -0.353905655945244E-01  0.485716988670093E-01  0.998192515467869E+00
-0.562729321778602E-01  0.174155628096834E+00  0.983108933082343E+00  0.976488309129782E+00 -0.796794467529974E-01  0.200304188418502E+00
-0.540708058746666E-01  0.403181795188174E+00  0.913521093342078E+00  0.289383480995469E-01  0.984861858069556E+00  0.170908433171249E+00
 0.376841931191921E+00 -0.795433424666300E-01  0.922855901842091E+00 -0.347526403694011E+00  0.165470993918870E+00 -0.922954359059541E+00
 0.246205483798526E+00  0.532025414343975E-02  0.969203051296983E+00  0.320291479772505E-01 -0.477857497530604E+00 -0.877853259795531E+00
-0.127976450911403E+00 -0.304780425535587E-01  0.991308789900617E+00 -0.320304993288801E+00  0.352483875320862E+00  0.879295074996470E+00
-0.690751615305805E-01 -0.397510817290017E+00  0.914993864567925E+00 -0.563588761662691E-01 -0.704435345259067E+00  0.707527046427919E+00
 0.302517252483852E-01  0.409313665710382E-01  0.998703888222192E+00  0.779096274581893E+00  0.401283839310542E+00  0.481643307065309E+00
 0.130140149751199E+00 -0.263076656203090E+00  0.955957224139102E+00  0.542738885911939E+00 -0.704711216514418E+00  0.456964553371306E+00
-0.329796317539923E+00 -0.190009347347644E+00  0.924732846208908E+00  0.827327204323058E+00  0.354400900804185E+00 -0.435809245537741E+00
-0.401507139569014E-01  0.401306829908569E-01  0.998387424025082E+00 -0.100643122196770E+00 -0.169881091366743E+00 -0.980311877287290E+00
 0.239032598738051E+00 -0.365839774187578E+00  0.899457990326905E+00  0.179407724737996E+00 -0.511270841622167E+00  0.840484975958105E+00
 0.403615634374547E+00 -0.449694262020563E+00  0.796786979307652E+00 -0.494190372198384E+00  0.768118162810090E+00 -0.407149068508911E+00
-0.278729977287810E+00  0.316639021590305E-01  0.959847382171353E+00 -0.146182255829320E+00 -0.370159292982426E-01  0.988564903817063E+00
 0.192035248101456E-01 -0.198473530498521E+00  0.979918099805448E+00 -0.478892211761063E-01 -0.126331446016443E+00 -0.990831463086705E+00
 0.755611030632841E-01 -0.165516197661167E+00  0.983308144996089E+00  0.260864250576754E+00 -0.165346441206526E+00  0.951110086767755E+00
 0.136772563854721E+00  0.101157956628964E+00  0.985423935972361E+00  0.468930238320878E+00 -0.877019912744000E+00  0.104596865339415E+00
 0.982535153418655E-01 -0.889303566681710E-01  0.991179922307669E+00  0.206373374202294E-03 -0.438373817052375E+00  0.898792720226951E+00
 0.348795458037302E+00  0.112393020729327E+00  0.930435133334875E+00 -0.807007582746335E+00  0.274843347640035E+00 -0.522685273991851E+00
-0.109046376623989E+00 -0.117844112552794E+00  0.987026672832008E+00  0.260131019026973E-01  0.237374113928871E+00 -0.971069950397953E+00
-0.154971311855402E+00  0.138281984582593E+00  0.978193224900743E+00  0.486210468336382E+00 -0.433671652446265E+00 -0.758635800858780E+00
 0.122722930823494E+00  0.871305576020277E-01  0.988608794307461E+00  0.149647461513768E+00 -0.339156608312683E+00  0.928751006621432E+00
-0.120391395222832E+00 -0.199391161347383E+00  0.972496311937913E+00 -0.571352042110616E+00 -0.523185365975834E-01  0.819035783531047E+00
 0.260639780491444E-01 -0.876936209619663E-01  0.995806456039944E+00 -0.480043229917377E-01  0.210561286235624E+00  0.976401315911088E+00
-0.130180192871189E+00  0.489198761809016E-01  0.990282769262631E+00  0.439867083526978E+00 -0.379630192179017E+00  0.813878286978829E+00
 0.926677514812762E-01 -0.225841959468918E+00  0.969746408695925E+00  0.777245105149465E-01 -0.326395747048310E+00  0.942032227035778E+00
-0.476781229410829E+00  0.228698567927278E+00  0.848750036412082E+00 -0.896621082291745E+00  0.351851128816498E-02  0.442784659702992E+00
 0.686488893735538E-01  0.290718340999570E+00  0.954342798052270E+00  0.418799975991791E+00 -0.663695994623868E+00 -0.619769478781836E+00
-0.116906188302044E+00 -0.489233026739797E+00  0.864282354721942E+00 -0.351954899347043E+00 -0.933432851876952E+00  0.695043873613211E-01
-0.534383983905056E-01  0.138427113015249E+00  0.988929862002216E+00 -0.367885276184413E+00  0.299150899830125E+00  0.880436915796666E+00
 0.262317214241398E-01  0.646017615469075E-01  0.997566293133525E+00  0.895871878529575E+00 -0.256840723913508E+00  0.362555402386277E+00
-0.838285493371102E-01 -0.228732681771083E+00  0.969873256980439E+00 -0.479374352588718E+00 -0.586771804105451E+00  0.652609439088174E+00
-0.222488393994530E+00  0.310942908456676E-01  0.974439356560756E+00  0.680370731727985E+00  0.457260320914379E+00 -0.572720408511174E+00
 0.150975779818868E+00 -0.375552378684739E+00  0.914421524665905E+00  0.181412774689358E+00 -0.661154512644893E+00  0.727986342996077E+00
-0.298444634344716E+00 -0.358314461406543E-01  0.953754112808075E+00  0.499685179820211E+00 -0.345798598581491E+00 -0.794190185212031E+00
 0.354963909748505E-01 -0.532281861739169E-01  0.997951284594792E+00 -0.606495761145021E+00 -0.788506237378040E+00 -0.102082345824571E+00
-0.140641537261460E+00 -0.194616656604139E+00  0.970744206765593E+00 -0.948196469653093E+00 -0.108294084354920E+00  0.298656736456991E+00
 0.621718699208453E+00  0.286741137403998E+00  0.728865816988841E+00 -0.858443051666202E+00 -0.258851766207239E+00 -0.442799379152017E+00
-0.193155841761115E+00  0.943551184477670E-01  0.976620669664667E+00 -0.232840062564819E-01  0.210235135548538E-01 -0.999507812340883E+00
-0.128504633830412E-01  0.656937306494753E-01  0.997757084336762E+00 -0.292475261538086E+00 -0.519218034383308E+00 -0.803038513496932E+00
-0.204492314201471E+00 -0.174489137718119E+00  0.963190756938061E+00  0.977150096135928E-01  0.366791356273143E+00 -0.925157217914622E+00
 0.361184370462659E+00  0.113124469026798E+00  0.925607208831531E+00 -0.577183851918379E+00 -0.165591578203757E+00 -0.799648816864411E+00
 0.250655228575810E+00 -0.125596316116150E+00  0.959894536793319E+00  0.268037100467075E+00 -0.355450347743567E+00  0.895439089532158E+00
 0.259089864287149E+00  0.611789465632408E+00  0.747386173249733E+00  0.509028017647106E+00  0.748308893698669E+00  0.425351944701951E+00
-0.233954678444793E+00  0.102674935799514E+00  0.966810770519422E+00 -0.377495525219777E+00  0.440889552732360E-01  0.924961238356483E+00
 0.367960028930174E+00  0.376332167648521E-01  0.929079737216153E+00 -0.653184215736950E-02  0.470520704433977E-02 -0.999967597507390E+00
-0.647431555003124E-02 -0.120267049355809E+00  0.992720464218103E+00 -0.178967556677165E-02 -0.143526951035599E+00  0.989644790512126E+00
 0.473435150533712E-01 -0.108951211340026E+00  0.992919042586017E+00 -0.237242039556733E+00 -0.161519491640500E+00  0.957928843123097E+00
 0.881377675322741E-01 -0.305666325806066E+00  0.948050542535917E+00  0.226427751270767E-01 -0.604445758505401E+00  0.796324450057497E+00
 0.765343263279405E-01  0.351651197899268E+00  0.932997283977578E+00  0.377884522499617E+00  0.610526316070425E+00  0.696032258620757E+00
 0.760508018919441E-01 -0.155732489505610E+00  0.984867334844637E+00  0.347639803563436E+00 -0.520654637433134E+00  0.779785429139163E+00
-0.137770748228986E+00  0.404568658153202E-01  0.989637541194162E+00  0.400518578626795E+00 -0.112408823001703E-01 -0.916219684759002E+00
 0.180503649947011E+00  0.361998396809392E+00  0.914535725416583E+00  0.212436503896320E+00  0.450964962628787E+00  0.866891766193177E+00
-0.607155950991672E-01  0.133311664507358E+00  0.989212624574733E+00  0.585363493723377E+00  0.170978701136666E-01 -0.810590675405003E+00
-0.351960996943539E+00  0.225024454111252E+00  0.908563399924542E+00 -0.734468777309710E+00  0.269625471107116E-01  0.678106655483105E+00
-0.277132844848594E+00  0.418551322660370E+00  0.864876971947676E+00 -0.384101722444121E+00  0.685359798900416E+00  0.618666156231809E+00
 0.185163549204496E+00 -0.376846874261045E+00  0.907579689837578E+00 -0.466139887554254E+00  0.572095209403146E+00 -0.674848632367939E+00
 0.274309968441943E-01  0.613919219923537E-02  0.999604847292806E+00  0.511127065046480E-01 -0.134544211682558E+00 -0.989588473223334E+00
 0.303325518387750E+00 -0.480916548611780E-01  0.951672644677526E+00 -0.632465033342773E+00  0.482321476375356E+00 -0.606097331313892E+00
-0.156049728361664E+00  0.475153801992506E+00  0.865954586990748E+00 -0.170023187707065E+00  0.684032016563087E+00  0.709360497884232E+00
-0.401488059841932E+00  0.121098374104753E+00  0.907822957185787E+00 -0.829778864967140E+00 -0.116877509861270E+00  0.545716669108132E+00
-0.288363792411381E-01  0.505229570294185E+00  0.862503069288808E+00  0.296334651913386E+00  0.764251320973249E+00  0.572805108624230E+00
 0.207957570848122E+00 -0.230519843602881E+00  0.950586266696638E+00 -0.166813786994696E+00 -0.927925915902739E+00  0.333356648448101E+00
 0.322739518139173E-01  0.252088756386557E-01  0.999161100435434E+00 -0.669744501976952E-01 -0.109041489558561E+00 -0.991778390859352E+00
 0.106187385764507E+00  0.439165394691150E+00  0.892108735082370E+00  0.453287700982895E-01 -0.267728517141298E+00 -0.962427526471837E+00
 0.137355242434402E+00  0.900868694359638E-01  0.986416693558566E+00 -0.335296343133627E+00 -0.637999549075695E+00 -0.693204830955777E+00
-0.887059419142067E-01  0.314524183137408E+00  0.945095653408088E+00 -0.696205789527816E+00  0.366974157805756E+00  0.616950132612601E+00
 0.367712847235715E+00 -0.126682084850546E+00  0.921270270526366E+00  0.687343723098308E+00  0.702580575481434E-02  0.726298316376165E+00
-0.703748754157328E-01 -0.819445786524176E-01  0.994149115042456E+00 -0.117008127753793E+00 -0.796565562177311E-01 -0.989931275943479E+00
 0.233448476311002E+00 -0.220833688547409E+00  0.946960554041517E+00  0.165445370460596E+00  0.453298458964216E-01  0.985176651400226E+00
 0.118686232275341E-01  0.155713704956602E+00  0.987730923820537E+00  0.220061411645135E+00 -0.158383375428558E+00 -0.962542301144530E+00
 0.196280808319813E-01  0.226813152339265E+00  0.973740485123618E+00 -0.239422216536177E+00 -0.928798236019850E+00 -0.282861872643378E+00
-0.116635418669436E+00  0.475249136161623E+00  0.872086255876927E+00 -0.138069447229637E+00 -0.676407274567267E+00 -0.723470819490451E+00
 0.130697662367899E+00 -0.321228415583567E+00  0.937939457573482E+00 -0.347416731573230E+00  0.162204694256217E+00 -0.923575255073576E+00
 0.611604743372729E-01  0.607039988947139E-01  0.996280292335962E+00 -0.512347059230705E+00  0.409659395205111E+00  0.754771270530239E+00
 0.178376979411772E+00  0.206357028473548E+00  0.962080261732616E+00 -0.536702476987331E+00 -0.833394154262459E+00 -0.131926626716615E+00
-0.200666026073991E+00 -0.270463823703652E+00  0.941585081682623E+00 -0.111674638680900E+00 -0.956867348375448E+00  0.268204497890004E+00
 0.897169449672891E-02  0.143160906677964E+00  0.989658761137899E+00 -0.524000652835028E+00  0.750185746438377E+00  0.403292278216630E+00
 0.216303326950175E+00  0.390066135695848E+00  0.895020268225024E+00 -0.724414834622107E-01 -0.816473365205468E+00 -0.572820631073858E+00
 0.791108557725284E-01 -0.350829087058251E+00  0.933091862665629E+00  0.688605348619306E+00  0.233583572074529E+00 -0.686484805884141E+00
 0.443988616411049E-01  0.140008370495262E-01  0.998915771047232E+00 -0.465282616604218E-01  0.784920830215807E-01  0.995828355576297E+00
 0.576042881583957E-01 -0.127542290179279E+00  0.990158931789028E+00 -0.629708458001119E-01  0.986506136314918E-01 -0.993127750598758E+00
 0.107232328634801E+00  0.307297811114329E+00  0.945552369242392E+00 -0.121139165845290E-01 -0.981009067706840E+00 -0.193583217511074E+00
 0.420024671726108E-01 -0.980256771665263E-01  0.994297118253622E+00  0.756633571072307E+00 -0.649916620979639E+00 -0.715124108164174E-01
-0.397503347451167E+00  0.252198863721873E+00  0.882262331680614E+00  0.739084305616245E+00 -0.673054650113355E+00 -0.274194666713617E-01
 0.307082269095317E+00  0.128482065466906E+00  0.942970221619235E+00 -0.589343031681557E+00 -0.397459896057677E+00 -0.703349430961746E+00
 0.216765958104648E+00  0.159290254312149E+00  0.963140246427354E+00 -0.639099732678923E+00 -0.234373723347661E+00 -0.732543848171482E+00
-0.728900550876186E-01  0.185122145387424E+00  0.980008587287112E+00 -0.289854819223586E-01  0.872577047946375E-02  0.999541746385447E+00
 0.343821351195076E+00 -0.529080914628848E+00  0.775796535335067E+00 -0.858061609133230E+00  0.353267906685414E+00 -0.372735913265408E+00
 0.153590298274488E+00  0.496656505295753E+00  0.854249574786762E+00  0.468170413454820E+00  0.730376689626999E+00  0.497359382353494E+00
-0.602935375710124E-01 -0.548980840020522E+00  0.833657439610261E+00 -0.381930258947380E+00 -0.576206766936468E+00  0.722575282608677E+00
 0.477442422076002E+00  0.233371755529256E+00  0.847104690887374E+00 -0.618312595804238E+00 -0.295682099328893E+00 -0.728190654984176E+00
-0.131668435010105E+00  0.488645901598873E+00  0.862489771575649E+00 -0.572621322168373E+00  0.815463032832482E+00  0.844089064127347E-01
 0.162480044559205E-01  0.904616523558162E-01  0.995767388401657E+00 -0.104124522155658E-01 -0.108291833208724E-01 -0.999887148445994E+00
 0.107417799799322E+00  0.265013845969650E+00  0.958242702936290E+00  0.224734800859318E+00  0.512868579801424E+00  0.828528870429506E+00
-0.820639279122006E-01 -0.304444353795713E+00  0.948988486325062E+00  0.302670775155288E+00 -0.126081229113873E+00  0.944718966429717E+00
-0.489910427719778E-01  0.189375320495422E-01  0.998619671150126E+00  0.369610881973691E-01  0.987312127070880E+00  0.154430054387223E+00
-0.345751854226640E+00  0.364777454837680E+00  0.864518978242227E+00  0.806181987440206E+00 -0.238602445221469E+00 -0.541423564560405E+00
-0.215471492595622E+00  0.688399611146020E-01  0.974080641236831E+00 -0.504592002510833E+00 -0.236837022387704E+00  0.830237999508956E+00
-0.662982596467647E-01 -0.194157868705129E+00  0.978727368978559E+00 -0.259491223081229E+00  0.136686152401266E-02  0.965744498733170E+00
-0.685581359243994E-01  0.356480480006605E+00  0.931784014336387E+00 -0.178317369842806E+00 -0.286709556040111E+00 -0.941276020138422E+00
 0.116211864960245E+00 -0.482484390159752E+00  0.868161054007051E+00  0.708842203248576E-01 -0.911172275143527E+00  0.405882387297977E+00
 0.499854184957896E+00  0.117763262406932E+00  0.858066202461881E+00 -0.642248148377920E+00 -0.766385239341780E+00  0.130759636041398E-01
 0.955733703211068E-01 -0.553359657449067E-01  0.993883122796913E+00  0.426119099751476E+00  0.900018736476970E+00 -0.915903205442037E-01
-0.476158473313481E+00  0.269320121324064E+00  0.837102013222861E+00 -0.778842577400488E+00  0.214085425524388E+00  0.589552092868990E+00
 0.526483991604406E-01 -0.305353802364810E+00  0.950782415407014E+00  0.103272852273099E+00  0.354395667523689E+00 -0.929375289548747E+00
-0.347961737093379E+00 -0.164913636679306E+00  0.922890092024052E+00  0.386573611388641E+00  0.481101138545274E+00 -0.786830691742756E+00
-0.375829708898957E+00 -0.744932554897630E-01  0.923689766531741E+00  0.795974111574027E+00 -0.142819514835123E+00 -0.588241276931667E+00
 0.101823510412780E-01 -0.275537717516970E+00  0.961236331997917E+00 -0.257536439774627E+00 -0.872573188078453E+00  0.415079526879868E+00
-0.238865921150181E+00 -0.569204646452759E-01  0.969382861627769E+00  0.420451240171781E+00 -0.874352339625708E+00 -0.242340134581669E+00
 0.106973272167272E+00  0.744560672145676E-01  0.991470127183248E+00 -0.141167973133820E-01 -0.110448336296791E-01  0.999839350937792E+00
 0.311592330898615E+00  0.937396732602394E-01  0.945580823082951E+00  0.958474717684831E+00 -0.277698818497467E+00  0.648812897844553E-01
 0.288767816873393E-01  0.354184689280971E-01  0.998955286055473E+00 -0.126566839178491E-01  0.365232039111122E-02 -0.999913230689526E+00
 0.420255954053691E+00  0.876795600614448E-01  0.903159580489436E+00 -0.504922804288112E+00  0.339654554849922E+00 -0.793528666829076E+00
 0.148242770861845E-01  0.474253612307081E-01  0.998764775070191E+00  0.603202169346872E-01  0.336392448138141E+00  0.939788057098291E+00
 0.247167366458503E+00 -0.242397575199692E-01  0.968669565493487E+00 -0.277736179990224E+00  0.265930479718238E+00 -0.923116240936788E+00
 0.391640938294542E-01  0.180828536561128E+00  0.982734559339234E+00 -0.274659191873484E+00 -0.144884276364647E+00 -0.950563451212857E+00
-0.492624392049269E-01 -0.985628272815469E-02  0.998737235600217E+00 -0.249763506606841E+00 -0.962507054105911E+00  0.105822311276095E+00
-0.304494331291819E+00  0.107576646916716E+00  0.946419815541340E+00  0.663325300260326E+00  0.242678640524596E+00 -0.707888849656274E+00
-0.139018400290861E+00  0.175051266001526E-01  0.990135069030121E+00 -0.427532552769167E-01 -0.836102486273472E-02 -0.999050675604832E+00
-0.380549555813803E+00 -0.470211243868075E+00  0.796293552472927E+00  0.734089153655464E+00  0.461413599287131E+00 -0.498207391432824E+00
-0.759110054822573E-01  0.786024443793168E-01  0.994011657368398E+00 -0.293701724274540E+00 -0.862729383321482E+00 -0.411627633076179E+00
-0.336966626462877E-01 -0.523922325973177E+00  0.851099248779693E+00 -0.285690487112547E+00 -0.534083415289194E+00  0.795698341764280E+00
 0.116039940463938E+00 -0.274972646989185E+00  0.954423792465845E+00  0.142107454316064E+00  0.387245862826602E+00 -0.910958897619145E+00
-0.290398180932276E+00 -0.354114955625069E+00  0.888972156320928E+00 -0.444293770978021E+00 -0.126473015004795E+00  0.886909026645758E+00
 0.158634471837811E+00 -0.497136071202794E-01  0.986085017436037E+00 -0.501593056454335E+00 -0.734371936003673E-01 -0.861981081180382E+00
-0.379773172603403E+00 -0.314519025588344E+00  0.869971332811435E+00 -0.223122560967151E+00 -0.540262051703084E+00  0.811377371065421E+00
 0.583105663839265E-01 -0.306163822289964E+00  0.950191344818919E+00  0.231492728531065E+00 -0.831605194120449E+00  0.504820678804993E+00
 0.121970978120325E+00 -0.309552136361424E+00  0.943027335431190E+00  0.329956450688036E+00 -0.907883508742067E+00  0.258604476379561E+00
 0.236232922733841E+00  0.178487760857567E+00  0.955162879011051E+00 -0.743045563101066E+00 -0.629965924202595E+00 -0.225889852581719E+00
 0.500371941939376E-01 -0.261808311971003E+00  0.963821916631954E+00 -0.954385529873941E-01 -0.179298737935036E+00  0.979154454199426E+00
-0.872318823323463E-01 -0.875964148291674E-01  0.992329313692704E+00  0.365192846422475E-01  0.221282008461459E-01 -0.999087926349093E+00
 0.167606196164875E+00  0.190069563814916E+00  0.967358115652290E+00  0.192735411957605E-01 -0.423580107376651E-02 -0.999805275340673E+00
 0.159149216049370E+00 -0.200867646856232E-01  0.987050175480120E+00 -0.390655718283663E+00 -0.509518741349699E+00 -0.766667308541126E+00
 0.198326262681397E+00  0.208124655775504E+00  0.957784329162446E+00 -0.910323989165690E+00 -0.346011216328815E+00 -0.227126557064819E+00
 0.674941066048925E+00  0.220547730537180E+00  0.704140082594110E+00  0.975731314294942E+00  0.216300621808103E+00  0.340946228853354E-01
-0.101940509816919E+00 -0.329317078870849E+00  0.938700374998454E+00  0.445089604029353E+00 -0.892766772601467E+00  0.697333071333505E-01
-0.182477510343980E-01 -0.117092943138938E+00  0.992953303156421E+00 -0.874366575997730E-01  0.517063938340074E+00 -0.851469150689579E+00
 0.476428510497997E+00 -0.931752726506086E-01  0.874262113414017E+00  0.723061358015270E+00  0.514123925836739E+00  0.461366298538735E+00
-0.209955809546606E+00 -0.293671079533053E+00  0.932564129206952E+00 -0.293405013830300E-01  0.458441747146556E+00 -0.888240001042402E+00
-0.309294984474416E+00  0.272642519466077E+00  0.911044822804104E+00  0.415506017479175E+00 -0.757004642390840E+00 -0.504280399021529E+00
 0.116921165362761E+00  0.267410689549443E+00  0.956462735397938E+00 -0.310550911380124E+00 -0.422548486698112E+00 -0.851475723570620E+00
-0.334510878025668E-01  0.206144101854676E+00  0.977949709338550E+00  0.476267189357090E+00 -0.370252563251235E+00 -0.797547869251613E+00
-0.352988560362385E+00  0.593128954956437E+00  0.723600109898814E+00  0.541687689041029E+00 -0.669366951965123E+00 -0.508450913223991E+00
-0.288616051689492E+00  0.279215532627878E+00  0.915827200429480E+00 -0.248094881914814E+00 -0.618774659512439E+00 -0.745363569215011E+00
-0.244274155475521E+00 -0.638321941992276E-01  0.967603011544731E+00 -0.237838729601493E-01  0.101688993526846E+00 -0.994531887866102E+00
-0.448240102682471E-01 -0.321209223379445E+00  0.945946849944248E+00 -0.221596416324266E+00  0.409372132423393E+00 -0.885047730615342E+00
-0.133518467373457E+00 -0.102103159518846E+00  0.985772673432629E+00  0.476815895208724E-01 -0.580357500323759E-02 -0.998845726094848E+00
 0.385536693688313E+00 -0.484259829010000E-01  0.921420849557875E+00  0.535101390469516E+00  0.753222190693207E+00  0.382521676986960E+00
-0.188556888889197E+00 -0.814786068182460E-01  0.978676420622968E+00 -0.301525396156480E+00  0.497019883467359E+00 -0.813666805830722E+00
 0.116764026810433E+00 -0.363492953273462E+00  0.924250526082376E+00 -0.186027837002028E+00 -0.938334229527977E+00  0.291414683151834E+00
 0.226550104002910E+00  0.322213304324142E-01  0.973466402215010E+00 -0.501758028335034E-02 -0.230407230469708E-01 -0.999721935824944E+00
 0.631330127448468E-01 -0.197312484448479E-01  0.997810052332891E+00  0.629347528533696E+00 -0.240046076277835E+00 -0.739120808523305E+00
-0.134902261836427E-01 -0.209966694077786E+00  0.977615466927339E+00  0.653029830316608E+00 -0.698466978177694E+00  0.292738656675169E+00
-0.501961986258627E-01 -0.282153377139583E-01  0.998340741611400E+00 -0.800735504635146E+00 -0.471119290156560E+00  0.369958465316146E+00
 0.408843541294896E+00  0.894814290785870E-01  0.908207042799989E+00  0.377087971608096E+00 -0.229083473740094E+00  0.897399255475323E+00
 0.483039990458483E-01  0.187485118462327E+00  0.981079025375299E+00  0.179340935984737E+00 -0.292851063274799E+00 -0.939188523896527E+00
 0.163987855410690E+00  0.119748266508334E+00  0.979167164454595E+00 -0.588561518244854E+00  0.802269458599291E+00 -0.997950652092249E-01
-0.431696993529309E+00  0.114749215017076E+00  0.894690071159126E+00 -0.742551901014146E+00  0.250506934722446E+00  0.621178677963307E+00
-0.602995815810136E-01 -0.135743756746072E+00  0.988907272177537E+00 -0.335701733759313E-01 -0.434528975078416E+00  0.900032006806875E+00
-0.398243033728795E-01  0.342977525408032E+00  0.938499036720788E+00 -0.183106604287626E+00 -0.796733007689193E-01 -0.979859243264480E+00
-0.366719522735745E+00  0.303995856145005E-01  0.929834747059355E+00 -0.879347844535621E+00 -0.167804103636639E+00  0.445633426835624E+00
 0.296670100087944E+00  0.186731671994614E+00  0.936545852795209E+00  0.922560342927829E+00  0.264991953305378E+00  0.280466893483502E+00
 0.109129350414450E+00 -0.430017069003737E+00  0.896200929057517E+00 -0.584083952852877E+00 -0.703641144919151E+00  0.404641909837111E+00
-0.769430591427824E-01 -0.346806282074450E+00  0.934775464142832E+00  0.674454946515677E-01  0.893081596493725E+00 -0.444810484650963E+00
-0.116464821980454E+00 -0.427528861864710E+00  0.896468079472843E+00 -0.136718102671745E+00 -0.774248894780092E+00  0.617937544848704E+00
-0.430199935384123E+00 -0.338787827528511E+00  0.836750155968918E+00  0.877246045966837E+00  0.228697201297111E+00 -0.422062750019969E+00
-0.160241712172489E+00  0.203223686062998E+00  0.965931015706089E+00  0.355150771168801E+00 -0.148644380433831E+00 -0.922915368765548E+00
 0.343555416939768E+00 -0.218960575886959E+00  0.913250207609390E+00  0.236010419059276E+00 -0.769305715890449E-01  0.968700557061081E+00
 0.442027286180942E+00 -0.206920809849905E+00  0.872809060861865E+00  0.488464085109119E-01  0.212115787710488E+00  0.976023012525598E+00
-0.212058339975953E+00  0.100393210762330E+00  0.972086654408687E+00 -0.582118859260539E-01 -0.104755437721338E+00 -0.992792865911487E+00
-0.508363673588881E+00  0.119557145147331E+00  0.852802711311026E+00 -0.700641387901479E+00 -0.833118115972098E-01  0.708633041572209E+00
-0.315043055021697E+00 -0.418280178305487E-01  0.948155203754619E+00 -0.615886843583434E+00 -0.626862924536648E+00 -0.477206736899422E+00
-0.161120861196746E-01  0.360799044519170E+00  0.932504396855546E+00  0.179374598186440E+00 -0.983720801592885E+00 -0.108691323897347E-01
 0.123379193647678E+00  0.129985738382791E+00  0.983809576285944E+00  0.758410900433221E-03 -0.217473473141859E-01  0.999763210814292E+00
-0.122825744685456E+00 -0.337060107781930E-01  0.991855705876557E+00  0.299474451644739E-01  0.881801732134537E-01 -0.995654261066645E+00
 0.564593594890798E-01 -0.270447094542600E+00  0.961077889548786E+00 -0.179101676884425E+00 -0.928307973492528E+00  0.325832619127343E+00
 0.743393048062109E-01 -0.107902758136360E+00  0.991378163239183E+00 -0.112435731606177E+00  0.433962925598105E-01  0.992710918671819E+00
 0.130270553608455E+00  0.440530461272445E-01  0.990499324577992E+00 -0.604889525965511E+00 -0.792647448664741E+00 -0.762802956371850E-01
-0.249953482981619E+00 -0.881088381880881E-01  0.964240680006036E+00  0.512194334079016E-02 -0.286003590212795E-02 -0.999982792797482E+00
 0.106468556980644E+00  0.119548611560166E+00  0.987103123208764E+00 -0.680861453993835E+00 -0.361827997041236E+00 -0.636795242619265E+00
 0.144446940325840E+00 -0.588254924119097E-01  0.987762442530085E+00  0.574763451274740E-01  0.313989219840549E+00 -0.947685200673046E+00
 0.320020927812174E+00  0.250904533892440E+00  0.913582793530205E+00  0.736022712703458E+00 -0.643273429513181E+00  0.210878783349567E+00
 0.625249531660378E-01  0.180967367579172E+00  0.981499588437534E+00 -0.667960760635457E-02 -0.622447424287294E-02  0.999958318512639E+00
-0.187718733982320E+00  0.133975652945716E+00  0.973042754111989E+00 -0.754425072721174E+00 -0.104536613797386E+00  0.648008415088437E+00
 0.137139631011847E-01  0.651714462990208E-01  0.997779840347235E+00  0.344960138706651E+00 -0.136221874501784E+00 -0.928679763756435E+00
-0.110807677933740E+00  0.260028008978723E-01  0.993501642100504E+00  0.894836788563495E+00 -0.135895283936181E+00 -0.425205354666749E+00
 0.165311552168510E+00 -0.194779065944834E+00  0.966816014652890E+00 -0.461277614321045E+00  0.467151924167556E+00 -0.754315611844826E+00
 0.113775133338976E+00 -0.295767822977209E+00  0.948460127746560E+00  0.164649713505452E+00  0.333968507022051E+00 -0.928092402813446E+00
-0.158461039848139E+00 -0.252898891554074E+00  0.954427707844323E+00 -0.153931202131837E+00 -0.741492124297626E-01  0.985295427425853E+00
-0.471319687971213E-01 -0.206732457597260E+00  0.977261617220846E+00  0.130792449845699E+00 -0.257856052641806E+00  0.957289711205206E+00
 0.143297734827292E+00  0.943051372316123E-01  0.985176278787250E+00  0.491805928382532E-01 -0.131859222611026E+00  0.990047683043849E+00
-0.345011692065534E+00  0.337003190216493E+00  0.876011291092748E+00 -0.727243086216939E+00  0.356065731627874E+00  0.586800381995419E+00
 0.143857859067556E+00  0.129165987810349E+00  0.981132541493491E+00  0.218299211022639E+00 -0.678249857382777E+00 -0.701657028345855E+00
 0.418762419855631E+00 -0.388768668677116E-01  0.907263261098567E+00 -0.696071228555212E+00  0.298136980294062E+00 -0.653145608389718E+00
 0.176075650323250E+00 -0.152956088703562E+00  0.972420588167359E+00  0.833782048949057E+00 -0.486461296515829E+00  0.261080259388661E+00
 0.942927047946413E-01  0.221383719210376E+00  0.970617398716452E+00  0.148272290002989E+00 -0.625039603088171E+00 -0.766381642909492E+00
 0.292158124063544E+00  0.169853513849827E+00  0.941165986623262E+00  0.857744335276405E+00 -0.504648839954563E+00  0.980010389422057E-01
 0.270603588989597E+00 -0.740549827800682E-01  0.959838297397741E+00  0.457113297809622E+00  0.599556646389626E+00  0.656946923834519E+00
 0.342567253496387E+00  0.319609826223964E-01  0.938949504724164E+00 -0.735179425802114E+00  0.530560828131513E+00 -0.421919920754729E+00
-0.270096433243182E+00 -0.758371690517826E-02  0.962803408794970E+00 -0.689572353142556E-01 -0.237151744225999E+00 -0.969022161722002E+00
-0.518740093296102E+00 -0.692278037312059E-01  0.852124537140966E+00  0.393451224971455E+00 -0.902842904211056E-01 -0.914901568733828E+00
-0.243718139236415E+00 -0.425189071741560E+00  0.871674091549525E+00  0.188263400055004E+00  0.801846268893779E+00 -0.567097393100034E+00
 0.102483082159582E+00  0.314070540971071E+00  0.943852167007742E+00 -0.535389486161291E+00  0.559588181753641E+00  0.632628773412657E+00
 0.210402320455031E+00  0.126241556033287E+00  0.969429694757404E+00 -0.725212674370328E+00 -0.666055351713382E+00 -0.174461587137681E+00
-0.172172398022084E+00  0.183439988601174E+00  0.967835955077784E+00  0.382219488430567E+00 -0.534950146202514E-01 -0.922521840432331E+00
-0.356291988391680E-01  0.733234550690579E-01  0.996671576361449E+00  0.115494944329293E+00  0.503215125024880E-01  0.992032591810287E+00
 0.138840970973052E+00  0.147865417472663E+00  0.979213461455108E+00  0.398681442910284E+00  0.156650256733178E+00  0.903611533870835E+00
 0.162162213688497E+00 -0.117345025124122E+00  0.979761992287038E+00 -0.762398781404293E+00  0.504181216875329E+00 -0.405646889133101E+00
 0.447322312789594E-01 -0.129155562354667E+00  0.990614893991432E+00  0.704350841644679E-02 -0.762889550581509E-02  0.999946093018293E+00
-0.753066502624727E-01  0.128530638325074E+00  0.988842142830692E+00  0.484018597972501E+00 -0.550422703205329E+00 -0.680265275177906E+00
-0.934886605942836E-01  0.974559674487046E-01  0.990839141712177E+00 -0.181785903594129E+00 -0.500689150284666E-02 -0.983325386783004E+00
 0.367098074778699E+00  0.832073183914802E-01  0.926453207485338E+00  0.719154439909523E+00 -0.572902960426103E-01  0.692484450033190E+00
 0.165943788693166E+00  0.202079469524062E+00  0.965208033012071E+00  0.427363249574106E+00  0.204725794693323E+00  0.880595254302820E+00
-0.170542727797870E+00 -0.164133397509968E+00  0.971583967455771E+00 -0.568027554819473E-02  0.193283986836671E-01 -0.999797053143298E+00
-0.215862895819562E+00  0.163786820070935E+00  0.962588742807355E+00 -0.462207106046674E+00  0.440368430539490E+00  0.769701394375861E+00
-0.217795588653392E+00 -0.159991492111721E+00  0.962791672177833E+00  0.718726272828201E-01 -0.574229275137749E-01  0.995759475397153E+00
-0.703901558242292E-01 -0.986504580243764E-01  0.992629494370695E+00  0.543265302282360E-01  0.338657148299323E-01 -0.997948766957712E+00
 0.288779276300935E+00  0.773214900746996E-01  0.954268262466973E+00  0.321658655660429E+00  0.464034981099967E+00  0.825352800658167E+00
 0.503182225854979E+00  0.136389542061610E+00  0.853349600339657E+00  0.866270731291591E+00  0.234742979642143E+00  0.440988382631857E+00
 0.105727211039241E+00 -0.115506516932412E-01  0.994328084331990E+00  0.278914963733847E+00 -0.937773127705089E-01  0.955726037426463E+00
-0.384987938087742E+00  0.120440862032468E+00  0.915029117722395E+00 -0.944993025913184E+00  0.747626161016735E-01  0.318431675888375E+00
-0.166587568865121E-01 -0.289733434950219E+00  0.956962393456997E+00 -0.538635919940669E+00 -0.199345330870206E+00  0.818616384401093E+00
 0.459575303207091E+00 -0.284852692603149E+00  0.841219046502661E+00 -0.493885134281091E+00  0.594384504249619E+00 -0.634653082592437E+00
-0.225720817531644E+00  0.120633443510871E+00  0.966694204409831E+00 -0.409919747591947E+00  0.383528485861791E+00  0.827569756012577E+00
 0.262128906219886E+00 -0.362129609010768E+00  0.894511365384295E+00 -0.151850750644401E+00  0.662500218914722E+00 -0.733508561277016E+00
-0.556698658889270E-01 -0.147760970483719E+00  0.987455093476973E+00 -0.770738391089676E-01 -0.189668675212316E-02 -0.997023583424369E+00
-0.430941535349843E+00 -0.180482909379649E+00  0.884146657818813E+00 -0.853398979986299E+00 -0.216506296728702E+00  0.474167907428548E+00
 0.377811827177100E+00 -0.224674261489886E+00  0.898209162427703E+00 -0.723352811336590E+00  0.881986650013480E-01 -0.684822389984024E+00
 0.180127681866959E+00  0.649981272312254E-01  0.981493383412068E+00 -0.409307086796932E+00  0.480141924159364E-01 -0.911132452514152E+00
-0.629678376495896E-01 -0.227002683752973E+00  0.971856384961627E+00  0.175327933664392E-01  0.855342935293293E+00 -0.517765452884434E+00
-0.807127319620151E-02  0.977764626044731E-01  0.995175671883888E+00 -0.100326995140951E+00 -0.316880030983072E+00 -0.943144495827736E+00
-0.255363409381307E+00  0.319579251469093E+00  0.912501304755018E+00  0.824276741947618E+00 -0.485822132261278E+00 -0.290765727845160E+00
-0.254556611672215E+00  0.399026230194358E+00  0.880896701702782E+00  0.547009157133500E+00 -0.407459268979797E+00 -0.731271444905753E+00
 0.593813808752311E-01  0.162397490782550E+00  0.984937006408472E+00 -0.196538889727666E+00 -0.171290935567996E+00  0.965417982128392E+00
-0.104159237047397E+00 -0.154777270978886E+00  0.982443306112894E+00  0.193577891850258E+00  0.155526926127415E+00 -0.968678984512500E+00
-0.199077065958634E-01  0.130594146344493E-01  0.999716527275357E+00  0.124323115448903E+00  0.145681283401790E+00  0.981489035410731E+00
 0.102977861879448E+00 -0.107219185554886E+00  0.988888065562369E+00 -0.635641311171977E+00  0.462631987648353E+00 -0.618006284382371E+00
 0.317660396868381E-01 -0.254507211024490E+00  0.966549014928446E+00  0.462821146451779E-01 -0.991682544885717E+00  0.120098692886134E+00
 0.344512597215522E-01 -0.897864481678962E-02  0.999366046371825E+00 -0.323352532158955E+00  0.273687072284801E-01  0.945882706159191E+00
 0.152696884414047E+00  0.103609787016038E+00  0.982826878715033E+00  0.387746967128465E+00 -0.822342010006039E+00  0.416420350201458E+00
-0.376658713350574E-01  0.158944399410422E+00  0.986568781197049E+00 -0.798695273666715E+00  0.988698352646043E-01  0.593557592401278E+00
-0.386260709678928E-01 -0.380382731838517E+00  0.924022188023994E+00 -0.104196891101860E+00  0.477523486596931E+00 -0.872418665339651E+00
 0.340377658217497E+00 -0.111501328212981E-01  0.940222699324176E+00  0.732051249479288E+00 -0.207865543038910E+00  0.648762579186679E+00
-0.576453778109493E-01 -0.369190670138136E-01  0.997654245171072E+00  0.415042107156975E-01  0.137393143411375E-01  0.999043858764120E+00
 0.425659002721579E-01  0.449629344107357E-01  0.998081398816347E+00 -0.147808523143099E+00 -0.240379705881881E+00  0.959359284880485E+00
-0.288871103286856E+00 -0.171163754584884E+00  0.941942914832019E+00 -0.677273330753176E+00 -0.523675434601340E+00  0.516783198880920E+00
 0.313918862506172E+00 -0.675906816388433E-01  0.947040890098431E+00  0.970820735810965E+00  0.174029876139493E+00  0.164986972607926E+00
-0.123247677644928E+00  0.815316647362197E-01  0.989021029908097E+00  0.128523146266651E+00 -0.991105881107416E+00 -0.345099015937895E-01
-0.161797082554429E+00 -0.350748810664623E+00  0.922386565326180E+00  0.470496681344578E+00  0.877422551634944E+00 -0.936084329863683E-01
 0.214043184409806E+00  0.287986578116262E+00  0.933407331250723E+00 -0.943793872472280E-01  0.150261356694476E-01 -0.995422898324969E+00
 0.280461815832393E+00 -0.473073417259497E+00  0.835190224884378E+00  0.488151476608944E+00 -0.842940059791745E+00  0.226186187648134E+00
 0.889659925399480E-02 -0.426888385647663E-02  0.999951312390925E+00 -0.170161791367191E+00 -0.924990059510741E+00  0.339762202967051E+00
 0.935890915114192E-01 -0.553638247888166E+00  0.827481584342147E+00  0.263811048078800E+00 -0.844901272738082E+00  0.465344571513555E+00
 0.301932178725333E+00  0.265987543141628E+00  0.915471237310956E+00  0.695687802732786E+00 -0.117879991859767E+00  0.708606229614142E+00
-0.156707743311516E+00  0.321428740751259E+00  0.933876998220468E+00 -0.467089533533533E+00  0.636239193954672E+00  0.614025289169213E+00
 0.973222833126220E-02  0.207825709217960E+00  0.978117456300500E+00 -0.494380230197682E+00  0.316240727278705E+00  0.809678942791476E+00
-0.263162731389180E+00  0.102834096469873E+00  0.959255193059183E+00  0.262504705013796E+00  0.800969009812197E-01 -0.961600627235041E+00
 0.754359672524955E-01 -0.180750348812235E+00  0.980631799529740E+00 -0.369992430778424E+00 -0.114618959065025E+00 -0.921937142862529E+00
-0.348933986499353E+00  0.216251227680670E+00  0.911855514647070E+00  0.478375687988372E+00 -0.495247977212625E+00 -0.725180075711168E+00
-0.182937467612921E-01 -0.693982893559183E-01  0.997421283241894E+00  0.113529097786174E+00 -0.927678320602963E-01 -0.989194254578286E+00
 0.172752119373649E+00 -0.203406361567479E+00  0.963733654764527E+00  0.104770436316720E+00 -0.523925670056143E-01 -0.993115388359563E+00
 0.209261825693951E+00  0.330960426044695E+00  0.920149273052774E+00  0.850313681450305E+00  0.422903762956986E+00  0.313239605438473E+00
 0.115135159374479E+00 -0.341478768174733E+00  0.932810884349921E+00 -0.134171081852002E+00 -0.627315350612002E+00  0.767120311086341E+00
-0.116817047903612E-01  0.292679466754935E+00  0.956139251110024E+00 -0.840232113106471E+00  0.522845909362094E+00 -0.143673766457069E+00
 0.665904772081266E-01 -0.272781987713447E+00  0.959768563521589E+00 -0.476275365129776E+00  0.557762844923664E+00 -0.679751708635704E+00
-0.393863592134956E+00 -0.392592222886361E+00  0.831109389502787E+00  0.658508624528346E+00  0.477655565610371E+00 -0.581559585995470E+00
-0.452163004072837E-01  0.184990755088216E+00  0.981699499189732E+00  0.373882051823905E+00 -0.926803286930388E+00 -0.353253260278833E-01
-0.145080929598906E+00 -0.295770284697335E+00  0.944177664720351E+00 -0.241159111735817E+00 -0.948285169647407E+00  0.206391666143718E+00
-0.597766419943084E-01 -0.202111884813036E-01  0.998007144729965E+00 -0.182811518800431E+00 -0.975468267974470E+00  0.122644228436431E+00
-0.217234751069136E+00  0.169504785391220E+00  0.961289337638469E+00 -0.283181580278684E+00  0.888817971669706E+00  0.360292666908191E+00
-0.319382961312178E-01  0.236690582495351E+00  0.971059994747104E+00  0.435641182079077E+00  0.562707749741180E+00  0.702550175331244E+00
-0.172878536736653E+00 -0.209137140295805E+00  0.962483593670399E+00  0.923130143342318E+00 -0.511224894787113E-01 -0.381073784879372E+00
-0.374565961200621E+00 -0.327118843299342E-01  0.926623048134159E+00  0.389472672986096E+00  0.771613459675250E+00 -0.502915207410809E+00
-0.446902459716227E+00  0.174826338643007E+00  0.877333427390218E+00  0.859194670443937E+00 -0.320599593653367E+00 -0.398748565928494E+00
-0.403749114118776E-01  0.369638599902776E+00  0.928297997407297E+00 -0.110679589283056E+00 -0.797562787238733E+00 -0.592995471254308E+00
 0.246393627025232E+00  0.209634735836285E+00  0.946225902251784E+00  0.751824260852087E+00  0.190647943676322E+00  0.631200160302739E+00
 0.425371198272497E+00 -0.151554031982363E+00  0.892239160242426E+00 -0.731446783030118E+00  0.373358533257830E+00 -0.570604073976391E+00
 0.156359039661051E-01  0.415685688687158E-01  0.999013299505752E+00 -0.172960880056210E+00  0.306713213360216E+00  0.935954880707629E+00
-0.694114300773043E-01 -0.480458545316837E-01  0.996430453788394E+00 -0.175311304349481E+00  0.184570136382211E+00 -0.967057294746871E+00
-0.133986863355290E+00 -0.499951212134013E+00  0.855626265336649E+00 -0.459284243938160E-01 -0.947060460818724E+00  0.317753148507654E+00
 0.427005289013987E-01 -0.430574612611348E+00  0.901544323816710E+00 -0.204006455591406E+00  0.457026582527415E+00 -0.865741340667260E+00
-0.112650401862275E+00  0.156502041417067E+00  0.981232387354065E+00 -0.175450733304921E+00 -0.246513754624066E+00  0.953125389948202E+00
 0.434478042270337E-01 -0.267071862246385E+00  0.962696685724064E+00  0.535847221306984E+00 -0.838510157982365E+00  0.988355724320634E-01
 0.444556626755597E+00 -0.212983661491528E+00  0.870061702148386E+00 -0.747739110121744E+00  0.464437110848331E+00 -0.474535976782791E+00
 0.697500832958004E-01 -0.720542214423198E-01  0.994958850934334E+00  0.382520812341508E+00  0.482346901674872E-01  0.922686969014974E+00
-0.358786745728447E-01  0.565197843444271E-01  0.997756600924572E+00 -0.834044734368185E+00 -0.550680728836623E+00 -0.334681335103844E-01
 0.425064948583475E+00 -0.480390904755975E+00  0.767166453980792E+00 -0.532888229095526E+00  0.500890409961619E+00 -0.682010947492718E+00
 0.354252148079965E-01 -0.120733600095913E+00  0.992052645762153E+00 -0.353816380848281E+00  0.431256447409813E+00 -0.829958941882604E+00
 0.217576231406492E+00 -0.998656637903292E-01  0.970920919911949E+00 -0.199609135710614E-02 -0.388779076434166E-01  0.999241974657072E+00
 0.103750868029541E+00  0.207283318330527E+00  0.972763785985582E+00 -0.137601292229743E+00 -0.593103924668255E+00 -0.793280290263043E+00
 0.489608165707585E-01 -0.106181985781990E+00  0.993140586390526E+00  0.103356421858701E+00  0.110317908282820E+00  0.988507667735900E+00
 0.204345289645165E-01 -0.372126297470130E-01  0.999098418682219E+00  0.292391257710411E+00  0.107200247665026E+00 -0.950271255650239E+00
 0.971849396713810E-01  0.218914373893530E+00  0.970892158998039E+00  0.441332508277794E-01 -0.126625187892282E-01  0.998945402306495E+00
 0.267240942813744E+00 -0.117343268224967E+00  0.956458486232573E+00  0.758142134416403E+00 -0.509465901529057E+00  0.407019654564403E+00
-0.648973949713624E-01 -0.827379425496050E-01  0.994456012596127E+00  0.511390098227583E+00  0.790351915116054E+00 -0.337378152385672E+00
 0.192588996774363E-01  0.169865210692930E-01  0.999670222065846E+00 -0.239203881030088E+00  0.603616697387963E-01 -0.969091312584365E+00
-0.513264605107367E-01  0.352480338222439E+00  0.934410619384238E+00  0.216076243899380E+00  0.653027885207983E+00  0.725855108105691E+00
-0.639632010874395E-01  0.413269768746754E+00  0.908359404171417E+00 -0.871872131825841E+00  0.394011383608175E+00 -0.290850503407911E+00
 0.312229705407162E+00  0.163380840028631E+00  0.935852185001935E+00  0.769815755303178E+00 -0.191621341260373E+00  0.608822605083430E+00
 0.161605548469121E+00  0.242733517654442E-01  0.986556866631653E+00 -0.389173688770460E+00  0.180175676367442E+00 -0.903371775967308E+00
 0.109629739182069E+00  0.132996311862104E-01  0.993883514350239E+00 -0.514376962943728E+00 -0.853337724223476E+00 -0.850356890363444E-01
-0.111796712252617E+00  0.332697828326889E+00  0.936383281651311E+00 -0.187947922084965E+00  0.458711475548429E+00  0.868481065299714E+00
-0.187401706785919E+00 -0.126944860057228E+00  0.974045996243902E+00 -0.922741964497831E+00 -0.377348529751501E+00 -0.784560644505244E-01
-0.998768080928817E-01  0.402396136092196E-01  0.994185795866024E+00 -0.104449156147811E-02  0.334709690025921E-02  0.999993852970966E+00
-0.104744944451949E+00  0.121314272510563E+00  0.987072106736378E+00 -0.638067184952308E+00  0.768941398352567E+00 -0.399924166141022E-01
 0.823861622758176E-01 -0.104963073003277E+00  0.991057654009680E+00  0.999213454463331E+00  0.367882499962747E-01  0.148019283091259E-01
 0.868404625284974E-02 -0.454886586128158E-01  0.998927109091692E+00  0.111451471193360E+00 -0.867722346839151E-02 -0.993731993729554E+00
-0.175969963571234E-01 -0.228604684190669E-01  0.999583785734277E+00 -0.609702305018556E-02 -0.148550127394456E-01  0.999871069141635E+00
 0.212314522682365E+00  0.999328874054386E-01  0.972078166338989E+00 -0.370169614061882E+00 -0.599527811659788E+00 -0.709606130097326E+00
 0.205685379833239E+00  0.533412089762995E-01  0.977163364002050E+00  0.476627175760675E+00  0.874589763571043E+00 -0.889903409542262E-01
 0.195965258699305E+00 -0.166781440856285E+00  0.966323738903695E+00  0.919122968724073E+00 -0.169885290630581E+00  0.355460203667316E+00
 0.336392081676376E+00  0.229755474175494E+00  0.913264906514987E+00 -0.961888060832191E+00 -0.867741579737464E-01 -0.259309860854604E+00
-0.190827226806395E+00 -0.362870973403291E+00  0.912090799301653E+00  0.745163241058584E+00  0.666671037740995E+00  0.167771157357923E-01
-0.401703411356013E+00 -0.146290479321191E+00  0.904009659774119E+00 -0.144062642777415E+00 -0.546061684315124E+00  0.825265164585854E+00
-0.177858559933295E+00  0.184062257381727E+00  0.966688894146404E+00 -0.355459824414986E+00  0.663884360838557E+00  0.657955825767086E+00
 0.204782995629748E+00  0.274596303466155E+00  0.939500289953989E+00 -0.565934733658255E+00  0.673222870683068E+00  0.475908440383663E+00
 0.107317150710298E+00  0.171987984291461E+00  0.979236009561936E+00  0.644697600684949E-01  0.828771120137385E+00  0.555861565916312E+00
-0.212530820237411E+00 -0.152663593847222E+00  0.965155157248234E+00  0.423503629522013E+00  0.583602058293436E+00 -0.692858797546330E+00
 0.735108485791988E-02  0.153287947429453E+00  0.988154222135531E+00 -0.235801617548602E+00  0.444868839142615E+00  0.863996130269902E+00
 0.199888694911088E+00  0.124698100713563E+00  0.971851271195944E+00  0.376751085115182E-01  0.414348899420042E-01  0.998430636596323E+00
 0.238026154504762E+00 -0.249650820799801E+00  0.938625600250526E+00 -0.479255584707498E+00  0.697276231795957E+00 -0.533029024631028E+00
 0.561938993848397E-01  0.152200326030377E-01  0.998303859693775E+00  0.497541938556651E-01  0.713261097310603E-01  0.996211376297423E+00
 0.278595116379562E+00 -0.630991099866901E-01  0.958333586726640E+00  0.191946218369194E-01 -0.110647922849658E+00 -0.993674294556116E+00
-0.212646861678796E+00  0.288949318650105E+00  0.933428949342048E+00  0.706121292195034E+00 -0.541669170864117E+00 -0.456056169834588E+00
 0.398343127656479E+00 -0.264487046188291E+00  0.878276354598851E+00 -0.702612879147050E+00  0.438800073211911E+00 -0.560169293879908E+00
 0.438058226860210E+00  0.277646360516474E+00  0.854995607223830E+00  0.323534132010421E+00  0.833882668531696E+00  0.447174865736796E+00
 0.788062279959784E-01  0.137529233169186E-01  0.996795082014997E+00 -0.259406515577689E+00  0.932736776534245E+00 -0.250420377318518E+00
 0.221769096290720E+00  0.338722116621660E-01  0.974510718877689E+00  0.626187761501473E-01  0.387501426745732E+00 -0.919739926905144E+00
-0.244062661073859E+00 -0.372570276728779E+00  0.895335024651548E+00  0.214674768654829E+00 -0.328990767017932E-01 -0.976131340781129E+00
-0.457649702491027E+00 -0.569426055454533E-02  0.889114348780072E+00  0.995313438200411E+00 -0.648210520427608E-02 -0.964838952872303E-01
 0.638517736629805E+00 -0.258456802420195E+00  0.724910464327754E+00  0.862085627615669E+00  0.405906498172246E+00  0.303394603445812E+00
-0.795591310970628E-01 -0.172421163437804E+00  0.981805116638651E+00 -0.111002245255760E+00 -0.565291175016493E-01 -0.992211147096557E+00
 0.172606407146063E-01 -0.121610675056758E-01  0.999777064509506E+00 -0.964167262349785E-01  0.901626753060308E+00  0.421631371067258E+00
 0.114954655504961E+00  0.158571540616941E+00  0.980632700700984E+00  0.139724555394596E+00 -0.393793906946722E+00 -0.908517147593494E+00
 0.202117994394881E+00  0.875472752940649E-01  0.975440306185046E+00 -0.692219528432527E+00  0.133593389510451E+00 -0.709214305224986E+00
-0.469686297660142E+00  0.285453851172696E+00  0.835410606014184E+00 -0.719876807036973E+00  0.564627969079782E-01  0.691801514349008E+00
 0.410009575314598E-01 -0.222408562054285E+00  0.974091039383100E+00  0.218121630983175E+00 -0.436917042497908E+00  0.872654829856640E+00
-0.235793603069628E+00  0.175241511719983E+00  0.955872266216327E+00  0.737799223492151E+00 -0.979759531110540E-01 -0.667872007518177E+00
-0.249219160147759E+00 -0.129720470938250E+00  0.959719964174344E+00  0.150653821900845E+00 -0.594426012222955E-01 -0.986797853213411E+00
-0.835589519531593E-01  0.161256708314709E+00  0.983368789199654E+00  0.981154886553731E+00 -0.164506615949100E+00 -0.101354141014122E+00
-0.192010706531810E+00  0.169981169092929E+00  0.966560029553755E+00  0.583912766516016E-02  0.149903950470970E+00  0.988683321504569E+00
 0.702915958414128E-01 -0.514269687776230E+00  0.854743107482363E+00 -0.103829247209464E+00  0.873737579447331E+00 -0.475186415720646E+00
 0.457837441134740E+00 -0.128933040178880E+00  0.879636941382878E+00 -0.850929806102647E+00  0.250299454017701E+00 -0.461810186553472E+00
 0.380804427556198E+00 -0.162502323808929E+00  0.910264237850908E+00  0.256952725123406E+00 -0.615950073538677E+00  0.744701822180767E+00
-0.584169790304574E-01 -0.111258196005986E+00  0.992073117457806E+00  0.187782925280449E-02 -0.315960093803862E+00  0.948770621847426E+00
 0.122257807546879E+00 -0.203930833104266E+00  0.971321390582556E+00 -0.123116780441051E-01 -0.725237630376568E+00  0.688388554574754E+00
-0.500938633378147E+00  0.144139122177952E+00  0.853395804446567E+00 -0.980794141776893E+00  0.112663349698328E+00  0.159216271438823E+00
 0.134159431555664E+00 -0.924884164570488E-02  0.990916598838103E+00 -0.759845708906266E-01 -0.118290867428059E+00 -0.990067480361659E+00
-0.752966351247838E-01  0.910386187613144E-01  0.992996670000921E+00  0.769877900086845E-02 -0.120641888515166E+00  0.992666239748985E+00
 0.335380740321436E+00  0.368021983460273E-01  0.941363562720772E+00  0.719643300118295E+00  0.600674326264767E+00  0.348287057412729E+00
-0.271997396814224E+00  0.146720698135228E+00  0.951047029786118E+00 -0.717865097912655E-01  0.722128505699943E+00  0.688024068087415E+00
 0.255030927127480E+00  0.112249845905242E+00  0.960395334382017E+00  0.321570629343574E+00 -0.374037662644545E+00  0.869878242782853E+00
 0.527613417175972E+00 -0.165459809117539E+00  0.833214938405860E+00  0.824045246089474E+00 -0.522082675390358E+00  0.219952523183036E+00
-0.183212820389690E-02 -0.263315915142799E+00  0.964707920636477E+00 -0.446227465645088E+00 -0.141354974350455E-01  0.894807932808056E+00
 0.790394481111799E-01 -0.119627122434740E+00  0.989667680193844E+00  0.865573762683048E+00 -0.188525049035765E+00  0.463940047032775E+00
 0.274647346000345E+00  0.435461089635931E+00  0.857287859909409E+00 -0.281575826870458E-01  0.798994302861246E+00  0.600678994582376E+00
-0.579904980452447E-01  0.560776914108030E-01  0.996740886420588E+00 -0.781901741730006E+00 -0.614751965603881E+00  0.103487617934456E+00
 0.112563599092333E+00 -0.751280764622229E-01  0.990800286781583E+00 -0.127547936887903E+00  0.111169054481364E+00 -0.985582551144935E+00
 0.349396526843718E-01 -0.705143755672341E-01  0.996898662607518E+00  0.380094369283119E+00  0.162058666575897E+00 -0.910640027138556E+00
-0.881606484183189E-01  0.597730080542965E-01  0.994311262924545E+00 -0.224734481236523E-02  0.108652952728370E-01  0.999938445505486E+00
-0.249462577758791E+00 -0.175100263599901E+00  0.952422343283265E+00 -0.846024596618139E+00 -0.401103773775119E+00  0.351223781342428E+00
-0.386342131124961E-01 -0.294096705686084E+00  0.954994515838584E+00 -0.296476648668983E+00  0.690581424725651E+00 -0.659696060787010E+00
 0.515240295251137E-01 -0.170847503927849E+00  0.983949391372909E+00 -0.255745728055431E+00  0.273452441613570E+00 -0.927263654392306E+00
-0.363916780630090E+00 -0.380750211008036E+00  0.850055206203201E+00 -0.448953430194367E+00 -0.767591585282474E+00  0.457431935614742E+00
 0.550472307896870E+00  0.161062893537346E+00  0.819169690945699E+00  0.903710022123469E+00 -0.351062384675171E+00  0.245078350695818E+00
 0.337334105891699E+00 -0.120944229661200E+00  0.933583522944737E+00  0.834914528895581E+00 -0.320158107543196E+00  0.447679031911736E+00
 0.982841482618065E-01  0.176098569314810E+00  0.979453684502605E+00  0.349981688462890E+00  0.323216563996923E+00 -0.879229134241290E+00
-0.420324811326506E+00  0.151186952524940E+00  0.894689643602494E+00 -0.554008381947525E+00  0.416843558608068E+00  0.720635941636862E+00
 0.404257398349333E+00  0.222804255003550E+00  0.887093129176493E+00  0.341649102557410E+00  0.258227508871703E+00  0.903656153845937E+00
-0.356340710043154E+00  0.272815538168980E+00  0.893640297043229E+00  0.915062387687285E+00 -0.382287178414787E+00 -0.128519803375612E+00
 0.225236450488403E+00  0.751247237270936E-01  0.971403529567560E+00  0.730926841087802E+00  0.414527431551116E+00  0.542137400913313E+00
 0.532900004535059E-02 -0.356282924316726E+00  0.934362927132085E+00  0.259555356292311E+00 -0.659221007880417E+00  0.705732725462763E+00
-0.944523477706059E-01 -0.803817973426065E-01  0.992278953045258E+00  0.512678211049110E+00 -0.101679823730514E+00  0.852538717807945E+00
-0.336750915566073E+00  0.552271622023698E-01  0.939972755679911E+00  0.368479735243130E+00  0.143707502479996E+00 -0.918461125168678E+00
 0.114870445350731E+00  0.333468168690594E+00  0.935737015007457E+00 -0.480428736663643E+00  0.549850748030508E+00  0.683265968622810E+00
 0.446898920351461E+00 -0.412699852189904E+00  0.793700313084939E+00  0.671832926116083E+00 -0.729558312391304E+00  0.128004641349660E+00
 0.119720989813517E+00  0.125066880735341E+00  0.984898553121693E+00  0.655428350952536E+00  0.118893922150432E+00  0.745840406550441E+00
 0.235940309903113E+00 -0.371830075684824E+00  0.897816554190800E+00  0.509333317351838E+00 -0.886921902939524E-01  0.855986721401818E+00
-0.359913136135502E+00  0.214244877178305E+00  0.908053779817011E+00 -0.906107946770947E+00  0.348563813348244E+00  0.239732469270789E+00
 0.228269739811084E+00 -0.906726434266425E-02  0.973555704931115E+00 -0.699973690190358E+00  0.170211927093749E+00 -0.693588302176676E+00
-0.532171099804025E-01 -0.405234453808492E+00  0.912662575463609E+00  0.331522351659457E+00 -0.911869688405755E+00  0.242046693257675E+00
-0.103003800548153E+00  0.146293570260033E+00  0.983864019249210E+00 -0.174930349571626E+00 -0.236645326767113E+00  0.955718767273111E+00
 0.544222596234562E+00 -0.194137995763989E+00  0.816169225313264E+00  0.834606568349399E+00  0.403505791813619E-02  0.550831729637679E+00
 0.285980777738231E+00 -0.378551840853267E+00  0.880291712190249E+00  0.384807746845553E+00 -0.857935024688430E+00  0.340397549022481E+00
-0.322669173704517E+00 -0.462471838862692E-01  0.945381299964958E+00 -0.423988200465475E+00 -0.144988310215476E+00  0.893986798429881E+00
 0.421388823549226E-01 -0.229917882355770E+00  0.972297321793553E+00  0.834181102660428E+00 -0.232250189453894E+00  0.500201696781272E+00
 0.238981564825846E+00 -0.338455076650458E+00  0.910129646129013E+00  0.613339258738861E+00 -0.343985316620862E+00  0.710977535256150E+00
 0.635089915649405E-01  0.336734600402762E+00  0.939455383124711E+00  0.599294314117966E+00  0.766882490156843E+00  0.229646622785347E+00
 0.181823040699703E+00 -0.336345623730242E-02  0.983325515296361E+00 -0.168966737628021E+00 -0.715562931809542E-01 -0.983020823015232E+00
-0.116322023121614E+00 -0.390591875374311E+00  0.913185180469150E+00  0.282812953440721E+00  0.936580180478722E+00 -0.206964728638919E+00
-0.145099746427431E-01 -0.803444119595130E-01  0.996661545411855E+00  0.164107007444732E-01  0.408142790368651E-01  0.999031973225970E+00
-0.157044950852264E-01 -0.244407904759373E+00  0.969545328968817E+00 -0.739423182392354E+00  0.348139079323301E+00 -0.576240001031418E+00
 0.893644707874284E-01 -0.237263117276001E+00  0.967326317506847E+00  0.235950400875208E+00 -0.301081110953542E+00  0.923946737076229E+00
 0.375391938511613E+00 -0.234227263362515E+00  0.896782293312151E+00 -0.676085611670807E+00  0.454397213464738E+00 -0.580027083925564E+00
 0.301512164055765E+00  0.381517919758594E+00  0.873804607351944E+00  0.301632301169280E+00  0.876485289924544E+00  0.375221922916577E+00
-0.196127424004743E-01  0.484230822247604E+00  0.874720441696055E+00 -0.408217490753604E+00  0.721755224059190E+00  0.558952481688828E+00
-0.167901868863941E+00 -0.154652865115649E+00  0.973597172214215E+00 -0.491817869809629E+00 -0.357804729422198E+00  0.793782689745138E+00
 0.321069939873160E+00  0.195834969965041E+00  0.926586616700585E+00  0.643763084231691E+00  0.724954450685155E+00  0.244969663044805E+00
 0.312754013161138E+00  0.199761003628677E+00  0.928590581839417E+00 -0.320605107646463E+00 -0.583153767147435E+00 -0.746420825548668E+00
-0.275970815848961E+00  0.733649599374898E-01  0.958361983518247E+00 -0.584845857462642E+00  0.451435819757011E+00  0.673914700573525E+00
-0.385751414402617E+00  0.234431346296134E+00  0.892321573290797E+00  0.524321945208791E+00 -0.665557721424937E-01 -0.848915088196096E+00
 0.665564071783774E-01 -0.364219940444413E+00  0.928931687287162E+00 -0.203675315355271E+00  0.610778202778229E+00 -0.765157730749633E+00
-0.201346629631493E+00  0.244846185242829E+00  0.948424947113936E+00  0.369858539216327E-02 -0.164026055087975E-02 -0.999991814972214E+00
-0.148258180057893E+00 -0.259548592509888E-01  0.988608040290581E+00 -0.877490151332430E-01  0.471977410743208E-01  0.995023860809693E+00
 0.333519181728686E+00  0.120788127823944E+00  0.934973359832148E+00 -0.923600723257058E+00 -0.151824595450819E-01 -0.383055083403420E+00
-0.472559633374690E+00 -0.146644099746877E+00  0.869012601125097E+00 -0.529414781029919E+00 -0.668574246600533E+00  0.522234110729635E+00
 0.280736555153251E+00 -0.241625495400019E-01  0.959480670884210E+00  0.933118286109231E+00  0.140915146963855E+00  0.330806870371107E+00
-0.148063439182981E+00 -0.852943516120643E-01  0.985292896331028E+00 -0.677460592381674E-01 -0.142778251374442E+00 -0.987433462260701E+00
 0.295729203437800E+00  0.251947650902876E+00  0.921448110008679E+00  0.164195037590536E+00  0.694007594903427E+00  0.700994613279591E+00
 0.140970465449167E-01  0.176233463567893E+00  0.984247448357157E+00  0.211711817710638E+00 -0.924816262586788E+00 -0.316058517835958E+00
 0.435506177356897E+00  0.794669539213920E-01  0.896671273499067E+00 -0.869017893609236E+00 -0.268787352491143E+00 -0.415404934645423E+00
 0.733922875829460E-01  0.227902982947717E+00  0.970913900655910E+00  0.433652377615560E+00  0.614401051504399E-01  0.898983163839832E+00
 0.322408599411269E+00  0.101087759989776E+00  0.941187526376074E+00 -0.950744407103274E+00 -0.821229517429785E-01 -0.298899469987592E+00
-0.355251416652061E+00 -0.462865164935581E+00  0.812128234982544E+00  0.732833110079430E+00  0.590881207480941E+00 -0.337364834292455E+00
 0.114782453386597E+00  0.255650716751177E+00  0.959931090974328E+00 -0.192002748606960E+00  0.572980480745543E+00  0.796761139371128E+00
 0.872120810222030E-01  0.231614932492433E+00  0.968890383877507E+00 -0.174652313396517E+00  0.415768563881569E+00  0.892543035776484E+00
-0.347606154762398E+00 -0.986668390328379E-01  0.932434885687236E+00 -0.139664066698261E+00 -0.722247775314440E+00  0.677386226259913E+00
 0.324385987053271E+00 -0.124905439833729E+00  0.937641915927087E+00 -0.506023654170045E-01  0.191194587753479E+00 -0.980246923090290E+00
-0.603691099652846E-01 -0.880301285690310E-01  0.994286813261706E+00  0.247715187694802E+00  0.183988544966858E+00 -0.951202082160414E+00
 0.101285708743146E+00  0.361851986573193E-01  0.994199093040488E+00  0.286265601128369E+00  0.864724766314029E+00  0.412677942388203E+00
 0.860792921042444E-01  0.418045343829108E-01  0.995410837983925E+00 -0.992909541406859E+00  0.387905790676960E-02 -0.118809071593781E+00
 0.407717608492864E+00  0.235930930396777E+00  0.882101438501815E+00  0.769423588610490E+00  0.597544754677705E+00  0.225671459088022E+00
 0.237323789451076E+00 -0.869905696933492E-01  0.967527808254113E+00  0.172783841433642E+00  0.309939832453424E+00  0.934924084831585E+00
-0.237011271079750E+00  0.313176448524033E+00  0.919644588670555E+00  0.167614249188362E+00 -0.645213227833758E+00 -0.745389397628760E+00
 0.940343798530194E-01  0.143525378689783E+00  0.985169021578334E+00 -0.808592140789566E-01  0.693357810475838E+00  0.716042410860338E+00
 0.356849255689002E+00  0.811611339242418E-01  0.930629614322657E+00  0.358915488251932E+00  0.703247089531457E+00  0.613696344586157E+00
-0.264782886151736E+00  0.245002699399476E-01  0.963996763466572E+00  0.294901547153076E+00  0.217316030926639E+00 -0.930487410011019E+00
-0.347030524438934E+00 -0.167666604625190E+00  0.922744669343095E+00  0.305432571281656E+00 -0.228805643728213E+00 -0.924315380050767E+00
-0.820899763435058E-01 -0.183739541867046E+00  0.979541227584838E+00 -0.350396509797522E-01 -0.245498353149699E-01  0.999084345010583E+00
-0.574879256810326E+00  0.448473961448155E+00  0.684386547202826E+00 -0.695782225009349E+00  0.586955248367194E+00  0.413969360913637E+00
-0.996932446547519E-01 -0.178213025973914E+00  0.978928687057147E+00 -0.144780227713593E+00  0.633206390652284E+00 -0.760321216658004E+00
 0.525930274307650E+00 -0.109301450032954E+00  0.843475275030261E+00 -0.455424171535314E+00  0.191206954794475E+00 -0.869499122725030E+00
-0.861346109644926E-01  0.178681164104693E+00  0.980129517149743E+00  0.497089339960485E+00 -0.285729119895833E+00 -0.819305228923386E+00
 0.211581131489246E+00 -0.173771357195118E+00  0.961788407195833E+00 -0.857077938261848E-01 -0.967808494327296E+00  0.236645076824726E+00
 0.169310639083031E-01  0.102806358633743E+00  0.994557284272456E+00 -0.329071755274675E+00 -0.304931806177403E+00 -0.893716047445625E+00
-0.199411557772887E+00  0.793865984705389E-01  0.976694833921972E+00 -0.862313090720219E-01  0.580581352559552E-01  0.994582029933342E+00
-0.534860916865065E+00  0.603573986255428E-01  0.842781575523231E+00  0.939676170874806E+00 -0.733628768437608E-01 -0.334105645255014E+00
-0.247078155203654E+00  0.242239519925966E-01  0.968692719788385E+00  0.569078137594193E+00 -0.196202395124271E+00 -0.798532838059791E+00
-0.187084469605832E+00 -0.257872940284709E+00  0.947892898961282E+00 -0.296485866680899E+00 -0.883866768584625E-01  0.950938445017549E+00
 0.663371008484898E-01 -0.580495409651423E+00  0.811556817742691E+00 -0.210224447244016E+00 -0.688709268702465E+00  0.693891363964320E+00
-0.239735163807792E+00  0.626317063058755E-01  0.968815937420141E+00  0.501863156726346E+00 -0.318773366308339E-01 -0.864359420224013E+00
-0.363137768865923E-01  0.157148407713070E+00  0.986907132186954E+00  0.296306634297013E-01  0.195212717357749E+00  0.980313224824861E+00
-0.245916913412234E-01 -0.132314558474820E+00  0.990902672482314E+00  0.539264223865434E+00  0.743542168837390E+00 -0.395397445640967E+00
-0.651751684972231E-01 -0.116227557350446E+00  0.991081909997205E+00  0.241111684021884E+00 -0.182883496058246E+00 -0.953110058019348E+00
 0.881375663906573E-01 -0.121322282094006E+00  0.988692405785659E+00 -0.189735066547952E-01  0.333587060137368E-02 -0.999814421786639E+00
-0.217146379670183E+00 -0.221244462470419E+00  0.950735682312549E+00  0.486195301512842E+00 -0.197605970995001E+00 -0.851214431864239E+00
 0.620437446818469E-01 -0.279060467589962E+00  0.958267096990357E+00 -0.213607232931856E+00 -0.975000554708396E+00 -0.612034995528571E-01
 0.438757041379273E-01  0.264135588262695E+00  0.963487059383530E+00  0.444471227097092E-01 -0.928420532202479E-02  0.998968596510604E+00
-0.217685916858635E+00 -0.123120106694446E+00  0.968222227037246E+00  0.255146749242460E+00 -0.364145196381097E+00  0.895711121011444E+00
-0.407808837303794E+00 -0.201695293596246E+00  0.890511628648414E+00  0.222725830699065E+00  0.797045618313483E+00 -0.561347919446300E+00
-0.818854166288264E-01  0.103515986489131E+00  0.991251340016600E+00 -0.593578414097150E+00 -0.147089162817566E+00  0.791220225031906E+00
-0.903717546562654E-01  0.568988767842703E-01  0.994281380586520E+00  0.489351293069783E+00 -0.828685276960168E+00 -0.271691044608358E+00
 0.277456136512000E+00  0.958661947223756E-01  0.955943390071444E+00  0.674298752953095E+00 -0.180389305726716E+00  0.716087208477664E+00
 0.290268741131952E+00  0.270037531586051E-01  0.956564088410714E+00 -0.197117457602953E+00  0.948302056556504E+00 -0.248732622385670E+00
-0.271349851099013E-01 -0.159994301948032E+00  0.986744909248204E+00  0.304874659249908E-01 -0.970410494339205E+00 -0.239528676566735E+00
 0.361915124053468E-01  0.116890332240208E+00  0.992485176039717E+00  0.357633738099409E-01  0.114208177466551E-01  0.999295024512645E+00
 0.274616735661207E+00  0.622790000813692E+00  0.732610580991883E+00  0.561990283754256E+00  0.747878758968360E+00  0.353333104661531E+00
 0.319712597831616E+00  0.393150922915125E+00  0.862099882031511E+00 -0.184940319191864E+00 -0.872623962562364E+00 -0.452022674540968E+00
-0.118369999004390E+00 -0.478111025009317E+00  0.870286384531116E+00 -0.150851253924186E+00 -0.938475098813594E+00  0.310657992165525E+00
-0.264867365211090E+00 -0.296384190357787E+00  0.917606500931687E+00  0.546153343405119E+00 -0.117444090459965E+00 -0.829411484791139E+00
 0.163735831858696E+00  0.561111990363161E-01  0.984907158420654E+00 -0.260577237508534E+00 -0.196251391636807E+00 -0.945296194096347E+00
-0.232510686505827E+00  0.651796195045447E-01  0.970407336051120E+00 -0.572434381285142E+00  0.450478613053653E+00  0.685118893553487E+00
-0.397937176691863E+00  0.104624980977139E+00  0.911427241617257E+00 -0.314921756175732E+00  0.674110293426309E+00  0.668131424035637E+00
-0.125010606839591E+00  0.447770520758050E-01  0.991144471701779E+00 -0.804254697019629E+00 -0.589969069890076E+00  0.714904112095046E-01
 0.154484202174752E+00 -0.150016889933027E+00  0.976539586505971E+00 -0.255479136278241E+00  0.405237587454953E+00 -0.877788646907793E+00
 0.240092445140019E+00 -0.937977324546463E-01  0.966207846776797E+00 -0.788575094816922E+00 -0.184560318130331E+00 -0.586589131169436E+00
 0.422947110904623E-01  0.250431464326372E-01  0.998791268599465E+00  0.214226905157757E+00  0.976609720202244E-01 -0.971889483249301E+00
 0.308963835346696E+00  0.400344270619118E-01  0.950230810433804E+00 -0.814454770242742E+00 -0.562925671912845E+00 -0.140634686796378E+00
-0.124591957909660E+00 -0.139212428614938E+00  0.982393375254215E+00 -0.282487250215446E+00  0.946118441940736E+00  0.158306182081908E+00
-0.604610700721671E-01 -0.866844969877190E-01  0.994399445387876E+00 -0.435426555829002E+00 -0.759858751403794E+00  0.482719786619485E+00
-0.946116390282360E-01  0.213627373541519E+00  0.972322982878705E+00  0.570971521389635E+00 -0.819757446382381E+00 -0.446010186278794E-01
-0.475570798575701E+00  0.201052196057831E-01  0.879447665120940E+00  0.925341709385167E+00  0.157508342708374E+00 -0.344867862882871E+00
 0.413096473790360E+00 -0.308460261150321E+00  0.856856797039649E+00 -0.818206825631509E+00  0.420751518035200E+00 -0.391798099231077E+00
-0.310765245203783E+00 -0.812161418715662E-01  0.947010507160787E+00 -0.961597305650472E+00 -0.272255151551693E+00  0.347527584418562E-01
 0.183051786392756E+00 -0.682864406068551E-01  0.980728813448278E+00 -0.320352037005257E+00 -0.626998919020623E+00  0.710103462837320E+00
-0.183164165505269E+00  0.154829889717508E-01  0.982960408931743E+00 -0.839474396826493E+00 -0.295764899610154E+00  0.455857281647876E+00
 0.162656778182221E+00  0.134106948691602E+00  0.977526520777829E+00  0.505793722769726E+00  0.314694591039310E+00  0.803206090849256E+00
 0.236357968042945E+00 -0.125845136824521E+00  0.963482180676025E+00 -0.360458534358555E+00  0.625142021419620E+00 -0.692291194558672E+00
-0.223819630114761E-01  0.178474139626593E+00  0.983690006666887E+00 -0.730428821101156E+00  0.666557974735213E+00  0.148910052117601E+00
-0.263631157256882E+00  0.291692232797157E+00  0.919464112540129E+00 -0.156192430367211E-01 -0.989807037998777E+00 -0.141555878631187E+00
 0.495531333928992E+00 -0.187749322900769E+00  0.848055946765812E+00  0.549769614119079E+00 -0.833043225193992E+00  0.615821106308568E-01
-0.128386104535837E-01 -0.407951807800279E+00  0.912913190064699E+00 -0.304071578150209E+00 -0.658509187623132E+00  0.688408399990270E+00
 0.857317546789423E-01  0.201519824554311E+00  0.975725282316324E+00 -0.685650038008464E-02  0.689774805632189E-01  0.997594654946431E+00
-0.121281568640223E+00 -0.368731003596231E+00  0.921590054251392E+00  0.299234216674787E-03 -0.529592994968862E-02 -0.999985931693467E+00
-0.578579709660023E-01 -0.304229009150746E+00  0.950840241674096E+00  0.214510485503300E+00  0.415955894087373E+00 -0.883722776544269E+00
-0.932237174571610E-01  0.443535812380525E+00  0.891395154597228E+00  0.729806571851558E+00  0.439335976045519E+00  0.523799835657103E+00
-0.349255124235151E+00 -0.458239257362016E+00  0.817335696765899E+00 -0.293986495418642E+00 -0.720123723942759E+00  0.628485292370695E+00
-0.444122417840364E+00  0.992552736344659E-01  0.890451384763579E+00  0.554383406741365E+00 -0.113849956485853E+00 -0.824437520821322E+00
-0.396715621436522E+00  0.209954286167900E+00  0.893608366919179E+00  0.382072622180085E+00 -0.337566712870475E+00 -0.860272762408677E+00
-0.129263264464256E+00  0.281190843637541E+00  0.950906261370936E+00  0.510242742063506E+00 -0.850296018542826E+00 -0.129031100986287E+00
 0.314031718453332E+00  0.531222594355714E-01  0.947925158099366E+00  0.253279473444918E+00  0.561556590759656E+00  0.787720574636626E+00
 0.216625265685574E+00 -0.289024543623325E-01  0.975826901862460E+00  0.711295551175983E+00  0.526094732998950E+00  0.466136214842848E+00
-0.527763337189358E+00 -0.129448994885846E+00  0.839469366708397E+00  0.801711416368857E+00 -0.738537913877476E-01 -0.593131033045395E+00
 0.687566970021554E-01  0.279580034471831E+00  0.957657308718564E+00 -0.694309931228357E+00 -0.269601243394498E+00 -0.667269727290108E+00
 0.247441638058913E-01  0.232421530266729E+00  0.972300343837242E+00  0.157382327240448E+00 -0.187318205051402E+00 -0.969609557053096E+00
-0.970889028673905E-02 -0.175320259901585E+00  0.984463581813690E+00  0.835709221480307E+00  0.523699887129330E+00  0.165313415527918E+00
-0.485371513954742E+00  0.360583860117706E+00  0.796488401211151E+00 -0.598370477379597E+00  0.598132038478019E+00  0.533095522722376E+00
 0.527362023882195E-01  0.187396575374827E+00  0.980867685519028E+00  0.372794676011527E+00  0.856399181515745E+00  0.357217820715349E+00
-0.182601035123297E-01  0.285333168728559E+00  0.958254429388687E+00 -0.316827942182515E+00 -0.922517135213059E+00 -0.220413679908222E+00
-0.163568655437498E+00 -0.115827725781503E+00  0.979708749016081E+00 -0.159452017028728E+00 -0.224306584726500E+00  0.961385255926990E+00
-0.151140328701779E+00 -0.134800844549512E+00  0.979277965313555E+00  0.353947792683067E+00 -0.349493141889267E+00 -0.867511097235737E+00
 0.400385558196817E+00  0.830434949054013E-01  0.912576124354193E+00  0.584524603557351E+00  0.417825735020698E+00  0.695523287166242E+00
-0.663156700449271E-01  0.294553248490675E+00  0.953331325253756E+00 -0.579475797950081E-01 -0.528240652943622E+00 -0.847115039751743E+00
-0.183384492134677E+00  0.409183850819821E+00  0.893833711756705E+00 -0.848023965751025E+00  0.250953664813805E+00  0.466773619250729E+00
 0.237531611226764E+00 -0.636971019067612E+00  0.733380293255815E+00 -0.123008950493143E+00  0.950656551892368E+00 -0.284817342243565E+00
-0.306034923397633E+00 -0.786718512956608E-01  0.948764125309720E+00  0.423682716018782E+00  0.283396481175976E-01 -0.905367229631998E+00
-0.728380874052199E+00  0.322926984821970E-01  0.684411048960852E+00 -0.859809794077604E+00 -0.117274876867733E-01  0.510479758698408E+00
 0.651573413716869E-01 -0.519966860781156E-01  0.996519375377251E+00  0.524520689650025E+00  0.683726478981513E+00  0.507342239586460E+00
 0.142329680150356E+00  0.606166810695376E-01  0.987961477044733E+00  0.578458621525420E+00  0.490902778803514E+00  0.651459964192658E+00
-0.394490121507417E-01  0.317657434092435E-01  0.998716532849031E+00 -0.529097737922361E+00 -0.280105505175194E+00 -0.800997184574322E+00
-0.223397091479436E+00 -0.208823260940629E+00  0.952095890763452E+00 -0.644464281870964E+00  0.330811765542890E+00  0.689368816506040E+00
-0.168742898614224E+00 -0.106917314314286E+00  0.979844131516381E+00 -0.359263514990813E-01  0.458179657420910E-01  0.998303566698638E+00
 0.857771131016339E-01  0.205759373652465E+00  0.974836071871622E+00  0.212674807414258E+00  0.797407266575673E+00  0.564722124149233E+00
-0.803867681198497E-01 -0.124548276772198E+00  0.988951815946723E+00 -0.300426203833296E+00 -0.293702218185443E-01 -0.953352760587939E+00
 0.320791263992205E+00 -0.765971093903842E-01  0.944047587666703E+00 -0.225042879971073E+00  0.156544917896945E+00 -0.961690901930014E+00
 0.309325100553285E+00  0.127524258511978E+00  0.942366990964067E+00 -0.440757390142284E+00  0.580447518351520E-01 -0.895747581531403E+00
 0.641377807573553E-01 -0.135769660449904E+00  0.988662199328385E+00 -0.241915260094739E+00 -0.962475966151262E+00  0.122951297327398E+00
 0.209236542549717E+00  0.515328235422536E-01  0.976506240307559E+00  0.950186622861242E+00  0.691333314700274E-01  0.303917693159518E+00
 0.392977355463854E+00 -0.426169439002636E+00  0.814830293590521E+00 -0.731196730096135E+00  0.638304673442295E+00 -0.240662597340020E+00
 0.248177717928012E+00  0.248799283422297E+00  0.936219385022867E+00 -0.432369746413435E+00 -0.410495670141421E+00 -0.802838531201342E+00
-0.471263318549498E-02 -0.342117025439203E+00  0.939645535291415E+00 -0.353472065243850E-01 -0.665061661079731E+00  0.745951447450028E+00
 0.116577147109700E+00  0.182510710645090E+00  0.976268205603146E+00  0.206609793929503E+00  0.975987262447926E+00 -0.690018593358965E-01
-0.271111713401773E+00  0.293929477355559E+00  0.916571819988943E+00 -0.605309931627764E+00  0.747085221455650E+00  0.274706313279025E+00
-0.926639216956115E-01 -0.667484651980349E-01  0.993457618627839E+00  0.415564770101492E+00  0.208737896884209E+00 -0.885287756751923E+00
 0.190061638242326E+00 -0.849509959951553E-01  0.978089925287074E+00 -0.194641408656504E+00  0.970401295843535E+00  0.142954702830648E+00
-0.304155690276110E+00 -0.258415336174727E+00  0.916902846599554E+00  0.370151509810703E+00  0.307904363098520E+00 -0.876460360181652E+00
-0.474180406063582E-01  0.149575826038592E-01  0.998763135156531E+00  0.820734658481518E-01  0.213996009436087E+00 -0.973380528955199E+00
 0.627513639448765E-01 -0.407253580073332E+00  0.911156840418000E+00 -0.286952397592961E+00  0.383919560633859E+00 -0.877646906493925E+00
-0.352061298444971E+00 -0.203099632856046E+00  0.913675752808939E+00 -0.698181035131785E+00 -0.519968222496246E+00  0.492114102395373E+00
-0.141101195847674E+00  0.473370446445295E+00  0.869488857296365E+00  0.240768964527726E+00  0.956328482657933E+00  0.165729113246349E+00
 0.609084903172068E-01  0.831098576372678E-01  0.994677288054167E+00 -0.172215393123833E+00  0.685102478828703E-01  0.982674007138802E+00
-0.102534982318053E+00 -0.365266392084300E+00  0.925238909803709E+00  0.656107028962938E+00  0.742128295586093E+00 -0.137000581881635E+00
-0.233011138206334E-01 -0.271386367036189E+00  0.962188390016018E+00  0.471183792332031E+00 -0.618808910402971E+00  0.628539072969607E+00
-0.227858337766521E+00 -0.366363591656363E+00  0.902140951636122E+00 -0.263311245089218E+00 -0.810952043112950E+00  0.522516958557804E+00
 0.104839147396275E+00  0.152943820670683E+00  0.982658099692806E+00  0.200158812126485E+00  0.195608761498469E-01  0.979568181420959E+00
-0.173979630378274E+00 -0.459986448203528E+00  0.870714393864338E+00 -0.339011166610738E+00 -0.351625494943954E+00  0.872600103265319E+00
-0.312459020953675E+00  0.190002175376344E+00  0.930735479917322E+00  0.590230683510859E+00 -0.770333805972175E+00 -0.241274879792174E+00
 0.222352925258194E+00 -0.110889212647678E+00  0.968639643596886E+00 -0.129892718713217E+00  0.292732808110775E+00 -0.947330662799885E+00
-0.333395227652961E-01 -0.538808077847506E+00  0.841768573580683E+00 -0.603368958509948E-01 -0.962887188117108E+00  0.263073605591657E+00
 0.518632718159345E-01 -0.423183087806389E-01  0.997757165736480E+00 -0.227727577011077E+00  0.270604465419497E+00 -0.935368041983311E+00
 0.129771082988061E+00  0.265642969232837E+00  0.955297481896225E+00  0.404248759386768E+00  0.784224769183446E+00  0.470716955221957E+00
 0.498974388445010E-01  0.150841637419023E+00  0.987297850710467E+00  0.175117168231733E+00 -0.143390746620506E+00  0.974049829923558E+00
 0.541677736049316E-01  0.119126908436136E+00  0.991400338909128E+00  0.483740430781280E+00  0.100140597831372E+00  0.869463660133946E+00
-0.521959613268396E-01  0.469405001211436E+00  0.881438895476515E+00 -0.272126572455632E+00  0.208090046229485E+00  0.939492235850707E+00
 0.205950255026893E+00  0.304063735362544E+00  0.930123506471982E+00 -0.835996963514750E+00 -0.402967521585225E+00 -0.372459734121124E+00
 0.355446693943969E-01 -0.306611880570435E+00  0.951170716102375E+00 -0.355338663248587E+00  0.765338341210698E+00 -0.536648542226255E+00
 0.294757308686064E+00 -0.560215663627443E-01  0.953928568121541E+00 -0.993637558600775E+00 -0.810421077199178E-01  0.782085603639721E-01
-0.121877561796190E-01  0.335838131727621E-02  0.999920086744053E+00  0.373996114897325E+00  0.784465043505474E-01 -0.924106623716596E+00
 0.259126527906298E+00 -0.449861973646392E+00  0.854679850705631E+00 -0.276878336603253E+00  0.900221913954093E+00 -0.336063821850323E+00
 0.104203876221305E+00 -0.891771532303529E-01  0.990549841008611E+00 -0.136067006140730E+00 -0.235643377606331E+00  0.962267098278944E+00
 0.345234023487027E+00 -0.313210688376511E+00  0.884710423649270E+00 -0.299277958851025E+00 -0.661406061488744E-01 -0.951870854456750E+00
 0.262303551590397E+00  0.142800939913743E+00  0.954360905728444E+00 -0.145345474206470E+00 -0.516361539861738E+00 -0.843946356873060E+00
-0.526327861999640E+00  0.129251898313354E+00  0.840400457201971E+00  0.678877479260248E+00  0.289283194929058E+00 -0.674863394536174E+00
-0.206386303334389E+00 -0.946611953303084E-01  0.973880871510783E+00 -0.583942836386645E+00 -0.826517700776858E-01  0.807576280443987E+00
-0.495400717732769E+00 -0.675323528736816E-01  0.866035513235573E+00  0.965302429359132E+00  0.261114263002829E+00 -0.324985074226306E-02
-0.468841516628529E+00 -0.246402140562833E+00  0.848217906797254E+00 -0.801807121288781E+00  0.138381849776681E+00  0.581339663108395E+00
 0.367945926142351E-01 -0.581525644954805E-01  0.997629408747031E+00  0.970548424460678E+00 -0.216297848765717E+00  0.106070714130807E+00
 0.193800637239900E+00 -0.206679062097362E+00  0.959022981109401E+00 -0.561745858234591E+00 -0.177256133862146E-01 -0.827119938936528E+00
 0.177952032068630E+00 -0.118845373156469E+00  0.976836143660719E+00 -0.565682164882773E+00  0.308157759669954E-01 -0.824047375024695E+00
 0.153802197752889E+00 -0.191149484498942E+00  0.969436309688352E+00  0.348142057669020E+00 -0.559084842625215E+00  0.752476741453661E+00
 0.154655369154917E+00 -0.846274674937798E-01  0.984337294090367E+00  0.773261848546456E-01  0.321661314083391E+00 -0.943692036714293E+00
-0.168298328728271E-01 -0.245247733512517E+00  0.969314348357872E+00 -0.999645789706569E+00  0.163797613402852E-02  0.265633611599600E-01
 0.294485824738080E+00  0.121571741345418E+00  0.947891560641076E+00  0.545215094531620E+00 -0.124106989770890E+00  0.829058475491859E+00
-0.830896530287191E-01 -0.312414558300123E+00  0.946305052993857E+00 -0.864769694980767E+00 -0.433814128941505E+00  0.252940064389954E+00
-0.101512843524638E-01 -0.922884440039835E-01  0.995680568520506E+00  0.213537717148309E+00 -0.418623254256217E+00 -0.882698257815786E+00
-0.717402311375317E-01 -0.900910911524603E-03  0.997422943187023E+00  0.228975077169707E-01 -0.171948398952333E+00  0.984839810445374E+00
-0.451649537941240E+00  0.432536630363607E+00  0.780336311003891E+00 -0.413844830972539E+00  0.612049160652696E+00  0.673890407129854E+00
-0.254206027267595E+00  0.891021081053999E-01  0.963036920388829E+00 -0.256292339288294E+00  0.461067951659708E+00  0.849547279893506E+00
 0.322576420401847E-01  0.238992932583432E+00  0.970485354194064E+00  0.406122443272893E+00  0.812470042721896E+00  0.418278604221559E+00
-0.330980825078009E+00  0.950980211653047E-01  0.938833350388195E+00  0.393098144340983E+00  0.918733467427167E+00  0.374521660913133E-01
 0.358659850709827E-01  0.124187360564947E+00  0.991610372369511E+00  0.772716245338834E-01  0.104988079775931E-01  0.996954798911638E+00
 0.133027843545483E-01  0.233161932626866E+00  0.972346928365653E+00 -0.387728031712276E-03 -0.132387541189075E+00 -0.991197956315934E+00
 0.773386771656908E-01 -0.720496115112509E-01  0.994398100609277E+00 -0.101482107494621E+00  0.926483404242149E+00 -0.362394651619377E+00
-0.239111888186321E+00 -0.263258520256561E+00  0.934623162798942E+00  0.383831307120473E+00  0.979293671792177E-01 -0.918195712644133E+00
 0.273260947429355E+00  0.149265071850078E+00  0.950288584028874E+00  0.115861077602491E+00 -0.920927881191789E+00 -0.372112951051683E+00
 0.460364248251877E+00 -0.362482820820119E+00  0.810352369985905E+00 -0.458904575769651E-02  0.847375035809307E+00 -0.530975036462365E+00
 0.871578516492793E-01  0.992400049712138E-02  0.996145081356132E+00 -0.272171465949962E-01 -0.322331285142191E+00 -0.946235578251954E+00
 0.180688430433149E-01 -0.147892178010249E+00  0.988838419861638E+00  0.561967438892249E-01 -0.104327281012630E+00 -0.992954049497136E+00
-0.154016998768498E+00 -0.207363013638018E+00  0.966063840884909E+00 -0.477667568408745E+00 -0.842357209077230E+00  0.249535621517442E+00
 0.806864244882908E-02  0.880205762121598E-02  0.999928707854048E+00  0.265080440181379E+00 -0.466674534225378E+00 -0.843769660119853E+00
-0.100082497054188E+00 -0.277302250586614E+00  0.955555835942096E+00 -0.178830965951441E+00 -0.608386955045357E+00  0.773230107113991E+00
-0.681456788114859E-01  0.330684729976656E+00  0.941277735750500E+00 -0.304812493884697E+00  0.881607046556309E+00  0.360358653335888E+00
 0.782766134060106E-01 -0.306081207766692E+00  0.948781885390825E+00  0.173851911367272E+00  0.518503760347315E+00 -0.837215243183998E+00
 0.249077177550017E+00 -0.989468912015137E-01  0.963415835631361E+00  0.707259244435322E+00 -0.118132064949953E+00  0.697014473588201E+00
 0.101377482665710E+00  0.175126511071952E+00  0.979312672810951E+00  0.323797761112670E+00  0.408571535299024E+00  0.853360598130603E+00
 0.326920825768501E+00 -0.383976283023784E+00  0.863530536665658E+00 -0.447512312576915E+00  0.679653803273516E+00 -0.581208600923891E+00
 0.108154383030450E+00  0.388552720634361E+00  0.915057054351770E+00 -0.219731857598675E+00 -0.971756559783190E+00 -0.860645064737753E-01
-0.884521151170042E-01 -0.621999617272837E-01  0.994136503752102E+00  0.640839832890018E+00  0.744537988359293E+00 -0.187049438575450E+00
-0.148600461652712E+00  0.327613213162927E-01  0.988354490363762E+00 -0.298960012154355E+00  0.642341433397390E+00  0.705705600143328E+00
-0.378198887698121E+00 -0.589293392605577E+00  0.713931998705278E+00  0.194258727966334E-01  0.951094920412521E+00 -0.308287346207380E+00
-0.370704874400009E+00 -0.142673173305560E+00  0.917726681379045E+00 -0.699309790659507E+00 -0.331104999668563E+00  0.633510296587386E+00
 0.108846192544653E-01  0.135780017362052E+00  0.990679217481040E+00  0.332561613746764E+00  0.543650529660961E+00  0.770614608388334E+00
-0.296190258635651E+00 -0.502211111765097E-01  0.953807722070619E+00 -0.616499198841576E+00 -0.101494340611482E+00  0.780786549994001E+00
 0.453780330607244E-01 -0.306496162147660E+00  0.950789638513323E+00  0.199558441510535E+00 -0.600278705385915E-01  0.978045542487919E+00
 0.437762271814923E+00 -0.120195302174974E+00  0.891020360435442E+00 -0.338963538676459E+00  0.153518511258952E+00 -0.928189520598443E+00
-0.206046577447132E+00  0.143965444933817E+00  0.967893981067829E+00  0.169611347401196E+00  0.420325967798443E+00  0.891379869431127E+00
 0.258871377986683E+00  0.399689977483916E-01  0.965084498310000E+00 -0.872534232930788E+00  0.347465625513007E+00 -0.343440899501990E+00
-0.492427626639190E-01 -0.167616231068679E+00  0.984621729095776E+00  0.330018703753827E-01  0.489929409319802E+00 -0.871137216766266E+00
 0.769342235610102E-02  0.860073006168247E-01  0.996264801894084E+00  0.515398885694265E-03  0.212952942736248E+00  0.977062320706290E+00
 0.938896968811704E-02  0.200945697767709E+00  0.979557386678720E+00  0.414826013669890E+00 -0.332676252960875E-01 -0.909292386138753E+00
-0.205876553250018E+00 -0.193105197320118E+00  0.959335826282877E+00 -0.662764786102188E+00 -0.451670464559623E+00  0.597274333742390E+00
-0.290520572959473E+00 -0.270494440454073E+00  0.917840157309941E+00 -0.263173034021611E-01 -0.354273728060993E+00  0.934771375870808E+00
 0.115953303576304E-01  0.751237064183445E-01  0.997106803230159E+00 -0.298396636448934E-01 -0.366233945132653E+00  0.930044241907950E+00
-0.682923366941897E-01 -0.306432051587241E+00  0.949439600242628E+00  0.183338745049954E-01  0.889968466674978E+00 -0.455653374145110E+00
 0.818412782434736E-01  0.782567370537465E-01  0.993568260504116E+00 -0.314497631731237E+00  0.855758848065929E+00  0.410813867332052E+00
-0.500133881105653E+00  0.237195833444496E-01  0.865623175715716E+00 -0.779378808568979E+00  0.404255150569871E+00  0.478692433605681E+00
-0.361936855453809E-01  0.976837013667014E-01  0.994559154406586E+00 -0.990048105222423E+00  0.245870557703768E-01  0.138564880233175E+00
 0.182600425544579E+00 -0.466729990261006E+00  0.865343978301057E+00  0.370557200984926E+00 -0.480048204135500E+00  0.795135889332446E+00
 0.137034670033605E+00 -0.173886303064354E+00  0.975184624989234E+00 -0.291976797773647E+00  0.716329683942104E-01 -0.953739098181930E+00
-0.146560582958785E+00  0.395523869455017E+00  0.906686750876019E+00  0.740263552170495E-01 -0.194357042569535E+00 -0.978133650753773E+00
 0.230153966417771E+00 -0.201490611326595E+00  0.952066534066502E+00  0.314707228786139E+00  0.226723376314435E+00 -0.921713551371755E+00
-0.186944156386773E+00 -0.254597685229013E-01  0.982040570740129E+00  0.643206232112233E-01 -0.190728341353363E+00  0.979533336458905E+00
-0.279109903101047E-01  0.140690060392740E+00  0.989660185885335E+00 -0.851384247924489E-01 -0.186764324607240E+00  0.978708606112086E+00
-0.136697976075897E+00  0.481043769158897E+00  0.865973761432848E+00  0.632675080983454E-01  0.608310378003310E+00  0.791173625971250E+00
 0.279824933008908E+00  0.254194164599138E+00  0.925787952800373E+00 -0.387250448813246E+00 -0.306420749517882E+00 -0.869565071836972E+00
 0.108149114017726E+00 -0.247144795171839E+00  0.962924306140753E+00 -0.647055939066084E+00  0.650309934373482E+00 -0.398014573821694E+00
-0.329995381213669E+00  0.241699520467669E+00  0.912515419148271E+00 -0.236876204694185E+00  0.459496209757572E-02  0.971528975364606E+00
-0.134109085737015E+00  0.712131698287172E-01  0.988404490866835E+00 -0.200674088061049E+00  0.945761419686309E+00  0.255470639044496E+00
 0.180226160442134E+00 -0.233316879823434E+00  0.955553119759306E+00 -0.214667764879054E+00 -0.344219843660637E+00  0.914018845512541E+00
-0.211598187813625E+00  0.140988453450288E+00  0.967134149385537E+00 -0.387174612029622E+00  0.303463081216863E-02  0.922001415842484E+00
-0.137056642492002E+00 -0.251198625212875E+00  0.958183034414606E+00  0.515786676151187E+00 -0.992669071009213E-02 -0.856659538858032E+00
-0.200558123993373E+00  0.583755838819028E+00  0.786769063667956E+00 -0.244762097391027E+00  0.947138635502670E+00  0.207412441330999E+00
 0.195627991914131E+00 -0.157055535292246E-01  0.980552407762066E+00 -0.929324581130978E+00  0.367099946979109E+00  0.399180640020017E-01
-0.174351811020622E+00  0.501939083713515E-01  0.983403283275096E+00 -0.418721140848151E-01 -0.725019067897546E-01  0.996488936001759E+00
 0.266742729782348E+00 -0.101926771682061E-01  0.963713871146621E+00  0.217189819340542E+00 -0.369376170777894E+00  0.903542930267446E+00
-0.127981534092166E-01  0.453390098172715E+00  0.891220301692152E+00 -0.617880569588890E-01 -0.761358775413134E+00 -0.645379772783946E+00
-0.904487784362317E-01 -0.321758608566170E+00  0.942491600117983E+00  0.154164917999882E+00  0.225273130296844E+00 -0.962021410793102E+00
-0.208524945293983E+00  0.288343717447190E+00  0.934545476581465E+00  0.480320743438242E+00 -0.524185850844115E+00 -0.703221997094634E+00
 0.422109768217354E+00 -0.218967831156884E-01  0.906280240579412E+00  0.702704312348651E+00 -0.495640314801255E-01  0.709753517913118E+00
 0.517042057451736E+00  0.398591516143905E-01  0.855031437351082E+00 -0.800695929168937E+00 -0.558516338099238E+00 -0.216669169676975E+00
 0.276785153134763E-01  0.156217462341339E-01  0.999494802805216E+00  0.540464058708487E+00 -0.105208016623490E+00  0.834763364362920E+00
 0.179985972368773E+00 -0.406783355000987E+00  0.895618418660876E+00 -0.412309363837821E+00 -0.635289924234575E+00  0.652999005097006E+00
 0.468910707199436E+00  0.293073187804387E-01  0.882759213908088E+00 -0.462533486534457E+00  0.274193140689619E-01 -0.886177722045791E+00
-0.289565127933241E+00 -0.291550921697072E+00  0.911674336999015E+00  0.586667225066621E+00  0.431566857158962E+00 -0.685252956822929E+00
 0.134091140482810E-01  0.918728449361876E-01  0.995680458793769E+00 -0.182825626115336E-01 -0.188239932207327E-01 -0.999655643301023E+00
 0.247557243710151E+00 -0.215472652384136E+00  0.944609415134731E+00  0.831309474147354E+00  0.555795109924524E+00 -0.404400504894509E-02
 0.387142976399394E+00 -0.299277224902312E+00  0.872097161146274E+00  0.512366166231098E+00 -0.386314817743715E+00  0.766969212741481E+00
 0.579142015221863E+00  0.674323474851551E-02  0.815198782500248E+00  0.693521829475101E+00  0.628554098082717E+00  0.352061383603670E+00
-0.327666123817089E+00  0.152899981151051E+00  0.932339266075763E+00 -0.502943716414464E+00  0.664583492197238E+00  0.552608722350752E+00
-0.106168080962772E+00  0.254796220927405E+00  0.961148908539044E+00 -0.431125663508494E+00  0.880845302488847E+00  0.195556169290800E+00
 0.177750161519748E+00 -0.222368333498632E-01  0.983824376259439E+00  0.889568542091260E+00 -0.204955824488461E+00  0.408241250892026E+00
-0.104567855458228E+00 -0.273318473389760E+00  0.956223078423000E+00  0.619070074071372E-01 -0.238676279522552E+00  0.969123911596017E+00
 0.255929412432852E+00  0.452029993755344E+00  0.854499280630077E+00 -0.721375229447649E+00 -0.549863436301022E+00 -0.421032041249338E+00
-0.115080603457712E+00 -0.238973400168620E+00  0.964182642822229E+00 -0.508889800853880E+00  0.278815067364250E+00  0.814428222004596E+00
 0.386729813942356E+00 -0.708261350615744E+00  0.590597926030961E+00  0.802478318212066E-03 -0.215488091554351E-03  0.999999654796656E+00
-0.169089553410440E+00  0.291952665321916E-01  0.985168188351396E+00 -0.259605474646621E+00  0.792748835690481E-01  0.962455448511055E+00
-0.273838425391314E-02  0.319436740466220E+00  0.947603646094713E+00  0.494789970875755E+00 -0.868914798070708E+00  0.130368099821042E-01
-0.961052917356063E-01 -0.387596653326778E+00  0.916805654013049E+00 -0.289545300633219E+00 -0.903398651010793E+00  0.316282146560786E+00
 0.208063644134783E+00  0.130506197729542E+00  0.969369719118321E+00  0.834647513314447E+00 -0.157303648346672E+00  0.527843812822351E+00
-0.177922279220096E+00 -0.273172201131847E+00  0.945367976549824E+00 -0.309065961604404E+00 -0.706587388823155E+00  0.636563031705126E+00
-0.330586429993152E-01 -0.570265377986050E+00  0.820795056511351E+00 -0.165652114109146E+00 -0.937484371842859E+00  0.306075856025220E+00
-0.238203108716330E+00  0.491079285119057E+00  0.837914324215091E+00  0.611321289508846E+00 -0.640667333357198E+00 -0.464576849361027E+00
-0.350031008060861E+00 -0.248123689691946E-01  0.936409440224752E+00 -0.655181683870489E+00 -0.347300729758686E+00  0.670909207143347E+00
 0.584840341238693E-01  0.233796376090091E+00  0.970525049795078E+00  0.546578879830396E+00  0.540787219663857E+00  0.639375250671767E+00
 0.800768039350400E-01  0.159542328799250E+00  0.983937981172015E+00 -0.238597279451950E+00  0.624583046934756E+00  0.743617748389469E+00
 0.695289726100164E-01  0.317074106118824E-02  0.997574893613967E+00  0.845973115659482E-01  0.758157991646257E-02 -0.996386378129380E+00
 0.390794910857257E+00 -0.424738824348463E+00  0.816624925372202E+00  0.754090578535022E+00 -0.520763416857431E+00  0.400191033167523E+00
-0.137375721246763E+00  0.147996194901626E+00  0.979400345878319E+00  0.236058859392786E+00  0.285041897358778E+00 -0.928992643486634E+00
-0.152541265720848E+00  0.926964294745575E-01  0.983940310290695E+00  0.614217852889308E+00  0.291634787550229E+00 -0.733270468437520E+00
