#          Em_x [n.u.]            Em_y [n.u.]            Em_z [n.u.]            En_x [n.u.]            En_y [n.u.]            En_z [n.u.]
 0.300064207431381E+00  0.158009741774207E+00  0.940741405978830E+00  0.709996176763471E-01 -0.944256678212337E-01 -0.992996902082945E+00
 0.403219675238694E+00 -0.434645547504931E-01  0.914070416314161E+00 -0.360497957129897E+00  0.614373153781084E-02 -0.932739769425515E+00
-0.106682054312983E+00  0.157586559421793E+00  0.981725733378301E+00  0.426998917591928E+00 -0.110029566398581E+00 -0.897532962566536E+00
 0.118970563750697E+00 -0.291049825491351E-01  0.992471110386421E+00 -0.577243306192366E+00  0.228582838940226E+00 -0.783926049572365E+00
-0.137980633121793E+00 -0.572530968899804E-01  0.988778755728406E+00 -0.982582210929812E-01 -0.715521268001597E-01  0.992585318820512E+00
-0.254866248834504E+00  0.788683996544960E-01  0.963754621644414E+00  0.258239296827987E+00  0.249827714134089E+00 -0.933219469805642E+00
-0.138337282418696E+00  0.465125145569866E-01  0.989292364411348E+00  0.780902548457917E-01  0.146170500192584E+00  0.986172447887067E+00
-0.394828766864539E+00  0.360480116653276E+00  0.845082439974863E+00  0.216971668036398E+00 -0.654261578993865E+00 -0.724475728732134E+00
-0.229559117855423E+00 -0.685404374565747E-01  0.970878375412029E+00 -0.374031131997522E+00 -0.804371139562706E+00  0.461614321848061E+00
 0.289482889064844E+00 -0.418423534878873E-01  0.956268202123895E+00 -0.524359541536874E+00  0.808799258464450E-01 -0.847647042579818E+00
 0.272278788921948E+00  0.268087828050196E+00  0.924117512849164E+00  0.969341334202033E-01  0.602095957618873E+00  0.792517653807842E+00
-0.194515444830147E-01  0.453626269432897E-01  0.998781192000545E+00  0.422699866302347E+00 -0.728154689694171E+00  0.539551268096335E+00
 0.189776108870042E+00 -0.484096631483422E-01  0.980633230630091E+00  0.344743672674301E+00 -0.811847384083118E+00  0.471227784737310E+00
 0.516948920731678E-01 -0.104662245390420E+00  0.993163356413928E+00 -0.350803504671128E+00  0.312770011360159E+00 -0.882673111125642E+00
 0.163020137393913E+00 -0.242587785691049E+00  0.956334460864808E+00  0.313120929084918E+00 -0.488725245588958E+00  0.814311315218578E+00
-0.111217852828820E+00 -0.354673246312325E-01  0.993162956465680E+00 -0.419156634975753E-01 -0.212739150234266E+00 -0.976209573355619E+00
 0.578260798007646E-01 -0.101471764559265E-01  0.998275102015896E+00 -0.218645966656581E+00  0.325510504745082E-01  0.975261180596160E+00
 0.751621959432715E-02  0.270432013653658E+00  0.962709734257547E+00 -0.128556050503208E+00 -0.261589240964457E-01 -0.991357177090645E+00
 0.155185853660233E+00 -0.107765116173199E+00  0.981989832208013E+00  0.208125682695345E-01 -0.527335006034215E-01 -0.998391714166406E+00
-0.503432351031327E+00  0.518194313852091E-01  0.862479341472006E+00 -0.838028711311718E+00  0.427865961886573E+00  0.338583221196945E+00
-0.988996209119487E-01 -0.254330899121039E+00  0.962047118771091E+00  0.584797623584031E-01  0.987978401489262E+00  0.143104142446080E+00
-0.135570242812254E+00  0.113354055936673E+00  0.984261940372852E+00 -0.384438730825313E+00  0.905982412703268E+00  0.177208154760968E+00
-0.187463110277033E+00  0.496577711801591E-01  0.981015641081568E+00  0.427120480741529E-01  0.803730942130707E-01  0.995849309220993E+00
-0.160710617367453E+00  0.110304963883543E+00  0.980818491061431E+00 -0.718571957571432E+00 -0.278936195606821E+00  0.637062744611826E+00
 0.755327133245594E-01 -0.104963719020473E+00  0.991603462532892E+00 -0.803891338348464E+00 -0.499127716146009E+00  0.323465978277752E+00
-0.386597070343639E+00  0.128646171823247E+00  0.913232099565570E+00  0.772462920529794E+00 -0.307591523737486E-03 -0.635059793873014E+00
 0.268217087657550E+00 -0.164231482306651E+00  0.949256347941831E+00 -0.743087514221951E+00  0.543225575082508E+00 -0.390802918084961E+00
-0.910696017482868E-01 -0.588525446449251E-01  0.994103971235517E+00 -0.892892276552361E+00  0.450185211969875E+00 -0.875542099392065E-02
-0.102939540510690E+00  0.369425375409787E-01  0.994001358107463E+00 -0.744448028635668E+00  0.350429664911511E+00  0.568327531103742E+00
-0.266437637570498E+00 -0.313073753548169E+00  0.911589715894773E+00 -0.418841754515795E+00 -0.720431415642759E+00  0.552765917933714E+00
-0.585823397187089E+00 -0.218880852874501E+00  0.780321805124725E+00 -0.655545998801764E+00 -0.739725635269946E+00 -0.151873065352196E+00
 0.329436084811229E-02 -0.162498038535438E+00  0.986703367106213E+00 -0.630262277929868E-02  0.771159038432280E-02  0.999950402929988E+00
 0.268329977656395E+00 -0.203402781908473E+00  0.941608374751846E+00 -0.438746639342675E+00  0.457653417081628E+00 -0.773339987521025E+00
 0.777415050050293E-01  0.200983327570764E+00  0.976504972049880E+00 -0.236650778908182E+00  0.211440065941791E+00  0.948308761615478E+00
 0.285362901325533E+00 -0.174204745392791E+00  0.942454625554836E+00 -0.698464397307602E+00 -0.646898448141935E+00  0.306055360164276E+00
-0.178661912251556E+00 -0.325979050457336E+00  0.928341305648710E+00  0.636886379494520E+00  0.332997350773488E+00 -0.695333376152907E+00
 0.244856692712632E+00 -0.401804468911437E+00  0.882382212420802E+00  0.168402885332220E+00 -0.837620027494648E+00  0.519647147352555E+00
 0.667086258690281E-01 -0.470457691038174E-02  0.997761407447071E+00 -0.928144369568741E-01 -0.756341896003559E-01  0.992806602343012E+00
-0.780149792538159E-02 -0.210888448062496E+00  0.977479001873653E+00  0.531821453805482E-03 -0.142931772770580E-02  0.999998837107711E+00
-0.258363807408349E+00  0.832406177459073E-01  0.962454748327806E+00 -0.895328970821233E+00  0.264431447717220E+00  0.358416020102850E+00
-0.172673931412385E+00 -0.119006979743656E+00  0.977763290465992E+00  0.384515567606758E+00  0.404118157692692E+00 -0.829961621336262E+00
 0.700412263618731E-01  0.822088953128644E-01  0.994150855826802E+00 -0.352163222147448E+00  0.166186104355894E+00 -0.921066362259386E+00
-0.160256415026160E+00  0.342466373072800E+00  0.925761667362246E+00  0.125440123596884E+00 -0.610387642434493E+00 -0.782107218580202E+00
-0.146591478132068E+00 -0.199707720879226E+00  0.968828036733186E+00 -0.955048991373536E+00  0.178291919461413E+00  0.236840485414038E+00
-0.940677535001268E-01  0.159029105878259E+00  0.982782275600756E+00  0.137007031486726E+00  0.199852259650324E-01 -0.990368448642384E+00
 0.910447621916124E-01 -0.363686331507309E+00  0.927061542483685E+00 -0.824462851394342E+00  0.561222349144108E+00  0.727356961324973E-01
-0.619907333094247E-01 -0.144078171581508E+00  0.987622716151005E+00 -0.146162246860648E-02 -0.705308452593391E-04 -0.999998929342006E+00
 0.168115564068395E+00 -0.681881929575565E-01  0.983406084717371E+00 -0.229275756916909E-01 -0.265284320500861E+00 -0.963897585622714E+00
-0.955730667572967E-01  0.237774489625395E+00  0.966606994074628E+00  0.431936032553921E-01 -0.889356319756366E+00 -0.455169912392316E+00
-0.530883583656337E-01  0.330748354190269E+00  0.942224576418207E+00  0.462605489821182E+00 -0.656593778573670E+00 -0.595718701003800E+00
-0.425899682052903E-01  0.264372208692819E+00  0.963479854423098E+00  0.133552269396698E+00 -0.363449957573395E+00 -0.921991279611087E+00
 0.337892805676984E+00 -0.194528038007969E+00  0.920862255877885E+00 -0.216472329110596E+00 -0.216709519347650E-01 -0.976048206069595E+00
 0.581626552226791E-01  0.179060470581498E-01  0.998146521817413E+00  0.198529559685781E+00  0.973441145110593E+00 -0.114010310659815E+00
 0.225803101718169E+00  0.356272596664318E-01  0.973521267165291E+00 -0.445975885042937E+00 -0.405344503180451E+00 -0.797998335650873E+00
 0.230715305792509E-01  0.162946575403727E+00  0.986365103823593E+00 -0.769251350994908E-01  0.907299006429430E-01  0.992900100070116E+00
-0.640863134595005E-01 -0.346829727783348E+00  0.935736118974201E+00  0.956510913335483E+00  0.287842940260509E+00 -0.472579560741347E-01
 0.270215222724656E+00  0.211036113724008E+00  0.939386763858280E+00  0.879673433884666E+00  0.251391048098784E+00  0.403704335688081E+00
-0.122355962787431E+00  0.236566813505542E+00  0.963880262853325E+00  0.228796826685063E+00  0.406863821281485E+00  0.884372004888821E+00
-0.323738613045868E+00  0.127781322789388E+00  0.937478129861882E+00 -0.634187358842840E+00  0.228199526768948E+00  0.738736333116472E+00
-0.110389638801601E+00 -0.313792401422127E+00  0.943052732595048E+00  0.162543976232438E+00  0.945943427086464E+00 -0.280660806922634E+00
 0.228458391684716E+00  0.318645595701321E+00  0.919930294972931E+00  0.994460308328903E+00  0.603598206735785E-01  0.860545594761630E-01
 0.371441886485867E-01  0.155689561463159E+00  0.987107425613366E+00  0.268830361878673E+00 -0.285069233394448E+00 -0.920035743166581E+00
-0.317825122395114E-01 -0.984788869578072E-01  0.994631479865431E+00  0.203851410845074E+00 -0.630101716969396E+00  0.749277270820817E+00
 0.224946797365923E+00 -0.306006990092085E+00  0.925072246027086E+00 -0.592451966757344E+00  0.789625980263564E+00 -0.159660509764187E+00
 0.160380551639260E+00  0.164439131688456E+00  0.973261450292486E+00  0.884447318370634E+00  0.358051673692746E+00  0.299252301566451E+00
-0.202973694305045E+00 -0.174722970367203E+00  0.963469544431075E+00 -0.279291741415610E+00 -0.257304353136839E+00 -0.925089505417648E+00
 0.829809605624967E-01 -0.213374249790535E-02  0.996548848439994E+00  0.136004265373005E+00 -0.817762937627147E-01  0.987327441925314E+00
-0.109975721654103E+00 -0.563581176154415E-01  0.992335176855836E+00  0.301785151601005E-02  0.113093670542776E-02  0.999994806763713E+00
 0.171159792808492E+00 -0.203860484317588E-01  0.985032351933221E+00 -0.575321075794092E+00  0.208192660407308E+00 -0.790987658500217E+00
 0.253990821393625E-01  0.184413509222533E+00  0.982520505761945E+00 -0.688554711084898E+00  0.622081373166880E+00  0.372702528837143E+00
 0.177936584276244E+00 -0.657900451447039E-01  0.981840232388122E+00 -0.948104588241716E+00  0.179447293263878E+00 -0.262481158743393E+00
 0.231610709842558E+00  0.218734990715887E+00  0.947898456018759E+00  0.555867009408746E+00  0.470252468777422E+00  0.685473911582138E+00
 0.198863527017677E+00 -0.926672879892076E-01  0.975636239260727E+00  0.229051615616148E+00 -0.960493657394583E+00  0.158073690057548E+00
-0.273051447898069E+00 -0.874893801064656E-01  0.958012794888124E+00 -0.781776501513233E+00 -0.457679873644433E+00  0.423502815743351E+00
 0.404538630148460E+00 -0.293646197055443E+00  0.866094918396641E+00 -0.167454169378937E-01 -0.749406681452944E+00  0.661898192175550E+00
 0.280868971834490E+00  0.231423515783108E-01  0.959467066774083E+00  0.766327798050763E+00  0.487996458597227E+00  0.417853039155197E+00
-0.353808039900423E-02  0.274648161920390E+00  0.961538282722452E+00  0.541434748165257E+00  0.493066483146799E+00  0.680980070689643E+00
-0.223343765812117E+00  0.188123500896851E+00  0.956413671317581E+00 -0.172602878598197E-01 -0.622007915480103E+00 -0.782820691820990E+00
-0.186737809415974E+00 -0.129506197115541E+00  0.973836298072317E+00  0.291752223898141E-01  0.751943491332173E-01 -0.996742000849235E+00
-0.433522342195820E+00 -0.199122415246426E+00  0.878867818595880E+00  0.905871248472061E+00 -0.232399037459474E+00 -0.354101635945925E+00
-0.853786424593788E-01 -0.216075183288674E+00  0.972636624119491E+00 -0.173778890067279E+00  0.818493056390193E-01  0.981377393530845E+00
 0.531239721973209E+00 -0.140365182583507E+00  0.835513000088045E+00  0.934838820051778E+00 -0.247517497087457E+00  0.254580967787777E+00
 0.859684000425502E-02 -0.212900032467297E+00  0.977036166432627E+00  0.169148450432476E-01  0.489401255040496E-01 -0.998658476223384E+00
-0.482810275370391E+00 -0.962960785530786E-01  0.870414443384337E+00  0.756256129872565E+00  0.516073159586817E+00 -0.402175533796190E+00
-0.212779351328760E+00  0.251803991485809E+00  0.944097292401544E+00 -0.395268743205252E+00  0.521782752286533E-01  0.917082356301278E+00
-0.395464925052295E+00 -0.465613078539211E-01  0.917300134996346E+00  0.525130799694151E+00  0.254895457451101E+00 -0.811951937606762E+00
 0.105056295082052E+00  0.267467703324967E+00  0.957822636265034E+00 -0.446168408198218E+00 -0.892669024085994E+00  0.638417180472666E-01
-0.203089047113728E+00 -0.253247972994236E+00  0.945843699094490E+00 -0.327127921041667E+00 -0.683425337926862E+00  0.652623268627860E+00
-0.159556362851574E+00  0.262365670554652E+00  0.951685884096210E+00 -0.572885047520402E-01  0.997246859596760E+00 -0.470821436180950E-01
-0.118085885906751E+00  0.137757918519898E+00  0.983401484356559E+00 -0.378606037357943E+00 -0.146729701929930E+00  0.913853304993569E+00
 0.130085033769814E+00 -0.394380060353735E+00  0.909693493427589E+00 -0.774312935223416E-02  0.990669667116413E+00 -0.136064891148639E+00
-0.891381678949329E-01  0.580874203542824E-01  0.994324010884239E+00  0.144102473695066E+00  0.210526738006608E-01 -0.989338800412076E+00
-0.395824798261929E+00 -0.497506814281850E-01  0.916977425446414E+00  0.955501422724437E+00  0.294248383887099E+00 -0.208547297131009E-01
 0.905908779309646E-01  0.369163640873667E+00  0.924938646123404E+00  0.588473911006824E+00  0.808393771622581E+00  0.140700414409883E-01
-0.185450671473877E+00  0.576771028243843E+00  0.795577293183024E+00  0.830093389050041E-02  0.861865411437240E+00  0.507069134403448E+00
-0.185684670843805E+00  0.246804057871306E+00  0.951109331271587E+00 -0.707878037167136E+00  0.853441398665334E-01  0.701159797968226E+00
 0.600074153149487E-01  0.200518604687205E+00  0.977850397188402E+00 -0.950407662211097E-02  0.720283930215808E+00  0.693614253314066E+00
 0.749336036030933E-02 -0.356568521183630E+00  0.934239123164637E+00 -0.667687429797188E+00  0.539466051092294E+00 -0.513000853614992E+00
 0.203820903599220E+00 -0.161434710359296E+00  0.965606479652663E+00  0.607690525738026E+00 -0.476886740814716E+00  0.635052172158602E+00
 0.400682664591545E+00  0.405035559329065E-01  0.915321180926460E+00  0.328073909792429E+00  0.322041860091408E+00  0.888063370521707E+00
 0.438158003819381E+00 -0.368211387747087E+00  0.820023132370288E+00  0.553792513548472E+00 -0.822444917405604E+00  0.129993114322853E+00
-0.169002207120507E+00  0.220640149004403E+00  0.960601987628442E+00  0.404205087706456E+00 -0.743456164212761E-02 -0.914638165814988E+00
-0.216422026755153E+00 -0.224360499437484E+00  0.950170443987475E+00 -0.847585921112771E-01  0.300111242356909E+00  0.950131161090040E+00
 0.119726111082951E+00 -0.471746071353765E-01  0.991685542279697E+00  0.370619102096036E-01 -0.109463914002332E+00 -0.993299585393503E+00
-0.267289485209610E+00  0.213761600718516E+00  0.939607529319896E+00  0.543341064362162E+00 -0.518773187102286E+00 -0.660041565449881E+00
 0.303336574030890E+00  0.308668992097702E+00  0.901504507017348E+00 -0.320014816398215E+00 -0.814046016137873E+00 -0.484685053303354E+00
-0.395151675393241E+00 -0.385579811805867E-01  0.917806316997869E+00  0.216531276386899E+00  0.961165950462113E+00 -0.171097112829303E+00
-0.419127805457570E+00 -0.121130570068217E+00  0.899810684359366E+00  0.843002116060140E+00 -0.208636070121945E+00 -0.495800789190776E+00
 0.621240153045817E-02  0.278614207911951E+00  0.960383011728561E+00  0.205128633300862E+00 -0.648635834253229E+00 -0.732935057370527E+00
 0.176206170501219E+00  0.276087807124055E-01  0.983966026194436E+00  0.172250052401575E-01 -0.522809132511749E-01  0.998483853301644E+00
 0.296987012734082E+00  0.710091621253464E-01  0.952237582308923E+00  0.716448652412827E+00 -0.572978711908687E+00  0.397990859386627E+00
 0.283799652005929E-01 -0.918641556559593E-01  0.995367045104885E+00 -0.551717273623118E-01 -0.250102396900815E+00  0.966646197718858E+00
-0.176038447589014E+00 -0.178140255902192E+00  0.968130422101047E+00  0.570103647432844E+00  0.668780609851105E+00 -0.477194223635357E+00
 0.666656198673939E+00  0.134649606472146E+00  0.733102309535654E+00 -0.962391667229242E+00 -0.122244342587023E+00 -0.242607913212217E+00
-0.270544403175736E-01 -0.194712671356575E+00  0.980487140595066E+00 -0.918319019983867E+00 -0.385433602253092E+00 -0.901726998047377E-01
 0.243745305913297E+00  0.419082913885971E+00  0.874618623820735E+00 -0.644582203327549E+00 -0.460679933568700E+00 -0.610153900225623E+00
 0.380834538310745E+00 -0.256502452652228E-01  0.924287357561205E+00  0.689716374767248E+00 -0.498986508491415E-01  0.722358253930389E+00
 0.240276207243112E+00  0.536599019814946E-01  0.969220284121314E+00 -0.590888625228604E+00 -0.803478706474254E+00  0.726126767025521E-01
 0.277178802799570E-01 -0.894859777826085E-01  0.995602319650309E+00  0.177521548111253E-01  0.268822197004425E-01 -0.999480968935146E+00
 0.590458410335921E-01  0.460384841685171E-01  0.997193083927130E+00 -0.990783017988150E+00  0.127093807192817E+00  0.468633699122145E-01
-0.182671256801664E+00  0.809517561597440E+00  0.557953877487948E+00  0.598827996199900E-01  0.917944597315990E+00  0.392162933699831E+00
 0.186431892374357E+00 -0.134545649037658E-01  0.982375755090162E+00 -0.465227189768490E+00 -0.835273265823339E+00 -0.293056706630179E+00
-0.252962387477901E+00  0.130288572489075E+00  0.958663089098688E+00 -0.477613001564096E+00  0.615912458055275E+00  0.626528263328354E+00
-0.230012127039405E+00  0.331102112003383E-01  0.972624354686370E+00  0.138346132388528E+00  0.137157888354163E+00 -0.980840487192165E+00
-0.153914723348485E-01  0.221985778268487E+00  0.974928416257265E+00 -0.417126209431341E+00  0.274673248131343E-01  0.908433416092259E+00
 0.238235970118079E+00 -0.808193353492952E-01  0.967838755979319E+00  0.859982549431356E+00 -0.411063563981948E+00  0.302418189003248E+00
-0.106647907104428E+00  0.199799884474531E-01  0.994096083873126E+00  0.413400914288118E-01  0.657627344780628E-02  0.999123490599734E+00
 0.306659723135481E+00 -0.257356910241457E+00  0.916366321378869E+00  0.358763099786479E-01  0.981435541666420E+00 -0.188406921147437E+00
-0.374448023778547E+00 -0.370270951437110E-01  0.926508322527952E+00  0.660744256539223E+00 -0.548557537383758E+00 -0.512349154024769E+00
-0.170586454501206E+00  0.245646582532319E+00  0.954231637513083E+00  0.181037071762189E+00 -0.217410081604416E+00 -0.959144637197401E+00
-0.117525700543748E+00  0.221267657924550E+00  0.968105538290266E+00  0.222608748159651E+00  0.275577217728574E-02 -0.974903970123468E+00
 0.217251136235046E+00  0.193498799036130E-01  0.975923934511444E+00  0.927052363567343E-01  0.286178697945889E+00  0.953681022142120E+00
-0.372963584340123E+00  0.179890558321379E+00  0.910240381318578E+00  0.766766085357106E-01  0.361471389480452E+00  0.929225017038679E+00
-0.839154795697194E-01 -0.336509667359422E+00  0.937933598962227E+00  0.527744428174780E+00  0.827099855916787E+00 -0.193369198356164E+00
-0.257634574168092E+00  0.202749857881217E+00  0.944731137055603E+00  0.195812285212079E+00  0.968416288782603E+00  0.154361396017765E+00
-0.151560292243815E+00  0.432010170061529E-01  0.987503493636657E+00 -0.593719852662615E-01  0.409383128723014E-01  0.997396120859066E+00
 0.697310537777917E-01  0.437859754111885E-01  0.996604419263897E+00 -0.492426100291226E+00 -0.869286050144905E+00 -0.431079896938404E-01
 0.982985003868375E-02  0.785339038637856E+00  0.618987858071210E+00 -0.167547586071964E-01  0.989031651599458E+00  0.146750366944902E+00
 0.187054100293376E+00 -0.478527089983249E-01  0.981183408851249E+00 -0.145393255957703E+00  0.128871470479623E-01  0.989290009331431E+00
 0.325002735266566E+00 -0.187772024234136E+00  0.926884506820707E+00  0.741453303642031E+00 -0.499358218943424E+00  0.448205720280285E+00
 0.387727415597899E-01 -0.857983693309876E-01  0.995557790553658E+00  0.242114301035547E+00 -0.523564875483685E+00  0.816860138820485E+00
-0.115156797082015E+00 -0.416459013303734E-01  0.992473944740210E+00 -0.958180219160966E+00 -0.138678237653248E-01  0.285829234111309E+00
-0.154819136665552E+00  0.181922941969811E-01  0.987775316230358E+00 -0.167118513615109E+00  0.708544813941690E-01  0.983387535447465E+00
 0.385242387614250E+00  0.947248191513046E-01  0.917940908458722E+00 -0.715037740175388E+00 -0.103843056858837E+00 -0.691330347711632E+00
-0.752007097931954E-01  0.679411592118753E-01  0.994851170844939E+00  0.123938358429843E+00  0.277780668035314E+00  0.952615968675505E+00
 0.160612630499951E+00  0.221014435948958E-01  0.986770038618374E+00  0.765467302142960E-01  0.282616065692982E+00  0.956174020513902E+00
-0.447133718235552E+00  0.773454219324382E-01  0.891116784559096E+00  0.834175410097816E+00  0.522914582123231E+00 -0.175247610514458E+00
-0.435044732298301E+00 -0.224552206594721E+00  0.871958936769927E+00 -0.884565606368282E+00  0.790682819411126E-01  0.459664981069034E+00
 0.314354079324026E+00 -0.498930340245572E+00  0.807619977709059E+00  0.621256482346661E+00 -0.619595429095518E+00  0.479731057350047E+00
-0.255071930911074E+00  0.210405703214656E+00  0.943751953701841E+00 -0.202585783704777E+00  0.241319716626806E+00  0.949064694637768E+00
 0.263548669594819E+00  0.105147867275554E+00  0.958898339117450E+00  0.113293821124314E+00 -0.114676401971599E+00  0.986921391462309E+00
 0.122364998280831E+00  0.237816773724653E+00  0.963571475984491E+00 -0.578708700258081E+00 -0.608901098867737E+00 -0.542527134845128E+00
 0.322558957848453E+00  0.118618257754311E+00  0.939087550571858E+00  0.346428872493026E+00  0.204667082394280E-01  0.937852946978924E+00
-0.108262073789498E+00  0.201331963021482E-01  0.993918496550626E+00 -0.444318272562233E-01  0.533060997525071E+00  0.844909335753990E+00
 0.152270252446333E+00  0.545877667803645E-01  0.986830251835574E+00 -0.960123990588808E+00 -0.279372249040104E+00 -0.106333984264957E-01
-0.215084865731141E+00  0.134023543736299E+00  0.967355255455710E+00 -0.431054715413329E+00  0.902324395758716E+00  0.158654927517092E-02
-0.300616564747973E+00 -0.189079998877072E+00  0.934814652764800E+00  0.311621299416256E+00  0.109860596128050E+00 -0.943834103626540E+00
-0.557109475203371E-01 -0.724144406275697E-01  0.995817472790562E+00  0.816954050507029E+00 -0.576484245524056E+00  0.158743195986400E-01
 0.229988343218364E-01 -0.549800333382893E-01  0.998222545104025E+00  0.102501209652750E+00  0.132150615516332E-01 -0.994645094577915E+00
-0.185378354815236E+00 -0.375139774750392E-01  0.981950898497475E+00 -0.886757576779092E+00 -0.108825927448135E+00  0.449241491338373E+00
 0.471224321906786E+00  0.288176754921611E+00  0.833607699320453E+00 -0.735803766513987E+00 -0.203110279744639E+00 -0.646017825950557E+00
 0.279349423271359E+00  0.987464157648966E-01  0.955098447853175E+00 -0.414366812878228E+00 -0.187322413941869E+00 -0.890623634101482E+00
-0.275838499266832E-01  0.329388627359203E+00  0.943791430025534E+00 -0.320236307471247E+00 -0.234065129057496E+00 -0.917966351636311E+00
 0.968747482214909E-01 -0.290412726720381E+00  0.951985152886250E+00 -0.584180375740964E+00  0.582965991726435E+00 -0.564698097295856E+00
-0.675416956788211E-02  0.280656319783731E+00  0.959784565076403E+00 -0.158745868524541E+00 -0.712712975617245E+00 -0.683256879667670E+00
-0.284203138167790E+00  0.953987491085994E-01  0.954006108431227E+00  0.101055403164241E+00  0.203673835344182E-01 -0.994672295371332E+00
-0.112189765477510E+00 -0.705175724630204E+00  0.700100459872987E+00 -0.146206916729245E+00 -0.956593031489222E+00  0.252097817536743E+00
 0.280465363993964E+00 -0.367387231404076E+00  0.886772688912430E+00 -0.819007199441325E+00  0.525471410882286E+00 -0.230449568471407E+00
-0.433690776882921E-01  0.404346851241730E+00  0.913576897141869E+00 -0.486387721972848E+00  0.862862067754900E+00  0.137462852959636E+00
-0.194576037168089E+00 -0.603888072225952E-01  0.979026740044517E+00 -0.366576347046534E+00 -0.157335887907933E+00  0.916988113424728E+00
-0.159175570979591E+00  0.320383439024839E+00  0.933818820543867E+00 -0.111598776846709E+00  0.771292787632124E+00  0.626620418397762E+00
-0.587732424975529E-01 -0.242335161179992E-01  0.997977175421804E+00 -0.206502240471342E-02  0.685138428611949E-02  0.999974396780154E+00
-0.384707208736228E-01 -0.240774805255847E+00  0.969818280292485E+00  0.169726418309529E+00  0.434993709309170E+00 -0.884292607562264E+00
 0.299035974006709E-01 -0.197582224538704E+00  0.979830107421096E+00 -0.128925986091703E+00  0.525352100423785E+00 -0.841060794883818E+00
-0.116123647632822E+00  0.169391505938266E+00  0.978683716108741E+00 -0.224172221592679E+00 -0.805117350479508E+00 -0.549120084337715E+00
 0.202734788023335E+00 -0.120769278670116E+00  0.971757884997407E+00  0.522942346186308E-01 -0.422283807428768E+00  0.904953976182830E+00
 0.201055969561848E+00  0.335609008377570E-02  0.979574006271550E+00 -0.108715503688031E+00  0.161676312491518E+00 -0.980837249107620E+00
 0.795979525286917E-01 -0.311781142542437E+00  0.946813965416740E+00 -0.293853084873442E+00 -0.528024291234015E+00  0.796768920313273E+00
-0.117195718990754E+00 -0.480312677381683E+00  0.869232359842108E+00 -0.341536881931953E+00 -0.886525587787082E+00  0.312129685353649E+00
-0.258045290653310E+00  0.149290715383339E+00  0.954528632505060E+00  0.328709723432449E+00 -0.231322630788673E+00 -0.915663561689538E+00
 0.132203461475620E-02 -0.351145402510259E+00  0.936320008608374E+00 -0.561064617204722E-01 -0.802363251059189E+00  0.594192963861857E+00
-0.427351827875346E-01  0.568984583818363E+00  0.821237022746271E+00 -0.173782562825238E+00 -0.900075842959878E+00 -0.399578650302988E+00
 0.312118665488413E-01 -0.107095344320255E+00  0.993758726558647E+00  0.952676553764710E+00 -0.301918545501035E+00 -0.353917474778462E-01
 0.348259315207517E+00 -0.181665884807955E+00  0.919626530537334E+00  0.842005464469062E+00 -0.504084678417913E+00  0.192159919828635E+00
 0.275836923746848E+00 -0.427145830368488E+00  0.861080966632459E+00 -0.733452439947581E+00  0.558588686489346E+00 -0.387332154179132E+00
 0.350358456020910E-01 -0.334676026242736E+00  0.941681712141272E+00  0.110001338346368E+00  0.913397318936885E+00 -0.391924792939816E+00
-0.267583066897657E+00 -0.148363560387087E-01  0.963420564888012E+00 -0.270997178019416E+00  0.419934265634621E+00  0.866149953559674E+00
-0.474350612787732E+00 -0.454527700089144E+00  0.753920463974533E+00  0.753390092317564E+00  0.651423258742494E+00 -0.897279597842391E-01
-0.398812382536217E+00  0.852885998010520E-01  0.913057795695191E+00  0.990978627194663E+00  0.119442416859922E-01 -0.133486686729158E+00
 0.284537898983467E+00 -0.167191003663825E+00  0.943973173525581E+00  0.182082850381420E+00 -0.521392638880850E-01  0.981899858823794E+00
 0.425322745190334E+00  0.992619721889073E-01  0.899581915836978E+00  0.615160421604016E+00  0.769666962079979E+00  0.170852050542409E+00
-0.972868047060636E-01  0.138347012380292E+00  0.985593923375916E+00 -0.375991880587669E+00  0.913472414960817E+00  0.155557876167687E+00
 0.748144808138338E-01  0.916782344886754E-01  0.992974266928200E+00 -0.516091035302219E+00  0.648082498624093E+00  0.560034925926799E+00
 0.320778993041160E+00  0.165889887851830E+00  0.932513475898341E+00  0.452226468539097E+00  0.584987533886631E+00  0.673261320996457E+00
-0.638707493120415E+00 -0.170605000315300E+00  0.750297722307119E+00  0.514738278558778E+00  0.814904135975118E+00 -0.266412750740260E+00
 0.165407831022007E+00  0.168293381314966E+00  0.971760046123615E+00  0.122375247709969E+00 -0.238135070091826E+00 -0.963491560492506E+00
-0.501871267860360E+00  0.327601435963697E+00  0.800501423890526E+00  0.725655915794760E+00 -0.565619608556068E+00 -0.391788144650842E+00
 0.133507228399728E+00  0.165209886610606E+00  0.977180389350469E+00 -0.426977374401376E+00  0.377661412103549E-01 -0.903473320207845E+00
-0.241334242293102E+00  0.346343384200567E+00  0.906534083042283E+00 -0.742125646205734E-01  0.751802130727475E+00  0.655199245639115E+00
-0.183555823481061E+00  0.347947309578705E-01  0.982393295154114E+00 -0.299127982793624E+00  0.323028877433087E+00  0.897872370804524E+00
-0.435234359245771E+00  0.422598922647788E+00  0.794972454308231E+00  0.873433096429256E+00 -0.457953174299611E+00 -0.165509867412525E+00
 0.245039390163831E+00  0.260871569391630E-01  0.969162090421911E+00  0.279233870754051E+00 -0.797852426178738E-01  0.956902691230470E+00
-0.860742169635388E-01  0.239376201300056E-01  0.996001114214550E+00  0.127275013609666E+00 -0.907951408323689E-01 -0.987703049155914E+00
-0.453359044891028E-01 -0.208683805050989E+00  0.976931791515455E+00  0.187746158317633E+00 -0.574134793256768E+00  0.796944552154652E+00
 0.204605226565009E-01  0.594757230394592E-01  0.998020042575076E+00  0.402029438442425E+00 -0.778327676131816E+00  0.482263785902400E+00
-0.581363762018549E-01 -0.386405079757445E+00  0.920495125516566E+00  0.847943778881950E-01 -0.331026391361054E-01  0.995848446682917E+00
 0.124815805459509E+00 -0.237545865326204E+00  0.963323920897804E+00  0.216836326705714E-01 -0.275539723203092E+00 -0.961045098323367E+00
 0.354710396144750E+00 -0.466356708040396E+00  0.810365322390192E+00 -0.671506428798432E+00  0.569365328296473E+00 -0.474238588704279E+00
-0.141822800501370E+00 -0.199454345248090E+00  0.969589736651335E+00  0.836695519844552E+00  0.455577869586304E+00  0.303956266287208E+00
-0.324437701600083E+00  0.603079019826792E-01  0.943982592391885E+00  0.524085000317334E+00  0.282117975814064E+00 -0.803582204982760E+00
 0.122401024792452E+00  0.166703974997488E+00  0.978380178585909E+00 -0.965263459704675E+00 -0.258096272038036E+00  0.406542460147688E-01
-0.127474213331514E-01 -0.197882660994218E+00  0.980142824147176E+00 -0.206169941448861E-01  0.510732904123464E-01 -0.998482077234682E+00
 0.420240947958087E-01  0.212678971723564E+00  0.976218024031108E+00 -0.394570339942571E+00  0.329679090071844E+00  0.857686390475566E+00
 0.692780662666401E-01  0.794295252062661E-01  0.994430238910635E+00  0.402872564477041E+00 -0.444324128295019E+00 -0.800168585865856E+00
 0.433447329243013E+00 -0.110927544706217E-01  0.901110627820111E+00 -0.272769614147527E+00 -0.593718217912233E-01 -0.960245658347384E+00
 0.103061367299779E+00  0.111263299724065E+00  0.988432512974362E+00  0.603074308962079E-01  0.146555585150662E-01  0.998072256093370E+00
 0.257271932079884E+00  0.233242240835236E+00  0.937768206996826E+00 -0.517482356098266E+00 -0.527740309392958E+00 -0.673574180746867E+00
 0.165218570316414E+00  0.245373445346829E+00  0.955245882661227E+00  0.247750486790959E+00  0.459640602812118E+00  0.852848293978100E+00
-0.366640440670226E+00  0.498992739238591E+00  0.785226740153639E+00  0.616782380953212E+00 -0.487188589409440E+00 -0.618244913359525E+00
-0.603663667566389E-02 -0.374339742918760E+00  0.927271975144921E+00  0.447660963074135E+00  0.885930962364401E+00  0.121350698653218E+00
 0.278348792820483E+00  0.116231992510449E+00  0.953421246591679E+00  0.824648343234992E+00  0.113090115177176E+00  0.554225347533831E+00
 0.100903102366577E+00  0.140908885167992E+00  0.984867123023971E+00 -0.678338438994593E+00 -0.700402447187242E+00 -0.222021111961234E+00
 0.292095840125362E+00  0.342421728746733E-01  0.955775859591714E+00  0.649507155027936E+00 -0.213021350575030E+00  0.729905719779415E+00
-0.222468700582610E+00 -0.130134478377334E+00  0.966215656465235E+00 -0.566937430549751E+00  0.279095312004378E+00  0.775040487109432E+00
-0.160134698654342E+00 -0.176433294591907E+00  0.971199346605180E+00  0.701486160486354E+00  0.226807172199633E+00 -0.675629834513633E+00
-0.860427565546060E-01  0.298588017324839E+00  0.950495575978398E+00 -0.447301485956167E+00  0.854797217027140E+00  0.263140833821097E+00
-0.623830637804591E-01 -0.494204004673292E+00  0.867104812071899E+00 -0.122349800952223E+00 -0.846425881857421E+00  0.518260313673389E+00
-0.229528751044344E+00 -0.385926574252326E-01  0.972536456507869E+00 -0.632702959819405E-01  0.931492794183422E-01 -0.993639814716682E+00
-0.368221456108532E+00  0.344202636982077E+00  0.863676735796384E+00  0.907973914307243E+00 -0.582725179495233E-01 -0.414955039238477E+00
-0.553537886174557E-01 -0.161083788132084E+00  0.985387218958472E+00  0.397346599173552E+00  0.682265207372673E+00 -0.613701773611529E+00
-0.192720641353760E+00  0.407789814745206E-01  0.980405951158037E+00  0.422566897184807E+00 -0.182959061584373E+00 -0.887672912275558E+00
-0.401374524831627E+00 -0.203972418685864E+00  0.892913065886945E+00  0.950407364769027E+00 -0.157840297498157E+00 -0.267978136194891E+00
-0.153199646603233E+00 -0.569296094554846E-02  0.988178859557478E+00 -0.596614960011392E-01  0.126438122888322E+00 -0.990178724764062E+00
-0.301659954569893E+00 -0.230388895787483E+00  0.925160650107166E+00 -0.753309014469194E+00 -0.120746222782464E+00  0.646487338161559E+00
-0.103749365932195E+00 -0.153865490979283E-01  0.994484450947085E+00  0.380439161481762E+00  0.433506924985831E+00 -0.816907455223897E+00
-0.307232175655707E-02  0.408038297403260E+00  0.912959642421982E+00  0.789618716860371E-01 -0.961865321869904E+00 -0.261878073545578E+00
-0.982523707161658E-01 -0.117447915343467E+00  0.988206688314811E+00 -0.463963102489650E+00 -0.322293950831110E+00  0.825145350096486E+00
-0.231074443626108E+00 -0.354398690087197E+00  0.906093907918690E+00 -0.667277484053615E+00 -0.478092126705491E+00  0.571111790858233E+00
-0.761451559747063E-01  0.332178114267217E+00  0.940138083274719E+00 -0.274432085286960E-01 -0.947676316734101E+00 -0.318051047800410E+00
 0.367431507905923E+00 -0.189449908541144E+00  0.910550832821393E+00  0.893073901515110E+00 -0.893118302403141E-01  0.440956237524433E+00
-0.278575601376733E+00 -0.638342456328507E-01  0.958290573574673E+00  0.950504181322647E+00 -0.259825076286532E+00 -0.170389938144429E+00
 0.829908152642091E-01 -0.211415932862355E+00  0.973866432275865E+00 -0.209300270130900E+00 -0.131393320219026E+00  0.968983587231978E+00
-0.103343351035804E+00  0.168435677022890E+00  0.980280355052845E+00 -0.108984623661540E+00 -0.403049882018282E+00 -0.908665584475610E+00
-0.230783608954469E+00  0.165978049119050E+00  0.958744081102244E+00  0.182335528974932E+00 -0.324679511285787E+00 -0.928082415426913E+00
 0.239206024804888E-01 -0.138292544158735E-01  0.999618205366064E+00  0.302601743055138E+00 -0.202663375505900E-01 -0.952901600723956E+00
 0.352501310886172E+00  0.254997058884768E+00  0.900399536752240E+00 -0.473522348269235E+00 -0.693499991416385E+00 -0.542986507746798E+00
-0.694132797358328E-02  0.209058941651679E+00  0.977878405979722E+00  0.589908470757970E-01 -0.774376984537874E-01 -0.995250462355813E+00
 0.287293494097083E+00  0.213419790148449E+00  0.933763589685570E+00 -0.967487914824786E-01 -0.489098917923838E+00  0.866845960844492E+00
 0.118873610901236E+00 -0.244025813587211E-01  0.992609479430019E+00  0.625915935002234E-01 -0.407679406205815E+00 -0.910977384010589E+00
-0.486469508332303E-01  0.219326090241601E+00  0.974438063867562E+00  0.646086090278955E+00 -0.380511759966451E+00 -0.661652147638990E+00
 0.737366042444616E-01  0.164703204221441E+00  0.983583126997249E+00 -0.189912510116267E+00 -0.144632845583086E+00 -0.971089377184139E+00
 0.122948489411641E+00  0.718376995854338E-01  0.989809584652355E+00 -0.314963972965734E+00 -0.805068549874149E+00 -0.502655275250519E+00
 0.243379117363956E+00  0.725467008264158E-01  0.967214340997043E+00 -0.592654265368150E+00  0.340407612278506E-03  0.805456892616604E+00
 0.203301797471932E+00  0.170151431122330E+00  0.964218268667268E+00 -0.445635095309672E+00 -0.227583403212660E+00  0.865803185724379E+00
 0.236941930603449E+00 -0.164705850623003E+00  0.957460445288714E+00 -0.806426356568096E+00 -0.160013087398153E+00 -0.569273522389385E+00
 0.193520835751420E+00 -0.939276523802701E-01  0.976589618134661E+00 -0.522190629600248E+00 -0.229148577065701E+00 -0.821466904985503E+00
 0.171980150990550E+00 -0.180997382966316E+00  0.968329889564818E+00 -0.993000210856678E+00 -0.116481914606742E+00  0.195587527245770E-01
-0.248618126689218E+00 -0.619976506157320E+00  0.744189598754583E+00 -0.647096856491466E+00 -0.761555488934095E+00  0.360401941339700E-01
 0.257397283568345E+00  0.345834413444395E-02  0.966299476491364E+00 -0.137763099984136E+00  0.148362819532796E+00 -0.979290458476462E+00
-0.416926977857737E-02  0.720112828167900E-01  0.997395103425214E+00  0.704961248404708E+00  0.780688808992756E-01  0.704936087941886E+00
-0.144329829803947E+00 -0.745528674829761E-01  0.986717168280166E+00  0.196990186868615E+00  0.272958101011879E+00 -0.941641514255535E+00
 0.513208212079023E+00  0.254098988990011E+00  0.819787188756270E+00  0.819309111787422E+00  0.309947088753807E+00  0.482354000206430E+00
-0.742070823679986E-01  0.449502307970978E+00  0.890191543464210E+00  0.210359451729707E+00  0.963448384824664E+00  0.165879808435877E+00
-0.122154343655342E+00  0.173607663892545E+00  0.977209647600711E+00  0.912056140388830E-01 -0.715498564616111E+00 -0.692635069860078E+00
-0.187071701894696E+00  0.258520157877532E+00  0.947719107289284E+00  0.436064444231267E+00 -0.747113170005881E+00 -0.501666933015362E+00
 0.635897475008946E-01 -0.864201202476728E-01  0.994227291331892E+00  0.601309485259171E+00 -0.666942157222121E+00  0.440017115413998E+00
 0.319079292998034E+00  0.380425290081305E+00  0.868023619175440E+00  0.633612544373474E+00  0.744810189602040E+00  0.209267592038390E+00
-0.590204512218604E+00  0.764618729628719E-01  0.803624424554038E+00 -0.679645001254209E+00  0.169479603690773E+00  0.713694147519079E+00
 0.323611699083986E-01 -0.191642408021034E+00  0.980931160749856E+00  0.159321078579690E+00  0.142581287572974E+00  0.976876333193837E+00
 0.259148233396257E+00 -0.113890344875924E+00  0.959099151533168E+00  0.571842282179270E+00 -0.276533682913356E+00  0.772350649981198E+00
 0.144236257765382E+00 -0.187383392251905E+00  0.971639524851684E+00 -0.323955002313069E-01  0.216832489710252E+00 -0.975671155139280E+00
-0.923685451274717E-01 -0.561249187806300E-01  0.994141863801592E+00  0.380048613282075E-01 -0.113601815832993E+00  0.992799203240449E+00
-0.529240214152334E+00 -0.425650171256633E+00  0.733980059288527E+00  0.910294713302263E+00  0.154539043805356E+00 -0.384032835671218E+00
-0.218652395018019E+00  0.227868585697630E+00  0.948824028893159E+00  0.143265325363295E+00 -0.288124177538582E+00 -0.946815454492725E+00
 0.740592100914454E-01  0.615869217556873E-01  0.995350332530858E+00 -0.414601590448373E+00  0.908683108489601E+00  0.489951991868205E-01
-0.840294716095676E-02  0.283564328714716E+00  0.958916399880398E+00  0.120902953056342E+00  0.453428272722636E+00  0.883054515552705E+00
 0.288153668017970E-01  0.943486857472741E-01  0.995122103127973E+00 -0.283616286897815E+00  0.346091407578638E+00  0.894305618570370E+00
-0.180605326493534E+00  0.196782526774686E-01  0.983358776039409E+00  0.407200299980815E+00 -0.297878027527245E+00 -0.863398283767122E+00
-0.580704008929811E-02 -0.663318155411064E-01  0.997780721668054E+00 -0.178368155966351E+00 -0.145398698974428E+00  0.973161866943885E+00
-0.168022239568694E-01  0.228170075318116E-01  0.999598454099143E+00  0.420654853033661E+00 -0.367338893933728E+00 -0.829524943339725E+00
 0.164984173943087E+00  0.138935506565258E+00  0.976461544231913E+00 -0.307637390479634E-01  0.563652401701557E-02 -0.999510791315829E+00
-0.187907795576650E+00  0.149530423663066E+00  0.970737509711388E+00 -0.186388317084107E+00  0.103774024608716E+00  0.976980218362206E+00
-0.201009402634480E+00  0.302850402338390E+00  0.931599084293241E+00 -0.394849822492774E+00  0.637266362275593E+00  0.661804503754286E+00
 0.460372090058222E+00 -0.416826220373110E-01  0.886746918638863E+00 -0.902461950745877E+00 -0.228252653782533E+00 -0.365326092001622E+00
 0.769164558059341E-01 -0.324015284071830E+00  0.942919908854461E+00  0.482203535249431E+00  0.589369228206406E+00 -0.648169471231356E+00
 0.136729819936396E-01 -0.290598490661551E+00  0.956747389224883E+00  0.189246025059104E+00 -0.594287725503063E+00  0.781670033528039E+00
-0.406901490223228E-01  0.390338061142966E-01  0.998409071349401E+00 -0.152738142175528E+00 -0.647090908228696E-01 -0.986145929104636E+00
-0.125987712143219E+00  0.218117283027822E-01  0.991791986707577E+00  0.569754193207258E-01  0.154281210248785E+00  0.986382841374178E+00
 0.445184754686227E+00 -0.105602103831966E+00  0.889189929014733E+00 -0.309235845822415E+00  0.933998014990946E+00 -0.178943844966702E+00
 0.316391390872151E+00 -0.641960910027667E-01  0.946454092749326E+00  0.969527399934050E+00 -0.228801008902894E+00 -0.875598030042287E-01
 0.824675836242232E-01  0.347464823834645E+00  0.934059577248015E+00  0.937663437269710E-01  0.484770588645231E+00  0.869600683744344E+00
-0.252684473150537E+00  0.444162441520334E+00  0.859575640982998E+00 -0.331187735946344E+00  0.912465090194825E+00  0.240254329273136E+00
-0.278072057112767E-01 -0.437524406574361E+00  0.898776475527861E+00  0.578034373724350E+00  0.704929099033572E+00 -0.411036772234327E+00
-0.110139332556933E+00 -0.177089793983326E+00  0.978012541990570E+00 -0.425809902401340E+00 -0.834089847195485E+00  0.350685120617306E+00
 0.200533625115976E+00  0.299524252542391E+00  0.932776225756621E+00 -0.303533843756268E+00 -0.179687124060169E+00 -0.935724181124722E+00
 0.116584256340817E+00  0.287414464996172E+00  0.950684509437501E+00  0.102967039900144E+00  0.535981746088054E+00  0.837926820524682E+00
 0.284053892397649E-01  0.121448381293690E+00  0.992191223778602E+00  0.966561703670462E+00 -0.240651492647271E+00  0.885738792437961E-01
 0.129793546434792E+00  0.149525468173236E+00  0.980201902503486E+00  0.223581604112583E+00 -0.348382020734397E+00 -0.910297332705893E+00
-0.190196279925396E+00 -0.150670391148137E+00  0.970115358260969E+00 -0.254842912475560E+00 -0.391949069889487E+00  0.883985868989850E+00
-0.258276290112601E+00 -0.156397891059536E+00  0.953327361213241E+00 -0.618621735493511E+00  0.203760781537394E+00  0.758807414488200E+00
-0.155909318573960E+00 -0.547269311684025E-01  0.986254149490228E+00  0.383340509504199E+00  0.776810316669330E+00 -0.499615637954974E+00
 0.568077964371374E+00 -0.292789775370362E+00  0.769130401059696E+00 -0.765307633254893E+00  0.541665657035407E+00 -0.347710429050085E+00
-0.734235731830821E-01  0.325949892783729E+00  0.942531509444275E+00  0.657434652466133E+00 -0.737999329475452E+00 -0.152107420695108E+00
 0.190765077677069E+00 -0.111418025698021E+00  0.975292114542314E+00  0.532157702367864E-01  0.345988788152453E-02  0.998577043083784E+00
-0.172454797748228E+00  0.314659501826751E+00  0.933407060528127E+00  0.150133963698172E+00  0.261224209827459E+00  0.953531176807710E+00
 0.372782603142790E+00 -0.272315993298936E+00  0.887060950886521E+00 -0.530912170592226E+00  0.637893638349263E+00 -0.557874513910244E+00
 0.344689216904368E+00  0.949030734638488E-01  0.933907249354543E+00  0.811156650516172E+00  0.128329615880898E+00  0.570575497205450E+00
 0.751407382297872E-01 -0.295687988662148E-01  0.996734445874071E+00  0.287285157251407E+00 -0.800551187516373E+00  0.525913523869809E+00
 0.321833373674988E-01  0.224386449118517E+00  0.973968661840756E+00 -0.325423401065413E-03 -0.339439205131584E+00 -0.940627939261453E+00
-0.122993142973080E+00 -0.243910456325691E+00  0.961966930864360E+00 -0.292005325571963E+00 -0.950722133270601E+00 -0.104212835807347E+00
-0.243131227211898E-01  0.546064865259617E-01  0.998211903201337E+00  0.653798296310509E-02 -0.227298803414490E-01 -0.999720264533253E+00
-0.584112388856205E+00 -0.418100914434574E-01  0.810595234033723E+00  0.931604295477022E+00 -0.530206553678627E-01 -0.359586216022143E+00
-0.362481962136728E+00 -0.106373987857218E+00  0.925900319598638E+00  0.447704396404012E+00  0.180910419612139E+00 -0.875689553161552E+00
 0.262869535900558E+00 -0.255828411420751E+00  0.930296421042971E+00  0.710659173960172E+00  0.440414586731423E+00  0.548633329520214E+00
-0.247759170242677E+00 -0.186355115529279E+00  0.950729806241883E+00  0.107342834533790E+00  0.594351204423522E-03 -0.994221888021430E+00
-0.391033253228334E+00 -0.228468255335990E+00  0.891568982846193E+00 -0.951257421421554E+00 -0.245609498210245E+00  0.186508156870760E+00
-0.346105489763239E+00  0.811288737649793E-01  0.934681280328955E+00  0.459433068283827E-02  0.111189722263561E+00 -0.993788578012712E+00
 0.114698419959627E+00  0.351986499105802E+00  0.928950901235370E+00  0.244127785962992E+00  0.877276671026872E+00  0.413264160789219E+00
 0.779647019377856E-01  0.390063988325703E+00  0.917481111665629E+00  0.303231660617119E-01 -0.951362913984595E+00 -0.306576436626715E+00
-0.115014259462912E+00 -0.326735011734227E+00  0.938091654491837E+00  0.420165080449317E-01 -0.993487340092659E+00  0.105912785476177E+00
 0.207246816497011E-01 -0.333051004739794E+00  0.942681025486528E+00  0.336206976452788E+00 -0.930311918845514E+00  0.146576269015320E+00
-0.231295276715847E+00 -0.196995489664984E+00  0.952730429880663E+00  0.347401884248167E+00  0.314802074717835E+00 -0.883295864687574E+00
 0.827642451615832E-01 -0.294924413270966E-01  0.996132659653021E+00 -0.232359338488498E+00  0.328400209143161E-01 -0.972075445036822E+00
 0.158068428696271E+00  0.106079790219825E+00  0.981713527438840E+00  0.106420985229371E+00  0.268205720067843E+00  0.957465542787676E+00
-0.195957922046895E+00 -0.266256985570709E+00  0.943773124443508E+00  0.264923733780329E+00  0.530752412853742E+00 -0.805057321890697E+00
-0.169705991324169E+00 -0.141779631463380E+00  0.975242745479703E+00 -0.415966821470937E+00 -0.106900893334657E+00  0.903074638354781E+00
 0.277366404981499E-02  0.196926574322491E+00  0.980414316048755E+00 -0.229389699505172E+00 -0.813239320362157E-01  0.969931329445078E+00
 0.542124522702977E-02 -0.101907609964184E-02  0.999984785676308E+00 -0.105214751314193E+00  0.168403591693044E+00  0.980086774939227E+00
-0.200190964137757E+00 -0.565012951090013E-01  0.978126362761275E+00 -0.835732961736112E+00 -0.166256860145506E+00  0.523363232489964E+00
-0.225153218783457E+00 -0.227210380681295E+00  0.947460537955070E+00  0.461364649639727E+00  0.160445037466103E+00 -0.872582402994303E+00
 0.259964737565102E+00 -0.179521554634253E+00  0.948783614236886E+00  0.576741037605833E+00 -0.645503636827834E+00  0.500694348263875E+00
-0.386550091053739E+00 -0.635467178258237E+00  0.668401445587052E+00  0.667876872851328E+00  0.671172337863747E+00 -0.321664694358650E+00
-0.262758317663332E+00  0.440400185505777E+00  0.858490386146061E+00  0.232923804912654E-01 -0.925259964037606E+00 -0.378617833653115E+00
-0.951761379130791E-01  0.296087994791935E-01  0.995020010736142E+00 -0.423990618508787E+00  0.529363945051065E-01  0.904118185611447E+00
-0.102737781329034E+00  0.572822152335232E+00  0.813215672550413E+00 -0.115573010142463E+00  0.797870831828587E+00  0.591646021742536E+00
 0.155379982868443E+00 -0.294008515468979E+00  0.943088571532669E+00  0.116904264312618E+00  0.886199791308751E+00 -0.448311635884962E+00
 0.117819415025338E+00  0.627258535425980E-01  0.991051992955183E+00  0.363943132365809E+00  0.918717526852080E+00 -0.153308519849878E+00
 0.103393594292756E+00  0.111411437990557E-01  0.994578121403278E+00 -0.960792641889650E+00 -0.253461417218281E+00 -0.112404667484970E+00
 0.536728429729489E-01  0.508951614280322E+00  0.859120178001108E+00  0.912642295698326E+00  0.393495736602112E+00  0.110657784987998E+00
 0.491434007182891E+00  0.616544055654717E-01  0.868729734070692E+00  0.836352711628273E+00 -0.639056930120027E-01  0.544454042277849E+00
 0.122491493196509E+00  0.169757908476040E-01  0.992324370666965E+00  0.432009830859661E+00 -0.413822016279683E+00  0.801323183792173E+00
 0.871814346914195E-01  0.190467235536523E+00  0.977814721525617E+00  0.728993892043591E-01 -0.169131804414812E+00 -0.982893743895555E+00
-0.283668622759412E-01 -0.154234722280196E-01  0.999478582876616E+00  0.111423084853948E+00 -0.667603073511641E+00 -0.736132482912852E+00
-0.524386537092614E-01 -0.254459617584302E-01  0.998299900143914E+00  0.952045446001894E+00 -0.305106166627997E+00  0.227968382154894E-01
 0.152991942250174E+00  0.377643887767038E+00  0.913224265796040E+00 -0.841837620466745E-02 -0.561189041209590E+00 -0.827644845914199E+00
-0.290996737571913E+00  0.310340391770766E+00  0.904991568998336E+00  0.376060337581797E+00 -0.498046500475038E+00 -0.781363107564232E+00
 0.230277639556838E+00  0.259808235412733E-01  0.972778086476175E+00  0.737623422114838E+00 -0.490183201862063E+00  0.464362052454602E+00
-0.143686175680964E-01  0.545200130636411E-01  0.998409290323724E+00  0.237556611535217E+00 -0.923595532905141E+00 -0.300895576427397E+00
-0.141396510058069E+00  0.183656938260854E+00  0.972767781113276E+00  0.467240590470429E+00 -0.851282459470029E+00 -0.238755952418999E+00
 0.445496793885576E+00  0.226287607607216E+00  0.866213902729040E+00  0.993200084912256E+00 -0.739383752586580E-01  0.899261252050693E-01
-0.223748910691148E+00 -0.216271906987089E-01  0.974406839870804E+00 -0.917781204782857E+00 -0.389277545620941E+00 -0.783623163431519E-01
 0.232772494462601E+00 -0.842356875614753E-01  0.968876315513339E+00  0.966399649282639E+00 -0.252336509210650E+00  0.489694188833698E-01
-0.344847514270648E+00  0.478000840120941E-01  0.937440848197790E+00  0.974423356813346E+00  0.210253043766476E+00 -0.793270400528238E-01
-0.330379249598894E+00  0.511009102516919E-01  0.942463924193346E+00  0.979496901979658E+00  0.154750958084156E+00 -0.128988216455178E+00
-0.569171954003420E-01  0.972709990591989E-03  0.998378428604622E+00  0.457699154989085E+00 -0.707513854047394E+00  0.538456711215749E+00
 0.387849916322160E+00 -0.904831788261794E-01  0.917270536296900E+00  0.735826907455977E+00 -0.123878492452850E+00  0.665742353595881E+00
 0.181121596235726E-01  0.250208738505494E+00  0.968022487780764E+00  0.118738899926280E+00  0.455929907165271E+00  0.882059518057916E+00
-0.224610272540397E+00 -0.232769126205038E+00  0.946239271725218E+00 -0.303342798648889E+00 -0.952468199265266E+00 -0.280620009308234E-01
 0.268952833097159E+00 -0.145397932582903E+00  0.952115441934238E+00  0.654702339370078E+00 -0.727148318296496E+00  0.206446530660909E+00
-0.153968391991854E+00  0.283084851337740E+00  0.946655534611472E+00 -0.777615088093602E-02  0.409659950405025E+00  0.912205161414706E+00
-0.261836340592280E+00 -0.920689794989001E-01  0.960710692018817E+00  0.807655188854458E+00  0.455417690402952E+00 -0.374550161105973E+00
-0.320314052880982E-01  0.113063776106378E+00  0.993071282239013E+00  0.956211662778089E-01 -0.165012824398034E+00 -0.981645231406874E+00
-0.179536206320028E+00 -0.177691389417172E+00  0.967570421595869E+00 -0.479060830589330E+00 -0.302217476950718E+00  0.824114868947651E+00
 0.569685208885440E-01 -0.249800581241471E+00  0.966620016986610E+00 -0.394960610066192E+00  0.645074424365391E+00 -0.654129271265092E+00
 0.822834806088253E-01 -0.230990741968892E+00  0.969470322363484E+00 -0.413144949156141E-01 -0.982958315450566E-01  0.994299271854673E+00
-0.378162882704084E-01 -0.700799028770503E-01  0.996824325322267E+00  0.325159434220828E+00  0.944596600850858E+00  0.448174519377989E-01
-0.278061309296381E+00 -0.268303012867303E-01  0.960188545654053E+00 -0.677837345049477E+00 -0.476499681603607E+00  0.559896943274330E+00
 0.180729698126073E+00 -0.277668451967049E+00  0.943523718301496E+00 -0.191511536146198E+00  0.383712289719284E+00 -0.903376007120683E+00
 0.199646797768166E-01 -0.212983223267311E+00  0.976851860912429E+00  0.276254192834592E+00  0.652973923816514E+00 -0.705201159781359E+00
-0.229664384312800E+00  0.132092654931238E+00  0.964264383398785E+00  0.785595894680073E+00  0.358268800480517E+00 -0.504462641693185E+00
 0.166169911857405E+00 -0.347815491841519E-01  0.985483538284457E+00 -0.505288932161636E-01 -0.407694763516067E+00 -0.911719151247755E+00
 0.187120860466802E+00  0.323295797676032E+00  0.927612856089857E+00  0.475629012986381E+00  0.126562405745416E+00  0.870493537860870E+00
 0.347795721911479E+00  0.284493051919228E-01  0.937138609200459E+00 -0.973519456106415E+00  0.189347060921157E+00 -0.128091994686589E+00
-0.329756631415079E+00 -0.108255760911121E+00  0.937838607793118E+00  0.783275824475780E+00  0.161634021943578E+00 -0.600294449201498E+00
 0.116979626853625E+00 -0.683678031547606E-01  0.990778285184419E+00 -0.415886319913515E-01  0.202815693851076E-01 -0.998928948240246E+00
-0.304849537074859E+00  0.265230645971772E-01  0.952031137510543E+00  0.353911522097165E+00 -0.494498719664112E+00 -0.793862488581884E+00
 0.341023165269990E+00 -0.176824309185128E+00  0.923274804394899E+00  0.366862558159117E+00 -0.914936780265470E+00  0.168233621902414E+00
 0.535758548153435E+00 -0.279447135155240E+00  0.796788602286737E+00 -0.808849674860738E+00 -0.110619511497013E+00 -0.577516689935313E+00
 0.189571291463714E-01 -0.494751624442059E-01  0.998595431371307E+00 -0.103621187601047E-01 -0.240999444596749E+00  0.970469934721762E+00
 0.582921437613277E-01  0.180921022699442E-02  0.998297927842216E+00 -0.137080009114352E+00 -0.207699367635165E+00 -0.968540161162748E+00
 0.229366282188172E+00 -0.319319428556779E+00  0.919470614615469E+00 -0.819727747060042E+00  0.501496670483331E+00 -0.276672207122438E+00
-0.179906228167655E+00 -0.460654543543589E+00  0.869155417965703E+00 -0.566249363308818E+00 -0.822320469266595E+00  0.561311355445980E-01
 0.139565376232289E+00  0.808293936925746E-01  0.986908361942703E+00  0.339870706428534E+00 -0.449989647896614E+00  0.825831229548538E+00
-0.116787237335861E+00 -0.354342912652759E+00  0.927794072759800E+00 -0.730612169639563E-01 -0.751370547520689E+00  0.655823420513637E+00
-0.105454267957282E+00 -0.999036883416678E-01  0.989393071749204E+00 -0.528482171110001E+00  0.272358331719240E-01  0.848507397852423E+00
-0.164671620277883E+00 -0.180641026771042E+00  0.969665961515697E+00  0.288093780740401E+00 -0.706932506246665E-01 -0.954989234397341E+00
-0.193195879096760E-01  0.194880111538350E+00  0.980636780693953E+00 -0.379432865536007E-01 -0.283853012610493E+00 -0.958116785281136E+00
-0.136670108801316E+00  0.169255509774471E+00  0.976050128718408E+00 -0.603935763764100E+00  0.611392892274433E+00  0.511331912286899E+00
-0.228473463110854E+00 -0.201087660711748E+00  0.952556365452255E+00 -0.911361012521190E+00 -0.275955396631333E+00  0.305400923257275E+00
 0.714376976356786E-01  0.263370246473442E+00  0.962046136434751E+00  0.492415724125526E+00 -0.415531370342544E+00 -0.764761685033437E+00
 0.235023822725568E+00 -0.687305704518182E-02  0.971965309997386E+00  0.423354147824796E+00 -0.899384945423984E+00 -0.108986170977044E+00
 0.481952775057959E+00  0.111234249343214E+00  0.869107855439694E+00 -0.638960895685569E+00 -0.250217106205188E+00 -0.727406608127117E+00
-0.553299514261827E-01 -0.615738147281410E-01  0.996567740705568E+00 -0.746554859433009E+00  0.705101703576834E-01 -0.661577023280805E+00
 0.691460838452237E-01 -0.983365105562286E-01  0.992748079716347E+00 -0.168608213118480E+00 -0.131959011669805E+00 -0.976810160526661E+00
 0.440994617611137E+00  0.984218668626324E-01  0.892096902450223E+00 -0.772551151112629E+00 -0.513377079718884E-01 -0.632873730419224E+00
-0.634056402198336E-01 -0.430821713261782E+00  0.900206851879331E+00  0.106390232781907E+00 -0.187486431891720E+00  0.976488584789972E+00
-0.486168531239765E+00 -0.225229854660243E+00  0.844340968923038E+00 -0.862638698014691E+00 -0.434275447962050E+00  0.259344003178944E+00
-0.312745808752550E+00  0.128108493011604E+00  0.941157942709941E+00  0.347752548839432E+00 -0.269688871160699E+00 -0.897962180466275E+00
-0.984300471118576E-01 -0.181133827638151E+00  0.978520343330025E+00  0.495347933562737E+00  0.297872146729303E+00 -0.816028558886270E+00
-0.215513579077548E+00 -0.100414248993356E+00  0.971324289736587E+00  0.785975144275843E-01 -0.308639285709087E-01  0.996428546680080E+00
 0.121070564377838E+00 -0.203102141474302E+00  0.971643678809153E+00 -0.958441169824611E+00 -0.152800297166348E+00 -0.240920304605292E+00
-0.278950074998107E+00 -0.141164298453001E+00  0.949873410776837E+00 -0.376593253389809E+00 -0.366133671291175E+00  0.850954555924184E+00
-0.532419650318588E-01 -0.347381488448190E+00  0.936211191261388E+00 -0.287957405180419E+00 -0.232382858802504E+00  0.929020311799767E+00
-0.847343735352413E-01 -0.126340945432559E+00  0.988361296009105E+00 -0.682765554897673E+00  0.710069600158015E-02  0.730603022962241E+00
 0.582944299636571E-01  0.346050040757440E-01  0.997699480368778E+00 -0.497498613498050E-01 -0.568989868876140E-01  0.997139637456479E+00
 0.118750797481131E+00 -0.128651321282689E+00  0.984554257331618E+00 -0.195896699654144E+00 -0.261209474071008E+00  0.945195267508339E+00
-0.155849814301156E+00 -0.308451766497952E+00  0.938386030973708E+00  0.103673237140520E+00  0.694424315994461E+00 -0.712058094017918E+00
 0.188590495137980E+00 -0.871193576198126E-01  0.978183951346332E+00 -0.927272299023236E-01  0.321879861292458E+00 -0.942228749152237E+00
-0.234162015248829E-01 -0.274962285897767E+00  0.961169819979810E+00  0.924206142653137E+00  0.257310376193058E+00 -0.282195634596987E+00
-0.147985487895751E+00  0.133892704824580E+00  0.979884196712558E+00 -0.838276426389097E+00 -0.544060661119316E+00 -0.359253390065830E-01
-0.239919281060887E+00  0.123722886459668E+00  0.962876620310886E+00 -0.592206347434795E+00  0.401044990362341E+00  0.698895240907540E+00
-0.662395591574677E-01 -0.774553624103622E-01  0.994792937066053E+00  0.199234158603680E+00  0.217911383417060E+00  0.955416338055168E+00
 0.448422049177854E+00  0.275253117055992E+00  0.850384258651402E+00 -0.877176286466580E+00 -0.249229256223410E+00 -0.410422392545809E+00
 0.928287292856197E-01 -0.297354898551631E+00  0.950243595782979E+00  0.757536565264297E+00 -0.622540190454586E+00  0.196423174692651E+00
-0.340901122995826E+00  0.239502050962252E+00  0.909079310030241E+00  0.401564024539253E+00 -0.155021481337457E+00 -0.902615463262058E+00
 0.792812503406234E-01 -0.565281737491790E+00  0.821079192649948E+00  0.453326840494165E-01  0.940049404563781E+00 -0.338011929872537E+00
 0.632951581384685E-01 -0.243456952585592E+00  0.967844220519998E+00  0.191539837060782E+00 -0.767327494479902E+00  0.611981214608688E+00
-0.457163041076315E+00 -0.896820510579549E-01  0.884849751987248E+00 -0.970574517765482E+00 -0.241419366802322E-01  0.239587713286031E+00
 0.476509777750081E-01 -0.783180535274414E-01  0.995788967004937E+00  0.560704983608762E-01  0.121036986850391E+00  0.991063139778562E+00
-0.442240754909341E+00 -0.398947824512171E+00  0.803283105769207E+00 -0.586468671667810E+00 -0.556375309597031E+00  0.588643365734298E+00
 0.218461748645473E+00 -0.259516581740573E+00  0.940704846474414E+00  0.253595908514894E+00 -0.181462676906976E+00  0.950137049100949E+00
 0.440543547876422E+00 -0.494939583573747E-01  0.896365846354363E+00  0.537366215862042E+00  0.780963274984060E-01  0.839725260833191E+00
-0.126478738619662E+00 -0.166636857551010E+00  0.977872837531907E+00 -0.174312861537794E+00  0.302663118585124E-02 -0.984685668528882E+00
-0.210297165432303E+00 -0.508744947579460E-01  0.976312904756596E+00 -0.582101134513432E+00 -0.177399416203878E-01  0.812922852224909E+00
 0.165923051396710E+00  0.958467478677407E-01  0.981469786564203E+00 -0.414137647265343E+00 -0.790621343772666E+00 -0.451007649479065E+00
 0.358635629819495E-01 -0.511764182043184E-01  0.998045479459737E+00 -0.121765518397761E+00 -0.163134462018814E-01  0.992424823350536E+00
 0.189082884503253E+00  0.226889147964905E+00  0.955389437519428E+00  0.850652652373368E-01 -0.768382188161897E+00 -0.634312788429839E+00
-0.217235658300372E+00  0.249015925011031E+00  0.943821878244886E+00  0.100851406949413E+00 -0.932756156798343E+00 -0.346114064538134E+00
 0.324036071564580E+00  0.446673208536893E-02  0.946034181533348E+00  0.675648062061330E+00 -0.931789736415689E-02  0.737165431244222E+00
-0.617122286904733E-01  0.393974861324968E+00  0.917047114097213E+00 -0.329506042459407E+00 -0.429438770788056E+00 -0.840837743043676E+00
-0.231160672912713E+00 -0.205109579342533E+00  0.951049317207300E+00  0.322795903010509E+00  0.468549555275168E+00 -0.822352794882508E+00
-0.424190802571481E+00  0.547775675135034E-02  0.905556269480111E+00 -0.982681806199334E+00  0.172917181696510E+00  0.666041743357816E-01
-0.187472797603307E+00  0.115592863014186E+00  0.975444637167570E+00 -0.784318459217629E+00  0.991514929458008E-01  0.612383487675087E+00
-0.547571934951750E-01 -0.121690081523507E+00  0.991056594660130E+00  0.620618428315614E+00 -0.782761869534969E+00  0.460067607768401E-01
-0.698870202253992E-01 -0.421668846571627E+00  0.904052646827035E+00 -0.152038474813330E+00 -0.569159207488947E+00  0.808048326962559E+00
-0.407352510245076E-01 -0.273992668923849E+00  0.960868698990636E+00 -0.431998055438540E+00 -0.379819688717115E-01 -0.901074386573023E+00
-0.260226850681464E+00  0.804181993384212E-01  0.962192755844469E+00  0.223120478280129E+00 -0.502839518921806E+00 -0.835086624478283E+00
 0.222563973842789E+00  0.366555649427658E-01  0.974228744754553E+00 -0.205623974519485E+00 -0.933287557669312E-01 -0.974170685480633E+00
-0.171581120149214E+00 -0.244297774658638E+00  0.954399558101940E+00 -0.299037473877848E+00 -0.715387790132047E+00  0.631503680865553E+00
-0.612508059051516E-01 -0.820404903496451E-01  0.994745041062864E+00  0.152761550717654E+00  0.158190244525144E+00  0.975520248462026E+00
-0.667404891912868E-01  0.112317146003018E+00  0.991428548013544E+00 -0.265213111170803E+00 -0.314651549686638E+00  0.911403537376776E+00
 0.222000591649703E+00  0.112195736873504E+00  0.968570004663882E+00  0.719501337546002E+00 -0.227288643199944E+00  0.656245150794917E+00
 0.373981209904549E-01 -0.125026355245484E+00  0.991448329990229E+00 -0.100963282028491E+00  0.433221947836047E+00 -0.895614403409847E+00
 0.350215541464205E-01 -0.122299867849225E+00  0.991875109612713E+00  0.120357769469966E+00 -0.508836852339179E+00  0.852407804416273E+00
 0.410425326538588E+00  0.157844624962776E+00  0.898129236639168E+00  0.133373837424884E+00  0.130247747605736E+00  0.982469818230664E+00
-0.494117817374416E-01 -0.627776514611684E-01  0.996803612705407E+00 -0.572570466217759E+00  0.241788026324179E+00  0.783391097435653E+00
 0.283831307536798E+00  0.331691699149212E+00  0.899677945476858E+00  0.760015878318764E+00  0.449024257792524E+00  0.469843676787536E+00
 0.598396623733326E-01  0.302363115085209E+00  0.951312651783321E+00  0.170400327402377E+00  0.571833901854717E+00  0.802477237752432E+00
-0.139991116527030E+00  0.567811667116120E-01  0.988523336295296E+00  0.589512160003708E+00  0.117565776829717E+00 -0.799158120353030E+00
-0.555427970796523E+00  0.110732926812405E+00  0.824158958075695E+00  0.742228967778066E+00  0.444521239847380E+00 -0.501494792311600E+00
-0.343850025000888E+00 -0.141662575384206E+00  0.928277369670511E+00 -0.431455004384713E+00 -0.369251720233707E-01  0.901378450409389E+00
-0.261551338320653E+00  0.131963723185161E+00  0.956125762222619E+00 -0.849944391407783E+00  0.122032874096511E+00  0.512545128895201E+00
 0.133722488605534E+00 -0.104608350938696E+00  0.985482312857532E+00 -0.416705281223072E+00  0.908759889501173E+00  0.226312137238905E-01
-0.314293353158303E+00 -0.212689207623890E+00  0.925193487396465E+00 -0.458803031479370E+00  0.881833898128709E+00 -0.108943813116970E+00
 0.101265478702824E+00 -0.497823032927641E-01  0.993613116409981E+00 -0.450233340268525E-01 -0.242865672691788E+00 -0.969014532616034E+00
 0.124679191124669E+00 -0.627072265927947E-01  0.990213564355457E+00  0.448684370263830E+00  0.231729817968650E+00 -0.863124340605203E+00
-0.128675656047446E+00 -0.361391451433692E+00  0.923492714844795E+00  0.404686173696984E-01  0.294545861850859E+00 -0.954780093149580E+00
 0.676089431304270E-01 -0.376545755061849E+00  0.923927662294884E+00  0.409506439447553E+00 -0.870155620042494E+00  0.274105222422796E+00
 0.115388124250350E-01  0.401005322230636E+00  0.916003049858745E+00  0.478868248996937E+00  0.404533589333303E+00  0.779126289637131E+00
 0.142608461763445E+00 -0.166269483145564E+00  0.975713731382300E+00 -0.279202198618575E+00  0.508915616868765E+00 -0.814279452763999E+00
 0.276749577192076E+00 -0.696412696714792E-01  0.958415236253343E+00  0.380157811698939E+00 -0.649791467871025E+00  0.658218114674986E+00
-0.123915531303014E-02  0.497184130330642E+00  0.867644169600346E+00  0.219921617365831E+00 -0.525332030696705E+00 -0.821985851301148E+00
 0.310098573425761E+00 -0.160193722068760E-02  0.950703060138363E+00  0.637939210101519E+00  0.714044642708584E+00  0.288398703939910E+00
-0.273591403559763E+00 -0.723513900227886E-01  0.959120962266996E+00  0.483474058950440E+00 -0.411141395001841E+00 -0.772797248725645E+00
 0.232250239783605E-01  0.130304938381794E+00  0.991201907430833E+00  0.355017987830984E+00 -0.321008344727512E+00 -0.878018149545749E+00
-0.390684786052283E-01 -0.115610830379270E+00  0.992525964334681E+00  0.621908588324609E-01  0.883622973851240E+00 -0.464050360585973E+00
 0.103511818410860E+00  0.206683288374167E+00  0.972916914107324E+00 -0.408522069510319E+00 -0.141921352529700E+00 -0.901647408036616E+00
-0.174178241240765E+00  0.382385344598840E+00  0.907437815232703E+00  0.545708677713126E+00 -0.365140536288703E+00 -0.754237646784745E+00
 0.210858786594852E+00 -0.291952762032125E+00  0.932899864324977E+00 -0.205924157467430E-01 -0.134092813030239E+00  0.990754798074352E+00
-0.994345589916365E-01 -0.214218459758829E+00  0.971711490091937E+00  0.441812474578929E-01 -0.357409157006713E+00  0.932902305635920E+00
 0.211561431144893E+00 -0.266693039921870E+00  0.940274738206422E+00  0.244306397164278E+00  0.190131222675843E+00  0.950875650370962E+00
 0.171014306415325E+00  0.753786103166922E-01  0.982380869168374E+00  0.623998068644932E-01  0.945394551782578E+00  0.319899055270710E+00
 0.740977900577667E-03  0.660854625978141E+00  0.750513567015974E+00  0.344836265314651E+00  0.938661182357090E+00  0.177055353884539E-02
-0.282365660556812E+00  0.403022801076683E+00  0.870541357748510E+00  0.333454393944043E-02 -0.605851470259929E+00 -0.795570786794361E+00
 0.162398283069966E+00  0.150027439599404E+00  0.975253077423073E+00  0.223827602070641E+00  0.794186288896826E+00  0.564950743941092E+00
-0.136179032112229E+00 -0.932874218687837E-01  0.986282276092424E+00  0.855936420709361E-02 -0.325586109294982E-01 -0.999433176424873E+00
-0.259570383746509E+00 -0.110475662905896E+00  0.959384356651281E+00 -0.893137607071222E+00  0.332860739627723E+00  0.302504450958289E+00
-0.237539030227340E-01  0.127879882124222E+00  0.991505162789928E+00  0.332537300272322E+00 -0.687162533154876E+00 -0.645930798890848E+00
-0.319105198209890E+00  0.310586196203745E+00  0.895381531640627E+00  0.965182633625905E+00 -0.135443096329455E+00 -0.223780364204845E+00
-0.319389450452761E+00 -0.322757419473656E+00  0.890964660979430E+00  0.116692931487262E+00  0.664672966357991E+00 -0.737965180434537E+00
 0.249641987341993E+00 -0.159165977872453E+00  0.955167561029920E+00  0.907060992377244E+00 -0.416623826169587E+00 -0.605387774523226E-01
 0.138091776565750E+00 -0.302170090827726E+00  0.943198758191549E+00  0.130446887275579E+00 -0.767110584630302E+00  0.628112219709400E+00
 0.175559248161881E+00  0.392934809017617E+00  0.902652306398828E+00 -0.268851159290707E+00 -0.730588874394423E+00 -0.627661493768044E+00
-0.183573332658218E+00 -0.331326508573618E+00  0.925485589435714E+00 -0.569220790426869E+00 -0.398343327961983E+00  0.719242855240136E+00
 0.385958458230989E+00  0.388345570938458E+00  0.836793753593106E+00 -0.522770841158332E+00 -0.366401697895101E+00 -0.769714520724533E+00
-0.169153911447043E+00  0.431061388054286E+00  0.886325580117644E+00 -0.491121119595493E+00  0.408640942219486E+00  0.769293589099272E+00
-0.249410966625461E+00 -0.191099191559105E+00  0.949355185751049E+00 -0.523322540200510E+00 -0.445542205316175E+00  0.726378456591386E+00
 0.286519566896223E+00 -0.222368694379934E+00  0.931911316352240E+00  0.591420064281014E+00 -0.296907757333569E+00  0.749712005506776E+00
 0.319685977358969E+00 -0.125219720908260E+00  0.939212913761144E+00  0.509072374799405E+00 -0.465504529234176E+00  0.723982631337633E+00
 0.930642653774859E-01 -0.225528738476218E+00  0.969781331347987E+00  0.513456920098856E+00 -0.689284581232080E+00  0.511124991834984E+00
 0.129396125610635E+00  0.422469361774247E-01  0.990692605736299E+00  0.629010856450224E+00 -0.460319032412293E+00  0.626459680160476E+00
-0.213071806531489E+00  0.679262404678670E-01  0.974672473766090E+00  0.440669586267543E+00 -0.741282489802643E+00 -0.506271257381641E+00
-0.356576887113092E+00  0.232550552551157E+00  0.904860853438190E+00 -0.360390138249807E+00  0.853212482894942E+00  0.377024412053827E+00
-0.440637337836153E+00 -0.243994648045088E+00  0.863889662069192E+00 -0.476484319461200E+00 -0.493856611284057E+00  0.727370841317292E+00
 0.213045753639709E+00  0.493509572648372E-01  0.975795055261674E+00 -0.485724247744726E+00  0.137310270896103E+00 -0.863260009880719E+00
-0.507510081526893E+00 -0.422854766215713E+00  0.750751199690830E+00  0.595246329666799E+00  0.595807621669845E+00 -0.539161464663719E+00
-0.134762382101671E-01 -0.134990847552799E-01  0.999818066307302E+00 -0.216015021325479E+00 -0.113776774470509E+00  0.969738292609320E+00
 0.288047601367781E-01  0.923446275387791E-01  0.995310381518342E+00  0.671377071145223E-02 -0.467885055385853E+00 -0.883763826047102E+00
 0.355314132631600E+00 -0.167803564843296E+00  0.919561760176083E+00 -0.350073240269526E+00 -0.962017194736848E-01 -0.931769260931858E+00
 0.174403337102601E+00 -0.378256620686405E+00  0.909123426666796E+00  0.392930103155040E+00 -0.733570338550794E+00  0.554509235660727E+00
 0.251540062384103E+00 -0.185751622353269E+00  0.949854689838888E+00  0.507991675926647E+00 -0.498111919959134E+00  0.702729658107484E+00
-0.954055447409000E-01  0.344021097886717E+00  0.934102385309827E+00 -0.119421696735560E+00 -0.686586570010844E+00 -0.717173159166979E+00
-0.870124853160346E-01  0.100553505867476E+00  0.991119478093780E+00  0.172042385118216E+00  0.888154564773732E+00  0.426125435516842E+00
-0.290779678342979E-03 -0.199746811836334E+00  0.979847501710546E+00 -0.996620899838659E+00  0.610781566687675E-01  0.549203130246597E-01
 0.457596017474039E+00  0.631438396383937E-03  0.889159989021914E+00  0.762821775827709E+00 -0.121700429591562E+00  0.635052709434650E+00
 0.339335350559235E+00 -0.170476315162332E+00  0.925088831318114E+00  0.980903805779170E+00 -0.173293987530976E+00  0.883001568150052E-01
 0.418723782287067E-01 -0.419169730037232E+00  0.906941807042760E+00 -0.645140866722550E+00  0.472109331233179E+00 -0.600754560071780E+00
-0.182708026389387E+00  0.219920845620734E+00  0.958254975856821E+00 -0.334188456597446E+00  0.118314557968865E+00  0.935050662183418E+00
-0.207087195928375E+00  0.275823758347158E+00  0.938635258028256E+00  0.940778925680738E+00 -0.200601403370794E+00 -0.273302195308901E+00
-0.500951368892519E-01  0.836068635128988E-01  0.995238850544723E+00 -0.457462973009369E-01  0.215208291399068E-01  0.998721247494207E+00
 0.708731052860649E-02  0.253935958867309E-01  0.999652407248346E+00  0.955632361900736E-01  0.102819610540135E+00 -0.990098881717001E+00
-0.110667037709333E+00 -0.214505252749835E+00  0.970433049368873E+00  0.276710653817128E+00  0.737251496303910E+00 -0.616353344488162E+00
 0.214344476409783E+00  0.343818003081188E+00  0.914245933099995E+00  0.803314179828515E+00  0.369170320625262E+00  0.467332432916742E+00
 0.335258405308236E+00 -0.909836379789947E-01  0.937722655847818E+00 -0.256245679224066E+00 -0.452306553139147E+00 -0.854258118993540E+00
-0.510586546441885E-01  0.319696198526422E-01  0.998183829358302E+00 -0.123296174577482E+00  0.314628351393117E+00  0.941173232637971E+00
 0.349468982113675E-01 -0.841699615297039E-01  0.995838406510561E+00  0.251795203943884E+00 -0.497946838856209E+00  0.829848251756890E+00
-0.240256254426323E+00 -0.973823801087107E-01  0.965812406346800E+00  0.404960223320122E+00  0.912974704335560E+00 -0.498438238090982E-01
-0.558862747367794E-01  0.320481929976986E-01  0.997922661142449E+00  0.303687625409174E+00 -0.152688543043085E+00 -0.940457354161643E+00
 0.342242757404674E+00 -0.407297226050220E-01  0.938728387075070E+00 -0.410221552248385E+00 -0.798140331620074E+00 -0.441237225438112E+00
-0.268984167112002E-01 -0.453355672693818E+00  0.890923739281184E+00  0.436779139652578E+00 -0.692350658996150E+00  0.574347062456099E+00
 0.148383013988401E+00 -0.484570085492263E-01  0.987742071333493E+00 -0.923286689301134E-01  0.493022322717469E+00  0.865103696787770E+00
 0.100603532005630E+00 -0.250436075326208E+00  0.962891843107625E+00 -0.991689207403557E+00 -0.750405710782296E-01 -0.104505639137600E+00
 0.253170959599507E-01  0.314372260828133E+00  0.948962131106380E+00  0.386135143785974E+00 -0.920071943951488E+00 -0.660853136991550E-01
-0.127303262773829E+00  0.377861912650169E+00  0.917068293125160E+00 -0.927505805872874E-01 -0.967137430964289E+00 -0.236733012967173E+00
-0.212227070834658E+00 -0.730798835069626E-01  0.974483966533852E+00 -0.258255985410599E+00  0.735019085702189E-01  0.963276344273094E+00
 0.147880827886643E+00  0.197841220795524E+00  0.969015021605804E+00  0.569010713350672E-01  0.576165619508556E+00  0.815349892363544E+00
-0.254503903065860E+00 -0.184007555496429E+00  0.949404541196466E+00 -0.319568453597590E+00 -0.671830352934908E+00  0.668221505446063E+00
 0.168199161177623E+00 -0.248905539759591E+00  0.953810816910844E+00  0.586212131410879E+00 -0.568735994058549E+00  0.576970281772768E+00
-0.803133291763214E-02 -0.234110479987237E-01  0.999693663340509E+00 -0.105788256931555E+00 -0.326714440382670E+00  0.939183964482370E+00
-0.359772483993924E+00  0.129922329686273E+00  0.923950186974240E+00 -0.275195749659403E+00  0.823026983505614E+00  0.496884175428288E+00
 0.134960340042952E+00 -0.121520739844065E+00  0.983370945474414E+00 -0.292752861525689E+00 -0.269649967570249E+00  0.917379232955425E+00
-0.433555491934447E-01 -0.171072909514388E+00  0.984303995716982E+00  0.360561645073659E-01  0.408310351398050E-02 -0.999341423772032E+00
-0.202490673844868E+00 -0.129938912170287E-01  0.979197980899109E+00 -0.217774116712922E+00 -0.791376710517633E+00  0.571224418368295E+00
-0.221765489673605E+00 -0.307214224365734E+00  0.925440159025524E+00  0.251822885660638E+00  0.629341469762822E+00 -0.735196945514819E+00
-0.354642057494073E+00  0.535036400350999E-01  0.933470069985838E+00  0.348906611677466E+00  0.134452946300734E+00 -0.927462442128414E+00
-0.162689558931743E+00 -0.117604890299272E+00  0.979643403077003E+00 -0.714267259431977E+00 -0.422717175365063E+00  0.557792498833496E+00
 0.188303128544774E+00 -0.567382524470466E-01  0.980470653558537E+00  0.972937499103619E+00 -0.229258741194607E+00  0.288626475545781E-01
 0.184342608256531E+00  0.254324164795255E+00  0.949387708990576E+00  0.743678940775870E-01  0.125561299792894E+00  0.989294585209473E+00
 0.124637767478937E+00 -0.353327804155179E-01  0.991573003639155E+00 -0.606954181204414E+00 -0.344129652159691E+00 -0.716366808571509E+00
-0.724731593043999E-01 -0.527643916424910E-02  0.997356405890184E+00 -0.265427096165151E+00 -0.556475172571872E+00  0.787327021594230E+00
-0.431371851905878E+00  0.112136508639276E+00  0.895178043080530E+00 -0.970481489030784E+00 -0.184695687856974E+00  0.155090884115193E+00
-0.359130014324943E+00  0.316969260017346E-03  0.933287486437836E+00 -0.175923874969163E+00  0.171639039339009E+00  0.969324935401239E+00
-0.313078834854702E-01  0.576771247472396E-01  0.997844259247179E+00 -0.732239980564777E-01  0.406877032350623E+00 -0.910543423815786E+00
 0.479952315003851E+00  0.164889157207273E+00  0.861659643454374E+00 -0.829181097898381E+00  0.383372653566143E+00 -0.406797388617097E+00
-0.353570844475765E+00 -0.475195265689360E+00  0.805715283088954E+00  0.228050947462033E+00  0.848475195939283E+00 -0.477579948529525E+00
-0.231234304069617E+00  0.382305858100982E-01  0.972146655052650E+00  0.975521480194227E+00 -0.143399113123622E+00 -0.166716933858033E+00
-0.639557693137130E-01 -0.104639480987189E+00  0.992451630352947E+00  0.101071659359079E+00  0.184658575803619E+00 -0.977591801344805E+00
 0.109661363584748E+00 -0.194229533399187E+00  0.974807300799634E+00  0.353985092126381E+00 -0.174393352459143E+00  0.918847927118704E+00
-0.229460474592575E+00  0.236284133563192E+00  0.944202149344113E+00  0.951480065490863E-01 -0.987475051526464E+00  0.125856582913020E+00
 0.112496232412971E+00  0.751483603572182E-02  0.993623734082597E+00 -0.109427431213804E+00 -0.796939622466740E+00 -0.594064706442419E+00
-0.243076945108298E+00  0.162441660944720E+00  0.956308687373663E+00  0.462617410122835E+00 -0.540418005515091E+00 -0.702804034682736E+00
 0.222567066969092E+00  0.175540916728339E+00  0.958983465579543E+00 -0.625480852547607E+00 -0.292462766695100E+00 -0.723352772299496E+00
-0.147131508919159E+00 -0.186711705716396E+00  0.971334678693006E+00 -0.605917093098530E+00 -0.110300531426456E+00  0.787844063922594E+00
-0.386198660367242E+00  0.120084153928511E+00  0.914565684194318E+00  0.819904697542351E+00  0.312588926671892E+00 -0.479629492285557E+00
 0.202839897906128E+00 -0.313784977775474E-01  0.978709030148724E+00 -0.121159128617402E+00  0.312754651709333E+00  0.942074834281675E+00
-0.368934225688302E+00 -0.295988600960588E+00  0.881066561172973E+00 -0.852913944969407E+00 -0.440189139654656E+00  0.280662294950385E+00
-0.529034741056525E+00 -0.129080511539530E+00  0.838725499967629E+00 -0.998106742686170E+00 -0.332924329520962E-01  0.517159947456696E-01
-0.713722654693684E-01 -0.307850641726063E+00  0.948753910195168E+00  0.142672908169775E+00 -0.294455818592746E+00  0.944955137650066E+00
 0.447889392723708E+00 -0.132628126620663E+00  0.884197303725069E+00 -0.410124903711717E+00 -0.578484258264337E-02 -0.912011019095575E+00
-0.114965325295037E+00  0.638798927220452E+00  0.760735765270574E+00 -0.120671433744431E-01 -0.796760661855561E+00 -0.604174504402717E+00
 0.470613228225794E-01  0.617859986659189E-01  0.996979298813693E+00 -0.964170025712104E+00  0.212148438956539E+00 -0.159277121290612E+00
 0.315271091788561E+00 -0.341588761796148E+00  0.885393277869797E+00  0.735198812597539E+00 -0.498606109721376E+00  0.459210902858026E+00
 0.235780915760738E-01 -0.160643364884604E-01  0.999592922489358E+00 -0.178467888789049E+00  0.629520689123357E-01 -0.981929859863135E+00
 0.159662427170579E+00 -0.100909743734115E+00  0.982000576868219E+00  0.714455730343424E+00 -0.133239527900695E+00  0.686877163388218E+00
-0.873561342929619E-01 -0.249788343941038E+00  0.964351952884726E+00  0.511557152825508E-02 -0.942788251199535E+00  0.333352882585499E+00
 0.413396936770618E-01 -0.368586860129368E+00  0.928673654340781E+00 -0.501102418015338E+00  0.563819448693283E+00 -0.656508945814437E+00
-0.103135890198568E+00  0.163322992469846E+00  0.981166952298967E+00  0.459341011664464E+00  0.121695774493973E-01 -0.888176635803808E+00
 0.223111619707093E+00 -0.337735032779755E+00  0.914415798630435E+00  0.811180784189866E+00 -0.544913641300230E+00  0.212261298606315E+00
 0.382985236739239E+00  0.423254310116456E+00  0.821083489912951E+00  0.582093401924072E+00  0.236611872310304E+00  0.777934504517105E+00
 0.809234409346192E-02 -0.405314842898484E+00  0.914141341420051E+00  0.184748280080092E+00  0.619705960419277E+00 -0.762779519670179E+00
 0.128002497144407E+00 -0.874967592610732E-01  0.987906715152603E+00 -0.325980657965214E+00  0.273464763414875E+00 -0.904960570302935E+00
-0.245527648203153E+00  0.667839663629392E-01  0.967086384871932E+00 -0.206936206897882E+00  0.365259425634719E+00  0.907613881702848E+00
 0.117418634845954E+00 -0.570663332187915E-01  0.991441525156110E+00  0.215242112101016E+00 -0.722665113940106E+00  0.656830241593844E+00
 0.166860519930551E+00  0.547408051472298E+00  0.820062187929555E+00 -0.766361858781009E-01 -0.978624113786001E+00 -0.190844803258095E+00
-0.265892202467873E+00  0.351330165680262E-01  0.963362345025803E+00 -0.734241160063073E+00  0.673190102103670E+00  0.877781595779012E-01
 0.968708053547401E-01  0.105319246916157E-01  0.995241239917345E+00  0.534526110029648E+00 -0.781424275104778E+00 -0.321959531577410E+00
-0.445236469988702E-01 -0.170781934132901E+00  0.984302380283491E+00  0.152321550824998E-01  0.248646072151524E+00 -0.968474631704497E+00
 0.307124125374083E+00  0.107088890208983E-01  0.951609211446139E+00  0.631871010561202E-01 -0.484611987721189E+00  0.872444044977695E+00
-0.191940913781121E+00 -0.218288699731147E+00  0.956822203539693E+00  0.677697026151114E+00  0.204963236120771E+00 -0.706198847765158E+00
-0.476594064997110E-01  0.463813960753765E-01  0.997786223131085E+00  0.704441523349467E+00 -0.206042717908533E-01 -0.709462898371050E+00
-0.315871044536180E-01  0.153888683767480E+00  0.987583175150604E+00 -0.943392570231607E+00  0.284485781889674E+00  0.170523600520349E+00
 0.126440809971127E+00  0.424703886995283E+00  0.896459329777399E+00 -0.252739498225949E+00  0.935291591225653E+00  0.247694136828230E+00
-0.463735166765209E-01  0.107100249584608E+00  0.993166166102112E+00 -0.360497337081127E+00  0.529791533412160E-01  0.931254465368443E+00
-0.496125737672344E-02  0.126029846968585E+00  0.992014044052964E+00  0.361549808707536E+00 -0.192387864413248E+00 -0.912287589222858E+00
 0.540204323211756E+00  0.244238569774972E-01  0.841179388949629E+00  0.901881821477506E+00  0.372419843208282E-01  0.430374505160638E+00
-0.381585130519430E+00  0.350299869604419E-01  0.923669685645264E+00 -0.265446776238090E+00  0.378406706592526E+00  0.886761734284133E+00
-0.209223795137366E+00 -0.305124978182101E+00  0.929044752010198E+00 -0.277064421260353E-02 -0.484817147789967E+00  0.874611146018302E+00
 0.337862113351979E+00  0.546613374636268E-01  0.939607008566891E+00 -0.905458120374999E+00 -0.145490561818387E+00 -0.398720564642388E+00
 0.462676349782670E-01  0.309535441775790E+00  0.949761610214997E+00  0.463993679801332E+00  0.589832931009457E+00  0.660913745205236E+00
 0.309054514209044E+00  0.536231997653416E-01  0.949531389525348E+00 -0.865627413594691E+00 -0.383683700638624E+00 -0.321676854463630E+00
 0.167247906656497E+00  0.378774753052293E+00  0.910251516982638E+00 -0.152682060728465E+00  0.136771623895421E-01  0.988180714019799E+00
-0.211446091411766E+00  0.120080518202549E+00  0.969985164615879E+00  0.139104211481898E+00 -0.143997034674237E+00 -0.979752454629753E+00
 0.188750290079466E+00 -0.981420402027528E-01  0.977108728821802E+00 -0.477880060096997E-01  0.702478946423398E+00 -0.710098328623219E+00
-0.931509324963595E-01  0.104320627377175E+00  0.990171758069625E+00 -0.923225647365495E-02 -0.128032574568157E-01  0.999875413258521E+00
-0.251629131587788E-01  0.351191980847117E+00  0.935965288026240E+00 -0.296494488496113E+00  0.706490002140404E+00  0.642621891291512E+00
 0.765339843519935E-01  0.116862732336794E+00  0.990194754091329E+00 -0.110968134776827E+00 -0.618874062484253E-01  0.991895166845768E+00
-0.486061310409049E-01 -0.200832908375984E+00  0.978418922005537E+00  0.238605885788284E-01  0.314694863539929E+00 -0.948892941892950E+00
-0.128109737263233E+00 -0.333576862129689E+00  0.933977715082140E+00 -0.286897683003848E+00  0.176781444941323E+00 -0.941508385629932E+00
-0.225488497573029E+00 -0.171505625140241E+00  0.959031155910752E+00  0.676322759076634E+00  0.280436729601606E+00 -0.681133442318996E+00
 0.239899578060083E+00  0.196082002673380E+00  0.950789167310077E+00  0.706434427867739E+00  0.454870250473589E+00  0.542257737941354E+00
 0.285219000210231E+00  0.127002420889284E+00  0.950010793100446E+00  0.807599397631634E-01  0.181131912112261E+00  0.980137267194757E+00
-0.222720153067667E+00 -0.182907967191575E+00  0.957570054333029E+00  0.104042572701827E+00  0.360234237688193E+00 -0.927041766622622E+00
 0.252591835372843E-01  0.219609904485791E+00  0.975260715654420E+00 -0.799574421154503E-01 -0.143640783286222E-01  0.996694778106178E+00
 0.152417067030932E+00 -0.514066952807062E-01  0.986978413825756E+00 -0.988065267592082E+00 -0.880554575589649E-01 -0.126385376417799E+00
-0.616447366372680E+00  0.146719576772072E+00  0.773605849437561E+00 -0.718682712023437E+00  0.538759625167251E-01  0.693247820120290E+00
-0.371592289212785E-01  0.119372904488430E+00  0.992153869810511E+00 -0.119793331109889E+00 -0.649129641154502E+00 -0.751185906947291E+00
-0.363999817115811E+00  0.702438868377737E-01  0.928746429065317E+00  0.439209798534447E+00 -0.276684151471771E+00 -0.854716697623064E+00
-0.445593877870537E-01  0.203061502655393E+00  0.978151566527078E+00 -0.209581525210511E+00  0.843780768901828E+00  0.494074486612976E+00
-0.643666584031213E-02  0.607766467992958E-01  0.998130637009352E+00  0.489539952524656E-02 -0.468775269804773E-01  0.998888648713000E+00
 0.327077178464558E-01 -0.484166388320934E-01  0.998291557751281E+00  0.295020715671368E+00 -0.915998981887658E+00 -0.271861439901887E+00
-0.207727464815124E+00  0.231756185112899E+00  0.950335925356606E+00 -0.563682915986630E+00  0.311775026454561E+00  0.764890778545583E+00
-0.106599482253438E+00 -0.275415848635931E+00  0.955396598645531E+00  0.116979527553117E+00  0.833641797890883E+00 -0.539775085514981E+00
 0.364154955545804E+00 -0.183485766540543E+00  0.913084958713297E+00 -0.827004735398475E+00  0.543539705640087E+00 -0.143623661077086E+00
-0.181447054567055E+00  0.270955743904989E+00  0.945335893338359E+00 -0.313089342721598E+00  0.820369344742130E+00  0.478507263979896E+00
 0.219658354218371E+00  0.118245385013904E+00  0.968384343298151E+00 -0.801996424762330E+00 -0.336419480023937E+00 -0.493582483612277E+00
-0.176044550410309E+00 -0.321149271339524E+00  0.930522144706361E+00  0.557515859798808E+00  0.591867593393470E+00 -0.582124400762773E+00
 0.368978174357042E+00  0.834555470223319E-02  0.929400591007374E+00  0.636007052755696E+00  0.523678900808646E+00  0.566793999344438E+00
 0.377154856375657E-01  0.356414123854177E-01  0.998652708335733E+00 -0.316395588201304E+00  0.169702713128418E+00  0.933324606406370E+00
 0.604572007763076E-01  0.155662231883528E+00  0.985958516591511E+00  0.168607303940898E+00 -0.780622034850151E+00 -0.601831218668649E+00
 0.116003473045168E-02 -0.248428561653443E+00  0.968649525924741E+00 -0.449793110926780E+00 -0.327816529861926E+00  0.830796292789089E+00
-0.370325679368576E-01 -0.263090604886634E+00  0.964060123919866E+00 -0.145876712324276E+00 -0.988443816083441E-01  0.984352463818690E+00
 0.565159207662080E+00  0.393549487891528E+00  0.725061287461333E+00  0.479468974230944E+00  0.835581091704042E+00  0.268167376719480E+00
 0.274719563782423E+00  0.295727619880933E-01  0.961069515187944E+00 -0.634053741992932E+00 -0.196887697401784E+00 -0.747804176824778E+00
-0.450920321272334E+00 -0.101735580750717E+00  0.886747278243903E+00 -0.844160887187597E+00 -0.377900247014218E+00  0.380241764998590E+00
-0.487780750645810E+00  0.598111451945229E-01  0.870914786996942E+00  0.713353317201698E+00  0.250849863747511E+00 -0.654370988580017E+00
-0.292590209612289E-02  0.603982079595972E+00  0.796992526077785E+00 -0.161155565229279E+00  0.973971292070627E+00  0.159401399046260E+00
 0.189972260803613E+00 -0.564478151525527E-01  0.980165386192385E+00 -0.684240337152490E+00  0.728041035750207E+00  0.420881370128568E-01
 0.267268935375503E+00  0.432377967675809E+00  0.861171649122161E+00 -0.651899784962468E+00 -0.671425546394127E+00 -0.352440641832402E+00
 0.403415488559127E+00  0.334366709346076E+00  0.851736371931878E+00  0.270321146979162E+00  0.495292251543108E+00  0.825598003302594E+00
 0.215303806336696E+00 -0.159640243514418E-02  0.976545811765222E+00 -0.445553628000814E-01  0.315761552530843E+00 -0.947791887277510E+00
-0.191728433069252E-01  0.498575196429712E+00  0.866634395569782E+00 -0.610050025452123E-01 -0.924964864341936E+00 -0.375124498529972E+00
 0.218472033440928E+00  0.859705948921494E-01  0.972048881187606E+00  0.614720277241678E+00  0.783049544408662E+00  0.946170795855689E-01
-0.196122477609857E+00 -0.822793138657200E-01  0.977121327310973E+00 -0.773580756076407E+00 -0.601666630151773E+00  0.198922296362333E+00
-0.556203254964500E-01 -0.104159568911201E+00  0.993004110563447E+00 -0.236204592475231E-01 -0.685644783558007E-04 -0.999720995680219E+00
-0.366623009955499E+00  0.576377726470330E-01  0.928582498077289E+00 -0.639998047392757E+00  0.127275650128233E+00  0.757762105292877E+00
 0.145775404703707E+00  0.187063483617747E+00  0.971471453250307E+00  0.655502021428328E+00  0.729680394125285E+00  0.194637155580697E+00
 0.717407899283699E-01  0.398532004318464E-01  0.996626801503849E+00  0.874552037681819E-02 -0.425994388978263E-01  0.999053954338267E+00
 0.278156039454558E+00 -0.119941484700901E+00  0.953017973577990E+00 -0.710717975767493E+00  0.353144617066099E+00 -0.608415021476456E+00
-0.144277935035783E+00  0.383913712773586E+00  0.912027487856704E+00  0.154385269523234E+00  0.890224480268207E+00  0.428562204686134E+00
 0.387696259579916E-01  0.182660534925990E+00  0.982411342098425E+00 -0.180353566264177E+00  0.975821870067504E+00  0.123467684167769E+00
-0.313811031826135E+00 -0.255808326097235E+00  0.914376692946374E+00  0.943897980451973E-02  0.439560153960982E+00 -0.898163557883556E+00
 0.266788756357733E+00  0.222092281324877E+00  0.937815961720105E+00 -0.881509633673134E+00 -0.438056754940123E+00 -0.176201717337787E+00
-0.118790900892215E+00 -0.126044857111927E+00  0.984886498973790E+00  0.167220969233362E+00 -0.380095435624918E-01  0.985186490998951E+00
 0.119601634297350E+00  0.845729927848811E-01  0.989213252016375E+00  0.625117075226454E-02 -0.738666939945061E-01  0.997248531902929E+00
-0.298000524992909E+00  0.977472256959515E-01  0.949547875029319E+00 -0.819337642498768E+00 -0.304438492829919E+00  0.485801432344541E+00
-0.472221768017144E-01  0.947357085606254E-01  0.994381823819012E+00  0.262352240223948E+00 -0.142514823718172E+00 -0.954390290745906E+00
-0.522345020631228E-01 -0.370790307448652E+00  0.927246517759086E+00 -0.113803635688421E+00  0.526714608941434E+00 -0.842389727639036E+00
 0.241930119576144E+00 -0.168972871034346E+00  0.955467417600560E+00 -0.616635557991308E+00 -0.366941386242291E-01 -0.786393113405360E+00
 0.116692589178323E+00  0.195727870068634E+00  0.973690628746757E+00  0.272114934679549E+00  0.350711506881456E+00  0.896077508514349E+00
-0.365835676364542E-01 -0.103035841000762E+00  0.994004656955014E+00 -0.505234138856169E+00  0.185849962778975E+00 -0.842732612558289E+00
-0.339737836458352E+00  0.785838226672094E-01  0.937231447025550E+00  0.930621432793686E+00 -0.973212426977978E-01 -0.352806355590121E+00
 0.183311522526330E-01  0.497471500980445E-01  0.998593605985044E+00  0.237005789619489E+00 -0.104244479171743E+00  0.965899241250895E+00
-0.192497952152311E+00 -0.296380396587675E+00  0.935469507218541E+00  0.485404345337121E+00  0.727425622709042E+00 -0.485009881295427E+00
 0.139683761774469E+00  0.118374629656053E+00  0.983095058349052E+00 -0.441074155072679E+00  0.398189245018522E-01 -0.896586885348229E+00
 0.310320863003162E-01 -0.174644004613460E+00  0.984142510652001E+00 -0.768155154147124E-01  0.376398240823919E+00 -0.923267968087397E+00
 0.260848893290471E+00 -0.164848491322670E+00  0.951200730538921E+00  0.201527093236725E+00 -0.228971168576741E+00  0.952343968664766E+00
 0.237543712737735E+00 -0.213686644036085E+00  0.947581660174662E+00  0.152374880566645E+00 -0.209513036653662E+00  0.965860333197539E+00
 0.183871002035639E+00  0.318889093178766E-01  0.982432975868037E+00  0.744792792113071E+00 -0.367428564799120E+00 -0.557027779007542E+00
 0.402165412490895E+00 -0.253492407716899E+00  0.879775300986518E+00  0.636038338511510E+00 -0.270244944810020E+00  0.722788282796662E+00
-0.243132801225349E+00 -0.100571105484083E+00  0.964765201336587E+00  0.535822791357375E+00  0.662231533103530E+00 -0.523777942285983E+00
 0.266841136313531E+00  0.249142252319430E+00  0.930980099722924E+00 -0.856922213171446E+00 -0.492279166297644E+00 -0.152792483462531E+00
-0.124453243143567E+00  0.204726624220107E+00  0.970875069000377E+00  0.307683824246974E-01 -0.180956658912781E+00 -0.983009661314725E+00
-0.119984006700524E+00 -0.240690318959537E+00  0.963157312434083E+00 -0.131353407828345E+00 -0.578996747685809E+00  0.804679469367236E+00
-0.204168897575456E+00 -0.215608096793472E+00  0.954896962954601E+00  0.531916111921511E+00  0.969917530984303E-01 -0.841224018742449E+00
-0.362005610626028E+00 -0.328641809424766E+00  0.872322474187896E+00 -0.799392593601796E+00 -0.228989023785352E+00  0.555459726965354E+00
 0.400432827752058E+00  0.139353004502989E+00  0.905667869913955E+00 -0.843858672177487E+00  0.256948503546949E+00 -0.471041407856923E+00
 0.932242931055453E-02  0.148585985267665E+00  0.988855549255698E+00 -0.519075696588657E+00  0.833430409763337E+00  0.189615857176336E+00
-0.387634149165562E+00  0.102331659204302E+00  0.916115712082914E+00 -0.872184353702570E+00  0.219719184579203E+00  0.437055983924578E+00
-0.234519476282849E+00  0.306468333589842E+00  0.922538766529994E+00 -0.553262699379420E+00  0.713775850470074E+00  0.429446644836259E+00
 0.187519063646405E+00  0.240982478561700E+00  0.952241590036602E+00  0.169632953340391E+00  0.670782541721686E+00  0.721994073980120E+00
 0.173812140775960E-01  0.173290658881696E+00  0.984717340632090E+00  0.815930299992734E-01  0.290962753605464E-01  0.996240926792149E+00
 0.908266823108582E-01 -0.171360571425550E+00  0.981012776849064E+00 -0.930431479160710E+00  0.563218831960479E-01 -0.362112010378093E+00
-0.313472138185271E+00 -0.177774411462265E+00  0.932808381829194E+00  0.234999922496973E+00 -0.299325710346404E+00 -0.924758971598566E+00
-0.392198977745460E-01 -0.207220813882667E+00  0.977507715525744E+00  0.610714456676106E-02 -0.129022024532912E+00  0.991622922269685E+00
 0.490036510089544E+00  0.302056518778658E+00  0.817695590206147E+00  0.866584552310046E+00  0.458663500579079E+00  0.196618938391350E+00
-0.395308412650861E+00  0.192876017719057E+00  0.898070209213230E+00 -0.665490060923587E+00  0.619699646276656E+00  0.416047265603931E+00
 0.207693824920743E+00 -0.211339879376714E-01  0.977965556471005E+00  0.194798314555002E-01 -0.281456634605340E-02 -0.999806288429288E+00
-0.208032066341253E+00  0.394107727538721E+00  0.895210454847381E+00 -0.515499337892040E+00  0.682541412796171E+00  0.518071088221564E+00
 0.947572824934143E-02 -0.171510862413430E+00  0.985136657854303E+00  0.236022675951645E+00 -0.770012336752337E+00  0.592768333909488E+00
-0.146934226700192E+00 -0.152187289093734E+00  0.977368590687422E+00  0.604245738652039E+00  0.190332799841231E+00 -0.773731550749644E+00
-0.166068011941055E+00 -0.348424795505670E+00  0.922508307435103E+00 -0.402067743135691E-01 -0.778472548342351E+00  0.626389580673772E+00
 0.101598133215689E+00  0.637511301804863E-01  0.992780747561010E+00 -0.538193156349420E+00 -0.470630814104621E+00 -0.699181495231296E+00
 0.307437666845402E+00 -0.326982621310088E+00  0.893624331789281E+00  0.140582573802199E-01 -0.501349031379766E+00  0.865130923117421E+00
-0.135505130818829E+00 -0.349720941290357E-01  0.990159235756554E+00 -0.127423117545840E+00  0.278300183263368E-01 -0.991457936170191E+00
-0.632685356200618E-01  0.557268057065244E+00  0.827918718821612E+00 -0.217513583653892E+00 -0.479195472976049E+00 -0.850329077243217E+00
 0.112265845167586E+00  0.597085242690582E-01  0.991882690714189E+00  0.245890977510195E+00  0.331587094612397E+00  0.910817010087970E+00
-0.308270960756783E+00  0.232227642808076E+00  0.922517932980110E+00  0.741702750291087E+00 -0.561395386686960E+00 -0.367031674405952E+00
 0.418161858697257E-01  0.181097344336857E+00  0.982575777471359E+00 -0.251558558808284E+00  0.248782144108904E+00  0.935321194169616E+00
-0.410181635520220E-01 -0.160678202224811E+00  0.986154159139747E+00 -0.122517374443371E+00 -0.542122511507616E+00  0.831319839457821E+00
 0.168820466752196E+00 -0.143528207702771E+00  0.975140658366372E+00 -0.481834306049498E+00  0.252360741589228E+00 -0.839136316469699E+00
 0.602993507624856E-01 -0.112260198632281E+00  0.991847587132551E+00  0.170229883796928E+00 -0.950586470494921E+00  0.259628867375132E+00
 0.363050484852041E+00 -0.233972639830124E+00  0.901915267228369E+00  0.321218441879347E+00 -0.203296600313260E+00  0.924926594329342E+00
 0.123530675877141E+00  0.378368984796317E+00  0.917375105102347E+00 -0.399081903420783E+00 -0.405773154067443E+00 -0.822241924131946E+00
-0.386479574504888E+00 -0.161914664789550E+00  0.907974217594645E+00 -0.581712615896693E+00 -0.429672700936296E+00  0.690645931412569E+00
-0.742499108917370E-02 -0.229375800942401E+00  0.973309617464740E+00  0.287096784556786E+00 -0.680606030347347E+00  0.674055537587208E+00
-0.454740812725519E+00 -0.485567980467942E-01  0.889299179469529E+00 -0.489229042884750E+00  0.365021711996454E+00  0.792094750247247E+00
 0.909929142781623E-01  0.192457527669673E+00  0.977077473691029E+00 -0.816552973952313E-01  0.650366823088020E+00  0.755218781436011E+00
-0.449272572672260E-01  0.205830886340797E+00  0.977555721062798E+00 -0.187616822274166E+00 -0.114770539042116E+00 -0.975514044679894E+00
 0.104477371064028E+00 -0.456451212457568E-01  0.993479240770540E+00 -0.169562138824698E+00 -0.941829880297522E+00  0.290181249662947E+00
 0.201989285766046E+00  0.381109280191738E+00  0.902195125783474E+00 -0.763267801794623E+00 -0.631866109912349E+00 -0.134786801608465E+00
 0.135185904348840E+00 -0.141756014409134E+00  0.980627352078364E+00 -0.103237792581585E+00 -0.304313048838658E+00 -0.946961206433190E+00
 0.247218585879593E+00  0.662393114473147E-02  0.968937095136668E+00 -0.778351922708311E+00 -0.363120553493678E+00 -0.512163790253391E+00
-0.404671131965781E+00 -0.103457626467136E+00  0.908591104116324E+00  0.211590206927046E+00  0.127276315874920E+00 -0.969035770108553E+00
-0.198981118051151E+00 -0.753477521918834E-01  0.977102466939238E+00 -0.118959285091981E+00  0.127362533426827E+00 -0.984696640376875E+00
 0.202083678534852E+00 -0.394447101254526E-02  0.979360315725655E+00  0.243663274394286E+00 -0.724472660218507E-01  0.967150248078040E+00
-0.336010572281913E+00  0.479728255062100E-01  0.940635691076908E+00 -0.995853315860520E+00  0.736494864394540E-01  0.534034309460709E-01
 0.359841148541721E-01 -0.377804737900430E+00  0.925185777829593E+00  0.193545349042920E+00 -0.807469686282189E+00  0.557254792351935E+00
-0.141225913580062E-01 -0.750818041668073E-01  0.997077366655362E+00  0.338472401352326E+00 -0.608461522990400E-01 -0.939007017691131E+00
 0.426507705077886E+00  0.433092699325911E+00  0.794054085878154E+00  0.650202145892143E+00  0.396944536217022E+00  0.647821120869570E+00
 0.411395198423413E+00  0.439156638031919E+00  0.798683565616986E+00  0.467521401819204E+00  0.804951341775284E+00  0.365345146697170E+00
 0.292424337429386E+00  0.328337512071996E-02  0.956283026267225E+00 -0.788150134517081E+00  0.272001944971858E+00 -0.552118019441707E+00
 0.135070148098963E+00  0.222793886311447E+00  0.965463069886553E+00 -0.378565211477444E+00  0.244366347852914E+00  0.892733705365753E+00
-0.282756231569775E+00  0.113989484838651E+00  0.952394514292622E+00  0.348288666567912E+00 -0.250501912981205E+00 -0.903296073462684E+00
 0.331814810569552E+00 -0.327459425265469E-01  0.942776025753063E+00  0.535891841725645E+00  0.851137888758258E-01  0.839985462323663E+00
 0.116986460734335E+00 -0.307207565150922E+00  0.944424523145654E+00  0.946251703913868E-01  0.540965510668822E-02 -0.995498273609768E+00
 0.408947387064669E+00  0.285469505103100E+00  0.866757864844139E+00 -0.398463197165674E+00 -0.636560489826302E+00 -0.660316456933043E+00
-0.788928611012833E-01  0.265003440914830E+00  0.961014616314733E+00 -0.149177599942063E+00  0.796258060310468E+00  0.586275656211425E+00
 0.123855742222990E+00 -0.174609407083943E+00  0.976816927615501E+00 -0.226248387648627E+00  0.924807517680765E+00  0.305847547525785E+00
 0.108504721551893E+00 -0.266479176274303E-01  0.993738705036222E+00 -0.178571927654851E+00 -0.685290726989504E-01 -0.981537484179108E+00
 0.124165969651300E+00 -0.268715685863163E+00  0.955183067349732E+00  0.150234131962260E+00 -0.881830963137991E+00  0.446994248335109E+00
-0.236282885458381E+00  0.715181368779139E-01  0.969048788316137E+00  0.968797287576139E+00 -0.996306333022216E-01  0.226948347632043E+00
 0.222643018768080E+00 -0.215011141994814E+00  0.950894471017642E+00  0.660121145138201E+00 -0.750619369218600E+00  0.284716753160095E-01
-0.207407002774062E+00  0.211750712026858E+00  0.955062286532349E+00  0.571307198122103E+00  0.454200946305341E+00 -0.683600457686509E+00
 0.456020670449233E+00  0.341453926700031E+00  0.821860306903894E+00  0.907402919296179E+00  0.396375130694476E+00  0.139666380420306E+00
-0.108626055090075E+00  0.226498527263000E+00  0.967935327025138E+00 -0.205662650416152E+00  0.302812511264756E+00  0.930595216646494E+00
-0.114415312281455E+00  0.692367413134896E-01  0.991017361082956E+00  0.652207409957700E+00  0.757784315484216E+00  0.197085159864231E-01
-0.645238972609697E-01  0.971860955958295E-01  0.993172457081394E+00 -0.707170237240338E+00  0.271535058578334E+00  0.652823841112060E+00
-0.260408344646254E+00 -0.416650778915616E+00  0.870970506083650E+00 -0.778212148806289E+00 -0.625300801377820E+00 -0.581786837815557E-01
 0.155324212345676E+00  0.345286821637581E+00  0.925554644449809E+00 -0.336293595292391E+00 -0.674000328115498E+00 -0.657746285026011E+00
-0.223017898563115E+00  0.334603264731193E+00  0.915589248599894E+00  0.198008722468883E+00 -0.704939340737393E+00 -0.681067597017337E+00
 0.718762378100948E-01  0.157769303476460E+00  0.984856666382890E+00 -0.924042459396723E+00  0.156958225869192E+00 -0.348582341153494E+00
 0.118534100717433E+00 -0.206040570920312E+00  0.971337711664662E+00 -0.172977949737968E+00 -0.434502579286561E+00  0.883903918702578E+00
-0.385017514574686E+00 -0.610327375270593E-01  0.920888982679609E+00  0.521677429111733E+00  0.465808280240470E+00 -0.714755416918815E+00
 0.507384296262238E+00 -0.279919842818205E+00  0.814988378753406E+00  0.775733767773037E+00 -0.443357392536702E+00  0.449078327265639E+00
-0.129333252591748E+00 -0.216335341416114E-01  0.991365169841357E+00 -0.382317182981912E+00 -0.782708062334216E-01  0.920710189195463E+00
-0.413560376709004E+00 -0.524623314116765E-01  0.908963980914072E+00  0.804821649519469E+00 -0.592097345194916E+00 -0.410225094051300E-01
 0.551721891657312E+00 -0.413264145604116E+00  0.724441647218172E+00 -0.804393184392696E+00  0.585470700910883E+00 -0.100874492700069E+00
-0.353089454332695E+00  0.127849612650927E+00  0.926812987492109E+00 -0.641138109468251E+00  0.580409800846855E-01  0.765227527744713E+00
 0.101960299504336E+00  0.292319242825513E+00  0.950869895200655E+00  0.356610116851640E+00 -0.866566753094048E+00 -0.349129327028106E+00
-0.173130475854430E+00  0.454958398733912E-01  0.983847532336507E+00  0.740148527256651E-01  0.276831825717168E+00 -0.958063641855852E+00
 0.456392834053096E-01  0.252368055095672E+00  0.966554406423910E+00 -0.165326747443290E+00 -0.131090343091180E+00 -0.977487794567308E+00
 0.490742818702384E-01 -0.252729130133895E+00  0.966291726985534E+00 -0.212485307151110E-01 -0.693505758246179E+00  0.720137669631190E+00
 0.306035731236179E-01  0.243465529303397E-01  0.999235040754915E+00  0.133581464321097E+00  0.235739188009077E-01 -0.990757418716711E+00
 0.272561601519683E+00 -0.453837123740537E+00  0.848376118529949E+00 -0.167651093619921E+00  0.806069504129367E+00 -0.567578245989645E+00
 0.465188333134379E-01  0.107984559518571E+00  0.993063609771669E+00  0.759584712762182E+00  0.155693299480878E+00  0.631498741593956E+00
-0.244850904103751E+00  0.169624156318506E+00  0.954607605434197E+00 -0.469505695790951E+00  0.852918590050467E+00  0.228241714781013E+00
 0.138964124268847E+00  0.255486592340708E+00  0.956773522470352E+00  0.190059670755103E+00  0.223145401142579E+00  0.956077115875795E+00
-0.201610274346717E+00  0.204568716482095E+00  0.957864780391632E+00  0.116151525288384E+00  0.236599737657260E+00  0.964639511586426E+00
 0.161099181792051E-03 -0.734461128310604E-01  0.997299174048119E+00  0.438393295154365E+00  0.931339292684996E-01 -0.893944847282374E+00
 0.115857713530268E+00  0.147534546669275E+00  0.982247701832196E+00 -0.402417023181095E+00 -0.968399932249819E-01 -0.910320028982254E+00
-0.119600507708835E+00  0.185062698596695E+00  0.975421711950220E+00  0.191292328385045E+00 -0.497157456325404E+00 -0.846310645520356E+00
-0.520749609392505E-01  0.765818052882882E-01  0.995702478425138E+00 -0.152828567937298E+00 -0.173252153938430E+00 -0.972947645034371E+00
-0.433080099720049E+00 -0.166461636268144E+00  0.885851088432703E+00  0.567461314143845E+00  0.790984337835489E+00 -0.228760648384056E+00
-0.293578220834735E+00  0.411278966161230E+00  0.862937680394628E+00  0.517346938572284E+00 -0.563027991907224E+00 -0.644477792851549E+00
-0.503307308708046E+00  0.585568390190277E-01  0.862121133951119E+00  0.672997455183441E+00 -0.601910343542213E+00 -0.429858539118985E+00
-0.110875211542529E-01  0.197709713401707E+00  0.980197906599106E+00 -0.377013634730165E+00  0.199527948263615E+00  0.904460788032992E+00
-0.595275891588990E-02  0.307224094441627E+00  0.951618579293097E+00  0.735750189917858E-01 -0.925240165395818E+00 -0.372179194634355E+00
 0.296383310487876E+00 -0.223714993953800E+00  0.928497999321753E+00 -0.866529403574670E+00  0.420779190237038E+00 -0.268461665427281E+00
 0.203637141954720E+00 -0.292948258004527E-01  0.978608056168472E+00  0.615444430941882E+00 -0.289965876612707E+00  0.732903774599946E+00
-0.411784710643883E+00  0.169151339140653E-01  0.911124157469553E+00  0.460402448180649E+00  0.829807055962954E+00  0.315356679940918E+00
 0.984148694636748E-01  0.114364322638659E+00  0.988552130732542E+00 -0.423434996018598E+00  0.173048663063629E+00 -0.889245165496344E+00
 0.222036455666187E+00 -0.231113297967150E+00  0.947252055082460E+00 -0.231132431951631E+00  0.131003500831443E+00 -0.964062177284241E+00
-0.600949175893322E-01 -0.880008106608515E-01  0.994306018388184E+00  0.848962325865356E+00 -0.523542926065758E+00 -0.718733179127578E-01
-0.441154944611624E-01 -0.104158541174721E+00  0.993581814169725E+00  0.451069648195335E-01 -0.873203462193538E-02  0.998943999079093E+00
 0.461866788601675E+00 -0.369551515801767E+00  0.806294454126650E+00  0.544792315652716E+00 -0.126142259795612E+00  0.829029229339598E+00
 0.374041766123296E+00  0.999970792742048E-01  0.922005065784345E+00  0.827954605856042E+00  0.549392746813933E-03  0.560794854478334E+00
-0.191179784679300E+00  0.431802753362829E+00  0.881474147163861E+00  0.233772325719672E+00  0.971581650704622E+00 -0.371429097096204E-01
-0.138877989201700E+00 -0.204230831858750E-01  0.990098884853667E+00  0.142629911149316E-01 -0.144112709541622E-01 -0.999794420045412E+00
 0.193063851302243E+00 -0.161065493262779E+00  0.967876157470760E+00  0.125738601321309E+00  0.861716582574661E+00  0.491563155101772E+00
-0.337493769783418E+00  0.144039234912367E+00  0.930242255631960E+00  0.526638533704651E+00 -0.208611563246137E+00 -0.824095304256381E+00
 0.377425645817019E+00 -0.286803466197456E+00  0.880507611356501E+00 -0.323641983168541E+00  0.637319406660856E+00 -0.699342434451241E+00
-0.163772487812520E+00  0.315856253809389E+00  0.934565888081304E+00 -0.320167208512241E-01 -0.762865671485298E+00 -0.645763808876915E+00
-0.104096208355841E+00  0.848963640082877E-01  0.990937226459935E+00 -0.296329265741672E+00 -0.828136801661045E+00 -0.475792395903525E+00
-0.139192592717797E+00 -0.400124510830765E-01  0.989456631637194E+00 -0.537186139158155E+00 -0.144020595878529E+00  0.831077084186027E+00
 0.211095979984342E+00  0.123787188836924E+00  0.969595389383789E+00  0.103973792350644E+00  0.295566061007733E-01  0.994140763443502E+00
-0.968739272685199E-01 -0.172293585729523E+00  0.980270555781432E+00  0.543645045645108E+00  0.249779858257280E+00 -0.801286519763375E+00
 0.370303763235047E+00 -0.646958913789600E-01  0.926655040763630E+00 -0.757847492063282E+00  0.417614410848296E+00 -0.501263785471507E+00
 0.968397249115765E-01 -0.310220479394612E+00  0.945719473122568E+00 -0.400366252563215E-01  0.999070469865667E+00  0.159770109995397E-01
-0.364254115584798E+00 -0.179052531449909E+00  0.913925122896245E+00 -0.837529306995012E+00 -0.742934271504642E-01  0.541317971812034E+00
-0.189877127408558E+00  0.299949111409023E+00  0.934867481011085E+00  0.250242485121735E+00 -0.317704292375183E+00 -0.914572403501485E+00
-0.393500734780447E-01  0.279479047964284E+00  0.959345106552512E+00 -0.179725717512457E+00 -0.197858080462785E+00 -0.963613432067141E+00
 0.161517864690936E+00 -0.243575885049687E+00  0.956338207752855E+00 -0.506950896333695E+00  0.373132534687204E+00 -0.777028249334840E+00
-0.105902946329582E+00 -0.168939142799340E+00  0.979920472277694E+00 -0.248365184525393E+00 -0.291999782146930E+00  0.923607526139655E+00
-0.234406651184042E+00 -0.215048686131044E+00  0.948054631587228E+00  0.293908523410347E+00  0.910523740655197E+00 -0.290799411227083E+00
-0.416337564704637E-01  0.415085802061777E+00  0.908829140844906E+00 -0.311610247161424E+00 -0.948138204416015E+00  0.627136284293174E-01
 0.632862519068547E-01 -0.212713023363166E+00  0.975063085144384E+00 -0.180424077970550E+00  0.463315064076881E+00 -0.867632585538321E+00
 0.707478293766250E-01  0.162189724646691E+00  0.984220116568203E+00 -0.224786418075151E+00 -0.211210861939875E+00 -0.951241839937436E+00
-0.448492315675434E+00  0.207948139637894E+00  0.869259578032492E+00 -0.735465045001001E+00  0.561234359762771E+00  0.379614489980754E+00
 0.105787478990698E+00  0.460190674099910E+00  0.881495066781581E+00 -0.348660031749816E+00 -0.867238886169952E+00 -0.355433392599679E+00
 0.243728444338690E+00  0.157704224049682E-01  0.969715287699132E+00 -0.363509132569738E-01 -0.500535706867389E-02 -0.999326551986886E+00
 0.415877683441260E+00 -0.222967744221479E+00  0.881663846061704E+00 -0.852349699703688E+00  0.475309464173727E+00 -0.218130471695077E+00
 0.277327456978158E-01  0.153604390190341E+00  0.987743178225147E+00 -0.426092857164384E+00  0.776601062664907E+00  0.464042742149070E+00
-0.585487307268049E-01 -0.130018091650968E-02  0.998283704995661E+00  0.311299231929749E-01 -0.207698915763959E+00  0.977697339810473E+00
-0.132259463112953E-01 -0.211285505737221E+00  0.977334901356509E+00 -0.208474157068529E+00  0.319324162785560E-01 -0.977506443265301E+00
 0.125499869741757E+00  0.129834910851746E+00  0.983561222608395E+00 -0.947307107001237E+00 -0.262351872235011E+00 -0.183795375784407E+00
 0.117181127230220E+00 -0.186734089400474E+00  0.975396823491255E+00 -0.498654869246402E-01  0.584601473669819E+00 -0.809786731304511E+00
 0.155779659126393E+00 -0.129956788022982E+00  0.979205765428908E+00  0.235159688021320E-01  0.248991548151060E-01  0.999413343567510E+00
-0.547857452138578E-01  0.320909910177171E+00  0.945523850397991E+00 -0.178568938954038E-03  0.472100079881874E+00  0.881544940821886E+00
 0.267957489820556E+00  0.269851452908125E+00  0.924867005040423E+00 -0.539587351542758E+00  0.382562654259134E+00 -0.749994203725121E+00
-0.390062433059600E+00 -0.374936073506439E+00  0.840995980429871E+00 -0.695728093756940E+00 -0.527124241443932E+00  0.487957430150924E+00
-0.445031220085440E-03  0.204744799797831E+00  0.978815288449746E+00  0.563640858614678E-02 -0.753460839298957E-01  0.997141513795649E+00
-0.254150366516475E+00 -0.289225708285990E+00  0.922906322909324E+00 -0.619695031246039E+00 -0.208068153998371E+00  0.756760009210768E+00
-0.276352411248266E+00 -0.870823783177120E-01  0.957102922461216E+00  0.762099131642950E+00  0.646869744768378E+00 -0.276486320159723E-01
-0.998895860253624E-01 -0.412614672605357E+00  0.905412172744798E+00  0.503999976941900E+00  0.855507749022008E+00 -0.118703473436382E+00
 0.167993730158600E+00  0.170336703037716E+00  0.970960099193391E+00  0.603172515396496E+00  0.639028258802488E+00  0.477311010895542E+00
 0.585520611179821E-01 -0.205846765189662E+00  0.976830980978689E+00  0.916097470596764E+00 -0.239074314976541E+00  0.321883358197824E+00
-0.393913729601843E+00 -0.419123226035143E+00  0.818026708016957E+00 -0.596876198405277E+00 -0.759202730673852E+00  0.259518819191656E+00
 0.118623137704963E+00 -0.165467603504401E+00  0.979055168717034E+00 -0.673273716756581E-02 -0.566510556128637E-01 -0.998371337803816E+00
-0.458634437207121E+00 -0.627740183691544E-02  0.888602862494762E+00 -0.426324500634090E+00 -0.248821633078397E+00  0.869675350387312E+00
-0.128629754911072E+00 -0.480838135998444E+00  0.867322934737148E+00 -0.259853096572935E+00 -0.533642895801753E+00  0.804799122739194E+00
-0.138210023088521E+00 -0.195423900243711E-01  0.990210121393437E+00 -0.439911811739903E+00  0.730619581933151E+00  0.522180643443956E+00
-0.318069111211699E+00  0.158843440438105E+00  0.934666144632823E+00 -0.429581415065825E+00  0.612368368065443E+00  0.663675213958537E+00
-0.130612812079997E+00 -0.241529094606155E+00  0.961563305133514E+00  0.932572644535980E+00 -0.289589163400832E+00 -0.215514220189702E+00
 0.254944584611088E-01 -0.323224684621366E+00  0.945978771347007E+00  0.599046788909607E+00 -0.742967465905161E+00  0.298567059977405E+00
 0.277179679647674E+00  0.341239376638907E+00  0.898179889009714E+00  0.566109305747895E+00  0.823082438355117E+00  0.453382136506422E-01
-0.390504595343896E+00  0.458979343868256E+00  0.798025139276681E+00 -0.293843523423526E+00  0.179702345781201E+00  0.938809379300602E+00
 0.241703142059432E+00 -0.146618735542365E+00  0.959209329347122E+00  0.611727312850004E+00 -0.230752064480741E+00  0.756665830767578E+00
-0.110972839564789E+00  0.301949879944365E+00  0.946842805792235E+00 -0.316559522501972E+00 -0.155773865937831E+00  0.935694699890999E+00
-0.229325967386650E+00  0.143313592643680E+00  0.962741302139749E+00  0.199866552063853E+00 -0.569503320962358E+00 -0.797320091794351E+00
-0.781926284610659E-01  0.474456210763850E+00  0.876799416583952E+00  0.528951643350550E-01  0.956083255136102E+00  0.288282692575053E+00
-0.179852893223565E+00  0.249894929670139E+00  0.951422861257953E+00  0.115469816129525E+00  0.174670638245090E+00  0.977832751393645E+00
-0.304971832488459E-01  0.966252221887068E-01  0.994853500898936E+00 -0.120231005742449E+00  0.678724603359775E+00  0.724484242790880E+00
-0.184007273643606E+00  0.741376594578610E-01  0.980124956674585E+00 -0.898278150733302E+00 -0.216585884167669E+00  0.382343979545211E+00
 0.208976051441819E+00  0.186373911117660E+00  0.959996757899990E+00  0.302879752807011E-01  0.178294400216576E+00 -0.983510927953933E+00
-0.153949879146069E+00  0.139892863791389E+00  0.978125463001119E+00  0.180754979859629E+00  0.203675646189197E-01 -0.983317242586257E+00
-0.104468364821737E+00 -0.431383538254838E-01  0.993592191586015E+00  0.682670518180439E-01 -0.126337548898779E+00 -0.989635505312093E+00
-0.817595676774736E-01 -0.479938201669000E-01  0.995495839428262E+00 -0.127028869730735E+00 -0.140146024120264E+00  0.981948449857840E+00
 0.273096709013210E+00  0.284163822282571E+00  0.919058817286420E+00 -0.527394224580844E+00 -0.813195543944522E+00 -0.246106357470794E+00
-0.315309231749338E-01  0.941076198769479E-01  0.995062589370554E+00 -0.578754032365208E+00  0.494882015785576E+00  0.648178648578474E+00
 0.533547938229437E+00  0.747082865855723E-01  0.842463809030729E+00  0.812540192604572E+00 -0.124674198018357E+00  0.569416174472244E+00
-0.465061191490235E+00 -0.112194528492231E+00  0.878140350938328E+00 -0.540467483145965E+00 -0.250288455800048E+00  0.803274914680580E+00
 0.156958309571074E+00 -0.116106954931335E-01  0.987536976931374E+00  0.710724545674232E+00 -0.509633258643564E+00  0.484917066992386E+00
 0.321954276416107E+00 -0.406569060732704E+00  0.855012890401255E+00 -0.765147355487731E-01 -0.287684830734637E+00  0.954663780296018E+00
 0.193081475224294E-01 -0.403573087275197E-01  0.998998740275243E+00 -0.277399233472311E+00 -0.214951443054419E+00  0.936400310976986E+00
 0.663082774473815E-01 -0.582609307655616E-01  0.996096820739978E+00 -0.581442418542917E-01 -0.855980828577713E-01 -0.994631698343796E+00
 0.356475764314840E+00 -0.878411721957289E-01  0.930166091579042E+00  0.771870209215149E-01  0.423077063495793E-01  0.996118578174657E+00
-0.471292919061474E-01  0.253449224179375E+00  0.966199938215325E+00 -0.582623346131402E+00  0.752032858909657E+00  0.308215209979678E+00
-0.272073122161342E-01 -0.114753821789542E+00  0.993021310217796E+00 -0.998285025229587E+00 -0.580500493412549E-01 -0.756307965318719E-02
-0.194970095927290E+00 -0.408108232897937E+00  0.891871253004057E+00 -0.527170609383093E+00 -0.746660319990801E+00  0.405696333670755E+00
-0.197712028138562E+00  0.146713240033246E+00  0.969218849965416E+00  0.858399565816969E+00 -0.719877301994001E-01 -0.507905455873411E+00
-0.652491084698018E-01  0.130642470252701E+00  0.989280091182557E+00 -0.329287584885083E+00  0.310355331796222E+00  0.891767489016171E+00
 0.204653076759635E+00  0.327333359513713E+00  0.922480346631993E+00  0.652140699475641E+00  0.550265413948232E+00  0.521459952728685E+00
 0.470432034637002E+00  0.265964900261686E-01  0.882035332345353E+00 -0.966340833240953E+00  0.543405110248634E-01 -0.251460738233103E+00
 0.412054055077768E-02 -0.550871012438844E-01  0.998473050423553E+00  0.839771905516101E+00 -0.481936438029925E+00  0.250040829475678E+00
 0.135381824803201E-01  0.739667775817782E-01  0.997168808893107E+00 -0.306549068078122E+00 -0.221406050571651E+00 -0.925746741625753E+00
 0.860518732587279E-01 -0.330327019694819E+00  0.939935707997203E+00  0.621166065991725E+00 -0.517717003755569E+00  0.588321189897764E+00
 0.898818696894369E-01 -0.379514117517354E+00  0.920809580807104E+00  0.144240626660121E+00 -0.607208161878815E+00  0.781340444216506E+00
 0.300239300267162E+00  0.138115354845706E+00  0.943811692728444E+00 -0.926844236387487E-01  0.461849153305176E-01  0.994623823970985E+00
 0.464884756987711E-01 -0.165448406800078E+00  0.985122147915943E+00  0.387189527726917E-01 -0.212131783489419E+00  0.976473731920006E+00
 0.121789883662782E+00 -0.234597147120482E+00  0.964433202871167E+00 -0.134237821834661E+00 -0.847052095934877E+00  0.514279062340104E+00
-0.248633963645737E+00  0.341795166623853E-01  0.967994273104204E+00 -0.648923813917243E+00 -0.201569741931864E+00  0.733667174452164E+00
-0.313395946708278E+00 -0.237967378039671E-01  0.949324336492387E+00  0.794648837113016E+00 -0.104057390721951E+00 -0.598084680552069E+00
-0.334947577320157E+00  0.123536627645920E-01  0.942155776643999E+00  0.746879040207614E+00 -0.169191207092875E+00 -0.643075450270814E+00
 0.122629077790374E+00  0.361064931596330E+00  0.924442656118604E+00 -0.543602409680779E+00 -0.837503561320437E+00  0.555356188840558E-01
-0.115032122588795E+00  0.121914271981804E+00  0.985852180126343E+00  0.140671491689938E+00 -0.104660997894268E+00 -0.984508815067445E+00
 0.303177043602630E+00 -0.333666684389432E+00  0.892608662270836E+00  0.624899478673809E+00 -0.761074863051469E+00  0.173970383641554E+00
-0.913565807717011E-01 -0.657725894984405E-01  0.993643769980154E+00  0.415716785439266E+00 -0.877601209791555E+00  0.238737661202505E+00
-0.210899783702376E+00 -0.616235900417815E-01  0.975563331816368E+00  0.495220868247965E+00  0.337305940630964E+00 -0.800612886523064E+00
 0.352481163559891E+00  0.130569159247669E+00  0.926665378650148E+00  0.909171229699757E+00  0.139704483313438E+00  0.392288583097135E+00
 0.123645417705943E+00 -0.976934834471678E-01  0.987505845031958E+00 -0.924611390905347E+00  0.308818823376363E+00 -0.222990381264569E+00
 0.722591306650716E-01  0.385689978193292E+00  0.919794465495844E+00  0.220060048178992E-03  0.903266571520863E+00  0.429079773872553E+00
-0.238551321572463E+00  0.751599447427120E-01  0.968217046783573E+00 -0.619562478058772E+00  0.484496482859628E-01  0.783450679598046E+00
 0.331621657036195E+00  0.224400735985848E+00  0.916335847969279E+00  0.506320417692521E+00  0.621583173579809E+00  0.597724010685637E+00
 0.290845478648760E+00 -0.715902726707843E-01  0.954087910209797E+00 -0.728894037529513E+00  0.926266836812289E-01 -0.678331614716683E+00
 0.138459530335261E+00 -0.971204705300889E-01  0.985594527512888E+00  0.614883582426748E+00 -0.774269424609098E+00  0.149749918789776E+00
 0.319999463496042E+00  0.692017940384607E+00  0.647079217366848E+00  0.616659947021094E+00  0.776460897499044E+00  0.129765112395132E+00
-0.210901375098421E+00  0.171541562869910E-02  0.977505840049468E+00 -0.624105560413582E+00 -0.357526677119478E-01  0.780521618030102E+00
-0.154065160563788E+00 -0.980107116216890E-01  0.983187584699819E+00 -0.302690974708223E+00 -0.164657744517458E+00  0.938757690248452E+00
 0.186002072268644E+00  0.271754913711384E+00  0.944220575917242E+00  0.351456228709010E+00  0.573296617388000E+00 -0.740141545782371E+00
-0.202898403815299E+00 -0.140622772851851E+00  0.969049778641253E+00  0.341023397831092E+00  0.772826494734061E+00 -0.535202999962446E+00
 0.427711309536920E+00  0.210898614644236E-01  0.903669327485239E+00 -0.860547936814726E+00  0.232600480722020E+00 -0.453160308071882E+00
-0.465463510416542E+00  0.115297510930373E-01  0.884991969065507E+00 -0.528425522850690E+00  0.411194953219780E+00  0.742755126031829E+00
-0.159148649938866E+00  0.139363022305502E-01  0.987156262555618E+00  0.785866554676389E+00  0.614472575450220E+00 -0.695500701698826E-01
 0.234485258159809E+00 -0.466573657234528E+00  0.852833914710552E+00 -0.761234268730058E+00  0.463788292592375E+00 -0.453235929473010E+00
 0.241456708355781E+00 -0.250655041636931E+00  0.937481044124082E+00 -0.419596621108115E+00  0.466586815072353E+00 -0.778611212066261E+00
-0.819573867591458E-01 -0.260252668498420E+00  0.962055889901966E+00 -0.556253023994308E-01  0.773251920154079E+00 -0.631654410030518E+00
-0.356073336917417E+00  0.450599768996705E+00  0.818640108299497E+00  0.622379919193779E+00 -0.595978302967650E+00 -0.507398362803966E+00
 0.221957094307978E+00 -0.791631351370061E-01  0.971837561695184E+00  0.233216702462145E+00 -0.176685763053753E+00  0.956238521932052E+00
-0.167278055994170E+00 -0.186452338810898E+00  0.968118576071525E+00  0.283880625775071E+00 -0.129019575638113E-01 -0.958772824917653E+00
-0.159202013540122E-01  0.336359073168633E-01  0.999307346579529E+00  0.434538136381999E+00 -0.190564035529222E+00 -0.880262436090781E+00
 0.492043730124768E-01  0.944760119265174E-01  0.994310420767534E+00  0.604410932504182E+00  0.367822270231294E+00  0.706678287618433E+00
 0.116169665510600E+00 -0.210978828353703E+00  0.970563003004779E+00  0.226519336085318E+00 -0.353034335677943E+00  0.907775163910040E+00
-0.162166890830253E+00 -0.228710342735903E-01  0.986498259151888E+00  0.285728333920678E+00 -0.115891601808916E+00  0.951277275995320E+00
-0.146487584480547E+00  0.504767010665894E-01  0.987923828158066E+00 -0.888567996897161E+00  0.169642058655713E+00  0.426225863627748E+00
 0.557933394460459E+00 -0.234635288663472E+00  0.796025507543345E+00  0.942551185989479E+00 -0.320193005227344E+00  0.952559772051583E-01
 0.122552926764849E+00 -0.318770808569638E+00  0.939875498002384E+00 -0.503386063442567E+00  0.633862044810792E+00 -0.587214934483174E+00
-0.382923928938530E+00 -0.227224965245837E+00  0.895398279993494E+00  0.923463944020586E+00  0.377637517507117E+00 -0.678546200711878E-01
 0.151535675301977E-01  0.569425321978816E-03  0.999885015962291E+00  0.316490795854959E+00  0.840464344939590E+00  0.439833219555277E+00
 0.191682868085327E-01 -0.137606644730535E-01  0.999721571685880E+00  0.385796705717871E-01  0.178565163654191E+00 -0.983171445551448E+00
-0.151333717939487E+00 -0.265277328554782E+00  0.952221636369102E+00  0.258762549897708E+00  0.569213855055881E+00 -0.780408566061944E+00
-0.165520049455715E-02 -0.431921566207021E+00  0.901909652324775E+00 -0.215584342034757E+00  0.877123339749034E+00 -0.429159688620613E+00
-0.837531875005663E-01  0.999141487945236E-01  0.991464858910371E+00 -0.416641829201355E+00  0.121363029546245E+00  0.900933183548651E+00
-0.102209971545363E+00 -0.100071323802208E+00  0.989716551275753E+00  0.102336849237441E+00  0.264345745141114E+00 -0.958983053194342E+00
-0.144795451822596E+00 -0.226024303941435E-01  0.989203420572214E+00 -0.261493618048690E+00 -0.103180213660882E+00  0.959674388127921E+00
 0.608407312443867E-01  0.588698537516794E+00  0.806059822437043E+00  0.185794839440402E+00  0.952379339062903E+00  0.241772356077826E+00
-0.212602497074550E+00  0.351485351909932E+00  0.911733637434979E+00 -0.551989873625389E+00  0.735833760549059E+00  0.392244638269610E+00
 0.222208607600870E+00  0.234974394874394E+00  0.946261258036857E+00  0.441475444683410E+00  0.895451954937767E+00 -0.571421747898696E-01
 0.930146628003350E-01  0.470907817476781E+00  0.877265125229195E+00 -0.585078544975868E-01 -0.937258035076921E+00 -0.343692022959275E+00
 0.261827049589346E+00  0.996237503120923E-01  0.959959220215678E+00  0.166203845925421E+00 -0.117594139388574E+00  0.979054594995121E+00
-0.109019650171914E+00  0.508911207253685E+00  0.853887638397459E+00  0.187835471066018E+00 -0.856959488331564E+00 -0.479935694825788E+00
-0.631101398554571E-01  0.489498077235630E-01  0.996805410584860E+00  0.485936514357417E+00 -0.295806768390473E+00 -0.822413557639068E+00
-0.166169696380630E-01  0.290467799658344E+00  0.956740473525442E+00  0.276525209442877E+00 -0.383480422678856E+00 -0.881179081665367E+00
 0.175811443194608E-01 -0.248362525894057E+00  0.968507593721362E+00  0.103718330049263E-01  0.151603352963159E+00 -0.988386993262480E+00
-0.633896020558290E-01 -0.339641506264963E-01  0.997410745291740E+00 -0.276838700485376E+00  0.403916183186634E-01 -0.960067107593614E+00
-0.443906243882461E-01  0.147193514757101E+00  0.988111097842683E+00  0.657396608207996E-01 -0.105401248471856E+00 -0.992254440058466E+00
-0.303268017158998E+00  0.227838450987944E-01  0.952632881109488E+00 -0.716538404278142E+00  0.746715444130930E-01  0.693539382911668E+00
-0.267966332278906E+00  0.857001016135974E-01  0.959609054432278E+00  0.338810353148891E+00  0.100910911284065E+00 -0.935427459818742E+00
-0.317819078252094E+00 -0.335976880143248E+00  0.886628766456514E+00  0.186032130645168E+00  0.770392512419375E+00 -0.609825731808508E+00
 0.187577727044410E-01  0.173123702881631E+00  0.984721447650919E+00  0.114492465751116E+00  0.326858891544255E+00  0.938112328191401E+00
-0.753129782792885E-01 -0.188972587689312E+00  0.979090045095296E+00 -0.623260302361240E-01 -0.411768382543091E+00  0.909154698108552E+00
-0.126015024084470E+00 -0.113494592504562E+00  0.985514683389960E+00  0.253797137492517E-01  0.701150730127184E-02  0.999653294345280E+00
 0.161477618785893E+00  0.916288268399488E-01  0.982613421811026E+00  0.221246296435141E+00  0.394563906515773E+00  0.891834850176167E+00
-0.159897347327477E+00  0.719656069911299E-01  0.984506876424961E+00  0.201688706762310E+00  0.318083940686828E+00  0.926360767866216E+00
 0.468554104137636E-01  0.129540315508780E+00  0.990466494725008E+00 -0.207565193130507E+00 -0.573220144861938E-01  0.976540258901772E+00
-0.842447513665512E-02 -0.679851371285367E+00  0.733301534963672E+00  0.464730593844681E+00 -0.852601888507085E+00  0.238946636006709E+00
 0.137173392250794E+00  0.251195200476139E+00  0.958167225340213E+00  0.436380737160201E+00 -0.328519899168118E-01 -0.899162165014757E+00
-0.168755639827311E-01  0.173461720566631E+00  0.984696017478658E+00  0.242306364852926E-01 -0.909683884908339E-01 -0.995558952825446E+00
 0.718096828868251E-01 -0.307968376536493E+00  0.948682691155041E+00  0.627469513138907E+00 -0.778634332865139E+00 -0.325357724399321E-02
 0.133049410994293E+00  0.430434550569117E-01  0.990174285270444E+00  0.424192416413517E-01 -0.615552733054429E-01  0.997201863349074E+00
-0.337101267823363E+00 -0.430604761978698E+00  0.837222953694624E+00 -0.149949847328202E+00 -0.969456560885910E+00  0.194085084026342E+00
-0.209368822300980E+00 -0.318596604333620E-01  0.977317583125041E+00  0.341650388635434E+00  0.491818440236284E-03 -0.939826989429373E+00
 0.208096947996939E+00 -0.221514359487797E+00  0.952694625142323E+00 -0.528893781680015E+00  0.634961895448838E+00 -0.563111675450111E+00
 0.170359034504359E+00 -0.144855720773700E+00  0.974676674349948E+00 -0.504323179046087E+00  0.355601543640208E+00 -0.786896227743881E+00
-0.693264581376517E-01  0.690825475542579E-01  0.995199198063133E+00  0.424923155658338E+00  0.362327864733735E+00 -0.829553392026608E+00
 0.995236567959985E-01  0.189102413475714E+00  0.976900874682591E+00  0.385236457162565E-01  0.991972763129439E+00  0.120440715416648E+00
 0.340708307735471E+00 -0.131409425891887E+00  0.930940068869525E+00  0.761501639383594E+00 -0.133120722046089E+00  0.634345431589151E+00
-0.298095239677516E+00  0.112636283470347E+00  0.947867235285402E+00 -0.868925801497813E+00 -0.393413577725679E-01  0.493376336137025E+00
-0.135106221414071E+00  0.888155954609029E-01  0.986842489426827E+00  0.769517715087805E+00 -0.473978296482119E+00 -0.428003575487347E+00
 0.177375360341011E+00  0.286132670729608E+00  0.941629479299070E+00 -0.842766375668591E+00 -0.503782520819784E+00 -0.189599598519858E+00
 0.542809027824703E-01  0.488055075706338E+00  0.871123313125301E+00  0.670647693969502E+00  0.544010216431249E+00  0.504266353222001E+00
-0.606645691156699E+00  0.110454986221817E+00  0.787261520347431E+00  0.905601187454949E+00  0.292209111140614E+00 -0.307409051016067E+00
-0.230789403681748E+00  0.149859090860707E+00  0.961394042021598E+00  0.112060749577645E+00 -0.202887478885813E+00 -0.972768759426132E+00
 0.292302275741050E+00 -0.884431668229177E-01  0.952227486391218E+00 -0.411847120144898E+00  0.256258040151854E-02 -0.911249352707611E+00
-0.948843745541609E-01  0.115726613131571E+00  0.988738745310692E+00 -0.525736015615103E+00  0.350754898933485E+00  0.774966220398875E+00
-0.199021960465899E+00  0.327442340600797E+00  0.923672979378623E+00  0.344029206701682E+00 -0.494351386137045E+00 -0.798286046452394E+00
-0.392466323781882E+00  0.126371834716328E+00  0.911043546756995E+00 -0.666335381498857E+00  0.720967105917325E+00  0.190272414048828E+00
-0.341997056190073E-01 -0.377975354251868E-01  0.998700018249402E+00  0.813231380292857E+00 -0.101996435530335E+00 -0.572932325188657E+00
-0.826449170276286E-01  0.383867179804361E-01  0.995839483838729E+00 -0.747716175930186E-01  0.667906333522122E-01  0.994961414577939E+00
-0.297846750271418E+00 -0.458708385911970E-01  0.953510975038932E+00  0.783814897821147E+00  0.463503098363224E+00 -0.413278457896509E+00
-0.428584180950827E-01  0.464754261149891E+00  0.884401850258923E+00  0.441294311672067E+00 -0.800151476733820E+00 -0.406222777262137E+00
-0.244481949175818E+00 -0.850460161668092E-01  0.965917052164081E+00 -0.274884813263549E+00  0.251947383757333E-01  0.961147004674749E+00
 0.375636240520873E-01  0.147833202627964E+00  0.988298698951300E+00  0.129141028255081E-01 -0.109819151769605E+00 -0.993867687296864E+00
 0.185572175554888E+00  0.404854131707969E-01  0.981796261441352E+00  0.123016249604866E+00  0.805057148915995E+00  0.580301636489510E+00
-0.271477986059061E-01  0.161477838552499E+00  0.986502866030944E+00  0.312104767286905E+00 -0.949635265648986E+00  0.279906497346247E-01
 0.671645418988770E-01  0.142763016743358E+00  0.987475389749967E+00 -0.662608919755615E-01 -0.214320853197386E+00 -0.974513245717752E+00
-0.356358230772540E+00 -0.133326460988573E+00  0.924788011471239E+00  0.840748695046792E+00 -0.467703590899795E+00 -0.272754436877851E+00
-0.286423089770188E+00 -0.175078136772339E+00  0.941971050335850E+00  0.626114780973393E+00  0.474600814746069E+00 -0.618655273709849E+00
-0.198370683509996E-02 -0.259808935450610E+00  0.965658004661699E+00 -0.945371010253675E+00 -0.295999950755300E+00  0.136593126198961E+00
-0.454642653863536E-01  0.121703224360582E+00  0.991524747927714E+00  0.157344301738334E+00 -0.625801175316094E+00 -0.763947419449449E+00
 0.280402032028067E+00  0.505798251041198E-01  0.958549102407888E+00 -0.844916387811697E+00 -0.151804307897183E+00 -0.512905205385060E+00
 0.715177111120375E-01  0.219270784787022E-01  0.997198285310742E+00 -0.200517587984660E+00 -0.207142061603620E+00 -0.957541050411634E+00
-0.328485692256101E-01 -0.506586340446149E+00  0.861563260111067E+00 -0.498591794647979E-01  0.840885734682478E+00 -0.538911164692852E+00
-0.510152987880769E+00 -0.311045214145254E+00  0.801869567768759E+00  0.490297637517140E+00  0.861899669000372E+00 -0.129372281506358E+00
 0.443287483507127E-02  0.262264308228945E+00  0.964985897435755E+00  0.172903967497359E+00  0.672834199523330E+00  0.719304078937046E+00
-0.586555147140426E+00 -0.377908244634609E+00  0.716336804862253E+00  0.721688372628223E+00  0.510103498656425E+00 -0.467931953890415E+00
-0.152991763886085E-01 -0.368694914377496E+00  0.929424550630121E+00 -0.721270120915442E-01  0.996214880054352E+00 -0.485139864888468E-01
 0.106984787678595E+00  0.174117769219824E+00  0.978895938109500E+00  0.183765638007736E+00  0.823148892128096E-01  0.979517457374544E+00
-0.163379140351755E+00 -0.613137960000980E-01  0.984656221692617E+00 -0.859844055085070E-01  0.426273416282459E+00 -0.900498560010081E+00
-0.222694740616423E+00 -0.178897190472499E-01  0.974724068880109E+00  0.319093309074700E-01 -0.693297236513014E-02 -0.999466722054928E+00
-0.503613341215463E-01  0.395634539780651E+00  0.917026197530938E+00 -0.328834969469368E+00 -0.943418425740943E+00 -0.427695782836358E-01
-0.245691434803695E+00 -0.229476557213394E-01  0.969076428338342E+00  0.808698596282959E+00  0.587768204932209E+00  0.231326098990105E-01
-0.323038624691387E+00  0.165612563742855E+00  0.931782445471053E+00 -0.591916288456389E+00  0.729684862974557E+00  0.342337710756227E+00
-0.426231049329731E-01  0.214270554101985E+00  0.975843942734032E+00 -0.948370201331281E-01 -0.333448729498920E+00 -0.937986079005347E+00
 0.658911326042888E-01  0.132419395813590E+00  0.989001244820495E+00 -0.478149456463436E+00  0.794990781374747E+00 -0.373313212748878E+00
-0.787191584959180E-01  0.302660811271625E+00  0.949841948645192E+00  0.403773327067374E+00  0.822223592138557E+00  0.401142698898673E+00
-0.336458964805262E-01 -0.681405863179221E-01  0.997108225894397E+00 -0.148398796011725E+00  0.237836787897251E-01 -0.988641559902019E+00
-0.342811495413510E-01  0.304345301286728E+00  0.951944714976040E+00 -0.241897262298239E+00  0.392029460670561E+00  0.887580202831815E+00
-0.969600740157269E-01 -0.300146596745966E+00  0.948952456400572E+00 -0.100716615406633E+00 -0.881309573836648E+00  0.461681273656294E+00
 0.420524882288906E-01  0.571712042980450E+00  0.819375938226696E+00 -0.636752339877706E-01  0.873509143377132E+00  0.482625363002352E+00
 0.326413227076571E+00 -0.837278562683831E-01  0.941511577875790E+00 -0.669162034215858E+00  0.100711521609918E+00 -0.736260389657837E+00
 0.687355205235019E-02  0.663672224056490E-01  0.997771590130899E+00 -0.498549523591338E+00 -0.866595804365288E+00  0.214495776958375E-01
-0.931761482694316E-01  0.334578023443764E+00  0.937750367433752E+00  0.302859824955612E-02  0.632878919124505E+00  0.774244858762679E+00
 0.558476189680523E-01  0.971591988761086E-02  0.998392029393433E+00 -0.142189285429485E+00  0.487286355713041E+00 -0.861588193190318E+00
-0.651247528735616E-01 -0.285634319783492E+00  0.956123319412815E+00 -0.346701688665928E-01  0.478539837211044E+00 -0.877381105103586E+00
 0.202030078879477E+00 -0.585027509223625E+00  0.785446790482686E+00 -0.278895953440633E+00  0.945398864495607E+00 -0.168635803330307E+00
-0.561652452988613E+00  0.261174799386020E+00  0.785069580494332E+00  0.860562529769365E+00 -0.426105258266279E+00 -0.279045589885913E+00
-0.178135287845663E+00  0.312962969358380E+00  0.932910498941098E+00 -0.255458221814229E+00 -0.930129084467461E+00 -0.263819982441124E+00
 0.327806985606812E+00  0.100527699185232E+00  0.939381052546781E+00 -0.808703310368312E+00  0.438285487637081E-01 -0.586581634653355E+00
-0.152532546162957E+00 -0.647385308007467E-01  0.986175818498307E+00 -0.158309463964267E+00 -0.311263561090320E+00  0.937044881079193E+00
-0.467321094467945E+00 -0.676776669125864E-01  0.881493464562586E+00  0.875640601968787E+00  0.465067073728599E+00 -0.130254186563267E+00
-0.222701397043622E+00  0.977750048900861E-01  0.969971203785743E+00 -0.747194397445517E+00  0.240571593013288E+00  0.619536795566720E+00
 0.968984020893104E-01 -0.132482090615451E+00  0.986437628711870E+00  0.498350822234125E+00 -0.858225532697456E+00  0.122863310246549E+00
-0.252500480305124E-01  0.371031695772393E+00  0.928276852995225E+00 -0.552532600025607E+00 -0.517779008240911E+00 -0.653155896041673E+00
-0.171801708198064E+00  0.330068876990955E-01  0.984578447064858E+00 -0.155158041398148E+00 -0.382834868499010E+00  0.910693936320450E+00
-0.189854668420871E+00 -0.742295598767016E-01  0.979002133460041E+00 -0.341880527875990E+00  0.947199047711090E-01  0.934957669790128E+00
-0.492932041572634E-02  0.400400841327239E-01  0.999185915364545E+00 -0.319956010672465E-01 -0.953936625979162E-01  0.994925288978273E+00
 0.936957527979948E-01  0.135053741118815E+00  0.986398293245395E+00 -0.133691762464492E+00 -0.990834879790935E+00  0.193068288131586E-01
-0.104501436764997E+00  0.296347197253225E+00  0.949345979290064E+00 -0.692664866494141E+00  0.649258063522720E+00  0.314132694375135E+00
 0.234819857936642E+00 -0.291249479166197E+00  0.927379844079023E+00 -0.546646708680128E+00  0.652664882973149E+00 -0.524600730482554E+00
-0.281209396080374E+00  0.622645308657458E-01  0.957624354197501E+00 -0.728375793511837E+00  0.312670665309934E+00  0.609676765573894E+00
-0.569398325990545E-01 -0.492624824016117E+00  0.868377013875126E+00 -0.558601927512581E+00 -0.825881382782795E+00  0.767061154798492E-01
 0.221428085518211E+00  0.115815335599673E+00  0.968274966620368E+00  0.356471644602788E+00  0.525248701099313E+00  0.772684779575519E+00
-0.148144790233965E+00  0.198186436721462E+00  0.968904152858364E+00  0.647934846855495E+00 -0.589945473910364E+00 -0.481814043011432E+00
-0.790122747733065E-01 -0.366702439045112E+00  0.926977012462291E+00 -0.245130014408315E+00 -0.514954766666956E+00  0.821421246573986E+00
 0.111232322096360E+00  0.214409231370435E+00  0.970389639281145E+00  0.897276147262252E-01 -0.733751644836361E+00 -0.673466761507557E+00
 0.196089282564477E+00 -0.276863184317583E+00  0.940688987090248E+00 -0.743847029639552E+00  0.477156126134841E+00 -0.467988918446160E+00
 0.826368604569499E-01 -0.535004413188539E-01  0.995142629009785E+00  0.172642724459893E+00 -0.525233070104857E-01 -0.983583139298223E+00
 0.666561813817911E-01  0.386065375134574E+00  0.920060041304805E+00  0.684357937447876E+00  0.729120470240294E+00  0.612807707702206E-02
-0.284291077933287E+00  0.159054029853111E-01  0.958606071941653E+00  0.526576304638321E+00  0.277978834959132E+00 -0.803396018603661E+00
-0.325298952666667E+00  0.116955308622437E+00  0.938350705855226E+00 -0.115244648242550E-01  0.231289985574267E-01 -0.999666062310932E+00
