#          Em_x [n.u.]            Em_y [n.u.]            Em_z [n.u.]            En_x [n.u.]            En_y [n.u.]            En_z [n.u.]
 0.190075891416812E+00  0.208294852571316E+00  0.959418787545042E+00  0.532035330079721E+00  0.619685257250303E+00  0.576999644275098E+00
-0.263999802736380E+00 -0.180993419033685E+00  0.947388772585811E+00  0.775603246573717E+00 -0.120792498704055E+00 -0.619555305167457E+00
 0.298560597248640E+00  0.735974503779259E+00  0.607620851812550E+00 -0.740566250362933E+00 -0.560714293533373E+00 -0.370352683061371E+00
-0.708194087065377E-01 -0.685753586080129E-01  0.995129153196829E+00  0.858959162716388E-03 -0.401754270400512E-01  0.999192272413726E+00
-0.121570168789008E+00 -0.304620458043564E-01  0.992115294623576E+00 -0.277136033487973E+00  0.103478985524334E-01 -0.960774968417736E+00
 0.227163565027907E+00  0.356486714643435E+00  0.906263723761766E+00  0.115872437840878E+00  0.963887182492365E+00  0.239781311981859E+00
-0.145861769902638E+00 -0.935456090400295E-01  0.984872358790823E+00 -0.368338416372351E-01  0.887841255235665E-01  0.995369603295810E+00
-0.166915993583671E+00  0.362151208836074E-01  0.985305798270447E+00 -0.116434481014763E-02  0.546800995992881E-02 -0.999984372462011E+00
 0.619128908493771E-01  0.229222117912452E+00  0.971403116428192E+00 -0.992439163795632E+00 -0.695564140482164E-01 -0.101125720909069E+00
 0.188651178444711E-01 -0.187533283490344E+00  0.982077071777997E+00 -0.754377427800652E+00  0.540618762858992E+00 -0.372352050712341E+00
-0.398396748812989E-01  0.220508427661518E+00  0.974571102401255E+00  0.490017586408658E+00 -0.168227324691737E+00 -0.855325863187413E+00
-0.321297329045704E+00 -0.180913225889205E+00  0.929536675471419E+00  0.174042156640159E+00 -0.971733778212933E+00  0.159507968428102E+00
 0.735468693580321E-01 -0.765381054612294E-02  0.997262391345305E+00  0.108420329993193E+00  0.784106016821286E+00 -0.611083289273095E+00
 0.893371551646777E-01 -0.109009633200319E+00  0.990018066793033E+00  0.846431076571133E-01 -0.236200038477638E+00  0.968010891544774E+00
 0.540611038866552E+00  0.808333490821257E-01  0.837380244770435E+00 -0.848871314033022E+00 -0.430033477157245E+00 -0.307390144174956E+00
-0.144082032962538E+00 -0.139116482654262E+00  0.979738216071665E+00  0.163270805221108E+00  0.280201329703270E+00 -0.945954469831910E+00
 0.864299875149083E-01 -0.183708307663951E+00  0.979173689880105E+00  0.123911075586535E+00 -0.609033201428551E+00  0.783405772830835E+00
 0.151024525475943E+00  0.325681348145828E+00  0.933339837451870E+00 -0.374467986325934E+00 -0.247879168265911E+00 -0.893492946338582E+00
 0.291548409115178E+00 -0.162360821036227E+00  0.942676237599554E+00  0.484387646205138E+00  0.859938299804510E+00  0.160856236227181E+00
 0.438767886708667E+00  0.248091866970267E+00  0.863674225119875E+00 -0.600352322849467E+00 -0.560538390540263E+00 -0.570415463657659E+00
-0.869020339314527E-01 -0.644240609372199E-01  0.994131569195413E+00 -0.196881266118235E+00  0.161599473318955E+00 -0.967017775056238E+00
 0.792462845363730E-01  0.202076390037469E+00  0.976158367774720E+00 -0.647430600450979E-01 -0.413005408147786E+00 -0.908424388167049E+00
-0.428668439569406E+00  0.144574051100292E+00  0.891819327367142E+00  0.422353094703886E+00 -0.121042773881296E+00 -0.898313147118071E+00
-0.550608179467125E-01 -0.513400782945986E+00  0.856380722808196E+00  0.667955149107005E-01 -0.831356369022684E+00  0.551710926911216E+00
 0.340949896224322E+00  0.206356426390412E+00  0.917153309731804E+00 -0.453619492693700E+00 -0.788696007333810E+00 -0.414955375750232E+00
 0.191630451099812E-01 -0.128483019458866E+00  0.991526545995036E+00 -0.213427685844231E-03 -0.221210303497437E-02 -0.999997530521344E+00
-0.215619163794333E+00 -0.789895629149607E-01  0.973277465656704E+00  0.600048652627032E+00  0.548026687806930E+00 -0.582759267564102E+00
-0.333487242071310E-02 -0.483499819276266E-01  0.998824888493241E+00 -0.117542254898211E+00 -0.333110325452254E+00  0.935532644748722E+00
-0.590440145562705E-01 -0.301987838681877E-01  0.997798495588143E+00  0.507058798079822E-01  0.474075095622001E+00 -0.879023160937122E+00
-0.147487478168305E+00 -0.114640664882750E+00  0.982397557885195E+00 -0.261095931309937E+00  0.133777442556473E+00 -0.955998174954558E+00
 0.149652001668100E+00  0.811025419604228E-01  0.985406847999489E+00 -0.725527564070500E+00  0.121757385627951E+00 -0.677336617066413E+00
 0.242202375310984E+00 -0.322947749366827E+00  0.914900410193709E+00 -0.737403150255688E+00  0.909380477443516E-01 -0.669303268679777E+00
 0.272453839341829E+00 -0.945687965215281E-01  0.957510129529900E+00  0.961795431861874E+00  0.546700204086603E-01  0.268254983398535E+00
 0.354737309287372E+00  0.754180169070193E-01  0.931919290564032E+00  0.796108290054119E+00  0.282259131728852E+00  0.535295594099915E+00
-0.172948646763552E+00  0.268897040867322E-01  0.984563715255028E+00 -0.699944880642491E+00 -0.714167703840298E+00  0.645405716166754E-02
-0.319020913235879E-02 -0.401978343528831E+00  0.915643617298515E+00  0.415548159278540E+00  0.887695788438646E+00 -0.198282410991261E+00
 0.288577830480049E+00  0.116471318863876E+00  0.950345867375419E+00  0.942928003175611E+00 -0.302364533455608E+00  0.139507955814095E+00
 0.525123672299139E-01  0.273460102006610E+00  0.960448865842656E+00 -0.416027904589629E+00 -0.656351909166054E+00 -0.629382994635888E+00
-0.443711512884747E-01 -0.253933879385935E+00  0.966203283907349E+00 -0.209770093042727E+00 -0.645434060200979E+00  0.734446309812585E+00
 0.276168027976278E+00 -0.215855868165814E+00  0.936556172635724E+00 -0.856463261348433E+00  0.472963569097731E+00 -0.206823945100035E+00
-0.127060554610497E+00  0.230335104764755E+00  0.964780469835020E+00 -0.429794211681080E-01 -0.562867534008394E-01  0.997489133147649E+00
-0.642136767050633E-01  0.267145854149441E+00  0.961514272559063E+00 -0.384746999932586E-01 -0.508240251143095E+00 -0.860355475706660E+00
-0.424539392910714E+00  0.366294159367415E+00  0.828006577679381E+00 -0.620927666297899E+00  0.428160325816043E+00  0.656603052553782E+00
-0.233918686836668E+00  0.217307630254490E+00  0.947659982156990E+00 -0.492071334618410E+00 -0.544887923258162E-02  0.870537828794341E+00
 0.540834246352525E+00  0.470407199601035E-01  0.839812769989794E+00 -0.775369270109699E+00 -0.158795641338497E+00 -0.611217178473779E+00
 0.311174886673960E+00 -0.190027294243646E+00  0.931160468096604E+00 -0.302405782642026E+00  0.422358268000083E+00 -0.854496481020626E+00
-0.156863497657583E+00  0.969877163921753E-01  0.982846491559928E+00  0.206447767997981E+00  0.232504873595159E-01 -0.978181340001023E+00
-0.660674013455866E-01  0.204485569145980E+00  0.976637471373327E+00  0.250374558881739E+00  0.832773725446856E+00  0.493761584643985E+00
-0.445904506285950E-01 -0.339419807984066E-01  0.998428582149079E+00 -0.273837335064615E+00 -0.331568207311341E+00  0.902815395208264E+00
 0.272383735990434E+00 -0.331672250369337E+00  0.903216817105856E+00  0.758707666014181E+00 -0.628750052993871E+00  0.170399672510008E+00
-0.186218908061504E+00  0.538767321512472E-01  0.981029977122556E+00  0.953045786571550E+00 -0.227760466871904E+00 -0.199571787656740E+00
 0.406629290042396E+00  0.133189902114953E+00  0.903832434942576E+00  0.485619217012104E+00  0.862436369241259E+00  0.142749728821128E+00
-0.234592420467069E-01 -0.768013051084318E-01  0.996770396578989E+00  0.236932910367290E+00  0.909611647705017E-01 -0.967258425907203E+00
-0.292179970174835E+00 -0.329524307708540E-01  0.955795481436758E+00 -0.269471967727038E+00  0.849876923584071E-02  0.962970731398828E+00
-0.377252377256552E+00  0.158272156250123E+00  0.912485927787501E+00 -0.790356606112687E+00  0.254331840393352E+00  0.557361417875481E+00
-0.656859358744408E-01  0.232133056285893E+00  0.970463601588267E+00  0.100915272260714E+00 -0.499650104415845E+00 -0.860328937663834E+00
 0.249532449667403E+00  0.766515467731782E-01  0.965327973768638E+00 -0.659077791514476E+00 -0.487651111634696E+00 -0.572549437213807E+00
-0.149098894023266E+00 -0.224713549939504E+00  0.962950331156610E+00 -0.956967566292201E+00 -0.250945985109948E+00  0.145736713363448E+00
 0.488226734236460E+00 -0.179387946469568E+00  0.854081155768135E+00  0.862562093589447E+00 -0.338010055918241E+00  0.376478202291630E+00
 0.331676946871143E+00 -0.857940459552164E-01  0.939483786232030E+00 -0.928495869906524E+00  0.406144083096881E-01 -0.369115008370265E+00
-0.210404911488907E-02  0.502871737992409E-01  0.998732583391874E+00 -0.214824299173142E-01  0.490770659138004E+00  0.871023917773844E+00
-0.146132861389440E+00 -0.239402237340273E+00  0.959860279196200E+00 -0.565072076002036E+00 -0.792956804897347E+00  0.227844364621423E+00
-0.188302168333011E+00 -0.138293354422532E-01  0.982013769191813E+00 -0.150634091180811E-01 -0.108540977024193E-01 -0.999827626278054E+00
 0.255325998077827E+00  0.234437916634665E+00  0.938001864576803E+00  0.246838633532766E+00 -0.983210180838784E-01  0.964055841950365E+00
 0.435758589352023E+00  0.273666633256188E-01  0.899647440692384E+00 -0.790997799880736E+00  0.180848299189272E+00 -0.584479574719410E+00
 0.931855008930371E-01 -0.363344568404494E+00  0.926982840744242E+00 -0.308272034347598E+00  0.639197505533871E+00 -0.704552980093385E+00
-0.506249110486433E+00 -0.108699159166185E+00  0.855509398503757E+00 -0.927835234234736E+00  0.893665993938898E-01  0.362126205935643E+00
-0.789760132605832E-01  0.287830034543388E+00  0.954419541157984E+00  0.554072516129047E+00  0.195862205595408E+00 -0.809099279007051E+00
 0.641362331146500E-01  0.287406515913764E+00  0.955658954968861E+00 -0.318607426409312E+00  0.110780236491236E+00  0.941391017080459E+00
 0.101582080694592E+00  0.884015438644581E-01  0.990891642877332E+00 -0.675350214613043E+00 -0.161742206415873E+00  0.719542595185193E+00
 0.117043100489455E+00  0.200712537453707E-01  0.992923993768357E+00 -0.717371905195322E+00 -0.696128054685142E+00  0.279871598543652E-01
-0.233659742512604E+00  0.313392890346157E-01  0.971813240129886E+00  0.395083305946947E+00  0.775606661956172E-01 -0.915365240994721E+00
-0.166894435704535E-01  0.486150980296248E+00  0.873715449577438E+00  0.227514430126573E+00 -0.588428267227239E+00 -0.775879731925077E+00
-0.128588305781752E+00  0.235270917515214E+00  0.963386030097867E+00 -0.331791668343577E-01 -0.628420986827725E+00 -0.777165494732394E+00
-0.184191826595786E+00  0.177943812626215E+00  0.966648524833796E+00  0.116187006582413E+00 -0.237005856383720E-01 -0.992944541120911E+00
-0.417410066565622E+00 -0.905768271942982E-01  0.904192830487555E+00 -0.654565950890938E+00 -0.731813641657975E+00  0.189716129566085E+00
 0.363908297676726E+00  0.453857409587459E+00  0.813378265411972E+00 -0.340345487995027E+00 -0.835025904828783E+00 -0.432315494825595E+00
-0.116806057807470E-01 -0.227417421603604E+00  0.973727312854971E+00  0.131345154082404E+00  0.679303155386578E+00 -0.722008084152046E+00
 0.412222484956195E+00  0.217386595030213E-01  0.910823832351543E+00  0.831318940772799E+00  0.178665337287887E+00  0.526296034532084E+00
-0.604256275904956E-01  0.152530987798127E+00  0.986449715541356E+00 -0.234946327985021E+00  0.175397050108752E+00  0.956052350961757E+00
 0.284318225999460E+00 -0.156868466620062E+00  0.945809404977975E+00  0.754268193650560E+00 -0.456466238782641E+00  0.471930148325735E+00
-0.582385961652268E+00 -0.579424223551489E-01  0.810844786233457E+00  0.907047731770019E+00 -0.214033387192570E+00 -0.362566023584312E+00
-0.207238253200538E+00  0.310474446111415E+00  0.927716510967763E+00  0.359218685157681E+00 -0.789428211131147E+00 -0.497760018185333E+00
-0.370816364148836E-01 -0.302438609045589E+00  0.952447289879794E+00  0.312951755569069E+00 -0.397470601738024E+00  0.862599744632614E+00
-0.623976728885762E+00  0.269183088355290E+00  0.733616730147652E+00 -0.833660012539730E+00  0.489079172392934E+00  0.256539561517711E+00
 0.962487833630620E-01  0.441694605676241E+00  0.891987694431734E+00  0.281369831790284E-01  0.997401995300202E+00  0.663141760769038E-01
-0.154209131213093E+00  0.243707150733541E+00  0.957510505703119E+00 -0.110609407640517E+00  0.367270468814201E+00  0.923513920673863E+00
 0.272376940764701E+00 -0.134534252772254E-02  0.962189686181028E+00  0.748646738324953E+00  0.237975879357161E-02  0.662964854229463E+00
-0.965216430275058E-01 -0.270220057963664E+00  0.957948168066198E+00  0.514214038356355E+00  0.796818233443674E+00 -0.317276891073005E+00
-0.222417525445711E-01 -0.916124416792795E-01  0.995546314830860E+00 -0.424459936628812E+00  0.324278812806359E+00 -0.845385718924778E+00
-0.453355633061519E+00  0.630299624984004E-01  0.889098360024828E+00  0.723459107470340E+00 -0.328457731082927E+00 -0.607225196043507E+00
-0.450390316262563E-01  0.336186012774067E+00  0.940718050451486E+00  0.102310994995336E+00 -0.479981820961213E+00 -0.871292093301564E+00
-0.320430005215306E+00  0.311671506660317E+00  0.894530873527463E+00  0.152324160758509E+00  0.881169001350579E-02 -0.988291305318590E+00
 0.732502201495348E-01  0.257595486630880E+00  0.963472350675122E+00 -0.144176910008904E+00 -0.211018723194887E+00 -0.966790627323974E+00
 0.213056116176040E-02 -0.145731102481686E+00  0.989321942786375E+00  0.463146523576429E-01  0.669260604747670E-01  0.996682424549725E+00
-0.228388813527651E+00 -0.301135459164543E+00  0.925827189646746E+00  0.607599891813432E+00  0.427562808393435E+00 -0.669337296396238E+00
 0.153378551982259E+00  0.432776956824404E+00  0.888357543691522E+00  0.468805713145608E+00  0.783520256502086E+00  0.407820071812243E+00
 0.589729404044560E-01 -0.134301474026467E+00  0.989184162011489E+00  0.503670311265507E+00 -0.112581407153571E+00  0.856528834490135E+00
 0.322851537789099E+00  0.700568531108560E-01  0.943853231111394E+00 -0.109881006262613E+00  0.509065242495540E+00 -0.853685388972818E+00
 0.175256084751779E+00  0.815175930236569E-01  0.981142286717430E+00  0.301632600409387E-01 -0.184564833836937E+00 -0.982357368707766E+00
-0.401122368438644E+00 -0.134158524491355E+00  0.906146972540589E+00  0.901178276676307E+00  0.495543498627186E-01 -0.430606641909300E+00
-0.944518211143485E-01 -0.121935968044120E+00  0.988033639703288E+00  0.575940580522731E+00 -0.526563470961591E+00  0.625318605797094E+00
 0.503728791658300E+00  0.243052165139758E+00  0.828964986881439E+00 -0.515881077020841E+00  0.223506089920817E-01 -0.856368591582795E+00
-0.416977623352536E-02  0.139920100671524E-01  0.999893412629788E+00  0.569936821352692E-01  0.571589219442872E-01 -0.996736965221432E+00
 0.454109699123605E+00  0.343286793343189E-01  0.890284180998984E+00  0.834907060799204E+00 -0.966130538615978E-01  0.541845104851165E+00
 0.115370711204014E+00  0.671368756811383E-01  0.991051077856260E+00  0.147225234256580E+00  0.443336557247422E+00 -0.884181784140625E+00
-0.107774837160448E+00  0.624000898266427E-03  0.994175133011240E+00 -0.215549655736388E-01  0.166972273602222E+00  0.985725947364288E+00
 0.203819567946117E+00  0.417179320974981E+00  0.885674318174075E+00  0.604933930331442E+00  0.761582723343882E+00  0.232479451646527E+00
 0.118650101113513E+00 -0.439464015828553E+00  0.890389539638463E+00 -0.609562590630729E+00  0.285170219830259E+00 -0.739669787016826E+00
-0.211475538607097E+00  0.445017325784301E-01  0.976369649450635E+00 -0.245545231883376E+00  0.955745498287216E+00  0.162043455909394E+00
-0.537763384543467E-01 -0.130179212431745E+00  0.990031049044975E+00 -0.793875052108236E-01 -0.150308674633817E-01 -0.996730503716877E+00
-0.203297063458950E+00 -0.108151281321437E+00  0.973125687841760E+00 -0.141599489995221E+00  0.110188300521820E-01  0.989862702508471E+00
 0.196918873343409E-03  0.222980944840207E+00  0.974822783618195E+00  0.236493656720159E+00 -0.841151387870628E+00 -0.486348736005804E+00
 0.111482516324879E+00 -0.359126604046463E+00  0.926606567438375E+00 -0.220117228136064E+00 -0.875166472839082E+00  0.430850380870316E+00
 0.928104517682014E-01  0.225990167779378E+00  0.969698233529190E+00 -0.395808610477507E+00 -0.374393060852921E+00 -0.838549569111478E+00
 0.987812879096626E-01  0.230099135772647E+00  0.968140818721940E+00  0.219378443107998E+00  0.870964182619083E+00  0.439652693946237E+00
-0.461280155205190E+00 -0.131819419590915E+00  0.877407692599392E+00  0.900342353366772E+00  0.253375794367760E+00 -0.353814009844846E+00
-0.131804468606176E+00 -0.153300771271617E+00  0.979350016890270E+00 -0.501931094252798E-01  0.601979984904879E+00 -0.796932085902019E+00
-0.309638609622322E+00 -0.723103950960971E-01  0.948100805923189E+00 -0.770479854980678E+00 -0.414187920676579E+00  0.484571108749342E+00
-0.118061623413253E+00 -0.295995284245107E+00  0.947865098408885E+00 -0.702002203793246E+00 -0.617814652604689E+00  0.354256913688885E+00
 0.193572667157544E+00 -0.237805596212377E-01  0.980797689390435E+00 -0.876404986293555E-01 -0.467199184872578E+00 -0.879797740764545E+00
 0.124961549285231E+00 -0.237773302905263E+00  0.963248912600350E+00 -0.586773107936766E-01 -0.493949010773076E+00  0.867508701947319E+00
 0.141965446460855E+00  0.124661670269733E+00  0.981990468373665E+00  0.610487726889631E+00 -0.277046410630540E+00  0.741990580582979E+00
-0.255628147121780E+00 -0.439806587127953E+00  0.860943910088194E+00  0.620138755439349E+00  0.472273593671489E+00 -0.626406877933786E+00
 0.116076392784010E+00 -0.878077343063455E-01  0.989351339431164E+00 -0.481166581094687E-01 -0.257551521106293E-01  0.998509619058392E+00
-0.541016933539669E+00  0.319681398837395E-01  0.840403900309671E+00 -0.893701464380441E+00  0.946781976887083E-01  0.438558697834934E+00
 0.374021515941188E+00 -0.101213779314465E+00  0.921880510961121E+00  0.568197528668147E+00  0.214120025579870E+00  0.794546526681154E+00
-0.203180421857626E+00 -0.124600828604845E+00  0.971180904715874E+00  0.271498878061724E+00  0.406761762305005E+00 -0.872257546793235E+00
 0.384931878179125E+00 -0.783486788461933E-02  0.922911731427617E+00 -0.455803287975680E+00 -0.315551894347509E+00 -0.832268204753887E+00
 0.294317943353461E+00  0.561197835930020E-02  0.955691087077348E+00  0.863415820420169E+00 -0.478616101325299E+00 -0.159498428206483E+00
-0.296192442336695E+00  0.434682106024434E-01  0.954138643892828E+00  0.335414995956432E+00 -0.103416147567174E+00 -0.936376997213148E+00
-0.234339993846798E+00 -0.180490857787731E-01  0.971987138693940E+00  0.233527105946238E+00  0.381486593474575E+00 -0.894389775091117E+00
-0.921926649841570E-01 -0.846683449205678E-01  0.992134962538631E+00 -0.189446401735288E+00 -0.236443293862257E+00  0.952997707057639E+00
-0.285809154314040E+00 -0.101111355401348E+00  0.952937364740829E+00 -0.645295167124583E+00 -0.118790716744070E+00  0.754640916529899E+00
-0.146994210833942E+00  0.235403097579698E+00  0.960717483775116E+00 -0.209215933243497E+00  0.219881846597052E+00  0.952827721476513E+00
-0.577900955997199E+00  0.274449003038398E+00  0.768575454844059E+00 -0.880417584753152E+00  0.371101045524392E+00  0.295209909163173E+00
-0.455690255860184E-01  0.280177423506439E+00  0.958866036140834E+00 -0.515953543263815E+00  0.736597323895280E+00  0.437282887412514E+00
-0.339920459899939E-01  0.344301339565471E+00  0.938243640203778E+00 -0.685773677994581E+00 -0.265236141554157E+00 -0.677764156460968E+00
-0.351014540168429E+00  0.131661861058473E+00  0.927067390718154E+00 -0.553558261944247E+00 -0.193982098676732E-02  0.832808193840456E+00
 0.105591359986602E+00  0.580733811504451E-01  0.992712419131510E+00 -0.924960031858819E-01  0.615513092282303E+00  0.782680089579206E+00
-0.257466265641412E+00 -0.229349103452870E-01  0.966015068176537E+00  0.570681283682004E+00 -0.821171357496596E+00  0.688536315901101E-03
-0.507765791375792E+00 -0.231024229041628E+00  0.829940785058933E+00 -0.759473310986560E-01 -0.888633463716070E+00  0.452285938387399E+00
 0.722984584739074E-01 -0.541474942526770E+00  0.837602423299938E+00 -0.111660251144793E+00 -0.775588709545025E+00  0.621284268222337E+00
-0.158088111375959E+00 -0.156239587739561E+00  0.974985815417104E+00 -0.698473495304225E-02  0.276364273428152E-01 -0.999593638115690E+00
-0.454285445348790E+00 -0.369969554613637E-01  0.890087613345362E+00  0.503933570621077E+00 -0.483475990083271E-02 -0.863728881940273E+00
 0.387848440110541E-01 -0.115684304033018E-01  0.999180617953052E+00  0.230268745305370E-01 -0.961233947252669E-01 -0.995103037899013E+00
 0.150547705194490E+00 -0.565225912201138E-01  0.986985605336996E+00 -0.456488782587210E+00 -0.882800574495000E+00  0.110820291658815E+00
 0.132981513313479E+00  0.642458581712145E-01  0.989034067575380E+00 -0.323838962299468E+00  0.789464158159056E+00 -0.521416023419896E+00
 0.238817198821543E-01 -0.265182592559761E+00  0.963902410028502E+00  0.514589424978011E+00  0.727065720277397E+00 -0.454503203617213E+00
 0.842286028742692E-01 -0.179651391737726E+00  0.980117809196704E+00  0.330247465895316E-01  0.327043541312164E+00 -0.944432045304847E+00
-0.270909822717514E+00 -0.125894638514137E+00  0.954336632404185E+00 -0.744226397002986E+00 -0.665531464351961E+00  0.565237999561986E-01
-0.183437415860004E-01  0.183037179578299E+00  0.982934839161095E+00 -0.946019117319094E+00  0.316527698051163E+00  0.696996845992466E-01
 0.938487873770701E-01  0.206005606038424E+00  0.974040089210190E+00  0.805512803402820E-01 -0.291101867982475E+00 -0.953294914332734E+00
 0.494792800197113E-01  0.229814246989710E-01  0.998510718504081E+00 -0.142375421590171E+00  0.393337984655746E+00  0.908303071201445E+00
-0.369669270431557E+00  0.100059294609633E-01  0.929109526306895E+00  0.470333072254766E+00  0.757011031474683E-01 -0.879236113979430E+00
 0.394222001144194E+00 -0.550678297068617E+00  0.735759761709945E+00 -0.538877646804416E+00  0.542097461281847E+00 -0.644779981269821E+00
 0.344918378845997E+00 -0.151954224562865E+00  0.926251167649330E+00  0.191756263340143E+00 -0.799997004857706E-01  0.978176662669895E+00
 0.207186136545181E+00  0.381332309806157E+00  0.900921513962999E+00  0.514697516421804E+00  0.797940110165543E+00  0.313652749355443E+00
 0.476458363273185E+00  0.246915965841826E-01  0.878850244993515E+00  0.524761867038835E+00  0.749515109556753E-01  0.847942954394562E+00
-0.619504976729960E-01 -0.736007228961009E-01  0.995361778162714E+00 -0.231061613192602E+00  0.114796290047870E-01  0.972871393878320E+00
-0.286453264619540E+00  0.343845677277061E+00  0.894267676597274E+00 -0.295933922909319E+00 -0.946678362692101E+00 -0.127370290421685E+00
-0.204182359339936E+00  0.630090682090374E+00  0.749196433839127E+00 -0.223343460713148E+00  0.923719884719934E+00  0.311222224671802E+00
 0.101301875745136E-01  0.326051928780527E+00  0.945297582266137E+00 -0.436860165877430E-01  0.312796509430478E+00  0.948814984937951E+00
-0.106597840875546E+00 -0.568050298348582E-02  0.994285991154721E+00  0.213260065330886E+00  0.701542744569559E-01 -0.974473459007727E+00
-0.146922095259672E+00 -0.121007482667164E+00  0.981718435735554E+00  0.195664701105847E+00  0.394655470655660E-01 -0.979876418399777E+00
 0.251329546315087E+00  0.556918345205073E-01  0.966298027896566E+00  0.645734542398927E+00  0.522149368215859E+00  0.557123808524306E+00
-0.187806108533079E+00 -0.118519673400758E+00  0.975029206031614E+00  0.241506091437975E+00  0.231937436964860E-02 -0.970396531476121E+00
 0.108058267444477E+00 -0.266025335624467E+00  0.957890354708088E+00 -0.912669835873812E+00  0.408477104829379E+00 -0.134248097296485E-01
-0.723886768750646E-01 -0.167352139488430E+00  0.983236055517149E+00  0.114348686204975E+00  0.589782366849777E+00 -0.799425504794706E+00
 0.103045571752082E+00 -0.692191155746294E-01  0.992265248903413E+00 -0.370181369079857E+00  0.821807180407387E+00  0.433126669944282E+00
 0.388035458068832E+00  0.208616768590266E+00  0.897723524891861E+00 -0.721171310565233E+00 -0.489766824130987E-02 -0.692739455829839E+00
 0.107196282521492E+00 -0.214224050374733E+00  0.970884654969176E+00  0.431646755759669E+00 -0.444614014524911E+00  0.784856328464130E+00
-0.305303597398823E-01  0.839285118946251E-01  0.996003966872275E+00  0.193127866299345E-01 -0.389644153970722E+00 -0.920762971425886E+00
-0.341888183642416E+00  0.494036805416867E+00  0.799399840367251E+00 -0.663559327943704E+00  0.668325827192868E+00  0.336198761160520E+00
-0.193503261078501E+00 -0.882705243642589E-01  0.977120669354837E+00 -0.327780451392728E+00 -0.519012655523701E+00  0.789421205118672E+00
-0.412424197710475E+00 -0.285191371276409E+00  0.865200648920441E+00 -0.410235669794106E+00 -0.903843482720865E+00  0.121546920864327E+00
-0.211700611153297E+00  0.401721029051139E+00  0.890956264950988E+00 -0.658132101823765E+00  0.589778356380344E+00  0.467999601382664E+00
-0.123341047404868E+00  0.147968763384734E+00  0.981270722628298E+00  0.215392433447808E+00 -0.276122262899386E+00 -0.936676355816007E+00
 0.645193518695513E-01  0.240066457834578E+00  0.968610008753312E+00  0.102627293174581E+00 -0.157551398042215E+00 -0.982163527968027E+00
-0.241894896303582E+00 -0.143483928782213E+00  0.959634941695799E+00 -0.923252299097198E+00 -0.361261108176373E+00 -0.130750158435535E+00
-0.151930880773990E+00 -0.176016270870024E+00  0.972592041842956E+00 -0.168068829904354E+00 -0.628060792404552E+00  0.759797676660536E+00
-0.580934919980958E+00  0.303958397745165E-02  0.813944334506950E+00 -0.889140743827656E+00 -0.520789987473894E-01  0.454660879728037E+00
 0.797467626319418E-01 -0.262348727155723E-01  0.996469861713500E+00 -0.903402053989698E-01  0.130777732187121E+00 -0.987287107204619E+00
 0.269267411851204E+00 -0.424979941988594E-01  0.962127320786614E+00 -0.140395939320471E+00 -0.989508306737253E+00  0.340923909442737E-01
 0.117429139892562E+00 -0.415340664818923E-01  0.992212335352454E+00 -0.409744126149976E+00  0.296143357594433E-01  0.911719662068949E+00
-0.445538977268034E-01  0.996350857797270E-01  0.994026055935666E+00 -0.954551796538884E-01 -0.210685490592148E+00 -0.972882281024374E+00
-0.112006330482888E+00  0.715864791301809E-01  0.991125601494332E+00 -0.254866202185707E+00  0.117615764782753E+00  0.959796723717060E+00
-0.150376703208434E+00 -0.429165690000888E+00  0.890619816564972E+00  0.101600279664156E-01 -0.542687131703406E+00  0.839873473158458E+00
-0.577795783649437E-01 -0.384402356092028E+00  0.921355712499177E+00  0.114311637206178E+00  0.170800321250286E+00 -0.978652185334525E+00
 0.855297480378646E-01 -0.340852141425623E-01  0.995752409174808E+00  0.232701090663838E+00  0.172343840377462E-01  0.972395587408077E+00
 0.145271489615361E+00  0.675823804316805E-01  0.987080957247237E+00 -0.614681714687453E+00 -0.935504630918883E-01 -0.783207954814164E+00
 0.221796947061163E+00 -0.201619547003998E+00  0.954020792509393E+00  0.314886184240155E+00 -0.407650791305988E+00  0.857127483704890E+00
 0.148124614219163E+00  0.879063878930314E-01  0.985054092743147E+00  0.405645676578461E-03  0.994807831094929E+00 -0.101770401609647E+00
-0.242587529607997E+00 -0.214265111672739E+00  0.946172157907090E+00 -0.918456150281438E+00 -0.117901875531091E+00  0.377541319270422E+00
-0.338502454980073E+00 -0.149064939501435E+00  0.929083274945738E+00  0.881610830406401E+00 -0.122345551666362E+00 -0.455844172604618E+00
 0.173210539194151E+00 -0.125521862217198E+00  0.976853300766086E+00  0.291699258078373E+00 -0.178097476649683E+00  0.939783396133142E+00
-0.478291218631890E+00 -0.376175862367764E+00  0.793554806394297E+00 -0.841408681856807E+00 -0.520651564363920E+00  0.144752819044718E+00
-0.104880787665338E+00 -0.115283563653562E+00  0.987780198389315E+00 -0.193135571278598E+00  0.981150888861615E+00 -0.644859620015000E-02
-0.180481365550238E+00 -0.185556855493981E+00  0.965916730400870E+00  0.261046501087126E-01 -0.516671536169347E-01 -0.998323120277110E+00
-0.667083711854809E-01  0.176561246446842E+00  0.982026537048219E+00  0.487260602596157E+00 -0.755330457413801E+00 -0.438238525532258E+00
-0.173443869617266E+00 -0.285354926842198E+00  0.942597363575282E+00  0.584981714140522E+00  0.287352377441844E+00 -0.758435893994830E+00
-0.205690529794133E+00  0.132979275062675E+00  0.969540055055393E+00 -0.303813591659688E+00  0.712611538606875E-01  0.950062708179457E+00
 0.194397809958850E+00 -0.584352022778217E-02  0.980905369928491E+00 -0.159393069920236E-01  0.763536032117636E-02 -0.999843807684670E+00
-0.555765418807441E-02  0.292077877071120E+00  0.956378390703990E+00 -0.417435240760054E-02  0.450981416031586E+00  0.892523577938489E+00
-0.241753473038235E+00 -0.190765601943785E+00  0.951400937244113E+00  0.652723106291524E+00  0.548894790609762E+00 -0.522175310939352E+00
-0.114116233528396E-01  0.988760616064304E-01  0.995034320661179E+00 -0.157259696497175E+00 -0.151676109577478E+00  0.975840020516200E+00
 0.293714186877525E+00 -0.444244850706982E-01  0.954860430404925E+00  0.928370554259490E-01  0.957606020729720E+00 -0.272712284655514E+00
 0.367722444637730E+00 -0.197355208672357E-01  0.929726149425599E+00 -0.874596748485180E+00  0.372230206818362E+00 -0.310685050607701E+00
 0.142415798679316E+00 -0.229352151847652E-01  0.989541164475213E+00  0.591033652230738E+00  0.237741598943033E-01  0.806296478506582E+00
-0.223839790146663E+00  0.309088932765134E+00  0.924315844281168E+00 -0.801462343597952E-01  0.346667500944750E+00  0.934557769700015E+00
-0.154510002119514E-01 -0.233933384147849E+00  0.972129846457553E+00 -0.503116589539737E-01 -0.724400931820398E+00  0.687540563858626E+00
 0.333554879823349E+00 -0.174877276927454E-01  0.942568470471072E+00  0.531885435348308E+00  0.834559939979684E+00  0.143553440381787E+00
-0.627932444417555E-02  0.229254239464017E+00  0.973346322627409E+00 -0.669280274611455E+00  0.677178817839255E+00  0.305765862525306E+00
-0.422296635999122E-01 -0.301458043519936E+00  0.952543806609109E+00  0.972598408881948E+00  0.194907367396885E+00  0.126741678917077E+00
-0.153806444734520E+00  0.123191077259052E+00  0.980391521812526E+00  0.967171079242138E-01 -0.593009939466337E+00 -0.799365381242462E+00
 0.317036955320607E+00  0.341805383262997E+00  0.884678839429018E+00 -0.289208242123431E+00 -0.948409266154771E+00 -0.129917114190718E+00
-0.263525316194620E+00  0.407020552557021E+00  0.874579143085806E+00  0.119996541768813E+00 -0.560865019843626E+00 -0.819164976960889E+00
-0.151068598981324E+00 -0.463315315429067E-02  0.988512423945025E+00 -0.209582601418963E+00 -0.954244425985252E+00 -0.213290198224241E+00
 0.405614258531426E+00 -0.903244686190410E-01  0.909570538025880E+00 -0.886675490309036E+00 -0.332655645173828E+00 -0.321164749963652E+00
 0.172523950586337E+00  0.415433370550513E+00  0.893112871426184E+00  0.691269610882995E+00  0.690231769513710E+00  0.213837390144110E+00
-0.132338083400664E+00 -0.185773805324905E+00  0.973639935980927E+00 -0.923678334770236E-01  0.136551846170855E+00  0.986317279908495E+00
 0.664517932931223E-01  0.804396632227158E-01  0.994541914525851E+00 -0.459789288341949E+00 -0.855199747460073E+00 -0.239222077305236E+00
-0.228331077257156E+00  0.401454390354384E-01  0.972755500052937E+00 -0.890139518318026E+00 -0.455583831293573E+00 -0.974733770941227E-02
 0.196687598422757E+00 -0.237538229329731E+00  0.951256841359674E+00 -0.119822045572547E-01 -0.378378051594071E-01  0.999212053207259E+00
-0.186687761777829E+00 -0.129293672890006E+00  0.973874132397507E+00 -0.118653457234294E-01  0.431769068785435E-01 -0.998996981118194E+00
 0.225398305540990E+00  0.356559934908902E-01  0.973614016942766E+00 -0.557312443280331E+00  0.593774124166319E-01 -0.828177012153569E+00
-0.370596080800923E+00 -0.308829422710173E+00  0.875946877706346E+00 -0.470617955818439E+00 -0.800141214194809E+00  0.371877368238686E+00
 0.377499637731695E+00 -0.128318529929590E-01  0.925920821161943E+00  0.478207260931803E+00  0.345163926517973E+00  0.807576423270762E+00
-0.679684197642709E-01 -0.791685168181392E-02  0.997656061663636E+00  0.731972048526629E+00 -0.679798915471156E+00 -0.457203969795711E-01
-0.171582659303885E+00  0.601378410443314E+00  0.780322624610410E+00  0.816716317166723E-01 -0.850690593447575E+00 -0.519283408932491E+00
 0.203202158792593E+00  0.108894904934071E+00  0.973062578841376E+00  0.820223543368406E+00  0.521020298555332E+00  0.236159241609319E+00
 0.204944875694385E+00 -0.112922342105867E+00  0.972237698600470E+00 -0.114166861136302E+00  0.402871304600831E+00 -0.908108275343590E+00
-0.120380745713808E+00  0.161462735315789E+00  0.979509194017969E+00 -0.992487206107137E+00  0.742571727768323E-01  0.972369168826361E-01
 0.365681570917164E+00  0.112453913124981E+00  0.923921590890934E+00 -0.962205081724296E+00 -0.253027485177774E+00 -0.100689981867870E+00
 0.224522942545964E+00 -0.279877729459132E+00  0.933411969509339E+00 -0.990738801411714E+00  0.580983163600367E-01 -0.122724133785534E+00
 0.125632295263137E+00  0.161744193444510E+00  0.978803015051497E+00 -0.420659792971970E+00  0.582191533659071E+00  0.695771770563077E+00
-0.270150704708824E+00 -0.297869186676367E+00  0.915583171740332E+00 -0.682511167428215E+00 -0.542428226005804E+00  0.489847043441084E+00
 0.322796474299247E+00 -0.121455203972460E+00  0.938643206766013E+00  0.709019317855184E+00 -0.628158707179584E+00  0.320481271687820E+00
-0.501486101191087E-01 -0.232643138817797E+00  0.971268390746927E+00 -0.342756751259402E+00 -0.102473292119684E+00  0.933818522984126E+00
-0.379705373444326E-01 -0.902114286081993E-02  0.999238138421097E+00 -0.129381436252862E+00  0.913187059482266E-02 -0.991552849268553E+00
 0.386007179070570E+00 -0.173618307191185E+00  0.906010563467142E+00  0.602178517646899E+00  0.516464397006752E-01  0.796689197962937E+00
-0.254087220224983E+00 -0.807092967033692E-01  0.963807913405980E+00  0.836896500773051E+00  0.136073820335924E+00 -0.530177481993539E+00
 0.380905756441561E-01  0.280139892354730E+00  0.959203184293389E+00 -0.531336205844721E+00 -0.760538135086719E+00 -0.373180360465756E+00
 0.338089440399551E+00 -0.318404504038154E-01  0.940575204865831E+00 -0.687318138733794E+00  0.126277156451557E+00 -0.715295642322824E+00
 0.614776980936384E-01  0.185063259393444E+00  0.980801755024828E+00 -0.298118034320075E+00 -0.526967814742415E-01  0.953073285133620E+00
-0.286325667139737E+00  0.180205088548562E+00  0.941033335434080E+00  0.126149458727212E+00 -0.383112756530194E+00 -0.915046954995572E+00
-0.454814822674008E-01 -0.400529744242161E-01  0.998161907713640E+00 -0.696276584457621E+00  0.506650394010500E+00 -0.508433177698932E+00
 0.871472385786182E-01  0.356556972939402E+00  0.930200238581141E+00  0.557213157412830E+00  0.550897161825164E+00  0.621309757125224E+00
 0.224910648627217E+00  0.265530679178909E+00  0.937501284558518E+00  0.444322748929739E+00  0.673207736265607E+00  0.591074139694554E+00
 0.603622174874960E+00 -0.228335033541514E+00  0.763873930997006E+00  0.735627615196305E+00 -0.449870317567618E+00  0.506427397691128E+00
-0.624833287190714E-01  0.221508381752741E-01  0.997800167368355E+00  0.607574789309910E+00 -0.763016431529895E+00 -0.220587399029056E+00
 0.165740169670912E+00 -0.245572405499241E-01  0.985863650863562E+00 -0.434773044305038E+00  0.895239030639399E+00 -0.975678121388339E-01
-0.365137594078817E+00 -0.303562519191120E+00  0.880070641671834E+00  0.968071788536199E+00  0.185876147644108E+00 -0.168187603518543E+00
 0.112839905523622E+00 -0.116317629551854E-01  0.993545096013248E+00  0.106552721254993E+00 -0.139712696071248E+00  0.984442420941753E+00
-0.110804687119259E+00 -0.169734056547422E+00  0.979240864833754E+00 -0.435311822798793E+00  0.836833134547592E+00 -0.331984821723591E+00
 0.200061491905948E+00  0.244860638259773E+00  0.948693136523809E+00 -0.758917172509010E+00 -0.489927798193728E+00 -0.428970252847416E+00
-0.668762716053739E-01  0.656387704292605E-02  0.997739685396111E+00  0.187848427486269E+00  0.602034973287014E-01  0.980351216248712E+00
-0.145729335105300E+00 -0.231221104374814E+00  0.961925029189624E+00 -0.261195067628810E+00 -0.288974371456620E+00  0.921016258970293E+00
-0.193887967062071E-01 -0.291589067569123E+00  0.956347159893548E+00 -0.534084582943941E+00 -0.735887268508510E+00  0.416201377110505E+00
 0.233237093685701E+00  0.331831495122983E+00  0.914050500231521E+00 -0.572342450934238E+00 -0.137915313473543E+00 -0.808333770894229E+00
-0.959293229245797E-01 -0.586517867371350E+00  0.804235261759515E+00  0.164582630703860E+00 -0.841322443230964E+00  0.514868045412103E+00
 0.357213833127039E+00 -0.121467917063942E+00  0.926090612492555E+00  0.677199211949209E+00 -0.189614673997273E+00  0.710948312284569E+00
 0.564951674728323E-01  0.732067523495144E-01  0.995715354638389E+00 -0.663590139569258E-01  0.255952541675830E-01  0.997467475274638E+00
 0.595573574195788E-01 -0.330332159428357E-01  0.997678168459985E+00 -0.128708941689001E+00 -0.112825094271230E+00  0.985243374213694E+00
 0.497758869935268E-01  0.168137668453220E+00  0.984506010911626E+00  0.997098571247816E+00  0.164435454196544E-02  0.761034513915404E-01
-0.297950352527465E-01  0.357280782113416E+00  0.933521664776300E+00 -0.128889976261552E+00  0.119566165971144E+00  0.984424352591024E+00
-0.147504928890529E+00 -0.985500467315543E-01  0.984139311399666E+00  0.784403674780501E-02 -0.160425292942134E-01 -0.999840541457158E+00
-0.158472838857298E+00  0.947650765555774E-01  0.982805138168256E+00 -0.417013440909583E+00  0.630837412666757E+00  0.654327096245189E+00
-0.421249046289879E-01 -0.104432159562800E+00  0.993639480122971E+00 -0.695898821413891E-01 -0.106594244615068E-01  0.997518734146731E+00
-0.253846455490115E-01 -0.679022504203547E-01  0.997368990974856E+00 -0.185584492244447E+00  0.685404878627753E-01 -0.980234970689122E+00
-0.320291321427722E+00  0.106244644872729E+00  0.941342416368216E+00 -0.916426219413595E+00  0.346103879177419E+00 -0.200935534910198E+00
-0.141181549414407E+00 -0.420391434707101E+00  0.896291700134422E+00 -0.709249543444089E+00 -0.680278564706216E+00 -0.184894995945272E+00
 0.194227352828845E+00 -0.858465828531945E-02  0.980918976804519E+00 -0.385264739874272E+00  0.603634207870285E+00 -0.697994859077360E+00
 0.114089691209381E+00  0.249361983415827E-01  0.993157453967908E+00 -0.202935595689170E+00  0.294683022730499E+00  0.933798190251351E+00
 0.332473098551798E-01 -0.547884834754352E+00  0.835892830591093E+00 -0.408799935057310E-01 -0.979350823319861E+00  0.197991896282856E+00
-0.162326412744679E+00  0.179634831133857E+00  0.970248145150999E+00  0.650918200366637E+00 -0.606718645578347E+00 -0.456287170035531E+00
 0.987691051652508E-01  0.340675526368771E+00  0.934978528950380E+00 -0.180930176923828E+00  0.927386527068355E+00  0.327442362088975E+00
-0.320345712093214E+00 -0.536881026644419E-02  0.947285490556999E+00 -0.183045836082234E+00 -0.714766600539810E-01  0.980502579782676E+00
 0.235374705814358E+00  0.646415889884546E-01  0.969752655493065E+00 -0.717883960280957E-01 -0.249411509227405E+00 -0.965733050723968E+00
 0.273131878623040E-01  0.208006756816923E+00  0.977745968484301E+00 -0.165085628455937E+00 -0.527465330355792E+00 -0.833382901522442E+00
 0.462280255156333E+00  0.118084517228931E+00  0.878836169307685E+00  0.620984164989649E+00 -0.112730811314939E+00  0.775674178384445E+00
 0.409865711165467E-01  0.261949484394176E+00  0.964210852777406E+00  0.248053545534109E+00 -0.512346386648337E+00 -0.822174323751570E+00
 0.287327165805539E+00  0.948672098031851E-01  0.953122926119351E+00  0.642980937641961E+00  0.319642022088107E+00  0.695991732382283E+00
 0.312128830684306E-01  0.166511432140371E+00  0.985545381449844E+00  0.207116863914635E+00 -0.309052418738724E+00 -0.928218297144541E+00
-0.833952706280231E-01 -0.151303827778855E+00  0.984963136638293E+00 -0.306108872325863E+00 -0.392366190648828E+00  0.867378885331615E+00
-0.185275228270350E+00  0.441978675475183E-03  0.982686569789279E+00  0.168586086055892E-01  0.761730361397771E-01 -0.996952083041673E+00
 0.400084231696896E+00  0.509735254810232E-01  0.915059728786892E+00  0.903932773262430E+00 -0.392064421818669E+00  0.170853828069745E+00
-0.918277549426772E-01 -0.268825381819312E-02  0.995771277309000E+00  0.102633634653359E+00  0.205418278399325E+00  0.973277795871918E+00
 0.171691227305652E+00  0.588676616967376E-01  0.983390421385442E+00  0.159265040017713E+00  0.250191577123013E+00 -0.955007236498685E+00
 0.479279040057221E+00  0.179313238594278E+00  0.859149791495441E+00  0.933419824144425E+00  0.261231551267407E+00  0.245938017631709E+00
 0.327373783466032E+00  0.322005748374286E+00  0.888334792695328E+00  0.229474588576344E+00  0.796496401352344E+00  0.559405841791523E+00
-0.826587682159336E-01  0.239242749759554E+00  0.967434977000786E+00  0.184815771409704E+00 -0.969977307728643E+00 -0.158073252417130E+00
 0.756860922716436E-01  0.195506912379762E+00  0.977777409561287E+00  0.204525771983928E+00  0.518512322845913E+00  0.830249468323416E+00
-0.245738178385324E+00 -0.867930749735881E-02  0.969297383317023E+00  0.625249023770013E+00  0.347354980695188E+00 -0.698862057677258E+00
 0.969793046949153E-01 -0.250207621888301E+00  0.963322978242444E+00  0.751195650777776E-01 -0.103588679748273E+00  0.991779429293901E+00
-0.294186284450405E+00 -0.106877762366449E+00  0.949753427976339E+00 -0.806397408821795E+00 -0.854040721360968E-01  0.585174643596309E+00
-0.159601200014097E+00  0.924807694237076E-01  0.982840151927494E+00  0.563534335584813E-01 -0.330788547640687E+00 -0.942020821041624E+00
 0.307404986154209E+00  0.206575332445429E+00  0.928885787657768E+00  0.537347716830478E+00  0.392246832886999E+00  0.746592159955615E+00
 0.110577256043773E+00 -0.161028699543986E+00  0.980735656723565E+00 -0.109849694331313E+00 -0.589645752901218E+00  0.800156816343442E+00
 0.688543508158604E+00  0.303189901905784E+00  0.658774408090511E+00  0.894002476484803E+00  0.353818470563947E+00  0.274903732107858E+00
 0.247567501486308E-01 -0.254451980633747E+00  0.966768479458056E+00  0.139880422117976E-01 -0.104273497957378E+00  0.994450286489382E+00
-0.268457293445380E+00 -0.158381019865187E+00  0.950182158400401E+00 -0.436808702436548E-02 -0.999748149128159E+00  0.220126811308547E-01
 0.191662171768599E+00 -0.591383981046605E-01  0.979677631561811E+00 -0.358242793235087E+00  0.275980639272720E+00 -0.891906266286847E+00
-0.191747306764446E+00  0.289017233699834E-02  0.981440073184524E+00 -0.179779828457481E+00  0.961213770632703E-01  0.978999435214985E+00
 0.136192588575839E+00  0.108365478378317E+00  0.984737783327547E+00  0.155521473320727E-01  0.195595517798843E+00 -0.980561331141690E+00
 0.356336104088670E+00  0.325419326962023E+00  0.875857775305153E+00  0.557204765697148E+00 -0.808475614230081E+00 -0.189446642302471E+00
 0.216945898308981E+00 -0.293468300574047E+00  0.931026763184115E+00 -0.983493988835740E-01 -0.994806184729344E+00  0.262307179369326E-01
 0.668054859205964E-01 -0.324399585930022E+00  0.943558125236248E+00  0.283811930185336E+00 -0.511383727152699E+00  0.811133448877488E+00
-0.331618854524991E+00 -0.784761758318249E-01  0.940143832160987E+00  0.880535311685712E+00  0.453012798071175E+00 -0.139416532944523E+00
 0.521343269190702E-01 -0.190676638516316E+00  0.980267530565413E+00  0.949943777360961E+00 -0.814130700029026E-01  0.301626808964142E+00
 0.210911439118439E+00 -0.807984861478891E-02  0.977471780101784E+00 -0.659942533254167E-01  0.148212113837230E+00 -0.986751198550030E+00
-0.213779089409074E-01  0.169810696094056E+00  0.985244798261511E+00 -0.288862564117229E-01  0.883395790354963E-01  0.995671483455435E+00
-0.151185544021529E+00 -0.373812215715849E+00  0.915099644115613E+00 -0.358368034228800E+00 -0.881758495116870E+00  0.306715353923175E+00
-0.800615563259673E-02  0.322531522734732E+00  0.946524864076164E+00 -0.451118346602508E+00  0.609776344887959E+00  0.651663292332551E+00
-0.435703378796968E-01  0.249155778621472E+00  0.967482828600372E+00  0.267528405733389E+00  0.945072934701044E+00  0.187791640445756E+00
-0.156055042319660E+00  0.148444378491173E+00  0.976530127677062E+00 -0.447692374475851E+00  0.442181431583747E+00  0.777204683078224E+00
-0.271610717952522E+00  0.341680530569671E+00  0.899712194494964E+00  0.220115464781272E+00  0.889157697211367E+00  0.401182965308727E+00
-0.187990421876868E+00 -0.107678216872008E+00  0.976250481635641E+00  0.152914564646034E+00  0.936906968501361E-02 -0.988194999204282E+00
 0.290419978577805E+00  0.215606120306323E+00  0.932292999506766E+00  0.520603980907547E+00 -0.273454608091171E-01  0.853360252669616E+00
 0.128544680461338E+00  0.165466120076461E+00  0.977802243928666E+00 -0.997434631009379E+00 -0.195581847690343E-01  0.688595256426080E-01
 0.215151356500507E+00 -0.694005311769985E-01  0.974111626082115E+00 -0.253750863353906E+00  0.956681124838907E+00 -0.142729550984060E+00
-0.419606474261297E+00 -0.258993707142229E+00  0.869972796367064E+00  0.893988700674687E+00  0.596803661267462E-01 -0.444097350774537E+00
-0.194727795504217E+00 -0.392581249777541E-01  0.980071367442851E+00 -0.135846591586484E+00 -0.931625853438990E+00 -0.337074135404081E+00
 0.209577206464401E-01 -0.423927136847517E+00  0.905453784899910E+00 -0.184234858847799E+00  0.582946925564606E+00 -0.791347204936054E+00
-0.897711281299205E-01 -0.293426224902404E+00  0.951757424501540E+00 -0.194228925222935E+00 -0.217606045182329E+00  0.956515934894369E+00
 0.155946257921198E+00  0.461044641260210E+00  0.873566599296023E+00 -0.253190505734085E+00  0.876047676115303E+00  0.410408378300318E+00
 0.361594110022784E+00  0.105626388314823E+00  0.926332966966197E+00  0.722695212804586E+00  0.651127350974670E+00  0.231829252257007E+00
-0.194887584480580E+00 -0.270742926985155E+00  0.942717930720974E+00  0.340067168509340E+00  0.350334019292895E+00 -0.872708654608241E+00
 0.200303754722274E+00  0.752485040799269E-02  0.979704946639801E+00  0.672517010058585E-01  0.937264816351472E-01  0.993323993142275E+00
 0.139355630113998E+00 -0.160559807148763E+00  0.977138964878529E+00  0.802960654012586E+00 -0.334452106812285E+00  0.493351777494014E+00
 0.202557056112676E-01  0.158265847729362E+00  0.987188749851160E+00  0.197432922697631E+00  0.480491204416911E+00  0.854487240111318E+00
 0.149710807136233E-01 -0.297538946285556E-01  0.999445132309272E+00  0.268625120695329E+00  0.501658351345083E+00 -0.822301309166630E+00
 0.501862178994435E+00 -0.401774935755113E+00  0.765970792063204E+00  0.837660911299110E+00 -0.384635669670495E+00  0.387788085555338E+00
-0.174731417649196E+00 -0.318434321861752E-01  0.984101075862082E+00 -0.993705547650250E+00 -0.104812523730557E+00  0.395426281163472E-01
-0.153981921451648E+00 -0.220040944940951E+00  0.963260894262583E+00  0.868691345892116E+00  0.485105441926642E+00  0.100239990948235E+00
-0.577842926068181E-01 -0.457907087965901E-01  0.997278389676541E+00  0.940664297748535E-01  0.910652419645196E+00 -0.402322852176908E+00
 0.132448546825211E+00  0.309254067255322E+00  0.941710839021157E+00  0.103241888371495E+00 -0.435719654903360E+00 -0.894141764384365E+00
 0.124990213543228E-01  0.323817834104545E+00  0.946036883414714E+00 -0.143364831447851E+00 -0.595537982679580E+00 -0.790430918100922E+00
-0.225282926406684E+00  0.242248058158391E+00  0.943696710489196E+00  0.185631239458883E+00 -0.217392179657237E+00 -0.958270151450432E+00
-0.358238565912324E-01  0.790673245239249E-01  0.996225380870995E+00  0.985422928742113E+00  0.167818775729175E+00 -0.279017924527547E-01
-0.806881163511979E-01 -0.200628430526147E+00  0.976338906704179E+00  0.846003580292290E-01 -0.507560957101857E+00  0.857452420981580E+00
-0.533706567773416E-01 -0.288547815227989E+00  0.955976846645519E+00  0.529742972277632E+00  0.485684332088352E+00 -0.695329499508220E+00
-0.174764608614561E+00 -0.289235564652263E+00  0.941169548867836E+00 -0.421008828663794E+00 -0.227887781796518E+00  0.877962826715917E+00
 0.128070492093573E-01 -0.179867951461628E-01  0.999756197625661E+00 -0.706025095730779E+00  0.187197376467682E+00  0.682997588899083E+00
-0.277707855602457E+00 -0.236197543102342E+00  0.931176174292009E+00  0.734931747127481E+00  0.663160104826659E+00 -0.141753315412527E+00
-0.343902633813787E+00  0.108146989308483E+00  0.932756778136429E+00  0.986539752993089E+00  0.968647012203491E-01 -0.131744242461780E+00
 0.354550162513266E+00  0.152191095381799E+00  0.922568183251679E+00  0.897816453322835E+00  0.170086477562974E+00  0.406197250474477E+00
 0.158022097764126E+00  0.136847518678031E+00  0.977906832602110E+00  0.651970702067639E-01 -0.217808743048843E+00 -0.973811426040965E+00
 0.200152995109248E+00  0.285123552200398E-01  0.979349694516011E+00 -0.509462053953660E+00 -0.612682078787310E+00 -0.604209471883865E+00
-0.427402804300064E-01  0.135622279221154E+00  0.989838302859423E+00  0.757545898751810E-01  0.249276695300411E+00  0.965464847259054E+00
 0.249937628337733E+00  0.142775836055999E+00  0.957677525359878E+00 -0.660503212883901E-03 -0.334196828956035E-01 -0.999441188129979E+00
 0.116007943969828E-02 -0.344997525701295E+00  0.938602877406456E+00 -0.281842536900281E+00  0.498185631334585E+00 -0.819985281041906E+00
-0.564052357428991E-01  0.420751325738393E+00  0.905420770288694E+00 -0.347783985411137E+00  0.638845087604622E+00  0.686238481531740E+00
-0.265690296468045E+00  0.132540015316424E+00  0.954904084556478E+00  0.321109357940765E+00 -0.348479731816382E+00 -0.880596761722442E+00
 0.832477180822000E-01  0.138281106990522E+00  0.986888115686668E+00 -0.368302649099777E+00 -0.363783267092260E+00 -0.855578689104496E+00
 0.209412282496288E-01  0.436811177329568E+00  0.899309435244262E+00 -0.360090589579568E-01 -0.373036295027849E+00 -0.927117721902056E+00
-0.281259744245419E+00 -0.865738573110620E-01  0.955718537801420E+00  0.630764868880919E+00  0.772900843502567E+00  0.689925090039282E-01
 0.451909616088204E-01  0.108781842768978E+00  0.993037908477141E+00 -0.636180904644327E+00  0.764275857311693E+00 -0.105623247897429E+00
 0.398387122543246E+00  0.229127408592251E+00  0.888137563231908E+00  0.274255988856339E+00  0.437194588329010E+00  0.856530527484140E+00
 0.300191233826692E+00 -0.388531078595845E-01  0.953087435203749E+00 -0.157006271777870E+00 -0.568957581170778E-01 -0.985957353707906E+00
 0.202359004475321E+00 -0.168291920132411E+00  0.964742796254993E+00 -0.951501083732295E+00  0.154920909842083E+00 -0.265791646501481E+00
 0.392662925908632E+00  0.478510211688758E-01  0.918436773213033E+00  0.876329501722991E+00 -0.475512401467651E+00  0.770360984240604E-01
-0.561465960847943E+00  0.759104667837468E-01  0.824010664883513E+00  0.358979479183223E+00 -0.922854762462835E+00 -0.139545049804735E+00
 0.262598622701798E-01  0.286200892948066E+00  0.957809724584837E+00  0.986989457799839E-01  0.647878763916443E+00  0.755322199705544E+00
 0.216503854471609E+00  0.158790177708325E+00  0.963281765872424E+00 -0.371944136224553E+00  0.186539042696406E+00 -0.909318835765585E+00
 0.325460141302791E+00 -0.135797570840107E+00  0.935753555257522E+00 -0.720405482065443E+00  0.253725340386414E+00 -0.645476097974088E+00
-0.231460317851752E-01  0.274251602582003E+00  0.961379383851039E+00 -0.784458817765955E-01  0.594606688381412E+00  0.800180685698164E+00
-0.114804264467577E+00 -0.198103770707776E+00  0.973434577612394E+00 -0.629570474261611E+00 -0.262621446562373E+00  0.731212003281878E+00
-0.319088957617665E-02 -0.280092345611602E+00  0.959967757871848E+00  0.199961121791812E+00  0.580553581982867E+00 -0.789286442439386E+00
 0.459215143986970E+00  0.199976755294471E-01  0.888099963127150E+00  0.630138484893441E+00  0.600730699937808E+00  0.491983857467326E+00
-0.103659512217116E+00 -0.158056029333795E+00  0.981974030775837E+00  0.945047773951555E+00 -0.280728261799551E+00 -0.167559983218585E+00
-0.808771653512036E-01 -0.458543819843239E+00  0.884983869575217E+00  0.407156292044634E+00  0.753704825379833E+00 -0.515899980662550E+00
-0.244656892287246E+00  0.585024895567125E-01  0.967843202059101E+00 -0.412741790842291E+00  0.220318660126695E+00  0.883800827162023E+00
-0.428381478401113E-02  0.152711599921835E-01  0.999874212390433E+00  0.149760731556508E+00  0.349883627383577E+00 -0.924744921896070E+00
 0.135128167510374E+00  0.965261998148854E-01  0.986115140891055E+00  0.164672575176044E+00  0.112456673740991E+00  0.979916547220222E+00
 0.323621221208755E+00 -0.134998210399687E+00  0.936506694248491E+00 -0.315999538189492E+00 -0.210963374569764E+00 -0.925007430485921E+00
 0.930686081393514E-01 -0.500394660454732E-01  0.994401471246341E+00  0.144973292113665E+00 -0.823249904182247E-01 -0.986004736563859E+00
 0.442428702175047E-01  0.198234817268076E+00  0.979155516584372E+00  0.711259127310842E-01  0.323329219704253E+00  0.943609728766935E+00
 0.592884620224414E-01 -0.180123992407002E+00  0.981855501400474E+00  0.166887845093998E-01 -0.164002531253249E-01 -0.999726220606934E+00
 0.338390970029397E+00  0.213829138615970E+00  0.916388919008363E+00 -0.684349949732006E+00 -0.535091494557252E+00 -0.495320339532194E+00
 0.102671286577541E+00  0.118851436898092E+00  0.987589460686864E+00 -0.885462339976406E-01  0.246835053771886E+00  0.965003637648204E+00
 0.376008427167978E+00 -0.452542904328247E-01  0.925510514200722E+00  0.850404607139564E+00  0.275002965603539E+00  0.448536924973923E+00
-0.168613357815768E+00 -0.382363361750952E-02  0.985674852774510E+00 -0.111288491415776E+00 -0.893349614783075E-01  0.989764687355570E+00
 0.167462182836848E+00 -0.126986577476825E+00  0.977666009668046E+00  0.691359115273315E+00 -0.295960478826000E+00  0.659113016637954E+00
-0.544470555273964E-01  0.430257681773328E+00  0.901062620143261E+00  0.391301802400485E+00 -0.744413436216935E+00 -0.541046703545846E+00
 0.184972911113512E-01  0.623278324937113E+00  0.781781286476677E+00  0.269241991063372E+00  0.956029828142361E+00  0.116257119998383E+00
-0.305976628880757E+00  0.114965922568703E+00  0.945072028591839E+00 -0.437279715330341E+00  0.267315808800320E-01  0.898928180192539E+00
-0.255127267728403E+00  0.522837407704737E-01  0.965492872947535E+00 -0.214757164369676E+00 -0.975931821714715E+00 -0.379003920361508E-01
-0.219758148170465E+00  0.119827310571439E+00  0.968167223135499E+00 -0.279405432853315E+00 -0.138005982093432E+00  0.950203637647467E+00
-0.113792937646442E+00  0.886386839482404E-01  0.989542495828106E+00  0.219752807605232E+00  0.311757457295881E-01 -0.975057319560149E+00
-0.268373663012596E+00  0.192122296042333E-01  0.963123287660949E+00 -0.451980754811418E+00  0.317247523879878E+00  0.833707026402073E+00
-0.302643730296835E+00 -0.291252417464317E+00  0.907512425167396E+00 -0.320442060262557E+00 -0.481562876720114E+00  0.815729171833235E+00
-0.454359824200040E-01 -0.165618998342715E-01  0.998829952982693E+00  0.314512826115746E+00 -0.553490406243329E+00 -0.771187430139574E+00
 0.328039961980753E+00 -0.117039482368601E+00  0.937385482558033E+00 -0.672507816506101E+00 -0.168600281486761E+00 -0.720629712002483E+00
-0.386062890731415E-01 -0.216650149376348E+00  0.975485657105837E+00  0.183770654949861E+00  0.561738507403410E-01 -0.981362748871334E+00
 0.135137871114684E+00  0.507413289634562E-01  0.989526691568052E+00  0.273982676543816E-01  0.512775966923081E-01 -0.998308540986703E+00
-0.845335626953639E-01 -0.425240971017704E+00  0.901123850170413E+00  0.521463698735972E+00 -0.591677147092175E+00  0.614811974923606E+00
-0.171034119569172E+00  0.616835260095569E-01  0.983332330680847E+00  0.357875870139990E-01  0.650401638977409E-01 -0.997240705996236E+00
-0.358038814342912E+00 -0.447110922364952E+00  0.819695083873195E+00 -0.108513311758833E+00 -0.984310372785312E+00 -0.139132854489410E+00
-0.914258611645999E-01  0.111873585136946E+00  0.989507762909881E+00  0.189739560786049E-01 -0.243844571966497E+00 -0.969628698891077E+00
 0.923549855050606E-02 -0.537234253232069E-01  0.998513144198946E+00  0.659590225152583E+00 -0.751410850533917E+00  0.179574102548321E-01
 0.237518373016138E+00 -0.280727060036847E-01  0.970977314697618E+00  0.812482592576685E+00 -0.215485433233441E+00  0.541699238345472E+00
-0.129914560809114E+00 -0.310381278126291E-01  0.991039273445640E+00 -0.900751738812909E+00  0.411519631265703E+00 -0.138916874815338E+00
-0.191117337361902E+00 -0.212668405006079E+00  0.958251695992169E+00  0.713993401489441E+00  0.116649269158584E+00 -0.690366837727817E+00
 0.374721279006937E+00  0.346421907043227E-01  0.926490087201482E+00  0.954146875446313E+00  0.130793917681897E+00  0.269252095949985E+00
 0.740609654566576E-01  0.431895215503466E+00  0.898877909518775E+00  0.560485667270194E-02 -0.406142396474215E+00 -0.913792612887552E+00
 0.703227157856634E-01  0.442814491596891E+00  0.893851241357484E+00  0.682347416566786E-01 -0.592033268377466E+00 -0.803019694132928E+00
 0.122550951982502E-01 -0.347324961981162E+00  0.937664750018079E+00 -0.394239897530847E+00  0.553369326969507E+00 -0.733728349707289E+00
-0.180940659569910E+00 -0.251695772334132E+00  0.950741666228808E+00  0.334244572769069E-01  0.636392558892324E-01 -0.997413079303459E+00
 0.132186433857653E+00 -0.695362436154538E-01  0.988782816157243E+00  0.260524452183222E-01  0.962742803753380E+00 -0.269160851386725E+00
-0.248389730594583E-02 -0.457266882510731E+00  0.889326052926085E+00 -0.231961220534481E+00 -0.964682463940963E+00  0.124826823771757E+00
 0.230729790272482E+00  0.175200591033826E+00  0.957114683192257E+00 -0.159866651093301E+00  0.228188572954904E+00 -0.960402326653272E+00
 0.519620017647103E+00  0.296987502417423E+00  0.801120128737436E+00  0.774344767867109E+00  0.567906660833769E+00  0.279055917438551E+00
-0.197337904166940E+00  0.109422381648168E+00  0.974209676596082E+00  0.756972784432513E+00  0.990319369275384E-02 -0.653371357179952E+00
-0.199175599582506E+00  0.854832292662591E-01  0.976228302214785E+00 -0.671027649328371E+00  0.514240037900164E+00  0.534115228445397E+00
-0.964173890013237E-01 -0.318463710681863E-01  0.994831390612477E+00 -0.266757000087288E+00  0.676675811016436E+00  0.686258369486070E+00
-0.156588809480473E+00  0.295936608593699E+00  0.942285237303200E+00 -0.393178585532478E+00  0.435767752792180E+00  0.809640083929355E+00
-0.961783422689674E-01  0.377851540587690E+00  0.920857176631590E+00 -0.476510837612210E+00  0.416928095702492E+00  0.774020920035114E+00
-0.498281108501639E-01 -0.130863924108895E+00  0.990147359101627E+00  0.100760420469182E+00  0.900539767533270E-01 -0.990826735074193E+00
-0.162365843737543E+00  0.263962490528774E+00  0.950768708141598E+00  0.274315252187553E+00 -0.732263837880666E+00 -0.623330421325285E+00
 0.122456811438371E+00 -0.394361061070943E+00  0.910759947979350E+00  0.403355707413827E+00 -0.299875094447032E+00  0.864510902780916E+00
 0.202099337331615E+00 -0.183012839341048E+00  0.962113381305161E+00  0.358398352943949E+00 -0.876169809237903E+00  0.322299683504469E+00
 0.337514795886764E-01 -0.164633433149508E+00  0.985777191009704E+00 -0.828666598145568E+00  0.555711641892120E+00 -0.670540094507077E-01
 0.340607312167490E+00 -0.350203838135135E-01  0.939553208506891E+00  0.339063951846458E+00 -0.914024311232590E+00  0.222699786784926E+00
-0.251945730872641E+00 -0.821587058309041E-01  0.964247528257782E+00  0.543245393718789E+00  0.549701252423894E+00 -0.634596702864836E+00
-0.188176837369255E+00 -0.680825915769815E-04  0.982135160373798E+00 -0.751006498723941E+00 -0.924995642210138E-01  0.653783656489920E+00
-0.325408337968334E-01  0.326815338308503E+00  0.944527833778394E+00 -0.250327834886795E-01 -0.673945901923967E+00 -0.738356472871133E+00
 0.432802647565922E+00  0.328316314364459E+00  0.839577432987611E+00  0.547248368366093E+00 -0.132137811979353E+00  0.826473727329525E+00
-0.457322329066600E-01  0.188459899000738E+00  0.981015509226028E+00 -0.299531729636858E+00 -0.133867930570594E+00 -0.944648146192803E+00
 0.319086536202760E+00 -0.281216127319891E+00  0.905042138328005E+00 -0.585610977575066E+00  0.275800093044375E+00 -0.762229684294892E+00
-0.567612537176450E+00  0.137600434872644E+00  0.811715546212448E+00  0.915402699149793E+00  0.329658904568724E+00 -0.231004123400043E+00
-0.773739859657416E-01 -0.168326039329964E+00  0.982689987116619E+00  0.247441211355650E+00 -0.260163727088837E+00  0.933320781955536E+00
 0.152649408282018E+00  0.604029408761380E-01  0.986432786805398E+00 -0.175969477334470E+00  0.708005468335261E-01  0.981846233182522E+00
-0.698621341531704E-01  0.504347100499734E+00  0.860670253017423E+00  0.159149284488868E+00 -0.620606357757927E+00 -0.767801571994432E+00
 0.555841447593710E-01 -0.110913076029665E+00  0.992274504568674E+00 -0.214894699668050E+00 -0.257637082784061E+00  0.942042144295624E+00
-0.205931553346894E+00 -0.421616784256835E+00  0.883080677270804E+00  0.498492498234808E+00  0.735528569354603E+00 -0.458806007880009E+00
 0.235612050957845E+00 -0.308082676920901E+00  0.921722314813247E+00 -0.468634146276155E+00  0.879144983650758E+00  0.865224518014187E-01
 0.369701047317800E-01 -0.178111474763952E+00  0.983315571886020E+00  0.360415867929824E-01  0.104721608057761E+00 -0.993848272538238E+00
 0.366170020702150E+00  0.195322939577364E+00  0.909817819793526E+00  0.650446732919263E+00  0.262490845112245E+00  0.712753536551672E+00
-0.895913758173954E-01  0.310578522719640E-01  0.995494246689251E+00 -0.534486906219030E+00 -0.164324871861506E+00  0.829048299900621E+00
 0.295276864066158E+00  0.867082193547843E-01  0.951469000148496E+00  0.463378062283663E+00  0.707347855420644E+00  0.533797511071430E+00
 0.323671867545806E-01 -0.911056414719308E-01  0.995315089463423E+00  0.140967790527448E+00  0.148152980633988E+00 -0.978866066611298E+00
-0.603369917899558E-01  0.207273105153213E+00  0.976420661038000E+00 -0.206499242780843E+00  0.148377143148482E+00  0.967130956035445E+00
-0.578376072004509E+00  0.125721743630164E+00  0.806024293995675E+00 -0.841286187436712E+00 -0.718084308663183E-01  0.535799496159448E+00
-0.854438771001400E-01  0.840201989413567E-01  0.992794011885623E+00  0.863875663982111E+00  0.494255803729514E+00  0.971083809933983E-01
-0.235969779107367E+00 -0.218165881204048E+00  0.946954017693827E+00  0.619464304220575E+00  0.512089896100551E+00 -0.595002448825420E+00
-0.644164151712684E-01 -0.173451701084999E+00  0.982733449541229E+00 -0.576200631061865E+00 -0.590760026934447E+00  0.564796798273786E+00
-0.129091846922204E+00  0.152760202575830E+00  0.979795700933213E+00  0.230673987557887E+00 -0.716669035557387E+00 -0.658160318567892E+00
 0.401618601131307E+00  0.674144991946286E-01  0.913322388055647E+00  0.556799506936923E+00  0.417373676037009E+00  0.718173741949783E+00
-0.192086553936865E+00  0.215238443584679E+00  0.957483769157423E+00 -0.237831471187837E-01 -0.257494778663148E+00 -0.965986956886242E+00
 0.226611696742023E+00  0.164091625169770E+00  0.960063059100206E+00  0.601871161412466E+00  0.589865933873697E+00  0.538339377266163E+00
 0.106443526860736E+00 -0.559467390120414E-02  0.994303009757784E+00 -0.292235570059771E+00 -0.484185343110112E+00 -0.824719907064929E+00
 0.138727681340435E+00  0.206240750889272E+00  0.968617253151386E+00  0.461881381125464E+00  0.511144151520946E+00  0.724842911350843E+00
 0.815754483302366E-01 -0.157699094220971E+00  0.984112006791710E+00 -0.167118834620085E+00 -0.405617217802910E+00  0.898635614549664E+00
 0.237671988042000E+00  0.196052942836166E+00  0.951354439578353E+00 -0.813894608730321E+00 -0.989125503165377E-01 -0.572531111180516E+00
 0.240009356001611E+00  0.559361096068789E-01  0.969157706812332E+00  0.501032189590985E+00 -0.383958234911096E+00  0.775591915144568E+00
-0.315666123227287E-01 -0.125834612029511E+00  0.991548889062889E+00  0.751331141142329E-01  0.339764995624447E+00 -0.937504540208642E+00
 0.486743979702052E+00 -0.103875993807472E+00  0.867346572100402E+00 -0.577790127129332E+00  0.149243608168345E+00 -0.802424397942114E+00
 0.680628220487485E-01  0.339486966952130E-01  0.997103273611844E+00  0.645042859670042E-01 -0.217399741407121E-01  0.997680595489482E+00
-0.587362003746280E-01 -0.132791770999591E+00  0.989402043822603E+00 -0.705515453324603E+00 -0.674495837894327E+00 -0.217493240776372E+00
-0.892808698448264E-01 -0.248216250331420E+00  0.964581577343856E+00  0.736448306337219E-03 -0.686293750881189E-03 -0.999999493322261E+00
-0.328298044646516E+00 -0.250459725747138E+00  0.910763591531822E+00  0.286802264454310E+00  0.596210697887267E+00 -0.749851495183318E+00
-0.106489037790470E+00  0.375403133951103E+00  0.920723939001344E+00  0.440725190349514E+00  0.749029726471239E+00  0.494687553364551E+00
 0.213788819861972E+00 -0.669338350348787E-01  0.974584117575055E+00  0.916918443669837E+00 -0.184073663811374E+00  0.354086788724376E+00
-0.911374114092176E-02  0.370531632596851E+00  0.928775133693581E+00  0.339471116127137E+00 -0.385370023088399E+00 -0.858049711042573E+00
 0.380892605628329E+00 -0.642276131125698E-01  0.922385839381505E+00 -0.889223858394470E+00  0.590087332364379E-01 -0.453650635471705E+00
 0.104609093028541E+00 -0.271650321053601E-01  0.994142343272059E+00  0.238641867864326E+00  0.403096775257113E-01  0.970270678109979E+00
-0.207070862130314E+00  0.268540541335591E+00  0.940748444439743E+00  0.248691993944078E+00 -0.836324767405836E-01 -0.964965233043323E+00
-0.193804931131348E+00 -0.424447467875287E+00  0.884468199362437E+00  0.158559801446709E-03  0.855282954397520E+00 -0.518161213114065E+00
-0.238178178071718E+00 -0.370988236410255E+00  0.897573887730501E+00  0.422516945193284E+00  0.495562077050680E+00 -0.758879212268824E+00
 0.205277369428323E+00 -0.216966217395977E+00  0.954351540109550E+00  0.538247169946965E+00 -0.736217306004007E+00  0.410212216278703E+00
 0.139604176950383E+00  0.935625666057610E-01  0.985777216164052E+00  0.121198220353169E-02  0.153791980943788E-02  0.999998082949061E+00
 0.571166529565752E-01 -0.121910092097130E+00  0.990896370666432E+00 -0.995239747877335E+00  0.682296096172140E-01 -0.695885379681253E-01
 0.341379421632036E+00  0.446815375605529E-01  0.938862956286700E+00  0.910844619461715E+00  0.929890223975337E-01  0.402138186337973E+00
-0.853039696436860E-02 -0.700383895957645E-01  0.997507822681337E+00  0.284507933478032E+00 -0.667042964993411E-01 -0.956350235330440E+00
-0.236202011117633E-01  0.185665605023712E+00  0.982329053428951E+00 -0.216140394255192E+00 -0.517119705602956E-01 -0.974991898464793E+00
 0.370050791219551E+00 -0.442123384061933E-01  0.927958878965248E+00 -0.612582318574668E+00 -0.332803536331159E+00 -0.716927269097193E+00
 0.334544173154777E+00 -0.497249194973000E-02  0.942366951103442E+00  0.318752727051828E+00  0.167439981306893E-01  0.947690000751101E+00
-0.195516822686538E+00 -0.908180388206887E-01  0.976486178023696E+00  0.170682407369173E+00 -0.635337754876161E-01 -0.983275635407973E+00
 0.155014042904713E+00  0.742746663287647E-03  0.987911987390441E+00  0.200401586268222E-01 -0.463125587955183E+00  0.886066070800241E+00
 0.444122889092472E+00 -0.410670147854982E+00  0.796307031894685E+00  0.533382785792864E+00 -0.645677700808454E+00  0.546445889817603E+00
-0.179686851236223E+00 -0.218602284763086E-01  0.983480943335343E+00  0.853192262588496E-01 -0.207602149820697E+00  0.974485493488957E+00
 0.160029576864687E+00  0.256713783082244E+00  0.953146666628023E+00 -0.136967685076499E+00  0.172424262191841E+00  0.975453600666062E+00
-0.238282480784496E-02 -0.797619649760990E-01  0.996811090974156E+00 -0.801835170494015E+00 -0.494374350603498E+00 -0.335640225277310E+00
-0.834358199356095E-01  0.181183907773647E+00  0.979903492960171E+00 -0.865402353169040E+00  0.497356199305356E+00  0.609555423404595E-01
-0.141307615495479E+00 -0.486938674705270E-02  0.989953759968459E+00  0.192599240792380E+00  0.527660015843886E-01 -0.979857786376674E+00
 0.380626548279518E-02 -0.654623324113306E-02  0.999971329175706E+00  0.408264999778528E+00 -0.133522774530646E+00  0.903045601637856E+00
-0.338992624691324E+00  0.376678501598474E+00  0.862088920493945E+00 -0.405823988820226E+00  0.860035477169257E+00  0.309266661811922E+00
-0.385890013103177E+00 -0.383871027781762E+00  0.838887317711386E+00  0.215409229038024E+00  0.201021741334950E+00 -0.955609294406406E+00
 0.301147922504813E+00  0.892919026078193E-01  0.949387636795272E+00  0.390678285021521E+00  0.604331150922055E+00  0.694373341681453E+00
 0.222772808197422E+00 -0.475143402308662E+00  0.851240872591527E+00  0.257738548320840E+00 -0.880703870164400E+00  0.397406006229037E+00
-0.208428515862809E-01  0.180659535335396E+00  0.983324823153647E+00  0.391360003284771E+00 -0.743358696860016E+00 -0.542452943241644E+00
 0.572124144328743E-01  0.136312940194896E+00  0.989012397278307E+00 -0.323858158476347E+00  0.880861563108067E+00  0.345251791924563E+00
-0.278559219670711E+00 -0.424958812882653E-01  0.959478431862842E+00  0.314418852436185E+00  0.137184895821376E+00 -0.939319482173765E+00
-0.291710879123445E+00 -0.257280011187346E+00  0.921255533955952E+00  0.947933540805768E+00  0.307216536335194E+00  0.839047198770434E-01
-0.927363199929374E-01 -0.123399748493754E+00  0.988014411345222E+00  0.810165810619290E-01  0.492426561782189E-01 -0.995495592358675E+00
 0.190169848454253E+00  0.942416984817509E-01  0.977217443052549E+00 -0.284024921116973E+00 -0.340231127908350E+00 -0.896422123659780E+00
-0.564069231680797E-01 -0.346638323477167E+00  0.936301303916453E+00 -0.155100451062344E+00  0.790588042234877E+00 -0.592380281200751E+00
-0.124889176678908E+00  0.213948789807360E+00  0.968828472377041E+00 -0.488936535459711E+00  0.835019953044198E+00  0.252354398239300E+00
-0.225801099457384E+00  0.439580055531925E+00  0.869357945993701E+00 -0.433755974199774E+00  0.846099908910054E+00  0.309791379783885E+00
-0.133132172237642E+00 -0.283235149124800E+00  0.949765063063250E+00 -0.277267952242657E+00 -0.296300104706371E+00  0.913963199811763E+00
 0.114242748583213E+00  0.291906973628410E+00  0.949599343482953E+00 -0.545061001304029E+00 -0.633497525788571E+00 -0.549171548495739E+00
 0.110434006239561E+00  0.196137616265436E+00  0.974337911482250E+00  0.653154527435738E-01 -0.176088637539324E+00 -0.982205010862013E+00
 0.350995030157606E+00 -0.124646718273012E+00  0.928044009963121E+00 -0.270494942458922E+00  0.380999066132395E+00 -0.884122275316252E+00
 0.156105012446366E+00  0.482466660100784E-01  0.986561444770690E+00 -0.257324102280145E-02  0.126458030409434E+00  0.991968620963186E+00
-0.135364878763389E+00  0.640364407629479E-01  0.988724270892440E+00 -0.716724227903003E+00  0.699229629741991E-01  0.693842316658297E+00
-0.131248966527704E+00 -0.982136203501532E-01  0.986472398784236E+00  0.295184798928555E+00 -0.165439392819131E+00  0.941007833009452E+00
-0.102874429611968E+00 -0.100809495858579E+00  0.989572785234493E+00  0.680944928086811E-01  0.821067083189569E-01 -0.994294538101339E+00
 0.292266391010519E-01 -0.262439136784141E+00  0.964505833601255E+00  0.707457028448990E+00 -0.700744004870413E+00  0.919912633694108E-01
 0.519032183069767E+00  0.433186411529053E+00  0.736854887887985E+00 -0.542410042656183E+00 -0.543739422868723E+00 -0.640420787954377E+00
 0.994058318349229E-01  0.379964389788947E-01  0.994321251518909E+00  0.980938303422934E+00  0.190513089440025E+00  0.382728053551409E-01
 0.321922437771108E-01 -0.314494171463877E+00  0.948713379032806E+00  0.218730471021673E+00  0.888546371273754E+00 -0.403289383870789E+00
-0.405953220628893E+00  0.161158727134246E+00  0.899572035653343E+00 -0.677288160817458E+00  0.429076507384824E+00  0.597640442094530E+00
 0.197211078852791E+00 -0.366170416610554E+00  0.909410257461929E+00  0.399865691682280E+00 -0.572923963561130E+00  0.715447804240713E+00
-0.768887848569112E-01  0.484900308088619E+00  0.871182992246055E+00 -0.271452128176513E-01  0.954621917423820E+00  0.296580734699936E+00
-0.236857984458282E+00 -0.322341768226390E+00  0.916511909172513E+00 -0.470923821162433E+00 -0.672384385950414E+00  0.571077921296085E+00
 0.320747214357321E+00  0.331198650615151E-01  0.946585600471677E+00  0.223327870988595E+00  0.416959401713121E+00  0.881061586589006E+00
-0.144244603677416E+00  0.280688822543475E+00  0.948897928762152E+00  0.853201445103191E-01  0.907878129537896E+00  0.410460442488079E+00
-0.564254075240608E-01 -0.549087444210777E+00  0.833857992703686E+00  0.233171000493137E-01 -0.884809657412321E+00  0.465368867668628E+00
 0.188379085913296E+00 -0.285016694683905E+00  0.939829135397458E+00 -0.784092355840595E+00  0.541900250186067E+00 -0.302561227457556E+00
-0.122021766569281E+00 -0.329679837391289E-01  0.991979737964183E+00  0.958493936353051E-02  0.897922322398771E+00 -0.440049578883328E+00
 0.850818585540307E-01  0.414685506920758E+00  0.905978480812247E+00 -0.218480992224608E+00 -0.710254068785676E+00 -0.669182496640448E+00
-0.513951683655024E+00 -0.131291004914952E+00  0.847712415207296E+00  0.507992798979581E+00  0.721490599370337E+00 -0.470525909175172E+00
 0.490427558635414E-01 -0.188113671190277E+00  0.980922043186219E+00 -0.892893376606927E-01  0.385489327872226E+00 -0.918381942481849E+00
 0.179951320329674E+00 -0.167997660338675E+00  0.969223559573507E+00  0.722517370274432E+00 -0.405618758778574E+00  0.559858975259528E+00
-0.995902120321241E-02  0.559360365443527E-01  0.998384684233679E+00 -0.106040074324589E-01 -0.258404223534523E+00 -0.965978681072151E+00
-0.810449428200534E-01  0.405088365132524E+00  0.910678392011995E+00  0.321804276132180E+00 -0.649943769185845E+00 -0.688487548732395E+00
-0.815029643895293E-01 -0.622388429296334E-01  0.994727899089243E+00 -0.598134984267746E+00 -0.678925377738581E+00 -0.425787355445824E+00
-0.255458215929329E+00 -0.246143840956214E+00  0.934962196815212E+00 -0.962208151454450E+00 -0.198149678136651E+00  0.186794481527029E+00
 0.296221249530286E+00  0.343899527744861E-01  0.954500027488153E+00  0.192463619365313E+00 -0.477667210389549E-01  0.980140854970341E+00
 0.215144276496626E+00  0.736181096732079E-01  0.973803529578162E+00 -0.977398359340477E+00  0.518564480593019E-01 -0.204947202843115E+00
-0.633027612783157E-01  0.569430249788033E+00  0.819598652415241E+00  0.461930836476027E+00 -0.833354773555946E+00 -0.303545258082012E+00
 0.117904387701801E+00 -0.376927092454065E-01  0.992309334346102E+00  0.664262506597801E+00  0.272956934201369E+00  0.695880617922209E+00
 0.241356092147361E+00  0.471191353259144E-02  0.970425182409348E+00  0.572768910339202E+00  0.451491057375051E-01  0.818472561299367E+00
 0.208648304175951E+00  0.108612089261594E-01  0.977930426617948E+00 -0.107595088860334E+00  0.148298390321892E+00 -0.983072166364745E+00
 0.133804189573262E+00  0.377041101936563E+00  0.916480466951208E+00  0.871642657860727E+00  0.416031635720863E+00  0.259146204056533E+00
 0.189594353605994E+00  0.267787807227551E+00  0.944639439882215E+00  0.308388725512488E+00  0.164161349872086E+00  0.936988497893628E+00
-0.297594225991111E+00 -0.611604114767589E+00  0.733060763822553E+00 -0.143423436406748E+00 -0.943308376570556E+00  0.299330961614567E+00
-0.154437143173816E+00  0.224945222491153E+00  0.962054476465193E+00  0.151938209137949E+00 -0.407608055032349E+00 -0.900427928307812E+00
-0.418080212088624E-01  0.960959745944623E-01  0.994493666661251E+00  0.636128315146969E+00 -0.721285108015569E+00  0.274022918062061E+00
-0.116893759589080E+00  0.939915370223076E-02  0.993099947074217E+00 -0.340544350148514E+00 -0.454234510415427E+00  0.823225701208109E+00
 0.108840922069065E+00 -0.169513796264479E+00  0.979499222337190E+00 -0.855993056637201E+00 -0.391518528254150E-01 -0.515502686131933E+00
-0.209898478570704E-02 -0.148160185183200E+00  0.988961148776508E+00  0.618812902442121E+00  0.783405606768825E+00 -0.578467549161394E-01
 0.492291640099621E+00 -0.255455154485550E+00  0.832100718143416E+00 -0.450915497814218E+00  0.393764989660445E+00 -0.801014573368466E+00
-0.357032686755159E-02 -0.424757346886525E+00  0.905300198294455E+00  0.242249188923539E+00  0.940095520465820E+00 -0.239866093614723E+00
 0.181932500429455E+00  0.353926250729610E+00  0.917407638038821E+00  0.457570659610443E+00  0.314872850301774E+00  0.831555277541127E+00
 0.354379603091103E-01  0.413338282244815E-01  0.998516732765876E+00  0.146758038204259E+00 -0.164687130261117E+00  0.975366714292012E+00
 0.175561683081261E+00 -0.139897900548305E+00  0.974477641024078E+00  0.583507024028949E-01  0.131211630315516E-01 -0.998209913099338E+00
-0.193675460312898E-01  0.208379321190460E+00  0.977856306755205E+00 -0.934305302491741E-02  0.626771258134131E-01  0.997990122826846E+00
-0.142139324032353E+00  0.225702334032780E+00  0.963771170442331E+00 -0.226964809739133E+00  0.832184743777954E-01  0.970341002257614E+00
 0.820473244202261E-01 -0.175866942248570E+00  0.980988815012496E+00  0.454903171532149E-03 -0.671842429737172E+00  0.740693960194059E+00
-0.147922525391642E-01  0.783290092719645E-01  0.996817814633792E+00 -0.764618959615065E-01 -0.296518265082639E+00  0.951961394668058E+00
 0.142298360397586E+00 -0.868013682200827E-01  0.986010496446808E+00 -0.719799590213710E-01 -0.565261586150917E-01 -0.995803032176295E+00
 0.260846017703223E-02 -0.180072624022931E+00  0.983649859458639E+00 -0.203456601250850E+00  0.350541032062308E-01 -0.978456243914801E+00
-0.148359015094359E+00 -0.435214077718160E-01  0.987975449950955E+00 -0.231636120521143E+00  0.503835892348479E+00  0.832162304632532E+00
-0.208945784080388E+00 -0.637812921790670E+00  0.741307180669309E+00 -0.137166674780647E+00 -0.703495587553766E+00  0.697337265332925E+00
-0.104408368982419E-01  0.117642640476968E-01  0.999876287855793E+00 -0.269139466476792E+00 -0.870002727867334E-01  0.959163646162437E+00
 0.928421763491281E-01 -0.308648210002126E+00  0.946634360644722E+00 -0.196400836621380E+00 -0.969693150398658E+00  0.145333772552522E+00
-0.450596055595918E+00  0.378847362575281E-01  0.891923730730435E+00 -0.747840240605351E+00 -0.261540117945136E+00  0.610189922267302E+00
-0.197359193145053E+00 -0.232150486954418E+00  0.952447111543712E+00 -0.697173261350624E+00 -0.715659970999062E+00 -0.421930037726135E-01
-0.300483742653457E+00 -0.255179147302588E+00  0.919017477082398E+00  0.614651728134763E+00  0.411205972631621E+00 -0.673136614048762E+00
-0.136212757875315E+00  0.540414257720554E+00  0.830300255717378E+00 -0.478858352521912E-01  0.737449134989641E+00  0.673702991002140E+00
 0.132017987311848E-01 -0.477931026264140E+00  0.878298153615483E+00 -0.218610531062018E+00 -0.546177874506201E+00  0.808640318750352E+00
 0.136103289737183E+00 -0.160673503494657E-01  0.990564351657914E+00 -0.855940581747939E+00  0.422250728042763E+00 -0.298446047359246E+00
-0.332253973645310E+00  0.505512048088265E-01  0.941834312758501E+00  0.770101097489295E+00 -0.593811311348466E+00 -0.233093170557179E+00
-0.147618583481186E-01  0.651513264922140E+00  0.758493607862719E+00  0.502565604238431E+00 -0.783579684980194E+00 -0.365281659439398E+00
-0.182364095470076E+00 -0.766890598278789E-01  0.980235749596033E+00 -0.644851614301749E+00 -0.451760923614799E+00  0.616505039255262E+00
-0.366435751767817E+00 -0.235942161881347E-01  0.930144156993325E+00 -0.373560377035465E+00 -0.109273998911546E+00  0.921147022939878E+00
 0.281949483148404E+00  0.299043036540299E-01  0.958963097087325E+00 -0.545246505500161E+00  0.246754928674584E+00 -0.801135602388674E+00
-0.395750709491107E-01  0.600172671852661E+00  0.798890842180965E+00  0.419821638935831E-01 -0.957734877721754E+00 -0.284572314025995E+00
-0.267790705372592E-01  0.928316247507372E-01  0.995321641896377E+00 -0.325482816496675E-01 -0.742026180124106E-01  0.996711884569336E+00
 0.663965518234797E-01 -0.206873833218226E+00  0.976112040206220E+00  0.403206280051997E-01  0.646426905385787E+00 -0.761909773497244E+00
 0.514534116316457E+00  0.359843330834818E-01  0.856714521249044E+00  0.876731032089055E+00  0.468660315908915E+00 -0.108167488942916E+00
 0.126919896289318E+00  0.130537849572634E+00  0.983285924721218E+00  0.427788675176740E+00  0.153405397610524E+00  0.890765756736577E+00
 0.226487440497678E+00 -0.110901460052619E+00  0.967679856902585E+00 -0.639177133636112E+00  0.726823996100742E+00  0.251355267557442E+00
 0.324720174381188E-01  0.158498015079002E+00  0.986825185784957E+00 -0.928260750208862E-03 -0.144217659886435E-02  0.999998529228237E+00
-0.136620391902097E+00  0.594005672717884E+00  0.792774955012765E+00  0.378616556305482E+00 -0.557172777233648E+00 -0.739058860714843E+00
-0.569861238295591E-01 -0.615088983998373E+00  0.786395653252694E+00 -0.102968131407593E+00 -0.469712530969989E+00  0.876793990720851E+00
 0.445598733842292E-01  0.219209577835516E+00  0.974659724554758E+00  0.105924689145321E-01 -0.497172259335537E+00 -0.867587196856600E+00
-0.499627841783883E+00 -0.107191580533385E+00  0.859582447922905E+00 -0.842820411097573E+00  0.940991929330708E-01  0.529904799493894E+00
 0.167833432574698E-01  0.159003128799619E+00  0.987135413416535E+00  0.924147414489344E+00  0.376349364745412E+00  0.656712414104154E-01
-0.136294751276533E+00 -0.495712329291300E+00  0.857725496509846E+00 -0.726288790231673E-01 -0.887788429306996E+00  0.454485149064802E+00
 0.753539525866134E-01  0.426022908543212E+00  0.901568778976932E+00  0.218302032207322E+00 -0.807486039932379E+00 -0.548005947092253E+00
 0.723870892406372E-01  0.291342725900730E-03  0.997376571025550E+00  0.441199096642894E+00 -0.191321374639714E+00  0.876777901596216E+00
 0.130702171695175E+00  0.543842378983655E-01  0.989928935319288E+00  0.190863482485387E+00  0.954334759805402E-01  0.976966520775314E+00
-0.367744588859032E-01 -0.137791105410181E+00  0.989778384510133E+00  0.838393202644216E-01  0.658848660118791E-01 -0.994298824704222E+00
 0.786623229956849E-01 -0.855228637555559E-01  0.993226096473492E+00 -0.141878688265524E+00 -0.571632934379884E-01 -0.988232156782695E+00
-0.317146980305348E+00  0.211105202808271E+00  0.924582276614947E+00 -0.475982081854776E+00  0.594790432466641E+00  0.647815868283064E+00
-0.348942962589562E+00  0.314644566970563E+00  0.882744360126490E+00  0.692649886528637E+00 -0.592194286955644E+00 -0.411754855695671E+00
-0.311137683366614E-01  0.308174757270486E+00  0.950820830862035E+00 -0.175861687342421E+00 -0.555083911847503E+00 -0.812991093268032E+00
 0.111650400817778E+00 -0.147410903416821E+00  0.982753383891944E+00  0.449635306234820E+00 -0.266019801404360E+00  0.852679046680464E+00
-0.100859399568975E+00 -0.996802717137573E-01  0.989894552439631E+00 -0.180584241809887E+00 -0.983488824318131E+00  0.117925421894078E-01
 0.291899816141712E+00 -0.148116966427172E+00  0.944910504541487E+00 -0.312049725819142E+00 -0.406880553401160E-01 -0.949194105949272E+00
 0.954229315219669E-01  0.125803041873266E+00  0.987455345215766E+00 -0.605162616530455E-01  0.850274034118952E+00  0.522849738432203E+00
-0.298255819559019E-01 -0.380943738288225E+00  0.924117039622138E+00 -0.337709258875491E+00 -0.685197464244801E+00  0.645334712736159E+00
 0.427275548621768E+00  0.195812214198155E+00  0.882662552916336E+00 -0.927772233288475E+00 -0.126866350440125E-03 -0.373146977803446E+00
 0.163514622853528E+00  0.365140521910448E+00  0.916479878323597E+00 -0.456596324032627E-01  0.673477137899142E+00  0.737796545597755E+00
 0.388143155640762E+00  0.530668553713729E-01  0.920069997114472E+00 -0.555608393279807E+00 -0.359197057105079E+00 -0.749851176890509E+00
-0.148065340808723E+00  0.310134709655293E+00  0.939091644472585E+00  0.245204901237758E-01 -0.417018750575623E-01 -0.998829164162107E+00
-0.731730910385207E-01  0.943552459769161E-01  0.992845801876859E+00  0.329578570962435E+00 -0.929686370016239E+00 -0.164502945166305E+00
 0.174452860424740E+00 -0.307563470874368E+00  0.935398797772019E+00 -0.170785144384222E+00 -0.668759958070631E+00  0.723596954760748E+00
-0.986316843367717E-01  0.447784567127560E+00  0.888684855439359E+00  0.350914098388950E+00 -0.522657657912379E+00 -0.776973788603848E+00
-0.793473524630495E-01 -0.228081537247051E+00  0.970403426428476E+00  0.288451717569617E+00  0.459584786493864E-01 -0.956390832699358E+00
-0.759299547743877E-02  0.190043030137704E+00  0.981746399593988E+00 -0.269902855795408E+00 -0.797236117317558E+00 -0.539969463653185E+00
-0.304152070956038E+00 -0.468987009254067E+00  0.829181947996988E+00  0.702840140140051E+00  0.576942372022371E+00 -0.416116854709243E+00
 0.177104594412258E+00 -0.111739481149653E+00  0.977828334111093E+00 -0.208589093214651E+00  0.709807804479639E-01 -0.975424173884822E+00
 0.268992571792897E+00 -0.424098187011794E+00  0.864744889602450E+00  0.327242387969945E+00 -0.921498165020737E+00  0.209173495881153E+00
 0.438901521055525E-01  0.277517571346696E+00  0.959717485587286E+00 -0.232464553768061E+00 -0.133980828709197E+00 -0.963332429008706E+00
-0.458637620443323E+00 -0.311837840594362E+00  0.832110986760499E+00  0.806469003441838E+00  0.415960613317062E+00 -0.420219602894038E+00
 0.923071199951308E-01  0.484729139247641E-01  0.994550035047934E+00  0.158511468621250E+00 -0.245824781247642E+00 -0.956265805746542E+00
-0.186389717714105E+00 -0.117463039837679E+00  0.975428781307251E+00 -0.634263832349520E-01 -0.240076751709271E+00  0.968679641160305E+00
 0.446593622962274E-01  0.292119587366621E+00  0.955338520125745E+00 -0.484417349229472E+00 -0.494885550783323E+00 -0.721407044179206E+00
 0.217362978828437E+00 -0.280825331799797E+00  0.934821089008139E+00 -0.573077375118361E+00  0.656665726098914E+00 -0.490277927602738E+00
 0.141110022702773E+00  0.265973689219615E+00  0.953596328713429E+00 -0.385217460896388E-01 -0.238159886407635E-01  0.998973910451754E+00
-0.115572846075252E-01  0.151130358696605E+00  0.988446277676605E+00  0.410711029379598E-01  0.134285378547576E+00 -0.990091208733718E+00
 0.940235839758997E-01  0.226624067669268E+00  0.969433389980643E+00 -0.236197698899616E-01  0.842036274211773E+00  0.538903534393588E+00
 0.504501767027343E-01  0.186893385051990E+00  0.981083911953749E+00 -0.254207115009198E+00 -0.906342773111354E+00 -0.337522621919659E+00
-0.271340225921851E+00  0.359168421667354E-01  0.961813111911794E+00  0.409237685304154E+00 -0.462150101612317E+00 -0.786728543086256E+00
 0.703903124453700E-01 -0.944278782169048E-01  0.993040069548705E+00 -0.942326534563838E-01  0.303195662813780E+00 -0.948257663862245E+00
 0.242619080845321E+00  0.124979159679339E-02  0.970120827335820E+00  0.366830308084330E+00 -0.416148038957391E+00 -0.832019431709785E+00
-0.164650043425961E+00  0.203067808718454E+00  0.965222165235608E+00  0.872487788196792E+00 -0.483129639009876E+00  0.731492403081284E-01
 0.247051440837075E+00 -0.558005548978131E-02  0.968986299470254E+00  0.891169123294576E+00  0.325842253993073E+00  0.315665042725815E+00
-0.294001608782883E+00 -0.210712114674507E+00  0.932289364286901E+00  0.267334803775984E+00  0.598981104207371E+00 -0.754820335902906E+00
-0.143361124635873E-01 -0.293068848683786E+00  0.955983852275022E+00  0.948569499406774E+00  0.271464831185882E+00 -0.162858067728937E+00
-0.159084784029107E+00  0.331218747148857E+00  0.930046328430769E+00  0.227240171842771E+00 -0.938524524667021E+00 -0.259872316531426E+00
-0.118008778957161E+00 -0.245540504028023E-01  0.992708933523748E+00 -0.188136111902340E+00 -0.198118169918924E+00  0.961953218273241E+00
 0.267747030291801E+00  0.213767474705154E+00  0.939475914820653E+00  0.535818753652084E+00  0.487262033491122E+00  0.689546208714706E+00
 0.114302150351922E+00 -0.372890065234822E-01  0.992745963687296E+00 -0.914849824781843E+00 -0.395052458685468E+00 -0.835664584818478E-01
-0.117905212989293E-01  0.222747298983535E+00  0.974804916074514E+00  0.361867264756257E+00 -0.150988281717782E+00 -0.919920986542723E+00
 0.389418708256319E-01 -0.467402999891379E+00  0.883186258039118E+00  0.209456211604951E+00 -0.837814570265792E+00  0.504177390677575E+00
 0.350050419272111E+00 -0.525719002037829E+00  0.775296223945253E+00  0.170813088607804E+00 -0.596826265905160E+00  0.783977867727122E+00
-0.192136028060445E+00  0.159427794552081E+00  0.968331825897205E+00  0.122322924040780E+00 -0.405791239873810E-01 -0.991660444381307E+00
 0.236250493000711E+00  0.391735239540843E+00  0.889229557908867E+00  0.342760433971559E+00  0.603472531814761E+00  0.719955684920058E+00
 0.773549883245770E-01 -0.239595004204308E+00  0.967786360588763E+00  0.753057076014211E+00  0.657564219594795E+00 -0.226790073331176E-01
 0.830348385930103E-01  0.111590008587103E+00  0.990279195764186E+00 -0.239572402277038E-01 -0.349614017133384E+00 -0.936587470375581E+00
-0.246112226588648E+00  0.125650932512997E+00  0.961062232679129E+00 -0.530085136181885E+00  0.192780975682384E+00  0.825739210534404E+00
-0.196317141241600E+00 -0.529313489811059E-01  0.979110745702327E+00 -0.321323112714968E+00 -0.782996049083814E+00  0.532605524149255E+00
 0.223052922226970E+00  0.203204960817364E+00  0.953391387513661E+00  0.713841539197568E-01 -0.299998567536400E-01 -0.996997648524770E+00
 0.976534685406888E-01  0.626455062643904E-01  0.993246867916960E+00 -0.679742041795557E+00  0.874563498322164E-01 -0.728218472362266E+00
-0.157094348812789E+00 -0.121674040293080E+00  0.980059586703708E+00 -0.865094059555544E-01 -0.202319895530217E+00  0.975491046885546E+00
 0.606282749302603E-01  0.357858821718958E+00  0.931805385258585E+00  0.581468289795649E+00  0.768371130201706E+00  0.267395651113993E+00
-0.327349017875167E+00  0.735886779078687E-01  0.942033612446995E+00  0.170014589489596E+00  0.139192829035814E+00 -0.975561579658450E+00
 0.191692163014207E+00 -0.317527247766290E+00  0.928671395901101E+00  0.431869272187597E+00 -0.771158822531871E+00  0.467763831619562E+00
-0.718410123158403E-02 -0.118405270161739E+00  0.992939364053727E+00  0.416653450398938E-01  0.196417208980033E-01 -0.998938537560180E+00
-0.283228864647557E+00 -0.129858368683314E+00  0.950220087302602E+00  0.708204666475172E+00  0.270412913668556E+00 -0.652167928147400E+00
 0.582229595874251E+00  0.101187882827145E+00  0.806702987509694E+00  0.879027262918290E+00  0.124821161585715E+00  0.460142096168969E+00
-0.213545677297356E+00  0.331387197959982E+00  0.919010755506074E+00  0.230553807987205E+00 -0.972916641161492E+00  0.166778587845937E-01
-0.125562193328289E-01 -0.228946724889526E+00  0.973357970388297E+00  0.147178447612524E+00 -0.167193326643893E+00  0.974876862010847E+00
 0.394825879950901E+00 -0.104509897712134E-01  0.918696522979051E+00  0.687014201577467E+00 -0.477761199877748E+00  0.547499518467597E+00
 0.208464362988081E+00 -0.152693018319138E+00  0.966036982480777E+00 -0.121015568089811E+00  0.337935627380232E+00 -0.933356707817022E+00
-0.477248254155192E-02 -0.652271993067004E-01  0.997859026055782E+00  0.218411595249346E+00  0.364441012032368E+00 -0.905250862363279E+00
-0.157951603014604E+00  0.164523750426789E+00  0.973644301914524E+00  0.301016716506743E+00 -0.449367859382672E+00 -0.841104906261600E+00
 0.170977270445018E-01  0.333364772404647E+00  0.942642878427196E+00 -0.427599212365573E+00  0.868268117127033E+00  0.251534073964182E+00
-0.378858057112050E+00  0.329971667463445E+00  0.864630135510367E+00  0.943875146091078E+00 -0.177002008424064E+00 -0.278872726535591E+00
-0.376964204751728E+00  0.195951453460903E+00  0.905262954186493E+00  0.606266216087017E+00 -0.313546924294401E+00 -0.730841707551678E+00
 0.233577247201792E+00 -0.133100556027474E+00  0.963185294517524E+00  0.545066591818057E+00 -0.822619082017628E+00  0.161864932534267E+00
 0.899612729042883E-01  0.297926617711354E+00  0.950340307382841E+00 -0.186383997074636E+00  0.137795783761407E+00  0.972765813344641E+00
-0.328778778337467E+00  0.404322984818356E+00  0.853479606588522E+00 -0.666761791734927E+00  0.721402674889811E+00  0.187101292738066E+00
 0.293340830874328E-01  0.372951620025507E+00  0.927386974617268E+00 -0.779419534002318E-01  0.776237859585019E+00  0.625603578352158E+00
-0.261831471352708E+00 -0.424276113881137E+00  0.866852963194564E+00 -0.414270820673820E+00 -0.886712014260417E+00  0.205235208734935E+00
 0.349787924700184E+00  0.290621860300295E+00  0.890610656824594E+00  0.445326826366130E+00  0.247945596860922E-01  0.895024718948390E+00
-0.136231977271697E+00 -0.119820579917637E+00  0.983404228685664E+00 -0.696396540018831E+00 -0.699946799708374E+00  0.158449792135571E+00
-0.347774096522630E+00 -0.179964420499133E+00  0.920144545787389E+00  0.812953022963912E+00  0.370250325777757E+00 -0.449468662662150E+00
-0.728126960210619E-01 -0.398449472343108E+00  0.914295537169270E+00 -0.142322403460034E+00  0.920584405261558E+00 -0.363687621816558E+00
-0.130132294412176E+00  0.118683794002971E+00  0.984367686889448E+00 -0.131978422249780E-01  0.884158819261293E-01  0.995996209221616E+00
-0.534141173128023E-01 -0.548823974450829E+00  0.834229690876374E+00  0.477291124639811E-01  0.880859692823333E+00 -0.470965108455589E+00
-0.244985991653619E+00  0.978633396854559E-01  0.964574844498394E+00 -0.402158347024123E-01 -0.100305797620424E-01  0.999140667828522E+00
-0.640564511927474E-01 -0.495791603962293E-01  0.996713939861882E+00 -0.587933730480560E-01  0.142032472507699E+00  0.988114424567814E+00
 0.905936102003227E-01  0.256663076481190E+00  0.962245739383700E+00  0.282282283183115E+00 -0.795237935316901E+00 -0.536575566750705E+00
 0.225336645842754E+00 -0.234919593346405E+00  0.945534864879290E+00  0.315906738299707E+00  0.187154619415178E+00  0.930148418871096E+00
 0.106253726299237E+00 -0.275390838771022E+00  0.955442322470865E+00 -0.133215611132839E+00  0.518710798570059E+00 -0.844507376165132E+00
-0.110805246725959E-01 -0.219708359095928E+00  0.975502669866339E+00 -0.420106239933873E+00  0.898292122792850E+00 -0.128771150872152E+00
 0.305346161955691E-01  0.355011208687430E-01  0.998903052168153E+00  0.840261896892174E-01 -0.427767126402839E-01  0.995544952426560E+00
 0.188961731541578E+00 -0.280246532776077E+00  0.941145761760524E+00  0.359290750377608E+00 -0.684149951495832E+00  0.634703868399544E+00
-0.175413851506830E+00 -0.125158920223446E+00  0.976506643801281E+00  0.315161005274495E+00  0.247969399074275E+00 -0.916070258155515E+00
-0.364979250605157E-01  0.353409604583020E+00  0.934756413647293E+00  0.155281405115400E+00 -0.597314818173522E+00 -0.786830790714064E+00
-0.247186009743807E-01  0.154075660039498E+00  0.987749807263592E+00  0.666384562731011E+00 -0.454300815215566E+00 -0.591221095571082E+00
 0.979729736710090E-01  0.314265807512827E+00  0.944266010538540E+00 -0.643889317496774E+00 -0.566362707782888E+00 -0.514431560118908E+00
 0.139696681399013E+00  0.752724793549703E-01  0.987329170569703E+00 -0.398267241025681E+00  0.304767355727092E-01 -0.916762986444492E+00
-0.225757944945554E+00  0.525366359574145E-01  0.972765774570754E+00 -0.444825883014090E+00  0.369316009650014E+00  0.815926233685942E+00
-0.134437812777923E+00  0.195633585658479E+00  0.971418537324615E+00  0.218782800329452E+00  0.207584258375035E+00  0.953437392781975E+00
-0.870047993628968E-01 -0.300261439096557E+00  0.949880641491070E+00 -0.272886086172366E+00  0.576808756611687E-01 -0.960315625488042E+00
-0.125577138599038E+00  0.162660662215236E+00  0.978658209605876E+00 -0.691578215236678E+00  0.413606157993907E+00  0.592156667005929E+00
 0.104600010464828E+00 -0.113005217868097E-01  0.994450167689716E+00 -0.434644243207328E+00 -0.352122316012005E+00 -0.828911488889538E+00
-0.147777062888564E+00  0.264244696829107E+00  0.953066986041235E+00  0.765479288788973E-01 -0.843915827456399E+00 -0.530986337633025E+00
-0.504142635862418E+00  0.226608726743071E+00  0.833359878845615E+00 -0.852530757268885E+00  0.420817659948110E+00  0.310006137013994E+00
-0.961373762368480E-01  0.178639428783007E+00  0.979206596880544E+00  0.851394428383984E-01 -0.346057103111566E+00 -0.934342419383386E+00
 0.428701719512398E-01  0.234455303495272E+00  0.971181166940448E+00  0.116765868222592E+00 -0.708077859050207E+00 -0.696413295063426E+00
 0.117921046673542E+00  0.540935604647268E-01  0.991548543172580E+00 -0.108050370830975E+00 -0.210983994596855E+00 -0.971499290471817E+00
 0.284272866938687E+00  0.133868839369379E+00  0.949351394884083E+00 -0.738372351286220E+00 -0.137338256601157E+00 -0.660260913677172E+00
-0.372206179634960E+00 -0.233903075065895E+00  0.898193693652024E+00  0.424925403671261E+00  0.660779524158914E+00 -0.618715461070059E+00
-0.180636307370968E+00  0.281684778438503E-01  0.983146510605282E+00  0.676922772353334E-02  0.322859687784305E+00  0.946422632632931E+00
-0.297158348522329E+00  0.221122837306852E+00  0.928871146459426E+00  0.878582885049609E+00  0.465266291275557E+00  0.107793285044082E+00
-0.113918136610358E-01  0.362316735093330E+00  0.931985413004314E+00 -0.263473598800736E+00  0.626954480287418E+00  0.733150559150385E+00
 0.208113416163817E+00 -0.231712180417895E+00  0.950262211949213E+00 -0.409869079198452E+00  0.739405257017787E+00 -0.534122835882790E+00
-0.152521747148982E+00  0.193307425714300E+00  0.969210687007903E+00 -0.194429249308778E+00  0.278427727350224E+00  0.940571776982392E+00
-0.576933421387031E-01  0.245355567753794E+00  0.967714897914195E+00 -0.266416448709465E+00  0.932867686380609E+00 -0.242446191069125E+00
 0.422499277664992E+00  0.273629478416879E+00  0.864072490543395E+00  0.515110296065664E+00  0.804230139838797E+00  0.296437624234867E+00
-0.293766829652739E-01 -0.231762399662209E+00  0.972328751298023E+00 -0.124351094746882E+00 -0.414655362023939E+00  0.901442031403045E+00
 0.135513288923035E+00 -0.899797002169225E-02  0.990734669354389E+00  0.319013085847664E+00  0.635144585798662E+00 -0.703435857906460E+00
-0.624304365760071E-01 -0.429111865282439E+00  0.901091253793285E+00  0.676388215591169E+00 -0.686313741695069E+00  0.267343280764467E+00
 0.150201963495168E+00  0.175220681238278E+00  0.973004153654336E+00 -0.862617138467643E-01 -0.242174477000910E+00 -0.966390417695434E+00
 0.198551909297642E+00 -0.721457773586048E-01  0.977431392028915E+00 -0.303968020412911E+00  0.174620510866505E+00 -0.936542107836576E+00
-0.110972571218054E-02 -0.228935173796613E+00  0.973441038125863E+00  0.109627107536781E+00 -0.685817224299192E+00  0.719469688136804E+00
 0.332118228163898E-01  0.117638585732034E-01  0.999379100470228E+00  0.571122666625408E+00 -0.668772136003514E-01  0.818135892115568E+00
 0.634989882524697E-01  0.871984000851546E-01  0.994165135937437E+00  0.323540658307138E+00  0.946206976639664E+00  0.371480559512166E-02
 0.593722233168539E+00  0.649221314898096E-01  0.802046773376829E+00 -0.645890140554232E+00 -0.507733410836549E+00 -0.570116400268505E+00
 0.126709571573444E-01 -0.486497889746983E+00  0.873589863789896E+00 -0.315864326991488E+00  0.425409521450360E+00 -0.848089892637325E+00
-0.384175191972428E+00  0.233690598362025E+00  0.893195457954275E+00  0.725723488924534E+00 -0.489826628028117E+00 -0.483110020696950E+00
-0.122685031354511E+00  0.179333559830592E+00  0.976108527470194E+00 -0.336692745223816E+00  0.247016513076744E+00  0.908636801797647E+00
 0.129818142866057E+00  0.236809715480931E+00  0.962843916965075E+00 -0.401455067955899E+00  0.505364908255988E+00  0.763832532637843E+00
 0.141227380344003E+00  0.567078956942308E+00  0.811465515985981E+00  0.473208245052525E+00  0.725738948789912E+00  0.499376546329144E+00
-0.110002598883977E+00  0.164256934291177E+00  0.980264804925707E+00  0.699456008577118E+00 -0.491580810673692E+00 -0.518757745621944E+00
 0.142455946189259E+00 -0.126804141745260E-01  0.989719915173826E+00  0.793466561130610E+00 -0.998285951309337E-02  0.608531970305181E+00
-0.266247141636487E+00  0.216457778690563E-01  0.963661724813663E+00 -0.426576715822756E+00  0.839027068938670E+00  0.337736410690431E+00
-0.456806496011845E+00 -0.431423466273076E+00  0.777947053436353E+00  0.606457876373922E+00  0.788940016743898E+00 -0.989064920223626E-01
 0.225991601467295E+00  0.215796110216192E+00  0.949926226020636E+00  0.381601686888570E+00 -0.158384095281876E+00  0.910656154059006E+00
-0.171568083719754E+00  0.281266286716833E+00  0.944168241684318E+00  0.176276659761170E+00  0.298989452691212E-01 -0.983886473275875E+00
-0.409376611282571E-01  0.304852703497831E+00  0.951519278349846E+00  0.226674957097865E+00 -0.689273990225804E-01 -0.971528423407500E+00
-0.539658880927359E+00 -0.194807450035455E+00  0.819035011246109E+00 -0.826752240392717E+00 -0.368837252974563E+00  0.424782078039789E+00
-0.438602179441483E+00 -0.740625675126563E-02  0.898650808462395E+00  0.841804792843718E+00  0.226527848666654E+00 -0.489948797859330E+00
-0.307948840748277E+00  0.198344350879077E+00  0.930498269722276E+00  0.739747153834239E+00 -0.416864091019385E-01 -0.671592429744655E+00
-0.241920762043868E-02  0.581722231537179E-02  0.999980153482569E+00 -0.117036577634536E+00  0.260317636855846E+00 -0.958403447112636E+00
 0.282215888567707E+00 -0.970336706451648E-02  0.959301848693908E+00 -0.651545699252812E+00 -0.270407168197652E+00 -0.708779348720383E+00
-0.153850765064216E+00 -0.629717584496138E-01  0.986085442406954E+00 -0.554489523116100E+00  0.811659808073738E+00  0.183710981468671E+00
 0.283059365823290E+00  0.328374455883240E+00  0.901136844293420E+00 -0.519130035005394E+00 -0.524559255277777E+00 -0.674790037313625E+00
-0.995298761121474E-02 -0.158975843281582E+00  0.987232302596770E+00 -0.370280696622779E+00 -0.588751807897004E+00  0.718514797625323E+00
 0.319982151637042E+00  0.236919321747553E+00  0.917322548298257E+00 -0.990556792202117E-01 -0.258759013914392E+00 -0.960849491404494E+00
-0.713720236548871E-01 -0.452768507324157E+00  0.888766962153106E+00 -0.238110267073712E+00  0.968872496027697E+00 -0.677464918290727E-01
-0.342691517006065E+00  0.218463692695013E+00  0.913693679055591E+00  0.826918427863725E+00 -0.343462158902011E+00 -0.445241124629963E+00
 0.183308840325330E+00 -0.845049074190922E-01  0.979416555751777E+00 -0.400140982268224E+00  0.600936992983184E+00 -0.691926242293028E+00
-0.559917812186619E-02 -0.667548429245522E-01  0.997753697136963E+00 -0.199514150793980E+00  0.519777163531775E+00 -0.830677918271468E+00
-0.272515501498348E+00 -0.491925992275528E+00  0.826888214674052E+00  0.620551312576452E-02  0.958974406112801E+00 -0.283424734325441E+00
 0.105102452299602E-01  0.361301086388939E+00  0.932389971910562E+00  0.708270973706794E+00  0.692393001577030E+00  0.137637782500229E+00
-0.147050245881958E+00 -0.331278616963900E+00  0.932003596092065E+00 -0.140441099294360E+00 -0.104754576167468E+00  0.984531754897203E+00
 0.203359295569685E+00  0.442417981372119E+00  0.873447953036711E+00  0.671328876499304E+00  0.658402134886055E+00  0.340329499684742E+00
-0.125142779063145E+00 -0.713304589879163E-01  0.989571245777143E+00  0.989244179917625E+00  0.641271102111791E-01 -0.131467358059211E+00
 0.577207685643625E-02  0.101580405339554E-01  0.999931746341356E+00 -0.122362816883872E+00 -0.118351521091213E+00 -0.985403601830052E+00
-0.217365452048556E+00 -0.833832375158395E-01  0.972522234171078E+00 -0.278209188182323E+00 -0.585373365615606E+00  0.761536388125210E+00
 0.402087406432854E+00 -0.199249095444896E+00  0.893658500520468E+00 -0.912509339669237E+00  0.198746989453714E+00 -0.357528095678504E+00
-0.106190594438856E+00 -0.184612253717472E-01  0.994174401606929E+00  0.442213744926596E-01  0.253835145672005E-01 -0.998699227608691E+00
-0.218696061129049E+00  0.712926311543510E-01  0.973185179495521E+00  0.452936472326382E+00 -0.495689297619005E+00 -0.741040263590657E+00
-0.480157289018130E+00  0.291995316727937E+00  0.827156401662776E+00 -0.625947235784793E+00  0.640311278472895E+00  0.445187067055842E+00
 0.209912748466673E+00 -0.733615186880006E-01  0.974963961183672E+00 -0.416631915689608E-01  0.314114558638138E-02  0.999126774575025E+00
-0.224768562726533E+00 -0.356734596080145E+00  0.906763211190984E+00  0.793769649798008E-01 -0.407211338559981E+00  0.909878136443988E+00
 0.671570082938915E-01  0.911355076978086E-02  0.997700796546430E+00 -0.793567992598224E+00 -0.197412271807239E+00 -0.575567751062835E+00
 0.214973027022733E+00 -0.174190879305505E+00  0.960960007086382E+00  0.748761098727239E+00 -0.123079687156488E+00  0.651312680394170E+00
 0.421637371644943E+00 -0.246412336651564E+00  0.872641327910993E+00  0.444651332983466E+00 -0.661165435395031E+00  0.604272669508498E+00
 0.199923785984438E+00  0.222100168015421E+00  0.954307075927435E+00 -0.228084465020773E+00 -0.352495668453626E+00 -0.907592574086864E+00
 0.335932932880285E+00  0.125955067795806E+00  0.933426154284849E+00  0.768243606263469E+00  0.215052274034719E+00  0.602954625878098E+00
 0.286489960301320E+00 -0.284162149236425E+00  0.914972882433072E+00 -0.453866521186107E+00  0.436698406279180E+00 -0.776723685038409E+00
-0.254300440809235E+00 -0.794998453455007E-01  0.963852198417512E+00  0.329594890836436E+00  0.299044926576080E+00 -0.895510658687893E+00
-0.184468505876345E+00 -0.463094833243966E-01  0.981746811603672E+00  0.683129414376749E+00  0.548676139465028E+00 -0.481963377441723E+00
-0.622181476373814E+00 -0.331414917776875E-01  0.782171242107539E+00  0.821525682618246E+00 -0.503057975178168E+00 -0.268380748952429E+00
-0.332262079247543E-01 -0.225203171981515E+00  0.973745115744569E+00  0.177109135363693E+00  0.979195475137896E+00  0.990382534185423E-01
 0.197573049357436E+00 -0.746019856397992E-01  0.977445361084804E+00  0.177078761294465E-01  0.492032654490360E+00 -0.870396632598124E+00
 0.206738129933440E+00 -0.435053659948431E+00  0.876349050662520E+00 -0.324883459388418E+00  0.711714244364556E+00 -0.622827080484145E+00
-0.319873375908966E+00  0.126998025069409E+00  0.938910285923565E+00  0.172570699498607E+00 -0.314272211683358E+00 -0.933516111611477E+00
-0.125899764182067E-01 -0.142708731298321E+00  0.989684652050850E+00 -0.278860990598273E+00 -0.166724102100725E-01 -0.960186741556213E+00
 0.285091567046106E-01  0.367348771153434E-01  0.998918303359846E+00  0.554928212577975E-01  0.347388343195394E-01 -0.997854578673150E+00
-0.135136199342691E+00 -0.193987214061675E+00  0.971651773223207E+00  0.217026713716956E+00 -0.872482483417065E+00  0.437805575185618E+00
 0.434824922645163E-02  0.342355918182675E+00  0.939560279074186E+00  0.149323774566188E+00  0.575611732655842E+00  0.803973596319086E+00
-0.368029316181303E-01  0.317031236003813E+00  0.947700764810394E+00 -0.636460123357693E+00 -0.204245048547498E+00 -0.743775820741264E+00
 0.147010696980934E+00 -0.195223724286803E+00  0.969678066395631E+00  0.700058639335361E+00  0.772728764985201E-02  0.714043549454442E+00
-0.256744265903913E+00 -0.158037033916889E+00  0.953470858409533E+00 -0.832503493014881E+00 -0.313553208379011E+00  0.456751923513465E+00
-0.595469580320935E+00  0.228523024493823E+00  0.770190370095995E+00 -0.736833239354326E+00  0.270982734737011E+00  0.619390938630088E+00
-0.223770582261859E+00  0.169136094636242E+00  0.959854003484587E+00  0.485625714329493E+00 -0.219954431152490E+00 -0.846042382979928E+00
-0.377017558320947E+00 -0.797550667414249E-01  0.922765891245868E+00 -0.485108087801450E+00  0.272321688923352E+00  0.830969939824272E+00
 0.423476047760799E+00  0.103852327955916E+00  0.899934848170150E+00  0.688664046335147E+00 -0.567445895589918E+00  0.451383414475386E+00
 0.161908446400879E-01 -0.700087498236942E-01  0.997414974570747E+00  0.128695508082718E+00  0.182900273615172E+00 -0.974671717098032E+00
 0.159940475643346E+00  0.490169614745008E-01  0.985908911481577E+00  0.281788375301309E+00 -0.378496933226070E+00  0.881666253796474E+00
-0.207703821349107E+00  0.484519090299225E+00  0.849764893210228E+00  0.321825954624383E+00 -0.903745007432341E+00 -0.282264089942774E+00
-0.355617545911913E-01  0.256218507480183E+00  0.965964511788618E+00 -0.254084182713865E-01 -0.427991350309587E-01 -0.998760555048881E+00
-0.256805129284644E+00 -0.558659664008762E+00  0.788638386957365E+00 -0.260046064075183E+00 -0.751297723675433E+00  0.606570502875897E+00
-0.169904426306482E-01  0.448845493577129E+00  0.893447842772435E+00 -0.866034504647065E-01 -0.942914544274551E+00 -0.321577369482248E+00
-0.176141220861987E+00 -0.477606874585899E-01  0.983205567034042E+00  0.407548552034393E+00  0.911922462731469E+00 -0.479749903641704E-01
-0.621325527290642E+00  0.816586664115391E-01  0.779285859833794E+00 -0.861349187056878E+00 -0.168103041757191E+00  0.479394352603820E+00
-0.388683474480285E-01 -0.224534618389652E+00  0.973690637066657E+00 -0.822499102964259E+00  0.567918345564529E+00 -0.310480014532101E-01
-0.359750982645925E+00  0.713655567253978E-01  0.930315101349304E+00 -0.757073465572486E+00  0.499812638359317E+00  0.420745878485297E+00
-0.445719989760250E+00  0.216470656397940E+00  0.868604711964405E+00  0.759316020300905E+00 -0.377975264775664E+00 -0.529692250776017E+00
-0.416341892782878E-01  0.564037457661013E-01  0.997539579037690E+00  0.160497460337559E+00  0.401080493559831E-01  0.986221024721158E+00
 0.246040909900686E-01 -0.413636003183767E-01  0.998841174199008E+00  0.416615979368042E+00  0.629514639505524E+00 -0.655852456260886E+00
 0.290640633347555E+00 -0.241555206385130E+00  0.925839675384226E+00 -0.636765697765572E+00 -0.104241842503777E+00 -0.763978458086707E+00
 0.247794608032264E+00  0.413358660957261E+00  0.876203429371146E+00 -0.111643039426232E+00 -0.938828140282753E+00 -0.325787591477792E+00
 0.263086894537481E+00  0.300596993643558E+00  0.916747911552069E+00 -0.490874674708798E+00 -0.323180600163763E+00 -0.809071290682917E+00
 0.183632602645782E+00  0.196392519496594E+00  0.963176539130453E+00 -0.387685095728368E+00 -0.620089918556468E+00 -0.682047475953631E+00
 0.314389424465478E-01  0.743032546320734E-01  0.996739995810805E+00  0.324172234792940E+00 -0.875441678691181E+00 -0.358488813493139E+00
 0.166677839987375E+00  0.308403653052066E-01  0.985528979546002E+00  0.882522101628152E+00  0.402830457876165E+00  0.242656881924064E+00
 0.926845845214235E-01  0.194809498869805E-01  0.995504927352744E+00  0.250223414000812E+00  0.102804560240666E+00 -0.962714633460768E+00
 0.270247175277271E+00 -0.401498152725223E+00  0.875080394942596E+00 -0.760841662453029E+00  0.601546848416456E+00 -0.243436549917922E+00
-0.440338366348274E+00  0.199028675360784E+00  0.875493980279627E+00 -0.616256557171317E+00  0.607126971656394E+00  0.501622064936035E+00
-0.321980224995292E-02 -0.120370288097421E+00  0.992723842071306E+00 -0.163674275955688E+00 -0.385635959560344E+00  0.908017421685484E+00
-0.887964021957043E-01  0.150453443956513E+00  0.984621226745962E+00  0.251006188336935E+00 -0.959607303366833E+00 -0.127081535801226E+00
-0.102464478182119E+00 -0.420788712532898E-01  0.993846265427865E+00 -0.157608108919425E+00 -0.175450392487456E+00  0.971790534929642E+00
 0.480933374191331E+00 -0.248151059387332E+00  0.840906737583833E+00 -0.982673720564873E+00  0.153305592400051E+00 -0.104162153635856E+00
 0.110293617173013E+00  0.112473985221708E+00  0.987514516682788E+00 -0.647126396092708E+00 -0.139659878274073E+00 -0.749481518037993E+00
 0.236637158787336E+00  0.170707865716277E+00  0.956484019554771E+00 -0.597285891135584E+00 -0.772231997230682E+00 -0.216580947231016E+00
-0.179587558391148E+00 -0.186325908106801E+00  0.965935279839846E+00 -0.992123724445599E+00 -0.546523173385191E-01  0.112710423660474E+00
-0.676302844948666E-01 -0.251936441996633E+00  0.965377736336000E+00 -0.525575444596654E+00 -0.496457896827996E+00  0.690869024283296E+00
-0.306074008624904E+00  0.361152112685472E+00  0.880844965216412E+00 -0.547108523444564E+00  0.660794874802705E+00  0.513831097743983E+00
-0.384718441609128E-02  0.317701584104630E+00  0.948182947868964E+00  0.785952316600073E+00 -0.618185069975975E+00 -0.112327774738575E-01
 0.814662022344997E-01 -0.272529668877032E+00  0.958692253789120E+00 -0.464935903120208E+00  0.153250432484489E+00 -0.871979879890077E+00
-0.560462281524526E-01  0.451707523735871E+00  0.890403915821517E+00  0.372059575063121E+00 -0.850343082482226E+00 -0.372140181488745E+00
-0.150881281953973E+00 -0.432523137438504E+00  0.888908642289115E+00 -0.274815205652335E+00 -0.809734017444827E+00  0.518466415242999E+00
-0.200402815892041E-01 -0.359437911931360E+00  0.932953790163398E+00  0.247418557173671E+00 -0.953181689004305E+00  0.173864100127080E+00
-0.244616652516835E+00 -0.230534945614056E+00  0.941815444852218E+00  0.675690198326726E+00  0.654682328888886E+00 -0.338871368111580E+00
-0.331515212896728E-01  0.116058493603907E+00  0.992688975811947E+00  0.165823489038361E+00 -0.212316225151508E-01 -0.985926867819576E+00
-0.317067778255558E+00  0.258816029484175E-01  0.948049664638359E+00 -0.432999191579986E+00 -0.163007442051098E+00  0.886532725807139E+00
-0.121574426345749E+00 -0.416757814397219E-01  0.991707007185131E+00  0.145778169147857E+00 -0.211037045844148E+00 -0.966546476213779E+00
-0.229244025449799E+00  0.383848304598830E-01  0.972611835002093E+00  0.727335170432512E+00  0.535644267349014E+00 -0.429032363240872E+00
 0.347904411379098E+00  0.473021062018627E-01  0.936335960695642E+00  0.609391411702693E+00 -0.259371175944875E+00  0.749245420694696E+00
 0.124604973321405E+00  0.984698806051897E-01  0.987308099448785E+00 -0.737821269050558E+00  0.632029517762317E+00 -0.236977770294508E+00
-0.281519234396092E+00 -0.318764897737137E+00  0.905061246897507E+00 -0.581722477090221E+00 -0.656705237280995E+00  0.479934569473516E+00
-0.156225491540382E-01  0.230708925765578E+00  0.972897387975743E+00  0.277883912483532E+00  0.935472649552442E+00  0.218337933310221E+00
-0.326182547718863E-01  0.302230822523613E+00  0.952676534492341E+00 -0.272709019692565E+00 -0.835988671226534E+00 -0.476185606837516E+00
 0.198588410581955E+00 -0.889432719741071E-01  0.976038799204762E+00 -0.478682176016834E+00 -0.544823663736653E-01 -0.876296209120018E+00
 0.327329941240067E-01 -0.227677117682652E+00  0.973186354805388E+00  0.164903576791061E+00 -0.768267247572298E+00  0.618524249055120E+00
 0.609946192785702E+00 -0.287156589314382E-01  0.791922378038631E+00  0.282486528964415E+00 -0.905574247703110E+00  0.316443743579462E+00
-0.252887355054721E+00 -0.103590543857966E+00  0.961933981558318E+00 -0.636321077523400E+00 -0.707849654674068E-02  0.771391846720003E+00
-0.229311055930063E+00  0.344026342394554E+00  0.910528591185837E+00 -0.166440019820978E+00  0.717012174399829E+00  0.676898265298724E+00
 0.428232024232447E-01  0.988708161364963E-01  0.994178422140976E+00  0.637506333612827E+00  0.249903551232645E+00  0.728789331483964E+00
 0.986554568655162E-01 -0.157731282482887E+00  0.982541573347897E+00  0.513894214000804E+00 -0.446174161482277E+00  0.732694584695481E+00
 0.655573988521220E-01  0.268369819509211E+00  0.961082653798484E+00  0.491148814769899E-02  0.509982950932158E+00  0.860170487195825E+00
 0.201676368268334E-01 -0.350633113541552E+00  0.936295725779509E+00  0.209110806519654E+00 -0.454567438597341E+00  0.865818176272451E+00
-0.498737185963967E-01 -0.764703402928994E-01  0.995823729004715E+00  0.158368485983284E+00  0.152842294609025E+00 -0.975478680251911E+00
 0.263110366300551E+00 -0.897033086851575E-01  0.960586410249555E+00  0.829900534546879E+00 -0.520902728359064E+00  0.199813538947908E+00
-0.316568960196465E-01  0.307567121699284E-01  0.999025457929325E+00  0.822873166563834E+00  0.567973252281378E+00 -0.169155680401768E-01
 0.179073508866097E+00 -0.490879973348827E-01  0.982610323037589E+00  0.220463733634068E+00 -0.379006550748616E+00  0.898749006476092E+00
-0.221289720707676E+00 -0.513714603256814E+00  0.828931942869746E+00  0.264489378516848E+00  0.400051731944783E+00 -0.877498706790928E+00
 0.839972251788914E-01 -0.117293510074702E+00  0.989538629188675E+00 -0.137320243465535E+00 -0.215969883345054E+00 -0.966695484742993E+00
-0.239022651171179E+00 -0.227144149358697E+00  0.944072935550646E+00 -0.921197205889721E-01  0.747816917641497E-01 -0.992935876910237E+00
 0.170035778653724E+00  0.440228679333693E-01  0.984454072609049E+00 -0.744286698806124E+00  0.666114612175787E+00 -0.482559159708170E-01
-0.457400707095383E-01  0.697290072364098E-01  0.996516789362483E+00 -0.297187591008060E+00  0.334721430653927E-01 -0.954232231372131E+00
 0.724057146268823E-01  0.189247883397806E-01  0.997195700389680E+00  0.773761839497901E+00  0.628419437433229E+00 -0.798850824179834E-01
-0.462597739548230E+00  0.299186723662219E+00  0.834560145075917E+00 -0.752240047706445E+00  0.563252755209456E+00  0.341878990836761E+00
 0.182468947028233E+00  0.447896776790951E-01  0.982190902087680E+00  0.219898795377757E-01 -0.143237910984089E+00  0.989443958016233E+00
-0.121053258636114E+00  0.515131130335144E+00  0.848519903793196E+00  0.400599966439857E+00 -0.895960392214485E+00 -0.191767156914971E+00
-0.217895393177338E+00 -0.763704503906224E-01  0.972979522877654E+00 -0.912417504806114E+00 -0.409199270924857E+00  0.708897721464322E-02
-0.822546168908692E-01  0.737908301315933E-01  0.993875792737013E+00  0.119338809314890E+00  0.130817938653356E+00 -0.984197599833383E+00
-0.106339270204974E+00 -0.265166318772014E+00  0.958320814237681E+00  0.787783534404401E+00 -0.609035234717108E+00  0.920499092579037E-01
-0.796160511845365E-01 -0.297502796983523E+00  0.951395485684456E+00  0.955159876039684E-01  0.884911461402786E+00 -0.455860067992387E+00
-0.156406445486755E+00 -0.370543485492993E+00  0.915551500009095E+00 -0.641053888981178E+00  0.590973108338671E+00 -0.489694493171647E+00
 0.240043119677792E+00  0.538039350841182E-02  0.970747316278056E+00 -0.154938202182891E+00  0.103692733462060E+00 -0.982467287257698E+00
-0.320650366327124E+00  0.123174074411641E-01  0.947117534442378E+00  0.803716814111612E+00  0.665166412882306E-01 -0.591282351458263E+00
 0.220807821384856E+00 -0.445556914634977E+00  0.867596070666663E+00  0.396852083767006E+00 -0.887434627987780E+00  0.234452990294377E+00
-0.646165149589405E-01  0.237211393915853E+00  0.969306690676929E+00 -0.136180120264111E+00  0.533473994303499E+00  0.834781691370099E+00
-0.118100162953978E+00 -0.630426010991562E-01  0.990998477272744E+00 -0.100906149270819E-02  0.540104992318364E-01  0.998539857876305E+00
-0.342120000297471E+00  0.179637244143340E+00  0.922325520579933E+00 -0.951773871077825E+00  0.139082410366154E+00  0.273464040525024E+00
 0.153538896661719E+00 -0.245235089404982E+00  0.957228059626562E+00 -0.657495511953510E-01 -0.120823966853875E+00 -0.990494101724641E+00
-0.298525724832059E-01 -0.152562832500274E+00  0.987842804324467E+00  0.368704533130226E-01  0.993828839293923E+00  0.104617435737002E+00
 0.452987209391192E+00  0.405924793353834E-01  0.890592408877028E+00  0.982396078917097E+00 -0.164125975029491E+00  0.892222418959039E-01
-0.334687153162816E+00  0.107964011548356E+00  0.936124073890933E+00  0.798246143241380E+00  0.325256306532156E+00 -0.506962947227233E+00
-0.403188337391340E-01  0.327762703050918E+00  0.943899360172827E+00 -0.238961229122892E+00  0.945625812446789E+00  0.220656642343770E+00
-0.176699908312311E-01 -0.449994863655724E-01  0.998830725223678E+00  0.939537858134432E+00  0.265409469344856E+00  0.216394146672791E+00
-0.333828317250332E+00 -0.169537953855892E+00  0.927262388326071E+00  0.736498722162176E+00  0.100775567727659E+00 -0.668890063614829E+00
-0.240349172016220E+00  0.171671470992206E+00  0.955385357621986E+00  0.536617107037944E+00 -0.336782778005808E+00 -0.773705008949095E+00
 0.102793887230554E+00 -0.326681348570360E+00  0.939527920417634E+00  0.464280762177163E+00 -0.369682166935875E+00  0.804846860788926E+00
-0.155963712639473E+00 -0.373114413963027E+00  0.914582393463125E+00  0.709934083403969E+00  0.685313670630338E+00 -0.162292236624365E+00
-0.323912680464090E+00 -0.866036206067532E-01  0.942114848801551E+00 -0.859907187006810E+00  0.804822435643298E-01  0.504065708221545E+00
 0.352343261651056E+00 -0.141947001862968E+00  0.925043390674843E+00 -0.598218980107483E+00  0.302928652976246E+00 -0.741868103536713E+00
 0.157854487915089E+00 -0.145373939372490E+00  0.976702809659309E+00  0.769628382788388E-01 -0.245012238262561E+00  0.966460410273300E+00
 0.341257118115770E+00 -0.316830566017972E+00  0.884964390115247E+00 -0.559311461465414E+00  0.533518044288201E+00 -0.634451877995736E+00
 0.204613803387611E+00 -0.548079693292525E-01  0.977307156405426E+00 -0.925189477407546E-01 -0.310350067839429E+00  0.946109443828252E+00
-0.331455180495091E+00  0.429822548918563E+00  0.839875014370660E+00  0.423877487620719E+00 -0.545541328290929E+00 -0.722988613060341E+00
 0.494752820803560E+00 -0.914565706910427E-01  0.864207927517652E+00  0.422946295222042E+00 -0.192643453721352E+00  0.885440529395542E+00
 0.159630130567148E+00  0.115595482373005E+00  0.980385590403117E+00  0.102782247889060E-01  0.121407773550113E+00 -0.992549500335773E+00
-0.476949709182458E-01  0.422526606224835E+00  0.905094722546337E+00 -0.427339432975189E+00 -0.901301715043571E+00  0.709663827735432E-01
-0.846743740767530E-01  0.132637538416768E+00  0.987541155485406E+00  0.577791709289708E-01  0.853483759885703E-01 -0.994674430214668E+00
 0.109026329274345E+00 -0.235666054694859E+00  0.965699109551998E+00 -0.117663199985700E+00  0.832709411861960E+00 -0.541064142930978E+00
 0.212815148300571E+00 -0.141167724645972E-01  0.976990496058682E+00 -0.405399570944160E+00 -0.338651167555094E+00 -0.849097505939019E+00
 0.155366367028611E+00 -0.978141696449300E-01  0.983002380573416E+00 -0.101321623854916E+00  0.785652613502273E+00 -0.610314590548555E+00
 0.366993219550219E+00  0.108972328908407E-01  0.930159785799992E+00  0.835468099877199E+00  0.377078565992444E+00  0.399755936987389E+00
-0.530846114725726E+00 -0.205862059471480E+00  0.822084676265628E+00 -0.956901126611207E+00 -0.646789069314691E-01  0.283119891368222E+00
-0.123940320891681E+00 -0.337031626387002E+00  0.933299780173659E+00  0.380498585894085E+00 -0.474667840341044E+00  0.793669495116557E+00
-0.331408992641889E+00 -0.465744946987272E-02  0.943475695373508E+00  0.935027083504907E+00 -0.299365704357212E+00 -0.190011915855342E+00
-0.120759925618121E+00  0.462138815006327E-01  0.991605424310170E+00 -0.825371675606252E+00  0.506835711969507E+00  0.248755217391093E+00
-0.244063791704211E+00  0.216931530806980E-02  0.969756752825190E+00 -0.429951548932301E+00 -0.802274334115509E+00  0.414122636896647E+00
 0.160555627102426E+00 -0.627900894242774E-01  0.985027560668146E+00 -0.327440457724487E+00  0.890635272375645E+00 -0.315517920640871E+00
-0.784575184008916E-01  0.518530170820055E+00  0.851452218128357E+00 -0.261946257682412E+00 -0.767394985726734E+00 -0.585225677809548E+00
-0.326974565308933E+00  0.175883711533953E+00  0.928521703385589E+00 -0.481013981349815E+00  0.571671026503647E+00  0.664693754448066E+00
-0.604769783129667E-01 -0.341764958882910E+00  0.937837538155674E+00 -0.247256610441608E+00 -0.662446462749464E+00  0.707127182749786E+00
-0.124522216201025E+00  0.491497676834779E+00  0.861930537420737E+00  0.151274321429503E+00 -0.955509763537174E+00 -0.253213687349594E+00
 0.289344117729685E+00 -0.347457193262893E+00  0.891938047391803E+00 -0.325608803442516E+00  0.734298613133803E+00 -0.595637854631911E+00
 0.594475761232530E-01 -0.181783725559549E+00  0.981539944584407E+00  0.213724647407030E+00 -0.114942966352891E+00  0.970108184470546E+00
 0.166153930948368E+00  0.178077248017365E+00  0.969887294982756E+00  0.376673728533683E+00  0.509249155800936E+00  0.773810183151248E+00
-0.190490859515935E+00  0.122581096423013E-02  0.981688203977393E+00 -0.172489358523257E+00 -0.530816890817896E+00  0.829747461351138E+00
 0.128311730302021E+00  0.309382205179511E+00  0.942241344340803E+00  0.322144053658899E+00  0.739148575415164E+00  0.591508742246424E+00
 0.428917551827953E+00  0.321713329383860E-01  0.902770590499537E+00  0.823829229276489E+00  0.520640351192389E-01  0.564441969769088E+00
-0.218080579224266E+00 -0.372458263655898E+00  0.902061917386851E+00 -0.738300485620902E+00 -0.508052774670227E+00  0.443615566771302E+00
 0.281804155522991E+00  0.157278718400125E+00  0.946493435089958E+00  0.753970475483526E-02  0.363361274223582E-02 -0.999964974241923E+00
 0.197533582940172E+00  0.144352351775677E+00  0.969609654524773E+00 -0.731709511298922E+00 -0.173041664422807E+00 -0.659285805586983E+00
 0.375034339063566E-01 -0.328856766920191E+00  0.943634844257052E+00  0.618676931999951E-01 -0.333093412080372E+00  0.940861927897376E+00
 0.369370669362104E+00  0.369737066360131E+00  0.852560737058888E+00  0.603681228929840E+00  0.252286886159693E+00  0.756254124557086E+00
-0.714902385618206E-01  0.232480897060111E+00  0.969969988346289E+00 -0.743494722029829E+00  0.529647136795108E+00  0.408276265289241E+00
-0.190038504563009E+00 -0.526337340527125E-01  0.980364757028283E+00 -0.880290416739012E+00 -0.450785601625140E+00 -0.147922694556707E+00
-0.344728367126114E+00  0.395839411445642E+00  0.851160098480263E+00  0.351980394601890E+00 -0.422607141275058E+00 -0.835172440852320E+00
 0.160162206410832E-01  0.808450197569405E-01  0.996597994909119E+00  0.170680603688919E-01 -0.488537498472684E-01 -0.998660098552608E+00
-0.171630932093563E+00  0.959778793673165E-02  0.985114564715910E+00  0.168961083594834E+00  0.188006148417078E+00 -0.967525627767986E+00
 0.108297954215589E-01 -0.204783771846001E+00  0.978747323020427E+00  0.947657951287611E+00 -0.284821968365978E+00  0.144294330094767E+00
-0.346940582452226E+00 -0.299095252116916E-01  0.937410077047031E+00 -0.792059959734905E+00  0.313013831228301E+00  0.524083353718205E+00
-0.367764754443115E-01  0.194327603367346E+00  0.980247047138321E+00  0.315160056040644E+00  0.924123417736295E+00  0.216032515765212E+00
-0.304028163476350E+00  0.239435158318022E-01  0.952362107532009E+00  0.620305944226362E+00 -0.792254422610837E-01 -0.780348553440049E+00
 0.368637260048628E+00  0.225344236165776E+00  0.901846187401545E+00  0.820310994357176E+00  0.568106271690292E+00  0.659176501621246E-01
 0.866178846320476E-01 -0.162385953664828E+00  0.982918177731104E+00 -0.301762369189494E+00  0.947847598329635E+00 -0.102588512426522E+00
 0.154159044786679E+00  0.279914599910130E+00  0.947566781640012E+00 -0.813722750298435E-01 -0.684542887197536E+00 -0.724416722918327E+00
-0.262471194367282E+00 -0.436834529713181E+00  0.860397853192159E+00  0.285722557339425E+00  0.431332074278975E+00 -0.855754206490167E+00
-0.398197520665747E+00 -0.970469875554686E-01  0.912151641308648E+00  0.690273229042727E+00  0.425902130744379E+00 -0.584919006610595E+00
-0.451014915879909E+00 -0.932141251126765E-01  0.887635438980056E+00 -0.772500278283961E+00  0.787542336793486E-01  0.630111966819216E+00
-0.151170486410595E-01 -0.151954697751661E+00  0.988271847555917E+00  0.386819481979806E+00  0.739174505518274E+00 -0.551354458359311E+00
 0.886282002661218E-01  0.670649443032243E-01  0.993804475419181E+00  0.315152380331287E+00  0.512458230159342E+00  0.798790047204820E+00
 0.373970874338024E+00  0.369913509223401E+00  0.850476208274448E+00 -0.601393433582737E+00 -0.770824495385334E+00 -0.210132185439336E+00
-0.386567358543808E-01 -0.283868277512218E+00  0.958083742579599E+00  0.373357433776919E+00  0.780619773429660E+00 -0.501235469589034E+00
 0.170665148575258E+00 -0.315086789832778E+00  0.933591839046733E+00 -0.764874204296513E+00  0.588583327415654E+00 -0.261795947810682E+00
-0.295064267849599E+00 -0.263113153360874E+00  0.918536088766727E+00 -0.501660938639560E+00 -0.218176294126752E+00  0.837099401101442E+00
-0.479964840232455E+00  0.121813745197746E+00  0.868789481762719E+00 -0.848751106234815E+00 -0.398073477299708E-01  0.527292077251198E+00
 0.156031756454590E+00  0.651780443182501E-01  0.985599266191155E+00  0.882545733255859E-01 -0.686010159377472E-01  0.993732877034582E+00
-0.133376875224599E+00  0.140380195762208E+00  0.981072887095085E+00 -0.820422175434331E+00  0.471590532425330E+00  0.323279791794033E+00
 0.324599257687233E+00  0.172586532211916E+00  0.929972693581894E+00  0.952565742853003E+00  0.161929742468184E-01  0.303901782041416E+00
-0.101696031522520E+00  0.562465196753549E+00  0.820543002903298E+00  0.102888802180907E+00 -0.916216037991235E+00 -0.387249359087166E+00
 0.443423637944718E+00  0.126392097993919E+00  0.887355912177615E+00 -0.868018791400382E+00 -0.102294739534966E+00 -0.485879783526021E+00
-0.402348152935512E+00  0.467151461482265E+00  0.787328061143743E+00  0.919749064937009E+00 -0.293602023256305E+00 -0.260498578666566E+00
 0.251351955706356E+00 -0.217114263285746E+00  0.943230401885180E+00 -0.378678427256646E+00  0.534278086687685E+00 -0.755744384574427E+00
-0.191128504801677E-01  0.233653739384810E+00  0.972132001848524E+00 -0.351434691658998E-01  0.711952273917513E+00  0.701347913833547E+00
-0.983143520111671E-01 -0.415197857827532E+00  0.904403133035292E+00  0.135536283384699E-02 -0.241857286914202E-03 -0.999999052247872E+00
-0.775194827149496E-01  0.102991185892498E+00  0.991656969636206E+00  0.410496847403008E+00  0.911222645776954E+00  0.341412960421615E-01
 0.279981879162195E+00 -0.115057378914748E+00  0.953085487717694E+00 -0.661020086810329E+00  0.735726482594157E+00 -0.147509279853488E+00
-0.180464737866371E+00  0.515189997666315E+00  0.837861411386993E+00 -0.376716224769654E+00  0.764526494095695E+00  0.523052698894714E+00
 0.847419767839799E-01 -0.585527917062562E-01  0.994681038300292E+00 -0.152389707062089E+00  0.272541055927351E+00 -0.949999342113212E+00
 0.235140369052041E+00 -0.453223339394095E+00  0.859824174741868E+00  0.610291347896336E+00  0.784212066847555E+00 -0.112053134242463E+00
 0.333455736729932E-01 -0.147537678094357E+00  0.988494160963506E+00 -0.201649614605954E-01 -0.280355666008828E+00  0.959684362103520E+00
-0.259479181532077E+00 -0.397974867249925E+00  0.879935542746654E+00 -0.394885800933313E+00 -0.104792052200632E+00  0.912734260350095E+00
 0.311311710962288E+00 -0.182602608966512E+00  0.932599220360148E+00 -0.686132345986458E+00  0.129087026834662E+00 -0.715932219762532E+00
 0.388374230008240E-01 -0.226339178246397E+00  0.973273975284144E+00 -0.518467463299980E-01 -0.842693630453427E-01 -0.995093256608106E+00
-0.793040258431347E-01 -0.457037986144318E+00  0.885904707463628E+00  0.149794133375984E+00  0.671332204683946E+00 -0.725861411400503E+00
-0.234725327054035E+00  0.193916298445389E+00  0.952523222833236E+00 -0.190085492791736E+00  0.282266776104450E-01  0.981361686689061E+00
-0.127348264033102E+00  0.382261102791244E-01  0.991121175306372E+00  0.841247971355012E+00  0.128259972003765E+00 -0.525215413209352E+00
 0.286917189064105E+00  0.773199456325459E-01  0.954829907694000E+00  0.743359977325483E+00  0.664803157364626E+00 -0.738424408364307E-01
-0.270560598153924E+00 -0.294166027380683E-02  0.962698451936755E+00 -0.766236902326403E+00 -0.399972911041715E+00  0.502894302956452E+00
 0.309455915211073E+00  0.390647502684694E-01  0.950111036578009E+00  0.865192081259706E-01 -0.226400502809337E+00  0.970184126314657E+00
-0.183104362447964E+00 -0.270034798049070E+00  0.945279852898136E+00  0.581278428352306E+00  0.375720292192178E+00 -0.721768419070339E+00
 0.213830193741078E+00 -0.106473788476756E+00  0.971050967051709E+00  0.609515276544293E-02 -0.453380383182604E-01  0.998953107705371E+00
-0.767131158112478E-02 -0.203320140854401E+00  0.979082259721609E+00 -0.211086419604031E-01 -0.735396431254630E+00 -0.677308285888001E+00
 0.256382188424183E+00 -0.842136858141964E-01  0.962899905795205E+00 -0.916500383972233E+00  0.397307261725035E+00 -0.466260223405694E-01
 0.292255611493579E+00 -0.127749687711097E+00  0.947769315202930E+00  0.820112783839609E+00 -0.476642748709499E+00  0.316586026042686E+00
 0.190374061527149E+00 -0.256605589101585E+00  0.947581810895231E+00 -0.394722856479959E-01  0.706425612878934E+00 -0.706685780339710E+00
-0.179431253599814E+00 -0.190638453017771E-01  0.983585784278071E+00  0.193106761580693E+00 -0.892044150510985E+00 -0.408615971507421E+00
-0.579465876362033E-03  0.246514289754738E+00  0.969138983410540E+00  0.129095964582161E+00  0.439320464097596E+00  0.889006052709246E+00
-0.347960244244137E-01 -0.311603586783314E+00  0.949574874029441E+00  0.416091563283303E+00  0.841404036685336E+00 -0.344829027220851E+00
 0.533335228259683E-01 -0.189429592258199E-01  0.998397065119255E+00  0.304873708286972E-01 -0.392395761218090E-02  0.999527449736430E+00
 0.856234756254823E-01  0.238862350660954E+00  0.967271108768651E+00  0.525805878154618E+00  0.439153227168244E+00  0.728472800841436E+00
 0.101790037671495E+00 -0.253199390095731E+00  0.962044103503569E+00  0.110457879444986E+00 -0.183205460657411E+00  0.976849433666122E+00
-0.105794750032443E+00  0.273476541163001E+00  0.956042913419212E+00 -0.789993708715549E-01  0.166592513323393E-01 -0.996735455748889E+00
-0.195987745796924E-01  0.911806943219483E-01  0.995641486187645E+00 -0.223673567354886E-01 -0.419465781842262E-01 -0.998869453898407E+00
 0.237102204979162E+00 -0.182358433122621E+00  0.954215880324302E+00 -0.460284991506791E+00  0.850383656687909E+00 -0.254922268606909E+00
-0.396987679045350E+00 -0.461727513055712E-01  0.916661802260277E+00 -0.414845429401958E+00 -0.717151389297227E+00  0.559997459399024E+00
-0.992146815463169E-01 -0.114451956894431E+00  0.988462035957223E+00  0.920245075010725E+00  0.385191653898520E+00 -0.691114439541595E-01
 0.391422512866285E-01 -0.390834617905256E-01  0.998469011626642E+00 -0.790623195644554E-01 -0.681437654098042E-01  0.994537871003845E+00
-0.417385921929895E+00 -0.210672650102319E+00  0.883971734091989E+00 -0.528855791411198E+00 -0.582160028640172E+00  0.617576920670219E+00
 0.246570752447588E+00  0.225942293251947E+00  0.942418667131271E+00  0.308774651372133E+00  0.850728347746308E+00  0.425346321261692E+00
-0.363687732135909E+00  0.755786923507728E-01  0.928449834270213E+00 -0.198311981118059E+00  0.235899424282357E+00  0.951327398831907E+00
-0.206707819471633E+00  0.700702222526282E-01  0.975890383866318E+00  0.360005427837581E+00  0.894605109315046E+00 -0.264722100163349E+00
 0.270429226087416E+00  0.290968202257786E+00  0.917717570362818E+00 -0.269722585092433E+00 -0.701373316567280E+00 -0.659791783745804E+00
 0.278716048995027E+00 -0.117212424184621E+00  0.953193900342090E+00  0.680831660761535E+00  0.187250687079654E+00  0.708099872823663E+00
 0.365670839539228E-01 -0.245808071630415E+00  0.968628535762004E+00 -0.992684463972619E+00 -0.666775471595145E-01  0.100656145824212E+00
-0.309669770060608E-01  0.633541298244148E-01  0.997510551608000E+00 -0.359819295335399E-01  0.113825073696800E+00  0.992849008331560E+00
-0.682205085230301E-01  0.290992280794054E+00  0.954290026530265E+00 -0.986806658964983E+00 -0.404396591438983E-01  0.156771335998307E+00
-0.166261134376654E+00  0.346978098908871E+00  0.923018653155706E+00 -0.127909710129228E+00  0.783082150078311E+00  0.608622586077272E+00
 0.132601851007743E+00  0.115695074807194E+00  0.984393924592527E+00  0.936927187019063E+00 -0.614102571443360E-01  0.344087527443256E+00
 0.878208042215276E-01  0.225102567725343E+00  0.970369177349189E+00  0.939710342214952E-01  0.855688213536710E+00  0.508888127137681E+00
 0.394628155457112E+00  0.319116565103375E+00  0.861645656170297E+00  0.502744535613517E+00  0.594006841884612E+00  0.628015767083135E+00
-0.304624584818603E+00 -0.184491126277759E+00  0.934433992665537E+00  0.244904202705582E+00  0.614632212587840E+00 -0.749832764519209E+00
-0.101984483841115E+00 -0.486964375300150E+00  0.867447325342695E+00 -0.244148434703502E+00  0.741474747038778E+00 -0.624985392897794E+00
 0.458427278910313E+00 -0.190951724090916E+00  0.867975730661631E+00  0.330731503613404E+00 -0.514989310618097E+00  0.790824052787164E+00
-0.336892327580068E+00 -0.283201822793767E+00  0.897942251586354E+00 -0.988275787393007E-01  0.324729954104669E+00 -0.940629346016648E+00
-0.141517636976135E+00 -0.199739217753613E+00  0.969575682098033E+00  0.822639920654120E-01  0.380451551729389E+00 -0.921134763428328E+00
 0.117022682373348E+00  0.289738952198359E-01  0.992706505068813E+00 -0.556237220940212E+00 -0.289261540477306E+00 -0.779055784422018E+00
 0.145529144751830E+00  0.821022683568104E-01  0.985941420956878E+00 -0.274235478364455E+00 -0.524444455053383E+00 -0.806072525254384E+00
 0.791106476217120E-01  0.403521798139577E-02  0.996857674118385E+00 -0.462312521329561E+00  0.271421791435200E+00  0.844154810302003E+00
 0.347927280334214E+00 -0.354136295647056E+00  0.868063414564062E+00  0.379419910797169E+00 -0.918120198681079E+00  0.114437022263275E+00
 0.891323273621143E-01 -0.175986814661672E+00  0.980348952814380E+00 -0.677006047643147E-01 -0.119380313055113E-01 -0.997634257392505E+00
-0.514827210591558E+00  0.314256896442536E+00  0.797618672219263E+00 -0.824181303783927E+00  0.423068735278114E+00  0.376481106728084E+00
-0.196787015058875E+00  0.110340766709378E+00  0.974217524943072E+00  0.596709515820463E+00  0.264621372319883E+00 -0.757570645577593E+00
 0.315211374113094E+00  0.504876619495063E-01  0.947677574716532E+00 -0.698065724291100E+00 -0.481101244367464E-01 -0.714415607679887E+00
-0.940726360732256E-01 -0.300675761074050E+00  0.949075563822384E+00 -0.600186779023678E-01 -0.998165357947215E+00 -0.797975544482897E-02
 0.133289516488902E+00 -0.619770814647524E+00  0.773380916563952E+00 -0.985119139215316E-01  0.885602139926978E+00 -0.453876913460328E+00
-0.375871407348898E+00 -0.496727922078692E-01  0.925339558676615E+00 -0.585018547976268E+00  0.216718187274838E+00  0.781528326951779E+00
 0.996444073436552E-01  0.385643146842852E+00  0.917251522418074E+00  0.605667429473098E-01 -0.381580057131831E+00 -0.922349353362392E+00
-0.475063325383906E+00 -0.258138953101009E+00  0.841236659785521E+00 -0.617035522346291E+00 -0.418882340562118E+00  0.666186722269397E+00
 0.217263529794049E-01  0.431961646136993E+00  0.901630246749095E+00 -0.157981151521613E+00  0.386127710996821E+00  0.908816453726637E+00
 0.573097429674062E+00  0.158502079265561E-01  0.819333941082431E+00 -0.835019922500670E+00 -0.266337895775155E-01 -0.549574717649670E+00
-0.171005735084182E+00  0.161308042029976E+00  0.971975696272687E+00  0.784400323816761E+00  0.131254572482682E+00 -0.606208189649850E+00
 0.354833947608419E-02 -0.193897089663490E+00  0.981015457527042E+00 -0.552030614227649E+00 -0.456784366932443E+00  0.697574543028609E+00
 0.373449666598147E+00 -0.148787375450364E+00  0.915640575457600E+00  0.890327116142426E+00 -0.422962974692362E+00  0.168582170768140E+00
 0.147239368063491E-01 -0.595855834781349E-01  0.998114604605349E+00 -0.739820175527284E-02  0.767890378868985E-02  0.999943148907673E+00
 0.541995700951692E-01 -0.296938122759994E+00  0.953357308595927E+00 -0.190738716626676E+00  0.705605623482429E+00 -0.682451057651450E+00
-0.135332828772263E-01  0.105836528615562E+00  0.994291445937846E+00  0.155571470363874E+00  0.141709854726524E+00  0.977607198563006E+00
-0.147196104165506E+00  0.165393307271666E+00  0.975181193844630E+00  0.189957935888463E+00 -0.222966268885477E+00 -0.956139124569371E+00
-0.139211246173988E+00  0.202749801370576E+00  0.969284657354524E+00  0.365565355333620E+00 -0.717965224415043E+00 -0.592357921792611E+00
 0.213778771721277E+00 -0.154235186042372E+00  0.964629537256566E+00 -0.691948424014448E+00  0.716391912541851E+00 -0.893868343132841E-01
 0.356645171584800E-01  0.102986784742632E+00  0.994043140102193E+00  0.139069863950572E+00  0.119889773955577E+00 -0.982998481708721E+00
