#          Em_x [n.u.]            Em_y [n.u.]            Em_z [n.u.]            En_x [n.u.]            En_y [n.u.]            En_z [n.u.]
-0.366960024760058E+00  0.188310438675116E+00  0.910977232928509E+00 -0.476409571378569E+00  0.589567537455218E+00  0.652260714038396E+00
-0.494814348031603E-01  0.299155574171582E+00  0.952920526619031E+00  0.322035684664056E+00 -0.343761516353135E+00 -0.882111692291597E+00
 0.187359158646489E+00 -0.154049270451120E+00  0.970136777956983E+00  0.936769058164784E+00 -0.310448244132037E+00  0.161510431181391E+00
-0.152000458311909E+00  0.788414353937444E-02  0.988348977311972E+00  0.275456348220269E+00 -0.243415465476495E+00 -0.929985328589658E+00
-0.781417637020069E-01 -0.157193509891705E+00  0.984471464905645E+00 -0.764622191422976E+00  0.625093168406813E-02 -0.644448469807018E+00
-0.280166530514317E+00  0.161849753604219E+00  0.946208947557475E+00  0.988420829703052E+00 -0.146311860378735E+00 -0.402132182453056E-01
 0.301181275780041E+00  0.363164142569549E+00  0.881703830473267E+00 -0.910476306091948E+00 -0.404120202565975E+00 -0.878621529624468E-01
-0.258343688928472E+00 -0.424524050452123E+00  0.867777545790713E+00 -0.366533294644374E+00 -0.500321344319865E+00  0.784430937900274E+00
 0.273399352895377E+00 -0.125172041779355E+00  0.953721528431217E+00 -0.632193336555107E+00  0.188534323238836E+00 -0.751522717006077E+00
 0.217670687902893E+00 -0.271613355822502E+00  0.937467682945242E+00  0.555547701818678E-01  0.441043451277148E+00 -0.895764668646616E+00
-0.116199100497621E-01  0.874965098001185E-01  0.996097052732932E+00 -0.368527925235892E+00  0.928010654454554E+00 -0.546204498348214E-01
 0.482959876016481E+00 -0.390945970941661E-01  0.874769324242791E+00  0.486787859110535E+00 -0.459027117201969E+00  0.743190208423006E+00
 0.444949609850328E-01 -0.389426450922258E+00  0.919982194267386E+00 -0.742115943906859E-01 -0.698689581477344E+00  0.711565533168243E+00
-0.628182445755069E-01  0.107800775915755E+00  0.992185900353564E+00  0.161393722632704E+00 -0.562118915711805E+00 -0.811156206222786E+00
-0.128745914797594E+00  0.270106605628477E+00  0.954183897903749E+00  0.566085901032786E+00 -0.355443502780025E+00 -0.743778642462504E+00
 0.133454910660582E+00  0.440163727494136E+00  0.887944637811978E+00  0.545314645439162E+00  0.811988175726184E+00  0.208103675965671E+00
 0.289469291556793E+00  0.466493305323564E-01  0.956049877990940E+00 -0.526790488022741E-01  0.112762335732202E-01 -0.998547827784774E+00
 0.569585871954980E-01 -0.105227355400468E-01  0.998321086315143E+00  0.240197891473870E+00 -0.273187572142305E+00 -0.931489948071636E+00
 0.280657158519885E+00  0.119494634248800E+00  0.952340586007595E+00 -0.474307454866690E+00 -0.518080128521194E-01 -0.878833526933399E+00
 0.419117234121778E+00  0.624399915521227E-01  0.905782529924861E+00 -0.815095085676466E+00 -0.122611885438540E+00 -0.566203432394471E+00
 0.194016784881964E+00  0.912294698760635E-01  0.976746984131611E+00  0.853110782674585E+00  0.521487838920373E+00 -0.158879307185486E-01
-0.407033339976878E+00  0.253420363734296E+00  0.877554544966890E+00 -0.780270416401835E+00  0.117381352595979E+00  0.614328654183447E+00
 0.665376403967207E-01 -0.308673990731065E+00  0.948837767933273E+00 -0.312239999053334E+00 -0.938527942783754E+00  0.147212375856341E+00
-0.366872242894029E-01 -0.176647065282480E+00  0.983590291687055E+00 -0.429960115643881E+00 -0.895224756828793E+00  0.117076614728685E+00
-0.746694873318000E-01  0.837492088791036E-01  0.993685331316574E+00 -0.537356843584849E+00  0.244839150749908E+00  0.807032473270185E+00
-0.319305750492089E+00  0.279310902821323E+00  0.905554668293318E+00  0.529004725865119E+00 -0.835659186837064E+00 -0.147742084279286E+00
 0.111599612044014E+00 -0.221379420082203E+00  0.968781027351224E+00  0.244111524344550E+00  0.118879037616093E+00  0.962433030448172E+00
 0.304776698780214E+00 -0.258085764005868E+00  0.916789453635971E+00  0.803746600235541E+00  0.179288718640442E+00  0.567315571774720E+00
-0.207841541536834E+00  0.295171263474762E+00  0.932564109769567E+00  0.422143192626543E+00 -0.888914158044796E+00 -0.177839097350894E+00
 0.689336255130339E-03  0.422153043830362E+00  0.906524314290735E+00  0.333821055903210E+00 -0.916115241861047E+00 -0.222027850202495E+00
-0.339127974946434E+00 -0.457774491824834E-02  0.940729111306860E+00 -0.556396525815142E+00  0.187743905897530E+00  0.809428892404502E+00
-0.234919309652151E+00  0.237735180287163E-01  0.971724105800147E+00 -0.202286682740133E+00 -0.819980895440653E-01  0.975887499303642E+00
-0.163319550862120E-01  0.851773103871315E-02  0.999830343358819E+00 -0.255670475910169E+00 -0.458899786714772E+00  0.850907511719696E+00
 0.176398831616283E+00 -0.127010468452850E+00  0.976090053790017E+00 -0.138000325402267E+00 -0.256139040366464E-01 -0.990100923193626E+00
-0.103166340793998E+00 -0.168695143086048E+00  0.980254382712138E+00  0.590375907040662E+00 -0.806998245704856E+00  0.144955101738449E-01
-0.295292692814877E+00  0.340438488861199E+00  0.892694718743223E+00  0.339924813960788E+00 -0.545456443588957E+00 -0.766112517193793E+00
-0.397035245992842E-02 -0.272517872482764E+00  0.962142528671720E+00  0.523060174355636E+00 -0.737481136681935E+00  0.427234861687775E+00
 0.460751617419830E-01  0.430527934707199E-01  0.998009787750009E+00  0.100110845603752E+00  0.192824984852224E+00  0.976112874522840E+00
-0.150702489856689E+00  0.591361813251173E-01  0.986808832352689E+00 -0.716553820494303E+00 -0.753362667626924E-01  0.693451562292046E+00
-0.287224303971491E+00  0.165786261603530E+00  0.943407183919869E+00  0.513295414597242E+00 -0.421016026241576E+00 -0.747845788248619E+00
-0.129155803866072E+00  0.179887943955830E+00  0.975171321331310E+00 -0.633364815634167E+00  0.766011418617880E+00  0.109888656665374E+00
 0.116592697336933E+00 -0.180938591916931E+00  0.976558942861524E+00  0.185214588680014E+00  0.569363026513868E+00 -0.800950248254573E+00
 0.283366422349842E-01  0.118672524933496E-01  0.999527990115887E+00  0.177880760515946E+00  0.232895066841514E+00  0.956095352399098E+00
 0.412974710695235E+00 -0.175289510632539E+00  0.893714426306520E+00 -0.704983794849677E+00 -0.376324267275001E-01 -0.708224293185392E+00
-0.297511061367405E-01  0.967657536936279E-01  0.994862433000535E+00 -0.404484896223847E-01  0.257090734917294E+00  0.965540405010041E+00
 0.454914108616509E+00 -0.256547844349981E+00  0.852781541393237E+00 -0.645280031499218E+00  0.292087326423760E+00 -0.705902737415707E+00
 0.122736373429794E+00  0.877196968691344E-01  0.988555024982671E+00 -0.149967704234501E+00  0.296945187956663E-01 -0.988244870080350E+00
-0.284338662269365E+00  0.313219442399933E+00  0.906115393336601E+00 -0.717275804762120E+00  0.372720726982635E+00  0.588722922587858E+00
 0.366476957160703E+00  0.394603568866477E+00  0.842604689820839E+00  0.628970530847680E+00  0.749209093053523E+00  0.207561572096343E+00
-0.255879936125633E+00 -0.454426274315058E+00  0.853242181036825E+00 -0.339816712678805E+00 -0.938757470760643E+00  0.570877646720371E-01
 0.168717550193769E+00 -0.133131319540703E+00  0.976632192800321E+00 -0.311823026603015E-01 -0.100596445956108E+00 -0.994438544638029E+00
-0.215198517436883E+00 -0.261147184428293E+00  0.941005709949808E+00 -0.673909848321925E+00 -0.534061237881427E+00  0.510513575262478E+00
-0.121794099822754E+00 -0.200454609990678E+00  0.972102950608551E+00 -0.244647999586845E+00 -0.240857487324490E+00  0.939220435839153E+00
-0.869215919691987E-01  0.199402919694769E+00  0.976054871647461E+00  0.596116899886734E-01  0.158589662106453E+00  0.985543385899198E+00
 0.111930889151697E+00 -0.317623889948132E+00  0.941587245340509E+00  0.232949051045341E-01  0.653007618734300E-02 -0.999707309916837E+00
-0.293883897870654E+00  0.222934365240804E+00  0.929479705731669E+00 -0.923859130507074E+00  0.334141047940491E+00  0.186638868031136E+00
 0.387472881064459E+00  0.139873339364067E+00  0.911208107610304E+00 -0.424267940614603E+00  0.538080185581381E+00 -0.728331262854582E+00
 0.686482059860217E-01  0.514957288336491E-01  0.996311002512163E+00 -0.236813981424697E+00  0.937907230581588E+00 -0.253474190056028E+00
 0.159093045243655E-01  0.197998143481170E+00  0.980073277468354E+00  0.310178275190938E-01 -0.121148842968620E+00 -0.992149611814347E+00
-0.109941131146405E+00  0.539282690057256E-01  0.992474024589206E+00 -0.370220035383112E+00 -0.872386416558795E-01  0.924838658795665E+00
 0.707165717181954E-01 -0.157062346220754E+00  0.985053595437354E+00 -0.636465328372431E-01  0.651710853755149E+00 -0.755792353729205E+00
 0.342119358853807E+00  0.456267794219918E-01  0.938548102814681E+00 -0.486316509869579E+00  0.178594957860534E+00 -0.855336245727413E+00
 0.452664235312789E+00  0.164567067732430E+00  0.876363377992621E+00  0.406153018442234E+00  0.692941544904137E+00  0.595711122068516E+00
-0.129820617523503E+00  0.128713747193993E+00  0.983147689082926E+00  0.349867669950695E+00  0.366834929543357E+00 -0.861988832868612E+00
-0.834669137078731E-01  0.200483828480611E+00  0.976134984945135E+00  0.113374512788997E+00  0.982833523394085E+00  0.145548909795387E+00
-0.538080281465485E+00  0.110697695319075E+00  0.835592981629854E+00  0.958951672601083E+00  0.271113916585975E+00 -0.831199966855058E-01
 0.129943201372340E+00 -0.564978355545083E+00  0.814809316455501E+00  0.278337522664555E-01 -0.964051768280088E+00  0.264252663772391E+00
 0.240770053407333E+00  0.262267630847861E-01  0.970227776493914E+00 -0.582265746384119E+00  0.840314900308554E-01 -0.808644117811376E+00
 0.251227573798062E+00  0.312908602530151E+00  0.915954645507171E+00  0.477646105321483E+00  0.240220251427107E+00  0.845073031681592E+00
-0.105446369888404E+00 -0.492956161649126E+00  0.863640715673780E+00 -0.861698320905661E-01  0.647190283057754E+00 -0.757442735494314E+00
 0.106759674360612E+00  0.272554309536361E+00  0.956198996173691E+00  0.896230899841398E-01 -0.848980748250875E+00 -0.520768077786148E+00
 0.392346830966316E+00  0.110976968467845E+00  0.913098065215547E+00 -0.946139124556972E+00 -0.756395951523741E-01 -0.314800585494612E+00
-0.896826029741797E-01 -0.175103187381196E+00  0.980456987579119E+00 -0.509608050801901E+00  0.237278513079267E+00  0.827042043543603E+00
-0.181217033020313E-01 -0.173124855990401E-01  0.999685891523841E+00  0.353666120263710E-01  0.680635452673366E-01  0.997053938640943E+00
-0.295602866816151E-02  0.526354928521983E-01  0.998609416532169E+00  0.403951399697094E+00  0.614773855524266E-01  0.912712330226998E+00
-0.982124016069329E-03  0.203265535067641E-01  0.999792911884733E+00  0.422199071832184E-01  0.191309748204191E+00  0.980621262098415E+00
 0.252682316622101E-01 -0.240879333052880E+00  0.970226088794083E+00 -0.249771643847377E+00 -0.569113387259770E+00  0.783405436776827E+00
-0.433375947229129E-01 -0.503676240482098E-01  0.997790035694570E+00  0.443485078196266E+00 -0.127421166210130E+00 -0.887178015856402E+00
 0.295835277062383E+00 -0.127438003797015E+00  0.946700081352936E+00  0.970882485376246E+00 -0.706090003371147E-01  0.228913889183328E+00
 0.842430744584675E-01 -0.277595737562547E+00  0.956997236617165E+00 -0.706387515402356E+00 -0.648509898000186E-01  0.704848229908853E+00
 0.189935930904006E+00  0.165107106164213E+00  0.967814024307206E+00 -0.126051392348756E+00 -0.742316659776581E-01 -0.989242491127995E+00
 0.302141973512104E-01 -0.348600819952721E+00  0.936784164365898E+00 -0.210387529777219E+00 -0.818012760627925E+00  0.535343077627909E+00
-0.329634256671338E-01  0.208977416294634E-01  0.999238058203887E+00  0.325246941048417E+00  0.368107509849873E-01  0.944912374747293E+00
-0.169207403645371E+00 -0.240245982337965E+00  0.955850784653158E+00 -0.163958348235101E+00 -0.888545729180635E+00  0.428490545051896E+00
-0.266910767676445E+00 -0.766060593048757E-01  0.960671720087642E+00  0.348406601535957E+00  0.210609644505544E+00 -0.913376383342274E+00
 0.185353249989277E+00  0.256038659863768E+00  0.948729875872779E+00  0.199187162207824E-01 -0.996181706778110E+00 -0.850014813092593E-01
-0.280791713452998E+00  0.138023084699009E+00  0.949792420345782E+00 -0.705421209482642E+00 -0.231567537842896E+00  0.669893568135585E+00
 0.605124048492671E-01  0.621766849206383E+00  0.780861213076514E+00 -0.105022789311972E+00 -0.925144139287358E+00 -0.364799308205740E+00
 0.820862465162128E-01 -0.326378581810152E+00  0.941668131280056E+00  0.425572696093808E+00 -0.806959772475597E+00  0.409516551491610E+00
-0.104693595756598E+00 -0.198936273242301E+00  0.974404233465772E+00 -0.103724142265322E+00 -0.298376545774505E-01  0.994158446466478E+00
 0.115441001774899E+00 -0.306386989691637E+00  0.944881150016712E+00  0.181870477987399E+00 -0.355681458065414E+00  0.916740873761553E+00
-0.232194539514875E+00  0.108037729542441E+00  0.966650683967476E+00  0.451743482631327E+00 -0.170542071630828E+00 -0.875695853423999E+00
-0.362174898276336E+00 -0.794397698255613E-01  0.928718830447939E+00 -0.526707531002802E-01 -0.578462407632778E-02  0.998595178183905E+00
-0.681715402004694E-02 -0.418293660835250E-01  0.999101511631384E+00 -0.607931048365020E-01 -0.187266794445407E+00  0.980426104355897E+00
 0.267049625343278E-01 -0.139272959411833E+00  0.989893877015466E+00  0.945099573002997E+00 -0.786964801634870E-01  0.317165037668768E+00
 0.378390743329080E+00 -0.201944361677804E-01  0.925425648072675E+00  0.867349591736240E+00  0.270029330478919E+00  0.418077560263744E+00
 0.192030283389279E+00 -0.275102104749440E+00  0.942042038458933E+00  0.403405488375086E+00 -0.520031657377664E+00  0.752881854791240E+00
-0.165179898180426E+00 -0.245116015559182E+00  0.955318658958096E+00  0.257766922889432E-01  0.684971064841923E+00 -0.728114141095999E+00
-0.449196431621371E-01  0.278706424703656E+00  0.959325260006788E+00 -0.682412392062372E-01  0.367387583249796E+00  0.927561047557233E+00
 0.107498871833129E+00 -0.812676455280759E-02  0.994171991283454E+00  0.919130893148142E+00 -0.270396170296727E+00  0.286503599191288E+00
-0.149632077117618E-01 -0.877058902412976E-02  0.999849578278225E+00  0.769232541007658E+00 -0.623373078032324E+00 -0.140311451561901E+00
 0.506647033409060E-01 -0.323635280575373E+00  0.944824477351364E+00 -0.560624331476435E-01  0.715400739748877E+00 -0.696461617862985E+00
 0.218409532495906E+00 -0.479451535814981E+00  0.849954999349716E+00 -0.526561106237862E+00  0.686654794943779E+00 -0.501237063651798E+00
 0.134146864350852E+00  0.325907974243377E+00  0.935835782127085E+00  0.904935746184648E-01  0.672999672733025E+00  0.734086066789184E+00
-0.110168300995427E+00 -0.844824978139033E-01  0.990315935961300E+00 -0.739518971901928E+00 -0.480477639384987E+00  0.471437088324780E+00
-0.413183408864843E+00 -0.207951225033604E+00  0.886586577072906E+00 -0.410359517312394E+00 -0.554119292020635E+00  0.724262988673099E+00
 0.342684717702785E+00  0.346754188841367E+00  0.873114377830263E+00 -0.364146915411568E+00 -0.743673268679207E+00 -0.560666650914984E+00
 0.901655940617681E-01 -0.195085168144147E+00  0.976632962180603E+00  0.505760478102734E+00 -0.433879422468995E+00  0.745623890139838E+00
-0.861931302654533E-01  0.240207606449263E+00  0.966887299585096E+00 -0.514354751811028E-01  0.387555137763859E+00  0.920410455767279E+00
-0.351125619246551E+00 -0.414682534411235E-01  0.935409634045571E+00  0.718223913658331E+00 -0.173556985193450E+00 -0.673819250793468E+00
-0.772606360390694E-01  0.395532544443348E+00  0.915196591124011E+00  0.157905279920316E+00  0.487321761192727E+00  0.858826771614221E+00
 0.604975504029396E-01 -0.874550664421744E-01  0.994329753024035E+00  0.246197864437562E-02 -0.382860264346180E-02 -0.999989640177814E+00
-0.309733110193694E+00 -0.401616559048017E+00  0.861840785730271E+00  0.793890797753962E+00  0.498722298343694E+00 -0.347869904384327E+00
 0.106385277312370E+00 -0.332257728367183E-01  0.993769702089258E+00  0.100893041410393E-01 -0.462088359077620E-02  0.999938424792642E+00
-0.199924753344247E+00  0.519029227237113E+00  0.831046782241461E+00  0.464959632685081E+00 -0.856998029115551E+00 -0.222186673915013E+00
 0.920502915094913E-01  0.134768546359927E+00  0.986592206914818E+00 -0.417270605065329E-01 -0.531528907667294E-01  0.997714198868907E+00
 0.425997476668173E-01  0.147466119702504E+00  0.988149282769871E+00  0.302811125623613E+00 -0.401831552936667E+00 -0.864197214334244E+00
-0.911585599508430E-01  0.198108797994220E+00  0.975931873188377E+00 -0.301620863285856E+00 -0.141737393960906E+00  0.942833689461649E+00
-0.200792321857100E+00  0.358591054497888E+00  0.911644063830467E+00 -0.399181136110358E+00  0.535926998949666E+00  0.743933244565968E+00
-0.173676823565412E-01 -0.344665225994192E+00  0.938564992741544E+00 -0.248378862153290E+00 -0.196477524610033E+00  0.948527555297447E+00
 0.111029327485599E+00 -0.177516340378040E-01  0.993658577141607E+00  0.227051278081533E+00  0.194100285674750E-01  0.973689359042478E+00
-0.279137021689896E+00  0.144745829109811E+00  0.949279288764591E+00  0.892020145804667E-01 -0.309310725617123E+00 -0.946768121354429E+00
-0.492582236781057E+00  0.334266710567418E+00  0.803510115813242E+00 -0.785319238492033E+00  0.172157336821641E+00  0.594672636862310E+00
 0.609636485823844E-01 -0.334813316276206E+00  0.940310308778784E+00 -0.551238949899789E+00  0.662411744579798E+00 -0.507293111283926E+00
 0.794915020901957E-01 -0.131541324263430E+00  0.988118404396187E+00  0.147670552133609E+00 -0.718498487805951E-01  0.986423340793779E+00
 0.275010917895830E+00  0.107273149179258E+00  0.955437840209010E+00  0.156182672437701E+00  0.989009492906003E-01  0.982764252025701E+00
 0.670018570076562E-01 -0.181265695758033E+00  0.981149070579431E+00  0.175192514887366E+00  0.254367557055279E+00 -0.951107106820872E+00
-0.337705886674630E+00 -0.390749500267935E-01  0.940440259870719E+00 -0.579272329995595E+00  0.158480664217675E+00  0.799579543741958E+00
 0.446891530058003E-01  0.971387521956306E-01  0.994267037784870E+00 -0.921512912345498E+00 -0.352663195784027E+00  0.162611877548704E+00
-0.954940689178708E-01  0.239228799932342E+00  0.966255899896316E+00 -0.790916105076195E+00 -0.611902851089286E+00 -0.515902703086498E-02
-0.100371894561524E-01  0.158139062395131E+00  0.987365834821425E+00 -0.770630317639575E-01  0.457886353552808E-01  0.995974241638632E+00
 0.168062019561978E+00 -0.580259545864923E+00  0.796902765093323E+00 -0.382687668606826E+00  0.908497289800298E+00 -0.167877403845144E+00
 0.101224571945911E+00 -0.383879786327960E+00  0.917818007931402E+00 -0.338920059986584E-01 -0.780302155694570E+00  0.624483688936543E+00
 0.207313794508115E+00  0.694479890301824E-01  0.975806316553808E+00  0.281377623143153E+00  0.378196266138807E+00  0.881926424070044E+00
 0.205735623259175E+00  0.663395990172113E-02  0.978585123480927E+00 -0.363216693528891E+00  0.986191733045613E-01 -0.926470664510574E+00
-0.117795774731693E+00 -0.350788822900614E+00  0.929016338491074E+00  0.105762407639006E+00 -0.856131133161163E+00  0.505819924442072E+00
-0.308531836735488E+00 -0.276799038807265E+00  0.910049667785226E+00 -0.783057561765689E+00 -0.461117301070066E+00  0.417362779384353E+00
-0.342963594008586E-01  0.218431056851027E+00  0.975249523524514E+00  0.258366228723733E-03 -0.981815834810426E-01 -0.995168483178626E+00
-0.183229061444259E+00  0.995543725862504E-01  0.978016379178393E+00 -0.385551544359923E+00 -0.872462869384694E-01  0.918552171657728E+00
-0.378344361680025E-01 -0.383613183060791E+00  0.922718527624658E+00  0.869233188527787E+00  0.319096013834376E+00 -0.377639243083699E+00
-0.772912450348055E-01 -0.617176844055294E-01  0.995096473148503E+00  0.225956976738988E-02 -0.207430190977888E-02  0.999995295796962E+00
 0.102042570272608E+00  0.320301412181610E+00  0.941803758331122E+00  0.940097159476385E+00 -0.337686358782068E+00 -0.467466986742521E-01
-0.650445079612393E-01 -0.111916575807746E+00  0.991586552976365E+00 -0.483253003449869E+00 -0.212755689147712E-01  0.875222191688507E+00
 0.278612875326784E+00 -0.149759403789666E+00  0.948655357165449E+00 -0.708497764240786E+00  0.705258059648636E+00  0.253374696141669E-01
-0.558480733687573E+00 -0.256788301017488E+00  0.788770586774344E+00  0.998895435974939E+00 -0.925387885634008E-03 -0.469792682541800E-01
-0.785771410152399E-01  0.133719007313962E+00  0.987899215503707E+00 -0.854318595466160E+00 -0.519749563492277E+00  0.358734323838117E-03
-0.124587514621287E+00  0.742772864756048E-01  0.989424497328781E+00  0.287002192536120E+00 -0.547062959320984E+00 -0.786353521018650E+00
 0.116952565772484E-01  0.280636867916980E+00  0.959742762066659E+00 -0.256885100407543E+00 -0.716488228731060E+00 -0.648578956857555E+00
 0.422810429121147E+00  0.313446431753056E-01  0.905675910229815E+00  0.874574137675152E+00  0.322069178504070E+00  0.362479684903136E+00
 0.670076289498044E-01  0.783930696548916E+00  0.617221711114294E+00 -0.138274363122349E-01 -0.866183197215019E+00 -0.499535254879371E+00
-0.101829008744888E+00  0.157761754003460E+00  0.982212849616510E+00  0.295492987218707E+00 -0.455525796074089E+00 -0.839750048297487E+00
 0.186196258086816E+00  0.356363575220904E+00  0.915606878376437E+00  0.247754524869729E+00  0.934752134817067E+00  0.254668690383231E+00
-0.144495401979790E+00 -0.276351525077024E+00  0.950132050503667E+00 -0.112954682157570E+00  0.856725953235831E+00 -0.503251309815323E+00
-0.212303451120895E-01 -0.302901606453454E-01  0.999315655143309E+00 -0.147516099959020E+00  0.642247328122958E-01  0.986972230586084E+00
 0.170668226216297E+00  0.277640568891961E+00  0.945403655094231E+00  0.518032876615771E+00  0.643688361881020E+00  0.563300303145771E+00
 0.148524091902597E+00 -0.127315232609703E+00  0.980679063542220E+00 -0.372557876565461E-01  0.415491198481911E+00 -0.908833906866461E+00
 0.660875506787498E-01  0.296577366296214E+00  0.952719424303968E+00  0.129106338549113E+00 -0.541229800167726E+00 -0.830904240425361E+00
-0.253946602458924E-01  0.341487057088049E+00  0.939543347095992E+00 -0.249100605399785E+00 -0.936801357950394E+00 -0.245666652461742E+00
-0.163290322240341E+00 -0.213574659996394E+00  0.963183334194519E+00  0.935045500519221E-01 -0.102294033033303E+00  0.990349852287246E+00
 0.586510966411012E+00  0.257125306203393E-01  0.809533045680483E+00  0.639427852022273E+00 -0.430848444962696E-01  0.767642962732620E+00
 0.734680459448450E-02  0.272377117772682E+00  0.962162527942185E+00 -0.754171067688914E-01 -0.233648060227190E+00 -0.969391997057269E+00
 0.117651646989280E+00 -0.496601216189463E+00  0.859968209900724E+00  0.462987291877798E+00 -0.740525418056078E+00  0.487098422059171E+00
 0.148706196101786E+00  0.320497562989583E+00  0.935504024234356E+00  0.390318110812327E+00 -0.414790591740029E-01  0.919745214731741E+00
 0.199880969663481E-01  0.219410173637809E+00  0.975427932593634E+00 -0.826612188570700E+00 -0.649058267061489E-01 -0.559016568060330E+00
-0.482210720891370E-02  0.253135574911636E+00  0.967418796590298E+00  0.106143327006194E+00  0.590486526002001E+00  0.800037034606613E+00
-0.139980682957830E+00  0.503795489049927E+00  0.852405721245232E+00  0.711728371875383E+00 -0.651657433093098E+00 -0.262269545624593E+00
-0.836384364584178E-01  0.121737959953445E+00  0.989032093034986E+00  0.913764248227517E-01 -0.117347437462771E+00 -0.988878115799684E+00
 0.862412780018043E-02  0.307945960424005E-01  0.999488527835248E+00 -0.848225773135627E+00  0.433751565249297E+00 -0.303928638716810E+00
-0.439033103037656E+00  0.472935692578257E-01  0.897225307681400E+00 -0.699536529563849E+00 -0.318914085289739E-01  0.713884851966901E+00
-0.704786325165985E-01  0.376949421005900E+00  0.923548534924888E+00  0.136222539629523E-02 -0.985991955364635E+00 -0.166787314560168E+00
-0.240233881007768E+00  0.325077744259286E+00  0.914665043938621E+00  0.605880677720449E-01 -0.558436410950857E+00 -0.827331772004421E+00
 0.536658250399337E-01 -0.382995134554700E+00  0.922190168094526E+00  0.173864229451589E+00  0.158940618681366E+00  0.971858585109166E+00
-0.907272320954201E-01  0.583441139480579E-01  0.994165244677121E+00 -0.130940207480651E+00  0.310812229778018E-01  0.990902931493861E+00
-0.400746795467295E+00 -0.304811757364076E-01  0.915681660757941E+00  0.780029157238108E+00  0.827284502451839E-01 -0.620250366689482E+00
 0.843764769019811E-01  0.995247379584091E-01  0.991451177153933E+00 -0.166940639514195E+00 -0.985673458999607E+00  0.240552510346949E-01
-0.267613924140780E+00 -0.559318660144651E+00  0.784567029653914E+00  0.467160542065080E+00  0.814581940314287E+00 -0.343827413757646E+00
 0.179590106964883E+00  0.374241059165561E+00  0.909775259674048E+00  0.277572666390474E+00  0.638207444010762E+00  0.718084029401945E+00
 0.496650583134337E-02 -0.244425624561124E+00  0.969655324266170E+00 -0.816582602572471E-01  0.705914413760579E+00 -0.703574281065488E+00
-0.343626125184305E+00  0.127419994502487E+00  0.930422071477137E+00 -0.863246962868919E+00 -0.349046483911308E+00  0.364652208503858E+00
 0.149694078921270E+00 -0.602185969647696E-01  0.986896855459327E+00 -0.765173375102267E+00  0.622101761034494E+00  0.165828540825716E+00
 0.573630776496850E-01  0.181399247048497E+00  0.981735091810818E+00  0.631093780138904E-01  0.968025512471742E-01  0.993300796576112E+00
 0.147702037397345E+00  0.134713802886437E+00  0.979814420929059E+00  0.784218733206613E-01  0.317923690065528E-01  0.996413194943659E+00
 0.778829162174390E-01 -0.647071306289804E-01  0.994860411619254E+00  0.331509626811260E-01  0.171939925175947E+00 -0.984549478596076E+00
 0.346785861811769E+00 -0.784249232321885E-01  0.934659883307021E+00  0.286970966992219E+00 -0.429687700237698E+00  0.856163620091387E+00
-0.183713589602432E+00 -0.219232197183237E+00  0.958220517789929E+00 -0.215971699075244E+00 -0.194531263438641E+00  0.956824860015415E+00
-0.239487338161193E+00  0.216745237327597E+00  0.946397018674652E+00 -0.299677703311698E+00  0.124045684533033E+00  0.945941828172619E+00
 0.472865249653285E+00 -0.883969110885605E-01  0.876689478538632E+00  0.771815722596086E+00  0.180084664088356E+00  0.609811449641334E+00
 0.107892013109370E+00 -0.223810996782851E+00  0.968642323681076E+00  0.120780123909763E+00 -0.513918133106986E+00  0.849294009240718E+00
 0.264622219191671E+00  0.240831889370130E+00  0.933796060268241E+00 -0.750249032083036E+00 -0.559699338433443E+00 -0.351941813963096E+00
 0.997356388888559E-01 -0.221977999159629E+00  0.969937405312590E+00  0.289039073389080E-01 -0.824517699306972E+00  0.565097449711181E+00
 0.241073583143664E+00 -0.514823897153337E-01  0.969140387693895E+00 -0.969022423067646E+00 -0.199169083741247E+00 -0.146038418485618E+00
 0.117082135416940E+00  0.839313141340024E-01  0.989569253803870E+00 -0.315499441570141E+00 -0.111788213904200E+00 -0.942318150945337E+00
-0.140575274766700E+00  0.189197072696795E+00  0.971824603417320E+00 -0.182258541805794E+00 -0.127743226745831E+00 -0.974917171845582E+00
-0.433911880827278E+00 -0.120315433810367E+00  0.892885589571227E+00 -0.198309863928170E+00  0.683435152632096E+00  0.702559314232994E+00
 0.712934755173099E-01 -0.766260581796603E-01  0.994507761436033E+00 -0.671456947770498E+00 -0.639987022595424E+00 -0.373580216553514E+00
 0.956489304493553E-01  0.214355676561532E+00  0.972061174016195E+00 -0.948464725992410E-02  0.190660919788586E-01  0.999773237090796E+00
 0.138975935138464E-01 -0.150222890939055E-01  0.999790571932394E+00  0.847753181009299E-01 -0.555210070127081E+00 -0.827378343607305E+00
-0.836202767805681E-01 -0.447117951403686E+00  0.890557795341612E+00  0.110234480544250E-01  0.369175229299510E-01 -0.999257514404424E+00
 0.217764875655539E-01  0.815973409881403E-01  0.996427447701524E+00 -0.615100707629332E+00 -0.715545123794968E+00 -0.331128819777348E+00
-0.232147200464012E+00 -0.456501747559945E+00  0.858902690525206E+00  0.150401857980763E+00  0.766139087793729E+00 -0.624828119782174E+00
-0.297680461831004E+00 -0.202226750767499E+00  0.933000902420839E+00 -0.748363264834976E+00 -0.576180347590598E+00  0.328585804465002E+00
-0.115542304672398E+00 -0.484313186454987E+00  0.867231637601401E+00  0.261308103878035E+00  0.957241721008108E+00  0.124122368689536E+00
-0.269416723875671E+00 -0.202978700709434E+00  0.941389545275711E+00  0.412939675086740E+00  0.558797964687155E+00 -0.719184023321396E+00
 0.221181556890748E+00  0.132513682942997E+00  0.966187788540234E+00 -0.275396251480647E+00  0.326416824984471E-01 -0.960776469962748E+00
-0.435163680627933E+00 -0.816442960648857E-01  0.896641946365672E+00 -0.758196582197601E+00 -0.393741433981943E+00  0.519716870911192E+00
 0.392514497723011E-01  0.179582024427643E+00  0.982959622870259E+00  0.274234149198543E-01  0.283400027593840E-01  0.999222097712882E+00
 0.488254617873785E-02  0.204103008772179E+00  0.978937241376053E+00 -0.294143983508629E+00  0.326341033560057E+00  0.898321126758482E+00
-0.235558359677415E+00 -0.246205840472492E+00  0.940156871646067E+00 -0.576040460192102E+00 -0.441698215415767E+00  0.687808167093266E+00
 0.177471256847399E+00 -0.656660501073209E-01  0.981932748642343E+00 -0.599990777106044E+00  0.544634431756371E+00 -0.585990104978831E+00
 0.381978677710610E+00  0.307076083592269E+00  0.871663105024004E+00  0.782641008427116E+00  0.524224789466412E+00  0.335650744133069E+00
-0.165119038529608E+00  0.987017812141823E-01  0.981322404462573E+00 -0.105395594781664E-01 -0.992747350044117E+00 -0.119756489036668E+00
-0.150637280674924E+00  0.264184912671677E+00  0.952635681458302E+00 -0.786618745344975E-02  0.218949323920524E+00  0.975704523229083E+00
-0.449749010572987E+00  0.576595496883416E+00  0.682102236077837E+00  0.695240523250201E+00 -0.554386376529701E+00 -0.457489191510636E+00
 0.128776289226705E+00 -0.824299056307630E-01  0.988241862091818E+00  0.193433717170863E+00 -0.143833163565428E+00  0.970512966487426E+00
-0.990426762466646E-01  0.474890601121905E-02  0.995071854779139E+00  0.363912205634362E+00  0.145787671527402E+00 -0.919953184363722E+00
-0.245768323711633E+00 -0.266130313256345E+00  0.932079710875660E+00 -0.505696273407378E+00 -0.304756964248201E+00  0.807090126196642E+00
 0.376542399439355E+00  0.257231387371404E+00  0.889970693211544E+00  0.572401624380267E+00  0.139560342500916E+00  0.808009462325695E+00
-0.154431867724274E+00  0.192753962013934E+00  0.969018425190730E+00  0.164176692777205E+00 -0.330682020548317E+00 -0.929352147915322E+00
 0.166618904944474E+00 -0.391407622977208E+00  0.905007300075771E+00  0.597326251480504E+00  0.771387690519132E+00 -0.219459290547950E+00
 0.177142914656779E-01 -0.259579945441412E+00  0.965559141535360E+00 -0.691407588168890E-01 -0.991010698549454E+00  0.114531003796997E+00
-0.299193845946618E+00  0.265548553817627E+00  0.916497140264517E+00  0.455171946703151E+00 -0.875326124505045E+00 -0.163164563228179E+00
 0.203698114319420E+00 -0.156852442809615E+00  0.966387287482285E+00  0.283723211775418E+00 -0.380360142329737E+00  0.880242751305993E+00
 0.662900276014040E-01 -0.133245040426930E+00  0.988863686987358E+00  0.346315130634216E+00  0.728561057150830E-01  0.935284886092916E+00
-0.336482458203023E+00 -0.649662932664092E-01  0.939446079379159E+00  0.853995830254078E+00  0.415657765696592E+00 -0.312921305961682E+00
-0.211287561424792E+00  0.162625542151529E+00  0.963800030829573E+00  0.170062256483424E+00 -0.972340486330135E+00 -0.160102490808368E+00
 0.297689220261327E-01  0.180839096675888E-01  0.999393207647789E+00 -0.258031750198729E-01  0.492916216007525E+00  0.869694084236358E+00
-0.180230749769324E+00 -0.253392380639689E-01  0.983297920190989E+00  0.820251309070817E+00 -0.107261189614753E+00 -0.561856589504865E+00
 0.241396429078406E+00  0.271775530410898E+00  0.931593165012533E+00 -0.840972162072669E+00 -0.377378545378322E+00 -0.387751539141965E+00
 0.374735711610143E+00 -0.125765092385227E+00  0.918562076280844E+00 -0.336517664318907E-01  0.498319180367927E-02 -0.999421195700522E+00
-0.171351444894923E-01 -0.407195263633421E-01  0.999023676894632E+00 -0.221914609867526E+00 -0.507053462882608E-01  0.973746822220813E+00
 0.196289180370582E+00  0.470404466495751E+00  0.860343068531556E+00 -0.187914214418113E+00 -0.639945685562949E+00 -0.745089100409468E+00
 0.180425361070984E+00  0.333886230230511E+00  0.925184670400922E+00 -0.471977415231318E+00 -0.149408732504446E+00 -0.868858072508381E+00
-0.680043981129970E-01  0.236138195010409E-01  0.997405529043158E+00 -0.767652800347649E+00 -0.950062981564440E-01  0.633784649095433E+00
-0.281017755765919E+00 -0.111901268482188E+00  0.953156402200795E+00 -0.143408836752863E+00 -0.511469366502236E-01  0.988340981854182E+00
-0.218153900080526E+00  0.145864529957001E+00  0.964952027191030E+00  0.487351879735463E+00 -0.192813258715375E+00 -0.851652037267492E+00
 0.115559476841752E+00  0.378093109829593E+00  0.918526868203347E+00 -0.381691150163110E+00 -0.472289926558408E+00 -0.794515003734112E+00
-0.110918966810916E+00 -0.262765638225185E+00  0.958462937295809E+00  0.251475537543098E+00  0.681277031558591E+00 -0.687474843385650E+00
-0.373044303209226E-01 -0.280542600494854E-01  0.998910075017520E+00 -0.420428029547253E-01  0.784996305833095E-01  0.996027213844077E+00
 0.375111904023349E+00  0.216535235473155E+00  0.901334317142404E+00  0.675992375875800E+00  0.523352690499937E+00  0.518783451070163E+00
 0.121352479233679E+00 -0.960863741696067E-01  0.987947865265560E+00  0.419289044307899E+00 -0.261189210296941E+00  0.869469317312479E+00
-0.269282216456565E+00  0.236199405683774E-01  0.962771616899764E+00  0.221664860351000E+00 -0.974975017050700E+00  0.169825149067546E-01
 0.914756683208400E-01  0.327609087972558E+00  0.940374652775714E+00 -0.962923534992670E+00  0.259114394234024E+00  0.750865930639739E-01
 0.653006523408640E-01 -0.880591354216565E-02  0.997826778900299E+00 -0.921932768879462E-01  0.166532034071586E+00 -0.981716599291589E+00
-0.752247648658251E-01 -0.429862492504581E+00  0.899755229097686E+00  0.657478862682888E-01  0.212074736156917E+00 -0.975039241125826E+00
 0.413004551611376E+00 -0.108824731712246E+00  0.904203748120989E+00 -0.752202187700049E-01 -0.360730147249203E+00  0.929632012978125E+00
-0.200692223127517E+00 -0.522353229204238E-01  0.978260753897208E+00 -0.780824051024651E+00  0.621860398708004E+00  0.600287086332553E-01
 0.491150384876070E-01  0.410266246969121E+00  0.910642256647600E+00  0.104607813913617E+00  0.950305611230229E+00  0.293217411714507E+00
-0.290250737357772E+00 -0.308817270856545E-01  0.956452209153953E+00 -0.965236396808364E+00 -0.281450774154172E-01  0.259858717178558E+00
-0.139603200264562E+00  0.100754849182022E-01  0.990156265990149E+00  0.807426843892353E+00  0.469610864925805E+00 -0.357109965284744E+00
 0.264537186034695E+00 -0.151770597869141E+00  0.952358001398260E+00  0.584185138875950E+00 -0.742017546362251E+00  0.328842947935685E+00
-0.419756831497046E+00  0.745722689744244E-01  0.904567951627497E+00 -0.675958262771005E+00  0.609017416565919E-01  0.734419093471023E+00
-0.531253400294890E-01 -0.221948250005286E-01  0.998341168133393E+00 -0.720726415769830E-02 -0.907219648904861E-02 -0.999932873044099E+00
 0.124840675303070E+00  0.428730647060578E+00  0.894765241871236E+00  0.339506427439853E+00 -0.648551564903418E+00 -0.681260782218055E+00
 0.357575719226595E+00 -0.242948946591687E+00  0.901729124720707E+00  0.766390097714321E+00 -0.619200603243964E+00  0.170987809705092E+00
 0.196972126376773E+00  0.184860024755859E+00  0.962823323708912E+00  0.729895707419225E+00  0.373947824102535E+00  0.572202133113788E+00
-0.282192683937241E+00  0.483492797367463E+00  0.828614508698757E+00  0.199770133130946E+00 -0.665228338670158E+00 -0.719418620372719E+00
 0.144126006743135E-01  0.151849894720661E+00  0.988298480427410E+00  0.325733296014921E+00 -0.125442004867269E+00 -0.937103048379492E+00
 0.109636793661514E+00 -0.403116975577750E-01  0.993153935961406E+00  0.538810631660089E+00 -0.106112856387467E-01  0.842360079673264E+00
-0.665519206374371E-01  0.307136161489526E+00  0.949335673070884E+00  0.115884424301248E-01 -0.945966464604691E+00 -0.324057334194654E+00
 0.351754914370751E-01  0.413679075452480E-01  0.998524602114284E+00  0.305185733271469E+00 -0.418062203671061E+00 -0.855620045387701E+00
-0.114665094383453E+00 -0.174149059673980E+00  0.978020460493901E+00  0.732373454801881E+00  0.304337568912652E+00 -0.609104068981561E+00
 0.137183711478189E-01  0.410726917143688E-01  0.999061980203624E+00 -0.606054717204922E-01 -0.255204048124718E-01 -0.997835500338480E+00
 0.351999838021875E+00  0.377537290185536E+00  0.856482170597810E+00 -0.429631606254545E+00  0.902902331729291E+00 -0.135669548885839E-01
 0.496533357616849E+00 -0.139253040990268E+00  0.856774891875749E+00  0.642893825096047E+00 -0.200771988353374E+00  0.739173956755787E+00
 0.534794430875381E-01  0.116060722086732E+00  0.991801319799360E+00  0.162258640472113E+00  0.180616939029385E-01  0.986582945730108E+00
-0.531990189956341E-01  0.520232477201689E+00  0.852366138488911E+00 -0.370531867986858E-01  0.940054544011357E+00  0.339005185257780E+00
-0.578314524183904E+00  0.474572903562772E-01  0.814432389281016E+00  0.885450517197854E+00  0.200597483086415E+00 -0.419211201393103E+00
 0.324628007990895E+00 -0.369447451681170E+00  0.870703874387931E+00 -0.606618943227755E+00  0.253997647605876E-01 -0.794586879873654E+00
 0.330336354605254E+00 -0.252984570239544E+00  0.909327608756506E+00  0.827699340095124E+00 -0.285651735205841E+00  0.483028869302849E+00
 0.388885117988718E+00 -0.197991954378852E+00  0.899759718484965E+00  0.729808706507390E+00 -0.681358776867200E+00  0.559416579307735E-01
-0.119099601031815E+00  0.235457215413332E-01  0.992603084838628E+00  0.818671705011634E+00  0.140649525973109E+00 -0.556771362640792E+00
 0.218962342386006E+00 -0.151981695021081E+00  0.963824183653509E+00  0.223329939677572E+00 -0.833781246385515E+00  0.504908478062538E+00
-0.718491677819056E-01 -0.145221546441749E+00  0.986786906853812E+00  0.770766830235739E-01  0.285860807797180E+00 -0.955166364304997E+00
-0.200300432041725E+00  0.177975980983291E-01  0.979572857129999E+00 -0.280055107005661E+00  0.532994668863881E-01  0.958503157986282E+00
 0.366751064124266E+00 -0.337694320824956E+00  0.866865735074521E+00  0.978765355419306E+00 -0.204655764656997E+00 -0.115929730259140E-01
 0.374116271828720E+00 -0.380981737635766E+00  0.845511638442081E+00  0.298563210688216E+00 -0.931218545778769E+00  0.209026384031344E+00
 0.263078816338355E+00 -0.520746337292658E-01  0.963367930188655E+00 -0.374264798569359E-01  0.152275168647612E+00 -0.987629248057620E+00
 0.343320940531816E+00  0.176238717667307E+00  0.922534902422305E+00  0.588786738070811E-01 -0.345162954761042E-01  0.997668245018015E+00
 0.541054522232859E-01 -0.620473097767153E-01  0.996605604734985E+00  0.385109819028114E+00 -0.244874761764264E+00 -0.889790300205070E+00
 0.405561487129657E+00 -0.339255524473139E-01  0.913437976574395E+00 -0.381816242939874E+00 -0.110400135195935E+00 -0.917620927603550E+00
 0.339307994005861E+00  0.121141979185112E+00  0.932842272885847E+00  0.672547799427084E+00  0.739747371221760E+00  0.212904733691679E-01
 0.359332933013016E-01  0.227818886238954E+00  0.973040263044323E+00 -0.502091341578989E+00 -0.451442898701485E+00 -0.737633780356764E+00
 0.104483950414831E+00  0.152728407635550E+00  0.982729432553447E+00 -0.179354638058223E+00 -0.673088040472250E+00 -0.717484775852582E+00
 0.314679744159797E+00  0.418741305739422E-02  0.949188666276316E+00 -0.549714309662263E+00 -0.510663751101404E+00 -0.661087521485306E+00
-0.294586492801383E+00  0.282037520090125E+00  0.913057301334584E+00  0.379171026495607E+00 -0.758253571181312E+00 -0.530359174953215E+00
-0.145305590431001E+00 -0.151551273740497E+00  0.977710845197664E+00  0.264246286550282E-01 -0.995833538898157E+00 -0.872771551210040E-01
-0.165462131558498E-01 -0.293182652155768E+00  0.955913257207531E+00 -0.229890261732319E-01 -0.867348938355981E-01  0.995966145442170E+00
 0.325302225116149E+00 -0.101399838755296E+00  0.940157718170139E+00  0.923436127137299E+00 -0.354318632386645E+00  0.147390725085819E+00
 0.294951695152988E+00  0.288501502311990E+00  0.910917329229225E+00 -0.881473167963288E-01 -0.689643837888183E+00 -0.718763818931132E+00
-0.134501301021152E+00  0.184464754184005E-01  0.990741705778179E+00 -0.265261120515945E-01  0.354638782210175E-01 -0.999018858040703E+00
 0.406270552962145E+00 -0.186618607676815E-01  0.913562243499872E+00  0.674634172992064E+00 -0.276444995868993E+00  0.684431805872803E+00
-0.323131207775147E-01 -0.113967184239380E+00  0.992958882906118E+00 -0.185328078730994E+00 -0.885789614306584E-01  0.978676285002219E+00
-0.359984268652919E-01 -0.338398692355490E+00  0.940314010464227E+00  0.154797033780346E+00  0.634078528957221E+00 -0.757616194024555E+00
-0.748850595210358E-01  0.125259289954246E-01  0.997113498536316E+00  0.982122206540029E-01 -0.110541853051801E-01  0.995104097419686E+00
 0.157298588022816E+00  0.106394684361454E-01  0.987493775128443E+00 -0.805911848568756E+00  0.553962460764915E-01 -0.589438163217418E+00
-0.146375366259825E+00  0.738195820626291E-01  0.986470943037047E+00  0.255147702733591E-01  0.258461475555706E+00  0.965684556235350E+00
 0.604150582032950E-01 -0.348931029524450E-01  0.997563277245430E+00  0.573481935526424E+00 -0.221982439873618E+00  0.788569759762966E+00
 0.198194077263143E+00 -0.278973846632676E+00  0.939623701612927E+00  0.775634835899391E-01 -0.780741020064500E-01  0.993925721877284E+00
-0.225882633030409E+00  0.101782980531494E+00  0.968822615843259E+00  0.394741991490858E+00 -0.378223390291908E+00 -0.837332566660300E+00
 0.939232697352607E-01  0.271973842085955E+00  0.957710106777224E+00  0.252687900753527E+00  0.443646246826057E+00  0.859841167012797E+00
-0.667669383337678E-01  0.134435907220699E+00  0.988670401496516E+00  0.782102575192117E+00 -0.381048613351424E+00 -0.493069484090038E+00
-0.244659945268424E+00 -0.315931330585336E+00  0.916694554110491E+00  0.606771207923325E+00  0.605694988690923E+00 -0.514744870698069E+00
-0.101828946550737E+00  0.768408869522284E-02  0.994772245504111E+00  0.467416358763773E+00 -0.148059780428670E-01 -0.883913304897155E+00
 0.275869882813401E+00  0.112518631899122E+00  0.954586489131326E+00  0.550554271007925E+00  0.762029937386400E+00  0.340881752521033E+00
-0.350606975617968E+00  0.204125922596491E+00  0.914006212436301E+00 -0.573202954993668E+00  0.242349713339243E+00  0.782754743729422E+00
 0.423118611497465E-01 -0.256674708707331E+00  0.965571230058172E+00  0.147850842321087E+00  0.710075106474930E+00 -0.688428261759758E+00
-0.203608746358207E+00 -0.183318008664912E+00  0.961736963054645E+00  0.431162024730390E+00  0.527282896511631E+00 -0.732169417195703E+00
 0.861645160657267E-01  0.193218403557924E+00  0.977364990521804E+00  0.215250540650804E+00 -0.314722908166629E+00  0.924454810050051E+00
 0.464199595036641E-01 -0.104898473209478E+00  0.993398961987579E+00 -0.151905590831009E+00 -0.206072173830436E+00  0.966674169845807E+00
 0.207596804212553E-01 -0.335551435971537E-01  0.999221240770522E+00 -0.296441727366737E-01 -0.177668580059939E-01  0.999402602447759E+00
-0.427594769749773E-01  0.109257826954399E+00  0.993093326116951E+00  0.790879113353166E+00 -0.510526759217475E+00 -0.337450227714567E+00
 0.462184125301844E+00  0.227945667681292E+00  0.856986935083785E+00  0.806401860226218E+00  0.399417189248299E+00  0.436098553949316E+00
-0.175594695535094E+00  0.104720127815660E+00  0.978877008479722E+00  0.209895297511300E+00 -0.358958494254473E-02 -0.977717279668608E+00
 0.416622912027190E+00  0.272090643559288E+00  0.867405344035577E+00  0.405119911772824E+00  0.723043779874626E+00  0.559540480635488E+00
-0.320420957722925E-01  0.480240879378914E-03  0.999486404843616E+00 -0.189013249398210E+00 -0.679999612584658E-01  0.979617270581107E+00
 0.429238294234260E+00 -0.111829997980500E+00  0.896241339324707E+00 -0.631492170591502E+00 -0.211448561135465E+00 -0.745994064638168E+00
-0.396611707791401E+00  0.983532787104189E-01  0.912702462914229E+00 -0.811971028058539E+00  0.107915440558374E+00  0.573635169147300E+00
 0.327246523521254E+00  0.150562619358057E-01  0.944819041838052E+00 -0.112962568032295E+00 -0.106951244022282E-01 -0.993541681328755E+00
 0.770742118727753E-01 -0.727168293588146E-01  0.994370066218906E+00  0.165118234246588E+00 -0.266567633431494E-01  0.985913477789687E+00
 0.449267291046958E+00  0.504151512092777E+00  0.737556881908028E+00  0.244175506215224E+00  0.947798500738495E+00  0.205076386164764E+00
 0.216893793039240E-01  0.246716878430325E+00  0.968844854826100E+00  0.229878059349777E+00 -0.646060546773095E+00 -0.727847406901220E+00
 0.104943974408636E-01 -0.102702122776880E+00  0.994656795884629E+00  0.711360822905005E-01 -0.574256893512191E+00  0.815578738105700E+00
 0.237506250237915E+00  0.172098488898673E+00  0.956019294374710E+00 -0.432211193873012E+00  0.896045631838836E+00 -0.101467775936039E+00
-0.309687088299992E+00  0.204282006001838E+00  0.928634895620522E+00 -0.339865859551805E+00  0.266230971176850E-01  0.940097020637219E+00
 0.426987571996380E+00  0.230214692864691E+00  0.874461439144032E+00  0.573593820945215E+00  0.397154878140294E+00  0.716420359386050E+00
-0.357494733452898E-01  0.219262053615540E+00  0.975010834298692E+00 -0.616580976959946E+00 -0.739915405138189E+00  0.268985300881496E+00
-0.126852606240185E+00  0.117768524532034E+00  0.984905574621050E+00 -0.207590060360883E+00  0.499831034193670E+00  0.840877698655549E+00
 0.322010892750316E+00 -0.743056353487450E-01  0.943815478526160E+00  0.741905160315583E+00 -0.113311454753374E+00  0.660860989406080E+00
-0.203180594499956E+00  0.155659762011590E-01  0.979017541417696E+00 -0.691167131143775E-01 -0.163922662145133E+00  0.984048901632189E+00
-0.253953593362041E+00 -0.375096019063135E+00  0.891521479775723E+00  0.125253784843360E+00  0.978245494476808E+00 -0.165370015172757E+00
-0.233575186135548E+00 -0.416704372599198E+00  0.878521541157901E+00  0.154976477527110E+00  0.706594340625720E+00 -0.690439518863885E+00
-0.281258483063810E+00  0.236301085777361E+00  0.930083578268687E+00 -0.406834177294027E+00  0.662842780415089E+00  0.628590009972387E+00
 0.329032622313785E+00 -0.262143155994555E+00  0.907203670196791E+00  0.574629266209537E+00 -0.671661018675337E+00  0.467624510058548E+00
 0.186646271848813E+00 -0.550936752299186E+00  0.813407563384411E+00 -0.356037916632085E+00 -0.567612396673649E+00  0.742329555563216E+00
 0.124482557756647E+00  0.261464795536197E+00  0.957152157971541E+00 -0.375715249878284E-01 -0.761780913495587E+00 -0.646744323781754E+00
-0.356897327953050E+00 -0.325112069872476E-01  0.933577698277013E+00 -0.897840446869809E+00 -0.437983929293221E+00  0.453057352384083E-01
 0.186106814609930E+00 -0.258636503931048E+00  0.947877319271893E+00  0.279013524470100E+00 -0.158880749114733E+00  0.947052459330271E+00
-0.493714805948518E+00  0.169622634177541E+00  0.852920777306948E+00 -0.421263146514497E+00  0.696955618013685E+00  0.580336305867440E+00
 0.142769499228233E+00 -0.582548451091072E-01  0.988040101975337E+00  0.736364634299927E+00  0.313314874308406E+00  0.599667336853895E+00
-0.594027880998436E+00  0.389128979703180E+00  0.704066412884233E+00  0.512624810557314E+00 -0.804917061962933E+00 -0.298871756715215E+00
 0.303740527059082E+00  0.151252587861464E-01  0.952634724733737E+00 -0.353905655945244E-01  0.485716988670093E-01  0.998192515467869E+00
 0.312964221825621E+00 -0.147152146642572E+00  0.938296137472369E+00  0.976488309129782E+00 -0.796794467529974E-01  0.200304188418502E+00
-0.102119522615504E+00 -0.488586798618191E-01  0.993571553791141E+00  0.289383480995469E-01  0.984861858069556E+00  0.170908433171249E+00
 0.216374581513800E+00 -0.133196021817287E+00  0.967181916831977E+00 -0.347526403694011E+00  0.165470993918870E+00 -0.922954359059541E+00
 0.255913560236311E+00  0.287984418225851E+00  0.922807252109721E+00  0.320291479772505E-01 -0.477857497530604E+00 -0.877853259795531E+00
-0.268262077677042E+00 -0.162058306345644E+00  0.949617061254050E+00 -0.320304993288801E+00  0.352483875320862E+00  0.879295074996470E+00
 0.172748706139748E-01 -0.363816616460301E+00  0.931310393173323E+00 -0.563588761662691E-01 -0.704435345259067E+00  0.707527046427919E+00
 0.578746496791078E+00  0.766018523181299E-01  0.811901871332667E+00  0.779096274581893E+00  0.401283839310542E+00  0.481643307065309E+00
 0.292764903665924E+00 -0.592336216540641E+00  0.750617424361972E+00  0.542738885911939E+00 -0.704711216514418E+00  0.456964553371306E+00
-0.524116213517793E+00 -0.151781532781271E+00  0.838012267830453E+00  0.827327204323058E+00  0.354400900804185E+00 -0.435809245537741E+00
-0.275654098455855E-01 -0.867938577873999E-02  0.999582320993398E+00 -0.100643122196770E+00 -0.169881091366743E+00 -0.980311877287290E+00
 0.238442188518830E+00 -0.202043199573313E+00  0.949907294550647E+00  0.179407724737996E+00 -0.511270841622167E+00  0.840484975958105E+00
 0.364837257148092E+00 -0.875615865288150E-01  0.926944844292914E+00 -0.494190372198384E+00  0.768118162810090E+00 -0.407149068508911E+00
-0.323752943092408E+00 -0.150096229252934E+00  0.934160132848247E+00 -0.146182255829320E+00 -0.370159292982426E-01  0.988564903817063E+00
 0.279688157908997E+00 -0.686837336775126E-01  0.957630972271463E+00 -0.478892211761063E-01 -0.126331446016443E+00 -0.990831463086705E+00
 0.150333856643840E+00 -0.343847189124048E+00  0.926913610903454E+00  0.260864250576754E+00 -0.165346441206526E+00  0.951110086767755E+00
-0.298670471161839E-01 -0.489385711414475E+00  0.871555841561462E+00  0.468930238320878E+00 -0.877019912744000E+00  0.104596865339415E+00
 0.167128250904786E+00 -0.217288676379881E+00  0.961693183331662E+00  0.206373374202294E-03 -0.438373817052375E+00  0.898792720226951E+00
 0.228328130854440E+00  0.509530638622984E-01  0.972249993542588E+00 -0.807007582746335E+00  0.274843347640035E+00 -0.522685273991851E+00
 0.154121367076678E+00 -0.343671724624926E+00  0.926356491802019E+00  0.260131019026973E-01  0.237374113928871E+00 -0.971069950397953E+00
-0.461213982935401E+00  0.223110974091240E+00  0.858780038883602E+00  0.486210468336382E+00 -0.433671652446265E+00 -0.758635800858780E+00
 0.210142107345796E+00 -0.276322406272247E+00  0.937809267661705E+00  0.149647461513768E+00 -0.339156608312683E+00  0.928751006621432E+00
 0.628651410490142E-01  0.134423410496839E+00  0.988927864280952E+00 -0.571352042110616E+00 -0.523185365975834E-01  0.819035783531047E+00
 0.308204950560628E-01  0.260555073860243E+00  0.964966916826780E+00 -0.480043229917377E-01  0.210561286235624E+00  0.976401315911088E+00
 0.438037878497589E+00 -0.142758205091975E+00  0.887548822251626E+00  0.439867083526978E+00 -0.379630192179017E+00  0.813878286978829E+00
-0.310322651310046E+00 -0.276258545340294E+00  0.909604896760329E+00  0.777245105149465E-01 -0.326395747048310E+00  0.942032227035778E+00
-0.240007609679888E+00 -0.155424269660979E+00  0.958248216119445E+00 -0.896621082291745E+00  0.351851128816498E-02  0.442784659702992E+00
-0.992008437255039E-01  0.277780714003750E+00  0.955508800342370E+00  0.418799975991791E+00 -0.663695994623868E+00 -0.619769478781836E+00
 0.437222047637540E+00 -0.517917425956817E-01  0.897861067458958E+00 -0.351954899347043E+00 -0.933432851876952E+00  0.695043873613211E-01
-0.291723863634782E-01  0.257129490035842E+00  0.965936538923633E+00 -0.367885276184413E+00  0.299150899830125E+00  0.880436915796666E+00
 0.506218527022408E-01 -0.940517212480715E-02  0.998673605722258E+00  0.895871878529575E+00 -0.256840723913508E+00  0.362555402386277E+00
-0.231685382157034E+00  0.608351150337772E-01  0.970886693941974E+00 -0.479374352588718E+00 -0.586771804105451E+00  0.652609439088174E+00
 0.315551086198402E+00 -0.660521592368209E-01  0.946606900597689E+00  0.680370731727985E+00  0.457260320914379E+00 -0.572720408511174E+00
 0.193880033972381E+00 -0.205122793606538E+00  0.959341009219307E+00  0.181412774689358E+00 -0.661154512644893E+00  0.727986342996077E+00
-0.456331999814058E-01  0.376608203981641E-01  0.998248102260352E+00  0.499685179820211E+00 -0.345798598581491E+00 -0.794190185212031E+00
-0.169150316401828E+00  0.367348272224616E+00  0.914572805934416E+00 -0.606495761145021E+00 -0.788506237378040E+00 -0.102082345824571E+00
-0.359014368587005E+00  0.133159155099703E+00  0.923784240264580E+00 -0.948196469653093E+00 -0.108294084354920E+00  0.298656736456991E+00
 0.202616751624051E+00 -0.675558648775806E-01  0.976925103107684E+00 -0.858443051666202E+00 -0.258851766207239E+00 -0.442799379152017E+00
-0.353836740102682E-01  0.106131760391543E+00  0.993722317878454E+00 -0.232840062564819E-01  0.210235135548538E-01 -0.999507812340883E+00
 0.202849593185259E+00  0.393321237601611E+00  0.896744359667855E+00 -0.292475261538086E+00 -0.519218034383308E+00 -0.803038513496932E+00
-0.159805168542387E+00 -0.987704763035621E-02  0.987099160184653E+00  0.977150096135928E-01  0.366791356273143E+00 -0.925157217914622E+00
 0.138175736246227E+00  0.792287931534853E-01  0.987233642178109E+00 -0.577183851918379E+00 -0.165591578203757E+00 -0.799648816864411E+00
 0.134396703824779E+00 -0.141294788504481E+00  0.980802380065683E+00  0.268037100467075E+00 -0.355450347743567E+00  0.895439089532158E+00
 0.778134371676476E-01  0.314751358432430E+00  0.945979202393529E+00  0.509028017647106E+00  0.748308893698669E+00  0.425351944701951E+00
-0.360032532342826E+00 -0.173234934731782E+00  0.916714913723611E+00 -0.377495525219777E+00  0.440889552732360E-01  0.924961238356483E+00
-0.171651380920649E-01 -0.269008529578524E-01  0.999490721389859E+00 -0.653184215736950E-02  0.470520704433977E-02 -0.999967597507390E+00
-0.404800889274425E-01 -0.271914228588123E+00  0.961469715951445E+00 -0.178967556677165E-02 -0.143526951035599E+00  0.989644790512126E+00
-0.180003170052634E+00  0.223187776134923E+00  0.958011521514721E+00 -0.237242039556733E+00 -0.161519491640500E+00  0.957928843123097E+00
 0.829196771873614E-01 -0.381370851079404E+00  0.920695715794374E+00  0.226427751270767E-01 -0.604445758505401E+00  0.796324450057497E+00
 0.470790067019471E+00  0.333480675891597E+00  0.816790886091835E+00  0.377884522499617E+00  0.610526316070425E+00  0.696032258620757E+00
 0.334483693659529E+00 -0.126363036395442E+00  0.933891343630940E+00  0.347639803563436E+00 -0.520654637433134E+00  0.779785429139163E+00
-0.272707403707949E+00  0.167680861822078E+00  0.947372049694034E+00  0.400518578626795E+00 -0.112408823001703E-01 -0.916219684759002E+00
 0.124001685986939E+00  0.107559321441173E+00  0.986435286394151E+00  0.212436503896320E+00  0.450964962628787E+00  0.866891766193177E+00
-0.390735628714071E+00 -0.656353635583791E-01  0.918159935688755E+00  0.585363493723377E+00  0.170978701136666E-01 -0.810590675405003E+00
-0.221738317459057E+00  0.312901122230545E+00  0.923539390755636E+00 -0.734468777309710E+00  0.269625471107116E-01  0.678106655483105E+00
-0.209650481017216E+00  0.463374429260139E+00  0.861005699236126E+00 -0.384101722444121E+00  0.685359798900416E+00  0.618666156231809E+00
 0.211394461209836E+00 -0.439626366642214E+00  0.872949620266123E+00 -0.466139887554254E+00  0.572095209403146E+00 -0.674848632367939E+00
-0.567306542247943E-01  0.320343231885428E+00  0.945601314855487E+00  0.511127065046480E-01 -0.134544211682558E+00 -0.989588473223334E+00
 0.325960393828954E+00 -0.381880162739830E+00  0.864822156839587E+00 -0.632465033342773E+00  0.482321476375356E+00 -0.606097331313892E+00
-0.173726550957670E+00  0.403229741724025E+00  0.898456933236940E+00 -0.170023187707065E+00  0.684032016563087E+00  0.709360497884232E+00
-0.317601068046706E+00 -0.348920473623503E+00  0.881693861077609E+00 -0.829778864967140E+00 -0.116877509861270E+00  0.545716669108132E+00
 0.109752735987704E+00  0.316657177423628E+00  0.942169076614869E+00  0.296334651913386E+00  0.764251320973249E+00  0.572805108624230E+00
 0.915968870760121E-01  0.242473573299351E-01  0.995500917096764E+00 -0.166813786994696E+00 -0.927925915902739E+00  0.333356648448101E+00
 0.811699214435523E-02 -0.208881819775544E+00  0.977907204087272E+00 -0.669744501976952E-01 -0.109041489558561E+00 -0.991778390859352E+00
 0.725356365879114E-02  0.463470671678673E-01  0.998899061556865E+00  0.453287700982895E-01 -0.267728517141298E+00 -0.962427526471837E+00
-0.703666306793000E-01  0.200150481371892E+00  0.977235039329558E+00 -0.335296343133627E+00 -0.637999549075695E+00 -0.693204830955777E+00
-0.524636784061036E+00  0.323687356019741E+00  0.787389827444477E+00 -0.696205789527816E+00  0.366974157805756E+00  0.616950132612601E+00
 0.158530727265814E-01 -0.238612806531368E-01  0.999589575461208E+00  0.687343723098308E+00  0.702580575481434E-02  0.726298316376165E+00
-0.501876058894476E-01  0.500847483890213E+00  0.864079279982993E+00 -0.117008127753793E+00 -0.796565562177311E-01 -0.989931275943479E+00
 0.174204828038778E+00  0.127638374379335E+00  0.976402131948605E+00  0.165445370460596E+00  0.453298458964216E-01  0.985176651400226E+00
-0.183116102557205E-01  0.162100607798828E+00  0.986604316776028E+00  0.220061411645135E+00 -0.158383375428558E+00 -0.962542301144530E+00
-0.333734295099978E+00  0.138616663034836E+00  0.932419884495825E+00 -0.239422216536177E+00 -0.928798236019850E+00 -0.282861872643378E+00
-0.165521588648336E+00  0.338163494305258E+00  0.926416782453010E+00 -0.138069447229637E+00 -0.676407274567267E+00 -0.723470819490451E+00
 0.345086877788982E+00 -0.435012208218980E-01  0.937562099577866E+00 -0.347416731573230E+00  0.162204694256217E+00 -0.923575255073576E+00
-0.361736464431707E+00 -0.318524694273552E-01  0.931736094874417E+00 -0.512347059230705E+00  0.409659395205111E+00  0.754771270530239E+00
 0.309703927919220E-01  0.271606329874352E-01  0.999151207168382E+00 -0.536702476987331E+00 -0.833394154262459E+00 -0.131926626716615E+00
 0.243190960971825E+00 -0.108722846343240E+00  0.963865913488295E+00 -0.111674638680900E+00 -0.956867348375448E+00  0.268204497890004E+00
-0.115545088129488E+00  0.558296746815511E-01  0.991732010189296E+00 -0.524000652835028E+00  0.750185746438377E+00  0.403292278216630E+00
 0.207629078206859E+00  0.414793879751475E+00  0.885909816631291E+00 -0.724414834622107E-01 -0.816473365205468E+00 -0.572820631073858E+00
 0.334161508763697E-01 -0.227520189917017E+00  0.973199837669906E+00  0.688605348619306E+00  0.233583572074529E+00 -0.686484805884141E+00
 0.159417205089213E+00 -0.847033084849251E-01  0.983570792700379E+00 -0.465282616604218E-01  0.784920830215807E-01  0.995828355576297E+00
-0.127985422037563E+00  0.832290756526573E-01  0.988277619250720E+00 -0.629708458001119E-01  0.986506136314918E-01 -0.993127750598758E+00
-0.200361896440717E+00  0.560383169392115E+00  0.803632885039386E+00 -0.121139165845290E-01 -0.981009067706840E+00 -0.193583217511074E+00
-0.521840783743796E-01 -0.514610885424568E-01  0.997310672925063E+00  0.756633571072307E+00 -0.649916620979639E+00 -0.715124108164174E-01
-0.112928349247326E+00  0.243914408876752E+00  0.963199329878597E+00  0.739084305616245E+00 -0.673054650113355E+00 -0.274194666713617E-01
 0.224797511891830E+00  0.446158214994886E-01  0.973383535467479E+00 -0.589343031681557E+00 -0.397459896057677E+00 -0.703349430961746E+00
 0.479938239661331E+00 -0.196785945300466E+00  0.854947119910340E+00 -0.639099732678923E+00 -0.234373723347661E+00 -0.732543848171482E+00
-0.314403851243865E+00 -0.769410568072335E-01  0.946166101749799E+00 -0.289854819223586E-01  0.872577047946375E-02  0.999541746385447E+00
-0.422152363537487E-01 -0.393810423705837E+00  0.918221772776178E+00 -0.858061609133230E+00  0.353267906685414E+00 -0.372735913265408E+00
 0.764224578490520E-01  0.849114059221464E-01  0.993453401564781E+00  0.468170413454820E+00  0.730376689626999E+00  0.497359382353494E+00
-0.271128194515463E+00 -0.897104565698559E-01  0.958353554864181E+00 -0.381930258947380E+00 -0.576206766936468E+00  0.722575282608677E+00
 0.160574289561563E+00  0.105222723995432E+00  0.981399040088577E+00 -0.618312595804238E+00 -0.295682099328893E+00 -0.728190654984176E+00
-0.176450817430029E+00  0.251190229657810E+00  0.951718749186298E+00 -0.572621322168373E+00  0.815463032832482E+00  0.844089064127347E-01
-0.133590421268276E+00 -0.168259017689955E+00  0.976648607387210E+00 -0.104124522155658E-01 -0.108291833208724E-01 -0.999887148445994E+00
 0.524889872422609E-01  0.168041712372671E+00  0.984381475405314E+00  0.224734800859318E+00  0.512868579801424E+00  0.828528870429506E+00
 0.191058827478949E+00 -0.300470876060202E-01  0.981118594752319E+00  0.302670775155288E+00 -0.126081229113873E+00  0.944718966429717E+00
-0.153994655438883E+00  0.994129053491056E-01  0.983057841811106E+00  0.369610881973691E-01  0.987312127070880E+00  0.154430054387223E+00
-0.216641625440078E+00  0.256229042591212E+00  0.942026052643700E+00  0.806181987440206E+00 -0.238602445221469E+00 -0.541423564560405E+00
 0.474975374968879E-01  0.267133137861461E-01  0.998514087431066E+00 -0.504592002510833E+00 -0.236837022387704E+00  0.830237999508956E+00
-0.294188684356558E-01  0.932715840262506E-01  0.995205979580709E+00 -0.259491223081229E+00  0.136686152401266E-02  0.965744498733170E+00
 0.672781264602011E-01 -0.101232711376924E+00  0.992585307088152E+00 -0.178317369842806E+00 -0.286709556040111E+00 -0.941276020138422E+00
-0.135569360302470E-02 -0.561888334346444E+00  0.827211981187551E+00  0.708842203248576E-01 -0.911172275143527E+00  0.405882387297977E+00
 0.242132719103533E+00  0.211721428384035E+00  0.946861015726465E+00 -0.642248148377920E+00 -0.766385239341780E+00  0.130759636041398E-01
-0.107061279679566E+00 -0.414078683106461E+00  0.903922964964489E+00  0.426119099751476E+00  0.900018736476970E+00 -0.915903205442037E-01
-0.295329102463400E+00 -0.444116836775813E-01  0.954362784055982E+00 -0.778842577400488E+00  0.214085425524388E+00  0.589552092868990E+00
 0.904745489018089E-01  0.305716408677929E-01  0.995429420288382E+00  0.103272852273099E+00  0.354395667523689E+00 -0.929375289548747E+00
-0.167448730238757E+00 -0.146594355722087E+00  0.974921031474783E+00  0.386573611388641E+00  0.481101138545274E+00 -0.786830691742756E+00
-0.224164194847200E+00  0.335308808019858E+00  0.915051046124099E+00  0.795974111574027E+00 -0.142819514835123E+00 -0.588241276931667E+00
-0.329876508029030E+00 -0.579577416622777E+00  0.745165422970927E+00 -0.257536439774627E+00 -0.872573188078453E+00  0.415079526879868E+00
-0.264757872496693E+00  0.385226610602144E+00  0.884026994743378E+00  0.420451240171781E+00 -0.874352339625708E+00 -0.242340134581669E+00
-0.102464275560682E+00  0.155834613031291E+00  0.982454398745923E+00 -0.141167973133820E-01 -0.110448336296791E-01  0.999839350937792E+00
 0.568346967667725E+00  0.102349925586042E+00  0.816398320108165E+00  0.958474717684831E+00 -0.277698818497467E+00  0.648812897844553E-01
-0.548593978085570E-01 -0.104888932033404E+00  0.992969666409289E+00 -0.126566839178491E-01  0.365232039111122E-02 -0.999913230689526E+00
 0.437707522920045E+00 -0.186240471800152E+00  0.879617309426580E+00 -0.504922804288112E+00  0.339654554849922E+00 -0.793528666829076E+00
 0.115826374006460E+00  0.463007996645631E-01  0.992189743463889E+00  0.603202169346872E-01  0.336392448138141E+00  0.939788057098291E+00
 0.112862127102402E+00 -0.521148734321500E-01  0.992243004627935E+00 -0.277736179990224E+00  0.265930479718238E+00 -0.923116240936788E+00
 0.202666372653078E+00  0.386563581192915E-01  0.978484556532497E+00 -0.274659191873484E+00 -0.144884276364647E+00 -0.950563451212857E+00
 0.130832815688629E+00 -0.115713510096004E+00  0.984628436477561E+00 -0.249763506606841E+00 -0.962507054105911E+00  0.105822311276095E+00
-0.342759056958376E+00 -0.229217371671298E+00  0.911029980514970E+00  0.663325300260326E+00  0.242678640524596E+00 -0.707888849656274E+00
 0.213827046411658E+00 -0.886392689274200E-02  0.976831318612844E+00 -0.427532552769167E-01 -0.836102486273472E-02 -0.999050675604832E+00
-0.284191464593853E+00 -0.206476453222421E+00  0.936270626323762E+00  0.734089153655464E+00  0.461413599287131E+00 -0.498207391432824E+00
 0.954334768089510E-01  0.437169984978531E+00  0.894301322674872E+00 -0.293701724274540E+00 -0.862729383321482E+00 -0.411627633076179E+00
-0.115197832458068E+00 -0.321536253750492E+00  0.939863765085697E+00 -0.285690487112547E+00 -0.534083415289194E+00  0.795698341764280E+00
 0.810618289638066E-01 -0.177759903004253E+00  0.980729522737519E+00  0.142107454316064E+00  0.387245862826602E+00 -0.910958897619145E+00
-0.196367964676415E+00  0.168139280765429E+00  0.966006627675259E+00 -0.444293770978021E+00 -0.126473015004795E+00  0.886909026645758E+00
 0.173857922949150E+00  0.105621411843769E+00  0.979090159274383E+00 -0.501593056454335E+00 -0.734371936003673E-01 -0.861981081180382E+00
-0.738393106972662E-01 -0.151863366764588E+00  0.985639525399969E+00 -0.223122560967151E+00 -0.540262051703084E+00  0.811377371065421E+00
-0.105040554184773E+00 -0.315370499878449E+00  0.943137280454427E+00  0.231492728531065E+00 -0.831605194120449E+00  0.504820678804993E+00
-0.176369798244288E+00 -0.331847608666251E+00  0.926698904115981E+00  0.329956450688036E+00 -0.907883508742067E+00  0.258604476379561E+00
 0.121613640468390E+00  0.122509424621769E+00  0.984988103141793E+00 -0.743045563101066E+00 -0.629965924202595E+00 -0.225889852581719E+00
-0.157058210007907E+00 -0.381282481651493E+00  0.911019422325776E+00 -0.954385529873941E-01 -0.179298737935036E+00  0.979154454199426E+00
 0.811257495455592E-01  0.105353426346495E+00  0.991120208813101E+00  0.365192846422475E-01  0.221282008461459E-01 -0.999087926349093E+00
-0.272303555306372E+00  0.259103586652607E+00  0.926669361288731E+00  0.192735411957605E-01 -0.423580107376651E-02 -0.999805275340673E+00
 0.130509573925902E+00  0.184482600025307E+00  0.974132137546843E+00 -0.390655718283663E+00 -0.509518741349699E+00 -0.766667308541126E+00
 0.296921813666128E+00  0.191947798756275E+00  0.935410861130999E+00 -0.910323989165690E+00 -0.346011216328815E+00 -0.227126557064819E+00
-0.240980688444436E+00  0.477413182134985E-01  0.969354978494505E+00  0.975731314294942E+00  0.216300621808103E+00  0.340946228853354E-01
 0.221819942497460E+00  0.302760644958386E-01  0.974617500883843E+00  0.445089604029353E+00 -0.892766772601467E+00  0.697333071333505E-01
-0.181987889570192E-01 -0.266191459341984E+00  0.963748365007113E+00 -0.874366575997730E-01  0.517063938340074E+00 -0.851469150689579E+00
 0.271174073836007E+00  0.208556531201875E+00  0.939664192662584E+00  0.723061358015270E+00  0.514123925836739E+00  0.461366298538735E+00
-0.147630509461525E-01 -0.411982015120003E-01  0.999041921302073E+00 -0.293405013830300E-01  0.458441747146556E+00 -0.888240001042402E+00
-0.127233814309377E+00  0.381684186835357E-01  0.991138097497763E+00  0.415506017479175E+00 -0.757004642390840E+00 -0.504280399021529E+00
-0.106156122604684E+00  0.132082114884626E+00  0.985538021874927E+00 -0.310550911380124E+00 -0.422548486698112E+00 -0.851475723570620E+00
-0.155691607529399E-01  0.362918610953445E+00  0.931690765789310E+00  0.476267189357090E+00 -0.370252563251235E+00 -0.797547869251613E+00
-0.284964210725501E+00  0.480758529181932E-01  0.957331766406913E+00  0.541687689041029E+00 -0.669366951965123E+00 -0.508450913223991E+00
 0.340307976421422E+00  0.307909665755824E+00  0.888471788476198E+00 -0.248094881914814E+00 -0.618774659512439E+00 -0.745363569215011E+00
-0.183469691662325E+00 -0.159778272533846E+00  0.969953491600206E+00 -0.237838729601493E-01  0.101688993526846E+00 -0.994531887866102E+00
-0.288999204260520E+00  0.537567360406648E-01  0.955818849608565E+00 -0.221596416324266E+00  0.409372132423393E+00 -0.885047730615342E+00
 0.959238122965267E-02  0.218017144763713E+00  0.975897797318666E+00  0.476815895208724E-01 -0.580357500323759E-02 -0.998845726094848E+00
 0.398432733326482E+00  0.277625048208379E+00  0.874171430339200E+00  0.535101390469516E+00  0.753222190693207E+00  0.382521676986960E+00
 0.157451855874024E-01 -0.131673832145567E+00  0.991168043804338E+00 -0.301525396156480E+00  0.497019883467359E+00 -0.813666805830722E+00
 0.462185528514034E-01 -0.283584467263698E+00  0.957832811767840E+00 -0.186027837002028E+00 -0.938334229527977E+00  0.291414683151834E+00
-0.231931935795102E+00  0.105904886891734E+00  0.966949705047158E+00 -0.501758028335034E-02 -0.230407230469708E-01 -0.999721935824944E+00
 0.768185465454747E-01  0.284240324408724E+00  0.955670627824599E+00  0.629347528533696E+00 -0.240046076277835E+00 -0.739120808523305E+00
 0.174704336415369E+00 -0.221499316586178E+00  0.959383368414067E+00  0.653029830316608E+00 -0.698466978177694E+00  0.292738656675169E+00
-0.370517321495540E+00 -0.962413508435655E-01  0.923826020882491E+00 -0.800735504635146E+00 -0.471119290156560E+00  0.369958465316146E+00
 0.144970679454473E+00 -0.186919571816329E+00  0.971619563291368E+00  0.377087971608096E+00 -0.229083473740094E+00  0.897399255475323E+00
-0.211310424326262E+00  0.658463300336766E-01  0.975198526143344E+00  0.179340935984737E+00 -0.292851063274799E+00 -0.939188523896527E+00
 0.159945829650199E+00 -0.185192557595402E+00  0.969598395310545E+00 -0.588561518244854E+00  0.802269458599291E+00 -0.997950652092249E-01
-0.497571176952959E+00  0.815054863631929E-01  0.863585421112669E+00 -0.742551901014146E+00  0.250506934722446E+00  0.621178677963307E+00
-0.562292410640801E-01 -0.182797598261848E+00  0.981541293333631E+00 -0.335701733759313E-01 -0.434528975078416E+00  0.900032006806875E+00
-0.235985820829218E+00  0.146556206945938E+00  0.960641437047757E+00 -0.183106604287626E+00 -0.796733007689193E-01 -0.979859243264480E+00
-0.484248435807428E+00  0.191612988845546E+00  0.853690760711240E+00 -0.879347844535621E+00 -0.167804103636639E+00  0.445633426835624E+00
 0.115058302395319E+00  0.222131937752117E+00  0.968204001892368E+00  0.922560342927829E+00  0.264991953305378E+00  0.280466893483502E+00
-0.149790764193800E+00 -0.390328241455629E+00  0.908408823649569E+00 -0.584083952852877E+00 -0.703641144919151E+00  0.404641909837111E+00
-0.344498377897925E-01  0.243416432393502E-01  0.999109950446229E+00  0.674454946515677E-01  0.893081596493725E+00 -0.444810484650963E+00
-0.126704634243457E-01 -0.349264620572282E+00  0.936938463386530E+00 -0.136718102671745E+00 -0.774248894780092E+00  0.617937544848704E+00
-0.335641887304122E+00  0.556273315073869E-01  0.940345746774182E+00  0.877246045966837E+00  0.228697201297111E+00 -0.422062750019969E+00
-0.212924963141987E+00  0.169020961608365E+00  0.962338232955527E+00  0.355150771168801E+00 -0.148644380433831E+00 -0.922915368765548E+00
-0.158717264486860E-01  0.207566551234947E+00  0.978092130173824E+00  0.236010419059276E+00 -0.769305715890449E-01  0.968700557061081E+00
 0.741052149410498E-01  0.205436536076737E+00  0.975860772222827E+00  0.488464085109119E-01  0.212115787710488E+00  0.976023012525598E+00
-0.267612139978340E+00  0.535683361807076E-01  0.962036473266499E+00 -0.582118859260539E-01 -0.104755437721338E+00 -0.992792865911487E+00
-0.368128642607270E+00  0.141455896986108E-01  0.929667254873596E+00 -0.700641387901479E+00 -0.833118115972098E-01  0.708633041572209E+00
 0.354708729595400E+00  0.382926744331273E+00  0.852964727069455E+00 -0.615886843583434E+00 -0.626862924536648E+00 -0.477206736899422E+00
 0.198190100779338E-01 -0.204784092855777E+00  0.978606500158653E+00  0.179374598186440E+00 -0.983720801592885E+00 -0.108691323897347E-01
 0.981676988138731E-01 -0.183410420889754E-01  0.995000858836152E+00  0.758410900433221E-03 -0.217473473141859E-01  0.999763210814292E+00
-0.226245480733872E+00 -0.187995585704634E+00  0.955756581040942E+00  0.299474451644739E-01  0.881801732134537E-01 -0.995654261066645E+00
-0.285915567330466E+00  0.285679718642699E-01  0.957828877901298E+00 -0.179101676884425E+00 -0.928307973492528E+00  0.325832619127343E+00
-0.121717523253308E+00 -0.151274380203469E-01  0.992449497532253E+00 -0.112435731606177E+00  0.433962925598105E-01  0.992710918671819E+00
 0.520128290588041E-01 -0.142281521123396E+00  0.988458716568432E+00 -0.604889525965511E+00 -0.792647448664741E+00 -0.762802956371850E-01
-0.135455700024192E+00 -0.153575324213172E-01  0.990664372796804E+00  0.512194334079016E-02 -0.286003590212795E-02 -0.999982792797482E+00
 0.127502007552357E+00 -0.277024885039575E+00  0.952365712916487E+00 -0.680861453993835E+00 -0.361827997041236E+00 -0.636795242619265E+00
-0.279591434761869E-01 -0.552737962105510E-01  0.998079703104192E+00  0.574763451274740E-01  0.313989219840549E+00 -0.947685200673046E+00
 0.139813502413029E+00 -0.138410229431877E+00  0.980456420720277E+00  0.736022712703458E+00 -0.643273429513181E+00  0.210878783349567E+00
 0.650540365050028E-01 -0.650557339387556E-01  0.995758868309038E+00 -0.667960760635457E-02 -0.622447424287294E-02  0.999958318512639E+00
-0.206891341304452E+00 -0.189384370913251E+00  0.959859121406385E+00 -0.754425072721174E+00 -0.104536613797386E+00  0.648008415088437E+00
-0.141444577621445E+00 -0.110016757084764E+00  0.983813877022500E+00  0.344960138706651E+00 -0.136221874501784E+00 -0.928679763756435E+00
-0.120814261894591E+00 -0.200984263962808E+00  0.972115857170427E+00  0.894836788563495E+00 -0.135895283936181E+00 -0.425205354666749E+00
 0.186861136679091E+00 -0.277885507953390E+00  0.942264591326918E+00 -0.461277614321045E+00  0.467151924167556E+00 -0.754315611844826E+00
-0.102309490251339E+00 -0.231021648590828E+00  0.967554528740829E+00  0.164649713505452E+00  0.333968507022051E+00 -0.928092402813446E+00
-0.576336141752165E-01 -0.412146615596649E-01  0.997486700758273E+00 -0.153931202131837E+00 -0.741492124297626E-01  0.985295427425853E+00
 0.144391276226158E+00 -0.147720473226364E+00  0.978432328339349E+00  0.130792449845699E+00 -0.257856052641806E+00  0.957289711205206E+00
 0.287741041922618E-01  0.292663259205163E+00  0.955782542024777E+00  0.491805928382532E-01 -0.131859222611026E+00  0.990047683043849E+00
-0.454129736392973E+00  0.142047397670092E+00  0.879538924288632E+00 -0.727243086216939E+00  0.356065731627874E+00  0.586800381995419E+00
 0.616725071749953E-01  0.360171097475376E+00  0.930845466445496E+00  0.218299211022639E+00 -0.678249857382777E+00 -0.701657028345855E+00
 0.119894107057107E+00 -0.725984538416302E-01  0.990128712639313E+00 -0.696071228555212E+00  0.298136980294062E+00 -0.653145608389718E+00
 0.307843109157936E+00 -0.541153694156166E-01  0.949896913847490E+00  0.833782048949057E+00 -0.486461296515829E+00  0.261080259388661E+00
 0.287052230504275E+00  0.319989173434431E+00  0.902888667470841E+00  0.148272290002989E+00 -0.625039603088171E+00 -0.766381642909492E+00
 0.386930304913151E+00 -0.258123742615798E+00  0.885244075178043E+00  0.857744335276405E+00 -0.504648839954563E+00  0.980010389422057E-01
 0.408455323240063E+00  0.318926109190956E+00  0.855248727443178E+00  0.457113297809622E+00  0.599556646389626E+00  0.656946923834519E+00
 0.295000275586483E+00 -0.362383486998383E+00  0.884111444193995E+00 -0.735179425802114E+00  0.530560828131513E+00 -0.421919920754729E+00
-0.291761533119307E-01  0.164662893469241E+00  0.985918294582394E+00 -0.689572353142556E-01 -0.237151744225999E+00 -0.969022161722002E+00
-0.186164630470635E+00 -0.228088428409004E+00  0.955676932434619E+00  0.393451224971455E+00 -0.902842904211056E-01 -0.914901568733828E+00
-0.190018417294857E+00 -0.171951969203081E+00  0.966605152777462E+00  0.188263400055004E+00  0.801846268893779E+00 -0.567097393100034E+00
-0.124576047189863E+00  0.291638815810428E+00  0.948381573829458E+00 -0.535389486161291E+00  0.559588181753641E+00  0.632628773412657E+00
 0.326121555004279E+00  0.248541655709418E+00  0.912070050346360E+00 -0.725212674370328E+00 -0.666055351713382E+00 -0.174461587137681E+00
-0.194853902491706E+00  0.214704190591665E+00  0.957044443704748E+00  0.382219488430567E+00 -0.534950146202514E-01 -0.922521840432331E+00
-0.174883858783721E+00  0.115393935264152E+00  0.977803597682668E+00  0.115494944329293E+00  0.503215125024880E-01  0.992032591810287E+00
 0.119153630686932E+00 -0.516181022510554E-01  0.991533148116653E+00  0.398681442910284E+00  0.156650256733178E+00  0.903611533870835E+00
 0.291414791648220E+00 -0.450003998285125E+00  0.844140877304271E+00 -0.762398781404293E+00  0.504181216875329E+00 -0.405646889133101E+00
-0.136557559448266E+00  0.491397596988528E-01  0.989412612095819E+00  0.704350841644679E-02 -0.762889550581509E-02  0.999946093018293E+00
-0.103334141762113E+00 -0.205804173149352E+00  0.973122139025004E+00  0.484018597972501E+00 -0.550422703205329E+00 -0.680265275177906E+00
 0.238063512088552E+00  0.305082775430020E+00  0.922090160639392E+00 -0.181785903594129E+00 -0.500689150284666E-02 -0.983325386783004E+00
 0.990179424091614E-01 -0.161604354410409E+00  0.981875490944066E+00  0.719154439909523E+00 -0.572902960426103E-01  0.692484450033190E+00
 0.224124197845499E+00  0.350752393219520E+00  0.909253046511746E+00  0.427363249574106E+00  0.204725794693323E+00  0.880595254302820E+00
 0.244066433678066E+00 -0.230630312833190E+00  0.941934835725983E+00 -0.568027554819473E-02  0.193283986836671E-01 -0.999797053143298E+00
-0.326038431796213E+00  0.252209491152141E+00  0.911092373782507E+00 -0.462207106046674E+00  0.440368430539490E+00  0.769701394375861E+00
 0.133848946998859E+00 -0.151072477288799E+00  0.979418994094520E+00  0.718726272828201E-01 -0.574229275137749E-01  0.995759475397153E+00
-0.173815775371271E+00 -0.281114192866764E+00  0.943802355793284E+00  0.543265302282360E-01  0.338657148299323E-01 -0.997948766957712E+00
 0.214398355028040E+00  0.420373777891221E-01  0.975841280244838E+00  0.321658655660429E+00  0.464034981099967E+00  0.825352800658167E+00
 0.443676495436323E+00  0.125277904891382E+00  0.887387521854668E+00  0.866270731291591E+00  0.234742979642143E+00  0.440988382631857E+00
 0.247146644242095E+00  0.546181574418231E-01  0.967437539646634E+00  0.278914963733847E+00 -0.937773127705089E-01  0.955726037426463E+00
-0.285066173634437E-01  0.156425311227637E+00  0.987278326903731E+00 -0.944993025913184E+00  0.747626161016735E-01  0.318431675888375E+00
-0.328043740891544E+00  0.155175039294632E-01  0.944535076709002E+00 -0.538635919940669E+00 -0.199345330870206E+00  0.818616384401093E+00
-0.329725764977066E+00 -0.285851816383017E+00  0.899760889892875E+00 -0.493885134281091E+00  0.594384504249619E+00 -0.634653082592437E+00
-0.128162966585872E-01  0.196396336273376E+00  0.980440830258692E+00 -0.409919747591947E+00  0.383528485861791E+00  0.827569756012577E+00
 0.154226013078145E+00 -0.164333401124611E+00  0.974273508910530E+00 -0.151850750644401E+00  0.662500218914722E+00 -0.733508561277016E+00
-0.972797333893090E-01 -0.237319281961300E+00  0.966548608131571E+00 -0.770738391089676E-01 -0.189668675212316E-02 -0.997023583424369E+00
-0.192970845609611E+00  0.705985605576878E-01  0.978661379636437E+00 -0.853398979986299E+00 -0.216506296728702E+00  0.474167907428548E+00
 0.408843320074253E+00  0.221623230551251E+00  0.885285424770277E+00 -0.723352811336590E+00  0.881986650013480E-01 -0.684822389984024E+00
 0.439452352959799E+00  0.180603839949281E+00  0.879922657097583E+00 -0.409307086796932E+00  0.480141924159364E-01 -0.911132452514152E+00
 0.160363647951826E+00 -0.472515547623472E+00  0.866609807046789E+00  0.175327933664392E-01  0.855342935293293E+00 -0.517765452884434E+00
-0.236295370560151E-01 -0.200060974305828E-01  0.999520585602976E+00 -0.100326995140951E+00 -0.316880030983072E+00 -0.943144495827736E+00
-0.317861036658225E+00  0.210044844414627E+00  0.924578566001502E+00  0.824276741947618E+00 -0.485822132261278E+00 -0.290765727845160E+00
-0.248329724751201E+00  0.407910297212546E+00  0.878602035755077E+00  0.547009157133500E+00 -0.407459268979797E+00 -0.731271444905753E+00
-0.607266684632102E-01 -0.291567074424572E+00  0.954620821503939E+00 -0.196538889727666E+00 -0.171290935567996E+00  0.965417982128392E+00
-0.145404537672893E-01 -0.112705288430248E+00  0.993522064759558E+00  0.193577891850258E+00  0.155526926127415E+00 -0.968678984512500E+00
 0.780946788125988E-01  0.314114834313729E-01  0.996450972125472E+00  0.124323115448903E+00  0.145681283401790E+00  0.981489035410731E+00
 0.914156431490264E-01 -0.316812263756032E+00  0.944072650658533E+00 -0.635641311171977E+00  0.462631987648353E+00 -0.618006284382371E+00
 0.932548379697649E-01  0.281173780202371E-01  0.995245169919704E+00  0.462821146451779E-01 -0.991682544885717E+00  0.120098692886134E+00
-0.189981965137118E+00 -0.156872647375192E+00  0.969173784946816E+00 -0.323352532158955E+00  0.273687072284801E-01  0.945882706159191E+00
 0.135662057595418E+00 -0.170508023309150E+00  0.975972755826813E+00  0.387746967128465E+00 -0.822342010006039E+00  0.416420350201458E+00
-0.372823335351402E+00 -0.599099812978405E-01  0.925966281653035E+00 -0.798695273666715E+00  0.988698352646043E-01  0.593557592401278E+00
 0.157446326546352E-01  0.124994238117578E+00  0.992032533226596E+00 -0.104196891101860E+00  0.477523486596931E+00 -0.872418665339651E+00
 0.239265482345323E+00  0.428062895130981E-01  0.970010129089475E+00  0.732051249479288E+00 -0.207865543038910E+00  0.648762579186679E+00
 0.104092314306188E+00  0.255818760489742E-01  0.994238581890784E+00  0.415042107156975E-01  0.137393143411375E-01  0.999043858764120E+00
-0.191165942947168E+00 -0.439294419149491E+00  0.877767620478924E+00 -0.147808523143099E+00 -0.240379705881881E+00  0.959359284880485E+00
-0.159752020170214E+00 -0.263194099068554E+00  0.951424278787875E+00 -0.677273330753176E+00 -0.523675434601340E+00  0.516783198880920E+00
 0.262807079704054E+00  0.190518857565898E+00  0.945851470247423E+00  0.970820735810965E+00  0.174029876139493E+00  0.164986972607926E+00
-0.175504580804081E+00  0.312204949506093E+00  0.933662793314953E+00  0.128523146266651E+00 -0.991105881107416E+00 -0.345099015937895E-01
-0.102242236838572E+00 -0.242879110960620E+00  0.964653441638615E+00  0.470496681344578E+00  0.877422551634944E+00 -0.936084329863683E-01
-0.246064750964936E-01  0.493626989966167E-01  0.998477764064426E+00 -0.943793872472280E-01  0.150261356694476E-01 -0.995422898324969E+00
 0.250250537180241E+00 -0.116431161027645E+00  0.961154749966287E+00  0.488151476608944E+00 -0.842940059791745E+00  0.226186187648134E+00
 0.362382964431154E-01 -0.491589017629996E+00  0.870072999015874E+00 -0.170161791367191E+00 -0.924990059510741E+00  0.339762202967051E+00
 0.197994760575744E+00 -0.344373034158878E+00  0.917717433706455E+00  0.263811048078800E+00 -0.844901272738082E+00  0.465344571513555E+00
 0.133741068425563E+00  0.778730592093271E-01  0.987951979230656E+00  0.695687802732786E+00 -0.117879991859767E+00  0.708606229614142E+00
-0.172597628656793E+00  0.127430240815195E+00  0.976714693402241E+00 -0.467089533533533E+00  0.636239193954672E+00  0.614025289169213E+00
-0.455175206996980E+00  0.244255215026042E+00  0.856244661803995E+00 -0.494380230197682E+00  0.316240727278705E+00  0.809678942791476E+00
-0.896667080809221E-01  0.744142724321060E-01  0.993187997068194E+00  0.262504705013796E+00  0.800969009812197E-01 -0.961600627235041E+00
 0.388974402648802E+00  0.220005491442251E+00  0.894592922965111E+00 -0.369992430778424E+00 -0.114618959065025E+00 -0.921937142862529E+00
-0.381530438686284E+00  0.303194457117761E+00  0.873216837634798E+00  0.478375687988372E+00 -0.495247977212625E+00 -0.725180075711168E+00
 0.887537262411226E-01 -0.449047164315993E-01  0.995040874798876E+00  0.113529097786174E+00 -0.927678320602963E-01 -0.989194254578286E+00
-0.206036108736717E+00 -0.124265132806366E+00  0.970622119398300E+00  0.104770436316720E+00 -0.523925670056143E-01 -0.993115388359563E+00
 0.586123698932824E+00  0.401007071798262E+00  0.704025807706712E+00  0.850313681450305E+00  0.422903762956986E+00  0.313239605438473E+00
-0.197490935730002E-02 -0.325801811359827E+00  0.945436026099961E+00 -0.134171081852002E+00 -0.627315350612002E+00  0.767120311086341E+00
 0.248770615293125E-01 -0.165584637426794E+00  0.985881767585700E+00 -0.840232113106471E+00  0.522845909362094E+00 -0.143673766457069E+00
 0.157372354481243E+00 -0.679147364843971E-01  0.985201264013239E+00 -0.476275365129776E+00  0.557762844923664E+00 -0.679751708635704E+00
-0.503283300740543E+00 -0.326385323584700E+00  0.800111579558886E+00  0.658508624528346E+00  0.477655565610371E+00 -0.581559585995470E+00
-0.823114088044420E-02 -0.433655931814228E+00  0.901040943088681E+00  0.373882051823905E+00 -0.926803286930388E+00 -0.353253260278833E-01
 0.297294316249990E-01 -0.154472706605985E+00  0.987549666502438E+00 -0.241159111735817E+00 -0.948285169647407E+00  0.206391666143718E+00
 0.215091597428722E+00 -0.370963003698458E+00  0.903394739082854E+00 -0.182811518800431E+00 -0.975468267974470E+00  0.122644228436431E+00
-0.247816142194009E-01  0.306590728103638E+00  0.951518784385028E+00 -0.283181580278684E+00  0.888817971669706E+00  0.360292666908191E+00
 0.175792231688923E+00  0.452736047423404E+00  0.874143673912510E+00  0.435641182079077E+00  0.562707749741180E+00  0.702550175331244E+00
-0.238049648626130E+00  0.165203691767886E+00  0.957099840672454E+00  0.923130143342318E+00 -0.511224894787113E-01 -0.381073784879372E+00
 0.116016125234000E-01 -0.202464768831511E+00  0.979220822883613E+00  0.389472672986096E+00  0.771613459675250E+00 -0.502915207410809E+00
-0.325163498663464E+00  0.100265323803613E+00  0.940327370642529E+00  0.859194670443937E+00 -0.320599593653367E+00 -0.398748565928494E+00
 0.755228436266928E-01  0.371554322175342E+00  0.925334364304796E+00 -0.110679589283056E+00 -0.797562787238733E+00 -0.592995471254308E+00
 0.413546395107711E-01 -0.763017235543656E-01  0.996226801874737E+00  0.751824260852087E+00  0.190647943676322E+00  0.631200160302739E+00
 0.402957906937308E+00 -0.228619799487853E+00  0.886204216035354E+00 -0.731446783030118E+00  0.373358533257830E+00 -0.570604073976391E+00
-0.319430735854429E+00  0.309092714001050E+00  0.895782171704128E+00 -0.172960880056210E+00  0.306713213360216E+00  0.935954880707629E+00
 0.179221429990465E+00 -0.101208615918113E+00  0.978589032789614E+00 -0.175311304349481E+00  0.184570136382211E+00 -0.967057294746871E+00
-0.375797138287293E-01 -0.489447611390349E+00  0.871222589705313E+00 -0.459284243938160E-01 -0.947060460818724E+00  0.317753148507654E+00
-0.492366603873800E-01 -0.448576687343760E-01  0.997779304670935E+00 -0.204006455591406E+00  0.457026582527415E+00 -0.865741340667260E+00
-0.149822108733378E+00  0.110821231222229E+00  0.982482564957299E+00 -0.175450733304921E+00 -0.246513754624066E+00  0.953125389948202E+00
 0.183855224057719E+00 -0.459246746553664E+00  0.869074037333161E+00  0.535847221306984E+00 -0.838510157982365E+00  0.988355724320634E-01
 0.680007347948502E-01  0.126061267586375E+00  0.989689070810564E+00 -0.747739110121744E+00  0.464437110848331E+00 -0.474535976782791E+00
 0.317784105013981E+00  0.743484406151236E-01  0.945243657465398E+00  0.382520812341508E+00  0.482346901674872E-01  0.922686969014974E+00
 0.421114458608458E+00 -0.195350264197912E+00  0.885720546802834E+00 -0.834044734368185E+00 -0.550680728836623E+00 -0.334681335103844E-01
 0.280880745873722E+00 -0.377694797479944E-01  0.958999203856284E+00 -0.532888229095526E+00  0.500890409961619E+00 -0.682010947492718E+00
-0.101791362196651E+00 -0.255293012158080E+00  0.961490507766668E+00 -0.353816380848281E+00  0.431256447409813E+00 -0.829958941882604E+00
-0.235226421717040E+00 -0.185605923527070E+00  0.954053966858196E+00 -0.199609135710614E-02 -0.388779076434166E-01  0.999241974657072E+00
 0.405403681619149E+00  0.868031430816604E-01  0.910007180895175E+00 -0.137601292229743E+00 -0.593103924668255E+00 -0.793280290263043E+00
-0.437755235766327E-01  0.132115429281840E+00  0.990267245182464E+00  0.103356421858701E+00  0.110317908282820E+00  0.988507667735900E+00
-0.149115003872969E+00 -0.196384451416970E+00  0.969122212551967E+00  0.292391257710411E+00  0.107200247665026E+00 -0.950271255650239E+00
 0.144300014938932E+00  0.488769749602828E-01  0.988326133929158E+00  0.441332508277794E-01 -0.126625187892282E-01  0.998945402306495E+00
 0.409997532210845E+00 -0.212658543749209E+00  0.886948909098761E+00  0.758142134416403E+00 -0.509465901529057E+00  0.407019654564403E+00
-0.105445628932059E+00 -0.419214591992030E+00  0.901742948516970E+00  0.511390098227583E+00  0.790351915116054E+00 -0.337378152385672E+00
-0.102599836078077E-01  0.337949367738813E-02  0.999941654177309E+00 -0.239203881030088E+00  0.603616697387963E-01 -0.969091312584365E+00
 0.333178157057104E+00  0.839148987322341E-01  0.939122252654462E+00  0.216076243899380E+00  0.653027885207983E+00  0.725855108105691E+00
 0.398040852919855E+00 -0.161691601650521E+00  0.903005706162771E+00 -0.871872131825841E+00  0.394011383608175E+00 -0.290850503407911E+00
 0.398724122311684E-01  0.136622905405939E+00  0.989820373836237E+00  0.769815755303178E+00 -0.191621341260373E+00  0.608822605083430E+00
 0.258607595469175E+00  0.560709148190363E-01  0.964353754634163E+00 -0.389173688770460E+00  0.180175676367442E+00 -0.903371775967308E+00
 0.223797374056652E+00 -0.384847959274330E+00  0.895436644105952E+00 -0.514376962943728E+00 -0.853337724223476E+00 -0.850356890363444E-01
 0.982470135056653E-01 -0.126266762389125E+00  0.987119156461359E+00 -0.187947922084965E+00  0.458711475548429E+00  0.868481065299714E+00
-0.979960485115678E-01  0.662932996878518E-01  0.992976320408808E+00 -0.922741964497831E+00 -0.377348529751501E+00 -0.784560644505244E-01
 0.919338911663920E-01  0.676633305081359E-01  0.993463554117388E+00 -0.104449156147811E-02  0.334709690025921E-02  0.999993852970966E+00
 0.414743154064888E+00 -0.127255070193969E+00  0.900996261516238E+00 -0.638067184952308E+00  0.768941398352567E+00 -0.399924166141022E-01
-0.144001944998803E-01 -0.127440090412955E+00  0.991741729359970E+00  0.999213454463331E+00  0.367882499962747E-01  0.148019283091259E-01
-0.153911535236181E+00  0.576106615552686E-01  0.986403695753623E+00  0.111451471193360E+00 -0.867722346839151E-02 -0.993731993729554E+00
 0.131550197584716E+00 -0.339602212393369E-01  0.990727636078048E+00 -0.609702305018556E-02 -0.148550127394456E-01  0.999871069141635E+00
 0.331203172417133E-01  0.436460734880768E+00  0.899113491998173E+00 -0.370169614061882E+00 -0.599527811659788E+00 -0.709606130097326E+00
-0.115918153228772E+00 -0.365433242282350E+00  0.923591645256192E+00  0.476627175760675E+00  0.874589763571043E+00 -0.889903409542262E-01
 0.469034151819851E+00 -0.465994517904204E-02  0.883167735675144E+00  0.919122968724073E+00 -0.169885290630581E+00  0.355460203667316E+00
 0.507129362132888E+00  0.806298762725074E-01  0.858090107806267E+00 -0.961888060832191E+00 -0.867741579737464E-01 -0.259309860854604E+00
-0.758678775599158E-01 -0.125546211273028E+00  0.989182598911618E+00  0.745163241058584E+00  0.666671037740995E+00  0.167771157357923E-01
-0.162465603344641E+00 -0.117934793621931E+00  0.979640909815027E+00 -0.144062642777415E+00 -0.546061684315124E+00  0.825265164585854E+00
-0.308255916178931E+00  0.403576023367099E+00  0.861454980543897E+00 -0.355459824414986E+00  0.663884360838557E+00  0.657955825767086E+00
-0.658330051974330E-01  0.196658918051827E+00  0.978259313974245E+00 -0.565934733658255E+00  0.673222870683068E+00  0.475908440383663E+00
 0.107718849263174E+00  0.401271406770587E+00  0.909603159417211E+00  0.644697600684949E-01  0.828771120137385E+00  0.555861565916312E+00
-0.188802700033126E+00 -0.283880259747473E+00  0.940088048315640E+00  0.423503629522013E+00  0.583602058293436E+00 -0.692858797546330E+00
-0.601405336152278E-01  0.420675801081252E+00  0.905215436568070E+00 -0.235801617548602E+00  0.444868839142615E+00  0.863996130269902E+00
 0.147716582449500E+00 -0.138326911607303E+00  0.979308672888495E+00  0.376751085115182E-01  0.414348899420042E-01  0.998430636596323E+00
-0.205015994653017E-01 -0.361836182320768E+00  0.932016234613377E+00 -0.479255584707498E+00  0.697276231795957E+00 -0.533029024631028E+00
-0.183409302433861E+00  0.318683608500459E-01  0.982519941455366E+00  0.497541938556651E-01  0.713261097310603E-01  0.996211376297423E+00
-0.172498991814847E-01 -0.708525707780653E-01  0.997337632997155E+00  0.191946218369194E-01 -0.110647922849658E+00 -0.993674294556116E+00
-0.221911967464715E+00  0.379192909356147E+00  0.898313873982786E+00  0.706121292195034E+00 -0.541669170864117E+00 -0.456056169834588E+00
 0.174172299132102E+00 -0.153191496388438E+00  0.972726259360417E+00 -0.702612879147050E+00  0.438800073211911E+00 -0.560169293879908E+00
 0.492434202533211E-01  0.387067027986389E+00  0.920735684877880E+00  0.323534132010421E+00  0.833882668531696E+00  0.447174865736796E+00
 0.562694638471633E-01 -0.139656215499809E+00  0.988599964045429E+00 -0.259406515577689E+00  0.932736776534245E+00 -0.250420377318518E+00
 0.271579550952203E+00 -0.291068537181263E+00  0.917345983894713E+00  0.626187761501473E-01  0.387501426745732E+00 -0.919739926905144E+00
-0.367762338702952E-01  0.126355434933091E+00  0.991303088205210E+00  0.214674768654829E+00 -0.328990767017932E-01 -0.976131340781129E+00
-0.201111917661680E+00  0.388760394352087E+00  0.899121433599295E+00  0.995313438200411E+00 -0.648210520427608E-02 -0.964838952872303E-01
 0.386693466891246E+00  0.177208637430689E+00  0.905022243640225E+00  0.862085627615669E+00  0.405906498172246E+00  0.303394603445812E+00
-0.420100201472791E-02  0.216227041124069E+00  0.976334071037574E+00 -0.111002245255760E+00 -0.565291175016493E-01 -0.992211147096557E+00
 0.313897945795509E+00  0.502900936853909E+00  0.805331439431505E+00 -0.964167262349785E-01  0.901626753060308E+00  0.421631371067258E+00
-0.138446638915854E+00  0.271133337974824E+00  0.952533065678842E+00  0.139724555394596E+00 -0.393793906946722E+00 -0.908517147593494E+00
 0.325656243550463E+00 -0.142488957377471E+00  0.934689738930562E+00 -0.692219528432527E+00  0.133593389510451E+00 -0.709214305224986E+00
-0.142919459774261E+00 -0.250138212543688E+00  0.957603729443073E+00 -0.719876807036973E+00  0.564627969079782E-01  0.691801514349008E+00
 0.171357065300832E+00 -0.361046891786172E+00  0.916668914114050E+00  0.218121630983175E+00 -0.436917042497908E+00  0.872654829856640E+00
-0.298989743022556E+00  0.229243678233330E+00  0.926311216361628E+00  0.737799223492151E+00 -0.979759531110540E-01 -0.667872007518177E+00
 0.166560243054396E+00  0.113863754605627E+00  0.979434903819937E+00  0.150653821900845E+00 -0.594426012222955E-01 -0.986797853213411E+00
-0.379592367474568E+00 -0.377675812356506E+00  0.844553500564592E+00  0.981154886553731E+00 -0.164506615949100E+00 -0.101354141014122E+00
 0.565736487513627E-01  0.270204188082316E+00  0.961139489881533E+00  0.583912766516016E-02  0.149903950470970E+00  0.988683321504569E+00
-0.241782686246750E+00 -0.415521398584792E+00  0.876859794921311E+00 -0.103829247209464E+00  0.873737579447331E+00 -0.475186415720646E+00
 0.299790981043223E+00 -0.216662363506732E-01  0.953758848917030E+00 -0.850929806102647E+00  0.250299454017701E+00 -0.461810186553472E+00
 0.536030061065048E-01 -0.423753247597892E-01  0.997662793526875E+00  0.256952725123406E+00 -0.615950073538677E+00  0.744701822180767E+00
-0.301269110028733E-01  0.121001622843367E-01  0.999472838703543E+00  0.187782925280449E-02 -0.315960093803862E+00  0.948770621847426E+00
 0.395200185993559E-01 -0.417280562022226E+00  0.907918003284615E+00 -0.123116780441051E-01 -0.725237630376568E+00  0.688388554574754E+00
-0.387661014129982E-01  0.797993299910409E-01  0.996056853956750E+00 -0.980794141776893E+00  0.112663349698328E+00  0.159216271438823E+00
-0.785449861276896E-01  0.550842290336955E-02  0.996895351795422E+00 -0.759845708906266E-01 -0.118290867428059E+00 -0.990067480361659E+00
-0.274907429244453E-01  0.105944806029330E+00  0.993991930112549E+00  0.769877900086845E-02 -0.120641888515166E+00  0.992666239748985E+00
 0.329687272665030E+00  0.230572300218250E+00  0.915501347139784E+00  0.719643300118295E+00  0.600674326264767E+00  0.348287057412729E+00
 0.332371238293766E-01  0.469513888676776E+00  0.882299270054760E+00 -0.717865097912655E-01  0.722128505699943E+00  0.688024068087415E+00
 0.305759138663260E-01  0.856872278430837E-02  0.999495718090420E+00  0.321570629343574E+00 -0.374037662644545E+00  0.869878242782853E+00
 0.524124371047915E+00 -0.233491833202055E+00  0.819008673642453E+00  0.824045246089474E+00 -0.522082675390358E+00  0.219952523183036E+00
-0.225530309771540E+00  0.380749919360856E-01  0.973491846069303E+00 -0.446227465645088E+00 -0.141354974350455E-01  0.894807932808056E+00
 0.457417812675411E+00  0.818484355381479E-01  0.885477147219057E+00  0.865573762683048E+00 -0.188525049035765E+00  0.463940047032775E+00
 0.135797696962761E+00  0.240057471661412E+00  0.961213501673349E+00 -0.281575826870458E-01  0.798994302861246E+00  0.600678994582376E+00
-0.123903890375804E+00  0.889657738765511E-01  0.988297989995066E+00 -0.781901741730006E+00 -0.614751965603881E+00  0.103487617934456E+00
 0.909026896944152E-01 -0.100276706008872E+00  0.990798306033237E+00 -0.127547936887903E+00  0.111169054481364E+00 -0.985582551144935E+00
-0.149023917857565E+00 -0.203811328120485E+00  0.967601578355547E+00  0.380094369283119E+00  0.162058666575897E+00 -0.910640027138556E+00
-0.102431705429575E+00 -0.155146891933101E-01  0.994619042720389E+00 -0.224734481236523E-02  0.108652952728370E-01  0.999938445505486E+00
-0.324886391051761E+00 -0.724577651960960E-01  0.942973332163826E+00 -0.846024596618139E+00 -0.401103773775119E+00  0.351223781342428E+00
 0.244065665613459E-01 -0.246383643488998E+00  0.968865016258598E+00 -0.296476648668983E+00  0.690581424725651E+00 -0.659696060787010E+00
 0.419087810873303E-03 -0.273075090806082E-01  0.999626992589346E+00 -0.255745728055431E+00  0.273452441613570E+00 -0.927263654392306E+00
-0.402820373852477E-03 -0.196069478260481E+00  0.980589923174009E+00 -0.448953430194367E+00 -0.767591585282474E+00  0.457431935614742E+00
-0.637967602801061E-03 -0.223756472177243E+00  0.974644875919497E+00  0.903710022123469E+00 -0.351062384675171E+00  0.245078350695818E+00
 0.544485776030866E+00 -0.973860723553403E-01  0.833097348820212E+00  0.834914528895581E+00 -0.320158107543196E+00  0.447679031911736E+00
-0.118410385636682E+00  0.810395846989305E-01  0.989652245127144E+00  0.349981688462890E+00  0.323216563996923E+00 -0.879229134241290E+00
 0.384693166569331E-01  0.286515901544945E+00  0.957302851681659E+00 -0.554008381947525E+00  0.416843558608068E+00  0.720635941636862E+00
 0.902974412959982E-01 -0.538459468799891E-01  0.994458136926836E+00  0.341649102557410E+00  0.258227508871703E+00  0.903656153845937E+00
-0.580955450193049E+00 -0.124151659402480E+00  0.804411045646815E+00  0.915062387687285E+00 -0.382287178414787E+00 -0.128519803375612E+00
 0.180081926458974E+00  0.379669189134514E+00  0.907425923469660E+00  0.730926841087802E+00  0.414527431551116E+00  0.542137400913313E+00
 0.675368919873475E-01 -0.157503212192519E+00  0.985206326801512E+00  0.259555356292311E+00 -0.659221007880417E+00  0.705732725462763E+00
 0.229854237424684E+00  0.107445831157445E+00  0.967275773967695E+00  0.512678211049110E+00 -0.101679823730514E+00  0.852538717807945E+00
-0.595558301918267E-01  0.473418400884236E-01  0.997101726639366E+00  0.368479735243130E+00  0.143707502479996E+00 -0.918461125168678E+00
-0.980142312126778E-01  0.987230455564913E-01  0.990276209325377E+00 -0.480428736663643E+00  0.549850748030508E+00  0.683265968622810E+00
 0.521246002822254E+00 -0.249280249679554E+00  0.816187454976810E+00  0.671832926116083E+00 -0.729558312391304E+00  0.128004641349660E+00
 0.170102534627444E+00  0.359097002191810E+00  0.917667952328169E+00  0.655428350952536E+00  0.118893922150432E+00  0.745840406550441E+00
 0.203460616450204E+00  0.712467893576677E-01  0.976487415464187E+00  0.509333317351838E+00 -0.886921902939524E-01  0.855986721401818E+00
-0.301313060321611E+00 -0.160359750232424E+00  0.939944248445098E+00 -0.906107946770947E+00  0.348563813348244E+00  0.239732469270789E+00
 0.393321149143588E+00 -0.145378177849454E+00  0.907834598944951E+00 -0.699973690190358E+00  0.170211927093749E+00 -0.693588302176676E+00
 0.199374890310885E+00 -0.462115975926171E+00  0.864117166770413E+00  0.331522351659457E+00 -0.911869688405755E+00  0.242046693257675E+00
 0.610074058917360E-01  0.629754166240251E-01  0.996148680332103E+00 -0.174930349571626E+00 -0.236645326767113E+00  0.955718767273111E+00
 0.215760717412916E+00  0.861101169874606E-01  0.972641948804322E+00  0.834606568349399E+00  0.403505791813619E-02  0.550831729637679E+00
 0.199246258756819E+00 -0.250896876429002E+00  0.947286485583734E+00  0.384807746845553E+00 -0.857935024688430E+00  0.340397549022481E+00
-0.289184176698856E+00 -0.206132882339780E+00  0.934816424099031E+00 -0.423988200465475E+00 -0.144988310215476E+00  0.893986798429881E+00
 0.119875859773726E+00  0.720277689993358E-01  0.990172600477557E+00  0.834181102660428E+00 -0.232250189453894E+00  0.500201696781272E+00
 0.449535155503094E+00 -0.359536829590260E+00  0.817711081088543E+00  0.613339258738861E+00 -0.343985316620862E+00  0.710977535256150E+00
 0.551616676221118E+00  0.276546544090727E+00  0.786918707025219E+00  0.599294314117966E+00  0.766882490156843E+00  0.229646622785347E+00
 0.188477082910576E+00 -0.402452093900710E-01  0.981252624118106E+00 -0.168966737628021E+00 -0.715562931809542E-01 -0.983020823015232E+00
-0.115289066735012E+00 -0.365178759412734E+00  0.923771023990873E+00  0.282812953440721E+00  0.936580180478722E+00 -0.206964728638919E+00
-0.140852813005620E+00 -0.336473572550020E+00  0.931099360994212E+00  0.164107007444732E-01  0.408142790368651E-01  0.999031973225970E+00
 0.382605382285562E+00 -0.421449006659391E+00  0.822188455423652E+00 -0.739423182392354E+00  0.348139079323301E+00 -0.576240001031418E+00
-0.115013246506817E+00  0.952497374864657E-01  0.988786852985375E+00  0.235950400875208E+00 -0.301081110953542E+00  0.923946737076229E+00
-0.238965667402070E+00 -0.791232115161116E-01  0.967799011780060E+00 -0.676085611670807E+00  0.454397213464738E+00 -0.580027083925564E+00
 0.566753961446633E-01  0.206262391493426E+00  0.976853993863596E+00  0.301632301169280E+00  0.876485289924544E+00  0.375221922916577E+00
-0.163029970932505E+00  0.258490810388846E+00  0.952157407954307E+00 -0.408217490753604E+00  0.721755224059190E+00  0.558952481688828E+00
-0.296480552816853E+00 -0.464583220237023E-01  0.953908227302897E+00 -0.491817869809629E+00 -0.357804729422198E+00  0.793782689745138E+00
 0.430611682400731E+00  0.472756579512138E+00  0.768813888732504E+00  0.643763084231691E+00  0.724954450685155E+00  0.244969663044805E+00
 0.123040112088089E+00  0.364286604355616E+00  0.923123177427804E+00 -0.320605107646463E+00 -0.583153767147435E+00 -0.746420825548668E+00
-0.632657709915106E+00 -0.502432112564819E-01  0.772800001169520E+00 -0.584845857462642E+00  0.451435819757011E+00  0.673914700573525E+00
-0.230227537577985E-01 -0.111357111873125E+00  0.993513737421222E+00  0.524321945208791E+00 -0.665557721424937E-01 -0.848915088196096E+00
-0.367231113497413E-01 -0.355076294789373E+00  0.934115751912709E+00 -0.203675315355271E+00  0.610778202778229E+00 -0.765157730749633E+00
 0.350720844473416E-01  0.448397588451894E-01  0.998378357597571E+00  0.369858539216327E-02 -0.164026055087975E-02 -0.999991814972214E+00
-0.231397060768670E+00 -0.492580049021500E-01  0.971611573222901E+00 -0.877490151332430E-01  0.471977410743208E-01  0.995023860809693E+00
 0.192576627633455E+00 -0.374562148277912E+00  0.906982601578862E+00 -0.923600723257058E+00 -0.151824595450819E-01 -0.383055083403420E+00
-0.824139015644277E-01 -0.216149893539063E+00  0.972875722973896E+00 -0.529414781029919E+00 -0.668574246600533E+00  0.522234110729635E+00
 0.686855037802449E+00  0.178819089736484E+00  0.704452901329260E+00  0.933118286109231E+00  0.140915146963855E+00  0.330806870371107E+00
 0.634557202919909E-01  0.121121638818411E+00  0.990607349141004E+00 -0.677460592381674E-01 -0.142778251374442E+00 -0.987433462260701E+00
 0.279089401705775E+00  0.357489688614826E+00  0.891240836356586E+00  0.164195037590536E+00  0.694007594903427E+00  0.700994613279591E+00
-0.454095123998695E+00  0.409298240193617E+00  0.791373849034082E+00  0.211711817710638E+00 -0.924816262586788E+00 -0.316058517835958E+00
 0.277327007658071E+00  0.976114192772968E-01  0.955804238141939E+00 -0.869017893609236E+00 -0.268787352491143E+00 -0.415404934645423E+00
 0.232415418027353E+00  0.998920781553669E-01  0.967473330994180E+00  0.433652377615560E+00  0.614401051504399E-01  0.898983163839832E+00
 0.374499519787558E+00 -0.302860795630371E-01  0.926732357837790E+00 -0.950744407103274E+00 -0.821229517429785E-01 -0.298899469987592E+00
-0.459597951029708E+00 -0.148845136679134E+00  0.875565445124615E+00  0.732833110079430E+00  0.590881207480941E+00 -0.337364834292455E+00
-0.101204290908622E+00  0.212018079449959E+00  0.972011329917524E+00 -0.192002748606960E+00  0.572980480745543E+00  0.796761139371128E+00
-0.140762928875729E-01  0.296912649789950E+00  0.954800888339162E+00 -0.174652313396517E+00  0.415768563881569E+00  0.892543035776484E+00
-0.798768206251817E-01 -0.508004631106632E+00  0.857642692676284E+00 -0.139664066698261E+00 -0.722247775314440E+00  0.677386226259913E+00
-0.776088026459106E-01 -0.380293849114110E-01  0.996258319731950E+00 -0.506023654170045E-01  0.191194587753479E+00 -0.980246923090290E+00
-0.203352183253263E+00  0.348146319166987E-01  0.978486500147363E+00  0.247715187694802E+00  0.183988544966858E+00 -0.951202082160414E+00
 0.820984878708102E-01  0.359785842611488E+00  0.929415937966241E+00  0.286265601128369E+00  0.864724766314029E+00  0.412677942388203E+00
-0.726526033325799E-01  0.220959559116231E+00  0.972573119340731E+00 -0.992909541406859E+00  0.387905790676960E-02 -0.118809071593781E+00
 0.292455680132119E+00 -0.183821714659356E-01  0.956102385171513E+00  0.769423588610490E+00  0.597544754677705E+00  0.225671459088022E+00
-0.147674333794246E+00  0.948632932831696E-01  0.984476128062990E+00  0.172783841433642E+00  0.309939832453424E+00  0.934924084831585E+00
-0.127382053889180E+00  0.121233474694053E+00  0.984416709001112E+00  0.167614249188362E+00 -0.645213227833758E+00 -0.745389397628760E+00
 0.171727513417682E+00  0.339604260038724E+00  0.924758675384519E+00 -0.808592140789566E-01  0.693357810475838E+00  0.716042410860338E+00
-0.460963730921967E-01  0.307892927702396E+00  0.950303672232509E+00  0.358915488251932E+00  0.703247089531457E+00  0.613696344586157E+00
-0.393580132815763E+00 -0.952543287927273E-01  0.914341999417599E+00  0.294901547153076E+00  0.217316030926639E+00 -0.930487410011019E+00
-0.834918832076664E-01  0.196016232701830E+00  0.977039785247161E+00  0.305432571281656E+00 -0.228805643728213E+00 -0.924315380050767E+00
-0.134253050710051E+00  0.114742615437364E+00  0.984281591099639E+00 -0.350396509797522E-01 -0.245498353149699E-01  0.999084345010583E+00
-0.163307164840730E+00  0.133622171008818E+00  0.977484468074339E+00 -0.695782225009349E+00  0.586955248367194E+00  0.413969360913637E+00
-0.698783605466785E-01 -0.116099832887709E+00  0.990776384221361E+00 -0.144780227713593E+00  0.633206390652284E+00 -0.760321216658004E+00
 0.497635179799503E-01 -0.955138537885415E-01  0.994183431773393E+00 -0.455424171535314E+00  0.191206954794475E+00 -0.869499122725030E+00
 0.360651778596703E-01  0.126802339401161E+00  0.991272147126279E+00  0.497089339960485E+00 -0.285729119895833E+00 -0.819305228923386E+00
 0.362456168888460E-01 -0.294592194464481E+00  0.954935439816194E+00 -0.857077938261848E-01 -0.967808494327296E+00  0.236645076824726E+00
 0.149007541140926E+00  0.347239462932810E+00  0.925862575151015E+00 -0.329071755274675E+00 -0.304931806177403E+00 -0.893716047445625E+00
-0.397577465869123E+00  0.258341423179973E+00  0.880449809871314E+00 -0.862313090720219E-01  0.580581352559552E-01  0.994582029933342E+00
-0.725170498320095E-01  0.350736501218383E+00  0.933662243103334E+00  0.939676170874806E+00 -0.733628768437608E-01 -0.334105645255014E+00
-0.234100936449792E+00  0.127710385931587E+00  0.963787740572859E+00  0.569078137594193E+00 -0.196202395124271E+00 -0.798532838059791E+00
-0.229494338218739E-01  0.231335832835866E+00  0.972603236645546E+00 -0.296485866680899E+00 -0.883866768584625E-01  0.950938445017549E+00
-0.113711754395195E+00 -0.143646301808997E+00  0.983074451345861E+00 -0.210224447244016E+00 -0.688709268702465E+00  0.693891363964320E+00
-0.356479281690830E+00 -0.128882379340340E+00  0.925371197963694E+00  0.501863156726346E+00 -0.318773366308339E-01 -0.864359420224013E+00
 0.117128233721828E+00  0.253257342651714E+00  0.960282091501345E+00  0.296306634297013E-01  0.195212717357749E+00  0.980313224824861E+00
-0.293716968746340E+00 -0.186883411326493E+00  0.937445962624745E+00  0.539264223865434E+00  0.743542168837390E+00 -0.395397445640967E+00
-0.172662706640551E+00  0.871154501083504E-01  0.981121036410890E+00  0.241111684021884E+00 -0.182883496058246E+00 -0.953110058019348E+00
-0.447920077705025E-01  0.157549499222926E-01  0.998872092708988E+00 -0.189735066547952E-01  0.333587060137368E-02 -0.999814421786639E+00
-0.242896672772982E+00 -0.939673308339829E-02  0.970006653463353E+00  0.486195301512842E+00 -0.197605970995001E+00 -0.851214431864239E+00
-0.211499016670849E+00  0.133916158925878E+00  0.968160435220219E+00 -0.213607232931856E+00 -0.975000554708396E+00 -0.612034995528571E-01
 0.232549141808020E-01  0.116722378549258E+00  0.992892287870264E+00  0.444471227097092E-01 -0.928420532202479E-02  0.998968596510604E+00
 0.281351602985810E+00 -0.580590186111177E-01  0.957846765331088E+00  0.255146749242460E+00 -0.364145196381097E+00  0.895711121011444E+00
-0.270232329063118E-01 -0.164006935919577E+00  0.986088976641339E+00  0.222725830699065E+00  0.797045618313483E+00 -0.561347919446300E+00
-0.240892075171496E+00  0.126502844509217E+00  0.962272330710307E+00 -0.593578414097150E+00 -0.147089162817566E+00  0.791220225031906E+00
-0.261323033088557E+00  0.433995053081307E+00  0.862182443731227E+00  0.489351293069783E+00 -0.828685276960168E+00 -0.271691044608358E+00
 0.225918877262026E+00 -0.276020059289805E+00  0.934223521308642E+00  0.674298752953095E+00 -0.180389305726716E+00  0.716087208477664E+00
 0.104705168164796E+00 -0.463507917557106E+00  0.879884786845106E+00 -0.197117457602953E+00  0.948302056556504E+00 -0.248732622385670E+00
 0.155736906971799E+00  0.317137421028484E+00  0.935505142685095E+00  0.304874659249908E-01 -0.970410494339205E+00 -0.239528676566735E+00
 0.185000068367409E+00  0.164869983064185E+00  0.968810024405440E+00  0.357633738099409E-01  0.114208177466551E-01  0.999295024512645E+00
 0.372494943036518E+00  0.401750087677351E+00  0.836567023294285E+00  0.561990283754256E+00  0.747878758968360E+00  0.353333104661531E+00
 0.105668566078946E+00 -0.482492712042832E-01  0.993230165657022E+00 -0.184940319191864E+00 -0.872623962562364E+00 -0.452022674540968E+00
 0.236311388226772E+00 -0.240601638397562E+00  0.941417962116054E+00 -0.150851253924186E+00 -0.938475098813594E+00  0.310657992165525E+00
 0.229898969062550E-01  0.119094753198801E+00  0.992616695608510E+00  0.546153343405119E+00 -0.117444090459965E+00 -0.829411484791139E+00
 0.305529779771390E-01  0.425551993181735E+00  0.904418054129716E+00 -0.260577237508534E+00 -0.196251391636807E+00 -0.945296194096347E+00
-0.214734236433286E+00  0.313197897544198E+00  0.925092581678887E+00 -0.572434381285142E+00  0.450478613053653E+00  0.685118893553487E+00
-0.349713274549956E+00  0.114935430610014E+00  0.929779797798402E+00 -0.314921756175732E+00  0.674110293426309E+00  0.668131424035637E+00
 0.165065553322674E+00  0.165788873584370E+00  0.972248637181819E+00 -0.804254697019629E+00 -0.589969069890076E+00  0.714904112095046E-01
-0.707838079714576E-01  0.202930837460620E+00  0.976631316176474E+00 -0.255479136278241E+00  0.405237587454953E+00 -0.877788646907793E+00
 0.308200249794863E+00 -0.462155939774268E-01  0.950198255576013E+00 -0.788575094816922E+00 -0.184560318130331E+00 -0.586589131169436E+00
-0.243429244643305E+00  0.114159826527841E+00  0.963176898009666E+00  0.214226905157757E+00  0.976609720202244E-01 -0.971889483249301E+00
 0.857901368874967E-01  0.166634805497759E+00  0.982279437843198E+00 -0.814454770242742E+00 -0.562925671912845E+00 -0.140634686796378E+00
-0.171890867421189E+00  0.577233008972581E+00  0.798282896628540E+00 -0.282487250215446E+00  0.946118441940736E+00  0.158306182081908E+00
 0.144472628742571E+00 -0.243832983286070E+00  0.958995899785826E+00 -0.435426555829002E+00 -0.759858751403794E+00  0.482719786619485E+00
-0.353750040514951E+00  0.650587839490288E-02  0.935317369870774E+00  0.570971521389635E+00 -0.819757446382381E+00 -0.446010186278794E-01
-0.391424847140521E+00  0.707440866535580E-02  0.920182884965296E+00  0.925341709385167E+00  0.157508342708374E+00 -0.344867862882871E+00
 0.242980973818867E+00 -0.282289973256248E+00  0.928047745194730E+00 -0.818206825631509E+00  0.420751518035200E+00 -0.391798099231077E+00
 0.394259875181282E+00  0.109490586452712E+00  0.912453265817094E+00 -0.961597305650472E+00 -0.272255151551693E+00  0.347527584418562E-01
 0.370964432347480E+00 -0.554952431856532E+00  0.744589274909083E+00 -0.320352037005257E+00 -0.626998919020623E+00  0.710103462837320E+00
-0.323410440144894E+00 -0.408102878858130E-01  0.945378340987334E+00 -0.839474396826493E+00 -0.295764899610154E+00  0.455857281647876E+00
 0.169450610527493E+00  0.256970548684531E+00  0.951447648428767E+00  0.505793722769726E+00  0.314694591039310E+00  0.803206090849256E+00
-0.930706470536062E-02 -0.490917374622788E+00  0.871156420994553E+00 -0.360458534358555E+00  0.625142021419620E+00 -0.692291194558672E+00
 0.407480405227479E-01 -0.767982361234793E-03  0.999169158549567E+00 -0.730428821101156E+00  0.666557974735213E+00  0.148910052117601E+00
-0.204888427380364E-01 -0.428908186328593E+00  0.903115704117459E+00 -0.156192430367211E-01 -0.989807037998777E+00 -0.141555878631187E+00
 0.415381580421449E+00  0.555222988509962E-01  0.907951219491928E+00  0.549769614119079E+00 -0.833043225193992E+00  0.615821106308568E-01
-0.256666783457618E+00 -0.860745299508742E-01  0.962659512789053E+00 -0.304071578150209E+00 -0.658509187623132E+00  0.688408399990270E+00
 0.182452280427232E+00 -0.100894762641691E+00  0.978024239085300E+00 -0.685650038008464E-02  0.689774805632189E-01  0.997594654946431E+00
 0.353353144958954E-01 -0.321107587771692E-01  0.998859506997971E+00  0.299234216674787E-03 -0.529592994968862E-02 -0.999985931693467E+00
-0.114074549992987E+00 -0.135854599351425E+00  0.984139484462930E+00  0.214510485503300E+00  0.415955894087373E+00 -0.883722776544269E+00
 0.696278317728535E-01  0.211694748051754E+00  0.974852449701962E+00  0.729806571851558E+00  0.439335976045519E+00  0.523799835657103E+00
-0.499734586348032E-01 -0.326987083491576E+00  0.943706575510497E+00 -0.293986495418642E+00 -0.720123723942759E+00  0.628485292370695E+00
-0.336305392287233E+00 -0.131370214884356E+00  0.932545199848119E+00  0.554383406741365E+00 -0.113849956485853E+00 -0.824437520821322E+00
 0.353828491984829E-01  0.339589434638734E+00  0.939908011384275E+00  0.382072622180085E+00 -0.337566712870475E+00 -0.860272762408677E+00
-0.342578258893070E+00  0.436099376011817E+00  0.832140295128109E+00  0.510242742063506E+00 -0.850296018542826E+00 -0.129031100986287E+00
 0.198821065966571E+00  0.210669833867967E+00  0.957125072718273E+00  0.253279473444918E+00  0.561556590759656E+00  0.787720574636626E+00
 0.144484754744902E+00  0.320092594344134E+00  0.936303843147270E+00  0.711295551175983E+00  0.526094732998950E+00  0.466136214842848E+00
-0.386469652841005E+00  0.245731474523579E+00  0.888964144305844E+00  0.801711416368857E+00 -0.738537913877476E-01 -0.593131033045395E+00
 0.218468304981226E-01  0.928269113553477E-01  0.995442555110747E+00 -0.694309931228357E+00 -0.269601243394498E+00 -0.667269727290108E+00
-0.417157284111851E-02  0.154139263085748E+00  0.988040325875120E+00  0.157382327240448E+00 -0.187318205051402E+00 -0.969609557053096E+00
-0.983536516147798E-01 -0.412863226338092E-01  0.994294724303320E+00  0.835709221480307E+00  0.523699887129330E+00  0.165313415527918E+00
-0.282294102652543E+00  0.441850514087075E+00  0.851515215840905E+00 -0.598370477379597E+00  0.598132038478019E+00  0.533095522722376E+00
 0.256823650789768E+00  0.237499061075566E+00  0.936822186107502E+00  0.372794676011527E+00  0.856399181515745E+00  0.357217820715349E+00
 0.263004954666066E+00  0.458725054512956E+00  0.848763640940860E+00 -0.316827942182515E+00 -0.922517135213059E+00 -0.220413679908222E+00
-0.978379059929155E-01 -0.542586699175320E-01  0.993722164837688E+00 -0.159452017028728E+00 -0.224306584726500E+00  0.961385255926990E+00
-0.302604276075242E+00  0.149970998759069E+00  0.941243513460882E+00  0.353947792683067E+00 -0.349493141889267E+00 -0.867511097235737E+00
 0.169396146509569E+00  0.149888562963777E+00  0.974083345633402E+00  0.584524603557351E+00  0.417825735020698E+00  0.695523287166242E+00
 0.486044755715424E-02  0.377348638847601E+00  0.926058519106329E+00 -0.579475797950081E-01 -0.528240652943622E+00 -0.847115039751743E+00
-0.924198247773436E-01  0.343039508532215E+00  0.934763323828070E+00 -0.848023965751025E+00  0.250953664813805E+00  0.466773619250729E+00
 0.177934021202527E+00 -0.292592507848003E+00  0.939536645613100E+00 -0.123008950493143E+00  0.950656551892368E+00 -0.284817342243565E+00
 0.622119650460003E-01  0.930787929332460E-01  0.993713243200072E+00  0.423682716018782E+00  0.283396481175976E-01 -0.905367229631998E+00
-0.164373992493979E+00 -0.273052119474265E-01  0.986020089040834E+00 -0.859809794077604E+00 -0.117274876867733E-01  0.510479758698408E+00
-0.455873047099054E-01  0.365490735077976E+00  0.929697972581121E+00  0.524520689650025E+00  0.683726478981513E+00  0.507342239586460E+00
 0.180945374492610E+00  0.701376614781792E-01  0.980989031484094E+00  0.578458621525420E+00  0.490902778803514E+00  0.651459964192658E+00
 0.401188877850069E+00  0.407181720563774E-01  0.915089894356718E+00 -0.529097737922361E+00 -0.280105505175194E+00 -0.800997184574322E+00
-0.250205605436061E+00  0.141479159006289E+00  0.957799980463169E+00 -0.644464281870964E+00  0.330811765542890E+00  0.689368816506040E+00
-0.948969513788260E-01  0.126549828054593E+00  0.987410608429116E+00 -0.359263514990813E-01  0.458179657420910E-01  0.998303566698638E+00
-0.631099248105408E-01  0.454337645205742E+00  0.888591267985067E+00  0.212674807414258E+00  0.797407266575673E+00  0.564722124149233E+00
 0.199815460342056E+00  0.739302814121873E-01  0.977040477819935E+00 -0.300426203833296E+00 -0.293702218185443E-01 -0.953352760587939E+00
 0.144340728895229E+00  0.839181834421614E-01  0.985963230789953E+00 -0.225042879971073E+00  0.156544917896945E+00 -0.961690901930014E+00
 0.107666507980095E+00  0.444385558031211E-01  0.993193404034433E+00 -0.440757390142284E+00  0.580447518351520E-01 -0.895747581531403E+00
-0.494216416790383E-01 -0.144426161598769E+00  0.988280620663784E+00 -0.241915260094739E+00 -0.962475966151262E+00  0.122951297327398E+00
 0.568088433180589E+00  0.167015158529777E+00  0.805842086830725E+00  0.950186622861242E+00  0.691333314700274E-01  0.303917693159518E+00
-0.128562011671519E-01 -0.110854207054551E-01  0.999855905388038E+00 -0.731196730096135E+00  0.638304673442295E+00 -0.240662597340020E+00
 0.174228989369758E+00  0.266775833954455E+00  0.947879166181586E+00 -0.432369746413435E+00 -0.410495670141421E+00 -0.802838531201342E+00
-0.122951178000722E+00 -0.188366091702546E+00  0.974372220111464E+00 -0.353472065243850E-01 -0.665061661079731E+00  0.745951447450028E+00
 0.140086070396900E+00 -0.261390144198535E+00  0.955013657178066E+00  0.206609793929503E+00  0.975987262447926E+00 -0.690018593358965E-01
-0.178939080697845E+00  0.581103170156651E-01  0.982142554039559E+00 -0.605309931627764E+00  0.747085221455650E+00  0.274706313279025E+00
-0.143277822838304E+00 -0.431609982534028E-01  0.988740913340034E+00  0.415564770101492E+00  0.208737896884209E+00 -0.885287756751923E+00
-0.535231296037548E-01  0.217081005328190E+00  0.974685134657917E+00 -0.194641408656504E+00  0.970401295843535E+00  0.142954702830648E+00
-0.177909711293319E+00 -0.962168597627935E-01  0.979331634598268E+00  0.370151509810703E+00  0.307904363098520E+00 -0.876460360181652E+00
 0.243422013604260E+00 -0.121716077472876E+00  0.962253043527255E+00  0.820734658481518E-01  0.213996009436087E+00 -0.973380528955199E+00
 0.263019767463184E+00 -0.270815361913484E+00  0.926001966345256E+00 -0.286952397592961E+00  0.383919560633859E+00 -0.877646906493925E+00
-0.336162079487768E+00 -0.459974937252939E+00  0.821838252586003E+00 -0.698181035131785E+00 -0.519968222496246E+00  0.492114102395373E+00
 0.620647696383125E-01  0.818516497812867E-01  0.994710144613909E+00  0.240768964527726E+00  0.956328482657933E+00  0.165729113246349E+00
-0.335857313718699E-02  0.277672809198423E+00  0.960669834552089E+00 -0.172215393123833E+00  0.685102478828703E-01  0.982674007138802E+00
 0.252462024679706E+00 -0.178399152833533E+00  0.951018752897597E+00  0.656107028962938E+00  0.742128295586093E+00 -0.137000581881635E+00
 0.234517461897172E+00 -0.500601998851505E+00  0.833306185511176E+00  0.471183792332031E+00 -0.618808910402971E+00  0.628539072969607E+00
 0.673875138336708E-01 -0.487280219485654E+00  0.870641666058620E+00 -0.263311245089218E+00 -0.810952043112950E+00  0.522516958557804E+00
 0.173058354943652E+00  0.164984637926405E+00  0.970994786305514E+00  0.200158812126485E+00  0.195608761498469E-01  0.979568181420959E+00
-0.128978775175089E+00 -0.117276333248251E-01  0.991578004077809E+00 -0.339011166610738E+00 -0.351625494943954E+00  0.872600103265319E+00
-0.629608806271201E-02  0.194628778139019E+00  0.980856767318868E+00  0.590230683510859E+00 -0.770333805972175E+00 -0.241274879792174E+00
-0.109967164945424E+00  0.181918339518702E+00  0.977145301570152E+00 -0.129892718713217E+00  0.292732808110775E+00 -0.947330662799885E+00
 0.287242779544979E-02 -0.100761522553220E+00  0.994906460292281E+00 -0.603368958509948E-01 -0.962887188117108E+00  0.263073605591657E+00
 0.164136977502501E+00 -0.219464129697132E+00  0.961714379840826E+00 -0.227727577011077E+00  0.270604465419497E+00 -0.935368041983311E+00
 0.189293520397061E+00  0.487533250000526E+00  0.852337546562166E+00  0.404248759386768E+00  0.784224769183446E+00  0.470716955221957E+00
 0.150922624393705E+00  0.101172293247084E+00  0.983354731785658E+00  0.175117168231733E+00 -0.143390746620506E+00  0.974049829923558E+00
 0.280195990065938E+00  0.752723974057085E-02  0.959913302237685E+00  0.483740430781280E+00  0.100140597831372E+00  0.869463660133946E+00
 0.122408540745901E+00  0.178106360092473E+00  0.976367898718034E+00 -0.272126572455632E+00  0.208090046229485E+00  0.939492235850707E+00
-0.255920981674594E+00 -0.153708091566546E+00  0.954399430912279E+00 -0.835996963514750E+00 -0.402967521585225E+00 -0.372459734121124E+00
 0.295038694995616E+00 -0.240377430879405E+00  0.924754485892932E+00 -0.355338663248587E+00  0.765338341210698E+00 -0.536648542226255E+00
-0.467534391666339E+00 -0.238348958685576E+00  0.851235200460301E+00 -0.993637558600775E+00 -0.810421077199178E-01  0.782085603639721E-01
-0.252130069969023E+00 -0.250616266429308E+00  0.934677438915934E+00  0.373996114897325E+00  0.784465043505474E-01 -0.924106623716596E+00
-0.824430482057150E-01 -0.458207562259211E+00  0.885013544354560E+00 -0.276878336603253E+00  0.900221913954093E+00 -0.336063821850323E+00
-0.127051594204893E+00 -0.212515854536701E+00  0.968862685823193E+00 -0.136067006140730E+00 -0.235643377606331E+00  0.962267098278944E+00
 0.492813387308134E-02  0.780395097968815E-01  0.996938086546598E+00 -0.299277958851025E+00 -0.661406061488744E-01 -0.951870854456750E+00
 0.654967902548291E-01  0.356348100318464E+00  0.932054827714409E+00 -0.145345474206470E+00 -0.516361539861738E+00 -0.843946356873060E+00
-0.354697022102772E+00 -0.761231151401250E-01  0.931877295491627E+00  0.678877479260248E+00  0.289283194929058E+00 -0.674863394536174E+00
-0.225627010823802E+00 -0.124463230745376E+00  0.966230488123377E+00 -0.583942836386645E+00 -0.826517700776858E-01  0.807576280443987E+00
 0.433731014886215E-01 -0.170704936491673E+00  0.984367105669745E+00  0.965302429359132E+00  0.261114263002829E+00 -0.324985074226306E-02
-0.164334486900837E+00  0.695555981267152E-01  0.983949284863947E+00 -0.801807121288781E+00  0.138381849776681E+00  0.581339663108395E+00
-0.345920302415755E+00  0.365694821498346E-01  0.937550967868886E+00  0.970548424460678E+00 -0.216297848765717E+00  0.106070714130807E+00
 0.227887719256243E+00  0.277027572466480E-01  0.973293246998622E+00 -0.561745858234591E+00 -0.177256133862146E-01 -0.827119938936528E+00
 0.489530862219494E+00  0.111376703338250E+00  0.864843780626387E+00 -0.565682164882773E+00  0.308157759669954E-01 -0.824047375024695E+00
 0.353837521416349E+00  0.617653937799948E-01  0.933265259489035E+00  0.348142057669020E+00 -0.559084842625215E+00  0.752476741453661E+00
-0.626571826695636E-01  0.836579254995293E-01  0.994522714150375E+00  0.773261848546456E-01  0.321661314083391E+00 -0.943692036714293E+00
 0.154504045253837E+00  0.528723542914905E-01  0.986576410701105E+00 -0.999645789706569E+00  0.163797613402852E-02  0.265633611599600E-01
 0.330103333548269E+00  0.945521035563637E-01  0.939197364185711E+00  0.545215094531620E+00 -0.124106989770890E+00  0.829058475491859E+00
-0.154351810709952E+00 -0.311921635466935E+00  0.937486219556422E+00 -0.864769694980767E+00 -0.433814128941505E+00  0.252940064389954E+00
-0.184268244720772E+00  0.266615580885488E+00  0.946023966935627E+00  0.213537717148309E+00 -0.418623254256217E+00 -0.882698257815786E+00
-0.712773584538081E-01 -0.109667469648910E+00  0.991409392870903E+00  0.228975077169707E-01 -0.171948398952333E+00  0.984839810445374E+00
-0.249834031818182E+00  0.256053675563964E+00  0.933819828326458E+00 -0.413844830972539E+00  0.612049160652696E+00  0.673890407129854E+00
-0.373069296900198E+00  0.226327223088688E+00  0.899775131796470E+00 -0.256292339288294E+00  0.461067951659708E+00  0.849547279893506E+00
-0.295060440400012E-01  0.133328546802697E+00  0.990632571629154E+00  0.406122443272893E+00  0.812470042721896E+00  0.418278604221559E+00
-0.352684520834752E-01  0.241197995189723E+00  0.969834863986696E+00  0.393098144340983E+00  0.918733467427167E+00  0.374521660913133E-01
-0.465536827144739E-01 -0.569975869913811E-01  0.997288338296844E+00  0.772716245338834E-01  0.104988079775931E-01  0.996954798911638E+00
 0.748899609283905E-01  0.122051445226211E+00  0.989694366191067E+00 -0.387728031712276E-03 -0.132387541189075E+00 -0.991197956315934E+00
-0.289401595145667E-01 -0.564316773997619E+00  0.825050935247147E+00 -0.101482107494621E+00  0.926483404242149E+00 -0.362394651619377E+00
-0.938374195086926E-01 -0.104098978998279E+00  0.990130264799267E+00  0.383831307120473E+00  0.979293671792177E-01 -0.918195712644133E+00
 0.939060524557648E-01  0.346673791880823E+00  0.933273237232884E+00  0.115861077602491E+00 -0.920927881191789E+00 -0.372112951051683E+00
-0.196814685137703E+00 -0.384605516119059E+00  0.901855075211610E+00 -0.458904575769651E-02  0.847375035809307E+00 -0.530975036462365E+00
-0.173094200789182E-02  0.358788583664641E+00  0.933417246504309E+00 -0.272171465949962E-01 -0.322331285142191E+00 -0.946235578251954E+00
 0.123389013926503E-01 -0.223293143118978E+00  0.974673239474887E+00  0.561967438892249E-01 -0.104327281012630E+00 -0.992954049497136E+00
 0.154243135726480E+00 -0.356750220779179E+00  0.921378497174353E+00 -0.477667568408745E+00 -0.842357209077230E+00  0.249535621517442E+00
-0.179313752944670E-01  0.181835487711291E+00  0.983165459721224E+00  0.265080440181379E+00 -0.466674534225378E+00 -0.843769660119853E+00
-0.192697215307297E+00 -0.255528219218178E+00  0.947403352535761E+00 -0.178830965951441E+00 -0.608386955045357E+00  0.773230107113991E+00
-0.138979874779613E+00  0.521412283955028E+00  0.841910817454583E+00 -0.304812493884697E+00  0.881607046556309E+00  0.360358653335888E+00
-0.723845250911714E-01 -0.204540224991405E+00  0.976178148130653E+00  0.173851911367272E+00  0.518503760347315E+00 -0.837215243183998E+00
 0.391291453278773E+00 -0.445431682590797E-01  0.919188177008619E+00  0.707259244435322E+00 -0.118132064949953E+00  0.697014473588201E+00
-0.244437198284002E-01 -0.122378511218032E+00  0.992182445194939E+00  0.323797761112670E+00  0.408571535299024E+00  0.853360598130603E+00
-0.950390856163643E-01 -0.423104637540248E+00  0.901082703139473E+00 -0.447512312576915E+00  0.679653803273516E+00 -0.581208600923891E+00
-0.105084330759975E+00 -0.215031085082148E+00  0.970937132814026E+00 -0.219731857598675E+00 -0.971756559783190E+00 -0.860645064737753E-01
-0.571097856171860E+00 -0.365364653402154E+00  0.735089048156908E+00  0.640839832890018E+00  0.744537988359293E+00 -0.187049438575450E+00
-0.247474512982405E+00  0.209163429227886E+00  0.946048109399174E+00 -0.298960012154355E+00  0.642341433397390E+00  0.705705600143328E+00
 0.795971246978404E-01 -0.510126707938661E+00  0.856408220177446E+00  0.194258727966334E-01  0.951094920412521E+00 -0.308287346207380E+00
 0.718080311034032E-01 -0.744077629289747E-01  0.994639176528332E+00 -0.699309790659507E+00 -0.331104999668563E+00  0.633510296587386E+00
-0.734606436031020E-01  0.246562835385789E+00  0.966338606311441E+00  0.332561613746764E+00  0.543650529660961E+00  0.770614608388334E+00
-0.337241537357159E+00 -0.342335811700290E-01  0.940795518378598E+00 -0.616499198841576E+00 -0.101494340611482E+00  0.780786549994001E+00
-0.695890917098106E-02  0.133731480425388E+00  0.990993170877773E+00  0.199558441510535E+00 -0.600278705385915E-01  0.978045542487919E+00
-0.118222159924244E+00 -0.561330463530556E-01  0.991399315114738E+00 -0.338963538676459E+00  0.153518511258952E+00 -0.928189520598443E+00
 0.113066065998852E+00  0.317890472426556E+00  0.941361626719490E+00  0.169611347401196E+00  0.420325967798443E+00  0.891379869431127E+00
 0.250358420135181E+00 -0.184849782402203E+00  0.950342685252680E+00 -0.872534232930788E+00  0.347465625513007E+00 -0.343440899501990E+00
 0.426457501864459E-01 -0.201275264410093E+00  0.978605951304039E+00  0.330018703753827E-01  0.489929409319802E+00 -0.871137216766266E+00
 0.110336686808398E-01  0.137710483226749E+00  0.990411066661160E+00  0.515398885694265E-03  0.212952942736248E+00  0.977062320706290E+00
-0.276866940693755E+00  0.231673254881269E+00  0.932562169575626E+00  0.414826013669890E+00 -0.332676252960875E-01 -0.909292386138753E+00
-0.225267204706799E+00 -0.188069239316898E+00  0.955973141728547E+00 -0.662764786102188E+00 -0.451670464559623E+00  0.597274333742390E+00
 0.141733087762661E+00 -0.113024548261137E+00  0.983431331270073E+00 -0.263173034021611E-01 -0.354273728060993E+00  0.934771375870808E+00
-0.114623797916756E+00 -0.117714993081001E+00  0.986409937781995E+00 -0.298396636448934E-01 -0.366233945132653E+00  0.930044241907950E+00
-0.196072305575679E+00 -0.417192671586752E+00  0.887415306246487E+00  0.183338745049954E-01  0.889968466674978E+00 -0.455653374145110E+00
-0.299643859260479E+00  0.905202393340775E-01  0.949747147338905E+00 -0.314497631731237E+00  0.855758848065929E+00  0.410813867332052E+00
-0.138260893542284E+00  0.354173553681383E+00  0.924902707958837E+00 -0.779378808568979E+00  0.404255150569871E+00  0.478692433605681E+00
-0.141350735548250E+00  0.140554463835114E+00  0.979930820137826E+00 -0.990048105222423E+00  0.245870557703768E-01  0.138564880233175E+00
 0.335472122297834E+00 -0.169147397350453E+00  0.926740315908699E+00  0.370557200984926E+00 -0.480048204135500E+00  0.795135889332446E+00
 0.170526876611634E+00  0.186541539484913E+00  0.967534411997671E+00 -0.291976797773647E+00  0.716329683942104E-01 -0.953739098181930E+00
-0.971861295325998E-01  0.199216344443481E+00  0.975124455817333E+00  0.740263552170495E-01 -0.194357042569535E+00 -0.978133650753773E+00
 0.210966181743319E+00 -0.346061599209391E-01  0.976880588330104E+00  0.314707228786139E+00  0.226723376314435E+00 -0.921713551371755E+00
 0.152541183365035E+00 -0.223528925671598E-01  0.988044298385187E+00  0.643206232112233E-01 -0.190728341353363E+00  0.979533336458905E+00
-0.104648857598223E+00 -0.117579792575308E+00  0.987534105224389E+00 -0.851384247924489E-01 -0.186764324607240E+00  0.978708606112086E+00
-0.810164530511003E-01  0.226177664472104E+00  0.970711078760804E+00  0.632675080983454E-01  0.608310378003310E+00  0.791173625971250E+00
 0.156019244957964E+00  0.686407489968448E-01  0.985366146556649E+00 -0.387250448813246E+00 -0.306420749517882E+00 -0.869565071836972E+00
 0.131213240755030E+00 -0.630898086373630E-01  0.989344612102711E+00 -0.647055939066084E+00  0.650309934373482E+00 -0.398014573821694E+00
-0.209944204161065E+00 -0.422691875580663E-01  0.976799235729819E+00 -0.236876204694185E+00  0.459496209757572E-02  0.971528975364606E+00
 0.354420415874211E-01  0.334496444738507E+00  0.941730317100079E+00 -0.200674088061049E+00  0.945761419686309E+00  0.255470639044496E+00
-0.510268633377673E-01 -0.911598094815480E-01  0.994528103350125E+00 -0.214667764879054E+00 -0.344219843660637E+00  0.914018845512541E+00
-0.329664124647420E+00 -0.135089716569789E+00  0.934383397432523E+00 -0.387174612029622E+00  0.303463081216863E-02  0.922001415842484E+00
-0.114573418239876E+00 -0.271940850845958E+00  0.955469049982262E+00  0.515786676151187E+00 -0.992669071009213E-02 -0.856659538858032E+00
 0.131892075212162E+00  0.529982491400913E+00  0.837689106593079E+00 -0.244762097391027E+00  0.947138635502670E+00  0.207412441330999E+00
 0.334857991132597E+00  0.247431578842659E+00  0.909201704555194E+00 -0.929324581130978E+00  0.367099946979109E+00  0.399180640020017E-01
 0.110430734426373E+00 -0.519466390368648E-01  0.992525364707031E+00 -0.418721140848151E-01 -0.725019067897546E-01  0.996488936001759E+00
 0.218369878451673E+00 -0.238031594333228E+00  0.946390805261855E+00  0.217189819340542E+00 -0.369376170777894E+00  0.903542930267446E+00
 0.115618679063665E+00  0.191853281306628E+00  0.974589472292541E+00 -0.617880569588890E-01 -0.761358775413134E+00 -0.645379772783946E+00
 0.926310705596675E-01 -0.341411408708950E-01  0.995115002030923E+00  0.154164917999882E+00  0.225273130296844E+00 -0.962021410793102E+00
-0.104399355938105E+00  0.352057290693913E+00  0.930137859969677E+00  0.480320743438242E+00 -0.524185850844115E+00 -0.703221997094634E+00
 0.106368159218593E+00  0.179507678249658E+00  0.977989165662823E+00  0.702704312348651E+00 -0.495640314801255E-01  0.709753517913118E+00
-0.664995747706673E-01 -0.101549519061512E+00  0.992605410892816E+00 -0.800695929168937E+00 -0.558516338099238E+00 -0.216669169676975E+00
 0.256140100839483E+00 -0.844132159366163E-01  0.962946861315399E+00  0.540464058708487E+00 -0.105208016623490E+00  0.834763364362920E+00
-0.133579264842752E+00 -0.200571419415153E+00  0.970529590336050E+00 -0.412309363837821E+00 -0.635289924234575E+00  0.652999005097006E+00
 0.752807332022576E-01  0.122931574511966E+00  0.989555778719188E+00 -0.462533486534457E+00  0.274193140689619E-01 -0.886177722045791E+00
-0.540308701224928E+00 -0.178630931530203E+00  0.822287965180862E+00  0.586667225066621E+00  0.431566857158962E+00 -0.685252956822929E+00
 0.129012062052721E-01 -0.221558203815273E+00  0.975061803785072E+00 -0.182825626115336E-01 -0.188239932207327E-01 -0.999655643301023E+00
 0.721701005196049E-01 -0.185437148863734E+00  0.980002316534139E+00  0.831309474147354E+00  0.555795109924524E+00 -0.404400504894509E-02
-0.283144728198595E-01 -0.364465073507351E+00  0.930786495831463E+00  0.512366166231098E+00 -0.386314817743715E+00  0.766969212741481E+00
 0.200295640472076E+00  0.318784624245768E+00  0.926422160654831E+00  0.693521829475101E+00  0.628554098082717E+00  0.352061383603670E+00
-0.143157687695372E+00 -0.406118430426287E-01  0.988866297665359E+00 -0.502943716414464E+00  0.664583492197238E+00  0.552608722350752E+00
-0.151198619078100E+00  0.457465360609350E+00  0.876278735010403E+00 -0.431125663508494E+00  0.880845302488847E+00  0.195556169290800E+00
 0.333846624472582E+00 -0.197281239923485E+00  0.921751888363954E+00  0.889568542091260E+00 -0.204955824488461E+00  0.408241250892026E+00
 0.267356514777768E+00 -0.241476389839581E+00  0.932850281211261E+00  0.619070074071372E-01 -0.238676279522552E+00  0.969123911596017E+00
 0.144129514344032E+00  0.338360045281283E+00  0.929913524394716E+00 -0.721375229447649E+00 -0.549863436301022E+00 -0.421032041249338E+00
-0.536938155489736E+00  0.212111450424553E+00  0.816520758938848E+00 -0.508889800853880E+00  0.278815067364250E+00  0.814428222004596E+00
 0.102637773288519E+00 -0.208800782147990E+00  0.972557309812004E+00  0.802478318212066E-03 -0.215488091554351E-03  0.999999654796656E+00
-0.452257606695972E+00 -0.169125531245540E-01  0.891726988899877E+00 -0.259605474646621E+00  0.792748835690481E-01  0.962455448511055E+00
-0.132503290948981E+00 -0.134720500015823E-01  0.991091005789299E+00  0.494789970875755E+00 -0.868914798070708E+00  0.130368099821042E-01
-0.277950162358577E+00 -0.508824445433798E+00  0.814764623050012E+00 -0.289545300633219E+00 -0.903398651010793E+00  0.316282146560786E+00
 0.381909834087059E+00 -0.208206643559304E+00  0.900441487385696E+00  0.834647513314447E+00 -0.157303648346672E+00  0.527843812822351E+00
 0.127727188978399E+00 -0.434030821842827E-01  0.990859191637531E+00 -0.309065961604404E+00 -0.706587388823155E+00  0.636563031705126E+00
-0.177220674399659E+00 -0.351665117527876E+00  0.919197735897687E+00 -0.165652114109146E+00 -0.937484371842859E+00  0.306075856025220E+00
-0.372385836576145E+00  0.170557128909242E+00  0.912271371081939E+00  0.611321289508846E+00 -0.640667333357198E+00 -0.464576849361027E+00
-0.384964760333126E+00 -0.355879012024870E+00  0.851558724987220E+00 -0.655181683870489E+00 -0.347300729758686E+00  0.670909207143347E+00
 0.159512651399476E+00 -0.372051368095322E-01  0.986494547292834E+00  0.546578879830396E+00  0.540787219663857E+00  0.639375250671767E+00
-0.225119943445556E+00  0.279795322323440E+00  0.933292874005257E+00 -0.238597279451950E+00  0.624583046934756E+00  0.743617748389469E+00
-0.256278452940739E+00  0.740467433969240E-01  0.963762644197528E+00  0.845973115659482E-01  0.758157991646257E-02 -0.996386378129380E+00
 0.378217075433089E+00 -0.305739656310787E+00  0.873770625742135E+00  0.754090578535022E+00 -0.520763416857431E+00  0.400191033167523E+00
-0.187167911702394E+00 -0.139053629255806E-01  0.982229511728737E+00  0.236058859392786E+00  0.285041897358778E+00 -0.928992643486634E+00
-0.163788980308144E+00  0.116810316619608E+00  0.979555266363693E+00  0.614217852889308E+00  0.291634787550229E+00 -0.733270468437520E+00
