#          Em_x [n.u.]            Em_y [n.u.]            Em_z [n.u.]            En_x [n.u.]            En_y [n.u.]            En_z [n.u.]
 0.122503674293876E+00  0.324221501456187E+00  0.938015601031238E+00  0.382814582557882E+00  0.425679276372476E+00  0.819908622376933E+00
-0.747404974733749E-01 -0.132742109538131E+00  0.988328584223283E+00  0.125877638136912E+00  0.278350561414343E+00 -0.952195245302870E+00
-0.303056464365307E+00 -0.291978381551425E+00  0.907141336348978E+00 -0.315696132225729E+00 -0.772854947740397E+00  0.550482680791052E+00
 0.327463369355559E+00  0.957549973822888E-01  0.939999320322426E+00  0.608038778728256E+00  0.746025497270042E-01  0.790394397207420E+00
 0.209683721663400E+00 -0.508172890542481E-01  0.976447817347431E+00 -0.212796362818289E+00  0.537842335665879E+00 -0.815747099251220E+00
 0.922725164863374E-01  0.819949400384649E-01  0.992352060767431E+00 -0.691070502771427E-01  0.429397399026697E-01 -0.996684701567694E+00
 0.991411181522604E-01  0.219766661098744E-01  0.994830671440228E+00  0.772727926651054E-01  0.307666223542354E+00  0.948351417147105E+00
 0.230443991130886E-01  0.999585316606687E-01  0.994724709463759E+00 -0.214913321404292E+00 -0.173093998769577E+00  0.961171541335330E+00
 0.261650024550702E+00 -0.200871477258063E+00  0.944028555858762E+00  0.772985995012413E+00 -0.629531698766227E+00 -0.786288227253762E-01
 0.124796515626111E+00 -0.148997438669136E+00  0.980930982769746E+00  0.198500787289871E+00  0.415248846508056E+00  0.887787042549636E+00
 0.270295057132087E-03  0.115905668244287E+00  0.993260188978410E+00  0.652438095129938E+00 -0.610473798498917E+00 -0.449050412948838E+00
-0.757113916895148E-01 -0.334333157947804E+00  0.939408923028244E+00 -0.624912775219146E+00 -0.308116877011461E+00  0.717320021656032E+00
 0.413361632767153E+00  0.250984799361335E+00  0.875293545643759E+00 -0.498966101815584E+00 -0.910674174505330E-01 -0.861823389516582E+00
 0.207104829329146E+00  0.632787679101633E-01  0.976270140483830E+00 -0.375291588624203E+00 -0.564879842404650E+00 -0.734892500405889E+00
 0.212864006499423E+00 -0.724774776384580E-01  0.974390029696620E+00  0.389306578432860E+00  0.381904314003008E+00  0.838206110055749E+00
-0.180895562993285E+00 -0.700892792742122E+00  0.689946438770062E+00  0.163236022219016E+00 -0.972483547434730E+00  0.166221993186452E+00
 0.287926193580835E-01  0.791298228993170E-01  0.996448421243380E+00  0.680152028197770E-01  0.701841067248017E-01  0.995212602084914E+00
 0.200655314273462E+00 -0.932565317701890E-01  0.975213137799124E+00 -0.760283396629244E+00  0.103122932989787E+00 -0.641353894118905E+00
-0.224843769684460E+00 -0.202207252175822E+00  0.953182829472701E+00  0.596378724170482E+00  0.188525485326244E+00 -0.780250318000123E+00
 0.152370564469937E+00 -0.224497273048626E+00  0.962488537841799E+00 -0.315737464531858E+00  0.370843725517314E-01  0.948121618150034E+00
 0.421512610836628E-01  0.173074179583248E+00  0.984006402189865E+00  0.820011140813954E+00  0.343741752189104E+00  0.457627945762672E+00
 0.134147855909407E-01  0.230501693217669E+00  0.972979451453799E+00  0.111110444607410E+00  0.573888963112158E+00  0.811360540769143E+00
-0.259349544524869E+00 -0.332172252582021E+00  0.906862397703934E+00 -0.642964878941815E+00 -0.765880078616854E+00 -0.488565504097494E-02
 0.389898350178787E+00  0.132039803477098E+00  0.911342288509421E+00 -0.897258293785399E+00  0.974500404481909E-01 -0.430617050115251E+00
-0.279335246188303E+00 -0.857610749907045E-01  0.956356031116738E+00 -0.658051345179298E+00 -0.699639435191306E-01  0.749715595219260E+00
-0.382770450254380E+00  0.420947227964622E-01  0.922883967097028E+00  0.620079174224067E+00 -0.172707787215133E+00 -0.765293301897287E+00
-0.188983333719385E+00 -0.213590669902417E+00  0.958469783199734E+00  0.707440768540457E+00  0.449651287354068E-01 -0.705340836904185E+00
 0.309054562414277E+00  0.228245475921397E-01  0.950770381047987E+00 -0.625539250541421E+00 -0.306364723107926E+00 -0.717524426390545E+00
 0.427005875348128E+00 -0.395374706112935E+00  0.813231101338537E+00  0.607419497184539E+00 -0.106805706966086E+00  0.787168403456056E+00
-0.606202199097136E-01  0.114165954235251E+00  0.991610469807400E+00 -0.415701030987900E-02 -0.648129282507286E-01 -0.997888773159038E+00
-0.795803216403073E-01 -0.393749735693162E+00  0.915766410199233E+00  0.308762345772389E-01  0.686850564469841E+00 -0.726142520601701E+00
-0.162834148889203E+00 -0.125030706857662E+00  0.978699321701105E+00  0.864163303520827E-01 -0.158616719808214E+00  0.983551195437107E+00
 0.241580368857854E+00  0.482437948200283E-01  0.969180819890626E+00  0.169357893633436E+00  0.739173630894265E-01  0.982778778412493E+00
 0.369626671989425E-02 -0.188567873533894E-02  0.999991390876963E+00  0.331371332786001E-01 -0.480932254906219E+00  0.876131323825884E+00
-0.317251778723009E-01 -0.229647709173195E+00  0.972756620517421E+00  0.844173660501556E+00  0.373385790993764E+00 -0.384647737546140E+00
-0.128867756515489E+00  0.505047902549925E+00  0.853416497063764E+00 -0.582899406293863E+00  0.632096782978463E-01  0.810081982710234E+00
 0.594992239143164E-01 -0.113869129834829E+00  0.991712490404479E+00  0.406062614858870E+00 -0.471585227161063E+00  0.782764668554621E+00
 0.236249377736374E+00  0.401758701648739E+00  0.884746391441466E+00  0.337176073404625E-01 -0.602219868126637E+00 -0.797617924440500E+00
-0.101359719196253E+00 -0.117831428849362E+00  0.987847134783401E+00 -0.927925210427582E-02  0.618431019442317E+00 -0.785784302255983E+00
-0.214878603589817E+00  0.877863618618857E-01  0.972687380606094E+00  0.147899586105955E-02  0.117225714983816E+00 -0.993104196103196E+00
-0.169856820553921E-01  0.179918639512544E+00  0.983534834035413E+00  0.420562650041258E+00 -0.347023622520961E+00  0.838273024021830E+00
-0.276632520220642E+00  0.263371770858048E+00  0.924180587910973E+00 -0.986218967312041E+00  0.117852064751843E+00  0.116116490421035E+00
 0.141256043909029E+00  0.915311427409529E-01  0.985732610786366E+00  0.827240877309659E-01 -0.399065276125201E+00 -0.913183240483637E+00
 0.114104570979623E+00 -0.197123585805746E+00  0.973715789540583E+00 -0.685171149608493E+00  0.728034882349436E+00 -0.224879040068009E-01
-0.267383206706091E+00  0.221827224261575E-01  0.963334909362955E+00 -0.104778387473638E+00 -0.126958520501356E+00 -0.986358466071302E+00
-0.102940879677330E-01  0.758388053514018E-01  0.997066952293468E+00  0.140730764932033E-02  0.871372001596363E-02  0.999961044525567E+00
 0.242166021751132E-01  0.225409580311801E-02  0.999704193864966E+00  0.229157402434693E-03 -0.207383727340409E-01 -0.999784910559881E+00
-0.113330550051729E+00 -0.369453097053645E+00  0.922312634361279E+00 -0.169687831041798E-01 -0.999128918062417E+00  0.381243425043322E-01
-0.487446870104559E-01 -0.140338191705825E+00  0.988903002036596E+00  0.100266223102287E-01 -0.363401148931973E+00  0.931578806006218E+00
 0.254729355349784E-01 -0.133783622233039E+00  0.990683133992619E+00  0.683804249710786E-01  0.295226594250348E+00 -0.952977111754587E+00
-0.338293469612952E+00  0.695635630200197E-01  0.938466003176029E+00 -0.978880981750758E+00  0.204037835648285E+00 -0.126722212194644E-01
 0.261644028973081E+00 -0.244796732360252E+00  0.933604285513127E+00 -0.959937493876171E+00 -0.220391604973515E+00 -0.173053599523196E+00
 0.257353132653489E+00 -0.109950970469587E+00  0.960041743470684E+00  0.185304039605913E-01  0.592860473529072E-01  0.998069030036663E+00
-0.915599664785042E-01 -0.148614195915169E+00  0.984647446201402E+00 -0.198783239039513E-02 -0.104796031142062E-02 -0.999997475147599E+00
-0.353562919483221E+00  0.324348090302956E+00  0.877377671406862E+00  0.605384678592187E+00  0.290465654058701E-01 -0.795402846338858E+00
-0.131397388903988E+00 -0.125029277398137E+00  0.983413649479462E+00 -0.553060551796373E+00 -0.391022185346571E+00  0.735680417445974E+00
 0.954909232274576E-01  0.348226936447798E+00  0.932533905181655E+00  0.190062148972003E+00 -0.537237099795779E+00 -0.821737596883071E+00
-0.168730444523468E+00  0.113433037363046E-01  0.985596959487629E+00  0.655714796549530E+00 -0.972712104252426E-01 -0.748716513246780E+00
-0.143131793298985E+00  0.321451235836638E-01  0.989181470093737E+00  0.221730464231001E+00  0.873725215438038E+00  0.432943240090036E+00
-0.143601257018130E+00  0.435208781993498E+00  0.888803687581543E+00 -0.147590971182106E-01 -0.176957157741607E-01 -0.999734480097338E+00
 0.623946101284793E-01 -0.243170346896859E+00  0.967974738832051E+00  0.690713358160914E-01 -0.224521587128691E-01 -0.997359038229319E+00
-0.326802549906663E+00 -0.104974112914997E+00  0.939244658750963E+00  0.482498137018023E+00  0.201992593298142E+00 -0.852287826985009E+00
 0.126559484401235E+00 -0.827923140205438E-02  0.991924468513347E+00 -0.457521422652700E+00  0.673786699895423E+00  0.580246181252306E+00
 0.171740025153501E+00 -0.311776033555835E+00  0.934505788457442E+00  0.538425818544789E+00 -0.731528244217891E+00  0.418287061520988E+00
 0.197455649274077E+00 -0.795591104797838E-01  0.977078100516749E+00  0.366367356697738E+00 -0.510688176589856E+00  0.777799811158142E+00
 0.160357755894423E+00  0.398476646482853E+00  0.903051356420156E+00 -0.502139485180032E+00 -0.385374067944221E+00 -0.774172309747162E+00
 0.229250263989518E+00  0.344005881975387E+00  0.910551629303398E+00  0.442634621128190E+00  0.173627038888184E+00  0.879731915725253E+00
 0.861316340297901E-01 -0.223987798370511E+00  0.970778454540731E+00  0.865949497248191E+00 -0.482252321797986E+00  0.132529869599486E+00
-0.307821070183178E+00  0.258291831397981E+00  0.915713666264930E+00 -0.612983615438217E+00  0.472265256451976E+00  0.633416620205565E+00
 0.140435569939772E+00  0.454652150311974E+00  0.879527869321029E+00  0.116223318252562E+00  0.886416356455060E+00  0.448060468355889E+00
 0.154170521367174E+00 -0.240705413024607E+00  0.958275719447189E+00  0.221795315158263E+00 -0.168162807817354E-02 -0.975091795833015E+00
 0.127233701610528E+00  0.367266993662491E+00  0.921372096680054E+00 -0.164017007350025E+00  0.283993564049934E+00  0.944693641811015E+00
 0.144894631002451E+00  0.542550834919533E+00  0.827432255495748E+00 -0.441035023494052E+00 -0.721364884838279E+00 -0.533967050457102E+00
-0.190905174144663E+00 -0.184856111270593E+00  0.964045347797867E+00 -0.354778955217189E+00 -0.237688665614790E+00  0.904232266164651E+00
 0.344916152099633E-01 -0.225375901145400E+00  0.973661148276497E+00  0.118432330827665E+00 -0.940718240331989E+00  0.317841116473958E+00
 0.332786556940364E+00  0.111115944191043E+00  0.936432781605979E+00 -0.908447617153735E+00 -0.168258095935447E-01 -0.417659932264542E+00
 0.484604172246039E-02 -0.727897506074062E-01  0.997335534354480E+00 -0.548970274185920E+00 -0.137055446436367E+00 -0.824528618461703E+00
-0.175356657539953E+00  0.153471706702043E-01  0.984385344775528E+00  0.506525075246062E-01 -0.140242988273818E+00 -0.988820624644075E+00
 0.418487111965071E+00  0.605917967955806E-01  0.906199299977779E+00  0.884113464607410E+00 -0.283280676014034E+00  0.371611948538949E+00
-0.952979334590724E-01  0.319272482887275E-01  0.994936658634679E+00 -0.270834096627765E+00 -0.185523546099970E+00  0.944579221635917E+00
-0.180960496866385E+00 -0.561191560975042E-02  0.983474354000683E+00 -0.112774567836443E+00 -0.126704479051196E+00 -0.985508940516355E+00
-0.237543975713435E+00 -0.807596884960302E-01  0.968013807916127E+00  0.606652138563127E+00  0.154261385667706E+00 -0.779856786640126E+00
-0.335006126355855E+00  0.126229818985263E+00  0.933722082904219E+00  0.397401105292010E+00 -0.302179413277297E+00 -0.866464057941284E+00
 0.129140655283861E+00 -0.171009475242515E+00  0.976769394755044E+00  0.116309557958497E+00 -0.321211073777175E+00  0.939838035413769E+00
 0.341226506920078E+00 -0.891320374770715E-01  0.935745665696779E+00 -0.694831529624660E-04  0.975497105246077E-02  0.999952416723844E+00
-0.203052318257957E+00 -0.128642354232426E+00  0.970680637876129E+00 -0.523256431119637E+00 -0.208271955464480E+00  0.826332560086399E+00
 0.108401487375566E+00  0.388872718768492E+00  0.914891865813860E+00 -0.441067786102427E+00 -0.756739689164030E+00 -0.482497928396207E+00
-0.269701558698914E+00 -0.209571888403503E+00  0.939862060531420E+00  0.699971435665430E+00  0.641356833922139E+00 -0.314167790891821E+00
 0.159317064228292E-02  0.643729691734035E-01  0.997924637759337E+00  0.225990306652348E+00  0.829971627140409E+00  0.509975959669747E+00
-0.815295067614285E-01  0.386087836487342E+00  0.918852067551552E+00  0.462630359064541E+00  0.786717465401199E+00  0.408716014494816E+00
 0.163190452590274E+00  0.206717046456747E+00  0.964695257004812E+00 -0.411065483773914E+00  0.564072309776665E+00  0.716133784563286E+00
-0.249334130794830E+00  0.135787208257354E+00  0.958850522915048E+00  0.122955358556724E+00  0.745513034607881E+00 -0.655051368239115E+00
 0.199052903348856E+00 -0.151674099404209E+00  0.968180204940337E+00  0.185636214929647E-01  0.107394524636125E+00 -0.994043162058493E+00
-0.542305845045986E+00 -0.393015341312104E+00  0.742592291854884E+00  0.757930339854770E+00  0.649785561921079E+00 -0.576222478435280E-01
 0.298469256194909E+00 -0.289152416296236E+00  0.909564172148676E+00 -0.280563978854773E+00  0.930328348636250E+00 -0.236163116283906E+00
-0.217982742242558E-01 -0.521719557722404E+00  0.852838518320311E+00  0.318879861166154E+00 -0.896225602718904E+00  0.308375263556906E+00
-0.543103107036364E+00  0.112192716794722E+00  0.832136893441017E+00  0.915455356223058E+00  0.887883995563809E-02 -0.402321584014027E+00
-0.449962963711143E-01  0.519492599150424E-01  0.997635508443421E+00 -0.106830036698463E+00 -0.703349196200360E-01 -0.991786439885648E+00
 0.153936918231811E+00  0.111836563430014E+00  0.981731128306247E+00 -0.234600744886493E+00 -0.414774539226474E+00 -0.879161289018215E+00
 0.417864283699734E+00  0.123095986096034E+00  0.900131556282277E+00  0.630418800465498E+00 -0.377713358994694E-01  0.775335709356929E+00
-0.104383209984071E+00 -0.122947879004868E+00  0.986908285770074E+00 -0.298358567803279E+00  0.160939670187378E+00 -0.940787216950971E+00
-0.161378350547363E+00 -0.134851795346210E+00  0.977635934930031E+00 -0.311335692524156E-03  0.195871492460238E-02  0.999998033251031E+00
-0.182685610972367E+00 -0.236345891818694E+00  0.954340917578241E+00 -0.612559751283798E+00 -0.711318239718396E+00  0.344669280544486E+00
 0.747682992448390E-01  0.135255472781466E+00  0.987985657036931E+00 -0.449396605606214E+00  0.501195904553353E-01 -0.891925286961976E+00
-0.346857785144434E+00 -0.196011241932704E+00  0.917207321122491E+00 -0.649298961805596E+00 -0.423210993981650E+00  0.631904512383983E+00
-0.219754502892051E+00 -0.371674470833791E+00  0.901978961056791E+00 -0.105950062815717E+00 -0.441770135915085E+00  0.890850004884612E+00
-0.296229368988340E+00 -0.244200297691072E+00  0.923371201389973E+00  0.899246724964166E+00  0.435873742547784E+00 -0.370055157862983E-01
 0.522628614712540E-01  0.186613550620260E+00  0.981042290645891E+00 -0.132040870367968E+00 -0.941094625348616E+00 -0.311297469781586E+00
 0.210944493458066E+00  0.177488508437048E+00  0.961249317322261E+00 -0.454173350145274E+00 -0.513079333409221E+00 -0.728337947416010E+00
 0.330275313946874E+00 -0.173805317577518E-01  0.943724607135531E+00 -0.909078590185774E+00 -0.137579448799521E+00 -0.393253114588893E+00
-0.586247915178978E+00 -0.360094772932654E+00  0.725703201353613E+00  0.815762412281126E+00  0.527618504772623E+00 -0.236960756520525E+00
 0.447648380278224E-01  0.216273440691278E+00  0.975306058695371E+00  0.190693791175557E+00 -0.660489855617465E+00 -0.726215552459126E+00
-0.449432367896094E+00 -0.242837489099055E+00  0.859674648093903E+00  0.641117538203443E+00  0.278637356974907E+00 -0.715073091023565E+00
 0.352207822102304E+00 -0.334573180498963E+00  0.874076905621445E+00 -0.797779428216865E+00  0.600494729241240E+00 -0.543513023529485E-01
-0.189835016496253E+00 -0.134727035613011E+00  0.972528299015920E+00  0.226578313742042E+00  0.159924277975983E+00 -0.960773903192459E+00
 0.756802703197300E-01 -0.305288431278905E-01  0.996664681034502E+00  0.109870806661726E-01 -0.338924851488471E-01  0.999365090199207E+00
-0.342594909403769E-01 -0.145800817316642E+00  0.988720591952198E+00  0.903165132881315E-01  0.259325636503731E+00 -0.961557664250777E+00
-0.417829177407645E+00 -0.350306554270970E+00  0.838274475659166E+00 -0.567999427347806E+00 -0.821375117700656E+00  0.521494636098748E-01
 0.244591426839581E-01 -0.989009714376729E-01  0.994796636598582E+00  0.137595561353408E+00 -0.276276859157196E+00 -0.951177459042252E+00
 0.852441227388514E-01 -0.405208254733563E+00  0.910241566747126E+00 -0.373173838396200E+00  0.612562060446634E+00 -0.696784764786101E+00
 0.121616786029099E+00  0.392495200673360E+00  0.911678054361479E+00 -0.240251786012761E+00 -0.793395788634462E+00 -0.559287226650831E+00
 0.320937941015091E+00  0.272277954613095E+00  0.907118268721727E+00 -0.428298327728067E+00 -0.600562490150838E+00 -0.675192741288861E+00
-0.901053984081723E-01  0.112756198661115E+00  0.989528704404880E+00 -0.119229575745244E+00  0.323232060626674E+00 -0.938778644436825E+00
-0.140435547166011E+00 -0.324971596440572E-01  0.989556361056434E+00  0.372415431063430E+00  0.101481259792893E+00 -0.922501111444689E+00
 0.133777981777663E+00 -0.327682665146447E+00  0.935268690031916E+00 -0.262141411913102E+00  0.207827572154247E+00 -0.942385048911896E+00
 0.129415602434124E+00  0.657383942873824E-02  0.991568649404456E+00  0.229339271392041E+00  0.521378823705665E-01  0.971949144667189E+00
-0.245930984517495E+00  0.239729895562507E+00  0.939173853995013E+00 -0.330132233001724E+00  0.942191995369362E+00  0.573319509104223E-01
 0.328109809770961E+00 -0.151564549110739E+00  0.932401276374567E+00  0.622907829625908E-02  0.132448627380047E-01 -0.999892880360007E+00
-0.273553317917256E+00 -0.823097177947415E-01  0.958328593235645E+00 -0.688995815758711E+00 -0.718597495330675E+00 -0.943525599624515E-01
-0.731641010539280E-01 -0.894834506404612E-01  0.993297400771011E+00  0.475167984076279E-01 -0.154783955625306E-01 -0.998750505952262E+00
-0.120982246204194E+00  0.123867416284362E+00  0.984896014453518E+00 -0.245039528908480E-01  0.148392451303041E+00  0.988624922146411E+00
 0.402006616446010E-01 -0.222604986069991E+00  0.974079528057189E+00  0.136985863964828E+00  0.138973809021813E-01  0.990475509983901E+00
 0.147770664106274E-01  0.635980985496390E-01  0.997866183498151E+00  0.345993636427818E-01  0.380330654180020E-01 -0.998677310231100E+00
 0.800411032562035E-01  0.140201095489931E+00  0.986882502941942E+00  0.761350861354286E-01  0.752244369960958E-01 -0.994255868847537E+00
 0.416707990425945E+00  0.511838326361653E+00  0.751249611236154E+00 -0.462288973026672E+00 -0.765485961633796E+00 -0.447571388673949E+00
-0.305049618866799E-01  0.311508980361368E+00  0.949753442981132E+00 -0.662651705301256E+00  0.506980200447264E+00  0.551238418305355E+00
 0.928777029396900E-01  0.154189374015832E+00  0.983666289570428E+00 -0.569054357200223E-01  0.159746080981387E+00  0.985516596002626E+00
 0.573535273652293E+00  0.178773868505266E+00  0.799435547005668E+00  0.796967418739111E+00  0.437887015801034E+00  0.416050351353276E+00
 0.981809190274824E-01  0.726763521595658E-01  0.992511287077229E+00 -0.601904845754213E+00 -0.798536106067028E+00 -0.711645732823364E-02
 0.604865854992669E-01  0.512080220442368E+00  0.856805240884027E+00 -0.149279363202386E+00  0.919702792971876E+00  0.363128688375926E+00
-0.173679310133128E+00  0.176849593346514E-02  0.984800675088017E+00 -0.640507026463700E+00 -0.754171302133354E+00  0.144832303334271E+00
 0.164659801071660E+00  0.695675755543319E-01  0.983894050364435E+00  0.843408247909645E+00  0.470619983545505E+00  0.259189811616142E+00
 0.277653455840718E+00 -0.119590911805462E+00  0.953208567037270E+00  0.583593467841070E+00 -0.326607364061291E-01  0.811388896023752E+00
-0.493223130050525E+00 -0.285026115092168E+00  0.821882630123443E+00 -0.698450516591062E+00 -0.656664536363048E+00  0.284532181935157E+00
 0.479998072509870E-01  0.175841279594974E+00  0.983247610164536E+00 -0.581166979534902E-01  0.441961203824987E-01 -0.997331014439097E+00
 0.105114427795038E+00 -0.484929987769499E-01  0.993277094339208E+00 -0.564133254063273E-01 -0.838065433317386E-02  0.998372326013471E+00
 0.151261074886094E+00 -0.543815210794133E-01  0.986996827446468E+00  0.481794808124171E+00 -0.145580668075446E+00  0.864106493406513E+00
 0.666971458792766E-01  0.855779571279136E-01  0.994096526492962E+00  0.591006939734147E-01 -0.518934614811238E-01  0.996902290411336E+00
 0.130080882495916E+00  0.102364778763669E-01  0.991450542654433E+00 -0.353039207811397E+00 -0.384989525988053E+00 -0.852728786090510E+00
 0.512150538392373E-01  0.165544542272977E-01  0.998550433531266E+00  0.352136454197188E-01 -0.658174804934793E-01 -0.997210137552635E+00
-0.644055543205327E-01  0.208360936163294E-01  0.997706260266756E+00  0.189815955051965E+00 -0.712411925722298E-01 -0.979231635359376E+00
-0.219455236982111E-01 -0.217819680292976E-02  0.999756795149850E+00  0.218744897393949E-02 -0.620777058529119E-01 -0.998068922220818E+00
-0.204673776095417E-01 -0.821791950865371E-01  0.996407379714099E+00 -0.387353687596579E+00 -0.483875963214272E+00  0.784742743151405E+00
 0.264433840963854E-01 -0.236874772241103E+00  0.971180256035540E+00  0.693016612462865E-01 -0.978361509177121E+00  0.194951371139502E+00
-0.230281071758860E+00 -0.156572347671986E+00  0.960445588221464E+00 -0.171533453393898E+00 -0.118179146855247E+00  0.978064396456250E+00
-0.659782722616097E-02 -0.331129281380924E-01  0.999429838791105E+00 -0.138869442496963E+00  0.100613353086461E+00  0.985186394100772E+00
-0.261957278638056E-01 -0.145839042768244E+00  0.988961453973878E+00  0.661730875993335E+00 -0.683054021134417E+00  0.309110743859214E+00
-0.270857714158286E+00 -0.211530659570253E+00  0.939090452907877E+00  0.487519431901470E+00  0.794406163632026E-01 -0.869490650892983E+00
 0.394958821328059E-01 -0.137067779386429E+00  0.989773963664747E+00 -0.181443403268773E+00  0.244793473573452E+00 -0.952446558451491E+00
-0.291961928895156E+00  0.358490356513925E+00  0.886703386912635E+00  0.240940184460549E+00 -0.798249527779070E+00 -0.552037606429678E+00
-0.194466856687664E+00 -0.647419456951895E-01  0.978770209046853E+00 -0.377838048044892E+00 -0.543581107642301E+00  0.749505162666672E+00
-0.137011484848544E+00 -0.607015618261575E+00  0.782789813555411E+00  0.661711417168950E+00  0.520993213132997E+00 -0.539169799096366E+00
 0.236480243355713E+00  0.103534447235071E+00  0.966104400537618E+00  0.544231442758979E-01  0.980576256674998E-01  0.993691513204967E+00
 0.341017307423665E-01  0.944342376952620E-01  0.994946856224638E+00  0.374190777861903E-01  0.314199433909847E-01 -0.998805586575755E+00
 0.405941265375044E-01  0.225479836645299E+00  0.973401746534835E+00  0.130778393906938E-02  0.168527961839686E-02 -0.999997724764300E+00
-0.217273906641256E+00  0.643861232297529E+00  0.733644848027405E+00 -0.351142336347294E+00  0.857496525830740E+00  0.376030275127914E+00
-0.438216039119762E+00 -0.144503058158933E+00  0.887178431456099E+00 -0.312457459520429E+00 -0.839092000090154E+00  0.445303212850237E+00
-0.210592797299159E+00  0.295224892695725E-01  0.977127983609641E+00 -0.915049166322052E+00 -0.370427284804562E+00  0.159589003022255E+00
 0.485663900124330E+00  0.115534298205687E+00  0.866477006073528E+00 -0.509740570450598E+00 -0.515126916763066E+00 -0.689063720176064E+00
-0.142232866596016E+00  0.218371868359241E+00  0.965444736258464E+00 -0.466549273029318E+00  0.443565779044547E+00  0.765232759032452E+00
 0.192820934183557E+00  0.411784829028723E+00  0.890647709210755E+00 -0.917516980143363E+00  0.694964631704785E-01 -0.391577364968147E+00
-0.187359349894866E+00  0.169447829619976E+00  0.967565970383442E+00 -0.318696194376014E-01  0.324081947608888E+00  0.945492051045873E+00
 0.711031448563714E-01  0.129688931713692E+00  0.989002084822118E+00  0.213667121724379E-02  0.358713704973130E+00  0.933445184518384E+00
 0.225174007493108E-01 -0.545020444387340E-01  0.998259732642509E+00 -0.193539940404082E-01  0.201957327274613E+00 -0.979203074379762E+00
 0.120559738374167E+00 -0.994309706553144E-01  0.987713942170350E+00  0.190719397969447E+00  0.392864783794355E+00 -0.899601785732102E+00
-0.181690086937087E+00  0.179804885433474E+00  0.966777593597953E+00 -0.193679976653559E+00  0.203103205269468E-01  0.980854503748425E+00
 0.892091719017271E-02 -0.174750340260789E+00  0.984572361898923E+00 -0.973911558488798E-02  0.695975026414342E-01 -0.997527612276322E+00
-0.109985690394613E+00  0.935211808053415E-01  0.989523590749202E+00 -0.504458742911614E+00  0.798051020226781E-01  0.859739799236480E+00
-0.222979790834229E+00  0.223150482329119E+00  0.948938288360104E+00 -0.237317947814895E-01 -0.495089651859067E+00 -0.868517724942052E+00
-0.353040952207344E-01  0.139282250096521E+00  0.989623198833119E+00 -0.600901605244645E-01 -0.775355213623152E+00 -0.628660055447728E+00
 0.297631236514547E+00 -0.699155926357787E-01  0.952117354614025E+00 -0.799880329662533E+00 -0.358397921654365E-02 -0.600148825968969E+00
 0.162019651160769E+00  0.356054940820423E+00  0.920312181683535E+00 -0.519235176189245E+00 -0.669381311675427E+00 -0.531341219356647E+00
-0.777947915737533E-01  0.589473462260523E-01  0.995225190987900E+00 -0.152657824385649E+00  0.110800866345043E+00  0.982048245592358E+00
 0.239490753874252E+00 -0.194799597721082E+00  0.951155768282171E+00 -0.509076066524416E+00  0.642470248253284E+00 -0.572777040916788E+00
 0.140148027049340E+00 -0.449336185553377E-01  0.989110459169097E+00  0.769847776283048E-01 -0.499237243473375E-01 -0.995781585369408E+00
-0.208010627767714E+00 -0.207909495188104E+00  0.955774670383302E+00  0.188249528461945E+00  0.978160563167430E+00 -0.881137202587123E-01
 0.100261793697669E+00 -0.890913307118832E+00  0.442968454772021E+00 -0.572840424500607E-01  0.970157150854435E+00 -0.235613329687828E+00
 0.318794691340914E+00 -0.148812626344073E+00  0.936068772587480E+00 -0.112629182895663E+00  0.924575577738824E+00 -0.363970696910032E+00
-0.107929141756385E+00  0.198868103794674E+00  0.974065078756466E+00  0.481091047063172E-01 -0.546321589805217E-01 -0.997346901158009E+00
 0.235385897666661E-01 -0.200942339390451E+00  0.979320229052831E+00  0.288019911428920E-01 -0.581435127251362E+00  0.813082799045951E+00
-0.289397786008386E+00 -0.151569845361531E+00  0.945132532204096E+00 -0.623909158693727E+00  0.313547154297661E+00  0.715839048760212E+00
-0.325886501129472E+00  0.557910425165057E-01  0.943761276995678E+00 -0.808483095886436E+00 -0.528829244117079E+00  0.258253197913294E+00
 0.148183368295810E+00 -0.274999500881946E+00  0.949956295771121E+00 -0.302860688618178E-01  0.739436420242252E-04  0.999541269065582E+00
 0.272551371571344E-01  0.271683477781024E+00  0.962000647296744E+00  0.359848089906434E-01 -0.536968188855815E+00 -0.842834656192312E+00
 0.242116894182660E+00  0.462009868695108E+00  0.853185964945317E+00 -0.109357023171964E+00 -0.729881243816698E+00 -0.674769895155049E+00
-0.130107034436328E+00 -0.311335913101762E-01  0.991011028738992E+00  0.101763303852503E-01  0.105318300923927E+00 -0.994386493165704E+00
-0.309241450201844E-01 -0.107893560849625E+00  0.993681375885630E+00  0.134169209661287E+00 -0.705271632890849E-01  0.988445518183607E+00
-0.726771316429434E-01  0.747972363056632E-01  0.994546835486992E+00  0.891168759161774E+00 -0.252092435807323E+00 -0.377183836481357E+00
 0.123146088987211E+00  0.120574530927280E+00  0.985036457832308E+00 -0.265366763002979E+00  0.931033438846326E+00  0.250513905488907E+00
-0.693366325741642E-02 -0.373581586354443E+00  0.927571411078808E+00  0.840069672132446E-03 -0.902501571826293E-02  0.999958920843367E+00
-0.442782613284013E+00  0.100585477570616E-02  0.896628432311596E+00  0.854274065148933E+00  0.249434469356151E+00 -0.456068270230380E+00
-0.371830075886579E-02  0.276061354284703E+00  0.961132822720129E+00  0.341226349047563E+00 -0.489334511352165E+00 -0.802568573216899E+00
-0.242905830476424E+00  0.492875838815622E+00  0.835505933571005E+00  0.636862375829519E+00 -0.436370042373595E+00 -0.635600110424509E+00
 0.126518436274313E+00  0.631051051491891E-01  0.989954964120496E+00 -0.608692318726755E+00  0.412203534041245E-01 -0.792334868340581E+00
 0.346100222116495E+00 -0.125748084714915E+00  0.929732249328506E+00 -0.692176388618520E+00  0.171408694189375E+00 -0.701078388338506E+00
 0.558917769830049E-01 -0.274751243154083E+00  0.959889505959393E+00  0.489164641580064E+00 -0.293441010740144E+00  0.821346654369305E+00
-0.210750088201479E+00  0.334339066088971E+00  0.918586843586290E+00 -0.117763228628574E+00  0.186237927336694E+00  0.975421578808008E+00
 0.111842958487599E+00  0.122296564038043E+00  0.986171741159333E+00  0.165125036735931E+00 -0.629738857312771E+00 -0.759053814846723E+00
-0.249465276801501E+00  0.105700911381104E+00  0.962597731663416E+00 -0.899448283767308E+00  0.267969643637378E+00  0.345231885718718E+00
 0.112475091385875E+00  0.315617849593767E+00  0.942196755903747E+00 -0.854376206099476E-01  0.315416011186766E+00  0.945099546540755E+00
 0.141088734260855E+00 -0.153224431018934E+00  0.978067606458569E+00  0.947180757224121E+00 -0.316169650261133E+00  0.537155973446602E-01
 0.520144205211413E-01  0.124240520152329E+00  0.990887881251016E+00  0.636451183973954E-02  0.231434563755155E+00 -0.972829653993186E+00
 0.102588766197930E+00  0.583709697669698E-01  0.993009755711620E+00 -0.773661259907049E+00 -0.625937891508524E+00  0.982344689653299E-01
 0.916565227321367E-01 -0.799271499807760E-01  0.992577821904461E+00  0.226768682567840E+00 -0.300249397552522E-01 -0.973485730557536E+00
 0.113710279288400E+00  0.145481585220306E+00  0.982804701222954E+00 -0.171019411546619E-03 -0.443149428553259E-02 -0.999990166257028E+00
-0.358546678445090E+00  0.437451878106945E+00  0.824669711894829E+00 -0.342401805340799E+00  0.434568940223250E+00  0.833013109076083E+00
 0.917580424577555E-01 -0.617709026310467E-01  0.993863580795909E+00  0.581930690969283E+00  0.335788627217959E+00  0.740677169041339E+00
 0.238767819062024E+00 -0.275430061875379E+00  0.931197191574207E+00  0.788433305486838E+00 -0.608339992014657E+00 -0.910789597805398E-01
 0.181003429974640E+00  0.112954149283028E+00  0.976974471773527E+00 -0.766583860675403E+00 -0.430794072646504E+00 -0.476199172116702E+00
-0.373794343033199E+00 -0.110469668054968E-01  0.927445822482789E+00 -0.635247365219601E+00  0.302363718127661E+00  0.710659529550945E+00
-0.200288783936420E+00 -0.162101802934630E+00  0.966233620049837E+00 -0.796305119399908E+00 -0.595626639708756E+00  0.105484894116430E+00
-0.308079399193795E+00  0.212413985578197E-01  0.951123486609230E+00 -0.867409374959627E+00  0.467448192171543E+00 -0.170567182856803E+00
-0.304555605166250E-01 -0.325750097962421E-01  0.999005168940778E+00 -0.129763812324726E+00 -0.221398979040587E+00 -0.966511171736126E+00
 0.452557401627111E+00  0.376184674706527E-01  0.890941439791459E+00 -0.642191121098506E+00 -0.567443630312643E+00 -0.515362290432519E+00
-0.596624286552154E-01  0.213693696930162E+00  0.975077124385185E+00  0.996550248418730E+00 -0.573657795875073E-01 -0.599730748660110E-01
 0.860500067124814E-01  0.196090431188630E-01  0.996097827410915E+00 -0.824350382111928E+00 -0.436715813147764E+00  0.360174604960712E+00
-0.371943282921546E-02 -0.273868370279566E+00  0.961759991671437E+00 -0.478841413910221E+00 -0.768901630733120E+00  0.423675798908090E+00
-0.134665507418363E+00  0.176003140827157E+00  0.975134911451093E+00 -0.195340330453536E+00  0.406771949988035E+00  0.892400546840507E+00
-0.273322318657927E-01  0.474429542776192E+00  0.879869057327514E+00 -0.984707428599156E-02 -0.999951207950695E+00  0.785395411803455E-03
-0.119529505448796E+00 -0.250437821339294E+00  0.960725556530060E+00  0.624250456379557E+00  0.524439077465988E+00 -0.579029378992584E+00
-0.895437851602554E-01  0.206011749360932E+00  0.974443979746616E+00 -0.533646759046322E+00  0.773096437204110E+00  0.342845497770742E+00
 0.203606128827779E-01 -0.222050266123943E+00  0.974822611944001E+00 -0.759518610023784E-01  0.541300357539881E+00 -0.837391926004468E+00
-0.484361742626752E+00  0.280285648144164E+00  0.828754280667064E+00 -0.840076468274624E+00  0.504481705897470E+00  0.199423508809804E+00
-0.264164320039603E+00 -0.219256184395320E+00  0.939225179401840E+00  0.741024489989777E+00  0.615358448754370E+00 -0.268731622221884E+00
-0.171050381411236E-01  0.850805240517491E-01  0.996227244205493E+00 -0.643505023945469E-01 -0.571707388477005E+00 -0.817930116087170E+00
 0.102679786263758E-01  0.304033188752859E+00  0.952606103671238E+00  0.254930883140012E+00  0.715425482303075E+00  0.650520271853895E+00
-0.205943726308540E+00  0.165085162102515E+00  0.964538268213211E+00 -0.523501016173163E+00  0.527140086755382E+00  0.669380321641736E+00
-0.282939503560590E+00 -0.164033515975144E+00  0.945007006832076E+00 -0.478569081676776E+00 -0.427681657194796E+00  0.766850724823391E+00
-0.410044675423976E-03  0.111456231391536E+00  0.993769259107647E+00 -0.432338463788707E-01  0.404448965208978E-01  0.998245984150551E+00
-0.834995450553516E-01  0.305112096506538E+00  0.948648741390055E+00 -0.820474074682473E+00  0.253790579720416E+00  0.512262271125949E+00
-0.262441504980947E+00 -0.444887187691088E-01  0.963921786435818E+00 -0.678328613656122E+00 -0.424555911500534E+00  0.599685392439498E+00
 0.416649729670775E-01 -0.343069065446522E+00  0.938385659716357E+00  0.268149595284388E+00 -0.690570250936023E+00  0.671720569188540E+00
-0.103313570017189E+00 -0.260480077434690E+00  0.959935641337439E+00  0.334639388790115E+00  0.441607604462452E+00 -0.832465736923216E+00
-0.955125023267718E-01 -0.339265067332279E+00  0.935829351958626E+00  0.378182655620583E+00  0.881380643472275E+00 -0.283100759978071E+00
-0.109230664715682E+00 -0.245673890428955E-01  0.993712788124106E+00  0.936937666929984E-02  0.220940643194527E-01  0.999711992077057E+00
-0.177152141662484E+00 -0.402009769903761E+00  0.898334716910306E+00 -0.419759759318782E+00 -0.739964393333851E+00  0.525599125812347E+00
-0.296124012331864E+00  0.907571656829542E-01  0.950827905668357E+00  0.443883075722094E-01  0.218019567632250E+00  0.974934431785195E+00
 0.266282903423178E-01 -0.304468870802537E+00  0.952150009644317E+00 -0.182490673716103E+00  0.180183320830244E+00 -0.966556322674074E+00
 0.243711583590500E+00 -0.314654820940589E+00  0.917385964402474E+00  0.340811688855903E+00 -0.352092478534390E+00  0.871709974302633E+00
-0.370575768313119E+00 -0.369607348401557E+00  0.852093896203178E+00  0.456371719659944E+00  0.797530754790865E+00 -0.394549805040301E+00
 0.293276108662142E-01 -0.214406774378062E+00  0.976304064491014E+00  0.136895382506522E-01 -0.237522673443447E+00  0.971285527609035E+00
 0.343661865745213E+00  0.637315449326470E-01  0.936928392254721E+00 -0.317112134022660E+00  0.574201502527798E-01 -0.946648203294414E+00
 0.947431276494202E-01 -0.259114682917177E+00  0.961188493928187E+00 -0.267344080791074E+00 -0.681997865270565E+00  0.680739343825791E+00
-0.152479985261484E+00  0.133478499815735E+00  0.979251420311249E+00 -0.853065011202433E+00  0.138733122034375E+00  0.503024062558431E+00
-0.338379127728732E-01  0.274934446029848E+00  0.960867340503067E+00 -0.892902996418877E+00 -0.373823437690126E+00 -0.250958714572193E+00
-0.648833023040064E-01  0.115755974816196E+00  0.991156249728810E+00 -0.109782079026966E+00 -0.741162795502265E+00 -0.662288159102806E+00
-0.322202254126178E+00  0.134488268001844E+00  0.937069161378110E+00 -0.284512955747491E+00  0.292806202405498E+00  0.912861931424844E+00
 0.277371968084846E-01  0.141157075728032E+00  0.989598569059757E+00  0.449491718515388E+00  0.868458706690746E+00  0.209133138835338E+00
 0.140463187001629E+00 -0.476194794184678E+00  0.868048737738128E+00  0.297395492872635E+00 -0.836377834159259E+00  0.460465025106260E+00
-0.338433535527129E+00  0.112935343921987E+00  0.934188605220503E+00  0.615491823344721E+00 -0.277672485058277E+00 -0.737609521655837E+00
 0.222687480396947E-01  0.146218969540694E+00  0.989001575229889E+00 -0.540716768097265E+00 -0.796290161042862E+00 -0.271196158019949E+00
-0.395732821478192E+00  0.511422110929535E-01  0.916940569638749E+00 -0.245367004340461E+00  0.244543359259191E+00  0.938079729353118E+00
-0.313811275517136E+00 -0.154647172253524E+00  0.936806669207845E+00 -0.677912949009748E+00  0.400861660265055E+00  0.616233691787824E+00
 0.164095992737765E+00  0.593891751201881E-01  0.984654980714540E+00  0.343562554249384E+00 -0.699220225024663E-01  0.936523188226967E+00
 0.187009405570476E+00 -0.239896529124450E-01  0.982065160150444E+00 -0.169531066285855E+00  0.165695189077139E+00  0.971495919641803E+00
 0.723744933390828E-01  0.271539697266360E+00  0.959702102489311E+00 -0.654565229100927E+00 -0.671983368046671E+00 -0.346385210308846E+00
-0.132385950474429E+00 -0.827518998219993E-01  0.987737861577064E+00  0.526584887482381E+00  0.474259341318405E+00 -0.705539817053156E+00
-0.103062542219201E+00 -0.460795278137154E-02  0.994664204222953E+00  0.287975483509965E+00 -0.864458399204104E+00 -0.412045867522877E+00
 0.434537919175130E+00  0.376227614629098E+00  0.818308975136804E+00  0.569720544518673E+00  0.639752076158442E+00  0.515883496735755E+00
 0.169663556737530E+00  0.934781446708159E-01  0.981058670000970E+00 -0.129827302898387E+00  0.378697985087947E+00 -0.916369307382378E+00
-0.452871668526625E-01  0.333995330784396E+00  0.941486161094618E+00 -0.654789560308839E+00  0.735594306833252E+00  0.173642297453892E+00
-0.404129528403996E-01 -0.437985439567463E+00  0.898073241985093E+00 -0.965713676451322E+00  0.215709771245077E+00 -0.144452032537684E+00
-0.249449651153188E+00  0.197464985888122E+00  0.948041376147558E+00  0.312472773515151E+00 -0.348783189363589E+00 -0.883578549212866E+00
-0.108321174274226E+00 -0.386042322772204E+00  0.916099256757964E+00  0.317165441327134E+00  0.678164296029820E+00 -0.662947411502709E+00
 0.223690441607248E+00  0.125986074371117E+00  0.966483365298187E+00 -0.620285842768472E-01 -0.341182970078192E-01 -0.997491050858050E+00
-0.822177289110535E-01 -0.131882285796159E+00  0.987849840687282E+00 -0.488185837176241E+00 -0.854877092564110E+00 -0.175669419620112E+00
 0.215831024371414E+00 -0.718256890904919E-01  0.973785417484500E+00  0.302985104604039E+00 -0.509986284841089E+00  0.805055287332530E+00
-0.360320108772883E+00  0.472460641527585E-01  0.931631487572190E+00  0.940559886603552E+00 -0.116552809363045E+00 -0.319002417454626E+00
 0.139783402524863E+00 -0.339783554387787E-01  0.989598944896491E+00 -0.129579284461760E+00  0.120756702753190E-01  0.991495530613114E+00
-0.168798160069101E+00 -0.328689676263286E+00  0.929231014266755E+00 -0.419022552210194E+00 -0.899449711500294E+00  0.124138298769124E+00
-0.842402616208703E-01 -0.124766156696321E-02  0.996444690719290E+00  0.486085448385935E+00  0.628063271379426E-01 -0.871651479743416E+00
-0.111045857974012E+00 -0.182915646348284E+00  0.976837081476643E+00 -0.556003693467410E-01 -0.405356419368804E+00  0.912466312915172E+00
 0.481171693322176E+00  0.427323681343630E+00  0.765420324337156E+00  0.601336100788513E+00  0.364546011207809E+00  0.710986005207517E+00
-0.220099488782242E+00  0.109779072160510E+00  0.969280542646644E+00  0.738271500157897E+00 -0.586145511969615E+00 -0.333749353336432E+00
 0.225365507040058E+00  0.321588647252692E+00  0.919669032964991E+00 -0.149759691320452E+00  0.761730473926736E+00  0.630348094267726E+00
 0.703947724569412E-01 -0.101193373810675E+00  0.992373154165079E+00 -0.559563218419437E-01 -0.293153175486669E+00  0.954426584786909E+00
-0.255947081555441E-01 -0.503025787396782E+00  0.863892335958758E+00  0.227911180120994E+00 -0.806454601494021E+00  0.545607431863768E+00
-0.291710965584169E+00  0.135060793813091E+00  0.946923066849957E+00 -0.601574747353569E+00  0.553607803573004E+00  0.575869970713497E+00
 0.359242346267119E+00  0.199866825219259E+00  0.911591020592716E+00 -0.996086295874762E+00  0.365012850398407E-02 -0.883106320462042E-01
-0.348729999456185E+00 -0.114039876246665E+00  0.930259261767887E+00 -0.625316884077341E+00 -0.495641626796201E+00  0.602758801076036E+00
 0.209670521015666E+00 -0.194499202066312E+00  0.958231878520323E+00 -0.114278736319112E+00 -0.348744311166636E-01 -0.992836413755859E+00
 0.270869008206068E+00 -0.202050818843325E+00  0.941172379003019E+00 -0.975135601054255E+00  0.745826438983335E-01 -0.208681548742793E+00
-0.143329284962400E+00  0.146254893969220E+00  0.978808572736375E+00 -0.852123878258308E-01 -0.727621603895315E-01 -0.993702428786641E+00
 0.545297880276930E-01 -0.475189504170434E-01  0.997380795668794E+00  0.174671039846051E+00 -0.560087582294357E+00  0.809809809769406E+00
-0.587308039693704E-01  0.220861701902246E+00  0.973535208042295E+00  0.384900592481760E+00 -0.144039206390568E+00 -0.911649187423301E+00
-0.599681242628198E-01  0.150734466157698E+00  0.986753740699549E+00  0.593641278213061E+00 -0.544468629020593E+00 -0.592573999441420E+00
 0.437005089592838E+00 -0.420300213425399E+00  0.795219644038375E+00  0.322010155765234E+00 -0.946730239088405E+00 -0.336362596919009E-02
-0.465458262942710E-01  0.494690113688836E+00  0.867822088606363E+00 -0.465190884309192E-01 -0.959550415743560E+00 -0.277667020112072E+00
-0.251267106157945E+00  0.469384696541346E-01  0.966778993063844E+00 -0.349023629719453E+00  0.209317699067649E+00  0.913437795777295E+00
-0.238402179805008E+00 -0.431240834722201E-01  0.970208593081355E+00 -0.108529383700775E+00 -0.871640894287692E+00 -0.477978581401807E+00
-0.613453150356999E-01 -0.106098685275343E+00  0.992461496132729E+00 -0.892038207765527E-01 -0.471391113869403E-01  0.994897272353540E+00
 0.243191572072007E-01  0.578410257412413E-01  0.998029555841876E+00 -0.389317875769045E+00 -0.170051959398176E-01  0.920946477770411E+00
-0.197970646780279E+00  0.501697999557833E+00  0.842084758354565E+00  0.620764386290232E+00 -0.550553702836566E+00 -0.558159651897786E+00
-0.310478424826012E+00 -0.747367132312609E-01  0.947637890448111E+00 -0.641640041753121E+00 -0.686006736434798E+00  0.343063863420690E+00
-0.192947982125406E+00 -0.343627185225787E+00  0.919070962313322E+00 -0.304376987633565E-01 -0.534525063124732E+00  0.844604347245202E+00
 0.153088169052367E+00 -0.257252778563307E+00  0.954140985608339E+00 -0.194015671458675E+00  0.744066644819429E+00 -0.639314278970521E+00
-0.271953977823476E-01  0.592787694839341E-01  0.997870952492320E+00 -0.274346424515412E-01 -0.561098766459259E-02  0.999607851715353E+00
-0.458518857915040E-01  0.547845639538231E-01  0.997444863700121E+00 -0.985800759199120E+00 -0.156825287035831E+00  0.600224333775915E-01
-0.350516692448561E+00 -0.139637705860701E+00  0.926088202827831E+00  0.795479689950072E+00  0.234622515363045E+00 -0.558716688637143E+00
 0.296983115069864E+00 -0.183504255045672E+00  0.937084424021407E+00  0.924183669722161E+00  0.955199425346055E-01  0.369811418424399E+00
 0.277966289480129E+00  0.700642112065864E-01  0.958032227130511E+00  0.858059226545522E+00  0.185393789471644E+00  0.478919102318381E+00
 0.919013582369530E-02  0.901969698969916E-01  0.995881543169138E+00  0.676944351601794E+00  0.731162316316407E+00  0.845459167154278E-01
-0.328660634823405E+00 -0.145380786882705E+00  0.933191627653636E+00  0.634540869098663E+00  0.253682049024694E+00 -0.730070752356336E+00
 0.105502585038816E+00 -0.432302314820251E-01  0.993478913533719E+00 -0.677076769434379E+00  0.674324084613242E+00 -0.294710157956623E+00
 0.545308491465883E-01  0.395553150583497E-01  0.997728301463874E+00  0.436837765817285E+00 -0.752442548772908E+00  0.492953321473639E+00
 0.367301716736938E+00  0.170480281863187E-01  0.929945597127626E+00 -0.659708169867537E+00 -0.606826556924229E-01 -0.749067918087632E+00
-0.338915784187832E+00  0.100492822440351E-02  0.940816178298190E+00 -0.666056942323456E+00 -0.105842800152502E+00  0.738353202226825E+00
-0.590339942451370E-01 -0.690160636971011E-01  0.995867345822335E+00 -0.412751841650465E+00 -0.910714491839718E+00  0.153307392931244E-01
 0.373705175210264E+00  0.133086333146724E+00  0.917950145678198E+00  0.394321914866056E+00  0.125287693614570E+00  0.910391795484290E+00
 0.437073533785529E+00 -0.296432852363936E+00  0.849172709231527E+00  0.862770595349974E+00 -0.464312392424247E+00  0.200102228974900E+00
-0.124276660383371E+00 -0.264711684595679E-01  0.991894444446757E+00  0.501326860852721E-01  0.193298384018546E-01 -0.998555492265319E+00
 0.153045400481279E-01  0.100601348257518E+00  0.994809097155170E+00 -0.194566698914351E+00  0.980815965537727E+00  0.119933906744249E-01
-0.243214037642110E+00  0.898889352342153E-01  0.965798587292548E+00 -0.990787571490965E+00 -0.520431968190576E-01  0.125025972677236E+00
 0.319422171092933E+00  0.408544212200436E-01  0.946731425949858E+00  0.841175273213123E+00  0.341799161381514E+00  0.419043545486292E+00
 0.335594098495841E-01 -0.397952951234939E-01  0.998644131057997E+00 -0.170593031920230E+00 -0.783194787229237E-01 -0.982224046087670E+00
 0.234371788492873E+00 -0.333033235647647E+00  0.913322904953506E+00  0.715342781523444E+00 -0.282802663005716E+00  0.638989325982193E+00
-0.154724420364941E+00 -0.167018224503735E+00  0.973737781143544E+00 -0.907662542180043E+00 -0.415348858044239E+00  0.602829631372593E-01
 0.913281710412741E-01 -0.503350678873188E+00  0.859242258767663E+00  0.140804689834067E+00  0.641401998129500E+00 -0.754173399236686E+00
-0.494310565765875E-02  0.298455559209209E-01  0.999542299504242E+00  0.270671642623800E+00 -0.595988287556026E-01 -0.960825083712064E+00
 0.192636487996198E+00  0.488164381068205E+00  0.851226597651170E+00 -0.383010935342249E+00 -0.832255320938349E+00 -0.400816297295984E+00
 0.255992852026062E-01  0.309288954211228E+00  0.950623489821307E+00 -0.848206721602499E+00  0.526802613314522E+00 -0.549942181809228E-01
 0.320754128509751E+00  0.378411753418834E-01  0.946406273485492E+00  0.422635982860045E+00 -0.325379681921388E-01  0.905715245879107E+00
-0.116579929607809E+00 -0.241220334924384E+00  0.963442717566336E+00 -0.214527976473142E+00 -0.950500903234909E+00  0.224779403549259E+00
 0.346499624005807E-01  0.185066109929286E+00  0.982115021299074E+00 -0.741728499530877E+00 -0.577756250715005E+00 -0.340641377027827E+00
 0.129157446359772E+00 -0.569018318844245E-01  0.989990169435040E+00  0.635755023453792E-01 -0.381687882940167E+00  0.922102226175702E+00
 0.229960963724348E+00 -0.255725992105763E+00  0.939000624134240E+00  0.553353215234877E+00 -0.524114828363009E+00  0.647382318170058E+00
 0.104707772130431E+00 -0.259252630259296E+00  0.960116845055391E+00  0.587448847073022E+00 -0.807601829557830E+00  0.517990054675129E-01
 0.107315954730908E+00 -0.228420837986449E+00  0.967629684659251E+00 -0.581849109308845E-01  0.225998459448840E+00 -0.972388406176624E+00
-0.441660003100547E-02  0.505664931069557E-01  0.998710930859891E+00 -0.238001496028409E-01  0.118855145426327E+00 -0.992626318049531E+00
 0.249527011937907E+00  0.678528616934574E-01  0.965987711864570E+00  0.824188331585924E+00 -0.198659849916677E+00  0.530328066491576E+00
-0.374657125277716E+00 -0.775375166078030E-01  0.923915565404617E+00 -0.877400944218215E+00  0.471152758355061E+00  0.904580642032657E-01
-0.148723706977154E+00 -0.727582449428954E-01  0.986198507794350E+00 -0.588707263654318E+00 -0.260547229026100E+00  0.765205135350951E+00
 0.136777449638476E+00  0.287689594589281E+00  0.947906443925480E+00  0.415043301120622E+00  0.242047263439744E-01  0.909479625619788E+00
 0.117899449822575E-01  0.103200562845721E+00  0.994590690196546E+00  0.168149165746629E+00  0.468449514079310E+00  0.867341288546539E+00
 0.465715998000119E+00 -0.123619357047058E+00  0.876257304545888E+00 -0.363001739059215E+00  0.420750225484719E+00 -0.831383777322208E+00
-0.321925213042806E-01 -0.771539767426407E-02  0.999451906902379E+00 -0.200481077222534E+00  0.956093967310197E-01  0.975021118198177E+00
-0.195735549629373E+00  0.425874328437303E-01  0.979731547504248E+00 -0.266372002101797E+00  0.365676094210154E+00  0.891811050962863E+00
-0.836957885349434E-02  0.773650211396707E-01  0.996967704418690E+00 -0.106208428801848E+00  0.144150170317759E+00  0.983839670906192E+00
-0.903418847510026E-01  0.296302685973235E+00  0.950811791126237E+00  0.257267200245007E+00 -0.295029932966455E-01  0.965889828637114E+00
-0.512035052798928E-01 -0.441280824898881E+00  0.895907045749510E+00  0.462694547333775E+00  0.885668230817524E+00 -0.388012987946421E-01
 0.256875529114908E+00  0.160290315882095E+00  0.953059272645912E+00  0.495599513324177E+00  0.527107705157961E+00  0.690317745357851E+00
 0.247295265386270E+00 -0.248999274657448E+00  0.936399707890599E+00  0.782630187543291E+00 -0.587117370119342E+00  0.206840961248250E+00
 0.256673236319134E-01  0.220634517110633E+00  0.975018768207532E+00  0.290110275387356E+00  0.894340598430156E+00  0.340574400262649E+00
 0.328472330582374E+00  0.177661300279076E+00  0.927654240773432E+00  0.404703483675106E+00 -0.487892578584410E+00 -0.773418335743011E+00
-0.146244986122101E+00  0.402473218768397E+00  0.903674561005428E+00 -0.256576237682033E+00  0.825911038932602E+00  0.502035446981787E+00
 0.115788591517712E-01  0.506675814420118E+00  0.862058901179295E+00  0.484196734295463E-01 -0.805257112143250E+00 -0.590945444662779E+00
-0.159184979920672E+00 -0.742944016422926E-01  0.984449330363056E+00  0.714419749906518E+00  0.512416972203068E+00 -0.476480080949612E+00
 0.185890203172068E+00  0.304560878067937E+00  0.934177447766287E+00 -0.638584614907901E+00 -0.680886674200072E+00 -0.358612641299344E+00
 0.854049623741164E-01  0.496829166450805E+00  0.863635786524432E+00 -0.520120939022700E-02  0.991409339382954E+00 -0.130692269110053E+00
 0.208919730041519E+00 -0.392084366333602E-01  0.977146480777650E+00 -0.167721893008458E+00 -0.403684414748456E-01 -0.985007490092614E+00
-0.996512031442069E-01 -0.197333200138782E+00  0.975258553325681E+00  0.301486695725326E+00  0.743951988333413E+00 -0.596356614246363E+00
 0.181631271631156E+00  0.268067051814784E+00  0.946123742909446E+00  0.270803055360348E+00  0.454306321951309E+00  0.848688088194110E+00
 0.100582919857900E+00 -0.310262847253828E-01  0.994444792780876E+00  0.186542185129859E+00 -0.738918789718929E-01  0.979664229922161E+00
 0.245669799598488E-01 -0.172466530283964E+00  0.984708971944230E+00  0.342761712839110E+00  0.318615107875214E+00 -0.883741376900089E+00
 0.361839210665877E+00 -0.261542422932465E+00  0.894800506611005E+00  0.775008049144287E+00 -0.387119261385961E+00  0.499500952176824E+00
 0.211117423300811E+00 -0.165386451384925E+00  0.963367404097278E+00 -0.549641987679486E+00  0.671608251992398E-01 -0.832696288534001E+00
-0.166275146066690E+00 -0.253160374536898E+00  0.953028016673612E+00 -0.477364718036672E+00 -0.115484909101165E-01  0.878629363458488E+00
-0.916800202460624E-01 -0.107641074298647E+00  0.989953621646749E+00  0.141529564584490E+00 -0.152599790811016E+00 -0.978101572533732E+00
-0.319190469242747E+00 -0.412507387361016E+00  0.853202847930774E+00  0.512321721785781E+00  0.296629190924266E+00 -0.805938940911821E+00
 0.185358338257660E+00  0.515745948945035E-01  0.981316639826222E+00  0.520803226315892E+00  0.248878803830072E+00  0.816592518005810E+00
 0.255577112438927E+00 -0.582817664831722E-01  0.965030349415489E+00 -0.919561404668667E+00  0.580686099629799E-01 -0.388632036225471E+00
-0.121708226673207E+00  0.148687455426190E+00  0.981365960362875E+00 -0.902180398446672E+00 -0.622811442808839E-01  0.426839065369687E+00
 0.177254878268855E+00  0.470760299670185E-01  0.983038430343615E+00 -0.431059920468606E+00 -0.341447565308124E+00 -0.835225062549462E+00
-0.352511429338424E+00  0.126492174629145E+00  0.927219187648407E+00 -0.657879697263230E+00  0.334435727494860E+00  0.674794078296353E+00
 0.308830509617401E+00 -0.166760993616842E+00  0.936383728680384E+00 -0.645649094249487E+00  0.939539677932968E-01 -0.757832368687636E+00
 0.123672663249951E+00 -0.763907536520197E-01  0.989378352866658E+00  0.802325199867024E+00  0.224565069351383E+00 -0.553032370920138E+00
-0.235991141650540E+00  0.294363444098440E+00  0.926098452563754E+00 -0.189541598100220E+00  0.778370410899032E+00  0.598509386748851E+00
 0.424409325871535E-01  0.306221731614257E+00  0.951013679359187E+00 -0.348831587882960E+00 -0.529735860061122E+00 -0.773108298920892E+00
 0.440926932910835E-01  0.311836331930784E+00  0.949112183298841E+00  0.156447513315081E-01 -0.108328627790440E+00  0.993992027209884E+00
 0.104631289005322E+00  0.140906307283719E+00  0.984478392819645E+00 -0.283960952671214E+00 -0.580718419068773E+00 -0.762975946614519E+00
-0.164544819458228E-01 -0.172919267367305E+00  0.984798546402791E+00  0.171936422864069E+00 -0.979734756836448E+00  0.102750536443050E+00
 0.206197488210657E+00 -0.954930178204318E-01  0.973839657953589E+00  0.160293673936257E+00  0.556261376431836E-01  0.985500720906341E+00
 0.296251974076833E+00  0.178344696405115E+00  0.938311215492891E+00 -0.272162800410705E+00 -0.513349400714758E+00 -0.813879476862761E+00
-0.260416490561328E+00  0.156766794059106E+00  0.952684325327205E+00  0.827910213763582E+00 -0.560636824498723E+00 -0.158438935217150E-01
 0.816567177380736E-01  0.241821520045661E+00  0.966878758113472E+00 -0.116161674441108E+00  0.961468269162962E+00  0.249169084727252E+00
 0.174644237754972E+00 -0.124510034380518E-01  0.984552874523441E+00 -0.828069746569582E+00  0.272844988400852E+00 -0.489751066482481E+00
-0.281651494741787E-01 -0.101802549249913E+00  0.994405835321433E+00 -0.275852954681503E+00 -0.852621578084879E+00  0.443781018045540E+00
-0.116841952434354E+00 -0.400653785511246E+00  0.908748866467979E+00 -0.240152344884118E+00 -0.572936502882805E+00  0.783626578742121E+00
-0.555166771321450E+00 -0.265385278489732E+00  0.788264238679799E+00  0.939764964476608E+00  0.341338181271180E+00  0.181674860331151E-01
-0.185944424972897E+00 -0.396143688939021E+00  0.899163415923536E+00 -0.969718753131220E+00 -0.181975266680801E+00  0.162881988390624E+00
 0.176652962368189E+00 -0.180878077373669E+00  0.967510646976119E+00 -0.999294062514339E+00  0.316634627564876E-01 -0.202188464027189E-01
 0.315300206846345E+00  0.263570339473257E-01  0.948625893766427E+00 -0.740583039880972E+00 -0.234160522486411E+00 -0.629845703922436E+00
 0.277448148596355E+00 -0.123520287759522E+00  0.952767161142879E+00 -0.306289669513036E+00 -0.974728108612649E-01 -0.946934891897220E+00
 0.274977304382832E+00 -0.121707218667128E-01  0.961373681563831E+00 -0.755568534080371E+00  0.422543853356832E+00 -0.500572554479368E+00
-0.393732966421890E+00  0.318043700446716E+00  0.862451480234557E+00  0.477094889258177E+00 -0.695312511090696E+00 -0.537513700815595E+00
 0.168441721552959E+00  0.478056383889029E+00  0.862026380259456E+00  0.539629543259808E+00  0.775354233772138E+00  0.328063664877462E+00
-0.381502739117864E-01  0.144253907539328E+00  0.988805019586820E+00  0.459833545229459E-01 -0.682366726782557E-01  0.996608894004372E+00
-0.260470469558040E+00 -0.353491148409080E+00  0.898442620585557E+00  0.115784430794937E+00 -0.242046347890475E+00 -0.963331475172682E+00
-0.120766373212893E+00  0.635978420121635E-01  0.990641609055666E+00  0.317031816165309E+00 -0.333584871135334E+00 -0.887813021580867E+00
-0.118087636141749E+00  0.186046251682936E+00  0.975418936880551E+00  0.336430082212588E+00 -0.674420891256251E+00 -0.657245206311583E+00
-0.183674457227082E+00  0.873086559929051E-01  0.979102084744512E+00 -0.340464220279990E-01 -0.503891887587540E-01  0.998149172620669E+00
 0.760411531995765E-01  0.283417953458055E+00  0.955976990663335E+00  0.428787695849832E-01  0.356100561450179E-02 -0.999073936382033E+00
 0.974436315236486E-01 -0.827825671556291E-01  0.991792208706343E+00  0.115856373404335E+00 -0.345028746924030E+00  0.931414228223742E+00
-0.787080999086889E-01 -0.215609094660749E+00  0.973302498357184E+00  0.361046051837463E+00  0.264197610604382E+00 -0.894340746585727E+00
-0.131827974111931E+00  0.107148371329576E+00  0.985464667942470E+00 -0.523284167409361E+00 -0.685705946702697E-01  0.849394933870728E+00
-0.285156513120651E+00  0.146577686604324E+00  0.947206812060913E+00  0.105999651339807E+00 -0.637814284683954E+00 -0.762861070031061E+00
 0.334997180804796E+00  0.121348532782482E+00  0.934372207658371E+00  0.161338447428583E+00 -0.672995317520028E+00 -0.721835997978385E+00
-0.207640789222492E+00  0.137840271078085E+00  0.968444816352579E+00  0.226496006413561E+00 -0.334374645994290E+00 -0.914818646068663E+00
-0.546025501369605E-01 -0.105662176638559E+00  0.992901841042982E+00 -0.720579692742323E+00  0.387328554145904E+00 -0.575101293295906E+00
-0.341224521383291E+00 -0.545171797738279E+00  0.765737250600725E+00  0.257127932274780E+00  0.781606304177484E+00 -0.568310488829927E+00
 0.297492726113783E+00  0.130874533250293E+00  0.945711337806578E+00  0.928181391780483E+00  0.301193383706652E+00  0.218544845658238E+00
 0.111023546815220E+00 -0.465732324265473E+00  0.877933467972858E+00 -0.399087757999681E+00  0.879387566530120E+00 -0.259627558720221E+00
-0.115007110152978E+00  0.315643560913590E+00  0.941882427412280E+00 -0.361133063636436E+00  0.930081908546636E+00  0.673093882219149E-01
 0.152719738662186E+00  0.498785122567066E-02  0.988256951790932E+00 -0.286132684912675E-01  0.996577597586245E-01 -0.994610281359558E+00
-0.153315527185291E+00  0.177651297796840E+00  0.972077345438620E+00 -0.180272576652973E+00  0.592778536071041E+00  0.784930191342116E+00
 0.128841055750050E+00 -0.164902399178453E+00  0.977858466803046E+00 -0.624587650198198E+00 -0.643967852787393E-02 -0.780928164276555E+00
-0.389144252678667E+00 -0.842407152862151E-01  0.917316876818054E+00 -0.604049662625012E+00 -0.719496981709840E+00  0.342707015383459E+00
 0.214084535102826E+00  0.167379071742857E+00  0.962367943238087E+00 -0.380847117249144E+00 -0.115340929476388E-01 -0.924566080917363E+00
-0.461531735028639E+00  0.145441878795246E+00  0.875120058879902E+00  0.835388309421823E+00 -0.492658672659451E+00 -0.243749471250250E+00
 0.300750048791625E+00 -0.379871664434208E+00  0.874783931443542E+00 -0.225459265335792E+00  0.487540597660452E+00 -0.843488165481374E+00
-0.509576175655858E-01  0.211317032878851E+00  0.976088332492156E+00  0.399459249604016E-01 -0.327655450899727E+00 -0.943952450378066E+00
 0.149068334121006E+00  0.571927907118961E-01  0.987171523319516E+00  0.835880221742843E+00  0.219765155892652E+00  0.502998539913004E+00
-0.211602518949449E+00 -0.322304032711856E+00  0.922683306704918E+00  0.765201440599372E+00  0.447078207305759E+00 -0.463236259220838E+00
-0.315960397523892E-01  0.336837835115311E+00  0.941032392166601E+00 -0.462943199005051E+00  0.878850230405000E+00  0.115351059865304E+00
 0.287938656729338E+00  0.114205822152993E+00  0.950814577163846E+00 -0.802219101987044E+00 -0.131590901520711E-01 -0.596884704740765E+00
 0.123873505319199E+00  0.726521328381481E-01  0.989634792372420E+00  0.185819465968218E-01 -0.405527391616652E-01  0.999004597890900E+00
 0.199077675350163E-01 -0.153472190314158E+00  0.987952411602880E+00  0.163495823742623E+00 -0.983898694996937E+00 -0.721974625734509E-01
 0.392089316406679E-01  0.819527704315186E-01  0.995864650993395E+00 -0.619268458474460E+00  0.202134997219296E+00 -0.758714715316516E+00
 0.829072829876073E-02  0.847992323038702E-01  0.996363565183387E+00  0.566538749686898E+00 -0.104720278266644E-01 -0.823968556278942E+00
 0.293518228192273E+00 -0.350873524697668E+00  0.889232713852287E+00  0.138588514852984E+00 -0.710959046293527E+00  0.689442135385010E+00
-0.460461490314376E-01  0.152271335300985E+00  0.987265512719364E+00 -0.140937243224944E+00  0.101626487980363E+00 -0.984788683125944E+00
-0.699795667237950E-01 -0.515095844602340E-01  0.996217658421032E+00  0.345746967528880E+00  0.937552390142740E+00 -0.381385655500974E-01
-0.136035424688380E+00  0.118030771345149E-01  0.990633661148262E+00  0.857566134611695E-02 -0.939001214291922E-02 -0.999919139583013E+00
 0.197826912456017E+00 -0.109618426776489E+00  0.974088452461668E+00 -0.718872818388925E+00 -0.153084831521442E+00 -0.678075884646856E+00
-0.196874100962806E+00 -0.161250440353466E+00  0.967077496303114E+00  0.509375020041071E+00 -0.218281747335307E+00 -0.832400244917314E+00
 0.190292893134197E+00  0.113566916076521E+00  0.975136488085379E+00 -0.470659999662786E-01 -0.633560556870043E-01 -0.996880535397777E+00
-0.537997390049817E-01  0.143607685178261E+00  0.988171250766150E+00 -0.341306907100538E-01  0.246106545753380E+00  0.968641659278081E+00
 0.225463492007284E-01  0.106523381160405E-01  0.999689046569172E+00  0.107746375613217E+00  0.665054669626367E+00 -0.738981058587011E+00
 0.226611438648741E+00 -0.414989894423342E+00  0.881153019287826E+00 -0.574286288352982E+00  0.571811328462428E+00 -0.585855838625671E+00
 0.225888958607138E-01 -0.435989195396995E+00  0.899668362943187E+00 -0.593948650679879E+00  0.801811755472863E+00 -0.657488337621036E-01
-0.266665955470354E+00 -0.262365967717850E+00  0.927390622756430E+00 -0.673410080957001E+00 -0.598724354880558E+00  0.433645027341885E+00
 0.215254733170748E+00 -0.139290388761141E+00  0.966573115416708E+00  0.533078278201161E+00 -0.995249517056735E-01  0.840191843151354E+00
-0.144459343364082E+00  0.435445837771654E+00  0.888548490788297E+00  0.249721223179263E+00 -0.513494258489165E+00 -0.820952469508750E+00
 0.106413212666179E-01 -0.994357736151469E-01  0.994987079919764E+00  0.567986128627415E+00  0.822805820047842E+00 -0.195535209678465E-01
 0.253925904986316E+00  0.252774899649411E+00  0.933609385601982E+00 -0.417968519383619E+00 -0.505637384346955E+00 -0.754740453636238E+00
-0.275020342106160E+00  0.343698489850233E-01  0.960823878194416E+00  0.326131919507850E+00 -0.473221221242448E+00 -0.818351786729846E+00
-0.106432739015899E+00 -0.210233195969781E+00  0.971840560677473E+00  0.144762878506822E-01 -0.336538768954428E+00  0.941558332808277E+00
-0.192967537239328E+00 -0.269217090689089E-01  0.980835741168009E+00  0.744768467761899E-01  0.246166679464707E+00 -0.966361818997210E+00
 0.918517817586588E-01 -0.119659034427540E+00  0.988557011844855E+00 -0.366568407193163E+00  0.465982379818417E+00 -0.805287541531987E+00
-0.114978255371999E+00 -0.164425546423993E+00  0.979665371682996E+00 -0.186984524870050E-01  0.799434789853542E+00 -0.600461809482014E+00
-0.324087604139528E+00 -0.736178088069228E-01  0.943158334040244E+00 -0.301430696663064E+00  0.157893861662773E+00  0.940323914169174E+00
 0.450680925186311E-01  0.302286013089231E+00  0.952151265990520E+00  0.530604660207315E+00  0.565301106516269E+00  0.631580045233984E+00
-0.451919858528663E+00  0.530388780029233E-01  0.890480386582222E+00 -0.899290117537233E+00  0.292840588470439E+00  0.324840998404074E+00
-0.283036886577226E+00 -0.163516822234357E+00  0.945067388963903E+00  0.872021601845085E+00  0.114458358868127E+00 -0.475896637938058E+00
-0.525223972016190E-01  0.147340483637979E+00  0.987690325797272E+00  0.801905815616605E+00  0.443898464838471E+00  0.399876500677793E+00
-0.411124003608841E+00  0.301630180343776E+00  0.860230369123538E+00 -0.760510333498234E+00  0.201824085927310E+00  0.617163731097357E+00
 0.225628472558824E+00 -0.146965286940605E+00  0.963064378328488E+00 -0.144973433260366E-01 -0.100115337191430E-01  0.999844786068857E+00
-0.249969139701736E+00  0.375892207511367E-01  0.967523891012566E+00 -0.142861290798618E+00  0.454401755002512E-01  0.988699065460193E+00
 0.275277021854282E-01 -0.131091760149589E-01  0.999535079482756E+00  0.101792104799169E+00  0.449355644558119E+00 -0.887534715999500E+00
 0.382214070585253E-02  0.175931700988485E+00  0.984394955202292E+00  0.296562291294096E+00 -0.331844073667224E+00 -0.895505621509066E+00
 0.663089825320206E-01  0.184238901616175E+00  0.980642210985655E+00 -0.464207480578527E+00 -0.216407794509782E+00  0.858882460788639E+00
-0.145600493860738E-02 -0.838940400215104E-01  0.996473617361989E+00 -0.125429724774623E+00 -0.379875328236651E+00  0.916494473054835E+00
-0.341672324656811E+00  0.333524709190708E+00  0.878647421280495E+00 -0.857564036553381E+00  0.505593484841195E+00  0.946527933893478E-01
 0.200642576717947E+00 -0.277269937589741E+00  0.939608396150739E+00 -0.228428105844438E+00  0.398240542890791E+00 -0.888383402849451E+00
-0.985564200403676E-01 -0.547784171045103E+00  0.830794279001279E+00  0.484717331237517E+00  0.814122586330366E+00 -0.319771048134029E+00
-0.312601708680064E+00  0.282169094288913E+00  0.907006490582333E+00 -0.628111249293699E+00  0.672643188812037E+00  0.391187166271446E+00
-0.135651056690441E-01  0.816681529704802E-01  0.996567258492159E+00  0.415811128744349E-01 -0.101072271547005E+00  0.994009762012653E+00
 0.315460937686647E+00  0.675923824255073E-01  0.946528217557145E+00 -0.740403122866993E+00 -0.886353619365002E-01 -0.666293470073953E+00
 0.300823185106790E+00  0.244409225075007E+00  0.921829453858164E+00 -0.640718687670032E+00 -0.739426547951170E+00 -0.206707386068830E+00
 0.819510548837176E-01  0.350647142207755E+00  0.932915112035913E+00  0.354954438385770E+00 -0.901197325445224E+00 -0.248698064489088E+00
 0.201326625040882E+00 -0.103796743069977E+00  0.974009150972266E+00  0.653492332424471E+00 -0.148210894163465E+00  0.742281147755815E+00
-0.436998830543652E+00  0.103540902342586E+00  0.893482682342285E+00 -0.932077553203053E+00  0.220122552243977E+00  0.287710786743577E+00
-0.180895587313770E+00 -0.498611300146298E+00  0.847740265562999E+00  0.212360391234075E+00  0.885281674416024E+00 -0.413738348691624E+00
-0.207124994349590E+00 -0.266813946662241E+00  0.941227684772501E+00 -0.802990085257952E+00  0.595782811216928E+00  0.158039500088386E-01
-0.968158004835445E-01  0.948346037555398E-01  0.990773989720794E+00 -0.421109642807732E+00  0.895149788086214E+00  0.146196872824113E+00
-0.360065939283672E+00  0.144928556534875E+00  0.921600907588792E+00 -0.527004054651705E+00  0.603642262981512E+00  0.598233018750404E+00
 0.971193341913441E-01 -0.215399972391936E+00  0.971684458463643E+00 -0.345800964945702E+00  0.459877046539446E+00 -0.817884340667296E+00
 0.185366068058473E+00 -0.733797519605669E-01  0.979925932310574E+00 -0.135063221438975E-01 -0.166040939639405E+00  0.986026361526815E+00
-0.115649007258039E-01 -0.209520188305321E+00  0.977735927417882E+00 -0.692629153489554E+00  0.583483869109975E+00 -0.424041778867126E+00
 0.265590642543251E-01 -0.904626149340660E-01  0.995545645063663E+00  0.243804817495089E+00 -0.164019859595289E+00  0.955853909666393E+00
-0.465593628218263E-01 -0.464324389667940E-01  0.997835785259890E+00 -0.568451797986918E+00 -0.532465608345225E-01  0.820991691264129E+00
 0.132406261330372E+00 -0.250509184517468E+00  0.959017064724558E+00 -0.397830776803761E+00  0.304875965121672E+00 -0.865321511878010E+00
-0.207556319211166E+00 -0.179329260450483E-01  0.978058681531418E+00  0.461877362392090E+00  0.113751207582496E+00 -0.879619215844703E+00
 0.377829692489601E+00 -0.146691949456204E+00  0.914180614232194E+00  0.900748250318916E+00  0.126069615977185E+00  0.415642925447765E+00
 0.355647674502954E+00 -0.373066514012188E+00  0.856934132674989E+00 -0.527357437599481E+00  0.570310662006763E+00 -0.629793523156532E+00
 0.192109555611544E+00  0.458777633309719E+00  0.867535014750107E+00 -0.642569374447163E+00 -0.510744870587554E+00 -0.571177972431609E+00
-0.297794763770859E+00 -0.179796459827613E+00  0.937545471806096E+00  0.986551662916223E+00 -0.163361596080479E+00  0.536705908988392E-02
 0.256345616879508E+00 -0.133904765840401E+00  0.957265082613950E+00  0.320413835829698E+00  0.861772287857849E-01  0.943349595350367E+00
 0.160700523742605E+00  0.920856119260510E-01  0.982698113229621E+00 -0.955035831461801E-01 -0.104739160228101E+00 -0.989903416460895E+00
-0.189469031490300E+00 -0.854962445364099E-01  0.978157389317434E+00 -0.344431770492020E+00 -0.484222476903384E+00  0.804298046956030E+00
-0.238918514841975E+00  0.343075031608040E+00  0.908414809408591E+00 -0.437056863651418E+00  0.732972216934515E+00  0.521280181032512E+00
-0.379488864978282E+00 -0.114478340370975E+00  0.918086548721526E+00 -0.983408915063782E+00  0.399040562367056E-01  0.176959238439063E+00
-0.130570481537962E+00  0.170301361037780E+00  0.976703023328803E+00 -0.290812758930779E+00  0.485171250327326E+00  0.824643436340148E+00
 0.342426392203629E+00  0.401479325329844E+00  0.849446006085790E+00  0.366714854548298E+00  0.822956310501473E+00  0.433892989640792E+00
-0.249032219521209E+00 -0.261625606778886E+00  0.932488603425222E+00 -0.926792166428819E+00 -0.360028419386388E+00  0.106938381698600E+00
-0.268714970552904E+00 -0.286445884259650E+00  0.919641788954514E+00  0.330703936331681E+00  0.453352945453423E+00 -0.827711310387527E+00
 0.308305069476474E+00  0.732250765254881E-01  0.948465113909280E+00  0.203066885562783E-01  0.895480204444387E+00  0.444637877208091E+00
 0.196655979282943E+00  0.556245704070545E-01  0.978893422686708E+00  0.924793067711518E+00  0.368645031578464E+00  0.941202560835521E-01
 0.449165607662900E+00 -0.301958017045938E+00  0.840875503766463E+00  0.720681686270334E+00 -0.522923973187027E+00  0.455157582976315E+00
-0.504383123412583E+00 -0.170186825608355E+00  0.846542443830148E+00 -0.893751523160628E+00  0.140184707387953E-01  0.448343280674755E+00
 0.303233067613937E+00  0.257495307012487E+00  0.917467096724447E+00 -0.145768382177950E+00 -0.623218185051513E+00 -0.768342809283929E+00
 0.346078716891559E-01  0.279866643753743E+00  0.959414903433943E+00 -0.268455556027197E-01  0.535445769455683E+00  0.844142845800634E+00
 0.195515880419047E+00 -0.125154842157058E+00  0.972681759872471E+00  0.473855742718650E+00 -0.874353005734769E+00  0.104726102071696E+00
-0.132624741070307E+00 -0.130205840269272E+00  0.982576774209429E+00  0.463454866475462E+00  0.195773227192202E+00 -0.864223599686425E+00
 0.830824078359807E-01 -0.521312624212170E+00  0.849311757451406E+00  0.273932026958292E+00 -0.846823244064930E+00  0.455907488332743E+00
-0.322088016945860E+00 -0.136002554065174E+00  0.936889862591987E+00  0.384001374524783E+00  0.291375807252109E+00 -0.876152431550161E+00
 0.328547854096066E+00  0.570630016921540E-01  0.942761964340284E+00 -0.548579325501125E+00 -0.351748395624621E+00 -0.758507606954760E+00
-0.329730407049187E+00 -0.303125342969288E+00  0.894087739048539E+00 -0.533578521233634E+00  0.797997483606182E-01  0.841977411715843E+00
 0.237006570505141E+00  0.135270805781601E+00  0.962044538802954E+00  0.578865261753796E+00  0.157662107284701E+00  0.800036042101390E+00
-0.397941116979796E-01  0.280253286204542E+00  0.959100893673718E+00  0.164973032877330E+00 -0.206443422113801E+00 -0.964450626983672E+00
-0.208759744181305E+00 -0.375850774444699E-01  0.977244458241053E+00  0.703044515718472E-01  0.359093975071719E+00 -0.930649666177544E+00
 0.462944480149050E-01  0.378420420041420E+00  0.924475424107461E+00 -0.192955429422969E+00  0.441727786638724E+00  0.876153391117932E+00
-0.164905663851040E+00 -0.113797598904345E-01  0.986243693563961E+00  0.138773158669739E+00 -0.297029323276002E+00 -0.944730433270266E+00
 0.361313175755683E+00 -0.563160438055472E+00  0.743170983041260E+00  0.225202091824199E+00 -0.950850664671770E+00  0.212525366324254E+00
 0.108018917491914E-01  0.132132980652162E+00  0.991173140555481E+00 -0.201035950900804E+00 -0.194411924294028E+00 -0.960098198174386E+00
 0.828413667329052E-01 -0.275882147812348E+00  0.957614927032923E+00 -0.158948228014651E-02 -0.786514731759879E+00  0.617569469995698E+00
 0.454628172119974E+00  0.214808805774283E+00  0.864390190872547E+00 -0.852418441442561E+00 -0.513584862671778E+00 -0.980478940265762E-01
 0.925445735438835E-01  0.350618017875395E-01  0.995091037022740E+00 -0.674463839168053E+00 -0.737643473060251E-01 -0.734613742534950E+00
-0.496034569398738E+00  0.117479982473234E+00  0.860318638458738E+00 -0.665465177853271E+00  0.112771190392434E+00  0.737860932481309E+00
 0.115291214582628E+00 -0.419975867024545E+00  0.900182318731624E+00 -0.282574883873221E-01 -0.823246026949709E+00  0.566981034481365E+00
 0.638418527190894E-01 -0.364872501021439E+00  0.928866123744296E+00  0.796570567087310E-01 -0.922769037005601E+00  0.377030579211101E+00
-0.725588716192193E-01 -0.306181370132044E-01  0.996894046443847E+00 -0.433678961318199E+00 -0.290532197702161E+00  0.852944078242132E+00
 0.445667371446754E+00 -0.127079279762672E+00  0.886132862883858E+00 -0.802735219384979E+00  0.343628207551864E+00 -0.487376468998702E+00
 0.262174450255717E+00 -0.652733980487892E-01  0.962810438840521E+00 -0.560887769509303E+00  0.350419865766232E+00 -0.750073881488520E+00
 0.396227457550092E+00  0.485102047057489E+00  0.779538200362256E+00 -0.877416994212651E+00 -0.254647363694556E+00 -0.406563818397861E+00
-0.326938563166794E-01 -0.878806001862720E-01  0.995594351063748E+00  0.698145865866544E+00  0.711468861951410E+00 -0.800275480507782E-01
 0.115815353486673E+00 -0.666083036126456E-01  0.991034882224941E+00 -0.115564268659631E+00  0.376415504992806E+00  0.919215027841786E+00
-0.295517261671933E+00  0.164215584880013E+00  0.941117840515436E+00 -0.805755143828042E-01  0.156201094858481E-01  0.996626107756363E+00
-0.522524218315817E-01 -0.146589816436209E+00  0.987816334208912E+00 -0.945377299075807E+00  0.139359678064114E+00  0.294687364035173E+00
 0.493453819782624E-01 -0.263794873517125E-01  0.998433350767331E+00 -0.208643122537565E-01  0.143984875541393E-01  0.999678630375948E+00
 0.180162188742678E-01  0.325046889183975E+00  0.945526274457403E+00 -0.910009758308156E+00  0.413174004477576E+00 -0.341976871717480E-01
 0.243558000820231E+00  0.350848902747578E+00  0.904203819764810E+00 -0.234137383912882E+00 -0.712080700301587E+00 -0.661906913177701E+00
 0.651612199833738E-01 -0.469223653866491E-01  0.996770940104496E+00  0.698331454826809E-02 -0.552276494556727E+00 -0.833631757359359E+00
 0.158743275182062E+00 -0.333033548733017E-01  0.986758055015846E+00  0.215520485217512E+00 -0.797977915541734E+00  0.562834049040459E+00
-0.146626157165102E+00  0.293646937696578E+00  0.944601633502937E+00 -0.553815778545967E+00  0.681963184589411E+00  0.477717801948173E+00
-0.211175535253322E-01 -0.728897224573537E-02  0.999750428765452E+00  0.519493076789301E+00 -0.493782750220649E-01 -0.853046733258987E+00
-0.250425608117097E+00  0.682840410779481E-01  0.965724756094223E+00 -0.333267602728201E+00 -0.467919820791310E+00  0.818525348588806E+00
-0.429994989828105E+00 -0.350669770260917E+00  0.831946525293474E+00 -0.602546414185494E+00 -0.615991223442324E+00  0.507437317699666E+00
-0.956486181337281E-01  0.190973627640685E+00  0.976923955789224E+00  0.109092863556492E-01 -0.742604925153020E+00 -0.669640883317086E+00
 0.364276727750119E+00  0.700332798744103E+00  0.613870048644595E+00  0.208327000709664E+00  0.965177298633633E+00  0.158217075493128E+00
-0.607111875484992E+00  0.264149449949330E+00  0.749426606637743E+00  0.781368410206748E+00 -0.431309991957401E+00 -0.451037801485292E+00
 0.699127198776028E-01  0.296361876418161E+00  0.952513438123170E+00 -0.178154560654246E+00 -0.935228664452312E+00 -0.305954731463393E+00
-0.636875999826193E-01  0.426927928517083E+00  0.902040150692067E+00  0.277329710698333E+00 -0.655276275378286E+00 -0.702638765291483E+00
-0.128715474512279E-01 -0.458073596742775E-01  0.998867363099767E+00 -0.185691576530220E+00 -0.220532735454341E+00  0.957540574074408E+00
 0.954235610451885E-01 -0.780111560779552E-01  0.992375233228256E+00  0.229232817460111E+00 -0.343696671973872E+00  0.910672780461448E+00
-0.163525198566044E+00  0.534211394228745E+00  0.829383925398917E+00  0.387868424882206E+00 -0.555379179098156E+00 -0.735603189500736E+00
 0.594474451047566E+00  0.298602480740680E+00  0.746616826455986E+00  0.716425638853009E+00  0.307859010764598E+00  0.626064799749276E+00
-0.225229048705677E+00 -0.375624260810220E+00  0.898987369382858E+00  0.262620907045653E+00  0.908952868746823E+00 -0.323782244076849E+00
-0.442655033212183E+00  0.261912535270681E+00  0.857588680802169E+00 -0.614583628643971E+00  0.687679213646954E+00  0.386502603510916E+00
-0.239032781910083E+00 -0.234081706684024E+00  0.942374173971370E+00  0.417654203073040E+00 -0.186010722527232E+00 -0.889362118464870E+00
 0.207891468033385E+00 -0.207808182584075E+00  0.955822628299847E+00  0.109647507015279E-01 -0.290698430650338E-01 -0.999517242705811E+00
 0.193331002071344E-01  0.203798410671294E+00  0.978821964937565E+00  0.941568256975375E-01  0.765854349900180E-01  0.992607255324055E+00
-0.901942473273825E-01  0.191032877174075E-02  0.995922360625079E+00 -0.543117422250094E+00 -0.836993660244452E+00  0.668212418248049E-01
-0.200615651319424E+00 -0.144394050431472E+00  0.968970442606830E+00 -0.346617152357145E+00 -0.861669232626587E+00  0.370651700706381E+00
 0.890888506834860E-01 -0.207530117106130E-01  0.995807455881324E+00  0.449482998641441E+00  0.193374496764113E+00  0.872107411924428E+00
-0.180363469897449E+00 -0.160578487191504E+00  0.970403817066813E+00  0.112850068445127E+00 -0.303205022965675E-01 -0.993149298540967E+00
 0.823164966668103E-01 -0.277793774530653E+00  0.957107419890012E+00 -0.382672152922446E-01  0.416729351929310E+00 -0.908224789066206E+00
-0.251293730436191E+00 -0.216063291625713E+00  0.943487209799542E+00 -0.440650544966141E+00 -0.820890408309379E+00  0.363271296370500E+00
 0.189365156980696E+00 -0.184492277180427E+00  0.964418704185302E+00  0.565334676088716E+00 -0.145912579524741E+00  0.811853572479732E+00
 0.267887817039631E+00  0.807195372723380E-01  0.960062744712178E+00 -0.169786177705116E+00 -0.120570259462629E+00 -0.978077433741011E+00
 0.212533759653061E+00 -0.180854823427999E+00  0.960271281383840E+00  0.700202367665555E+00 -0.629535830753302E+00  0.336751068466458E+00
 0.268375167850881E+00  0.260012548118381E+00  0.927560372214120E+00  0.455791832065163E+00  0.594006558379642E+00  0.662880090532711E+00
 0.392418244065905E+00  0.322952436099258E+00  0.861225664818337E+00 -0.713544513999796E+00  0.329030636010185E-01 -0.699836848805821E+00
-0.380410987261025E+00  0.107764213269077E+00  0.918517476757840E+00 -0.483407171950846E+00  0.417218094576730E+00  0.769575576317394E+00
 0.224583607525916E+00  0.559153791933902E-01  0.972849255332143E+00  0.868887967155949E+00  0.111526110477743E+00  0.482281688656441E+00
-0.280728601053127E+00 -0.930625993072415E-01  0.955264782749230E+00  0.868303017586374E+00 -0.369301593139743E+00 -0.331158878719632E+00
-0.121103115408290E+00  0.737688590856524E-01  0.989895040328826E+00  0.177294748109146E+00 -0.644000065245865E+00 -0.744197882458850E+00
-0.954416500292539E-01  0.366432375163523E+00  0.925536712330587E+00 -0.424631545431853E+00  0.751667370163112E+00  0.504662476568475E+00
 0.417929018705443E+00  0.745691374907956E-01  0.905414147811809E+00  0.583316417454430E+00 -0.261312221101191E+00  0.769062988467974E+00
 0.841524023743683E-01  0.214997508586677E+00  0.972982242631459E+00 -0.893955797729421E-01 -0.263277502941814E+00 -0.960569303466326E+00
 0.249718542076345E+00  0.133420298017785E+00  0.959082725222444E+00 -0.117712634438239E+00 -0.241681630415008E+00 -0.963189350654145E+00
 0.307726927674191E-01 -0.919006655376327E-01  0.995292574599842E+00 -0.565785942071112E-01  0.771297766858058E-02  0.998368355194129E+00
 0.326711456940140E+00 -0.157799918589232E-01  0.944992389260878E+00 -0.925561946649988E+00 -0.559778089057825E-01 -0.374434998128638E+00
 0.276079079875975E+00 -0.124048506439355E-02  0.961134123237564E+00 -0.206568101447352E-01 -0.155988589351001E-01  0.999664929761251E+00
-0.505530171526390E+00  0.225881370126072E+00  0.832716549797389E+00 -0.813649537545206E+00  0.229216050328915E+00  0.534260640815028E+00
-0.416604451157980E-01  0.487850913301027E-01  0.997940089472643E+00  0.885005987878149E+00 -0.464890258572131E+00  0.253268415827602E-01
 0.367933377683883E-01  0.982014034402060E-01  0.994486166147240E+00  0.810713815021270E+00 -0.308307029949950E+00  0.497684523987935E+00
-0.311631766268742E+00 -0.111035732382250E+00  0.943693121934542E+00 -0.954106915251466E+00  0.245111351216552E+00  0.172047725280308E+00
 0.317723856723224E+00  0.318721809143379E+00  0.893010615415792E+00  0.884337327366061E+00  0.317706680781712E+00  0.342067181140956E+00
-0.824876417116903E-01 -0.184418009575842E+00  0.979380307494963E+00 -0.243369592740298E+00 -0.333522986337752E+00  0.910787384033051E+00
-0.214574924678879E+00 -0.402302285628502E+00  0.890005883507034E+00 -0.268626263972156E+00 -0.846693459868566E+00  0.459293060387546E+00
 0.523595497848217E-01  0.135745524658645E+00  0.989359201747010E+00  0.764204532616132E+00  0.193897615426007E+00  0.615138315390179E+00
-0.287241027994590E+00 -0.177046513220502E+00  0.941353878195163E+00  0.526256674762789E+00  0.456938425894136E+00 -0.717120064709530E+00
-0.662168213044448E-01 -0.134410684013190E-01  0.997714723884822E+00  0.100244697746748E+00 -0.764619792132070E+00  0.636637710203828E+00
 0.274113901462532E+00  0.244783592016060E+00  0.930022882570480E+00  0.456559682363356E+00  0.837459818502351E+00  0.300356969012343E+00
 0.238205434947640E+00  0.275399953195546E+00  0.931350114909155E+00 -0.238075392574253E+00 -0.237308879849436E+00 -0.941809217939186E+00
-0.390558880872198E-01  0.606144659070369E-01  0.997396873931597E+00 -0.292922650900872E-01  0.405887477644691E+00 -0.913453512061299E+00
 0.245590032598662E+00  0.390934073448703E-02  0.969365902506999E+00 -0.149668447671098E+00  0.956319958651154E+00  0.251100562438992E+00
-0.478397906751562E+00 -0.271567794212558E+00  0.835096626721872E+00  0.960012753595955E+00  0.888657711282442E-01 -0.265477659427106E+00
-0.169327319807947E+00 -0.212380217432735E-01  0.985331013009887E+00 -0.259332077189685E-01 -0.109139126739779E+00  0.993688140088168E+00
-0.214794625225588E+00  0.498432562911829E-01  0.975386548388120E+00  0.885498728142740E-01  0.989160161657745E+00  0.117137076170609E+00
-0.108287813508443E+00  0.333084300275294E+00  0.936658207862227E+00 -0.535417058383880E-01 -0.898567658582634E+00 -0.435556481624643E+00
 0.135472974688220E+00  0.156735321756647E-01  0.990657061509311E+00  0.968818377532945E+00 -0.162969974442657E+00  0.186632630546191E+00
-0.189943097543633E+00 -0.145812590943820E+00  0.970906951266588E+00 -0.392790820018057E+00 -0.142572899585248E+00  0.908508855220133E+00
-0.524215293111250E-01 -0.165662841071966E+00  0.984788203804578E+00  0.218692638031693E+00 -0.845970177281239E-01  0.972119784112147E+00
-0.729933379962912E-01  0.304897315748869E+00  0.949583908592228E+00  0.731835067869619E-01  0.282565389634034E-01  0.996918122184652E+00
-0.581957295452008E-01 -0.123789905094054E+00  0.990600482767653E+00 -0.639114625073147E-01  0.121037062775780E+00  0.990588387976958E+00
-0.172714460474223E+00  0.293185776216418E+00  0.940325377604728E+00  0.456206585938539E+00 -0.876099392798303E+00 -0.155966037600327E+00
-0.208338479988839E+00 -0.169442025775437E+00  0.963267604384709E+00  0.751431033256352E+00  0.487188262588463E+00 -0.444970784496383E+00
-0.784363358170779E-01 -0.381704271715263E+00  0.920950373352393E+00  0.402658553317018E+00  0.417942501830213E+00 -0.814364878051938E+00
 0.485279872885353E-01 -0.171243069405521E-01  0.998675018492767E+00 -0.293364326828841E+00 -0.953219076058879E+00 -0.728749942141933E-01
-0.131013034639374E+00  0.464902023772624E-01  0.990289980681166E+00 -0.243575007641455E+00 -0.194295888673326E+00 -0.950221197036305E+00
 0.939409407425202E-01 -0.240579634985484E+00  0.966072739954224E+00  0.488536496008242E+00 -0.604837728459333E+00  0.628890621889167E+00
-0.109428528862150E+00  0.465542691505472E-02  0.993983764490801E+00 -0.755055284894915E-01  0.324037657995612E+00 -0.943026251685626E+00
 0.129587024359370E+00 -0.118526566620456E+00  0.984458559880938E+00  0.603977606607893E+00 -0.690077061717498E+00  0.398753933657771E+00
 0.113629411767641E+00 -0.124748306165122E+00  0.985660294873580E+00  0.390862983078044E-01  0.115722120235005E+00  0.992512293209967E+00
-0.319788311240792E+00  0.260329424413665E+00  0.911023614830160E+00 -0.711102694101035E+00  0.518803717701007E-02  0.703069017033534E+00
 0.257843041896827E-01 -0.110817729408764E+00  0.993506215635383E+00  0.250592959855587E+00 -0.162350486362260E+00  0.954382254680353E+00
 0.248400526148497E+00  0.464013458414335E+00  0.850287415536369E+00 -0.519279274758542E+00 -0.662418951581014E+00 -0.539953856725325E+00
-0.256313051801738E+00 -0.803628378778734E-01  0.963247337792477E+00 -0.352983170737107E+00 -0.389419030354771E+00  0.850738326381225E+00
-0.101680940717318E+00 -0.655324657107625E-01  0.992656275975077E+00  0.659699511060061E-01  0.187979291056558E+00 -0.979954974315119E+00
 0.306503779063834E+00  0.117749443726092E+00  0.944558363428001E+00  0.835295825971905E+00 -0.292145644376711E+00  0.465759385934014E+00
-0.146666334896416E+00  0.304338559763806E+00  0.941205093084894E+00 -0.461454460436739E+00  0.858068799078281E+00  0.225339115537883E+00
-0.972559294668990E-01  0.162080620348202E+00  0.981973093669613E+00 -0.586780255836872E-01  0.272632716920518E-01 -0.997904606327802E+00
-0.376427763729135E-01 -0.123348394916126E+00  0.991649229747371E+00  0.385876891644804E-01 -0.654516991191136E-01  0.997109354748699E+00
 0.161485300695378E+00 -0.280692926034803E-01  0.986475854986864E+00 -0.238815825608900E+00 -0.173195691667394E+00 -0.955494769125709E+00
-0.154946270482304E+00  0.110752409849233E-01  0.987860816259432E+00  0.435992017099659E+00  0.131231992744680E+00 -0.890330907643686E+00
 0.183509727035621E+00 -0.806495053535833E-01  0.979703953941972E+00  0.343410297839193E+00 -0.229170818954912E+00  0.910796411432067E+00
-0.197606942598463E+00  0.108307589039162E+00  0.974279714657660E+00  0.741343322877716E+00 -0.664274326762922E+00 -0.956540455406589E-01
 0.179742601992252E-01  0.567602989110621E-01  0.998226023722993E+00  0.480191714051023E+00 -0.868677384594061E+00  0.121719017624863E+00
-0.964421489935434E-01 -0.460834911595751E+00  0.882230183201665E+00 -0.103149849963871E+00 -0.928686416654223E+00  0.356232575678263E+00
 0.110311371327153E+00 -0.105185902464495E+00  0.988315398685386E+00 -0.533046441636076E+00 -0.584526512913221E+00 -0.611710917640537E+00
-0.257229803479032E-01  0.108656690842888E+00  0.993746472606114E+00 -0.394806911789126E+00 -0.286014977055876E+00 -0.873111066991629E+00
 0.968368123275578E-01  0.403777266499520E-01  0.994480905281152E+00 -0.189945969720182E+00 -0.260954430321243E+00 -0.946479431304651E+00
 0.143882048401521E+00 -0.237717172898073E-01  0.989309285110008E+00 -0.479514930705850E+00 -0.588704894024461E+00 -0.650762613386642E+00
 0.191683178484309E+00 -0.359561664523170E+00  0.913221204578321E+00 -0.219290637671363E+00  0.926283044097008E+00 -0.306449569175853E+00
 0.657216259304544E-01 -0.134254534296759E-01  0.997747676061070E+00 -0.934613752817677E-02  0.513920703369293E-01  0.998634820552432E+00
-0.471103672636863E+00  0.211382420204439E+00  0.856375386180951E+00  0.796065353486576E+00 -0.721426748808068E-01 -0.600895487950554E+00
 0.217829432263353E+00  0.106912657862880E-01  0.975928294126014E+00  0.254011696416412E+00  0.296448068273324E+00  0.920650096888428E+00
-0.238541086255727E+00  0.350055713462119E+00  0.905847198836793E+00 -0.497352499355415E-01  0.770468761788698E+00  0.635534650527915E+00
-0.312747749933216E+00  0.416600275947451E-01  0.948922171209270E+00 -0.974594597941649E+00 -0.223806161584411E+00  0.872763999077917E-02
-0.399800053232211E-01 -0.319253155730045E+00  0.946825761019821E+00  0.104554551652553E+00 -0.175958518596243E+00  0.978829375050703E+00
-0.240876464608666E-03  0.401707811723902E+00  0.915767861402944E+00  0.246375053302012E-01 -0.975184114022208E+00 -0.220020310630237E+00
-0.329475704384134E+00  0.494234340994874E-01  0.942869600942990E+00 -0.855867542671496E+00  0.119212277821562E+00  0.503268499131477E+00
-0.443152455879442E+00  0.231641063449974E+00  0.866001338666277E+00 -0.621724951937429E+00  0.765388543697030E+00  0.166248191917204E+00
 0.114971603625062E+00 -0.786028082613998E-01  0.990254072899124E+00 -0.914730155664481E-02  0.495883783960956E-03  0.999958039606415E+00
-0.870623541043754E-01  0.198149883063035E+00  0.976297480453529E+00  0.366046175852555E+00  0.701537115393523E+00  0.611437546172178E+00
 0.284484495324637E+00  0.448603860336605E-01  0.957630470319735E+00  0.226311453220089E+00 -0.269076675545510E+00  0.936152161146246E+00
 0.122059138259308E+00  0.237835462503820E+00  0.963605655620072E+00 -0.529092307892505E+00 -0.610873926675338E+00 -0.588977398069939E+00
-0.175437252532125E+00 -0.207252389427631E+00  0.962428292134285E+00  0.469632115695125E+00  0.805237933844922E+00 -0.361991085256091E+00
 0.136995551847931E+00  0.314935672968534E+00  0.939173967199761E+00 -0.229919588651057E+00 -0.556716958127470E+00 -0.798250093196252E+00
 0.161251821461834E+00 -0.561484689140969E-01  0.985314771793179E+00 -0.696624486126062E+00  0.936532646910099E-01 -0.711296978302535E+00
 0.884369209495499E-01  0.102532289368523E+00  0.990790613929004E+00 -0.533073431760836E-01  0.355739208971314E+00  0.933063739711265E+00
-0.941982065589100E-01 -0.367121807229787E+00  0.925390877703806E+00 -0.545006731409114E+00  0.668019998234514E+00 -0.506672423442912E+00
-0.228430214889377E+00 -0.182146041895799E+00  0.956369414163422E+00 -0.659414022148435E+00 -0.660113220341027E+00  0.359755032939112E+00
-0.313024659355171E+00  0.113834090740175E+00  0.942898383931660E+00  0.560669893985007E+00 -0.498457082438852E+00 -0.661203302279555E+00
-0.494450248857293E-01  0.123844700579855E-01  0.998700062288690E+00 -0.696851993328036E-01 -0.926278704318892E-01 -0.993259306834424E+00
 0.729559822626763E-01  0.226202190204511E-01  0.997078607905894E+00  0.129376836169888E-01  0.146550873859279E+00 -0.989118525614453E+00
-0.286302603786959E+00  0.554689458706328E-01  0.956532286495761E+00  0.345804219780711E+00  0.297257495686863E+00 -0.889976079925651E+00
 0.503229676570340E-02  0.101322562168970E+00  0.994840899030984E+00  0.163625021674564E+00 -0.112379971432084E-01  0.986458595026779E+00
-0.616622034331857E-01  0.344538348263194E-02  0.998091129106166E+00 -0.537096738348211E+00 -0.118218916619306E+00  0.835195415102999E+00
-0.383881697858745E+00 -0.157892488139000E-01  0.923247280890109E+00  0.599881789945950E+00  0.795400274401680E+00  0.864883898160680E-01
 0.167650786567632E+00  0.180231026904390E+00  0.969231649660825E+00  0.426802083101786E+00  0.161933696196387E+00  0.889728868755057E+00
-0.127382215756410E+00 -0.432044264667479E-01  0.990912281003050E+00  0.547757072000258E-01 -0.618709734237202E-01  0.996579953916563E+00
 0.108027485568045E-01 -0.150961472337275E+00  0.988480619179446E+00  0.806187099997647E-01 -0.972577664093682E+00  0.218158912043608E+00
 0.108428898584892E+00  0.483207458881658E-02  0.994092463006754E+00 -0.929051478288717E+00 -0.341936898277108E+00 -0.141217946048579E+00
-0.600447260009431E-01 -0.207447199668341E+00  0.976401705359651E+00  0.186028793796611E+00  0.507863735123349E+00 -0.841111000061905E+00
 0.302442076542137E+00 -0.440957941169497E+00  0.845035433846675E+00 -0.965040721667174E-01  0.947636811561553E+00 -0.304419837442789E+00
-0.527643145186016E+00  0.335694969894316E+00  0.780321471270567E+00  0.865158235045974E+00 -0.499929170770808E+00  0.396491178281170E-01
-0.111837223263335E+00 -0.529480739022231E+00  0.840917702570959E+00  0.363182555539636E+00  0.924711608100206E+00 -0.114047679487268E+00
-0.258813169755175E+00  0.192352028655162E+00  0.946581449339423E+00 -0.857251698225253E+00  0.490030048289626E+00  0.158082502710412E+00
 0.318010122827537E-01 -0.426526833506781E+00  0.903915679649640E+00 -0.161409586409461E+00 -0.181414882933726E+00  0.970069887000555E+00
 0.196275859413608E+00  0.126620272898785E+00  0.972338980758504E+00  0.401083902971784E+00 -0.225615912315893E+00  0.887822709152446E+00
 0.146122948196566E-01  0.271034459670944E-01  0.999525829609627E+00 -0.498569118791135E+00  0.220821415729750E+00 -0.838252191254482E+00
-0.183197774138713E+00  0.164633280690884E+00  0.969192683855784E+00 -0.230912041440046E+00  0.439171910059087E+00  0.868220975635261E+00
-0.152747815840017E+00  0.153995441159096E+00  0.976193376774458E+00  0.362592773931091E+00  0.928522495480875E+00  0.798276623666535E-01
-0.339785275152493E+00 -0.617530562706262E-01  0.938473508859350E+00 -0.405647891626640E+00 -0.742684765535097E+00  0.532793700282708E+00
-0.252905753469507E-01 -0.147897557094911E+00  0.988679270240849E+00 -0.867682368646134E-01  0.719290389615136E-01 -0.993628444855258E+00
 0.102247343146731E+00  0.407089284973939E+00  0.907647395676780E+00 -0.294927702293041E+00  0.379437598067672E+00  0.876951971086663E+00
-0.277778124673907E+00 -0.175386472467693E+00  0.944499284662506E+00 -0.271389503181129E+00 -0.542110870053703E+00  0.795275764834260E+00
 0.279392049088621E+00 -0.230739334853536E+00  0.932040472435296E+00 -0.672354446412940E+00  0.153053049437123E+00 -0.724233568986378E+00
-0.375096941849402E+00  0.230633850751031E+00  0.897836461223856E+00  0.427317717788370E+00 -0.719904265501796E+00 -0.546934563340495E+00
-0.287763201135481E+00 -0.809998506394009E-01  0.954270068832013E+00  0.229194399254112E+00  0.349900114247639E+00 -0.908317035731487E+00
-0.251754589192789E+00  0.184719525203972E+00  0.949999117804216E+00 -0.172577091482514E+00 -0.959539243920943E+00  0.222489520811791E+00
 0.269696587701112E+00  0.113240746691979E+00  0.956263710422507E+00 -0.948293077741978E+00 -0.109753906539858E+00 -0.297815914124627E+00
-0.140782062424957E-01 -0.528935488403754E-01  0.998500914671621E+00  0.681525748981070E-01 -0.111421010061270E+00 -0.991433600929323E+00
 0.614575607847771E-01  0.207662676149846E+00  0.976267986342208E+00 -0.135849976766785E-01 -0.993601210895927E+00 -0.112125293954003E+00
 0.364874001362706E+00  0.145008110932194E+00  0.919695390275196E+00  0.911745063069279E+00  0.245651236005445E+00  0.329205726283418E+00
-0.786377619911193E-02  0.207263614182802E+00  0.978253522998907E+00  0.183575975454484E+00 -0.444977279499647E+00 -0.876524433182001E+00
-0.148916369244807E+00 -0.419546882997885E-01  0.987959371179105E+00 -0.133620826944875E+00  0.373747178796457E-01 -0.990327524140365E+00
 0.449974876474700E+00 -0.835257622400790E-01  0.889126570058387E+00  0.649277991495727E+00 -0.760199815026236E+00 -0.231156006487418E-01
-0.141062936342726E+00  0.175204595989367E+00  0.974373951588696E+00  0.719420822828316E-01  0.155463194539191E+00 -0.985218519893166E+00
-0.394112699755707E+00  0.655842595548990E-01  0.916719087174421E+00 -0.845320696549195E+00  0.421395500523194E+00  0.328418562393163E+00
 0.123470836340448E+00 -0.236237800031121E-01  0.992066968299900E+00 -0.906386061121544E+00 -0.897897560348907E-01 -0.412797902024427E+00
-0.281991299813052E+00 -0.245927610924672E+00  0.927362128305134E+00  0.662450475285484E+00  0.309359718577456E+00 -0.682243308736489E+00
 0.942981065296489E-01  0.183746524430606E+00  0.978440126867554E+00  0.527784694712830E+00 -0.162431807524786E+00 -0.833702119423428E+00
 0.288292345617526E+00 -0.225519997686687E+00  0.930606390533474E+00  0.202764520837860E+00 -0.621889745553091E+00  0.756399162787285E+00
-0.644432675092670E-01  0.232727512204828E+00  0.970404539527552E+00  0.929043659281436E+00 -0.369011478443786E+00 -0.266159336806147E-01
 0.299105311883237E+00  0.303827675486628E+00  0.904557768200364E+00  0.611603520709883E+00  0.128271876481845E+00  0.780696777986884E+00
 0.937723075859994E-01 -0.216731793732907E-01  0.995357738517087E+00  0.468736307135165E+00 -0.604979597312555E+00  0.643650496161408E+00
-0.370722430204498E+00 -0.186900082755779E+00  0.909743501658107E+00 -0.389592188433037E+00 -0.104719793006594E+00  0.915014585492829E+00
 0.174582815651074E+00 -0.957463529775308E-01  0.979976263167045E+00  0.365133366615204E+00 -0.244535473275880E+00  0.898265009278436E+00
 0.162789036199421E-01 -0.286010462457661E-02  0.999863399219348E+00  0.111324964854070E+00 -0.222631071001723E+00 -0.968525765493549E+00
-0.467479752547844E+00 -0.216392845071365E+00  0.857109571501641E+00 -0.645070329670469E+00 -0.355341173789293E+00  0.676473887144862E+00
-0.297838076915169E+00 -0.442938510489150E+00  0.845634646797970E+00  0.258826631496214E+00  0.913214630398028E+00 -0.314718626165208E+00
-0.157204842253474E+00 -0.252742032260228E+00  0.954676962485756E+00  0.543474231437268E+00 -0.120892641408144E+00 -0.830674863600093E+00
 0.162926616057416E+00 -0.213279349497266E+00  0.963310353343149E+00  0.100323089513685E+00 -0.647916552628844E-01  0.992843048582567E+00
-0.138123030419189E+00 -0.122626162849704E+00  0.982794410165513E+00  0.915658715563587E+00  0.223320720053775E+00 -0.334210970207599E+00
-0.190282543483242E+00 -0.243960726582915E+00  0.950934128912557E+00 -0.845528311177610E-01  0.532048573778568E+00 -0.842481533263586E+00
-0.389666338043399E+00  0.679030153056755E-02  0.920931070602448E+00  0.904440761070808E+00 -0.465617286776476E-01 -0.424050604452119E+00
-0.402971164468459E+00  0.336314330212779E+00  0.851179717745003E+00  0.697645336698187E+00 -0.499317793930372E+00 -0.513782760364515E+00
 0.154817237851040E+00  0.277278070610167E+00  0.948234409005958E+00  0.304917707361999E-02  0.971148568246502E+00  0.238455783976701E+00
-0.156937647867070E+00 -0.197086922078256E+00  0.967743416318433E+00 -0.539543201814134E+00 -0.469998667264872E+00  0.698565949746620E+00
-0.267426556140013E+00  0.211395643341735E+00  0.940103674627020E+00  0.482280814190294E-01 -0.602532136667113E-02 -0.998818175477933E+00
 0.731317037701597E-01 -0.196006714301498E+00  0.977871730776795E+00 -0.897839213505260E+00  0.385036804476757E+00 -0.213615088162293E+00
-0.788191317474559E-01  0.404018112535347E+00  0.911348950300571E+00  0.299508771776345E+00 -0.714761183439390E+00 -0.631989672603396E+00
-0.104159967713689E+00 -0.510886207617832E+00  0.853314703958483E+00 -0.479847632904989E+00 -0.768238184943836E+00  0.423740888267440E+00
-0.585947734093226E-01 -0.543011244419388E-01  0.996803912719774E+00  0.117168900819796E+00 -0.549779470422817E-01  0.991589065096876E+00
-0.855082883801533E-01  0.291123686515383E+00  0.952856406688851E+00  0.160287807228496E+00 -0.341836678441591E+00 -0.925988933047205E+00
 0.266498614854626E+00 -0.157972083164306E+00  0.950801403670238E+00  0.588072405821189E-01  0.488372501204519E-01  0.997074035092575E+00
 0.465499689449553E-01 -0.863299047679120E-01  0.995178500538465E+00 -0.250037155977882E-01  0.212344771958637E+00 -0.976874870199935E+00
 0.181810085602053E-01  0.421538971681980E-01  0.998945694160231E+00  0.617988360802478E-01 -0.127828227984381E+00 -0.989869106493126E+00
-0.176160158516926E+00  0.417344979281348E-01  0.983476400445877E+00  0.108018743049865E+00 -0.994011680831726E+00 -0.165145245167324E-01
-0.276836015861173E+00  0.190847460383870E+00  0.941774424789259E+00 -0.736072588728880E+00  0.671573565031233E+00  0.847708138052512E-01
-0.126657025900351E-02 -0.282601696443042E+00  0.959236507315737E+00  0.284221062744864E-01 -0.430182849921889E-01  0.998669920960501E+00
 0.839217358103869E-01  0.142454024842818E+00  0.986237290445182E+00  0.409251368058150E+00  0.389935247628621E+00  0.824902309609652E+00
 0.683335274528856E-01  0.298767438537558E+00  0.951876329517418E+00  0.412193866343216E+00  0.901002870871393E+00  0.135240686298685E+00
 0.169713474171053E+00 -0.306648056780138E-02  0.985488677449781E+00 -0.107128368936715E+00  0.189931182437001E+00 -0.975935273728254E+00
 0.366551094641450E+00 -0.352161527149253E+00  0.861175100553343E+00  0.585285459392233E+00 -0.709588150356341E+00  0.392333516154163E+00
 0.154966441249079E+00  0.166415474989279E+00  0.973802491150381E+00  0.107443794185716E+00  0.891651096165351E+00  0.439788760427214E+00
 0.664181714787698E-01  0.378986209929223E+00  0.923015752401279E+00 -0.107644629542784E+00  0.673644163775818E+00  0.731174517021330E+00
-0.113926030001126E+00 -0.322546044342981E-01  0.992965508052001E+00  0.402151414443218E-02 -0.188955618214521E-01  0.999813375169305E+00
-0.158816803123613E+00  0.292586352999518E+00  0.942958349601952E+00 -0.157422271788270E+00  0.953916165328735E+00  0.255464631347555E+00
 0.550649573505510E+00  0.309683441700964E+00  0.775165281171987E+00 -0.549527228717538E+00 -0.766844573256264E+00 -0.331616081282920E+00
 0.174055250162942E+00 -0.229728956533864E-01  0.984467884674769E+00 -0.584126580004058E+00  0.803494219610390E+00 -0.114861558345045E+00
 0.417506714982887E+00  0.319445101588078E+00  0.850672069610600E+00 -0.947621406919523E+00  0.173159216931543E+00 -0.268383223655130E+00
 0.162055309614307E-01  0.135025945095991E+00  0.990709531051959E+00 -0.325928901925288E+00 -0.111824840312752E+00 -0.938757453221440E+00
 0.113183320669829E+00 -0.685394344813483E-01  0.991207285003055E+00 -0.459607874479985E-01 -0.995135561862573E+00  0.871367863397563E-01
 0.110428577795927E+00 -0.103620528444711E+00  0.988467660214945E+00 -0.581332091340038E-01  0.242060982791279E+00 -0.968517945422748E+00
-0.243638787696517E+00  0.515083834854013E+00  0.821783903591361E+00 -0.852097948851893E-01  0.883518208609278E+00  0.460581009065154E+00
 0.141230720834863E+00  0.280511742782857E+00  0.949403520982195E+00 -0.142303642166277E-01  0.103429856844207E-01 -0.999845247716562E+00
-0.323220777666040E+00  0.283906850134122E+00  0.902732091670548E+00  0.682317783554100E+00 -0.589419533236267E+00 -0.432466248492713E+00
-0.730603964457552E-01  0.350072126954221E+00  0.933869200906067E+00 -0.612102823119098E-01 -0.298733241811085E+00 -0.952371645722580E+00
-0.347607268895390E+00 -0.119705038254613E+00  0.929967682464046E+00 -0.680764487996687E+00 -0.187545755953114E+00  0.708086365711545E+00
 0.222334875562283E+00  0.351632109913403E+00  0.909352551206930E+00  0.119998444789962E+00  0.752691927261767E+00  0.647344758133529E+00
-0.271767439105069E+00 -0.236786299085748E+00  0.932777951930440E+00 -0.623319495653193E+00 -0.777025742646937E+00  0.877713028422449E-01
-0.299160274308860E+00 -0.144964905117492E+00  0.943126877233240E+00  0.235609514858969E+00  0.111419420766542E+00 -0.965439728405647E+00
 0.200603256634162E+00  0.997368674108353E-01  0.974582418632125E+00  0.534402635301694E+00 -0.334813453232188E+00  0.776088767421190E+00
 0.373598064009159E-01  0.804656889669415E-01  0.996056985199522E+00 -0.391223263450687E-02 -0.330425471629658E+00 -0.943823978363620E+00
 0.199709704542408E+00 -0.552153295437694E-01  0.978298165844625E+00 -0.101111564478875E+00  0.988530157909492E+00  0.112181007448095E+00
-0.523478764343921E-01 -0.158277629403651E+00  0.986006030338136E+00 -0.617453891697357E+00  0.617678207896406E+00 -0.487056796603511E+00
 0.599571452826372E+00  0.109065644758733E+00  0.792854815265087E+00 -0.892277075766640E+00 -0.392056488856435E+00 -0.223904733328479E+00
 0.284441159981172E+00  0.320921358187343E+00  0.903384031499205E+00  0.245176289806264E+00  0.429272185412220E+00  0.869260592543025E+00
-0.437181164357382E+00 -0.922802471057308E-01  0.894626729717612E+00 -0.631921655215621E+00 -0.507892917427325E+00  0.585422758437618E+00
 0.349036272051294E+00  0.673113273858534E-01  0.934688646554610E+00 -0.948974722242118E+00 -0.145262557190301E-01 -0.315017403392704E+00
-0.229306705783904E+00  0.144039593611093E+00  0.962637538305506E+00 -0.320889093640868E+00  0.398290747733867E+00  0.859298940911682E+00
-0.169815509862354E+00  0.104268345136270E+00  0.979944286586096E+00 -0.698751033268556E+00 -0.398128359455950E+00  0.594340645508145E+00
-0.265544431128709E+00 -0.272643534978557E+00  0.924744104026042E+00 -0.388247104751517E+00 -0.904602374106875E+00  0.175950931831204E+00
 0.173835216331310E+00 -0.973196655017186E-01  0.979954182740030E+00 -0.653542246579022E+00  0.544315079902491E+00 -0.525931198663086E+00
-0.223438863038199E+00  0.217284384455586E+00  0.950190807551807E+00 -0.470772626527367E+00  0.871553363880946E+00 -0.136995868625049E+00
-0.446442906295644E+00 -0.418969299173479E-01  0.893830732679180E+00  0.743292128743307E-01  0.303804136497641E-01 -0.996770885700396E+00
-0.429850038879119E+00 -0.164587019074002E+00  0.887772525609998E+00 -0.653536416314441E+00  0.217601420701700E-01  0.756582215471632E+00
-0.102333845633370E+00 -0.422750906212300E+00  0.900449585115438E+00 -0.372553513047569E+00 -0.923592406720993E+00 -0.904485829808240E-01
 0.218471177656051E+00  0.287527525260893E+00  0.932522528816824E+00 -0.703189788220841E+00  0.701833897742061E+00 -0.113812572776981E+00
-0.105882321688205E-01 -0.596368362188300E-01  0.998163983073597E+00 -0.230508266887832E+00  0.654299135055278E+00 -0.720248971371902E+00
 0.788746660986197E-01  0.359737862288865E+00  0.929713642732895E+00  0.931739192755017E+00  0.250710798601365E+00  0.262690258953191E+00
 0.109010439745404E+00 -0.353809612328976E+00  0.928943207225357E+00 -0.284641744364394E+00  0.925924291834792E+00 -0.248280654009599E+00
 0.155454983950201E+00 -0.122402557092865E+00  0.980230259674823E+00 -0.596326317666286E-01 -0.340561547442139E-01  0.997639277270409E+00
-0.697418902599170E-01 -0.290059518157758E+00  0.954464009100952E+00 -0.365924071678110E+00 -0.863251486160136E+00  0.347701661498518E+00
 0.219919736036020E+00 -0.432024711651328E-01  0.974560852993323E+00 -0.354753703412334E+00 -0.183013530506368E+00 -0.916872868813789E+00
-0.914430895743964E-01  0.525615945164702E-01  0.994422163947976E+00  0.424404885112632E-01 -0.616550282082362E-01 -0.997194796632818E+00
 0.497176929241584E-01  0.216601702404614E+00  0.974993258195011E+00 -0.493867351946243E+00 -0.138905743136423E+00  0.858370685196858E+00
-0.846406571048313E-01 -0.662139257624417E-01  0.994209070165822E+00 -0.249084895290574E-01 -0.147042444320997E+00  0.988816508113354E+00
 0.614561474477524E-01  0.407829950744572E+00  0.910987306836138E+00  0.362125565226245E-01 -0.699732759148346E+00 -0.713486311378669E+00
 0.277792702986765E-01  0.308636315113550E+00  0.950774388135694E+00 -0.880316478045380E+00  0.463458408223158E+00  0.101238344163831E+00
 0.291050876265236E+00  0.196080185422793E+00  0.936398391876984E+00  0.536768485691634E+00  0.643165870776092E+00  0.546092716887106E+00
 0.111666218158121E+00  0.727203975459132E-03  0.993745504088769E+00  0.195819525803778E+00  0.907938167183371E-01 -0.976427773140287E+00
 0.194945417618219E+00 -0.347964852343244E+00  0.917015128383061E+00  0.197087148164469E+00 -0.159648264764884E+00  0.967299895371626E+00
 0.272562423697616E+00  0.340878504173567E-01  0.961534057452988E+00  0.467151639923656E+00  0.838262056210663E+00  0.281222457200896E+00
-0.141845622449603E+00  0.144778193397920E+00  0.979244144280842E+00  0.383368890995482E+00 -0.295193261877294E+00 -0.875150976437287E+00
 0.241647792004889E+00  0.657861789112770E-01  0.968131459711653E+00 -0.821529087234152E+00 -0.563121063472009E+00 -0.893567384273519E-01
-0.241317976930779E-01 -0.187279818357862E-01  0.999533350637416E+00 -0.397898199241483E-01  0.642119265145319E-02  0.999187439130085E+00
-0.239571566130002E+00  0.859597589406432E-01  0.967065863602312E+00 -0.703452804537310E+00  0.305600379369011E+00  0.641687275795702E+00
-0.387075945029550E+00  0.263317639904781E+00  0.883649270522223E+00  0.542402273369881E+00 -0.470112110997317E+00 -0.696271769452727E+00
-0.190798720187520E+00  0.161086800503502E+00  0.968321687807492E+00  0.913390203952428E+00 -0.397054850680270E+00 -0.898096925449093E-01
 0.204649355475048E+00 -0.134811798986948E+00  0.969507307944376E+00 -0.304038236195173E+00 -0.937406000964254E-01 -0.948036629474247E+00
-0.136385858652900E+00 -0.572873629890768E+00  0.808216989264199E+00  0.686194754863198E+00  0.716772224634995E+00 -0.123993291713848E+00
-0.516794416148029E-01  0.516100388926340E+00  0.854967615681707E+00  0.169716902144405E+00 -0.884870097365726E+00 -0.433821488534717E+00
 0.521170478310466E+00  0.217390044497690E-01  0.853175684266243E+00 -0.877548737362622E+00  0.120711027237250E+00 -0.464044245149745E+00
-0.138910758372198E+00 -0.430923328249931E+00  0.891632708226018E+00 -0.786462372850959E-02  0.696378450016649E+00 -0.717631661819640E+00
 0.484804034927369E+00 -0.285518567479458E+00  0.826706837604856E+00  0.687753578968807E+00 -0.326511296189199E+00  0.648371335020639E+00
 0.133400496459599E+00  0.992914553754317E-01  0.986075815763555E+00 -0.490224091426545E+00  0.413130263643282E+00  0.767465781287381E+00
 0.621947657763522E+00 -0.151351406266211E+00  0.768292823618514E+00 -0.876668581215612E+00  0.288812361298011E+00 -0.384759169703430E+00
-0.168894002499255E+00 -0.396002110571152E+00  0.902583594102494E+00 -0.761361274453234E+00 -0.448048783252054E+00  0.468595025143568E+00
 0.122806444753947E-01  0.174657369038320E+00  0.984552684833007E+00  0.268054296478757E+00 -0.182124329397530E+00 -0.946032569619449E+00
 0.980071168458095E-01 -0.210395024756572E+00  0.972691389190453E+00 -0.474515196533002E+00  0.545020044200486E+00 -0.691222453106774E+00
-0.137057303069755E+00 -0.135418655187796E+00  0.981263004246249E+00 -0.164946902161682E-01  0.445446667798836E+00 -0.895156517789814E+00
 0.568264031433851E-01 -0.166629850425558E+00  0.984380644290074E+00 -0.457128782248765E-01 -0.208728000690566E+00  0.976904782715346E+00
 0.126497225293936E+00 -0.174666875697290E+00  0.976468091914468E+00 -0.255072958565185E+00 -0.216480499004120E+00  0.942376771445334E+00
-0.814758603730604E-01  0.319167070594269E+00  0.944189634143874E+00 -0.449575431462044E+00  0.804968797937788E+00  0.387178467599000E+00
-0.848155497435304E-01  0.450683169077073E+00  0.888645600693746E+00 -0.387466957638326E+00  0.895582880882430E+00  0.218633620947986E+00
-0.121778828322192E-01 -0.261738964460350E+00  0.965061870375650E+00  0.650766377041872E-01  0.985312368627593E+00 -0.157875164147503E+00
-0.365414727349526E+00  0.394448063323387E-01  0.930008701190197E+00 -0.637231078289037E+00  0.333119282411624E+00  0.694959061059107E+00
-0.189337280607721E+00  0.656875562441424E-03  0.981911891508891E+00  0.580400590600153E+00 -0.100858691665301E+00 -0.808061061273564E+00
 0.278480515012304E-01 -0.425743087202377E-01  0.998705118773594E+00 -0.428403607902855E+00  0.687050765862016E+00  0.586882947327859E+00
-0.194214797713272E+00 -0.608772449431736E-01  0.979068216927361E+00  0.355621512044286E+00  0.304109857953952E+00 -0.883770634535094E+00
-0.510648745998294E+00  0.211851208041993E+00  0.833280819328945E+00 -0.751003074265199E+00  0.640041046525272E+00  0.162301698102808E+00
 0.265183567645408E+00  0.271250001800637E+00  0.925257322032097E+00 -0.846795379637819E+00 -0.480268468128079E+00 -0.228647728057704E+00
-0.142541883004469E+00 -0.204699982273277E+00  0.968390277133584E+00  0.147607642955048E+00  0.155751533110113E+00 -0.976705402706007E+00
 0.946403522651194E-01  0.199408934222532E-01  0.995311792602025E+00  0.505105744895794E+00 -0.334181218375879E-01  0.862410236260049E+00
 0.148314151512457E+00  0.331445109964190E-01  0.988384719556079E+00  0.265790973173962E+00  0.111762886127115E+00  0.957530268902125E+00
-0.135345666773958E+00 -0.241455726967672E+00  0.960926991191332E+00  0.865700401105992E+00  0.642945407749447E-01 -0.496416183813001E+00
-0.177916338630398E+00 -0.641606092552164E-01  0.981951726241343E+00 -0.311689920347013E-01  0.253911339704408E+00 -0.966725155101001E+00
-0.149090130400437E+00 -0.504093735490594E+00  0.850683042534832E+00  0.204266629521005E-01  0.826427674104041E+00 -0.562672241109890E+00
-0.142204853749306E+00  0.277139951762173E+00  0.950247981690779E+00  0.380855963745469E-01  0.392514731946652E+00  0.918956839331229E+00
 0.107136353318317E+00  0.375387860428236E+00  0.920655068981192E+00 -0.756544847586876E-01 -0.965899909793175E+00 -0.247616161018285E+00
 0.499376232884418E+00 -0.181328018491037E+00  0.847197454989262E+00  0.673817011407096E+00  0.716046912768989E+00  0.182338843509573E+00
 0.540694051106193E-01 -0.524811201390546E-01  0.997157074617602E+00  0.753933095303789E-01 -0.544097896184276E-01 -0.995668330154040E+00
-0.421591358431912E+00 -0.632506051066814E-01  0.904577297664038E+00  0.742872676254065E+00  0.742548851740634E-01 -0.665301735232151E+00
 0.143196424186288E+00  0.363585896118566E+00  0.920489044065121E+00 -0.504791127338400E+00 -0.856916414022056E+00 -0.104308087605936E+00
 0.281635177241242E+00  0.775133964232073E-01  0.956385539578696E+00  0.995211835481509E+00  0.265932565540286E-01  0.940542461740909E-01
 0.193584855562846E+00 -0.144969977380385E+00  0.970313665447953E+00 -0.260285308620462E+00  0.156225275305251E+00 -0.952809121215865E+00
 0.516508822252081E-01 -0.275378542504642E-01  0.998285456644861E+00  0.100678647239261E+00 -0.233347711336050E+00  0.967167335885730E+00
-0.135175740795672E+00  0.197712661171563E+00  0.970895062667846E+00  0.748258326504334E-01  0.591875279593663E+00  0.802548907029405E+00
-0.254984831906480E+00 -0.154229039606078E-01  0.966822046465142E+00 -0.847268739899336E+00  0.274693573900105E+00  0.454619756332014E+00
-0.282396582485911E+00 -0.469615345551578E-01  0.958147579693495E+00 -0.707076223143238E+00 -0.163929028144814E+00  0.687873889893337E+00
-0.560737446548835E+00  0.209916633593987E-01  0.827727531321327E+00  0.725808581945959E+00  0.560787808606322E+00 -0.398395451896874E+00
-0.206807043623094E+00 -0.454625291769875E+00  0.866340978363041E+00 -0.185294314184179E-01 -0.833692064564397E+00  0.551918654924495E+00
 0.106890112183644E+00  0.454558684854263E+00  0.884279879868886E+00 -0.646879480882770E+00 -0.407125647390350E+00 -0.644822180488409E+00
 0.280263978273180E-01  0.801777616931961E-02  0.999575027844395E+00  0.364215695886296E+00  0.209013272580889E+00  0.907557369401565E+00
-0.426943842298212E+00  0.470721126179554E-01  0.903052142313677E+00 -0.752458556525701E+00  0.171544799791866E+00  0.635907620944762E+00
-0.853870496216113E-02 -0.155031163739808E-01  0.999843359682037E+00  0.947280994111443E-01 -0.990918892795424E+00 -0.954271192221736E-01
 0.137305918423561E+00  0.311209831196446E+00  0.940369887721072E+00 -0.387223834529069E+00 -0.430232271457588E+00 -0.815449504610217E+00
-0.259580622852398E+00 -0.173692243773095E+00  0.949973107352323E+00  0.401049015421448E+00 -0.682234899922352E-01 -0.913512584829988E+00
 0.150529334463154E+00  0.912151810164481E-01  0.984388495573885E+00  0.321304567921825E+00  0.913110574851838E+00  0.250982972980868E+00
-0.829056211843887E-01  0.273102577040442E-01  0.996183119612137E+00  0.793188089010583E-01  0.167697492082598E-01  0.996708233168568E+00
 0.284213625758051E+00  0.404383893074488E+00  0.869307932757653E+00 -0.135361067830858E+00 -0.943392744084646E+00 -0.302799457932361E+00
-0.151834242580644E+00 -0.245827034699088E+00  0.957348124660520E+00 -0.157332722101204E+00 -0.894032016241946E+00  0.419467720439353E+00
-0.693167545001983E-01 -0.144352355397298E+00  0.987095529843394E+00 -0.719742184722303E+00 -0.649583039530427E+00  0.244975636106078E+00
 0.202213144491996E-01  0.756811267700589E-01  0.996927011116040E+00  0.993683192785355E-01  0.321128702851455E+00  0.941807991752406E+00
-0.411260572510180E+00 -0.526438700644582E-01  0.909996354082386E+00 -0.542663280941109E+00  0.169802722806428E+00  0.822607803783647E+00
-0.330747031893192E+00 -0.162396194385569E+00  0.929641800341900E+00 -0.544520930794272E+00 -0.830360174898679E+00  0.118317098803065E+00
-0.181971836449081E-01  0.121105467082828E-01  0.999761070039147E+00  0.210025628269798E+00  0.400410465154051E-01 -0.976875606238495E+00
 0.523969281384401E-01  0.141713892410371E+00  0.988519971785880E+00 -0.255874427459475E+00  0.960933282010597E+00 -0.105524901784499E+00
 0.174108501722142E+00  0.848719244300492E-02  0.984689898999937E+00  0.294753388917764E+00 -0.889282349208400E+00 -0.349710370317899E+00
-0.896337109581932E-01  0.274223602533968E+00  0.957479615278130E+00  0.178321713720707E+00 -0.393673585965392E+00 -0.901788486358558E+00
-0.174736287492757E+00  0.466650747157269E+00  0.867008829257702E+00  0.115027868011565E+00 -0.813845761324621E+00 -0.569582010209822E+00
 0.320761747223234E+00  0.434981182258653E+00  0.841369878590364E+00 -0.369732961187959E+00 -0.883739558735763E+00 -0.286883129055547E+00
 0.112477154844351E+00 -0.131740876758895E+00  0.984882343749200E+00 -0.508176227371858E-01  0.259366104003496E+00  0.964441181883783E+00
-0.288648556038001E+00 -0.409791521651220E-01  0.956557745347872E+00 -0.518411796743804E+00 -0.183243833944029E+00  0.835266967093967E+00
 0.154767841077316E+00 -0.465627839941913E+00  0.871342429839896E+00  0.519853914598150E+00 -0.664667620460300E+00  0.536627302500182E+00
-0.402408024007886E-01 -0.380158622600689E+00  0.924045507258429E+00  0.489128251041309E+00  0.499191524617898E+00 -0.715235189139159E+00
 0.188559541672716E+00 -0.970190486778654E-01  0.977257695512201E+00 -0.857290009335621E+00  0.295596419271562E+00 -0.421517018407515E+00
-0.116024137506365E+00  0.193875876816253E-01  0.993057158959036E+00  0.861672970945164E-01 -0.696955676066229E-01 -0.993839888899322E+00
 0.368614784452078E+00 -0.274275488948693E+00  0.888198230602439E+00  0.854167802154277E+00 -0.141542269228026E+00  0.500363020001192E+00
 0.264931626260892E+00  0.421549094555937E+00  0.867241370257340E+00  0.604726953520037E+00 -0.795185487141657E-01  0.792453223917203E+00
-0.214950782502775E+00 -0.118750123901843E+00  0.969378444764861E+00 -0.639194410517846E+00 -0.696197480080061E+00  0.326710229856544E+00
 0.125332574130718E+00 -0.576944438955812E-01  0.990435811653308E+00 -0.973918356983383E-01 -0.216348116397539E-01 -0.995010937258792E+00
-0.290075799495946E+00  0.140739630337021E+00  0.946598323999882E+00  0.184324440889514E+00 -0.982863138027516E+00  0.213363480294655E-02
-0.481769101094202E+00  0.154784638965826E+00  0.862519709207334E+00  0.640059934104513E+00 -0.419920833531258E+00 -0.643420371390695E+00
-0.638846286524887E-01 -0.657594871805441E-02  0.997935624737583E+00  0.500354973680317E+00  0.340292277845910E+00 -0.796144500672969E+00
 0.786127332264553E-01 -0.119814393729369E+00  0.989679013231022E+00  0.439047522992395E+00  0.829349708416538E+00 -0.345566684886789E+00
-0.900901994556809E-01 -0.259381488946451E+00  0.961563829994639E+00  0.308976230428454E+00  0.822263525739721E+00 -0.477929265967576E+00
-0.441954792247860E+00  0.129042281444823E+00  0.887707187764449E+00  0.890943968725734E+00 -0.359983275132790E+00 -0.276822842655566E+00
 0.545185218952150E+00 -0.365203479533052E+00  0.754585644955593E+00 -0.792339574704620E+00  0.587370873289003E+00 -0.164904383109169E+00
 0.905299183645583E-01 -0.511549561857055E-01  0.994579058867894E+00 -0.119037923201378E+00 -0.765621683127686E-01  0.989933435753713E+00
-0.836181072907851E-03 -0.678129078030076E-01  0.997697704886863E+00  0.885969811067142E-02  0.889305185196265E-02 -0.999921206584872E+00
-0.113776576062495E+00  0.153271007925063E+00  0.981612392377526E+00  0.946227511755831E+00 -0.528545454120744E-01  0.319154967101644E+00
-0.222206409092352E-01 -0.129353354621132E+00  0.991349561338402E+00  0.266416406969525E+00  0.809912085412778E-01  0.960449229390326E+00
-0.470044222832333E+00  0.276472775080338E+00  0.838225049268587E+00 -0.811426934044807E+00  0.482870440532825E+00  0.329275672296451E+00
 0.257602089840993E+00 -0.191252471178614E+00  0.947134444299027E+00 -0.936048972133111E+00  0.335480077751672E+00 -0.106138773312484E+00
 0.409083165664685E+00 -0.880090864294885E-01  0.908243009483479E+00 -0.344402919373037E+00  0.120326310027358E-01 -0.938744824176667E+00
 0.119212339073678E-01  0.504582434894854E+00  0.863281211759937E+00  0.384941589377592E+00 -0.873921319063995E+00 -0.296785277351995E+00
-0.289053813449084E+00 -0.246102807791176E-01  0.956996461336464E+00 -0.754435391406123E+00 -0.379298868083229E+00  0.535686110389910E+00
-0.247376599772863E+00 -0.593016865499412E-01  0.967102956182613E+00  0.438321870028144E+00  0.383907684213788E+00 -0.812704637772319E+00
-0.464139664489013E-01  0.134501646316825E+00  0.989825767929156E+00  0.109153283013413E-01  0.886223919710834E-01  0.996005485551861E+00
-0.582614795146793E+00 -0.337473666019631E+00  0.739372386027048E+00  0.692329823059766E+00  0.335527067701587E+00 -0.638827835133698E+00
 0.118513705705452E+00  0.198480307687279E-01  0.992754026551676E+00  0.496961888244382E-01  0.153942873292856E-01  0.998645735350604E+00
 0.533844041822836E+00 -0.590855173354666E-01  0.843516117600285E+00  0.654385434463894E+00  0.241194313583427E+00  0.716662407453133E+00
 0.794075667217484E-01 -0.734825916952235E-01  0.994130145939194E+00 -0.130475721448066E+00 -0.906360305327356E-01  0.987299952436885E+00
-0.339329022302192E+00  0.123887194686956E+00  0.932474009083382E+00  0.563030392926667E+00 -0.236114944129207E+00 -0.791988958129912E+00
-0.193633303031881E+00 -0.959141531449111E-01  0.976374220872027E+00  0.487404242583816E+00  0.444545425262516E+00 -0.751542726123715E+00
-0.673934922848631E-01  0.279481696891007E+00  0.957782907709557E+00 -0.437561250814569E+00  0.742500049487960E+00  0.507182243671806E+00
-0.309727191056901E+00  0.506656046713000E-01  0.949474625054979E+00 -0.106791160687558E+00  0.337401845237812E-01 -0.993708834592561E+00
 0.108158450987722E+00 -0.140450817859050E+00  0.984162241321349E+00  0.249745621862629E+00 -0.265741267917036E+00  0.931133021048172E+00
-0.517956410856395E+00 -0.166469579467175E+00  0.839052462939466E+00 -0.579151126447587E+00 -0.541175159269435E+00  0.609683048578680E+00
 0.957320113709376E-01  0.183864699100615E+00  0.978278669103807E+00 -0.231355613973837E+00  0.205334652430443E-01 -0.972652536462997E+00
-0.449756731782408E-01  0.494213614758340E+00  0.868176302262196E+00 -0.614523424359469E+00 -0.786362127777815E+00 -0.632104810158875E-01
 0.191858593439148E+00  0.176071961425971E+00  0.965499323937186E+00  0.196588924980472E+00  0.947661118769555E+00  0.251577420583523E+00
-0.311117889944932E+00  0.108728723652855E+00  0.944131200209502E+00  0.882400354037831E+00  0.933144695310886E-01 -0.461152930132773E+00
 0.163832722888463E-01 -0.313104326800445E-01  0.999375427551877E+00 -0.606205622523234E-01  0.751148515907287E-01 -0.995330551376132E+00
-0.159431339389808E+00 -0.162107450431829E+00  0.973808411616404E+00  0.398627527495209E+00  0.534886830754207E+00 -0.744977967868028E+00
-0.111771483935082E+00 -0.145486453710322E+00  0.983026361378851E+00 -0.107702562344942E+00  0.675099780220010E+00 -0.729822200821013E+00
-0.290446240399579E+00  0.239873198542335E+00  0.926337859562492E+00 -0.357923204840091E+00  0.132775288215356E+00  0.924262788538156E+00
-0.130624459249098E-01  0.328273544980018E+00  0.944492378038442E+00 -0.235308884628674E+00  0.566463110450286E+00  0.789777989889435E+00
-0.654993306480790E-01 -0.246548569695663E-01  0.997547981659260E+00 -0.391822006581251E-01  0.804092610635223E-01 -0.995991518983372E+00
 0.233257247799107E+00  0.354058923694886E-01  0.971770281051394E+00  0.113937080736734E+00 -0.284452541940360E-01  0.993080665981887E+00
 0.978382032562143E-01  0.407465884797835E+00  0.907964337796101E+00 -0.392615837286375E+00 -0.416963547974745E+00 -0.819752526054194E+00
 0.831787482634593E-01  0.107505770876838E+00  0.990718832497647E+00  0.960895941117739E+00  0.385423010606962E-01  0.274214298263970E+00
 0.547656712020514E+00 -0.191284101010034E+00  0.814544362499467E+00 -0.349682110868203E+00  0.551507355904647E+00 -0.757338799825958E+00
 0.293164799835318E+00 -0.244197120083569E+00  0.924349591161487E+00 -0.722376901191898E+00  0.622147512995188E+00  0.301834531984485E+00
 0.293737986141414E+00  0.182882938894470E+00  0.938228024607509E+00  0.437601999460571E+00  0.240378470372056E+00  0.866442543420913E+00
-0.273144359310914E+00  0.278623031746967E+00  0.920739575100777E+00 -0.601830524896122E+00  0.443522979919728E+00  0.664144100016241E+00
 0.412557826806443E+00  0.240317576697914E-01  0.910614360837806E+00 -0.963752078291714E+00  0.567504470807381E-01 -0.260693916968807E+00
-0.187642560947117E+00  0.413376178116274E+00  0.891016500794004E+00 -0.147885371159253E+00  0.374305969087532E+00  0.915437031424081E+00
 0.213310467104694E+00 -0.414019765993151E-01  0.976106818415509E+00 -0.947169287333104E+00  0.319678611568354E+00  0.259985853197598E-01
-0.735851945916075E-01 -0.195201367022001E+00  0.977998796241415E+00 -0.105264942051605E+00  0.365049304254259E+00 -0.925017998440222E+00
-0.183735751013773E+00 -0.269436824594141E+00  0.945327970257958E+00  0.357230035697597E+00  0.934001405966912E+00 -0.529860805545372E-02
 0.330940268091719E-02  0.179320891008645E+00  0.983785070989472E+00  0.769494714250098E+00 -0.401683316027741E+00 -0.496516261935213E+00
-0.393585984382329E+00 -0.202377647277310E+00  0.896734833036107E+00 -0.394912795793454E+00 -0.533471424030309E+00  0.747965322365731E+00
-0.113937774804096E+00  0.282306241015610E+00  0.952534182985748E+00  0.576582315928831E+00 -0.808360012451589E+00 -0.118772569339104E+00
 0.141188821952256E+00 -0.593172108643850E-01  0.988204019952866E+00 -0.350529298296079E-01  0.100932369130097E+00  0.994275590051444E+00
 0.131838114949055E+00 -0.754107512334864E-01  0.988398669588886E+00  0.576702544999855E+00 -0.639144841103385E+00  0.508830076431827E+00
 0.311939765751880E-01 -0.565910175489652E-01  0.997910012254712E+00  0.313700754154134E+00  0.313632187309670E+00 -0.896229149228299E+00
-0.240384423039781E-01 -0.126961051119500E+00  0.991616379851720E+00  0.533234385482771E-01 -0.473670632029176E-01 -0.997453243127175E+00
 0.217718663610736E+00  0.273688055270048E+00  0.936852940390355E+00 -0.228406344588966E+00  0.135224997218893E-01 -0.973471973789065E+00
 0.240054484641638E-01  0.404507248457985E+00  0.914219680595963E+00  0.372511247193904E+00 -0.886320895477620E+00 -0.275082971035636E+00
-0.230195625588424E+00  0.377589714894929E-01  0.972411555891851E+00  0.120714894404978E+00  0.161624506965041E+00 -0.979441388250008E+00
 0.206759750850829E+00  0.286681867158938E+00  0.935448508722083E+00 -0.653752507549425E+00 -0.477924406912601E+00 -0.586682128712029E+00
-0.578699002874886E-02 -0.137952944868994E+00  0.990421877660414E+00  0.514092578949971E-01  0.715436882953178E+00  0.696783434585616E+00
-0.397933039131374E+00  0.266683664072895E+00  0.877797880883933E+00  0.249303139256126E+00 -0.924382832944990E+00 -0.288728805133181E+00
-0.629448696298604E-01  0.133726978312707E+00  0.989017208474470E+00  0.129097870858324E+00 -0.597464063234151E+00 -0.791435678298360E+00
-0.369352539877067E+00  0.108841374080533E+00  0.922893415609094E+00  0.819743617280853E+00 -0.217704078204051E+00 -0.529740819892735E+00
 0.229895612514468E+00  0.615387499531676E-01  0.971267722927515E+00 -0.931706777866545E-01 -0.678119041464317E-01 -0.993338195408196E+00
-0.415796343109579E+00  0.198018616097138E+00  0.887638456093288E+00 -0.930002858141603E+00  0.277274247447611E+00  0.241275103462440E+00
 0.211294208887997E+00  0.153219847619737E+00  0.965338508289077E+00  0.624195016683157E+00  0.252793512299538E+00  0.739240164822757E+00
 0.596413906662863E-01  0.406397309265199E+00  0.911747844275707E+00  0.989879029234416E-01  0.499163889912487E+00  0.860834947061429E+00
 0.209069890192418E+00 -0.374664727740298E+00  0.903280755248455E+00  0.203320490526683E+00 -0.446350750910417E+00  0.871453834287104E+00
-0.199377137456450E+00 -0.235610978460548E+00  0.951176231772291E+00 -0.705118728609796E+00 -0.325945040329350E+00  0.629735983764945E+00
 0.323706680269686E+00 -0.168289401706560E+00  0.931070707530866E+00 -0.830259776736445E+00  0.528417172117763E+00 -0.177324548059807E+00
-0.373250793017745E+00  0.197137930892341E+00  0.906543149395058E+00  0.727307129434229E+00 -0.237790272727975E+00 -0.643801309155315E+00
 0.544590532920230E-01  0.198899223549508E+00  0.978505651688297E+00 -0.994368631496201E+00 -0.509786825899232E-01 -0.929096260770020E-01
-0.259039250826119E+00 -0.467693477482260E+00  0.845080752148571E+00 -0.469017884725042E+00 -0.823733654975547E+00  0.318567244814458E+00
 0.284215485143357E-01  0.302475239073887E+00  0.952733407269443E+00  0.924024998408647E-01  0.971976327198713E+00  0.216156881427493E+00
-0.252617631564454E+00 -0.400609005254441E+00  0.880736485636772E+00 -0.595523524001999E+00 -0.277694491004695E+00  0.753815297023007E+00
 0.828250494868608E-01 -0.245887421966847E+00  0.965753274338740E+00 -0.171409267320483E+00 -0.814448257118379E-01 -0.981827685208267E+00
 0.112769883769440E+00  0.447185454452375E+00  0.887303850234433E+00 -0.379122502723290E+00  0.489064594533645E+00  0.785545638586627E+00
-0.412148101953463E+00  0.662214633456765E-01  0.908707136457349E+00 -0.795531006962636E+00  0.274348840368555E+00  0.540243584644412E+00
-0.223940365922718E+00 -0.290638287955064E+00  0.930258081440279E+00  0.490746585913551E+00  0.511895308558364E+00 -0.705075160170979E+00
-0.445492217387513E+00  0.106091488993513E+00  0.888977660130048E+00  0.972871863116851E+00 -0.205882478701626E+00 -0.105511814121553E+00
-0.855492823697626E-01 -0.451042928478773E-01  0.995312475081425E+00  0.710861493511087E+00 -0.140126756297488E+00 -0.689231767414076E+00
 0.467014989536114E-03  0.347872645071395E+00  0.937541681584361E+00  0.171047374972122E+00 -0.631032089358572E+00 -0.756664587327107E+00
 0.264731960489273E-02  0.445487845455620E+00  0.895284072934518E+00  0.329900698423364E-01 -0.443721982398446E+00 -0.895557065534180E+00
-0.636119148539448E-01  0.572495967905274E-03  0.997974547038641E+00 -0.758729199771968E+00 -0.210108678296355E+00  0.616590905477812E+00
 0.806626135158057E-02  0.230728707037829E+00  0.972984685992775E+00 -0.132870180201585E+00  0.988780657062418E+00  0.682519408691903E-01
-0.190515327176094E+00 -0.281009106265308E+00  0.940605013970773E+00  0.434733734671562E+00 -0.899570275612478E+00  0.421888512880664E-01
 0.856471097052775E-01  0.703418871575695E-01  0.993839318758442E+00 -0.701962548787283E+00  0.650064493934621E-01  0.709240961618346E+00
-0.134280613980105E+00 -0.362610062380403E+00  0.922216167375961E+00  0.502439788800871E+00  0.813351993668029E+00 -0.293279377089454E+00
-0.912994141302856E-01 -0.809465547826426E-01  0.992528121641038E+00 -0.456042153189533E+00 -0.883049316679120E+00  0.110677273307545E+00
 0.110733025107946E+00 -0.133166526280942E+00  0.984888254285079E+00  0.192570260500172E-01  0.462074442607212E-01  0.998746233556153E+00
 0.582307473680666E+00 -0.469449877180076E+00  0.663727970565692E+00 -0.889057807905251E+00  0.455163537169683E+00 -0.490139636623364E-01
 0.101724384731157E+00  0.591968169359324E-01  0.993049790501826E+00  0.420477852262030E+00 -0.349773854950420E+00  0.837171802051546E+00
 0.477044402623390E-01 -0.221534946543914E+00  0.973984883783646E+00  0.519655836722229E+00  0.388201829922456E+00 -0.761089449805591E+00
 0.266994875465227E+00  0.277085114001215E+00  0.923004645749003E+00  0.739908968831032E+00  0.136553353329423E+00  0.658701677193772E+00
-0.188865516088376E+00 -0.191894727743010E+00  0.963071248816570E+00 -0.517884316539468E+00 -0.744601504622873E+00  0.421146570680330E+00
-0.193657193038427E+00  0.283579024421315E+00  0.939191050049314E+00  0.551996045965654E+00 -0.377263916588576E+00 -0.743621074525549E+00
-0.148063574429729E+00  0.253634875359037E+00  0.955900898591846E+00 -0.416545617885661E+00  0.424356552761400E+00  0.803997054937837E+00
-0.347347701699508E+00 -0.258425948128980E+00  0.901424208382329E+00  0.559908427293770E+00  0.559201091834741E+00 -0.611389149344548E+00
 0.208323220910112E+00 -0.142004110497454E+00  0.967696371922238E+00 -0.119128508307660E+00 -0.184249917766148E-01 -0.992707871524359E+00
 0.100495050899663E+00 -0.624153958941480E+00  0.774811319149605E+00  0.488644633293496E-01 -0.946687429649959E+00  0.318426089958546E+00
 0.238371279844663E+00 -0.194406503282126E+00  0.951517337953878E+00  0.749505178365899E-01  0.161368365100269E+00 -0.984044038964158E+00
-0.714113889275560E-01  0.230017981627294E+00  0.970562796350418E+00  0.861819725053087E+00 -0.503519270218488E+00 -0.611155138083836E-01
 0.184164127936752E+00 -0.239192351745015E+00  0.953347047432353E+00  0.159525297512683E+00  0.247904117646620E+00 -0.955560164462364E+00
 0.239050356192018E+00  0.447098327509941E+00  0.861950121957345E+00 -0.727506536229471E+00 -0.616436496330282E+00 -0.301231282796863E+00
-0.187464391593282E+00  0.123008409213156E+00  0.974538882316867E+00 -0.540079714755435E+00  0.335762220714248E+00  0.771736763962120E+00
-0.928614526325198E-01  0.231529609243946E+00  0.968385662150325E+00  0.316038169422673E+00 -0.282238141155565E+00 -0.905793302660722E+00
-0.440447227866844E-01  0.460464950738298E+00  0.886584508964724E+00 -0.139438478924241E+00  0.900067052925032E+00  0.412839206997278E+00
 0.368437607566074E+00 -0.110065382542301E+00  0.923113937115460E+00  0.664533707723030E+00 -0.394453257133747E+00  0.634666510252795E+00
-0.149024180224174E+00 -0.438240390175258E-02  0.988823840855668E+00 -0.666483356609832E-01 -0.219992073328615E+00 -0.973222218728178E+00
 0.187704986625587E+00 -0.625125767454118E+00  0.757617722113724E+00  0.411421612587900E+00 -0.903459461209817E+00  0.120387950584926E+00
-0.197051028307955E+00  0.298544846707152E+00  0.933831819305479E+00  0.366482128774562E+00 -0.723070158673835E+00 -0.585542820743505E+00
-0.341362280400256E+00 -0.172930627200123E+00  0.923886785107412E+00 -0.547401094782524E+00 -0.841116911981955E-01  0.832632731061345E+00
 0.636659946600026E-01  0.173959036037331E+00  0.982692675715513E+00  0.382684711450644E+00 -0.142879180244444E+00  0.912763907850553E+00
 0.182566158437168E+00 -0.537515966542276E-01  0.981723160392285E+00 -0.109244191687427E+00 -0.839095236943052E+00 -0.532902326812375E+00
-0.422956121873191E+00 -0.312223641510762E-01  0.905612104019601E+00 -0.345857298688283E+00 -0.748454838002980E-01  0.935297216129046E+00
-0.227900418614038E+00 -0.167671956393074E+00  0.959138944175903E+00  0.975344778202317E+00  0.685273084328836E-01 -0.209777433563329E+00
 0.208168016429845E+00 -0.243239494824422E-01  0.977790582086593E+00  0.216437002292261E+00 -0.973527663198221E+00  0.734772959937343E-01
-0.695455224397068E-01 -0.146124176552079E+00  0.986818699324027E+00  0.230687008752772E+00  0.124268763986157E+00 -0.965059986886852E+00
 0.734662499861399E-01  0.239065472858156E+00  0.968220227944077E+00  0.391633652164997E-01  0.289735290085845E-01  0.998812677853915E+00
 0.185776608687550E+00 -0.306910338474391E+00  0.933430820040825E+00  0.278955752348203E+00 -0.396016819434707E+00  0.874845338878060E+00
-0.600522067226637E+00  0.853315475756996E-01  0.795041994967676E+00 -0.859847223881169E+00  0.128325862355998E+00  0.494161132257926E+00
 0.537478291663239E-01 -0.728874141689824E-01  0.995890855322845E+00 -0.346303052784707E+00 -0.610306626007906E+00 -0.712460537772331E+00
-0.502260181126282E-01  0.636992126860720E-01  0.996704448373601E+00 -0.412992747107716E+00  0.900519132683956E+00  0.136023095489546E+00
 0.790809911849088E-01  0.602412368359877E-01  0.995046325664128E+00  0.324336629651988E+00 -0.529890483644611E+00  0.783595447925057E+00
-0.143901147646338E+00 -0.236022116077689E-01  0.989310565653318E+00 -0.295394292591504E-01  0.325277951881599E+00 -0.945156958467088E+00
-0.263551083605562E-01  0.645963429654971E-01  0.997563391839730E+00  0.741437052618001E+00 -0.671007266116612E+00  0.451063452771596E-02
 0.163133391967232E-01 -0.232454246899903E+00  0.972470512695604E+00 -0.437089157605506E+00 -0.897888108370362E+00  0.524405677963352E-01
 0.171600970436890E+00 -0.444125322335665E+00  0.879378078533551E+00  0.212643959171637E+00  0.843014997625513E+00 -0.494073132649678E+00
 0.146881304438901E+00  0.248299389885650E+00  0.957482791171069E+00 -0.117089225748626E+00 -0.376597705641813E+00 -0.918947376795271E+00
 0.170706725876391E-01  0.238934629146475E+00  0.970885593225094E+00  0.110303298511602E+00  0.307245359023442E+00  0.945216097882393E+00
 0.336368575137608E+00  0.189256143820215E+00  0.922517367688109E+00 -0.200300594961717E+00 -0.208102351297884E+00 -0.957378234055002E+00
-0.540595245905207E+00  0.264518755333566E+00  0.798615431970526E+00  0.835675265241426E+00 -0.479408850613064E+00 -0.267981351995868E+00
-0.406955258417554E-01  0.122706134324413E+00  0.991608329319405E+00  0.505181783592150E-01 -0.172254198117456E+00 -0.983756273111475E+00
 0.561257483490051E-01  0.181998750112536E+00  0.981695653107285E+00  0.681668780623127E-01  0.115804114902345E+00  0.990930211320112E+00
 0.191934172622229E+00  0.280247749823390E+00  0.940543710892134E+00 -0.791052055683282E+00 -0.547703958673708E+00 -0.272501410734702E+00
 0.338944012277119E-01  0.733018881973559E-01  0.996733666910132E+00 -0.827162373900389E-01 -0.563802977537163E+00 -0.821756792848264E+00
 0.234718597746953E-01 -0.249291100711483E+00  0.968144110607907E+00  0.152168753608402E+00  0.522398898571122E-01  0.986972980548598E+00
 0.406369639660812E+00 -0.216129079852567E+00  0.887779216249189E+00  0.779945899779133E+00  0.100336973597012E+00  0.617751475228600E+00
 0.190236392974774E+00  0.217445233670219E+00  0.957354524270947E+00  0.649758651342348E+00  0.693049421428044E+00  0.312243806125960E+00
-0.209847113920902E+00 -0.483697556683030E-01  0.976537022091665E+00 -0.645437540491656E+00  0.309647548741820E+00  0.698232609437760E+00
-0.169353908396047E+00  0.306064683844378E+00  0.936826378265591E+00  0.192954914022904E+00 -0.712809302562120E+00 -0.674293184998423E+00
 0.292055673333816E+00  0.121370725312100E+00  0.948668873058849E+00 -0.419869656488171E+00 -0.907104372276533E-01 -0.903039915030600E+00
 0.105007682916817E+00 -0.864083236061449E-01  0.990710345227109E+00 -0.982690891680053E+00 -0.144744617767847E+00 -0.115618368074896E+00
-0.332278790448994E+00  0.416968390988002E+00  0.846007190474543E+00 -0.529334739623974E+00  0.432132822076554E+00  0.730113660679879E+00
 0.118898797937189E+00 -0.730066012551528E-01  0.990218719284918E+00  0.274049920392420E+00 -0.611408642940160E+00  0.742345009056423E+00
-0.168528968812970E+00  0.483923170299153E+00  0.858729498688880E+00  0.140646723838314E+00 -0.863383540297825E+00 -0.484548616153574E+00
 0.223279745036125E+00  0.248314317769476E-01  0.974438071635396E+00 -0.531848071356356E+00 -0.846678693177530E+00  0.165172489753642E-01
 0.317739468268468E+00  0.732109109096901E-01  0.945347445560755E+00  0.479534870669173E+00 -0.183452687083059E+00  0.858132518562434E+00
-0.380474316838183E+00  0.320938402328610E+00  0.867316456743026E+00 -0.301256865199579E+00  0.396350154965882E+00  0.867266311941519E+00
 0.409602281110645E+00  0.394831538901397E+00  0.822395298623303E+00  0.565066495027600E+00  0.754683761467063E+00  0.333395075511244E+00
