#          Em_x [n.u.]            Em_y [n.u.]            Em_z [n.u.]            En_x [n.u.]            En_y [n.u.]            En_z [n.u.]
 0.322969193485989E+00 -0.208121107312616E-01  0.946180614949344E+00  0.742037872772224E+00  0.180184476667179E+00  0.645688275981412E+00
-0.140052434223020E+00  0.314438218669988E+00  0.938889728513339E+00 -0.462182316903379E+00  0.879636023141336E+00  0.112374252984921E+00
-0.375894115536683E+00 -0.638049708330548E-01  0.924463379264905E+00 -0.589311135306506E+00 -0.684384304984282E-01  0.805002215546435E+00
-0.477658413348661E+00  0.210648702681685E+00  0.852918263502291E+00  0.893920503264402E+00  0.333259801697511E+00 -0.299739951317894E+00
-0.403152133388981E-01  0.287675906091010E-01  0.998772801644091E+00  0.629951274490549E+00 -0.776547203841750E+00  0.116546974775170E-01
-0.447034162291789E-01  0.302356181416876E+00  0.952146177924612E+00  0.890935065479405E-01  0.526763784256512E-01 -0.994629351189150E+00
-0.428035349702343E+00  0.625387153903973E-01  0.901595612501809E+00  0.905464972493639E+00 -0.178404676888058E+00 -0.385103823470452E+00
-0.185061868511315E+00  0.808030168557543E-01  0.979399294103334E+00 -0.271355745722995E+00  0.391463067154098E-01  0.961682705435457E+00
 0.404616182447317E+00 -0.664089439971026E-01  0.912072144656852E+00 -0.872810790385030E+00  0.847006530020672E-01 -0.480652809799842E+00
 0.291871627486900E+00  0.435337215099085E-01  0.955466256944559E+00  0.355272898011936E+00  0.739122480409994E-01  0.931835901609144E+00
-0.303078847000980E+00  0.544720579175034E-01  0.951407382463889E+00  0.350438041664012E+00 -0.934977666197687E+00 -0.548629443815961E-01
 0.210245712423121E-01 -0.227523875627590E+00  0.973545506601247E+00  0.444453567831381E-01  0.208467646692296E-01  0.998794284456637E+00
 0.546167204240803E-01 -0.811176532373194E-02  0.998474442894484E+00 -0.462715902439262E-01 -0.211640276106594E-01  0.998704672999778E+00
-0.133954796379270E+00 -0.207276735856419E+00  0.969067834209606E+00  0.509718471079049E+00  0.405211667874725E+00 -0.758940435382791E+00
-0.645537509957012E-01 -0.648682959117484E-01  0.995803654049276E+00 -0.131046052500866E+00  0.176904087782127E+00 -0.975464953675894E+00
-0.102030237239757E+00  0.167562645501088E+00  0.980567483920141E+00 -0.113452479998382E+00  0.730572095688586E+00  0.673344598094768E+00
-0.463990034683389E+00 -0.598475251312029E-01  0.883816452353190E+00  0.121365098170377E+00  0.652453062264185E-01 -0.990461287967135E+00
 0.161563649655349E+00 -0.228025278933854E-01  0.986598820104562E+00 -0.118580794781753E+00 -0.372350070239327E+00 -0.920485752362141E+00
 0.230268485360993E-01  0.829961244339533E-01  0.996283798711712E+00  0.720117422401294E+00  0.557906905327595E+00 -0.412517615311035E+00
-0.405984436303933E-01  0.298669893314666E+00  0.953492559594565E+00 -0.891516150755757E+00 -0.451569507105457E+00  0.358320135377871E-01
 0.458004799271097E+00  0.951659530484329E-01  0.883841074642396E+00  0.784589500280870E+00  0.315925565426017E+00  0.533488850079611E+00
-0.199905052292241E+00 -0.417822231191955E+00  0.886263252758351E+00  0.187562015246053E+00  0.689737655638542E+00 -0.699344304925040E+00
 0.304758092630784E+00 -0.454826632348853E+00  0.836812547397712E+00  0.564604099919631E+00 -0.528775890234356E+00  0.633733594076255E+00
 0.327396997755957E+00  0.187284022550952E+00  0.926140324549968E+00 -0.621989571406569E+00 -0.808009226898109E-01 -0.778845417238844E+00
-0.272500018815513E+00 -0.208201772377911E+00  0.939359229328292E+00  0.448906738122236E+00  0.731214223809093E+00 -0.513622915539913E+00
-0.232962110941468E+00  0.206874091404750E+00  0.950227217654364E+00  0.377475495331420E+00 -0.669527061556552E+00 -0.639723193473356E+00
-0.964129073651030E-01 -0.297686949749570E+00  0.949782623152374E+00  0.948413681496572E-01 -0.556333716190963E+00  0.825528867524724E+00
 0.165643153255202E+00 -0.272899592619919E+00  0.947675133222116E+00  0.789492178038229E+00 -0.123761634168352E+00  0.601153190729645E+00
-0.877129414904324E-01  0.209776634957725E+00  0.973807066785259E+00  0.363553086651928E+00 -0.732367716082632E+00 -0.575731431854963E+00
-0.910339942357554E-01 -0.778187341182208E-01  0.992802627169027E+00  0.100874200998300E+00 -0.833862073041263E+00  0.542677103548954E+00
-0.927780218871751E-01 -0.237209450621740E+00  0.967018053187444E+00 -0.220380526878610E+00  0.311477529935762E-01  0.974916530199462E+00
-0.557941956766849E+00  0.180918219109311E-01  0.829682745909015E+00  0.936856253602523E+00 -0.345748388024009E+00  0.525205889594249E-01
 0.397229074121613E+00 -0.209547425922053E+00  0.893475762940399E+00  0.946178526661878E+00  0.667881022607207E-01  0.316678930591173E+00
-0.158022297738307E+00  0.878945810892356E-01  0.983515884992537E+00  0.295418844041284E+00  0.493793512674620E+00 -0.817860424171369E+00
-0.219114717709267E+00  0.212698033489119E-01  0.975467239813151E+00 -0.591462741951087E+00  0.747242777039034E+00  0.302985242291920E+00
-0.107618345731647E+00 -0.144161314467701E+00  0.983684810837764E+00 -0.250107801592001E+00  0.509565936591819E+00 -0.823279201637038E+00
 0.254241484768053E-01  0.387785481385039E+00  0.921398954362985E+00 -0.185521477654944E+00  0.560585267251773E+00  0.807047668647264E+00
 0.500343169415142E-02  0.246487122074484E+00  0.969133150977058E+00 -0.121418495555228E+00  0.135939894550929E-01  0.992508313510673E+00
-0.284232848283562E-01 -0.335382264847330E-01  0.999033184756055E+00 -0.478826053186501E-01  0.677882531337861E+00 -0.733609248725009E+00
 0.181630002132044E+00 -0.225168526153702E+00  0.957240657909642E+00 -0.607985479592452E+00 -0.194304931028818E+00 -0.769804683268829E+00
-0.217975851843127E+00  0.148146183614471E+00  0.964644616578422E+00 -0.152468920289325E+00 -0.986585476077269E+00 -0.583294671602309E-01
-0.146852870186752E-01  0.410502871702078E+00  0.911741045840060E+00  0.201536004163099E-01 -0.140723095668266E+00 -0.989843847652649E+00
-0.273774710687351E+00 -0.454321919328135E+00  0.847725781963753E+00  0.602615721698254E-01 -0.993131111491798E+00  0.100295255653929E+00
-0.217006412009757E+00 -0.359496284346193E+00  0.907563021882190E+00 -0.417934409678723E+00 -0.880186067595076E+00  0.224951807323289E+00
 0.147140051868646E+00  0.302441281215977E+00  0.941742574461052E+00 -0.790483804301944E+00 -0.477446069590007E+00 -0.383641246178484E+00
 0.942243838458854E-01 -0.377581125002561E+00  0.921170049193233E+00  0.121641257407838E+00  0.394636009407297E+00 -0.910750143878838E+00
 0.117478581368450E+00 -0.399024002778573E+00  0.909383652880467E+00  0.193516192487909E+00  0.931421038503850E+00 -0.308230972287655E+00
-0.134766188272976E+00 -0.378924559594639E-02  0.990870181263008E+00  0.586387381796867E-01 -0.258707328974936E+00  0.964174266571842E+00
-0.212738914431132E+00 -0.770654846121686E-01  0.974065226444387E+00  0.680068664725163E+00 -0.642886803285047E+00 -0.352424700355788E+00
 0.604041610704770E-01 -0.499387406268623E+00  0.864270533910343E+00  0.310875886854453E+00  0.941480643380694E+00 -0.130270415336454E+00
-0.198856341949215E-03 -0.150706265298044E+00  0.988578566455935E+00 -0.659893822537375E+00  0.460277647638713E+00 -0.593872570558015E+00
-0.117812077098550E-01  0.214707290182384E+00  0.976607384104500E+00 -0.902146793523753E+00 -0.366372457889452E+00 -0.227820949508277E+00
 0.472527363549772E+00  0.303501874970414E+00  0.827408304639339E+00 -0.678238933570534E+00 -0.353817089141369E+00 -0.644053892481549E+00
 0.416195332543076E+00 -0.246498432328565E+00  0.875225666916206E+00  0.542578529585212E+00 -0.341351170382694E+00  0.767520630153688E+00
-0.518595188877648E+00 -0.390059959585740E-01  0.854129710496150E+00 -0.957715267502636E+00  0.676596574496799E-01  0.279649132210609E+00
-0.361411877478227E-01 -0.556709509987292E+00  0.829920680570069E+00  0.372818530500395E+00 -0.897034499657479E+00  0.237350900018901E+00
-0.145070649145539E+00  0.161599476699053E+00  0.976135295892472E+00  0.106013427419145E+00  0.845929358837443E+00  0.522651579031115E+00
 0.156124131695987E-01 -0.213514605736174E+00  0.976815113361965E+00  0.401370387501654E-01 -0.688301176284445E+00  0.724313819311642E+00
 0.372985683906747E+00 -0.172868214537104E+00  0.911591059633304E+00  0.528580087099009E+00 -0.349962797306003E+00  0.773388086295724E+00
 0.293760027866056E-01 -0.321179468202883E-01  0.999052294903690E+00  0.298594930981327E+00  0.508591031909468E+00 -0.807574287266205E+00
 0.353026616109446E-01  0.146818465092443E+00  0.988533287447156E+00  0.525652142130254E+00  0.831660684361686E+00 -0.178970197409868E+00
 0.393307070174817E+00  0.125673245301816E-01  0.919321277304433E+00 -0.309261159562721E+00  0.614424062492881E+00 -0.725837865239659E+00
 0.318266635810126E+00  0.170252995639845E+00  0.932587940092388E+00  0.716395920756083E+00  0.697684212616200E+00 -0.369109606446749E-02
-0.201469411908121E+00  0.241936045063622E+00  0.949145418871296E+00  0.885375140468286E-01 -0.589706961986874E+00 -0.802749529797819E+00
 0.147877819589133E-01 -0.578892348779089E-01  0.998213483173808E+00  0.191101290277071E+00  0.331630837722425E+00 -0.923851332372239E+00
 0.141093972935883E+00  0.255547758936161E+00  0.956445415956328E+00  0.496715735285022E+00  0.865777526197337E+00 -0.608502543287990E-01
-0.100810804228378E+00  0.511649200484204E-01  0.993589116640911E+00  0.209891976272384E+00 -0.973625963699438E+00  0.894306497058678E-01
 0.304271576984390E-01 -0.375864858781271E-01  0.998830037670938E+00 -0.262751297485284E+00 -0.197910811763686E+00  0.944347958253121E+00
-0.193543880537853E-01 -0.509061434545684E-02  0.999799726599607E+00  0.295439792007676E+00  0.115113445299819E+00  0.948400877271667E+00
-0.120754739613342E+00  0.285445367773605E+00  0.950757190284410E+00  0.116914175159705E+00  0.195793830270760E+00  0.973650785279112E+00
-0.608705966672122E-01  0.463424223594537E-01  0.997069280617568E+00 -0.274997835024147E+00 -0.123756470371031E+00 -0.953446656490722E+00
-0.306155827533117E+00  0.624513131659734E-01  0.949930756819337E+00  0.764329157621733E+00 -0.355733360733388E+00 -0.537824055682322E+00
 0.239765869181090E+00  0.393715386911650E+00  0.887412261626380E+00 -0.448721319684688E+00 -0.669188737435193E+00 -0.592313777444291E+00
-0.141900088325071E+00 -0.475057360997392E-01  0.988740395640311E+00  0.112926233591742E+00  0.674046458463478E+00 -0.730006190110485E+00
 0.107349213504232E+00  0.190924954906964E+00  0.975717073722602E+00 -0.220793520384328E+00 -0.667127307575181E+00 -0.711471276190251E+00
-0.233638714955994E+00  0.509237386151982E-01  0.970989044077822E+00  0.668903334271206E+00 -0.289010798216316E+00 -0.684865744445750E+00
 0.119365809658443E+00  0.293800400565105E+00  0.948384483272669E+00 -0.116380557756158E+00  0.992991100585230E+00 -0.205970855923518E-01
-0.175985510350920E-01 -0.328386759696117E+00  0.944379387247387E+00 -0.426291677857255E+00  0.716814167678264E+00 -0.551772466153725E+00
 0.155425219037508E-01 -0.264824714841259E-01  0.999528443175563E+00  0.223182144222806E+00  0.978409657933138E-02 -0.974727655273121E+00
 0.105001944631658E+00 -0.189650863443945E+00  0.976220846744494E+00  0.596709046125596E-01  0.259371991701739E+00 -0.963932338425987E+00
-0.114085174564290E+00 -0.126130378885618E+00  0.985431733032180E+00  0.239621152132351E+00  0.453589846953354E+00 -0.858392657349536E+00
-0.180848218034229E+00  0.831594291095732E-01  0.979988995542304E+00  0.543010539593972E-01 -0.304078458174631E-01  0.998061500335345E+00
-0.100462193126491E+00  0.229473589514597E+00  0.968116325380117E+00  0.277095687759836E+00  0.759163566485772E+00 -0.588972545324064E+00
-0.442418326687223E+00  0.126177334165719E+00  0.887888114885040E+00  0.636449779498390E+00 -0.556005412636903E+00 -0.534592984704175E+00
-0.345705669413546E+00  0.795950111019801E-01  0.934961081726404E+00  0.965042009164607E+00 -0.170469499090916E+00 -0.199083074185704E+00
-0.657312542317607E-01 -0.300824552686867E+00  0.951411577981825E+00 -0.245503433818538E+00 -0.688950314070024E+00  0.681964462949589E+00
 0.153355559814232E-01  0.334610858785445E+00  0.942231603113379E+00  0.154488208521816E+00  0.446451310560736E+00  0.881370875810133E+00
-0.200293733050334E+00 -0.794319457303556E-01  0.976510617708917E+00  0.531009537853708E+00  0.146748502228933E+00 -0.834562009560677E+00
-0.197638166237898E+00 -0.386661085434912E-02  0.980267414824456E+00 -0.340176486898539E-01 -0.161921666184993E+00  0.986217102669331E+00
-0.208862568773905E+00 -0.467815661453276E+00  0.858792719033062E+00  0.704995580429143E+00  0.636962865964297E+00 -0.311864616392957E+00
 0.277798288072204E+00 -0.340191430844290E+00  0.898386276344573E+00 -0.760491483454889E+00  0.282456142040802E+00 -0.584697555507126E+00
-0.148751801969084E+00 -0.268656072219692E-01  0.988509555117979E+00  0.346663932293272E-01  0.141009775207874E+00 -0.989401073617921E+00
-0.198738230233156E+00  0.191732128744688E+00  0.961114928950135E+00  0.184196732744362E+00  0.383880508531362E-01 -0.982139461175448E+00
 0.149135732661542E+00 -0.521337577610759E-01  0.987441443603222E+00 -0.171376272944595E+00  0.245637562709168E+00 -0.954092427838058E+00
-0.114433687903554E+00 -0.189942462146251E+00  0.975103477661018E+00  0.872266964444108E-01 -0.289982316722997E-01  0.995766341059625E+00
-0.253608914051559E+00  0.635507906013607E-01  0.965216978574005E+00 -0.433511863458555E+00  0.213443138912456E+00  0.875505277363814E+00
-0.573707758245630E+00  0.200496311533625E+00  0.794141446588821E+00  0.859913415738390E+00 -0.332416317664423E+00 -0.387360696487860E+00
-0.535817973404898E+00  0.737639645786888E-01  0.841105211555548E+00 -0.604777264803271E+00  0.226825552939750E+00  0.763409869277737E+00
 0.149418289950124E+00 -0.108253350782441E+00  0.982830293933166E+00  0.114948304763654E+00 -0.530052995611894E-01  0.991956312269039E+00
-0.255157657780689E+00  0.242062211454894E+00  0.936109211289708E+00  0.230216001517942E+00 -0.186450062169487E+00 -0.955110971019643E+00
-0.216909417443037E+00 -0.543088748830154E-01  0.974679870897857E+00 -0.121630323611356E+00 -0.357058343400532E+00  0.926129258681673E+00
-0.127721944172699E-01 -0.170817035090878E+00  0.985219981310027E+00 -0.379173692382630E+00  0.392325784096785E+00  0.838038060077086E+00
-0.266484080216161E+00  0.795123372442495E-01  0.960554018896024E+00  0.403927588147304E+00 -0.299160834952067E-01 -0.914301663282863E+00
 0.618080781103133E-01  0.111697118613925E+00  0.991818287376098E+00 -0.183097421538416E+00  0.276635469198586E-01  0.982705481005269E+00
-0.332236327272316E-01 -0.244887239317290E+00  0.968982161986464E+00 -0.866741607878289E-01  0.691939767638291E+00 -0.716733526362758E+00
 0.606170918674730E-01 -0.183102314722687E-01  0.997993138051040E+00  0.383312281531781E+00  0.283756875592643E+00  0.878950357176560E+00
 0.160204311546666E+00  0.244239873214780E+00  0.956389806979292E+00 -0.202687983037477E+00 -0.675825611701462E+00 -0.708644709357619E+00
 0.296377001435186E-01  0.247217189550380E+00  0.968506720638021E+00 -0.892839938400911E+00  0.350730365048903E+00  0.282533281984478E+00
-0.198905414465768E-01  0.972058901053881E-01  0.995065516079108E+00  0.444241934833123E+00 -0.796684602076309E+00 -0.409808184581807E+00
-0.677452277677283E-01  0.960050893299520E-01  0.993072810491480E+00  0.374649385756832E+00 -0.143362162019314E+00 -0.916015899563526E+00
 0.998848703414677E-01 -0.243353650198619E+00  0.964780811175200E+00 -0.624325525219709E+00  0.672460053405781E+00 -0.397511150953817E+00
 0.203392216079345E+00  0.443632769888281E+00  0.872823906592610E+00 -0.638987256504119E+00 -0.766250892177834E+00 -0.674896752252695E-01
 0.477368978704155E+00  0.215055621947199E+00  0.851980010117524E+00  0.733655889855902E+00  0.617556892240141E+00  0.283500476413080E+00
-0.135211246514042E+00  0.309604544472746E+00  0.941202924378129E+00  0.356522691674399E+00 -0.640890908467726E+00 -0.679816455938406E+00
 0.107988177181884E+00  0.390825738947204E+00  0.914108196749874E+00 -0.197807053521005E+00 -0.539895078401663E+00 -0.818159931734010E+00
 0.126015744628551E+00 -0.358563305209416E+00  0.924960749579684E+00 -0.123808720928515E+00  0.748266044434910E+00 -0.651743298675006E+00
-0.336742769331443E+00 -0.449194294067135E+00  0.827543831757883E+00  0.121879976836098E+00  0.579381847421543E+00 -0.805892018898830E+00
 0.231677696467942E+00 -0.340707278274395E-02  0.972786634783991E+00  0.591249578556827E+00  0.802645488241766E+00  0.786394052718624E-01
-0.199976762229900E+00  0.235990202975410E+00  0.950956317959806E+00 -0.107367950243012E+00  0.158813788034923E+00  0.981453159346187E+00
 0.620209730727981E-02  0.309631139745046E+00  0.950836521852823E+00  0.558505396446932E-01  0.998378783415267E+00 -0.109782533969634E-01
-0.366881384134872E+00  0.117486592288617E+00  0.922819023756927E+00  0.868398371253734E+00  0.127728784103524E+00 -0.479134246861250E+00
-0.156128612050972E-01 -0.414173714178661E+00  0.910063938989148E+00 -0.470590077872577E+00  0.455690595672790E+00 -0.755573331731116E+00
 0.329321152961654E+00  0.312877863670307E-01  0.943699450374036E+00  0.709805417929796E+00  0.138326482336339E+00  0.690682309721310E+00
 0.106958384875940E+00  0.190946362811941E+00  0.975755804714284E+00 -0.129461657703286E+00  0.411599626176118E-01  0.990729800027250E+00
 0.174316744911384E+00 -0.234429285736880E+00  0.956376799400945E+00 -0.715564842653991E+00 -0.697066347837127E+00  0.454473615359316E-01
 0.271646562870387E+00 -0.168872279033150E+00  0.947465196329055E+00  0.916169476069506E+00 -0.319648574724714E+00  0.241781471157295E+00
 0.180086386765036E+00 -0.676114281697178E-01  0.981324405119309E+00 -0.215320303789879E+00  0.104128551578622E-01 -0.976487961637672E+00
-0.131732670237649E+00 -0.659323681002503E-01  0.989090201361207E+00 -0.198900868690971E+00 -0.315994048603610E+00  0.927677856629701E+00
 0.198134769729802E+00  0.309570322079751E+00  0.930004746607004E+00  0.421310957373059E+00  0.456594602806786E+00  0.783593291117982E+00
-0.491693402782304E+00 -0.185604684477707E+00  0.850757602822502E+00 -0.585671749764112E+00 -0.267403450714605E+00  0.765169259755099E+00
-0.698467896273129E-02  0.156694809915335E-01  0.999852829983115E+00 -0.176920146583548E+00  0.171363391622163E+00 -0.969192369834083E+00
 0.159091953860154E+00 -0.554077520353326E+00  0.817121687177662E+00 -0.114412965353185E+00  0.987178425217107E+00  0.111303324950172E+00
-0.167599014080533E+00 -0.247443687530419E-01  0.985544664992027E+00 -0.753713392222207E+00 -0.632962595181828E+00  0.176845908874305E+00
-0.378689153526124E+00 -0.201235067288148E+00  0.903381963897444E+00 -0.613840516942159E+00 -0.567563667741454E+00  0.548699647184187E+00
 0.735485029043794E-01  0.415441704019709E+00  0.906641499315868E+00  0.111276907242387E-01  0.969531982999688E+00  0.244711888636082E+00
-0.356950617068941E+00 -0.120480845514668E+00  0.926321015004071E+00  0.715050518061725E+00 -0.680445231516472E+00 -0.160302974165026E+00
-0.693479646606470E-01 -0.297596499122907E+00  0.952169724107638E+00 -0.308835956279369E+00  0.193445744804783E+00 -0.931235252729368E+00
-0.117224232218112E+00 -0.306221193154835E+00  0.944715332914473E+00  0.152885185638485E+00  0.358010279346142E+00 -0.921116040406844E+00
-0.180678837146732E+00  0.304867682114958E+00  0.935099381995923E+00  0.149040231923835E+00 -0.245918044926288E+00 -0.957763710132996E+00
-0.182912822666224E+00  0.868819079996518E-01  0.979282611592085E+00  0.817956416339449E-01 -0.194070651536432E-01  0.996460154161627E+00
 0.118655255801712E+00 -0.660631803940132E-01  0.990735376610151E+00  0.125937131082958E+00  0.495652164250940E-01  0.990799237149145E+00
-0.330990464222690E+00  0.202081644662873E+00  0.921742003753760E+00 -0.439494334839856E+00  0.517611292706588E+00  0.734113941637323E+00
 0.727127379783901E-01  0.282378059327307E-01  0.996953100226782E+00 -0.660410231554683E+00 -0.750539832544949E+00  0.234155038658078E-01
 0.292610964685307E+00  0.336513923544276E-01  0.955639266218453E+00 -0.804466787055020E+00 -0.207342782045905E+00 -0.556634673065591E+00
-0.238570095645382E+00 -0.952442691209622E-01  0.966443396512888E+00 -0.254194825817048E+00  0.137301823613052E+00  0.957357404400452E+00
 0.291440351221766E+00 -0.167716393074744E+00  0.941771592889556E+00  0.668814663077235E+00 -0.385660467328735E+00  0.635572930821213E+00
 0.125476514688435E+00 -0.344528888380635E+00  0.930352346873402E+00  0.736275926840566E+00 -0.500125270881578E+00  0.455820658791036E+00
 0.106808117606459E+00  0.787719507567739E-01  0.991154380400620E+00  0.505127161378913E+00  0.386282141429322E+00  0.771772413377194E+00
-0.186555453176625E+00  0.604856353461405E-01  0.980580721209038E+00 -0.104563796603870E+00  0.718512329525269E-01  0.991919257179225E+00
 0.175861168560514E+00  0.994834314673679E-01  0.979375258139600E+00 -0.587652746037741E+00 -0.130575313001437E-01 -0.809007880648049E+00
 0.851032098119412E-01 -0.122912821869746E+00  0.988761792293635E+00 -0.924869482081866E-01  0.639687311932865E-02 -0.995693348589530E+00
-0.465004614730993E+00  0.226177097578068E+00  0.855929102677343E+00  0.801477397111774E+00 -0.108532612023327E+00 -0.588094086049443E+00
 0.357984285411199E-01  0.255952042995361E+00  0.966026409680650E+00  0.395148880622989E+00  0.676043294987159E+00  0.621950822368862E+00
-0.571596014204532E-01  0.119570957795851E+00  0.991178876902266E+00 -0.402223449697592E+00  0.664680019045773E+00  0.629616366365012E+00
 0.265265683986238E+00  0.565398722184120E-01  0.962516160772815E+00 -0.456721840729492E+00 -0.101732203545623E+00 -0.883773567698433E+00
-0.371185612900053E-01 -0.275150762341741E+00  0.960684271959586E+00  0.478564362453949E-02 -0.323706247653134E-01  0.999464476741121E+00
 0.256194562752654E+00 -0.381201591343167E+00  0.888284691286197E+00  0.327368473786798E+00 -0.906909584480964E+00  0.265226107212447E+00
-0.306702155425670E+00  0.651381736200459E-01  0.949574013015675E+00 -0.519518068259404E+00 -0.113707335894085E+00  0.846859857659983E+00
 0.319375728284285E+00 -0.101044945357895E+00  0.942225590397811E+00  0.423798012462468E+00 -0.467901782825646E+00  0.775540563904586E+00
 0.214405452422342E+00  0.124841238750573E+00  0.968733692548573E+00 -0.542158246303276E+00  0.860104796830853E-01 -0.835862807732251E+00
 0.379997292677416E+00 -0.113499322273676E+00  0.917997800324843E+00 -0.459161856178018E+00  0.288580851201449E+00 -0.840173483365789E+00
 0.127867222866149E+00  0.217013284853205E+00  0.967757824826914E+00  0.177438424910265E+00  0.455901402626099E-01  0.983075350355302E+00
-0.365803368450734E+00 -0.110809604277404E+00  0.924072035736382E+00  0.467982283461746E+00  0.154566682264827E+00 -0.870115925092498E+00
 0.545530716875825E+00 -0.139552304822326E+00  0.826390580272867E+00 -0.772737851951133E+00  0.398788869072509E+00 -0.493805275453613E+00
-0.723998342398791E-02 -0.209943902212222E+00  0.977686626974065E+00  0.333848069939696E+00 -0.282755679979486E+00  0.899218934207281E+00
 0.251166142701670E+00  0.199497786786316E+00  0.947162183486928E+00  0.518070808031262E+00  0.458108235306214E+00  0.722315362297149E+00
 0.299782100378161E+00 -0.465164926585758E+00  0.832917933152675E+00 -0.929434090154087E+00  0.337261925360555E+00 -0.149688562560857E+00
-0.206197458943858E+00 -0.882244173984926E-01  0.974525043341520E+00 -0.488191850809882E+00 -0.736533073953108E+00  0.468174911519196E+00
 0.608118790628006E-01 -0.241276468594093E-01  0.997857591052891E+00  0.200097781554907E+00  0.115827309469742E+00  0.972905397352592E+00
 0.172608910090284E+00  0.347512404795615E-01  0.984377222127054E+00  0.352737709770423E+00 -0.996104820492350E-01 -0.930405212781956E+00
 0.457945180791063E+00  0.169015068255583E+00  0.872765786504490E+00 -0.829417120144566E+00  0.197359257142017E+00 -0.522605553387492E+00
 0.467663255296774E+00 -0.171569190319190E-01  0.883740187936792E+00  0.920073573110908E+00 -0.147386948815597E+00  0.362962404915104E+00
 0.355891114723175E-03  0.370148609346254E-01  0.999314651854712E+00 -0.289695161154277E+00  0.781933619869904E+00 -0.551956998072265E+00
-0.499668408885016E+00  0.358357053230905E-01  0.865475177799059E+00  0.976503511829978E+00 -0.531189570794486E-01 -0.208852263053366E+00
 0.109163588409039E+00 -0.371250378888726E+00  0.922093524074776E+00  0.350469340110932E+00 -0.522572919795524E+00  0.777231487485285E+00
-0.185457490327525E+00 -0.210539070438162E+00  0.959832703704375E+00  0.198824603598587E+00 -0.961134798244293E+00  0.191542884513537E+00
 0.273614920859957E+00 -0.245300012635234E+00  0.930033751475694E+00 -0.291851997562590E+00  0.844227751032937E+00 -0.449557466743235E+00
 0.643148371026171E-01 -0.183530178789810E+00  0.980907883137782E+00 -0.539836398081095E+00 -0.165345758477929E+00  0.825371094393418E+00
-0.121860198329094E+00 -0.597381601723874E-01  0.990747921664443E+00 -0.179936079394661E+00  0.140261244893993E-01  0.983578301490983E+00
-0.429158646284363E+00 -0.208795019647356E+00  0.878764755830497E+00 -0.525923795012225E+00 -0.682272900375881E+00  0.507846287032428E+00
-0.878841584328243E-01 -0.204932054869423E+00  0.974822664684993E+00  0.350519456979461E-02  0.809154919861942E-02 -0.999961119465449E+00
 0.289714466351277E-01 -0.876831006201765E-01  0.995727035459769E+00  0.535618660916475E+00 -0.368503841105707E+00 -0.759814167522811E+00
-0.128959073328620E+00 -0.349224431766313E+00  0.928122757863269E+00  0.762037590924677E+00  0.342619518373084E+00 -0.549463898402352E+00
 0.155102007430351E+00  0.190346682802514E+00  0.969387181490015E+00 -0.368516876067902E+00 -0.274230340822888E+00 -0.888252797476775E+00
 0.447657962672473E+00 -0.188913952164139E+00  0.874021662851475E+00 -0.777854862315863E+00 -0.466236260633798E-01 -0.626712095514577E+00
 0.137447765541122E+00 -0.372348280055753E-02  0.990502017879614E+00 -0.783862519747782E-02 -0.997108622290505E+00  0.755840678248074E-01
 0.483696973159224E-01  0.146000140115047E+00  0.988101377120765E+00  0.273956597978691E+00 -0.237618176224034E+00 -0.931925632629507E+00
-0.623972904362730E-01 -0.991630825550990E-02  0.998002126739614E+00  0.356185477891923E+00  0.324519199886187E-01  0.933851582548295E+00
-0.592465866367308E-01  0.267838575699657E+00  0.961640441817562E+00  0.365288568872424E+00 -0.902690003004725E+00 -0.227409366400038E+00
 0.213164739238194E+00 -0.218510001436688E+00  0.952267910421039E+00 -0.958294013573048E+00  0.166468941621891E+00 -0.232294371488736E+00
 0.167024939842533E+00 -0.658911566326476E-01  0.983748456135109E+00  0.358482935246988E+00  0.965347089720410E-01  0.928531655411051E+00
 0.741836082136129E-01  0.344396746703066E-01  0.996649738414159E+00 -0.734644751249697E+00 -0.147811297653334E+00 -0.662154747583455E+00
 0.752119656925044E-01  0.428149616688633E+00  0.900572632243533E+00 -0.288943822415146E+00 -0.748607610834951E+00 -0.596739568394883E+00
-0.297794918969179E+00  0.660679832350707E-02  0.954607006286908E+00  0.824415576446547E-01  0.248466816538192E-01  0.996286119537915E+00
 0.348713628111176E+00  0.213993030963240E+00  0.912472349317340E+00 -0.390676640702699E+00 -0.662507582106419E+00 -0.639105207349119E+00
 0.385119603917380E+00  0.215436574923618E+00  0.897368359629256E+00 -0.777994567691817E+00 -0.590050105591257E+00 -0.215790003322139E+00
 0.126436425401518E+00  0.245279048638225E+00  0.961172210704624E+00 -0.421714776011857E+00 -0.584667834926255E+00 -0.693051347661856E+00
 0.201475277535871E+00  0.142423262765766E+00  0.969083756320885E+00 -0.404429320441637E+00 -0.909978111293765E+00 -0.915246509599860E-01
-0.622743459893182E+00  0.165486660205233E+00  0.764725276458407E+00  0.792911072866371E+00 -0.179324473745086E+00 -0.582352782806048E+00
 0.446279104906600E+00  0.429807801187087E-01  0.893861070337080E+00 -0.725324188624908E+00  0.815022067369543E-01 -0.683565806409760E+00
-0.149609763828626E+00  0.474243250185225E+00  0.867588761004254E+00 -0.378121280667805E-01  0.613454179907267E+00  0.788824576268617E+00
-0.499443971064076E-01 -0.411465626275689E+00  0.910055820041404E+00 -0.684861297459316E+00  0.680537538361326E+00  0.260448962607742E+00
 0.554163163277747E-01  0.400735041057338E+00  0.914516516391822E+00 -0.691339831803633E-01  0.595649129096839E+00  0.800264086021480E+00
-0.396606622270489E+00  0.248238453501611E+00  0.883787789785717E+00 -0.973216933169826E+00 -0.429184049204357E-01  0.225846876247168E+00
-0.476979725118452E-01 -0.308819498308370E-01  0.998384299051675E+00  0.220533892235636E-01  0.646019265650934E-02 -0.999735922098728E+00
 0.249071043097952E-01  0.277432519545150E-02  0.999685920314281E+00  0.830494245720620E-01 -0.145078799473176E+00 -0.985928463440260E+00
 0.146078239766131E+00 -0.255652868205468E+00  0.955668749538849E+00 -0.201475403123260E+00  0.776503282566486E+00 -0.597034600420940E+00
-0.393492326244363E+00 -0.786633815921785E-01  0.915956255278211E+00 -0.786580074875185E+00  0.513035554240314E-01  0.615353338343266E+00
 0.434143454217526E-01  0.245269253734743E+00  0.968482414803699E+00 -0.555349866802804E+00  0.678219148280379E+00  0.481253895930147E+00
-0.484600292539641E-01  0.202338873576150E-01  0.998620155698404E+00  0.103529503577813E+00  0.154497414392576E-01 -0.994506383779607E+00
-0.985308976652451E-01 -0.346886714618107E+00  0.932717143311271E+00 -0.666811495901140E-01  0.509681449595842E+00 -0.857775287722386E+00
 0.658409665840407E-02 -0.445824582632309E+00  0.895096135167570E+00 -0.473172533127713E+00  0.858343249972225E+00 -0.198379986693775E+00
 0.997393296868964E-01 -0.525055562669271E+00  0.845203361460225E+00  0.683440470531813E-01 -0.720419592487179E+00  0.690162808323514E+00
-0.529784340666965E-01  0.768140723491809E-01  0.995636923689040E+00  0.601490113986508E+00 -0.798499021740184E+00  0.246770147397720E-01
 0.314273516733869E+00  0.210936044274590E+00  0.925601502756729E+00  0.474911102180585E+00 -0.632974794863767E-01  0.877754449784388E+00
 0.213995709584526E+00  0.154943163243886E+00  0.964467963409565E+00 -0.730898159822669E+00 -0.662767058437956E+00 -0.162873282699575E+00
-0.513674663744261E+00 -0.135746800515768E+00  0.847178343666169E+00 -0.589268533075286E+00 -0.164590952343363E+00  0.790994572885305E+00
 0.319091042353899E+00 -0.361606166123932E-01  0.947033957414260E+00  0.840342049886807E+00 -0.478221741530383E+00  0.255204241970400E+00
-0.781786034813186E-01  0.429821620578103E+00  0.899522918241288E+00  0.178061025697770E+00 -0.578199169282155E+00 -0.796228605218931E+00
-0.217383552481741E+00 -0.152620464765147E+00  0.964080590430742E+00  0.100222951699768E+00 -0.238545624664763E+00  0.965945829177746E+00
-0.293095866087236E+00 -0.289847038283100E+00  0.911089187555800E+00 -0.693522241933517E+00 -0.426163632414473E+00  0.580871292414086E+00
-0.577531730348751E-01 -0.290186433639577E-01  0.997909058653001E+00  0.117715182173817E+00  0.671017634056971E-01 -0.990777719386963E+00
 0.510993261072743E-01 -0.249860100766635E-01  0.998380968454343E+00  0.695629409073437E+00 -0.155375902657840E+00  0.701397215638473E+00
-0.163092827172189E+00 -0.867449791134209E-01  0.982789925835422E+00  0.600385492760385E+00 -0.104137382507830E+00 -0.792901422402109E+00
-0.265929343661315E+00 -0.242351592245578E+00  0.933031237374128E+00  0.582626391429569E+00  0.355678213940539E+00 -0.730780060030257E+00
-0.192748257761800E+00 -0.132657800338865E+00  0.972239691197106E+00  0.139398508143828E+00  0.125097612029294E+00  0.982302724923352E+00
-0.144019556611489E-02 -0.291934413954618E+00  0.956437255540427E+00  0.311182534389644E+00 -0.877544215823551E-01  0.946289908951577E+00
 0.164479679938424E+00  0.938085410579396E-02  0.986335862910601E+00  0.168111702733416E+00 -0.128687756166668E-01  0.985683950370604E+00
 0.581158943288060E-01  0.624566467186583E-01  0.996354209158080E+00  0.357437844410220E+00  0.897466986890839E+00  0.258439924981520E+00
-0.254877904026229E-01 -0.273084779780489E+00  0.961652263342958E+00  0.478992997278191E+00 -0.867875641821749E+00 -0.131748164658721E+00
 0.532829796031512E-01  0.374665783693721E-01  0.997876334818048E+00  0.161288743794962E+00  0.294223374936424E+00  0.942028952190995E+00
 0.927283518517532E-01 -0.606967151302465E-01  0.993839706157515E+00  0.376320290540437E+00 -0.272236635003537E+00  0.885590341800040E+00
 0.252967078259141E+00 -0.493975023596819E+00  0.831863169866028E+00  0.410755012381033E+00 -0.861798404362980E+00  0.297630358063958E+00
 0.184925525704471E+00  0.149876826386647E+00  0.971256653441917E+00 -0.102136843387997E-01  0.999473805806584E+00  0.307862332663367E-01
-0.227812982179878E+00 -0.956809189988629E-02  0.973657895139615E+00 -0.495886905231086E+00  0.219203038343576E+00  0.840265556357799E+00
 0.115644867148059E+00  0.596553602798576E-01  0.991497605994179E+00 -0.190203409129581E+00 -0.281345419782275E+00 -0.940567604121586E+00
 0.153252723240655E+00  0.755051592078845E-01  0.985298215644540E+00 -0.521141447342617E+00  0.137943484129632E+00  0.842248886640891E+00
 0.140008840109492E-01 -0.277941504138367E+00  0.960495963304487E+00  0.533298379850123E+00 -0.836588660936659E+00  0.125348515912406E+00
-0.106833832296453E-01 -0.247425378228644E+00  0.968848051828139E+00  0.280429937297108E+00 -0.543351856673997E+00  0.791282383297177E+00
 0.193768874781842E+00  0.427006504619260E+00  0.883243493142531E+00 -0.700883689030393E+00 -0.529822022740695E+00 -0.477546519901575E+00
-0.172483615417636E-01  0.680639242673430E-01  0.997531852242049E+00  0.136755234675857E+00 -0.201030773056042E+00 -0.969992079386858E+00
 0.933801825069855E-01 -0.340255510639239E-01  0.995048945223178E+00  0.718026420604512E+00  0.223612211517121E+00  0.659117317458960E+00
 0.177541183716231E+00  0.116678511084402E-01  0.984044200905199E+00 -0.897488489032462E+00  0.420169540221176E+00 -0.134059574535180E+00
-0.192103318819568E+00 -0.109165571910384E+00  0.975284160031314E+00 -0.269656015392048E+00 -0.286246118296596E+00  0.919428514416980E+00
-0.188564579828451E+00  0.492895086301508E-01  0.980823094942772E+00  0.392826585322371E-01 -0.215670187812445E+00  0.975675787763325E+00
-0.178615111884634E+00  0.580008640701333E-02  0.983901926415489E+00  0.143957696610899E+00 -0.149497268104942E+00 -0.978226327807447E+00
-0.331121121017918E+00  0.873310713007896E-01  0.939538230835390E+00 -0.547473107538823E+00 -0.422957055035631E+00  0.722066843247473E+00
 0.335044835973700E+00 -0.315588927883933E+00  0.887777329336826E+00  0.846423645739156E+00 -0.322697056927463E+00  0.423596059216784E+00
-0.262030207766152E+00  0.357700330226892E+00  0.896320614497736E+00 -0.359419486935969E+00  0.519686494466646E+00  0.775076499372581E+00
 0.258636889113421E+00  0.267413070481319E+00  0.928222607635413E+00  0.498065693187832E+00  0.521166148354821E+00  0.693048635435007E+00
-0.129418781068603E+00  0.848316387779918E-01  0.987954640744684E+00 -0.134432734301068E+00  0.501876153791361E+00  0.854428561205633E+00
-0.227205621340741E+00 -0.485941856310327E-01  0.972633646731401E+00  0.945302519676607E+00  0.103468128782657E+00 -0.309350113333217E+00
-0.174539067776544E+00  0.338875652423029E+00  0.924499543544810E+00 -0.141767385555438E-01  0.733411656692906E+00  0.679636933892571E+00
 0.193689236425472E+00  0.131050263652044E+00  0.972270696920178E+00 -0.261198656388256E+00 -0.113746850542404E+00 -0.958559813414194E+00
-0.326103779144513E+00  0.954601059854293E-01  0.940501830616462E+00 -0.360386446728148E+00  0.153833110078858E+00  0.920030968640798E+00
 0.193724315393578E+00 -0.468627867708436E+00  0.861892575227524E+00 -0.151843249403024E+00 -0.832065853030231E+00  0.533488560169574E+00
-0.472004450786963E+00  0.277022259219441E+00  0.836941136720053E+00 -0.763609345203004E+00  0.281366719997508E+00  0.581148463644604E+00
-0.271153675474674E+00 -0.318457962169650E+00  0.908328250472993E+00 -0.309586791420795E+00 -0.605031676814377E+00  0.733548013853872E+00
-0.333175507150179E+00  0.477040603242233E-01  0.941657264647708E+00  0.730114502955123E+00 -0.527283910217677E+00 -0.434631442259013E+00
 0.350068927044489E+00  0.158211405149975E+00  0.923266428285135E+00  0.173696238776754E+00 -0.284818395702788E+00 -0.942713157913954E+00
-0.758513432700950E-01  0.820836872621573E-01  0.993734794605467E+00 -0.196388204481583E+00  0.411756587568449E+00  0.889880995265371E+00
 0.222591379812986E+00 -0.203810215632845E+00  0.953370061223156E+00  0.325241531238213E+00 -0.820775965793853E+00  0.469621933402807E+00
-0.226112157585599E+00 -0.405415945349083E-01  0.973257248267154E+00 -0.566064313754103E+00  0.368636167057542E+00  0.737345623863884E+00
-0.256247120312342E+00  0.147258793974686E+00  0.955328352415416E+00 -0.122751226833397E-01  0.103001733167464E+00  0.994605431479040E+00
-0.114898527154219E-01 -0.278047395649181E+00  0.960498635635307E+00 -0.595030499458672E-01 -0.128654150254382E+00  0.989902771321236E+00
 0.124140981953351E+00  0.423275223638556E+00  0.897455905130379E+00 -0.359547412469669E-01 -0.860906630264418E+00 -0.507490916715391E+00
-0.198853244851201E+00 -0.837206597511719E-01  0.976446741068337E+00  0.978501166971116E+00 -0.205061530871975E+00  0.220280455920545E-01
-0.122542736957858E+00 -0.788206800407660E-01  0.989328346918650E+00  0.463877520750892E+00  0.136991652838799E+00 -0.875243356326970E+00
-0.332880983087849E-01  0.103674618223846E+00  0.994054060927837E+00  0.215503570401459E-04  0.567770823002314E-03  0.999999838585924E+00
-0.278243311068008E+00  0.453257693385119E-01  0.959440584132120E+00  0.800621774723198E+00 -0.406522862076526E-01 -0.597789398923373E+00
 0.158514827011648E+00 -0.816031920589901E-01  0.983978642381658E+00 -0.681374576216863E+00 -0.342655428208834E+00 -0.646773487709809E+00
-0.800797762460601E-01  0.263201311663550E+00  0.961411617869769E+00  0.287346881585009E+00 -0.454098085694091E+00 -0.843342574647060E+00
-0.283944967964089E+00  0.476976580888719E+00  0.831786388715023E+00 -0.222787247710794E+00  0.921787699625410E+00  0.317290527871135E+00
-0.218521953675456E+00 -0.182056050731464E+00  0.958698988292949E+00  0.318534372421458E+00  0.187971023592368E+00 -0.929087050752353E+00
-0.642110112385479E-01  0.219533951970537E+00  0.973489491452230E+00 -0.734557592184310E-01  0.176750377887209E+00  0.981510853406305E+00
-0.444206405440581E-01  0.952816496688116E-01  0.994458754262863E+00 -0.765824380135678E+00  0.775804209769271E-01 -0.638352799845702E+00
-0.203323048424918E+00  0.755033257768660E-01  0.976196182012525E+00 -0.893686566521012E+00  0.999544303825856E-01  0.437416772274197E+00
-0.339541167141029E+00 -0.323219549245298E-01  0.940035683921820E+00 -0.506152072511066E+00 -0.250077316825147E+00  0.825391673753914E+00
 0.736110524206662E-01  0.335859845598462E+00  0.939031190683302E+00  0.441367247854278E+00  0.719622935691374E+00  0.536038975213993E+00
 0.963373276071309E-01 -0.116828260851434E+00  0.988468652399228E+00  0.204076164766052E+00  0.223653128678518E+00  0.953064634223036E+00
-0.201795962913935E+00  0.876458018780169E-01  0.975498130579858E+00  0.371880840811049E+00 -0.556445589103215E+00 -0.743016114633622E+00
-0.870380922586580E-02  0.243676386108348E+00  0.969817540859174E+00 -0.384749365151746E+00  0.367051206214280E-01  0.922290984524675E+00
-0.107454857094670E+00 -0.644028995924694E-01  0.992121827302900E+00 -0.791405013520931E-01 -0.150276336760908E+00  0.985471361154377E+00
 0.127230069518505E+00  0.177181151864335E+00  0.975919745078633E+00 -0.490983382313777E+00 -0.558281224546550E+00 -0.668773050152687E+00
-0.336748826037962E-01  0.927304078782606E-01  0.995121637658609E+00 -0.134657582197799E+00  0.254546696187122E+00  0.957639449384195E+00
-0.185039027605820E+00  0.137775459788342E+00  0.973025426668185E+00 -0.137564601665351E+00 -0.419964954756177E-01  0.989602078987519E+00
-0.194473894771488E+00 -0.210311619289077E+00  0.958096512385060E+00  0.538694495621558E+00  0.286333602662606E+00 -0.792351757979553E+00
 0.402197518741351E-01  0.599619978290029E-01  0.997390059292520E+00 -0.499155678453017E-01  0.143469865963525E-03  0.998753430784134E+00
-0.336914684519599E+00  0.692361924403436E-01  0.938986072852746E+00 -0.113442583363670E+00 -0.992352015966926E+00  0.486647376049100E-01
-0.634626091108235E-01 -0.688712351515790E+00  0.722251891042480E+00  0.258501317800604E+00  0.840573878139350E+00 -0.476038469123163E+00
 0.216225285111295E+00 -0.207185814517931E+00  0.954107260396377E+00  0.801173470188389E+00  0.365646045062091E-01  0.597314071794395E+00
-0.177861043371743E-01 -0.732452035131030E-01  0.997155351314343E+00 -0.163998133059943E+00 -0.547567716850309E+00 -0.820532880399191E+00
-0.113349883300263E+00 -0.140357600373525E+00  0.983591148787545E+00  0.181329670387238E+00 -0.455903114153648E-01 -0.982365041184948E+00
-0.186019418100474E+00  0.277029944104796E+00  0.942682972244038E+00 -0.668672365563988E+00  0.727427866376686E+00  0.154032356177924E+00
 0.193542945215757E+00 -0.545267066737730E+00  0.815613238176307E+00  0.534524434706400E-01 -0.867217439651002E+00  0.495052268606234E+00
-0.166537771829643E+00 -0.152211503765666E+00  0.974216007195228E+00  0.552329874077192E+00  0.545804529937982E+00 -0.630102472063911E+00
-0.560507407561287E-02 -0.237462848273219E+00  0.971380450099021E+00  0.645769249782136E+00  0.236087262387089E+00 -0.726116299620376E+00
 0.306487652013760E-01  0.725329864118999E-01  0.996894988990216E+00 -0.116222532537126E+00  0.176259287098885E+00 -0.977458432181159E+00
 0.936281011994578E-01  0.249918726505245E+00  0.963729427177452E+00 -0.257278656230241E+00 -0.956878415600268E+00 -0.134875464064754E+00
 0.211650898464164E+00  0.363616593599519E+00  0.907186237791554E+00  0.307427338228969E-01  0.250269941612133E+00  0.967687883897775E+00
-0.225763382429376E+00 -0.315317593379419E-01  0.973671732827395E+00 -0.538596988458948E+00 -0.384822881994168E+00  0.749549620449944E+00
 0.167838549437849E+00 -0.153915446557369E-01  0.985694334809584E+00 -0.879229514864941E+00  0.374717200523884E+00 -0.294181032396556E+00
-0.433871380022949E-03 -0.177562201669632E+00  0.984109483895902E+00 -0.883717169673952E+00  0.319523873462415E+00 -0.341977277477664E+00
 0.149918553197124E+00  0.502782772852081E+00  0.851313050957434E+00 -0.387529337854883E+00 -0.638650167953342E+00 -0.664790925987204E+00
 0.200943339735522E+00  0.160804139193352E-01  0.979470874760509E+00  0.959785350948970E+00  0.677097467656455E-01  0.272447188087333E+00
-0.130248867760206E+00 -0.274480644147773E+00  0.952730606433638E+00 -0.753965589449878E+00 -0.144184896472595E+00  0.640895159565654E+00
-0.335544314358064E+00 -0.206424320326695E+00  0.919129486568481E+00 -0.699147895612515E+00  0.358908002838317E+00  0.618366610967315E+00
-0.283691695986962E+00  0.839049922475103E-01  0.955237653102089E+00  0.341915949323990E+00 -0.855338633223022E+00 -0.389216271646045E+00
-0.453032663235119E-01  0.368672496114322E-01  0.998292752636475E+00  0.631100686676644E+00  0.774759223234485E+00 -0.382108530311158E-01
 0.397832120075776E+00  0.368027479452549E-03  0.917458156425560E+00  0.992179717982184E+00 -0.103709099240531E+00  0.694537973008850E-01
 0.961648186347024E-02 -0.447341124405132E+00  0.894311713941242E+00  0.429370513729746E+00 -0.593637094307794E+00  0.680614400524448E+00
-0.302014214108470E+00 -0.406880419009766E+00  0.862111210403206E+00 -0.773653903253404E+00 -0.625228116236596E+00  0.102710470001891E+00
-0.533689150238604E-01 -0.222458603582607E+00  0.973480317521239E+00 -0.134115662570947E+00  0.790104287897684E+00 -0.598120559167506E+00
 0.247567949310091E-01  0.170437087036517E+00  0.985057511248582E+00 -0.352887826405080E+00 -0.558778517022078E+00 -0.750491006534859E+00
-0.766583727523823E-02  0.108925622479322E+00  0.994020343708499E+00 -0.641698699508424E-01  0.415835104133773E+00  0.907173298747569E+00
-0.122128996749687E+00  0.136583479242700E+00  0.983071442648434E+00 -0.229055906343491E+00 -0.153382070289402E+00 -0.961253001182779E+00
-0.683842329586121E-01  0.216496902229908E-01  0.997424126235129E+00  0.303201467506010E+00  0.199539793986536E-01 -0.952717538837383E+00
-0.228038636868409E+00  0.768212963865376E-01  0.970616746464169E+00  0.579846472683255E+00 -0.599106916550471E-02 -0.814703734622004E+00
 0.255513907446949E+00  0.732593424856842E-01  0.964025783804436E+00  0.706153701780503E+00 -0.283605672184278E+00  0.648779448014960E+00
-0.429111002753931E+00 -0.172550637872638E+00  0.886617180459110E+00  0.743179777177669E+00  0.408411354242866E+00 -0.529984890840917E+00
 0.284506688844017E+00  0.335122304270135E+00  0.898192064752127E+00  0.792199807227892E+00  0.417596719576205E+00  0.445008365345287E+00
 0.475567931110932E+00  0.235725372385382E+00  0.847507340211659E+00 -0.594211435742795E+00 -0.634982725884561E+00 -0.493669633926069E+00
 0.128005728945778E+00 -0.100960902267033E+00  0.986621218893293E+00  0.366022539271024E+00 -0.232626596779803E+00  0.901061799887354E+00
-0.994648827053276E-01  0.310582497800467E+00  0.945328117199758E+00  0.710260372490550E+00  0.700195729078873E-01 -0.700448044239815E+00
 0.106057869622361E+00  0.326100923269882E+00  0.939366763375039E+00  0.193437942309467E+00  0.746857204993121E+00  0.636228007733818E+00
-0.256805473883903E-01  0.567064788580191E-01  0.998060561660142E+00 -0.766526454306555E-02 -0.326593998184187E+00 -0.945133643496808E+00
-0.841740937591356E-02  0.296802058864695E-01  0.999524003012402E+00  0.298686015816387E+00  0.933263755002882E+00  0.199512975902955E+00
-0.127232878442336E+00  0.350491579447814E+00  0.927883315605715E+00 -0.403787353196994E+00 -0.551211971601129E+00 -0.730151447140771E+00
-0.128098707064105E-01 -0.126735898043826E-01  0.999837630485048E+00  0.120394383153398E+00 -0.869368909814713E-02  0.992688074006623E+00
-0.207434879666586E+00 -0.796657689561740E-01  0.974999556899556E+00  0.848877567256923E-01 -0.677179560858055E-01  0.994086689973083E+00
 0.336894491044866E+00  0.127768008001478E+00  0.932833017230284E+00 -0.695368629604434E+00 -0.244142246755531E+00 -0.675912000419591E+00
 0.317547536571044E+00 -0.162106851150745E+00  0.934283110640266E+00 -0.687864733690857E+00  0.397376065274841E+00 -0.607399679692945E+00
 0.427378739710461E-01 -0.751251357100880E-02  0.999058074522337E+00  0.463917214220131E-01  0.297206345431682E+00  0.953685585724481E+00
-0.219568540805357E+00 -0.651749754203100E-01  0.973417627982752E+00  0.370215824705747E+00  0.963425916631551E-01 -0.923936333395906E+00
-0.627945428849948E-01 -0.190335428638978E+00  0.979708767945189E+00  0.214716739868756E+00  0.750355939086994E+00 -0.625190120121078E+00
 0.368759954295272E+00  0.207776183922377E+00  0.906005051587906E+00  0.594839948837714E+00  0.317534216928768E+00  0.738469671920371E+00
-0.939814236307670E-01 -0.382141785691838E+00  0.919312323228938E+00 -0.441472240453114E+00  0.583153443866243E+00 -0.681934250361608E+00
 0.130892620431362E+00 -0.174803866122631E-01  0.991242431497208E+00 -0.492815118379447E+00  0.212522467847361E+00 -0.843781642225475E+00
 0.199212112075743E-01 -0.436911045199320E+00  0.899284095226231E+00  0.394476571894567E+00  0.860993566976004E+00 -0.321058112889624E+00
 0.109432024323524E+00  0.194130220991273E+00  0.974852855230129E+00 -0.346904119848871E-01  0.763464110744961E+00  0.644917922623279E+00
-0.182653396937162E-01 -0.314081226543397E+00  0.949220396166701E+00  0.160416091197444E-01 -0.350689036685066E+00  0.936354562292378E+00
 0.325944768595298E+00 -0.226404090390704E+00  0.917878638862304E+00 -0.162844584569666E+00  0.678386256312187E+00 -0.716431244798179E+00
 0.274850695018673E+00  0.250650993205336E+00  0.928240903565950E+00  0.351300835701968E+00  0.275581667139981E+00  0.894786269212625E+00
-0.301461591423919E+00 -0.301300449878279E+00  0.904620886227653E+00 -0.473572246991930E+00 -0.354836007404082E+00  0.806114591561612E+00
-0.174610106156483E-01 -0.960906641485271E-01  0.995219421721549E+00 -0.354859812222797E+00  0.226082539998529E+00 -0.907172088843685E+00
 0.117690255312118E+00  0.818618780937987E-01  0.989670468751859E+00 -0.219560781037897E+00  0.164663268309864E+00  0.961602345826768E+00
-0.260400447883207E+00  0.362168755367174E+00  0.895000223116183E+00 -0.113924581780469E+00  0.750595376504953E+00  0.650866937580588E+00
 0.658881275638683E-01 -0.707529957267119E-01  0.995315411435904E+00  0.269023836218524E+00 -0.227801816064319E+00  0.935805806855283E+00
 0.452957552109419E-01 -0.612274954579347E+00  0.789346359055851E+00  0.155954756968556E+00 -0.607076285012876E+00  0.779189641841987E+00
 0.184701403067032E+00 -0.178446968749950E+00  0.966458520087140E+00  0.611521708365329E+00 -0.518358320740181E+00  0.597784117819609E+00
-0.117440325707335E+00  0.847947190837696E-01  0.989453195211001E+00  0.600093137982176E+00 -0.136710309693090E-01 -0.799813308628296E+00
-0.307865567683037E+00 -0.292205094129568E-01  0.950981048215394E+00 -0.539680469128311E+00 -0.141153083948376E+00  0.829952286660691E+00
-0.769502526358873E-01  0.306088329934822E+00  0.948888082387478E+00 -0.766558805533276E+00 -0.591975350216265E+00 -0.248903158669646E+00
 0.757554678521846E-01  0.858925220336900E-01  0.993420144626225E+00  0.132938411581056E+00  0.207782358885222E+00  0.969099515046003E+00
 0.121380318150381E+00 -0.260751545571340E+00  0.957744981635440E+00  0.622719927153364E-01  0.105007080680752E+00  0.992519879866478E+00
 0.789564570173618E-01  0.306005780977415E+00  0.948749882689673E+00 -0.377323787774102E+00 -0.781760712825549E+00 -0.496464446926760E+00
-0.274858116339599E+00  0.179156063168357E+00  0.944646029427035E+00  0.101169618517087E+00 -0.308955387228567E-01  0.994389347276072E+00
-0.277709772187036E+00  0.119589726467407E-01  0.960590581572118E+00  0.123964528448184E+00 -0.396354384558147E+00 -0.909690055748744E+00
 0.247206132310241E-01  0.994515913287377E-01  0.994735277480227E+00  0.503981010572170E+00 -0.560037794490945E+00 -0.657541488975694E+00
 0.114249663061100E-01  0.398442814300756E+00  0.917122016896878E+00  0.367672451262825E+00 -0.476617013199274E+00 -0.798531897491508E+00
-0.433404704205723E-01  0.152153975244161E+00  0.987406082339542E+00 -0.324269336000049E+00  0.572121762617498E+00  0.753343272664948E+00
 0.252037203574097E+00 -0.245466742082175E+00  0.936068013846276E+00 -0.267551431354569E+00 -0.915950478668027E+00  0.299083520455295E+00
 0.343657191318318E+00  0.838066641962666E-01  0.935348158650831E+00  0.747850902376203E+00  0.524617129376532E+00  0.406811867304562E+00
 0.321353924973682E+00  0.290221166823566E+00  0.901389665589514E+00  0.442685729531982E+00  0.625426936304825E+00  0.642549991995251E+00
-0.344955479431173E+00  0.249140893329132E+00  0.904950016565319E+00 -0.870680500264439E+00  0.102456802654203E+00  0.481059320717460E+00
-0.141081711391739E-01 -0.682354161379863E-01  0.997569490056499E+00  0.500864888169958E-01 -0.155302109708094E+00 -0.986596471896287E+00
-0.135024838721865E+00  0.926137583874824E-01  0.986504427098774E+00  0.208433485920296E+00 -0.379272590493029E+00  0.901503069350194E+00
-0.309426437513664E-01 -0.181806961532124E+00  0.982847282916391E+00  0.279306908558159E+00  0.648868023241708E+00 -0.707783822396417E+00
 0.276387181764604E+00  0.135476563109012E+00  0.951449539704755E+00 -0.888952001993090E+00  0.270099428780189E+00 -0.369879219104145E+00
 0.310225435158757E+00 -0.183684548723790E-01  0.950485549204280E+00  0.390734190005597E+00  0.216356337612579E+00  0.894716004068074E+00
 0.233318956551811E+00 -0.347452513435820E+00  0.908206482811429E+00 -0.538048885698525E+00  0.821919820183723E+00 -0.186952415838178E+00
 0.771911345727551E-01 -0.314820684198695E+00  0.946007117068384E+00  0.353996173920246E+00 -0.770290102297049E+00  0.530414806687208E+00
 0.250114278028832E+00 -0.202217243242744E+00  0.946863788758141E+00  0.502929987871797E+00 -0.193851999728099E+00  0.842308037181583E+00
-0.253523819349982E+00  0.170083133450845E+00  0.952259103783072E+00  0.496245824753570E-01  0.304800409303490E+00  0.951122553250932E+00
-0.197495217651933E-01  0.300894961176120E+00  0.953452766910279E+00  0.268520495973605E+00 -0.687388626398986E+00 -0.674828585301041E+00
-0.164928740239643E+00 -0.843244206124762E-01  0.982694206114666E+00  0.672782219614675E+00  0.696011393051276E+00 -0.250862962019453E+00
 0.990879441630964E-01 -0.704252801448264E-01  0.992583426840310E+00  0.959885166790629E+00 -0.255050093374489E+00 -0.116489984311921E+00
 0.401601510836635E-01  0.991605205332451E-01  0.994260706974038E+00  0.294571710083287E+00 -0.875288923961557E-01  0.951612421427185E+00
-0.107295528212553E+00  0.378265808214890E+00  0.919457801076877E+00  0.614675554951116E+00  0.788443728713041E+00  0.230314740868454E-01
-0.265863929165061E+00 -0.729321823377669E-01  0.961247766160404E+00 -0.209253618834037E+00  0.271631874343569E+00  0.939376946622312E+00
 0.379140066037763E+00 -0.234604629718918E+00  0.895105288800893E+00  0.630817211823748E+00 -0.593533131219282E+00  0.499788022477478E+00
-0.330164675410242E-01  0.182955623040862E+00  0.982566614977754E+00  0.134489929691582E+00 -0.529844817963838E+00 -0.837363079964970E+00
-0.395215776298356E-01 -0.376004362034303E+00  0.925774683512585E+00  0.106898925196550E+00 -0.370625514629690E+00  0.922610073485706E+00
-0.137710161958226E-01 -0.754006453665073E-01  0.997058223872231E+00  0.206606078929046E+00 -0.176129977064846E+00  0.962440730293924E+00
-0.146107143358764E-01  0.533525396112445E-01  0.998468844553312E+00 -0.458330424308270E+00  0.732518611131563E+00  0.503338560512988E+00
-0.126841233107489E+00  0.216455200444106E+00  0.968017793113574E+00  0.521661499631852E+00  0.782774210082301E+00  0.339313742474242E+00
-0.160246047413025E-01 -0.166994989525193E+00  0.985827513065225E+00 -0.344926234471896E+00  0.568043142837677E+00 -0.747230139012160E+00
-0.119433831324135E+00  0.439599694153267E+00  0.890217764839363E+00  0.958896247291366E+00 -0.236171872613112E+00  0.157292191532037E+00
 0.294262016801895E+00  0.133738134396848E+00  0.946321286284807E+00  0.804615785190938E+00  0.561962255544920E+00  0.191812047495555E+00
 0.122324675582497E+00  0.292657568493842E+00  0.948360807576372E+00 -0.545199677104621E+00 -0.349405125112806E+00 -0.762019271823175E+00
 0.282296179054773E+00  0.142754979339741E+00  0.948646342513787E+00  0.755851603797771E+00  0.453584856118325E-01  0.653169932574470E+00
 0.142803018217719E+00  0.198901664068564E+00  0.969559397880638E+00 -0.798433550208654E+00 -0.258097824169939E+00 -0.543957148183520E+00
-0.148847011705263E+00  0.362633967831027E-01  0.988195088613663E+00  0.329143721741177E+00  0.197934900371299E+00 -0.923301784712545E+00
 0.261202649334954E+00 -0.992748316253966E-01  0.960165446048831E+00  0.690450934717966E+00 -0.346322188378283E+00  0.635089323311267E+00
-0.353083449764710E-01  0.397790932867061E+00  0.916796430241619E+00 -0.540091744126745E+00  0.835043134270808E+00  0.104899341434138E+00
 0.184640347224844E+00  0.326722545769856E-01  0.982262931173495E+00 -0.735559057911977E+00 -0.423847840164902E-01 -0.676133420566917E+00
 0.353579621449352E+00  0.475514827468866E+00  0.805522873761501E+00  0.216709348638419E+00  0.970723496082178E+00  0.103599963159776E+00
 0.244125586491529E+00 -0.640195096095443E-01  0.967628131261964E+00 -0.955734816857453E+00  0.431548196716996E-01 -0.291047455555883E+00
-0.431997471978191E+00 -0.182156224856128E+00  0.883287775275202E+00 -0.756379781205189E+00 -0.370825690303320E-01  0.653080783408990E+00
-0.280736195766264E+00  0.345846879099667E+00  0.895308396366138E+00  0.436652616335464E+00 -0.771940984085911E+00 -0.461997413126816E+00
 0.922520225381557E-01 -0.311568207138369E+00  0.945735066833308E+00 -0.212602809454343E+00 -0.597344949322762E+00  0.773291055767947E+00
 0.397650225342607E-01  0.883183553463253E-02  0.999170026403884E+00  0.171354198067570E+00 -0.162948992436854E+00 -0.971640553223482E+00
 0.676075282936054E-01  0.390723487036826E-01  0.996946625293856E+00 -0.164318979128031E+00  0.120214199166144E+00  0.979054553851400E+00
-0.292680582076131E+00 -0.550560885955950E-01  0.954623959464737E+00  0.386757026893467E+00 -0.212254316643173E-01 -0.921937353185773E+00
 0.290232552875697E-01  0.240873410233914E+00  0.970122492726974E+00 -0.389589635399086E+00 -0.821567031012618E-01  0.917316843912254E+00
-0.113853661797374E+00  0.192283513968308E+00  0.974712467321173E+00 -0.172599527520509E+00  0.939436003330949E+00  0.296090186843925E+00
 0.283888585644248E+00 -0.314192083191964E+00  0.905919756821984E+00  0.836956992711375E+00 -0.279517407838083E+00  0.470502934174709E+00
 0.508717441043164E+00  0.212863810448018E+00  0.834203550328123E+00 -0.801220473948104E+00 -0.386642601433719E+00 -0.456676308650823E+00
 0.467687539428557E+00  0.431070446152788E-01  0.882842085634684E+00 -0.915960838120140E+00 -0.117710767808346E+00 -0.383614283065974E+00
-0.584053233641370E+00  0.427992419668498E-01  0.810586235486467E+00 -0.946331219721167E+00 -0.319665875441963E+00  0.476544925371336E-01
 0.286797717848793E+00  0.521136400767167E-01  0.956572651477491E+00 -0.126672248934991E+00 -0.267303800842808E+00 -0.955250134469888E+00
 0.480658959403468E-01 -0.232530638671295E+00  0.971400623700938E+00 -0.337487673507909E+00 -0.555804273358790E+00  0.759726055855877E+00
-0.436782272030766E-01  0.530924850867735E-01  0.997633901035699E+00  0.300733234906174E+00 -0.949042644728197E+00  0.942209101536209E-01
 0.760037605214986E-01  0.395550484672946E-01  0.996322651818847E+00 -0.163207598726081E+00 -0.725775940424118E-01  0.983918580249952E+00
-0.282825668181389E+00 -0.338902662024638E+00  0.897304088417279E+00 -0.755405054656553E+00 -0.221080767214348E+00  0.616835875875622E+00
 0.203788809812830E+00  0.123373164830578E-01  0.978937133638860E+00  0.727633188920585E+00  0.425485053760473E+00  0.538063575618818E+00
 0.446503572260349E-01  0.304586406482195E+00  0.951437578922470E+00  0.251727932401326E-01  0.169306449431625E-01  0.999539735949651E+00
 0.450352494150690E+00 -0.142788447255820E+00  0.881359228886000E+00  0.845067900959792E+00 -0.101395035494278E+00  0.524956464427789E+00
-0.130112727590107E+00  0.290141284000997E+00  0.948097417693622E+00  0.182414707025709E+00 -0.912268796824744E+00 -0.366729487498153E+00
-0.290499684048719E+00 -0.956220588057652E-01  0.952085266894379E+00  0.881457458847299E+00  0.222720483591013E+00 -0.416447276892823E+00
 0.198417600790378E+00  0.343101630191200E+00  0.918102242158645E+00 -0.436550345265299E+00 -0.868711521369334E+00 -0.234017282885102E+00
 0.206004702796680E+00 -0.393666639477325E+00  0.895873115674469E+00 -0.108634532367726E+00 -0.458793037147193E+00  0.881877251913496E+00
-0.192486844815088E-01  0.572446928121711E+00  0.819715806014345E+00 -0.116217753590344E+00 -0.765720602972237E+00 -0.632586272325165E+00
 0.459611382090813E-01  0.790238543707141E-01  0.995812635095037E+00  0.357128688746655E+00 -0.700215029892518E-01  0.931426910064993E+00
 0.163549553590382E+00  0.267605679490281E+00  0.949546599080283E+00  0.440445939305341E-01  0.937154297460144E+00  0.346124105629005E+00
 0.537113065802733E+00  0.336128327238581E+00  0.773645462839266E+00 -0.394830608374441E+00 -0.703147420273844E+00 -0.591348032932306E+00
 0.249052792065692E-01  0.169521395291225E-01  0.999546072991650E+00 -0.112179440324764E+00  0.844355258152496E-01  0.990094144588647E+00
 0.233686058782659E+00 -0.327574152043288E+00  0.915470371363131E+00  0.825573826985229E+00 -0.438100321574057E+00  0.355662711615472E+00
 0.155936367704632E+00  0.193568977680143E+00  0.968614939027347E+00 -0.105470595153927E-01  0.308704302144089E-01 -0.999467746390025E+00
 0.303019010449994E+00  0.318520130526976E+00  0.898178381923649E+00  0.158269016023469E+00  0.897555949724049E+00  0.411514563146827E+00
 0.327055156871405E+00  0.347250989640027E+00  0.878892299748862E+00  0.603348527456226E+00  0.730708355083977E+00  0.319430515491039E+00
-0.299745716047144E+00  0.174840116184680E+00  0.937861098182408E+00  0.480607887336137E+00 -0.508731032531482E+00 -0.714289013754060E+00
 0.287302650941149E+00 -0.416969286727943E+00  0.862318850940752E+00 -0.394989601118792E+00  0.916353615803233E+00 -0.654160975017465E-01
 0.163273007528030E-01 -0.422102737052928E+00  0.906400959080778E+00  0.711292523120021E-01  0.371073162015361E+00 -0.925875444051443E+00
 0.239453086679422E-01  0.292996257865231E-01  0.999283820604320E+00  0.121797560477779E+00 -0.495270272728332E+00  0.860158538417927E+00
-0.277101435541541E+00 -0.610012139992061E-02  0.960821306455952E+00  0.583473710659019E+00  0.800499929711338E+00  0.136960912314200E+00
 0.229006002510573E+00 -0.526904647985628E-01  0.971997924757784E+00 -0.354844402030337E-01  0.693259910237790E+00 -0.719813553193164E+00
 0.817839136180638E-01 -0.151771371356127E+00  0.985026315541871E+00 -0.419672289157229E+00  0.467568910799160E+00 -0.777981030210646E+00
 0.474013648861046E+00 -0.396768961890290E+00  0.786056900977237E+00 -0.317118760648183E+00  0.906147781018878E+00 -0.279878349644134E+00
-0.351205005949267E+00  0.769928412245458E-01  0.933127615171873E+00 -0.757504639094792E+00  0.143992176351491E+00  0.636751894303763E+00
 0.156751320113255E+00  0.213773542776196E+00  0.964225023556050E+00  0.378267386179312E+00  0.756111440716351E+00  0.534049879478420E+00
 0.294754069746109E+00 -0.133019785018458E+00  0.946269398829820E+00  0.420431874579919E-01 -0.111903356919014E+00  0.992829295044535E+00
-0.213880705054156E-01 -0.587181309818958E-01  0.998045455645207E+00  0.107248281096576E+00 -0.746211488940079E-01 -0.991428005626010E+00
-0.135452241859757E+00  0.298440563389725E+00  0.944767654134491E+00 -0.508102478702201E+00  0.723909878695326E+00  0.466675860382769E+00
-0.179946576821279E-01 -0.357883663553313E-01  0.999197370457168E+00  0.166051617805610E+00 -0.151478730917480E-01 -0.986000711036729E+00
-0.438524818761584E+00 -0.337705609163217E+00  0.832857073494498E+00 -0.597095401287621E+00 -0.762274550689148E+00  0.249829123868360E+00
-0.178413889787854E+00  0.244346692264936E+00  0.953133347391619E+00  0.363592301428042E-02 -0.221793383791913E+00  0.975086906367821E+00
 0.717270279498340E-01  0.140255753490464E+00  0.987513826269944E+00  0.599439914900754E-01 -0.821606461424575E-01  0.994814729539974E+00
 0.239657475194328E+00 -0.609903354208173E-01  0.968939870976902E+00 -0.368802579288775E+00  0.578734840572084E+00 -0.727358674807657E+00
 0.517308188895950E-01  0.333544886742042E-01  0.998103902638545E+00 -0.374541356065099E+00 -0.163515168373876E+00 -0.912678235912624E+00
-0.285085861071154E+00  0.299157549384539E+00  0.910621113561264E+00 -0.428271019948112E+00  0.792444260147102E+00  0.434299468146710E+00
-0.162378958122315E+00 -0.121705755311707E+00  0.979193945591535E+00  0.602091335079893E+00 -0.263824978404083E+00 -0.753579727030788E+00
-0.133125909898327E+00  0.696744870518673E-03  0.991098888436632E+00 -0.163570636833046E+00  0.374686320543793E-01 -0.985819835658628E+00
 0.187923196671091E+00  0.139075294594882E+00  0.972287475279953E+00 -0.210584702603980E-01  0.110588467057330E-01  0.999717081348434E+00
 0.891941775830054E-01  0.502810626239606E+00  0.859782456686473E+00 -0.845160059019705E-01 -0.978968891382822E+00 -0.185679709314364E+00
 0.112283028088005E-01 -0.250941700215129E+00  0.967937078693225E+00 -0.536752031320125E+00  0.787276896297011E+00 -0.303467206516067E+00
-0.233547026779211E-01 -0.260245645883095E+00  0.965259945124481E+00  0.322307657050073E+00  0.945204747082202E+00  0.520169232093041E-01
 0.349965839135322E+00 -0.193074700555724E+00  0.916649372139439E+00 -0.235462537618421E+00  0.255636956110330E+00 -0.937660460960650E+00
-0.281491258893470E+00 -0.431629454436425E+00  0.857005650640347E+00 -0.360359726371748E+00 -0.931350468998676E+00  0.522223276503955E-01
-0.435570169582112E-02  0.950888893289112E-01  0.995459256317872E+00  0.637062008028115E-01 -0.148794909332976E+00 -0.986813860328210E+00
-0.478130490207280E+00 -0.889747453056447E-01  0.873770409794210E+00  0.900257516673428E+00 -0.123574023713514E+00 -0.417451631133770E+00
-0.412372280868321E-01 -0.246887764757263E+00  0.968166268072213E+00 -0.208656977611563E+00 -0.378909192527596E+00  0.901604175629246E+00
-0.210221692944318E-01  0.125543198176828E+00  0.991865401044764E+00 -0.167670059343492E+00 -0.469633773278832E+00  0.866793441481670E+00
-0.192046401411970E-02 -0.154838525537676E+00  0.987937924581949E+00  0.544529355146272E-01 -0.435840339794825E+00 -0.898375242324371E+00
-0.216375801929781E+00 -0.836399597320413E-01  0.972720858969965E+00 -0.763796775211769E+00 -0.639758787948990E+00  0.855755772293758E-01
 0.154636888979857E-01  0.272762122382322E+00  0.961957223019380E+00  0.283597374019855E+00  0.799178756709607E+00  0.529986645372436E+00
 0.305208266745851E+00  0.394767620342864E-01  0.951467024740890E+00  0.693845365270868E+00  0.302981497935221E+00  0.653284640108020E+00
 0.601937430809160E-01  0.592969857777862E-01  0.996423896126331E+00  0.382705911303736E+00 -0.325045114119031E-01  0.923298241193522E+00
 0.143997444271547E+00  0.314161481964974E+00  0.938385474787858E+00  0.275766719892781E+00  0.321530496112418E+00  0.905853661619403E+00
 0.114516511503147E+00 -0.116422512440987E+00  0.986575778736777E+00 -0.552748289966778E+00 -0.831226606239320E+00  0.594277462021345E-01
 0.890612523939924E-01 -0.179594069052324E+00  0.979701007289082E+00  0.211112275875574E+00 -0.973078119703662E+00 -0.924693458861913E-01
 0.112562279175108E+00 -0.264655278752819E+00  0.957751176838312E+00 -0.894365154984273E-01 -0.520185166047901E+00  0.849357700100033E+00
 0.216028529210772E+00  0.713652688207071E-01  0.973775473593979E+00  0.615987682887431E-01  0.992744955564853E+00 -0.103262020829774E+00
 0.270387217756971E-01  0.377493519704221E-01  0.998921365248811E+00  0.215884007337866E+00  0.854533887860360E-01 -0.972672511033764E+00
-0.459692098250376E+00  0.612716983398203E+00  0.642853850468030E+00  0.748955229975650E+00 -0.661019543564305E+00  0.460350574905687E-01
-0.159387374250894E+00 -0.509323179085704E+00  0.845686445543168E+00 -0.489255315892100E-01  0.963486042385901E+00 -0.263250714122996E+00
-0.603113863649398E-01 -0.355667033474047E+00  0.932664729672196E+00 -0.784317260846083E-01 -0.611871463691239E+00  0.787058940781267E+00
 0.373690771873225E-01 -0.506545517081500E+00  0.861403036443919E+00 -0.242365690162969E-01  0.743749744752920E+00 -0.668018641882309E+00
-0.139496021120281E+00 -0.155054482137394E+00  0.978007652148343E+00  0.829728881934752E+00 -0.552456300429410E+00  0.796367917432386E-01
-0.899697391093626E-03 -0.685276684970366E-01  0.997648810551571E+00 -0.287783850176573E+00 -0.575016356776919E-01 -0.955967581810146E+00
 0.669947776904594E-02 -0.320311600758238E+00  0.947288549185156E+00 -0.314770032041668E-01  0.537300896853450E+00 -0.842803028298880E+00
 0.367277605074625E+00  0.483032859582901E+00  0.794849933870421E+00 -0.388598733313235E+00 -0.841889474234233E+00 -0.374450447510691E+00
 0.280455757560573E+00  0.136463052611861E-02  0.959865983267796E+00 -0.568225296194392E-01 -0.159251952470372E+00  0.985601347280949E+00
 0.174973595255280E+00  0.135963847067172E-02  0.984572187473661E+00  0.226915080610542E+00 -0.143476004896281E+00  0.963288213470150E+00
-0.468586976768930E+00  0.196916478159998E+00  0.861191120385955E+00 -0.709543436577680E+00  0.643469457230127E+00  0.287219722897820E+00
-0.110325323171973E+00  0.755738218802677E-02  0.993866796427702E+00 -0.639772707639482E+00  0.444404688946976E+00 -0.627052912441675E+00
 0.195800889816120E+00 -0.614742416153901E-01  0.978714937642738E+00 -0.181413217724808E-01 -0.997654074187913E+00 -0.660093985778205E-01
-0.707334793716099E-01 -0.153394917413527E+00  0.985630140675336E+00  0.217997016115247E+00  0.448278817127261E+00 -0.866904494785805E+00
 0.329598866537658E+00  0.203337746651807E+00  0.921964396255982E+00  0.773582613443457E+00  0.162015707892801E+00  0.612634353080193E+00
-0.908451722862070E-01  0.181816623203103E+00  0.979127096039789E+00  0.524402472452266E+00 -0.576492603491505E-01 -0.849516691811966E+00
 0.374884380521818E+00 -0.660166121384177E-01  0.924718069555548E+00  0.556281993491269E+00 -0.235105788202923E+00  0.797041788158477E+00
 0.562709784827959E+00  0.840244199185100E-01  0.822373148221798E+00  0.655388321859952E+00  0.721685156626215E+00  0.222792913430818E+00
-0.389008627205595E+00 -0.323866078043574E+00  0.862428577594859E+00  0.238191142995111E+00  0.774670102608010E+00 -0.585791098877388E+00
-0.316592785940556E+00  0.218447554629040E+00  0.923065368089926E+00 -0.686641712307398E+00  0.424149936150495E+00  0.590440505540648E+00
-0.685396848178904E-01 -0.535371746120382E-01  0.996210862488271E+00  0.414934295851114E-01  0.408585104228649E+00 -0.911776566875750E+00
 0.541380132852332E-01 -0.638669144864018E+00  0.767574621073542E+00  0.150875836748372E+00  0.956425998098782E+00 -0.249971582477343E+00
-0.277287366014434E-01 -0.391693005786161E-01  0.998847777721245E+00 -0.779287350523366E-01 -0.124300677102758E+00 -0.989179687379871E+00
-0.885374985109949E-01  0.355081487021402E-01  0.995439743396436E+00  0.977944659494362E+00  0.896085371539554E-02 -0.208671862183545E+00
-0.167398272370637E+00  0.196281803984140E+00  0.966152820123223E+00 -0.331413820786953E-01  0.474441234752637E-01  0.998323947394621E+00
-0.201322792273688E+00 -0.393589679889044E+00  0.896970622259149E+00 -0.763597543174687E+00 -0.594797340128973E+00  0.251266623794487E+00
 0.322577449770605E+00 -0.440785521663662E-01  0.945516192425286E+00  0.730100769116293E+00  0.117524731814629E-01  0.683238425668461E+00
 0.599337698101866E-01  0.793685573707482E-01  0.995041996770602E+00  0.792796421261722E-01 -0.749435914363218E-01  0.994031285446777E+00
-0.117363819872442E+00 -0.189579600029888E+00  0.974825783941652E+00 -0.847279241549922E+00 -0.268488537101421E-01  0.530468685120092E+00
 0.351861070320864E-01  0.256389158715608E+00  0.965932987926714E+00 -0.453452705733511E-02 -0.912617812488299E+00 -0.408788657368863E+00
 0.283491215247425E+00 -0.111536281939028E-01  0.958909968378497E+00  0.917826959551414E+00 -0.205949554028935E+00  0.339379512516430E+00
-0.333592479205256E+00 -0.327889541706002E+00  0.883857740961473E+00  0.528087331908575E+00  0.513992384836511E+00 -0.675970116357046E+00
 0.250466716738258E-01  0.396048382347390E+00  0.917887979591235E+00 -0.176771896913432E+00 -0.234302241610410E+00 -0.955957193622164E+00
-0.207887556356359E+00  0.139898240948342E+00  0.968096713191271E+00  0.407761060030900E+00 -0.181574332385062E+00  0.894852881618758E+00
 0.973105247596324E-01  0.311364097193481E+00  0.945295224123075E+00 -0.488357539757564E+00 -0.233891125017397E+00 -0.840715085507591E+00
-0.309782312643664E-01 -0.757013394241176E-01  0.996649214316214E+00 -0.144160296896758E+00  0.738266185263869E+00 -0.658924008133391E+00
-0.709135129769217E-01  0.285223947981590E+00  0.955833967368322E+00  0.364666166643206E+00 -0.593334001274659E+00 -0.717616436431854E+00
-0.967864005501751E-02  0.844564740923448E-01  0.996380162342955E+00 -0.110542779533612E-01  0.907615488517184E-02  0.999897707943883E+00
-0.506382100787449E-01 -0.583250627872616E-01  0.997012516837619E+00 -0.182068921398267E+00 -0.324408455991443E+00  0.928229530634594E+00
 0.297628961982678E+00  0.289426307905691E+00  0.909752391192897E+00 -0.439320747117787E+00 -0.864377512693617E+00 -0.244640137143245E+00
-0.344577250795745E+00  0.118906617634456E+00  0.931196936483782E+00  0.677870670101345E+00 -0.464117281003094E+00 -0.570163576608194E+00
 0.568802000657710E-01  0.469296890977153E+00  0.881206599475773E+00 -0.196775975483671E+00 -0.977436531602012E+00 -0.767922011813574E-01
-0.134555957263490E+00  0.747583835772575E-01  0.988081918896314E+00  0.857605495339160E-01  0.605063565632459E-01  0.994476801619365E+00
 0.486352229903814E+00  0.810152257465639E-02  0.873725285086542E+00 -0.159105077000450E+00  0.439098596701095E-01 -0.986284694546373E+00
 0.437201425741165E-01 -0.385497455079532E+00  0.921672534721798E+00  0.376207246546665E+00 -0.631119850183728E+00  0.678347877088036E+00
-0.512206875216924E+00 -0.104660359501137E+00  0.852461334096513E+00  0.666677288391192E+00  0.719667770018815E+00 -0.193957969517919E+00
 0.325972898451227E+00 -0.365481241237909E-01  0.944672379239670E+00 -0.660300155664479E+00 -0.183431294590308E+00 -0.728255905979752E+00
 0.527079125062682E-01 -0.906829632669570E-01  0.994484025076499E+00  0.141614222368257E+00 -0.204631465850340E+00  0.968540848496838E+00
 0.240020590939238E+00  0.532491365113683E+00  0.811691482032765E+00  0.571811497012615E+00  0.757348603347149E+00  0.315364400166402E+00
 0.129414091643306E+00  0.388825244293968E+00  0.912177023545252E+00 -0.545354734361133E+00 -0.837470927483064E+00  0.350807544182758E-01
-0.474453545091301E+00 -0.323857922553610E+00  0.818541312060397E+00 -0.529807068391595E+00 -0.509798517242016E+00  0.677797862271744E+00
-0.353172819109759E+00 -0.154948552857754E+00  0.922637472580294E+00 -0.142538838066061E-01 -0.319050417147525E-02 -0.999893318049261E+00
 0.175426647655603E+00  0.130278744918345E+00  0.975834483872556E+00 -0.118574008561823E+00 -0.542526575736700E+00 -0.831627993223528E+00
 0.221999816417181E+00  0.281840488986203E+00  0.933424887325572E+00 -0.803608237658808E+00 -0.529770069083527E+00 -0.271214812040455E+00
 0.221630532862099E+00  0.219989163536752E+00  0.949991934086633E+00 -0.371087090650322E+00 -0.604846480660263E+00 -0.704595703922167E+00
-0.232269206953967E+00  0.971363082797942E-02  0.972603033553316E+00  0.276085108234809E+00  0.133662430936524E+00 -0.951793763147833E+00
 0.708589129743207E-01 -0.147789948582716E+00  0.986477138888690E+00 -0.274472783148979E+00 -0.983735530367508E-01  0.956549703556161E+00
 0.133732580378874E+00  0.175876863053677E+00  0.975286073922727E+00 -0.127911476546721E+00  0.178304821237511E-01  0.991625296205614E+00
 0.498454103515032E-01  0.375849735993860E+00  0.925339078943625E+00 -0.100489667011215E+00 -0.994675670350597E+00  0.228503312134656E-01
-0.110340944885589E+00 -0.399860195519717E+00  0.909910270257837E+00  0.244308251946896E+00  0.663462517116038E+00 -0.707199382361653E+00
 0.310492955394200E+00 -0.173752960528649E+00  0.934560877288422E+00 -0.188888769684674E+00 -0.240481158654046E+00  0.952097602674966E+00
-0.210010674834994E+00 -0.108594817024639E+00  0.971649464658287E+00  0.651208081518163E+00  0.673180401086493E+00 -0.350365783372838E+00
-0.361022684236436E+00 -0.929396751756443E-01  0.927914240781423E+00  0.905592584752226E+00  0.323567332432150E+00 -0.274237582808275E+00
 0.111818914130159E+00  0.112421944315544E+00  0.987348893187745E+00 -0.565780155509104E+00 -0.288618182272284E+00 -0.772393915365687E+00
-0.155818901583309E+00  0.177393454899204E+00  0.971726315414117E+00 -0.582490739024441E-02 -0.926150978018571E+00 -0.377107990327890E+00
-0.149487611147585E+00  0.261657144413842E-01  0.988417325577188E+00 -0.170689214249320E+00  0.107091776975459E+00  0.979487898569037E+00
-0.398207255167335E+00  0.781625039923037E-01  0.913959301556557E+00 -0.864002196307232E+00  0.945991613403954E-02  0.503399160471107E+00
-0.236138866998455E+00 -0.838282741501531E-01  0.968096718280613E+00 -0.565737880460069E-01 -0.394787041990453E+00  0.917029224170393E+00
 0.368308979331466E+00 -0.150801793322634E+00  0.917391582081769E+00  0.756773285041208E+00 -0.645924569552317E+00  0.100377514895476E+00
-0.625316156069559E+00  0.119140067717793E+00  0.771223281042910E+00 -0.934487622564418E+00  0.220235360738914E-01  0.355313730571596E+00
 0.736203850069196E-01 -0.162009288577782E+00  0.984039140139229E+00  0.154014738898074E+00 -0.986887387193824E+00  0.482985010109671E-01
 0.196683132557784E+00  0.311468143409098E+00  0.929679160252905E+00 -0.942159784130579E+00 -0.259601707868091E+00 -0.211995033996062E+00
-0.321657060491731E+00 -0.137209292167170E+00  0.936861967196237E+00 -0.787348659239047E+00 -0.483621878930281E+00  0.382350581292118E+00
 0.178607089949294E+00  0.519257586248886E-02  0.983906776364386E+00 -0.140439766918934E+00 -0.934242767073652E+00 -0.327821787009835E+00
 0.374268474358107E-01 -0.887117962299055E-01  0.995353931172566E+00  0.116741480077498E+00 -0.302638100532346E+00 -0.945928965057889E+00
-0.318331658431094E-01 -0.105628686384380E+00  0.993895985586578E+00  0.129998239080941E-01  0.185882152695323E-01 -0.999742708316221E+00
-0.380104539879272E-01 -0.117118439913289E+00  0.992390284323617E+00 -0.189392635866620E+00 -0.498651518434181E-01  0.980634435511586E+00
 0.102657252991702E-01  0.809458721636245E-01  0.996665631324644E+00  0.401008776851061E-01  0.340732964036510E+00 -0.939304512300340E+00
 0.124917314354354E-01  0.211669038561318E-01  0.999697913785405E+00  0.411527110303785E+00 -0.581913600711751E+00  0.701442797946989E+00
-0.369233239272461E+00 -0.520690467735901E+00  0.769771558207586E+00  0.564096073421819E+00  0.753400178961565E+00 -0.337910920644433E+00
-0.210868775340307E-01  0.333158362466444E+00  0.942635056166777E+00 -0.380872192202997E+00 -0.177987940801900E+00  0.907334925005966E+00
 0.261793598033165E+00 -0.972537561186556E-01  0.960211340773302E+00 -0.242722962779660E+00 -0.918700598991387E+00 -0.311568247342907E+00
-0.233592246201734E+00 -0.693298066042520E-01  0.969859804523646E+00 -0.828519982130486E+00  0.559886518442920E+00  0.904022545986232E-02
-0.970797735647686E-01 -0.223239441201743E+00  0.969917351868986E+00 -0.273039651879289E-01  0.220936277116244E-01 -0.999382992200466E+00
-0.132218857392965E+00 -0.164515232672249E+00  0.977472716738680E+00 -0.159726437800084E+00 -0.849795088432974E+00  0.502330342247898E+00
-0.378906971230767E+00  0.114010433503436E+00  0.918385065321233E+00 -0.274769875374200E+00 -0.628833886128624E+00  0.727371610143824E+00
 0.675782340328430E+00 -0.378306894428677E-01  0.736129789803747E+00 -0.945943800644792E+00 -0.118747638727038E+00 -0.301810079882098E+00
 0.626804257825800E+00  0.124941333316541E+00  0.769094328155222E+00  0.669894427765704E+00 -0.515158985310533E+00  0.534651919946316E+00
 0.566468499863731E-01 -0.252192327445772E+00  0.966017683256422E+00  0.216783740873071E+00 -0.221455927258383E+00  0.950769205420120E+00
 0.258032780340307E+00  0.670379616847671E-01  0.963807551310428E+00 -0.170205088519371E+00 -0.346110849310938E+00 -0.922625334483816E+00
 0.399114001979279E+00 -0.433674024780352E+00  0.807858189074602E+00 -0.758551906446367E+00  0.639712821994135E+00 -0.123961730396455E+00
-0.190536065494732E+00  0.583376619617939E-01  0.979945266299408E+00  0.531014140231644E-01 -0.258991313024275E-01 -0.998253211778715E+00
 0.119855041917516E+00 -0.261282773738346E+00  0.957792295372304E+00  0.803248418656902E-01  0.362280701710749E+00 -0.928601428464990E+00
-0.277530940478083E+00  0.144569477884397E+00  0.949776943888187E+00  0.651367849288139E+00 -0.430005804159741E+00 -0.625151928176407E+00
-0.147199778453488E+00  0.496754688229419E-01  0.987858579463915E+00 -0.186552596328124E+00 -0.496007978369409E+00  0.848041398869847E+00
 0.226487113355228E+00 -0.401858705866789E+00  0.887250341224553E+00 -0.850837644333418E+00  0.898318422163805E-01 -0.517692517918861E+00
-0.294591744317707E+00  0.599781019807795E-01  0.953739131766456E+00 -0.833167881131900E-02 -0.139749937226613E+00 -0.990151775322017E+00
 0.233388619790063E+00  0.179878109437820E-01  0.972217152085860E+00  0.377358117488256E+00  0.127839251674779E+00 -0.917201164901655E+00
-0.259853735807151E+00  0.861355818133410E-01  0.961798678275628E+00  0.705992691281142E-02 -0.973377976797597E+00 -0.229097079242409E+00
-0.156305196154248E+00  0.127082143703718E+00  0.979499267180354E+00  0.876823063927428E+00 -0.395164093798737E+00 -0.273909936908357E+00
-0.199747013193351E+00 -0.238447921838856E-01  0.979557326860477E+00 -0.641040804713996E+00 -0.512204973572950E-01  0.765795760854096E+00
 0.373173080739224E+00  0.293277469991598E+00  0.880187580807026E+00  0.747126653297887E+00  0.325107122026529E+00  0.579747464970332E+00
 0.164589777592797E+00 -0.510738567330659E+00  0.843834297094506E+00  0.111272773497872E+00  0.912655346683823E+00 -0.393291988282907E+00
-0.305675146946546E+00 -0.165648927328816E+00  0.937615666152193E+00 -0.299044403722333E+00 -0.522329108526255E+00  0.798589222935372E+00
 0.430915894011709E+00 -0.126792844961712E+00  0.893440018554466E+00 -0.174628464244735E-01  0.974129003831714E-01 -0.995090837980982E+00
-0.438788901994386E-01 -0.705053206336280E-01  0.996545855822608E+00  0.510281355825873E-01 -0.121537204480473E+00 -0.991274350170545E+00
 0.101073507234431E+00  0.982491243667425E-01  0.990015785579452E+00  0.132361295141859E+00  0.990861699928675E+00 -0.259534036847783E-01
 0.390103896646580E+00 -0.122201319106491E+00  0.912625765267334E+00 -0.455588909302417E+00  0.505064825538035E+00 -0.733040427074025E+00
 0.105192401533309E+00  0.140907862846662E+00  0.984418372871840E+00 -0.137917625967235E+00  0.954305910661052E+00 -0.265101786725292E+00
-0.423609744625443E+00  0.159712349296787E+00  0.891653940573622E+00 -0.947473538613849E+00  0.124462619125883E+00  0.294623403800304E+00
-0.588324599756894E+00  0.111225861257065E-01  0.808548361818121E+00 -0.938737280362151E+00  0.376340995419274E-01  0.342572609836135E+00
-0.336479245424543E+00 -0.337204203660882E+00  0.879246860916751E+00  0.593405024621004E+00  0.218102359330268E-01 -0.804608470228279E+00
-0.502202731114079E+00  0.130685552903927E+00  0.854817935658673E+00  0.506643277209708E+00 -0.149906160175721E+00 -0.849023399441722E+00
 0.425503166176306E-01 -0.454523217892354E+00  0.889717997430938E+00 -0.107896128748608E+00  0.969793467229595E+00 -0.218767128060556E+00
 0.228901467391491E+00  0.205737285877058E+00  0.951460081887813E+00  0.557845838950332E+00  0.486956279737938E+00  0.672072616306889E+00
-0.265740769253656E+00  0.103902837474311E+00  0.958428945682079E+00 -0.593005030881245E+00  0.210129420719496E+00  0.777297021670367E+00
-0.337195501628494E+00 -0.200842195635364E+00  0.919761711604628E+00 -0.308062363437362E+00 -0.378895130082391E+00  0.872660335201065E+00
-0.182645333778018E+00 -0.114169611984027E+00  0.976527512028480E+00 -0.367981854415196E+00 -0.281897474023253E+00 -0.886071762872772E+00
-0.171701847375960E+00  0.328607147685595E-01  0.984600756160882E+00 -0.386521546393719E-01 -0.308407873868568E-01 -0.998776680131796E+00
 0.481321984106640E+00 -0.994646663260065E-01  0.870882269751948E+00  0.687815785237319E+00 -0.417693479606099E+00  0.593667922893700E+00
-0.155145864811948E+00  0.111739549211828E+00  0.981551849763267E+00  0.413811340578252E+00 -0.200699706943255E+00 -0.887963851765218E+00
-0.498747278455334E+00  0.210065278518559E+00  0.840906493609318E+00 -0.503953387072232E+00  0.863704248660560E+00  0.677897515286355E-02
 0.199444395491340E+00 -0.527645255287154E+00  0.825719333478421E+00 -0.563069288250584E+00  0.812211283854372E+00 -0.152531331235958E+00
-0.113243790384626E+00 -0.140413260106640E+00  0.983595425124349E+00  0.766743044115333E-01 -0.753129787039915E-01 -0.994207727933021E+00
-0.127372174728770E+00 -0.602722734321549E+00  0.787719261308760E+00 -0.519112269590316E+00 -0.731970862138498E+00  0.441294809102729E+00
 0.180529417702808E+00  0.207569201209583E+00  0.961417784344091E+00  0.241002652026392E+00 -0.142074303863406E+00  0.960069067254005E+00
-0.133350920049458E+00 -0.320982606790100E+00  0.937650093723770E+00  0.531968499685949E+00  0.832605371185322E+00 -0.154200555171612E+00
-0.179206244389804E+00 -0.330596888265823E-01  0.983255907150519E+00  0.561275266250323E-01  0.108311201858298E+00  0.992531301424276E+00
 0.452252126281626E-02  0.483865950589313E-01  0.998818444072811E+00 -0.256079963477639E+00  0.118737810370106E+00 -0.959335386970482E+00
-0.342157966313642E+00  0.119279894512361E+00  0.932040896556172E+00 -0.776345134306570E+00 -0.515620121484030E+00 -0.362524651243619E+00
-0.141742028126582E+00 -0.376551754857033E+00  0.915487833549224E+00 -0.214700243125904E+00 -0.875647821799603E+00  0.432602239683625E+00
-0.168290333742911E+00  0.446853142430899E-01  0.984724116826482E+00 -0.119276624805633E+00 -0.635538042004919E-01  0.990824909227973E+00
-0.443868456687884E-01  0.437577693876316E-01  0.998055642511876E+00 -0.185591519974471E+00 -0.110494007095391E+00  0.976394829005956E+00
 0.306875373228721E+00 -0.194667776174655E+00  0.931628661122524E+00  0.547974712461160E+00 -0.746160964636556E+00  0.378110472422748E+00
 0.161490990087862E+00  0.325528031060609E+00  0.931639501692712E+00 -0.224920353916879E+00 -0.974040278601862E+00  0.256197200436197E-01
-0.364383879926594E-02  0.207203089578251E+00  0.978291164279854E+00  0.172312649461622E+00  0.698951206717655E+00  0.694100541321969E+00
 0.895498347348564E-01 -0.116609442012604E+00  0.989132481082524E+00 -0.144695935675790E+00 -0.133240261120271E+00 -0.980464236479592E+00
-0.115537263049602E-01 -0.356522250530836E-01  0.999297468353260E+00  0.107629405159008E-01 -0.214387656227695E+00  0.976689352849025E+00
 0.310351085867321E+00 -0.486398806194837E+00  0.816760922689873E+00  0.300071442389515E+00 -0.718670609088440E+00  0.627271619870313E+00
-0.307485993792558E+00 -0.158407364478690E+00  0.938274730822651E+00 -0.677674284261987E+00 -0.141556510581137E+00  0.721608840551511E+00
-0.668950860107666E-01 -0.847007869266735E-01  0.994158349641351E+00  0.830489864418510E-01  0.831394439215677E+00 -0.549441673239509E+00
 0.106397337728746E+00  0.183024757944441E+00  0.977333896119240E+00 -0.189957045161813E+00  0.141239055406829E+00  0.971580079160323E+00
 0.356728309599239E-01  0.194135025290805E-01  0.999174942165214E+00 -0.115129422474468E+00 -0.805747930520913E-01  0.990077228707593E+00
-0.426103282655619E-01 -0.300269620639443E-01  0.998640446544356E+00 -0.321053944697380E+00 -0.933322282545690E+00  0.160729217934872E+00
 0.134013570384312E-01 -0.150637420907151E+00  0.988498240287746E+00 -0.363646434873823E+00 -0.872707269830710E+00  0.325796395910372E+00
 0.200365856869377E+00  0.394908375392178E+00  0.896605207684024E+00 -0.138913687738021E+00 -0.751879018776356E+00 -0.644500526363577E+00
-0.933500136032591E-01  0.639676916173778E-01  0.993576322880842E+00 -0.502050633963166E+00 -0.564839308671096E+00 -0.654905883556670E+00
-0.170307764406534E+00  0.338656375475196E+00  0.925368642613770E+00 -0.309562741711963E+00 -0.428001547860312E+00 -0.849108699739291E+00
 0.221707255742895E+00  0.566854504083012E-01  0.973464253305155E+00 -0.180640541391973E+00 -0.429350878881909E+00 -0.884888025463644E+00
-0.213412487699741E+00 -0.543706409788599E+00  0.811688641074026E+00  0.341412012807950E+00  0.886844282798175E+00 -0.311360009600807E+00
-0.296939008311927E-01  0.390030790058828E+00  0.920322908037996E+00  0.112965786708766E+00 -0.846229013687171E+00 -0.520706431136881E+00
 0.278032012931295E+00  0.237769058497967E+00  0.930679361867643E+00  0.372525197865755E+00 -0.681251530946495E+00 -0.630175633088219E+00
 0.281393608788584E+00 -0.499710933865586E-01  0.958290418797292E+00 -0.328305567625814E+00 -0.211456150573579E+00 -0.920598582798440E+00
-0.215586397780140E+00 -0.248071922736525E+00  0.944448424341947E+00 -0.581347851084373E+00 -0.533286785937848E+00  0.614524108545516E+00
 0.274234239739149E+00 -0.132313909790499E+00  0.952516987266181E+00  0.711880306263636E+00 -0.170976319133922E+00 -0.681170703898375E+00
 0.987978623420158E-01 -0.102445337214189E+00  0.989820152997361E+00 -0.288510810394416E+00  0.290445329304157E+00 -0.912361234912443E+00
 0.212437146729080E+00 -0.171183695937554E+00  0.962063719789270E+00 -0.223236083253457E+00 -0.558008160574115E-01 -0.973165926274129E+00
 0.109297932370782E+00 -0.649789600256823E-01  0.991882904749070E+00  0.420316827021102E+00  0.116039638969364E+00  0.899926978765929E+00
 0.267321439970575E-01 -0.133871596380683E+00  0.990638071224707E+00 -0.969653152160499E-03  0.822843255230300E-02  0.999965675746171E+00
 0.346707306039816E-01 -0.471522588874035E+00  0.881172167411632E+00 -0.106835868038162E+00  0.372721792745383E+00 -0.921772511259259E+00
-0.315558253277448E-01 -0.327007557364832E+00  0.944494725932427E+00 -0.787396372963598E+00 -0.602649166970194E+00  0.129695541148885E+00
 0.161167989841482E+00 -0.688197978926196E-01  0.984524613439641E+00 -0.341282965741326E+00  0.948066809103969E-01 -0.935167167168287E+00
 0.103992055267394E+00  0.371253521023636E+00  0.922689804630362E+00  0.286702636858055E+00 -0.322721272109770E+00 -0.902026927838903E+00
 0.372106564422958E+00 -0.223649012433846E+00  0.900842840872207E+00  0.951891625223817E+00  0.512753434772570E-01  0.302114503094520E+00
 0.482536061204250E-01 -0.123940362440507E+00  0.991115722836890E+00  0.841725101964114E+00  0.227791883889265E+00  0.489499448781795E+00
-0.205082957240498E+00 -0.279267859411574E-01  0.978346091767371E+00  0.915206098026958E-01  0.409863860946812E+00 -0.907543714358220E+00
 0.638046681935023E-01 -0.169720848312743E+00  0.983424525810049E+00 -0.858000880739128E-01  0.304218272025707E+00 -0.948730513819494E+00
-0.868934113313265E-01  0.162808523941504E+00  0.982823951478185E+00  0.461622319860930E-01  0.475052952323408E-01  0.997803735843352E+00
-0.814666530073830E-01  0.195098328998366E-01  0.996485098166548E+00 -0.648010929610053E+00  0.702445873566115E+00  0.294366488948474E+00
 0.231843061501521E+00  0.165297689057129E+00  0.958606002915679E+00 -0.295703356982133E+00 -0.216317510087519E+00 -0.930465614356078E+00
 0.287760558510622E+00  0.176372721119625E+00  0.941321690077581E+00 -0.946685108416024E-01 -0.121402476885365E+00 -0.988078595892620E+00
 0.282432582213649E+00  0.147963851172732E+00  0.947807224729936E+00 -0.434402314698947E+00  0.594442704932894E+00 -0.676707100255540E+00
 0.138550925753268E+00 -0.247989203707380E+00  0.958803940238823E+00  0.108100267938676E+00 -0.256853135632252E+00  0.960385755198122E+00
-0.178653138599249E-01  0.263268131871098E+00  0.964557266989259E+00  0.107218025117882E+00 -0.496063087616978E+00 -0.861641287424025E+00
-0.742767448502657E-01  0.398262086876693E+00  0.914259413586248E+00  0.126069837397944E+00  0.952687695263213E+00  0.276572868142420E+00
 0.248735150771247E+00 -0.221041183043011E+00  0.943011993651062E+00 -0.751106612745582E+00  0.496324638161758E+00 -0.435316792512601E+00
 0.238150595613556E+00 -0.634310170058771E+00  0.735482767961916E+00  0.151620211962292E+00  0.869534493953335E+00 -0.470022419837423E+00
-0.118113896583738E+00  0.139663015200971E+00  0.983129365657836E+00  0.194241538689654E+00  0.254514657508347E+00 -0.947360814980694E+00
-0.261249413070627E+00 -0.217207821621799E+00  0.940515553511246E+00 -0.120104098928617E+00 -0.971093544823148E+00 -0.206282167487542E+00
-0.398078542129095E+00  0.365991186626919E-01  0.916620956998851E+00  0.741157795308882E-01  0.245424049208957E-01  0.996947602226530E+00
-0.717548218417692E-01 -0.862928712577360E-02  0.997384971285490E+00 -0.826278515691359E+00 -0.560465768515528E+00 -0.560529823397791E-01
 0.117369964245917E+00 -0.174683571179697E+00  0.977604184449320E+00  0.374171658137708E+00 -0.406946011770755E-01  0.926466145998609E+00
-0.248320784509435E+00  0.596107566181996E-02  0.968659513739257E+00  0.574177224399467E+00 -0.416667042530974E+00 -0.704775915202425E+00
 0.173085328597167E-01 -0.183432611758948E+00  0.982879896850849E+00  0.367269327045650E+00 -0.136291443657319E+00  0.920074933794655E+00
-0.385632852929990E+00 -0.116901552442246E-02  0.922651578952630E+00  0.916887071911412E-02 -0.738868335730521E+00 -0.673787439972389E+00
-0.226994207189348E+00  0.330202255533309E+00  0.916209637770306E+00  0.445061065470589E+00 -0.659828628193989E+00 -0.605431110381539E+00
 0.324614002897251E-01 -0.355541746629437E+00  0.934096528146272E+00  0.161314334223420E+00 -0.963310252138693E+00  0.214501850105175E+00
 0.128177966228673E+00 -0.669753245762412E-01  0.989487096869579E+00  0.883158118967334E+00 -0.356794616956892E+00  0.304514922807841E+00
 0.315917551163729E-01  0.341489959829635E+00  0.939354335884080E+00 -0.479322736122484E+00 -0.844596227120644E+00 -0.238551729756103E+00
-0.433472874788759E-02  0.350414209958366E+00  0.936584802132693E+00  0.610069427486987E+00  0.770677312387141E+00  0.184042858642849E+00
 0.173416860654651E+00 -0.146341597359429E+00  0.973915155094619E+00 -0.244737135584830E+00  0.348888828189591E+00 -0.904643753104075E+00
 0.148966076704971E+00  0.312572391325148E-01  0.988348163853680E+00  0.141583415352008E+00  0.989910870556542E+00  0.553216515031290E-02
-0.369793899737691E+00 -0.781700501381977E-01  0.925819590945332E+00  0.420035562932973E+00 -0.393787981338689E+00  0.817619197196825E+00
-0.969067563003746E-02  0.132501517773459E+00  0.991135428987161E+00  0.627202497010807E-02  0.539970794080600E-01 -0.998521395423340E+00
 0.451946727485488E+00 -0.722835159075461E-01  0.889111494045151E+00  0.806280083701259E+00 -0.404384020069587E-01  0.590150118418877E+00
 0.256481048372046E+00  0.432577941914030E-02  0.966539579871612E+00  0.418722179713240E+00  0.611480453896149E-01  0.906053338805847E+00
 0.129234234791920E+00 -0.182636368509773E+00  0.974649921487356E+00 -0.798135445642922E+00  0.938596621294878E-02 -0.602404941917497E+00
 0.243676192965080E+00 -0.820878705542078E-02  0.969821905711107E+00  0.285010478755877E+00  0.227937188782998E+00  0.931028283656866E+00
 0.239156848305091E-01  0.319373315898289E+00  0.947327147880403E+00 -0.226761040848057E+00 -0.285744750441479E+00 -0.931090418782538E+00
 0.971108049287953E-01 -0.583096454967381E-01  0.993564027533267E+00  0.263688416485428E+00 -0.259711871748578E+00  0.928987708575446E+00
 0.211403093391858E+00 -0.118197499668262E+00  0.970225789791492E+00  0.270699003381317E+00 -0.955924861300557E+00  0.113708878790850E+00
-0.243100049491007E+00 -0.465125258381363E+00  0.851211407320849E+00 -0.544668210310872E+00 -0.788476587665602E+00  0.285729262379545E+00
 0.258332362123847E+00  0.121921197358334E+00  0.958331681785708E+00  0.285474347315956E+00  0.585359973547005E+00  0.758853146790325E+00
-0.284550815266681E+00 -0.472110941079155E+00  0.834351300618883E+00 -0.322607455810252E+00 -0.720503539258471E+00  0.613839620236144E+00
 0.368705306418297E+00  0.196140157136784E+00  0.908617320865802E+00  0.409833501361987E+00 -0.508613546953489E+00  0.757197966859899E+00
 0.380788222260858E+00 -0.309118188166573E-01  0.924145437279686E+00 -0.940212499477185E+00  0.329584816491819E+00 -0.858737711115428E-01
 0.280689565688276E+00 -0.199139338866738E+00  0.938912611178189E+00 -0.576415453605629E+00  0.786217993165684E+00 -0.222725149157299E+00
-0.136738100345472E+00 -0.161742032286594E-01  0.990475182457304E+00  0.217869447797651E+00 -0.956197756191423E+00 -0.195496175847085E+00
-0.392208111089654E+00 -0.520372211539338E-01  0.918403465373505E+00 -0.898097685144493E+00 -0.695826487764490E-01  0.434256609537906E+00
 0.101306259043792E+00  0.208239980244375E+00  0.972817121820116E+00  0.303384110196519E+00 -0.618623876206517E+00 -0.724750013085540E+00
 0.108350339351362E-01  0.295879623925467E-02  0.999936921792789E+00  0.188359399629312E+00 -0.306805990739794E+00  0.932947383627532E+00
-0.256024445012762E+00  0.833972724134682E-01  0.963066134027098E+00  0.203822597049069E+00 -0.476994333925482E-01  0.977845137527514E+00
-0.405598989454269E+00  0.377743514036921E-01  0.913270254705422E+00  0.705915980698011E+00 -0.693728682662972E-01 -0.704890086001834E+00
 0.474211296985158E-01 -0.162422078540335E+00  0.985581201556094E+00 -0.317010302738290E-01 -0.540978812272201E-01  0.998032296033702E+00
-0.511777118004435E+00 -0.137773118683649E-01  0.859007780619452E+00 -0.850139282848939E+00 -0.297011215650924E+00  0.434795972307302E+00
-0.474488823891040E+00  0.147985810337038E+00  0.867732998071059E+00 -0.933456075457288E+00 -0.605284034299921E-01  0.353547829253828E+00
 0.287085608753445E+00  0.156585580431829E+00  0.945020004681113E+00 -0.884902727956535E+00 -0.383663426409073E+00 -0.264101376920176E+00
 0.893971382145235E-01 -0.880863800318859E-01  0.992093212017869E+00 -0.998451946140385E-01  0.152546136307526E-01  0.994886040647602E+00
 0.161504470365276E+00 -0.174723569873430E+00  0.971281617340057E+00  0.238489657018700E+00 -0.243927823039141E+00  0.940011649205736E+00
-0.137839971604271E+00  0.689264787509754E-01  0.988053279309939E+00  0.536697143144699E+00 -0.532508747661554E+00 -0.654515553829122E+00
-0.200850092940442E+00 -0.503979421688554E-01  0.978324735244367E+00 -0.624087922197269E+00  0.616260176860048E+00 -0.480351600167958E+00
-0.140729310269336E+00  0.264385015881849E-01  0.989695037304365E+00 -0.813851586985919E+00 -0.486403739348648E+00 -0.317894631455383E+00
-0.694374692736450E-01  0.167653070232617E+00  0.983397623498475E+00 -0.486329124625385E+00 -0.738631530573293E+00  0.466805574713993E+00
 0.110590292740938E+00 -0.996494989290050E-01  0.988857808036460E+00 -0.113029703064971E+00 -0.237029178797139E+00 -0.964904894082209E+00
-0.304291035657831E+00  0.855817840241756E-02  0.952540667478673E+00 -0.861382295326379E-01 -0.129340751534500E+00  0.987851798300470E+00
 0.252303642264780E+00 -0.717000043231364E-02  0.967621549570764E+00  0.882708519603747E+00 -0.420217624768285E+00  0.210339766218997E+00
 0.807230349367388E-01 -0.229826381543569E+00  0.969878150066900E+00 -0.235876707921275E+00 -0.479926274378306E+00  0.845004704023345E+00
 0.111683762275981E+00 -0.204349245216720E+00  0.972506104465797E+00 -0.685718420635759E+00  0.596510268784688E+00 -0.417092012432772E+00
 0.142110279738053E+00 -0.413785970543346E+00  0.899214011775992E+00  0.227074519188244E+00  0.844701416071511E+00 -0.484682040540200E+00
-0.239061753885335E+00 -0.160741534916063E+00  0.957607245577275E+00 -0.832285604926255E+00 -0.445767139542243E+00  0.329533502298119E+00
-0.199879256337727E+00 -0.228650489624505E+00  0.952768196614660E+00 -0.444221198036290E+00  0.788495195210405E+00 -0.425373781920453E+00
-0.206022734300572E+00 -0.111849780151571E+00  0.972133869192593E+00  0.830164203292945E-03  0.402758132332605E-01  0.999188255383236E+00
 0.266356423003552E+00 -0.369304114087447E+00  0.890319452355636E+00  0.388711483241267E+00  0.189217312818004E+00  0.901720683652265E+00
 0.326953119381302E+00  0.659985155569777E-01  0.942733182650909E+00 -0.937687560927534E+00  0.290401927827299E+00 -0.190810792137031E+00
-0.155850997825672E+00 -0.272822857939137E+00  0.949356705702690E+00  0.333741152785088E+00  0.433121220721592E+00 -0.837271073845453E+00
-0.105170524494377E+00 -0.300207912221975E-01  0.994000962208775E+00 -0.451199416001059E+00 -0.338543695596263E+00  0.825716206194554E+00
 0.921671511570509E-01  0.342215511500368E+00  0.935090241600315E+00 -0.345569067230296E-01 -0.851529364294698E+00 -0.523166858604024E+00
-0.178441385323215E+00  0.218897092195468E-01  0.983707025813181E+00  0.167990948611245E+00  0.365445381483787E+00 -0.915548313491354E+00
 0.366059770546391E+00 -0.151953873168559E-01  0.930467272176628E+00 -0.827617901372413E-02 -0.565000925590187E-01 -0.998368290963688E+00
 0.471125436566017E-01  0.430104140084698E+00  0.901549131723949E+00  0.487780177245805E+00  0.871307786680907E+00  0.537888422934544E-01
-0.266586077518429E+00  0.374376479177483E+00  0.888129559868384E+00  0.211904862376846E+00 -0.860749848628417E+00 -0.462823970195157E+00
 0.125577273332459E-01 -0.188638497156704E+00  0.981966303329541E+00  0.480974175060572E-02  0.173401243044722E-02  0.999986929707176E+00
-0.328691963013184E-01 -0.324129541145062E+00  0.945441514051291E+00 -0.222066597916940E-01 -0.526796974317319E+00  0.849701013363532E+00
-0.229564055230056E+00  0.671317941885748E-01  0.970975626241645E+00  0.109942898113598E+00 -0.984434213879608E-01 -0.989050783296700E+00
-0.158441741242922E+00 -0.152350535930362E+00  0.975543709340408E+00 -0.972457656683516E+00 -0.818398124595482E-01 -0.218239206042797E+00
-0.156712596888665E+00 -0.328413612054828E+00  0.931442784820148E+00  0.936086826887356E-01  0.969832631138657E+00 -0.225082389590899E+00
 0.269866522856838E+00  0.214937225426331E+00  0.938602178224188E+00  0.784225134515236E-02  0.998758922214618E+00  0.491844933951188E-01
 0.235475306135118E+00 -0.254627015905049E+00  0.937932014045721E+00 -0.366637427468650E+00  0.325555819886158E+00 -0.871544838156604E+00
 0.310566009418101E+00 -0.432467797782101E+00  0.846475255205736E+00  0.479102131682800E+00 -0.875742833724371E+00  0.594612192727783E-01
 0.244079711369414E+00  0.140996135063625E+00  0.959450459583476E+00  0.786771471368012E+00  0.342839704541748E+00  0.513275353812299E+00
 0.310864379937847E+00  0.260179006519233E+00  0.914149999645858E+00  0.893263360923463E+00  0.350200068409630E+00  0.281851876200266E+00
-0.154239363702897E+00 -0.862209532134650E-01  0.984264276458049E+00  0.950415617371700E+00 -0.209455387762298E+00 -0.229866471659778E+00
 0.132461604614293E+00 -0.196491395050344E+00  0.971516883525025E+00  0.727597138686870E+00 -0.667663840848396E+00 -0.157567126642101E+00
-0.103218764095453E-01 -0.680106923240616E-01  0.997631196683919E+00  0.711914202895267E-01  0.667048503117204E-01 -0.995229744642940E+00
-0.382685392823240E+00 -0.364535969151796E+00  0.848920147784398E+00  0.752677829037085E+00  0.520737650906334E+00 -0.402875147663112E+00
-0.945533515863989E-01  0.164744094375900E+00  0.981793790503914E+00  0.148755271793157E+00  0.745090794071626E-01  0.986063013300692E+00
-0.456305858704916E-01 -0.648940799796202E+00  0.759469346315558E+00 -0.291421099880675E+00 -0.954034480383045E+00 -0.699424962707966E-01
-0.179140478353694E-01 -0.342027688425687E+00  0.939519104244471E+00 -0.246834222249316E+00 -0.686981625008833E+00  0.683468443768107E+00
-0.180718859792632E+00  0.160253329378925E+00  0.970391448920600E+00  0.334201671142210E+00  0.825845245382389E+00  0.454190349616828E+00
 0.350155656464913E+00  0.480270664004108E+00  0.804195937283122E+00  0.871977069329714E+00  0.305478775475115E+00  0.382542426793928E+00
-0.405417072014958E+00  0.203811220621814E+00  0.891121756028583E+00  0.322067936302291E+00 -0.219152133345782E+00 -0.921001947259601E+00
 0.205972566431160E+00 -0.179081807298838E-01  0.978393887419943E+00  0.507064496009715E+00  0.378076605439189E+00  0.774560312245595E+00
-0.199965679428823E+00  0.329051628623666E-01  0.979250211798584E+00 -0.510799512900417E-01  0.774805521027353E+00  0.630132718688483E+00
 0.161392773775458E+00  0.133803023965788E+00  0.977777645147747E+00  0.195162961484672E+00  0.135912419489268E+00  0.971308000941568E+00
-0.525854666045433E-01 -0.308980583344279E+00  0.949613483380587E+00 -0.918861950569292E+00 -0.175507050985755E+00  0.353397779917021E+00
-0.446361170901710E+00 -0.144387329319132E+00  0.883127399780656E+00 -0.685672276190196E+00  0.127963420323620E+00  0.716574415342354E+00
 0.129698390309054E+00 -0.938186019930863E-01  0.987105058983745E+00  0.909470846386751E+00 -0.100971555257683E+00  0.403320622583834E+00
-0.118338350200172E+00  0.143775408716123E-01  0.992869236702591E+00  0.197591034772092E+00 -0.160529805827558E+00 -0.967051169493456E+00
 0.503253463568044E-01 -0.509817130531805E-01  0.997430811860267E+00  0.573107770570151E+00 -0.817835001079597E+00  0.518979221284097E-01
-0.144706903459843E+00 -0.945879664720291E-01  0.984943160131462E+00 -0.733489770464982E+00 -0.290581047864410E+00  0.614455377749474E+00
 0.492819136518611E-01 -0.236005623059772E+00  0.970501230741610E+00  0.125850958333808E+00 -0.669820031563030E+00  0.731780473641763E+00
 0.470262952711372E-02 -0.229491436247719E+00  0.973299319821241E+00  0.280044211480919E+00  0.939482670192950E+00 -0.197351341579313E+00
 0.100475465294054E+00  0.453207510985510E+00  0.885724354898442E+00  0.435500215534047E+00 -0.573516217957369E+00 -0.693843433354870E+00
 0.119598565225321E+00 -0.295930141347926E+00  0.947692742737772E+00 -0.374272525479093E+00  0.903006384194683E+00 -0.210949156848626E+00
-0.377940963039689E+00  0.598812384743866E-02  0.925810331995393E+00 -0.913718105970352E-02  0.296299950614930E-01 -0.999519172059715E+00
-0.950353569044087E-01  0.134924448141567E+00  0.986287825247653E+00  0.945914871970994E-01 -0.208650924620148E+00 -0.973404973382096E+00
-0.228369312420658E+00  0.216072559473253E+00  0.949294530789677E+00 -0.380300120229451E+00  0.546126608122487E+00  0.746403072377179E+00
-0.185260431337135E+00  0.114771287501841E+00  0.975964202287127E+00  0.367542757983217E+00 -0.397058522406390E+00 -0.840985642468732E+00
-0.305626730991128E+00  0.125518089841056E+00  0.943841888467729E+00 -0.849399997318952E+00 -0.171971114527556E+00  0.498944466171051E+00
 0.794564759468047E-01 -0.254656718597737E+00  0.963761705040799E+00 -0.149618161188934E+00  0.437430185162326E+00 -0.886718241016443E+00
 0.124270833928359E+00 -0.597186648604915E-01  0.990449615529246E+00  0.802463807844096E+00 -0.520226554545503E+00  0.292260447283017E+00
-0.402045003572434E+00 -0.163224079507603E+00  0.900953780707611E+00  0.802507726977145E+00  0.346805960317398E+00 -0.485496626178085E+00
-0.312988782573854E+00 -0.176121675573382E+00  0.933284081818693E+00 -0.789069323540215E-01 -0.950885319300400E+00  0.299317232322924E+00
-0.313611588352976E+00  0.430943079111055E+00  0.846129915684942E+00 -0.372582068315428E+00  0.873661415406415E+00  0.312887094012931E+00
-0.138896568210390E-01  0.184988221979475E+00  0.982642577523621E+00 -0.395381139181618E-01  0.334473807344254E+00  0.941575280977806E+00
-0.286914565120930E+00  0.280030716691218E+00  0.916112891531863E+00 -0.712395119348690E+00  0.540611472901927E+00  0.447473383895595E+00
-0.245943616956922E+00 -0.134540732773139E+00  0.959901311856075E+00  0.272690585615867E+00  0.932762302381095E-01 -0.957569521961222E+00
-0.194644125567090E+00  0.120985874086192E-02  0.980873182742830E+00 -0.454756361782852E+00  0.420903091527158E+00  0.784880397870213E+00
 0.206104596111906E+00  0.197995714825459E+00  0.958289409506493E+00 -0.397913541923188E+00 -0.430900776435986E+00 -0.809931684786444E+00
 0.537321611805057E-01 -0.148594882538217E+00  0.987437297117303E+00  0.572343074533035E-01  0.319840726921357E-01  0.997848311690893E+00
-0.415190840689499E+00 -0.347047128979383E+00  0.840936891850223E+00  0.173803162145296E+00  0.984397370843750E+00 -0.274641057420086E-01
 0.328399294408150E-01  0.478903808224737E+00  0.877252917636736E+00  0.583287480735899E-01 -0.652731939288301E+00 -0.755340170109535E+00
-0.257236327531548E+00 -0.276633431673630E+00  0.925906807556005E+00 -0.200148562161235E+00 -0.459176165334719E+00  0.865504362931403E+00
 0.194410224575866E+00  0.320267380721747E+00  0.927164208447453E+00 -0.688553475300866E+00 -0.421424758669793E+00 -0.590165472076440E+00
 0.176923408749394E+00 -0.172013667643510E+00  0.969076573641280E+00 -0.187094547218560E+00  0.216243494931542E+00 -0.958245470274122E+00
-0.934481133153738E-01  0.464574167027442E+00  0.880589741848357E+00  0.893876251136841E+00 -0.411287255939386E+00  0.178404150050939E+00
 0.211732099119065E+00  0.212209622547407E+00  0.954010793597704E+00  0.262534336628167E-01 -0.128929824586255E+00  0.991306137150915E+00
-0.257785359739493E+00  0.491248996958249E-01  0.964952564913869E+00 -0.956711208284281E+00  0.287840163246630E+00 -0.430314346191667E-01
-0.183514358030229E+00  0.449697386098572E+00  0.874125129105018E+00  0.342403956853418E+00 -0.857741958972669E+00 -0.383455684726217E+00
 0.139758762492538E+00 -0.146809418612783E+00  0.979241789811449E+00  0.491058171012274E-02 -0.368641621749667E-02  0.999981148083672E+00
-0.139818546708744E-01 -0.216709323671984E-01  0.999667383898414E+00 -0.577018211762697E+00 -0.931161027850732E-01 -0.811405801492878E+00
-0.639393021574586E-01 -0.226451623378417E+00  0.971921513245229E+00  0.909083834108680E+00  0.384931861671213E+00 -0.159355089133033E+00
-0.510907388576350E-01 -0.194015225586303E+00  0.979667203005019E+00 -0.200529141129883E+00 -0.583308326964078E+00  0.787108289406280E+00
-0.601188048231733E-01  0.485392464690539E-01  0.997010366475118E+00 -0.137335787670641E+00  0.195222404021264E+00  0.971095821427033E+00
-0.148573749568452E+00  0.935278443247381E-01  0.984468579120298E+00 -0.338541621578973E+00  0.150260373102976E+00 -0.928876413056997E+00
 0.380059812442808E+00 -0.516357123724886E-01  0.923519513694065E+00 -0.672505454592099E+00 -0.121070305009336E+00 -0.730122177987233E+00
 0.159789741285572E+00  0.994185380102817E-01  0.982131963067992E+00 -0.998894753814387E+00  0.424859310901714E-01  0.201051352021670E-01
-0.472123861203824E+00 -0.363637272647873E+00  0.803036109787853E+00 -0.732403211704195E+00 -0.583458467232937E+00  0.350944087426434E+00
 0.436293079202931E+00 -0.262900464401722E+00  0.860541512570418E+00  0.793386131957965E+00 -0.450029098735657E+00  0.409892981042553E+00
-0.673763069894671E-02  0.265161080462131E+00  0.964180587722404E+00  0.212612989115748E+00  0.781434158668630E+00  0.586648423269949E+00
 0.154434391842441E+00  0.463655907593935E-01  0.986914510284345E+00 -0.603375256041470E+00 -0.640416167819002E+00 -0.475189890878283E+00
 0.240187122267758E+00 -0.267813479391434E+00  0.933052027784618E+00  0.187771504178838E+00 -0.648147196098110E+00  0.738002082929699E+00
-0.123025886752886E+00  0.260289354965753E+00  0.957660734749096E+00  0.681552675724803E+00 -0.580729193520745E+00 -0.445241006652696E+00
-0.142492615207327E+00  0.279209296235594E+00  0.949598875055674E+00 -0.910519125116617E-03  0.634916096398498E-02 -0.999979429343412E+00
-0.409740023524377E+00 -0.126674412668584E-01  0.912114383755674E+00  0.769989757572656E+00  0.179260506332967E+00 -0.612357284681460E+00
 0.613909336412455E-01  0.160156631447220E+00  0.985180697471350E+00 -0.113508499797234E+00 -0.255473015245268E+00  0.960129865671969E+00
-0.146665851503069E+00  0.144525781607778E-01  0.989080507839168E+00 -0.145509415551797E+00  0.974777546469554E+00  0.169220994219307E+00
-0.325143455910185E+00 -0.285108793570639E+00  0.901662192235804E+00  0.450626904615557E+00  0.850474561435843E+00 -0.271345560470615E+00
 0.828930170265775E-01 -0.144490012086825E-01  0.996453698920478E+00  0.751675894275261E-02 -0.267489937237826E+00  0.963531334109846E+00
-0.231048886158510E+00  0.244046300278711E+00  0.941837467679634E+00 -0.372612620034346E+00  0.918667019924077E-01  0.923428581134555E+00
 0.165759698797498E+00  0.619142954941045E-01  0.984220677626736E+00 -0.417747869332805E+00 -0.200907005891331E+00 -0.886071719812613E+00
 0.137576676605724E+00  0.104033000226765E+00  0.985012585157135E+00  0.132418054193340E+00 -0.178974843710564E+00  0.974901771586466E+00
 0.170039253586088E+00  0.216217458283490E+00  0.961424288736931E+00  0.686124914657097E-01 -0.574882120785545E+00 -0.815354446370400E+00
-0.166144188372930E+00 -0.261310712936646E+00  0.950848473719363E+00  0.399345629620190E+00  0.584861291696202E+00 -0.706017236035144E+00
 0.625770317495335E-01 -0.283104188563296E-01  0.997638529369028E+00  0.138301079659929E+00  0.414680548404398E+00  0.899395827286254E+00
-0.171700480540194E+00 -0.162801249601339E+00  0.971604187985266E+00  0.686132977510834E+00  0.158222471538117E+00 -0.710061396410540E+00
-0.367544942339565E+00 -0.872757783278292E-01  0.925901535735781E+00  0.357288855221829E+00 -0.321964782415128E+00 -0.876745888395637E+00
-0.355061547105274E+00  0.298574164003946E+00  0.885880785634587E+00 -0.499971890601629E+00  0.828423509312612E+00  0.252472964545531E+00
-0.774390260396478E-01 -0.175537744867850E+00  0.981422282900047E+00  0.127255440676265E+00  0.852538739223127E-01 -0.988199286479973E+00
 0.157790464751164E+00 -0.114877411686149E+00  0.980767734745542E+00  0.283840548013401E+00 -0.954674150891783E+00  0.896203599775504E-01
 0.188110428230063E+00 -0.788422235818829E-02  0.982116238450881E+00 -0.777929839012053E+00 -0.476648988093489E-03 -0.628350967517694E+00
 0.982119939486827E-01 -0.196549104039155E+00  0.975562839568025E+00 -0.232712464738385E+00  0.619459067013653E-01 -0.970570766816275E+00
-0.202304539761834E+00 -0.136348416174495E+00  0.969784503175040E+00 -0.933070994970881E+00  0.328626696390898E+00  0.146229315676624E+00
 0.428723947924818E+00 -0.739224728931268E-01  0.900406155286115E+00  0.853226879925136E+00 -0.149610368076514E+00  0.499620485105673E+00
-0.126150747139357E+00  0.190684161160348E+00  0.973511961754326E+00  0.158878147819759E+00 -0.131992839393634E+00 -0.978435293974093E+00
 0.199358105619133E+00 -0.255611556225348E+00  0.946001626873869E+00  0.540542766101509E+00 -0.189798261176715E+00  0.819628048610847E+00
-0.459295314294045E-01 -0.188256878423009E+00  0.981045272079275E+00 -0.223551075187834E+00  0.662977184315507E+00 -0.714483148758210E+00
 0.318529913843347E+00  0.329180826670835E+00  0.888919949905083E+00  0.226286106866680E+00  0.259198961280700E+00  0.938941157000867E+00
-0.256565156234987E+00 -0.223654377711385E+00  0.940294124163631E+00  0.214471718664422E+00  0.727718793355369E-01 -0.974015469831513E+00
-0.194645044098623E+00 -0.360220513659258E+00  0.912334636165319E+00 -0.378829325091855E+00 -0.546067815446227E+00  0.747193605020972E+00
 0.499007769693011E-01 -0.205730949707651E+00  0.977335504722021E+00  0.256593610023753E+00 -0.470043126036075E+00  0.844523048211955E+00
 0.296548877488551E+00  0.725186814276449E-01  0.952260365711120E+00 -0.642387193621777E+00  0.252470763586365E+00 -0.723600170677741E+00
 0.141602210191744E+00 -0.204185186687510E+00  0.968636786213594E+00  0.166914032743639E+00 -0.887833020357219E+00  0.428826577577268E+00
 0.390810381780743E+00 -0.174262158218684E+00  0.903825174303834E+00 -0.301279536322468E+00 -0.548885372493250E+00 -0.779715004893624E+00
 0.126079870468144E-01  0.142337115222260E+00  0.989737937179753E+00 -0.707116407435784E-01  0.144313778514486E+00  0.987002227552817E+00
-0.305492925433084E-01 -0.456285560584173E+00  0.889308848447765E+00  0.527157628409543E-01  0.545234816767633E+00 -0.836624194565554E+00
 0.410965997857572E+00 -0.469987932474115E+00  0.781164702181068E+00 -0.679236145587303E+00  0.687850187984993E+00 -0.255930415184897E+00
-0.227822189978185E-01  0.781149920010546E-01  0.996684011370811E+00 -0.834579869654230E-01 -0.222224572038287E+00  0.971417008289478E+00
-0.847571686050972E-02 -0.148443118482504E+00  0.988884625625704E+00  0.711361390954377E+00  0.563705850435731E+00  0.419762653941467E+00
 0.465365847476159E+00 -0.220338976750047E+00  0.857254549901917E+00 -0.996937478820318E+00 -0.281648883508442E-01 -0.729547968784247E-01
 0.345099716521951E-01  0.548681917254488E-01  0.997897060519443E+00  0.195325475681499E+00  0.959922909533724E+00  0.200987477973397E+00
 0.658620760510900E-01  0.273775104953636E+00  0.959536022693190E+00  0.101784953051819E+00  0.463571130621144E+00  0.880194086657524E+00
-0.295397955014528E+00  0.457641579236813E+00  0.838632358740628E+00  0.469701878968212E+00 -0.387537748397599E+00 -0.793217900996094E+00
-0.554841516065097E-01 -0.205984202114152E+00  0.976981073204544E+00  0.105254274015429E-01 -0.393289290079517E+00  0.919354528833553E+00
 0.791422408413194E-01  0.390176766228845E+00  0.917332326264487E+00 -0.278413828992064E+00 -0.347883686341188E-01  0.959830979513453E+00
-0.198142710672990E+00 -0.643137388969271E-01  0.978060943498031E+00 -0.335957653225125E+00  0.899342252704336E-02  0.941834153973361E+00
-0.122511698551868E+00 -0.646542899604465E-01  0.990358877633581E+00 -0.374574283761205E-01 -0.886431045214318E-01 -0.995358900638483E+00
 0.187138689042393E+00 -0.507661997973019E-01  0.981020847903670E+00  0.118919091091147E+00  0.875987270367560E-01  0.989032210191152E+00
 0.209743434764565E-01  0.154345011906075E+00  0.987794358262612E+00  0.137268260674094E+00  0.292955725093874E+00  0.946221098764042E+00
-0.150339629855327E-01  0.259437143118314E-01  0.999550350730095E+00  0.555497781521299E+00  0.260131062630333E+00  0.789781010774334E+00
-0.303726371605794E+00  0.785521330752595E-01  0.949515588908632E+00  0.396828366096091E+00 -0.495986529963914E+00 -0.772350056616728E+00
 0.177689903656504E+00  0.301127148396550E+00  0.936882457214940E+00 -0.665661187092119E+00 -0.693029763827487E+00 -0.276775957135601E+00
 0.749400508695706E-01 -0.108284712916236E+00  0.991291283994929E+00 -0.645153642798705E-01 -0.413511405865989E+00  0.908210374852968E+00
-0.580053585397511E-01  0.689307248438631E-01  0.995933699376206E+00  0.250496529307615E-01 -0.246146644355778E+00 -0.968908842131415E+00
 0.310771583147683E-01 -0.295020550454561E+00  0.954985384726157E+00 -0.184102022312817E+00 -0.821612935569017E+00  0.539498498131360E+00
-0.142546397237007E+00 -0.385415520168724E-01  0.989037447927469E+00 -0.427529928045956E+00 -0.936511418452295E-02  0.903952684193886E+00
-0.461852432599785E+00  0.264865861334937E+00  0.846485916008626E+00  0.757111290193567E+00 -0.408516514956315E+00 -0.509800697596011E+00
-0.172059827408463E+00 -0.158211026294125E+00  0.972298661395319E+00 -0.516072927439247E+00 -0.268451922546201E+00  0.813389389435057E+00
 0.270263454214146E+00 -0.295839388464226E+00  0.916207793870665E+00  0.124735323668604E+00  0.519522393665458E+00 -0.845303248254377E+00
-0.734302042013035E-01 -0.809391887788625E-01  0.994010489296152E+00 -0.171766145636993E+00 -0.683980423773078E-01 -0.982760448436934E+00
 0.245084853702213E+00  0.215495272390597E+00  0.945248751421057E+00 -0.954945699366805E+00 -0.234652737465122E+00 -0.181705267014934E+00
-0.203628637823381E+00  0.312102990344343E+00  0.927969342853692E+00 -0.527551488090298E+00  0.639184528021647E+00  0.559582493070911E+00
-0.848649349268557E-01 -0.436768492800523E+00  0.895561961293924E+00 -0.343652891728396E+00 -0.935298446692094E+00 -0.843771629178566E-01
 0.396513615810264E+00  0.281259222585290E+00  0.873882258767043E+00  0.177183549278858E+00  0.156732952192692E+00  0.971617605625747E+00
-0.649644334585810E-01 -0.118412626576225E+00  0.990837056358272E+00 -0.135448104389267E+00  0.112939839491268E+00 -0.984326370505759E+00
 0.143698537110474E+00  0.342864148477940E+00  0.928329093652034E+00 -0.957485754012577E-01 -0.962938464044502E+00 -0.252154168659266E+00
-0.657581697048218E-01 -0.979995890605991E-02  0.997787464304153E+00  0.785977774757463E+00  0.617662319708441E+00  0.270591278443164E-01
-0.327026919956202E-01  0.143073773789196E+00  0.989171587334552E+00  0.159288168291654E+00  0.411862116071020E-01  0.986372635171792E+00
-0.137931676979434E-01  0.410888570204013E+00  0.911581225892986E+00 -0.154595520244764E+00  0.628230928598822E+00  0.762513032985084E+00
-0.384325854607616E+00  0.272497904122285E+00  0.882064923760767E+00  0.338099125032279E+00 -0.635239900492471E+00 -0.694376879277185E+00
 0.284930937674600E-01  0.126732374249615E+00  0.991527633969227E+00  0.154992262401781E+00 -0.247969016661356E+00  0.956289059527284E+00
-0.191440202932057E+00 -0.269706512875239E+00  0.943720851530796E+00 -0.481156074075332E+00 -0.471566048209029E+00  0.738995463150440E+00
-0.845857918377316E-01  0.258673173505245E+00  0.962254349498047E+00  0.389803306148577E+00 -0.876943589566951E+00 -0.281110873558938E+00
-0.870262281861090E-01 -0.993910150222655E-01  0.991235522840330E+00  0.178610156816093E+00  0.563594512551491E+00  0.806510779409660E+00
-0.820382928432178E-01 -0.858502232568135E-01  0.992924698894194E+00 -0.838606378646211E+00 -0.664899679443273E-01  0.540664799905310E+00
 0.320110850170416E+00 -0.101915569036276E+00  0.941882296463409E+00  0.677827138922130E+00 -0.469022618178120E+00  0.566187383626641E+00
 0.992265883546550E-01 -0.114685686016701E+00  0.988433749720422E+00  0.195008182838644E+00  0.456984502086259E+00 -0.867834646392355E+00
-0.516025979999505E-02 -0.386833460127505E+00  0.922135155953062E+00 -0.927532810904850E+00  0.364149072971804E+00  0.841328553463074E-01
 0.209606916928636E+00 -0.549764261563135E+00  0.808593963051675E+00  0.156047737824763E+00 -0.877440807280878E+00  0.453593136233403E+00
-0.369214819333229E-02 -0.328574061970516E+00  0.944470991530134E+00  0.320055950546693E+00 -0.787515478710003E+00  0.526672155436194E+00
-0.327177899651928E+00  0.483915495956041E+00  0.811652890559118E+00  0.495317459860642E+00 -0.426333878772868E+00 -0.756901603755523E+00
 0.258590045150218E-01 -0.909577322177315E-01  0.995518961564921E+00  0.908851991523508E+00  0.139677176830212E+00 -0.393037331275917E+00
 0.105546637893688E+00 -0.215666578541243E+00  0.970746019373581E+00 -0.553257736204970E-01  0.271161954701607E+00 -0.960942377614650E+00
 0.125325331190992E+00  0.317092882750952E+00  0.940077478227491E+00  0.410359770410876E+00  0.455602733534806E+00  0.789956332985531E+00
-0.113941192570794E+00 -0.265077191577126E-01  0.993133800381701E+00 -0.346154302397329E-01 -0.214899820575394E-01  0.999169631574381E+00
 0.184810600048699E+00 -0.202247066208609E-01  0.982566030021260E+00  0.174527746159959E+00 -0.175485006517081E+00  0.968888578892344E+00
 0.203968367617336E+00 -0.655364991542027E-01  0.976781384082503E+00 -0.484486589725352E+00 -0.904006258154913E-01 -0.870115205721901E+00
 0.130695029438830E+00  0.773094483350000E-01  0.988403793233373E+00 -0.664984897104245E+00  0.730349522946568E+00  0.156155886712531E+00
 0.128237958095254E+00 -0.193049677174805E+00  0.972772762903168E+00 -0.277711495218610E+00  0.226086193388760E+00 -0.933681615210680E+00
 0.650201969927768E-01 -0.246936226017974E+00  0.966847906479101E+00  0.176455090399177E+00  0.884178903020958E+00 -0.432540481949231E+00
 0.117162521766971E+00 -0.362815490427104E-01  0.992449793537318E+00 -0.931767047211108E+00 -0.123283727940271E+00  0.341483955928595E+00
-0.115130453747551E+00  0.745118091363577E-01  0.990551850696929E+00  0.179037573040170E+00  0.164727506934965E+00 -0.969953811219316E+00
-0.196590273788172E+00 -0.168062602813538E+00  0.965974754218468E+00  0.833331105713945E+00  0.486575588299005E+00 -0.262304146213990E+00
 0.394558337186661E+00  0.128637188418092E+00  0.909822066292297E+00 -0.347374023094553E+00 -0.395608043263209E+00 -0.850191486774927E+00
 0.104418345804134E+00 -0.518586073513756E-01  0.993180494121338E+00 -0.966966535589262E-01  0.223384574702239E-01  0.995063189203759E+00
 0.282419776107052E+00  0.586444846945808E-01  0.957496681184091E+00  0.621752290747431E+00 -0.597140791962676E-01  0.780934259522570E+00
 0.663611132676983E-01 -0.773490863086711E-01  0.994793104868085E+00  0.186271652568327E+00 -0.630462772419851E+00  0.753538030919568E+00
 0.450537819307391E-01 -0.702138026488545E-02  0.998959887559512E+00  0.585926125443601E-02  0.252109575509728E-01  0.999664982220001E+00
 0.525662272495617E-01 -0.661968768444252E-01  0.996420977924889E+00  0.129888034232226E+00 -0.288070139882214E+00  0.948759554930294E+00
-0.554020170787652E-01 -0.146306761006248E+00  0.987686664984126E+00  0.642793067510940E+00 -0.582939712300904E+00 -0.496989299867125E+00
-0.325260327599327E+00 -0.664534505671427E-01  0.943286625685798E+00 -0.560875794470741E+00 -0.447797778801460E+00  0.696344377788242E+00
 0.317459185742042E+00 -0.602305358192784E-01  0.946357198917471E+00 -0.686040085435600E+00  0.703403668640227E+00 -0.185936225945847E+00
-0.119972686414719E+00 -0.422313377538110E+00  0.898475356182232E+00  0.219499377228042E-01  0.983982788175172E+00 -0.176906960883338E+00
-0.603147150626484E-01 -0.457974827487996E-01  0.997128239355794E+00 -0.422911598877047E+00  0.173508409795511E+00  0.889404638657508E+00
-0.220559304014778E+00 -0.447134063148551E-01  0.974348143482728E+00  0.223284078807229E+00  0.185251685581937E+00 -0.956988000520518E+00
-0.426691364368581E+00 -0.108311144732715E-01  0.904332442485918E+00 -0.127457353259537E+00  0.988353737521942E+00 -0.831355076154670E-01
 0.557573734085662E-02 -0.502568976963039E+00  0.864519134864828E+00  0.200041084455478E+00  0.874459237621725E+00 -0.441932807412968E+00
-0.365367535729040E-01 -0.285882520621151E+00  0.957567882732942E+00  0.374285885234976E+00  0.749382480984438E+00 -0.546201403611780E+00
 0.248247126486211E+00 -0.324322345123718E+00  0.912791531865185E+00  0.361334730957412E+00 -0.323829057862812E+00  0.874398052083614E+00
-0.188983181663077E+00  0.603806485829681E+00  0.774404987534631E+00 -0.516024210403717E+00  0.841454058861907E+00  0.160231336205007E+00
 0.744873628929021E-01 -0.222576423179808E+00  0.972065516626191E+00 -0.208246224155414E+00  0.662241243729763E+00 -0.719770828269852E+00
-0.619649039029415E-01  0.353538655427043E+00  0.933365292799736E+00  0.324568420528298E-01 -0.998646806268822E+00 -0.406338495966134E-01
 0.366724168510529E+00 -0.328016705981677E+00  0.870585104873263E+00 -0.532129272441613E+00  0.457483938612148E+00 -0.712423247320492E+00
-0.744220513495415E-01  0.173990422189319E+00  0.981931103112285E+00 -0.410794425226807E-02 -0.118623806749202E+00 -0.992930771638360E+00
-0.244409309525651E+00 -0.159689629029533E+00  0.956432596578350E+00 -0.594976521267089E+00 -0.700395688530749E+00  0.394269981901300E+00
 0.130266632809114E+00  0.404863194702262E+00  0.905050494697425E+00 -0.471238077652394E+00 -0.484478825963586E+00 -0.737031167158772E+00
-0.357227194287579E+00 -0.945145312425202E-01  0.929223189037720E+00  0.879489330198946E+00  0.382944244067558E+00 -0.282581358199255E+00
 0.697602394994940E-01  0.181708903660329E-02  0.997562131985976E+00  0.953127827900202E+00 -0.291531584124379E+00  0.809733236329934E-01
-0.136634172739136E+00 -0.124668047031058E+00  0.982745633869392E+00 -0.187883453865971E-02  0.238328730472474E+00 -0.971182725449828E+00
-0.303248319498322E+00  0.107768173380489E-01  0.952850626766602E+00  0.610305348071303E+00  0.632082774849400E+00 -0.477492144285379E+00
 0.430070589286196E+00 -0.246669363690328E+00  0.868443154874073E+00 -0.546099238791069E+00 -0.364955488491744E-02 -0.837712541472883E+00
 0.356692292079010E+00 -0.152732270213331E+00  0.921652571420980E+00  0.601799612990572E+00 -0.347419149634426E+00  0.719122493231640E+00
-0.123494965691824E+00 -0.597907062168384E+00  0.791995036889719E+00 -0.994532502797294E-01 -0.915716117513625E+00  0.389323828110443E+00
 0.194515663524548E-01 -0.469911751696092E+00  0.882499055061447E+00  0.203340161847333E+00  0.518794430429300E+00 -0.830364448622073E+00
 0.190321409399469E+00 -0.518284239429383E-01  0.980352781194500E+00  0.815424187630002E+00 -0.578652807815525E+00 -0.156308104447567E-01
 0.220947886613195E+00 -0.877787492711727E-01  0.971327402361094E+00  0.108427089109651E+00 -0.286073987590601E-01  0.993692700528412E+00
-0.164511528406052E+00  0.438456580933820E+00  0.883567645207388E+00  0.251805704467078E+00 -0.440578558960579E+00 -0.861675356838095E+00
 0.544989681047171E-01  0.167933322294945E+00  0.984290740451470E+00 -0.524983021326956E+00 -0.294808987237192E+00 -0.798423752378774E+00
-0.341344216434048E-01  0.843197887791470E-01  0.995853912217706E+00  0.326710317522332E+00 -0.260134420326620E+00 -0.908620081104193E+00
-0.969355370211802E-01  0.107219706459718E+00  0.989498578174374E+00  0.976872618399488E+00 -0.212936685944076E+00  0.194384978967589E-01
 0.274956901085803E+00 -0.211511526095330E+00  0.937902754486901E+00  0.592726606046545E+00 -0.774160652266848E+00  0.222149622926335E+00
 0.398880848957026E-01  0.378315582288448E+00  0.924816879647590E+00  0.536210540294060E-01  0.764250626025957E+00  0.642686364554055E+00
 0.113702703265046E+00 -0.103315703257171E+00  0.988128311875890E+00 -0.118635568457173E-01 -0.320815843222798E-01 -0.999414842778684E+00
-0.148715271796767E+00 -0.301179706628271E+00  0.941899438501649E+00  0.389550867238615E+00  0.587683340174071E+00 -0.709139206020574E+00
-0.156916339912428E+00 -0.194777310439019E+00  0.968214367589445E+00  0.501476976188812E+00  0.676188618944099E+00 -0.539712695758583E+00
-0.737730422677512E-01 -0.386076519246632E+00  0.919512076876082E+00 -0.263183636833932E+00 -0.915983121841180E+00  0.302835423629654E+00
 0.361930360356681E+00 -0.180944967567613E+00  0.914475441422042E+00 -0.800536290210588E+00  0.141247098259074E+00 -0.582400983248879E+00
-0.438728259397319E+00 -0.877240710757905E-01  0.894327681423363E+00  0.637085727382126E+00  0.686435683878274E+00 -0.350610649958830E+00
 0.561272320545551E-01  0.604981498664199E-01  0.996589036506340E+00 -0.186364592973198E+00  0.109791546570664E+00 -0.976326817611580E+00
-0.493381842653465E-01  0.189955420723519E+00  0.980552233035625E+00  0.329572580684591E+00 -0.257975289190645E+00 -0.908201885170859E+00
-0.287729749789867E+00 -0.387356127900196E+00  0.875880597606790E+00 -0.307476155283819E+00 -0.651904341904772E+00  0.693166028407038E+00
 0.986156366518106E-02 -0.245091217168677E+00  0.969449867104460E+00 -0.402808166867701E-01 -0.326566956467686E+00 -0.944315349208346E+00
 0.165778785831810E+00  0.430785302267525E-01  0.985221616897251E+00 -0.397682930103180E+00  0.338430937809627E+00  0.852826352452740E+00
-0.435067328906027E-01 -0.192054832787794E-01  0.998868516675350E+00  0.153631759168988E+00  0.255119027131460E+00 -0.954626400520193E+00
 0.525580481512338E-01  0.137059112636829E+00  0.989167554672987E+00 -0.779669016392765E+00 -0.165542596274488E+00 -0.603913796576829E+00
 0.486562151008026E+00  0.858867182349675E-01  0.869414023832875E+00  0.770015984885864E+00 -0.159866579929041E+00  0.617671481972452E+00
-0.192603738151705E+00 -0.275222445266313E+00  0.941889805482372E+00 -0.215933127092668E+00 -0.666102116947301E+00  0.713919361288309E+00
 0.176963417025783E+00  0.144128636511814E+00  0.973607151356133E+00  0.530809605270003E+00 -0.847421994145172E+00 -0.108225132073732E-01
 0.373102505935194E+00  0.647320916247838E-01  0.925529187210624E+00 -0.919223695681716E+00  0.157644827681719E+00 -0.360798982263599E+00
-0.128904435744340E+00  0.158584184093740E+00  0.978894633247499E+00  0.310924807154233E-01  0.101247794964518E+00 -0.994375251933486E+00
-0.295347805135279E+00  0.173730220535953E+00  0.939461273536223E+00  0.949003377101525E-01  0.988289035266520E+00  0.119493550765180E+00
 0.155667367099076E+00 -0.220063657265448E+00  0.962984764973671E+00  0.319570547001524E+00  0.207676529586272E+00  0.924524269312682E+00
-0.152830108944476E+00 -0.180799298777748E+00  0.971573245494900E+00  0.915418527548970E-01  0.324936116653556E+00 -0.941295176492638E+00
-0.136655689783474E+00 -0.145709393005652E+00  0.979843862684115E+00 -0.310141670115516E+00 -0.361599451899929E+00  0.879237158475248E+00
 0.179503800583197E+00 -0.329897244224118E+00  0.926793501180021E+00 -0.406718258116352E-01  0.265985901532142E-01  0.998818460776036E+00
-0.165569224927694E+00 -0.270695806979287E+00  0.948319888982971E+00 -0.186521723546758E+00  0.306697211431689E+00 -0.933352273873682E+00
 0.209384574642208E+00  0.273105199423021E+00  0.938920470513884E+00  0.348657890555457E+00  0.780825274848319E+00  0.518410614775069E+00
 0.452643026417753E+00  0.104849448779816E+00  0.885506004342120E+00  0.266839561584046E+00 -0.443438500451504E-01  0.962720245625284E+00
-0.205715002627816E-01  0.251422457283582E+00  0.967658804202403E+00  0.363968465025372E+00 -0.912796063877927E+00 -0.185284382061840E+00
 0.332656212783377E+00  0.241457133297899E+00  0.911613019255529E+00 -0.543708409877857E+00 -0.262552318195014E+00 -0.797149575198103E+00
-0.208823595358288E+00 -0.308787001755291E+00  0.927924185248243E+00  0.256521243989858E+00  0.827689775711473E+00 -0.499125722202921E+00
-0.508232059142438E-02  0.249654537768044E+00  0.968321631375253E+00 -0.755443007583524E-01 -0.603474532798328E+00 -0.793795658143059E+00
 0.261051160372645E+00  0.379713318162479E+00  0.887507795840766E+00 -0.635274047283310E+00 -0.306479168128653E+00 -0.708870513106203E+00
 0.297230561449026E-02 -0.768671578574143E-01  0.997036912778187E+00 -0.939866705715773E-01 -0.341462689785368E+00  0.935184333294464E+00
 0.665354994233265E-01  0.330443950985654E+00  0.941477467905355E+00  0.146250534023528E-01 -0.640031848318420E+00 -0.768209177861788E+00
 0.335256790996629E+00  0.233415957573584E+00  0.912754005655768E+00 -0.591030750868973E+00 -0.656916109461524E+00 -0.468128055832154E+00
 0.271617126397519E+00  0.266853494745379E-02  0.962401691378807E+00  0.222000575344064E+00  0.758747710393206E-01  0.972089894848535E+00
 0.919572240317411E-01  0.224953875356634E+00  0.970020423965603E+00 -0.122165884797611E+00 -0.631322966888418E+00 -0.765837324809141E+00
 0.792713069391313E-01 -0.167563600083023E+00  0.982669069332794E+00  0.178471788564135E+00 -0.230448256456662E+00  0.956577974753132E+00
 0.320426965044255E+00  0.457274080316951E+00  0.829594464508301E+00  0.194191776522739E+00  0.957307015653395E+00  0.214132743203214E+00
-0.105224335883975E+00  0.495759516610018E+00  0.862061680408298E+00  0.771100090121256E-01 -0.552067680972843E+00 -0.830226066885048E+00
-0.927845769996201E-02  0.125436572867293E+00  0.992058252528559E+00  0.433851004149822E-01 -0.436775676391365E-01  0.998103202653468E+00
 0.117651689206536E+00  0.543043896809961E+00  0.831421316881099E+00 -0.408313026680956E+00 -0.757788004985141E+00 -0.508957573618152E+00
-0.328941280719515E+00  0.510929647021180E+00  0.794196782688911E+00  0.604336256985850E+00 -0.373744746199401E+00 -0.703628135580633E+00
-0.180818024551238E+00 -0.159117876117122E-01  0.983387846687352E+00 -0.874550188848555E+00 -0.333428756668250E+00  0.352118206589240E+00
-0.564441681437827E+00  0.175805383900682E-01  0.825285715934520E+00 -0.783968747220602E+00  0.105578537281971E+00  0.611756631224182E+00
 0.378898147821117E-01  0.113871645003130E+00  0.992772688181972E+00 -0.939261878434051E+00 -0.342565400347060E+00 -0.208822940692987E-01
 0.935010598187050E-01  0.241473102988125E+00  0.965892484879174E+00 -0.293806779807966E-01 -0.275360459258973E-01 -0.999188942060587E+00
 0.217085506895492E+00  0.282525883007359E-01  0.975743651760152E+00 -0.678386716036458E+00  0.683754292647024E-01 -0.731516414154965E+00
-0.481497764426465E+00 -0.419482708335010E+00  0.769541526014185E+00  0.770955286271271E+00  0.636882243193336E+00 -0.299246978387845E-02
-0.134105092214956E+00  0.124551334699495E+00  0.983108737254731E+00  0.959014675724673E+00  0.255731197253791E+00 -0.122034447988438E+00
 0.323827355248407E+00 -0.487760200157434E-01  0.944858054876100E+00  0.490369908806183E+00  0.120891444376488E+00  0.863088993797269E+00
-0.437499285576440E-02  0.345606581569387E+00  0.938369303746363E+00 -0.997135751981032E+00  0.528398452354631E-02 -0.754478073159030E-01
-0.247005420043136E+00 -0.730647739480075E+00  0.636507818696653E+00  0.515282035677525E+00  0.856887794524050E+00  0.150907688252238E-01
 0.735279524985333E-02  0.158538510629245E+00  0.987325415984757E+00 -0.670998032758744E-02  0.593818953758743E-01  0.998212786266321E+00
-0.407760006860657E+00 -0.448513356722294E+00  0.795341150479904E+00  0.423625781913310E+00  0.601535617921558E+00 -0.677271066316925E+00
 0.273819872715147E+00  0.385873506810646E+00  0.880979179122819E+00  0.572404029130563E+00  0.816739227799344E+00  0.727369315329471E-01
 0.459490092239417E-01 -0.875014988535014E-02  0.998905462708219E+00 -0.120194619276587E+00  0.184478479010346E+00 -0.975459350398050E+00
 0.134385658919925E+00  0.153081965077165E+00  0.979033404253793E+00 -0.384226103638140E+00 -0.317883434129308E+00 -0.866787415453877E+00
 0.212124565453277E+00  0.297105477084946E-01  0.976790894760040E+00 -0.442978965657315E-01  0.477612892323148E-01 -0.997876022164436E+00
 0.765059975059513E-01  0.188720743138202E+00  0.979046124273512E+00  0.801030620065647E+00 -0.503631500065366E-01 -0.596501046804333E+00
 0.753918221107538E-01  0.193785958056166E+00  0.978142666291106E+00  0.193004570452039E+00  0.508985706229986E+00  0.838858025316672E+00
 0.297583184408061E+00 -0.218154330762430E+00  0.929436892062691E+00 -0.229750121727011E+00  0.491322812465128E+00 -0.840129023137387E+00
 0.146169416680374E+00 -0.115953090107787E+00  0.982440523656152E+00 -0.853574007306932E-01 -0.414739398464319E-01 -0.995486828870234E+00
 0.364927696651030E+00 -0.638045424351497E-01  0.928847003861031E+00  0.186110159923272E+00 -0.877338123284727E+00  0.442313040509283E+00
-0.361672963335311E-01 -0.444548922977717E+00  0.895024123560518E+00 -0.181672276513970E+00 -0.884091454633611E+00  0.430554855726954E+00
-0.243761543940087E+00 -0.354609989326244E-01  0.969186683384912E+00 -0.132692134007256E+00  0.698784514530188E-01  0.988690952520113E+00
 0.132460717555872E+00  0.247854341182295E+00  0.959699111108098E+00 -0.145903662430567E+00 -0.743338994986843E+00 -0.652808746740802E+00
 0.346926361274722E+00  0.567514107816888E-01  0.936173796485978E+00 -0.734993690909419E+00 -0.324035654573740E+00 -0.595638454843470E+00
-0.973163112386339E-01  0.730312795307946E-01  0.992570384293729E+00 -0.160493003714573E+00  0.161208521974567E+00  0.973783244978804E+00
-0.443650729307018E+00  0.950420230657714E-02  0.896149374001827E+00  0.889994664734381E+00 -0.140394498934158E+00 -0.433818950039488E+00
-0.905360219930846E-01 -0.339300617945664E+00  0.936311016374024E+00 -0.830232473904415E-01  0.828089621356617E+00 -0.554413852094444E+00
 0.248195196022788E-01 -0.108536562011541E+00  0.993782574889209E+00 -0.962090491966102E-01 -0.530789082294632E-01 -0.993944892010544E+00
-0.191374805006082E+00 -0.298650844260864E+00  0.934977730874462E+00  0.280587321925807E+00  0.680267857983438E+00 -0.677131003698050E+00
-0.231387324773679E+00 -0.187057109982754E+00  0.954709140806235E+00 -0.553285235614587E+00 -0.197517325907039E+00  0.809235660371837E+00
 0.171235782904428E+00  0.319449351569886E+00  0.932003443359887E+00 -0.111574961049564E+00  0.987686660485847E+00  0.109663525226497E+00
-0.439350705353564E+00  0.349325980183878E+00  0.827612419719460E+00 -0.678360848716708E+00  0.488554349419802E+00  0.548763342973401E+00
-0.347505174327070E+00 -0.110597836562686E+00  0.931132789865960E+00  0.215354005423144E+00  0.132237276972933E+00 -0.967541190299923E+00
-0.367514935337409E+00 -0.344474252634499E+00  0.863869354460408E+00 -0.969731494292038E+00 -0.983694518941166E-01  0.223482169114634E+00
 0.834393055944876E-01  0.249746782293315E+00  0.964709503952379E+00 -0.193953064205433E+00 -0.266443814905950E-01 -0.980648910579269E+00
 0.411980677688386E+00 -0.238773630590003E+00  0.879351507957021E+00  0.846217669980554E+00 -0.524471869469121E+00 -0.940473984129697E-01
 0.403341953608931E+00 -0.561837907115864E-02  0.915032077183933E+00  0.797458908054185E+00  0.273916700001549E+00  0.537614110143408E+00
-0.217502767013245E+00 -0.417927150176547E-01  0.975164558068552E+00  0.149263899945592E+00  0.603277774984080E+00 -0.783438711312691E+00
-0.487692725709243E+00  0.125409073285085E+00  0.863960861166792E+00 -0.642770142355644E+00  0.107803276839263E+00  0.758435888917990E+00
 0.601779291563014E-01  0.591460135124962E-01  0.996433824158955E+00  0.144093993656725E+00 -0.920597697026349E-01  0.985272510422550E+00
 0.144137455201000E+00 -0.177799746746542E+00  0.973453462711518E+00 -0.268581629168399E+00  0.636868785034115E+00 -0.722677008851409E+00
