#          Em_x [n.u.]            Em_y [n.u.]            Em_z [n.u.]            En_x [n.u.]            En_y [n.u.]            En_z [n.u.]
-0.300738818884685E+00  0.478828409373486E-01  0.952503751362489E+00 -0.476409571378569E+00  0.589567537455218E+00  0.652260714038396E+00
-0.339672654444574E+00  0.147489829312230E+00  0.928907550874696E+00  0.322035684664056E+00 -0.343761516353135E+00 -0.882111692291597E+00
 0.214656805227234E+00 -0.117876516659048E+00  0.969550196116718E+00  0.936769058164784E+00 -0.310448244132037E+00  0.161510431181391E+00
 0.843664286201077E-01  0.135867110329363E+00  0.987128377695950E+00  0.275456348220269E+00 -0.243415465476495E+00 -0.929985328589658E+00
 0.156899884546575E+00  0.757914186131202E-01  0.984702029597727E+00 -0.764622191422976E+00  0.625093168406813E-02 -0.644448469807018E+00
 0.732331372588029E-01  0.515373909680030E-01  0.995982331640198E+00  0.988420829703052E+00 -0.146311860378735E+00 -0.402132182453056E-01
 0.146244088119876E+00  0.457200669781078E-01  0.988191450158067E+00 -0.910476306091948E+00 -0.404120202565975E+00 -0.878621529624468E-01
-0.603528652803245E-01 -0.156705543855756E+00  0.985799626788998E+00 -0.366533294644374E+00 -0.500321344319865E+00  0.784430937900274E+00
 0.370704112217549E-01 -0.785794784346625E-01  0.996218374745611E+00 -0.632193336555107E+00  0.188534323238836E+00 -0.751522717006077E+00
 0.390587743639015E-01 -0.313085759829454E+00  0.948921345074081E+00  0.555547701818678E-01  0.441043451277148E+00 -0.895764668646616E+00
 0.241521782829524E-01  0.578380566563520E-01  0.998033782738042E+00 -0.368527925235892E+00  0.928010654454554E+00 -0.546204498348214E-01
 0.182760977404106E+00 -0.284411661171240E+00  0.941120838217979E+00  0.486787859110535E+00 -0.459027117201969E+00  0.743190208423006E+00
-0.145478956240452E+00 -0.355289488971456E+00  0.923366261197359E+00 -0.742115943906859E-01 -0.698689581477344E+00  0.711565533168243E+00
 0.251356839399674E+00  0.968176317611994E-01  0.963040022775356E+00  0.161393722632704E+00 -0.562118915711805E+00 -0.811156206222786E+00
-0.951828318328524E-01  0.322189062556550E+00  0.941878143123202E+00  0.566085901032786E+00 -0.355443502780025E+00 -0.743778642462504E+00
 0.291562400239367E+00  0.320687222183740E+00  0.901194247814940E+00  0.545314645439162E+00  0.811988175726184E+00  0.208103675965671E+00
-0.118446043064924E+00 -0.112311110202568E-01  0.992896972010446E+00 -0.526790488022741E-01  0.112762335732202E-01 -0.998547827784774E+00
-0.186437704751272E+00  0.324890647740821E+00  0.927193102464436E+00  0.240197891473870E+00 -0.273187572142305E+00 -0.931489948071636E+00
-0.912128495786369E-01  0.136597249214273E+00  0.986418474877087E+00 -0.474307454866690E+00 -0.518080128521194E-01 -0.878833526933399E+00
 0.314787675810260E+00  0.484084492770562E-01  0.947926864898640E+00 -0.815095085676466E+00 -0.122611885438540E+00 -0.566203432394471E+00
-0.149639456111785E+00 -0.215620284773655E+00  0.964943483302881E+00  0.853110782674585E+00  0.521487838920373E+00 -0.158879307185486E-01
-0.257728361784752E+00 -0.823201062199205E-02  0.966182345902091E+00 -0.780270416401835E+00  0.117381352595979E+00  0.614328654183447E+00
-0.240379611027158E+00  0.951723338621272E-01  0.966002002829015E+00 -0.312239999053334E+00 -0.938527942783754E+00  0.147212375856341E+00
 0.948996062305521E-01 -0.276138345200430E+00  0.956421287428952E+00 -0.429960115643881E+00 -0.895224756828793E+00  0.117076614728685E+00
-0.639546412100940E-01  0.265493407563238E+00  0.961989113456150E+00 -0.537356843584849E+00  0.244839150749908E+00  0.807032473270185E+00
-0.234115215023348E+00  0.389789218606180E+00  0.890648320692828E+00  0.529004725865119E+00 -0.835659186837064E+00 -0.147742084279286E+00
 0.220856577061926E+00  0.322755747692684E+00  0.920353790506578E+00  0.244111524344550E+00  0.118879037616093E+00  0.962433030448172E+00
 0.394532399640189E+00  0.236344735378003E+00  0.887966976690719E+00  0.803746600235541E+00  0.179288718640442E+00  0.567315571774720E+00
-0.217406194008541E+00  0.692190027827263E+00  0.688191479301519E+00  0.422143192626543E+00 -0.888914158044796E+00 -0.177839097350894E+00
-0.836757791440103E-01 -0.336129370137580E+00  0.938091365761116E+00  0.333821055903210E+00 -0.916115241861047E+00 -0.222027850202495E+00
-0.736140264935204E-01  0.169242400901041E+00  0.982821440975248E+00 -0.556396525815142E+00  0.187743905897530E+00  0.809428892404502E+00
-0.243113034051994E+00 -0.270371110121327E-01  0.969621084394389E+00 -0.202286682740133E+00 -0.819980895440653E-01  0.975887499303642E+00
-0.123881208199030E+00 -0.407957227808960E+00  0.904557541858768E+00 -0.255670475910169E+00 -0.458899786714772E+00  0.850907511719696E+00
-0.100091495189555E+00 -0.157694491676184E+00  0.982402229173829E+00 -0.138000325402267E+00 -0.256139040366464E-01 -0.990100923193626E+00
 0.267059715185459E+00  0.323351095047268E-01  0.963137347016706E+00  0.590375907040662E+00 -0.806998245704856E+00  0.144955101738449E-01
-0.562618316747886E-01  0.238306236020627E+00  0.969559046252614E+00  0.339924813960788E+00 -0.545456443588957E+00 -0.766112517193793E+00
 0.289783025402643E+00 -0.990256880147136E-01  0.951955729696347E+00  0.523060174355636E+00 -0.737481136681935E+00  0.427234861687775E+00
-0.168129526584217E+00  0.170705316217564E+00  0.970871854214360E+00  0.100110845603752E+00  0.192824984852224E+00  0.976112874522840E+00
 0.679239218879139E-02  0.962118123741779E-01  0.995337706795050E+00 -0.716553820494303E+00 -0.753362667626924E-01  0.693451562292046E+00
-0.347772463420404E+00  0.598322041835466E-01  0.935667901035962E+00  0.513295414597242E+00 -0.421016026241576E+00 -0.747845788248619E+00
-0.195504293356050E+00  0.213214611001546E+00  0.957244796765598E+00 -0.633364815634167E+00  0.766011418617880E+00  0.109888656665374E+00
-0.560383596526018E-01 -0.716566582375399E-01  0.995853917789991E+00  0.185214588680014E+00  0.569363026513868E+00 -0.800950248254573E+00
-0.214328834160848E+00  0.853505843528925E-01  0.973025399770156E+00  0.177880760515946E+00  0.232895066841514E+00  0.956095352399098E+00
 0.324533889364010E+00  0.173117989164552E+00  0.929896723556918E+00 -0.704983794849677E+00 -0.376324267275001E-01 -0.708224293185392E+00
-0.960978283240456E-01  0.222352286934680E+00  0.970218876278090E+00 -0.404484896223847E-01  0.257090734917294E+00  0.965540405010041E+00
 0.640286318390397E-01 -0.145692118488231E+00  0.987255863955860E+00 -0.645280031499218E+00  0.292087326423760E+00 -0.705902737415707E+00
 0.379017027547022E-01  0.535544179009959E-01  0.997845371413617E+00 -0.149967704234501E+00  0.296945187956663E-01 -0.988244870080350E+00
-0.110493724699462E+00  0.331405951832172E-01  0.993324135291669E+00 -0.717275804762120E+00  0.372720726982635E+00  0.588722922587858E+00
 0.119320910985980E+00  0.481709443733891E+00  0.868169644723346E+00  0.628970530847680E+00  0.749209093053523E+00  0.207561572096343E+00
-0.812060388137642E-01 -0.418372127435152E+00  0.904638238328207E+00 -0.339816712678805E+00 -0.938757470760643E+00  0.570877646720371E-01
-0.136770612361729E+00 -0.102191995928226E+00  0.985317510025272E+00 -0.311823026603015E-01 -0.100596445956108E+00 -0.994438544638029E+00
 0.154379217058496E+00 -0.216840746987215E+00  0.963922791403146E+00 -0.673909848321925E+00 -0.534061237881427E+00  0.510513575262478E+00
-0.716448917801484E-01 -0.771964972890441E-01  0.994438389387756E+00 -0.244647999586845E+00 -0.240857487324490E+00  0.939220435839153E+00
 0.380883375942281E-01  0.242403921309288E+00  0.969427468907906E+00  0.596116899886734E-01  0.158589662106453E+00  0.985543385899198E+00
 0.497872271972108E-01 -0.236967865439170E-01  0.998478689965642E+00  0.232949051045341E-01  0.653007618734300E-02 -0.999707309916837E+00
-0.467956959062377E+00  0.939885170867346E-01  0.878739121196348E+00 -0.923859130507074E+00  0.334141047940491E+00  0.186638868031136E+00
 0.106246278554608E+00 -0.970695234392073E-01  0.989590438470675E+00 -0.424267940614603E+00  0.538080185581381E+00 -0.728331262854582E+00
-0.973514327281504E-01  0.231910170366552E+00  0.967853486549660E+00 -0.236813981424697E+00  0.937907230581588E+00 -0.253474190056028E+00
-0.271114804457125E+00  0.110882931900691E+00  0.956138974321872E+00  0.310178275190938E-01 -0.121148842968620E+00 -0.992149611814347E+00
-0.824431926819883E-01  0.250781760646546E-01  0.996280184017363E+00 -0.370220035383112E+00 -0.872386416558795E-01  0.924838658795665E+00
 0.281691477570962E+00 -0.189020017145596E+00  0.940702580299516E+00 -0.636465328372431E-01  0.651710853755149E+00 -0.755792353729205E+00
-0.303035612468219E-02 -0.125125100560742E+00  0.992136344537091E+00 -0.486316509869579E+00  0.178594957860534E+00 -0.855336245727413E+00
 0.142751812660928E+00  0.169514784376567E+00  0.975134174285665E+00  0.406153018442234E+00  0.692941544904137E+00  0.595711122068516E+00
-0.118600175125078E+00 -0.146045431661205E+00  0.982142927659306E+00  0.349867669950695E+00  0.366834929543357E+00 -0.861988832868612E+00
-0.200993644470564E+00  0.436674220195108E+00  0.876879227886848E+00  0.113374512788997E+00  0.982833523394085E+00  0.145548909795387E+00
-0.417867901800861E+00 -0.312282322982981E+00  0.853150729588212E+00  0.958951672601083E+00  0.271113916585975E+00 -0.831199966855058E-01
-0.936386347680038E-02 -0.445937683006813E+00  0.895015028329303E+00  0.278337522664555E-01 -0.964051768280088E+00  0.264252663772391E+00
 0.107059822224776E+00  0.362063456160258E-01  0.993593123467716E+00 -0.582265746384119E+00  0.840314900308554E-01 -0.808644117811376E+00
 0.767865208248267E-01  0.827151584360576E-01  0.993610604202932E+00  0.477646105321483E+00  0.240220251427107E+00  0.845073031681592E+00
 0.134688962137081E+00 -0.187076866723989E+00  0.973067895583433E+00 -0.861698320905661E-01  0.647190283057754E+00 -0.757442735494314E+00
 0.258447771621383E-01  0.183645944511522E+00  0.982652641861767E+00  0.896230899841398E-01 -0.848980748250875E+00 -0.520768077786148E+00
 0.111720177662913E+00  0.670562733730158E-01  0.991474688584782E+00 -0.946139124556972E+00 -0.756395951523741E-01 -0.314800585494612E+00
-0.291049464657861E+00  0.915550735344726E-01  0.952317109807689E+00 -0.509608050801901E+00  0.237278513079267E+00  0.827042043543603E+00
 0.375807438828483E-01 -0.127993298817329E-02  0.999292774646528E+00  0.353666120263710E-01  0.680635452673366E-01  0.997053938640943E+00
 0.216432872032298E+00  0.323818160456599E-01  0.975760334248854E+00  0.403951399697094E+00  0.614773855524266E-01  0.912712330226998E+00
-0.161903235490950E+00  0.137728343175614E+00  0.977148016333075E+00  0.422199071832184E-01  0.191309748204191E+00  0.980621262098415E+00
-0.164491857082694E+00 -0.232572409424248E+00  0.958567944033226E+00 -0.249771643847377E+00 -0.569113387259770E+00  0.783405436776827E+00
-0.400864951761898E+00 -0.264694128936023E+00  0.877065737875863E+00  0.443485078196266E+00 -0.127421166210130E+00 -0.887178015856402E+00
 0.178761809485882E+00  0.125819901023044E+00  0.975814310192203E+00  0.970882485376246E+00 -0.706090003371147E-01  0.228913889183328E+00
-0.258520367747404E+00  0.210630490058497E+00  0.942762969212020E+00 -0.706387515402356E+00 -0.648509898000186E-01  0.704848229908853E+00
 0.205664385742223E+00  0.139599815173807E+00  0.968614501254608E+00 -0.126051392348756E+00 -0.742316659776581E-01 -0.989242491127995E+00
-0.552576065388310E-01 -0.347526902510627E+00  0.936040409892099E+00 -0.210387529777219E+00 -0.818012760627925E+00  0.535343077627909E+00
-0.118887142101056E+00 -0.163617464481611E+00  0.979334045543017E+00  0.325246941048417E+00  0.368107509849873E-01  0.944912374747293E+00
-0.147623904304139E+00 -0.438011707806144E+00  0.886765429357024E+00 -0.163958348235101E+00 -0.888545729180635E+00  0.428490545051896E+00
-0.271242158115170E-01  0.857350620502844E-02  0.999595304064581E+00  0.348406601535957E+00  0.210609644505544E+00 -0.913376383342274E+00
-0.157113046670642E+00  0.364168043567636E+00  0.917985362960646E+00  0.199187162207824E-01 -0.996181706778110E+00 -0.850014813092593E-01
-0.341002575173114E+00 -0.156769853668643E+00  0.926898299009129E+00 -0.705421209482642E+00 -0.231567537842896E+00  0.669893568135585E+00
 0.842138189937545E-01  0.340648335210366E+00  0.936411631927377E+00 -0.105022789311972E+00 -0.925144139287358E+00 -0.364799308205740E+00
 0.520316167502831E-01 -0.479789461994757E+00  0.875839473315250E+00  0.425572696093808E+00 -0.806959772475597E+00  0.409516551491610E+00
-0.631671124336465E-01 -0.101411117512869E+00  0.992837197707452E+00 -0.103724142265322E+00 -0.298376545774505E-01  0.994158446466478E+00
-0.246950389801567E+00  0.314247814237045E-01  0.968518450051070E+00  0.181870477987399E+00 -0.355681458065414E+00  0.916740873761553E+00
-0.148298249618953E+00 -0.131226258549780E+00  0.980197581218695E+00  0.451743482631327E+00 -0.170542071630828E+00 -0.875695853423999E+00
 0.101939987216327E+00 -0.438056433216541E-01  0.993825590644310E+00 -0.526707531002802E-01 -0.578462407632778E-02  0.998595178183905E+00
 0.343295625000990E-01 -0.223622195308165E+00  0.974071144683030E+00 -0.607931048365020E-01 -0.187266794445407E+00  0.980426104355897E+00
 0.679403922306079E+00 -0.724356392856340E-01  0.730180380807644E+00  0.945099573002997E+00 -0.786964801634870E-01  0.317165037668768E+00
 0.458960772776064E+00  0.976798526670399E-01  0.883070583495874E+00  0.867349591736240E+00  0.270029330478919E+00  0.418077560263744E+00
-0.485733701837339E-01 -0.315648194708572E+00  0.947632230818588E+00  0.403405488375086E+00 -0.520031657377664E+00  0.752881854791240E+00
-0.630061698617634E-01 -0.685158271001399E+00  0.725664086363467E+00  0.257766922889432E-01  0.684971064841923E+00 -0.728114141095999E+00
-0.214498207477420E+00  0.260361543323283E+00  0.941383230011716E+00 -0.682412392062372E-01  0.367387583249796E+00  0.927561047557233E+00
 0.473192426667807E+00 -0.153569891455652E+00  0.867470584966736E+00  0.919130893148142E+00 -0.270396170296727E+00  0.286503599191288E+00
 0.684108154546797E-01 -0.267088780693307E+00  0.961240627291933E+00  0.769232541007658E+00 -0.623373078032324E+00 -0.140311451561901E+00
 0.152687574814040E+00 -0.333886054534882E+00  0.930164827911987E+00 -0.560624331476435E-01  0.715400739748877E+00 -0.696461617862985E+00
 0.153505750117594E+00 -0.151083582860113E+00  0.976529434103748E+00 -0.526561106237862E+00  0.686654794943779E+00 -0.501237063651798E+00
 0.120962926104496E+00  0.282377883546068E+00  0.951646311080057E+00  0.904935746184648E-01  0.672999672733025E+00  0.734086066789184E+00
-0.326753968876711E+00 -0.328716809998155E+00  0.886102196503289E+00 -0.739518971901928E+00 -0.480477639384987E+00  0.471437088324780E+00
-0.188142649307028E+00 -0.231754161301990E+00  0.954406806467213E+00 -0.410359517312394E+00 -0.554119292020635E+00  0.724262988673099E+00
 0.252737451517756E+00  0.289947520205089E+00  0.923067828562576E+00 -0.364146915411568E+00 -0.743673268679207E+00 -0.560666650914984E+00
 0.563422839387051E-01 -0.233335163067365E+00  0.970762714939597E+00  0.505760478102734E+00 -0.433879422468995E+00  0.745623890139838E+00
-0.157717838708658E+00  0.126926978719141E+00  0.979292921156025E+00 -0.514354751811028E-01  0.387555137763859E+00  0.920410455767279E+00
-0.569371630784809E+00  0.294649245702598E+00  0.767461900073442E+00  0.718223913658331E+00 -0.173556985193450E+00 -0.673819250793468E+00
 0.127128993212608E+00  0.380824277533765E+00  0.915866305049833E+00  0.157905279920316E+00  0.487321761192727E+00  0.858826771614221E+00
 0.219111054234835E+00  0.197214979385822E+00  0.955560881272328E+00  0.246197864437562E-02 -0.382860264346180E-02 -0.999989640177814E+00
-0.589409746907750E+00 -0.200942009181077E+00  0.782443901629001E+00  0.793890797753962E+00  0.498722298343694E+00 -0.347869904384327E+00
-0.171191082503475E+00  0.125233343300867E+00  0.977246244810885E+00  0.100893041410393E-01 -0.462088359077620E-02  0.999938424792642E+00
-0.284336242004648E+00  0.448049622432010E+00  0.847587421639330E+00  0.464959632685081E+00 -0.856998029115551E+00 -0.222186673915013E+00
-0.185332633171415E+00  0.709345025964051E-01  0.980112295312711E+00 -0.417270605065329E-01 -0.531528907667294E-01  0.997714198868907E+00
-0.202277147434785E+00  0.186825534714420E+00  0.961342901988836E+00  0.302811125623613E+00 -0.401831552936667E+00 -0.864197214334244E+00
-0.725971001842599E-02 -0.333247368619305E+00  0.942811480582814E+00 -0.301620863285856E+00 -0.141737393960906E+00  0.942833689461649E+00
-0.228166350556229E+00  0.580985344169527E-01  0.971887172861364E+00 -0.399181136110358E+00  0.535926998949666E+00  0.743933244565968E+00
-0.114476365452011E+00 -0.906562444975798E-01  0.989280853492320E+00 -0.248378862153290E+00 -0.196477524610033E+00  0.948527555297447E+00
 0.105930483933361E+00 -0.326668066747602E-01  0.993836813725129E+00  0.227051278081533E+00  0.194100285674750E-01  0.973689359042478E+00
 0.138708530074115E+00  0.216551894597906E+00  0.966367021700728E+00  0.892020145804667E-01 -0.309310725617123E+00 -0.946768121354429E+00
-0.288491140565548E+00  0.337172972935016E+00  0.896151353364683E+00 -0.785319238492033E+00  0.172157336821641E+00  0.594672636862310E+00
 0.448165259989392E+00 -0.627072007644416E-01  0.891748679119251E+00 -0.551238949899789E+00  0.662411744579798E+00 -0.507293111283926E+00
 0.210117995113509E+00  0.329698452962077E-01  0.977119960614163E+00  0.147670552133609E+00 -0.718498487805951E-01  0.986423340793779E+00
 0.964369839603062E-01 -0.122418160748723E-03  0.995339084502580E+00  0.156182672437701E+00  0.989009492906003E-01  0.982764252025701E+00
-0.110750004922592E+00 -0.103675127230863E+00  0.988425973152927E+00  0.175192514887366E+00  0.254367557055279E+00 -0.951107106820872E+00
-0.154138272290417E+00  0.660390026053186E-01  0.985839866890267E+00 -0.579272329995595E+00  0.158480664217675E+00  0.799579543741958E+00
-0.587008230013391E-01 -0.134935633561524E+00  0.989114042046879E+00 -0.921512912345498E+00 -0.352663195784027E+00  0.162611877548704E+00
 0.168508716486403E+00  0.558634277840036E+00  0.812116097667228E+00 -0.790916105076195E+00 -0.611902851089286E+00 -0.515902703086498E-02
 0.340019655201723E-01 -0.141125455766380E+00  0.989407636960367E+00 -0.770630317639575E-01  0.457886353552808E-01  0.995974241638632E+00
 0.120718954807925E+00  0.762238835396917E-01  0.989755956551012E+00 -0.382687668606826E+00  0.908497289800298E+00 -0.167877403845144E+00
-0.173955326709273E+00 -0.196296397646512E+00  0.964990812692262E+00 -0.338920059986584E-01 -0.780302155694570E+00  0.624483688936543E+00
-0.358418948436985E-01  0.235146170362462E+00  0.971298943239352E+00  0.281377623143153E+00  0.378196266138807E+00  0.881926424070044E+00
 0.680976928924947E-01 -0.141037190804577E+00  0.987659463090732E+00 -0.363216693528891E+00  0.986191733045613E-01 -0.926470664510574E+00
-0.602748797327530E-01 -0.561454174512805E+00  0.825309729008054E+00  0.105762407639006E+00 -0.856131133161163E+00  0.505819924442072E+00
-0.409471920530774E+00  0.139297915644790E+00  0.901625663451222E+00 -0.783057561765689E+00 -0.461117301070066E+00  0.417362779384353E+00
-0.170730821725167E+00 -0.127803666125730E+00  0.976993965916818E+00  0.258366228723733E-03 -0.981815834810426E-01 -0.995168483178626E+00
-0.962518410824503E-01 -0.886059123019867E-01  0.991405353724384E+00 -0.385551544359923E+00 -0.872462869384694E-01  0.918552171657728E+00
-0.279947981084288E+00 -0.133987158200456E+00  0.950619045319521E+00  0.869233188527787E+00  0.319096013834376E+00 -0.377639243083699E+00
 0.127067655509138E+00  0.222567697201506E+00  0.966600967869280E+00  0.225956976738988E-02 -0.207430190977888E-02  0.999995295796962E+00
-0.499147808395253E+00 -0.721041173749262E-01  0.863511703239625E+00  0.940097159476385E+00 -0.337686358782068E+00 -0.467466986742521E-01
-0.179487828984947E-01 -0.609214375764025E-01  0.997981171984766E+00 -0.483253003449869E+00 -0.212755689147712E-01  0.875222191688507E+00
-0.352864549631555E+00 -0.145204730303731E+00  0.924338788491936E+00 -0.708497764240786E+00  0.705258059648636E+00  0.253374696141669E-01
 0.548115752433831E+00 -0.261135701297673E-01  0.835994738852448E+00  0.998895435974939E+00 -0.925387885634008E-03 -0.469792682541800E-01
-0.976510011660917E-01 -0.210825888254376E+00  0.972633912020866E+00 -0.854318595466160E+00 -0.519749563492277E+00  0.358734323838117E-03
-0.150268840876640E+00 -0.124574215203616E+00  0.980765283015256E+00  0.287002192536120E+00 -0.547062959320984E+00 -0.786353521018650E+00
 0.170688511333446E+00  0.141878822455730E+00  0.975056835183133E+00 -0.256885100407543E+00 -0.716488228731060E+00 -0.648578956857555E+00
 0.398935757359728E+00  0.652800630048002E+00  0.643973290524344E+00  0.874574137675152E+00  0.322069178504070E+00  0.362479684903136E+00
 0.112191428160880E+00  0.362796122699634E+00  0.925090296566413E+00 -0.138274363122349E-01 -0.866183197215019E+00 -0.499535254879371E+00
 0.897339057966071E-01 -0.112191370703534E+00  0.989626658134343E+00  0.295492987218707E+00 -0.455525796074089E+00 -0.839750048297487E+00
 0.349838153469288E+00  0.367668283898458E+00  0.861645692493360E+00  0.247754524869729E+00  0.934752134817067E+00  0.254668690383231E+00
 0.285205433808318E+00 -0.363946853496805E+00  0.886679507125311E+00 -0.112954682157570E+00  0.856725953235831E+00 -0.503251309815323E+00
-0.255974373806039E-01  0.158994574137097E+00  0.986947565271078E+00 -0.147516099959020E+00  0.642247328122958E-01  0.986972230586084E+00
 0.268103285489574E-01  0.756859256188952E-01  0.996771210933737E+00  0.518032876615771E+00  0.643688361881020E+00  0.563300303145771E+00
-0.847217221847765E-01 -0.217903289848875E+00  0.972286164697967E+00 -0.372557876565461E-01  0.415491198481911E+00 -0.908833906866461E+00
-0.114524565187863E+00  0.119896207228080E+00  0.986158721231452E+00  0.129106338549113E+00 -0.541229800167726E+00 -0.830904240425361E+00
 0.207403289614128E+00  0.235533696895678E+00  0.949477621160127E+00 -0.249100605399785E+00 -0.936801357950394E+00 -0.245666652461742E+00
-0.618394521993445E-01 -0.332875379258711E-01  0.997530862665671E+00  0.935045500519221E-01 -0.102294033033303E+00  0.990349852287246E+00
 0.350241880814511E+00 -0.637067500519834E-01  0.934490275455731E+00  0.639427852022273E+00 -0.430848444962696E-01  0.767642962732620E+00
-0.744746958717326E-01 -0.109721318921788E+00  0.991168377143297E+00 -0.754171067688914E-01 -0.233648060227190E+00 -0.969391997057269E+00
 0.823744313585993E-01 -0.436601604540488E+00  0.895875823968377E+00  0.462987291877798E+00 -0.740525418056078E+00  0.487098422059171E+00
 0.164762449125921E+00 -0.348134377218566E+00  0.922851987458807E+00  0.390318110812327E+00 -0.414790591740029E-01  0.919745214731741E+00
 0.405107833387767E+00 -0.130002609700606E+00  0.904978985832766E+00 -0.826612188570700E+00 -0.649058267061489E-01 -0.559016568060330E+00
 0.283941110050976E-01  0.223353850401809E+00  0.974323781897433E+00  0.106143327006194E+00  0.590486526002001E+00  0.800037034606613E+00
-0.271651640442582E-01  0.315341968301250E+00  0.948589213985876E+00  0.711728371875383E+00 -0.651657433093098E+00 -0.262269545624593E+00
-0.327722925744909E-01  0.113656744308928E-01  0.999398218071327E+00  0.913764248227517E-01 -0.117347437462771E+00 -0.988878115799684E+00
 0.512623104705896E+00 -0.461267579957170E-01  0.857373824372130E+00 -0.848225773135627E+00  0.433751565249297E+00 -0.303928638716810E+00
-0.306032125102618E+00 -0.935241257550298E-01  0.947416263480279E+00 -0.699536529563849E+00 -0.318914085289739E-01  0.713884851966901E+00
-0.126264116427875E+00  0.427516289566447E+00  0.895146465701578E+00  0.136222539629523E-02 -0.985991955364635E+00 -0.166787314560168E+00
 0.407291202420693E-01  0.286603165603268E+00  0.957183244854658E+00  0.605880677720449E-01 -0.558436410950857E+00 -0.827331772004421E+00
 0.178568938397641E+00  0.353641846961916E-01  0.983291670197766E+00  0.173864229451589E+00  0.158940618681366E+00  0.971858585109166E+00
-0.355836979816667E-01 -0.326971918663102E+00  0.944363894292724E+00 -0.130940207480651E+00  0.310812229778018E-01  0.990902931493861E+00
-0.572959953873219E+00 -0.142547467987338E+00  0.807091760971451E+00  0.780029157238108E+00  0.827284502451839E-01 -0.620250366689482E+00
-0.936135668192087E-01 -0.570919474379495E+00  0.815651551755789E+00 -0.166940639514195E+00 -0.985673458999607E+00  0.240552510346949E-01
-0.223809002980796E+00 -0.336019887699371E+00  0.914877131234159E+00  0.467160542065080E+00  0.814581940314287E+00 -0.343827413757646E+00
 0.466258604270243E+00  0.252654722558132E+00  0.847802161540673E+00  0.277572666390474E+00  0.638207444010762E+00  0.718084029401945E+00
 0.237890532903039E+00 -0.413466157087304E-01  0.970411537299790E+00 -0.816582602572471E-01  0.705914413760579E+00 -0.703574281065488E+00
-0.101180187683926E+00  0.547971232031381E-01  0.993357863465582E+00 -0.863246962868919E+00 -0.349046483911308E+00  0.364652208503858E+00
-0.135683795836238E+00  0.262733282816323E+00  0.955280654911439E+00 -0.765173375102267E+00  0.622101761034494E+00  0.165828540825716E+00
 0.779545461446460E-01  0.690557360010138E-01  0.994562413356115E+00  0.631093780138904E-01  0.968025512471742E-01  0.993300796576112E+00
 0.179273410101138E+00 -0.722171142543613E-01  0.981145113038577E+00  0.784218733206613E-01  0.317923690065528E-01  0.996413194943659E+00
-0.144763764310851E+00 -0.181524851898449E+00  0.972672699671271E+00  0.331509626811260E-01  0.171939925175947E+00 -0.984549478596076E+00
 0.995450183680890E-01 -0.400737636044463E+00  0.910768980793479E+00  0.286970966992219E+00 -0.429687700237698E+00  0.856163620091387E+00
-0.341261547157745E-01  0.144133542157964E+00  0.988969629255274E+00 -0.215971699075244E+00 -0.194531263438641E+00  0.956824860015415E+00
 0.258251515964731E-01  0.721188808827456E-01  0.997061647324397E+00 -0.299677703311698E+00  0.124045684533033E+00  0.945941828172619E+00
 0.326550379900256E+00  0.115629620538254E-02  0.945179090102021E+00  0.771815722596086E+00  0.180084664088356E+00  0.609811449641334E+00
 0.297707138419282E+00 -0.142357538750213E+00  0.943983469609073E+00  0.120780123909763E+00 -0.513918133106986E+00  0.849294009240718E+00
 0.377772672603644E+00  0.112936779702954E+00  0.918984815774574E+00 -0.750249032083036E+00 -0.559699338433443E+00 -0.351941813963096E+00
-0.726383083072187E-02 -0.402368810355485E+00  0.915448839212096E+00  0.289039073389080E-01 -0.824517699306972E+00  0.565097449711181E+00
 0.314079237057051E+00 -0.395153549748466E-01  0.948574071736558E+00 -0.969022423067646E+00 -0.199169083741247E+00 -0.146038418485618E+00
 0.217588660375457E+00  0.636007117517524E-01  0.973966182339348E+00 -0.315499441570141E+00 -0.111788213904200E+00 -0.942318150945337E+00
-0.130285411727016E+00  0.288446135332876E+00  0.948590817213961E+00 -0.182258541805794E+00 -0.127743226745831E+00 -0.974917171845582E+00
 0.229033829431677E+00  0.245756975833047E+00  0.941884819818887E+00 -0.198309863928170E+00  0.683435152632096E+00  0.702559314232994E+00
 0.165689327845626E+00  0.600132436032400E-01  0.984350271615893E+00 -0.671456947770498E+00 -0.639987022595424E+00 -0.373580216553514E+00
 0.199445736245179E+00 -0.105990302757407E+00  0.974159870870799E+00 -0.948464725992410E-02  0.190660919788586E-01  0.999773237090796E+00
-0.654422567037891E-01  0.324297468404874E+00  0.943688753256975E+00  0.847753181009299E-01 -0.555210070127081E+00 -0.827378343607305E+00
 0.763840030339867E-01 -0.523438120571481E-01  0.995703575076353E+00  0.110234480544250E-01  0.369175229299510E-01 -0.999257514404424E+00
 0.307894593746957E+00  0.190013580679827E+00  0.932253054861515E+00 -0.615100707629332E+00 -0.715545123794968E+00 -0.331128819777348E+00
-0.147684731775206E+00 -0.502750739520504E+00  0.851722322069859E+00  0.150401857980763E+00  0.766139087793729E+00 -0.624828119782174E+00
-0.302526169688238E+00 -0.140521498703280E+00  0.942725636150809E+00 -0.748363264834976E+00 -0.576180347590598E+00  0.328585804465002E+00
 0.190263946214905E-01  0.471654893875907E+00  0.881577936084277E+00  0.261308103878035E+00  0.957241721008108E+00  0.124122368689536E+00
 0.227021100797063E-01  0.199581908509680E-01  0.999543038000808E+00  0.412939675086740E+00  0.558797964687155E+00 -0.719184023321396E+00
 0.321347018305655E-01 -0.103247834886368E+00  0.994136432050218E+00 -0.275396251480647E+00  0.326416824984471E-01 -0.960776469962748E+00
-0.351604157574235E+00 -0.287799589165430E+00  0.890811940227971E+00 -0.758196582197601E+00 -0.393741433981943E+00  0.519716870911192E+00
-0.177838437695134E+00 -0.144966830420616E+00  0.973323229023100E+00  0.274234149198543E-01  0.283400027593840E-01  0.999222097712882E+00
-0.263251834739835E+00  0.119179523981978E+00  0.957337303446147E+00 -0.294143983508629E+00  0.326341033560057E+00  0.898321126758482E+00
-0.280682239801421E+00 -0.161856794965177E+00  0.946054891739194E+00 -0.576040460192102E+00 -0.441698215415767E+00  0.687808167093266E+00
 0.624712834345717E-01 -0.292877926839393E+00  0.954106838208540E+00 -0.599990777106044E+00  0.544634431756371E+00 -0.585990104978831E+00
 0.395163550113686E+00  0.453315938272187E+00  0.798968352796251E+00  0.782641008427116E+00  0.524224789466412E+00  0.335650744133069E+00
 0.150846295059069E+00  0.128611404326895E+00  0.980155345822292E+00 -0.105395594781664E-01 -0.992747350044117E+00 -0.119756489036668E+00
-0.711982849168652E-01  0.240377350981969E+00  0.968064839439894E+00 -0.786618745344975E-02  0.218949323920524E+00  0.975704523229083E+00
-0.250361462297386E+00  0.229071716157222E+00  0.940662153513736E+00  0.695240523250201E+00 -0.554386376529701E+00 -0.457489191510636E+00
 0.424680406959772E-01  0.513692757254955E-01  0.997776359226296E+00  0.193433717170863E+00 -0.143833163565428E+00  0.970512966487426E+00
 0.175086025537076E-01 -0.144122925188803E+00  0.989404887430641E+00  0.363912205634362E+00  0.145787671527402E+00 -0.919953184363722E+00
-0.275664921797291E+00 -0.940857400282577E-01  0.956638241141252E+00 -0.505696273407378E+00 -0.304756964248201E+00  0.807090126196642E+00
 0.392586178543571E+00  0.225665113529962E+00  0.891600442435996E+00  0.572401624380267E+00  0.139560342500916E+00  0.808009462325695E+00
-0.365977123074011E+00  0.594805191572001E-01  0.928721063197805E+00  0.164176692777205E+00 -0.330682020548317E+00 -0.929352147915322E+00
-0.249690618093712E+00 -0.353047350477097E+00  0.901671871335178E+00  0.597326251480504E+00  0.771387690519132E+00 -0.219459290547950E+00
-0.866506629814947E-01 -0.370694455637798E+00  0.924703889450166E+00 -0.691407588168890E-01 -0.991010698549454E+00  0.114531003796997E+00
-0.192060818174551E+00  0.306427597345050E+00  0.932316882667831E+00  0.455171946703151E+00 -0.875326124505045E+00 -0.163164563228179E+00
 0.227402381979514E-01 -0.169491044060771E+00  0.985269337567089E+00  0.283723211775418E+00 -0.380360142329737E+00  0.880242751305993E+00
 0.151940037107234E+00 -0.520693330603061E-01  0.987017228663465E+00  0.346315130634216E+00  0.728561057150830E-01  0.935284886092916E+00
-0.998269115775917E-01  0.732842104751155E-01  0.992302379428730E+00  0.853995830254078E+00  0.415657765696592E+00 -0.312921305961682E+00
-0.670531360668994E-01  0.414622785072890E+00  0.907519599260530E+00  0.170062256483424E+00 -0.972340486330135E+00 -0.160102490808368E+00
-0.291806482699906E+00  0.265639702647344E+00  0.918849566050798E+00 -0.258031750198729E-01  0.492916216007525E+00  0.869694084236358E+00
-0.236918100294176E+00 -0.842612667225599E-02  0.971493084968854E+00  0.820251309070817E+00 -0.107261189614753E+00 -0.561856589504865E+00
 0.287542402605319E+00  0.311869799157112E+00  0.905569762678538E+00 -0.840972162072669E+00 -0.377378545378322E+00 -0.387751539141965E+00
 0.151591687085800E+00  0.588644207342387E-03  0.988443025118028E+00 -0.336517664318907E-01  0.498319180367927E-02 -0.999421195700522E+00
-0.107845198624143E+00 -0.841392374116555E-01  0.990600828720380E+00 -0.221914609867526E+00 -0.507053462882608E-01  0.973746822220813E+00
 0.213168840114503E+00  0.107490814948500E+00  0.971084327082846E+00 -0.187914214418113E+00 -0.639945685562949E+00 -0.745089100409468E+00
 0.404340209510270E+00  0.956228649010117E-02  0.914558668238551E+00 -0.471977415231318E+00 -0.149408732504446E+00 -0.868858072508381E+00
-0.382646463046897E+00 -0.140344981087140E+00  0.913173023364877E+00 -0.767652800347649E+00 -0.950062981564440E-01  0.633784649095433E+00
-0.253740837857937E+00  0.127943053349873E+00  0.958773259067369E+00 -0.143408836752863E+00 -0.511469366502236E-01  0.988340981854182E+00
-0.225840147578656E+00  0.391919774083381E+00  0.891849268892498E+00  0.487351879735463E+00 -0.192813258715375E+00 -0.851652037267492E+00
 0.571697265655752E-01  0.131527254961414E+00  0.989662671604185E+00 -0.381691150163110E+00 -0.472289926558408E+00 -0.794515003734112E+00
-0.785418981300021E-01 -0.199505896323143E+00  0.976743859755686E+00  0.251475537543098E+00  0.681277031558591E+00 -0.687474843385650E+00
-0.203841896870014E+00  0.172949540359581E+00  0.963606214991292E+00 -0.420428029547253E-01  0.784996305833095E-01  0.996027213844077E+00
 0.427344882050145E+00  0.755788189639943E-01  0.900924077772126E+00  0.675992375875800E+00  0.523352690499937E+00  0.518783451070163E+00
 0.278622607153393E+00 -0.208314415114687E-01  0.960174720468936E+00  0.419289044307899E+00 -0.261189210296941E+00  0.869469317312479E+00
 0.240277834594830E+00 -0.264541434209798E+00  0.933961665053038E+00  0.221664860351000E+00 -0.974975017050700E+00  0.169825149067546E-01
-0.192495509379947E+00 -0.909358698288635E-01  0.977075302342160E+00 -0.962923534992670E+00  0.259114394234024E+00  0.750865930639739E-01
-0.236611371691916E-01 -0.108371444749957E-01  0.999661296083573E+00 -0.921932768879462E-01  0.166532034071586E+00 -0.981716599291589E+00
-0.571132406685669E-01 -0.149492673151112E+00  0.987111958399081E+00  0.657478862682888E-01  0.212074736156917E+00 -0.975039241125826E+00
-0.738851660286828E-01  0.295633240196445E-01  0.996828466745319E+00 -0.752202187700049E-01 -0.360730147249203E+00  0.929632012978125E+00
 0.206642616800142E+00  0.108382163836471E-01  0.978356459572691E+00 -0.780824051024651E+00  0.621860398708004E+00  0.600287086332553E-01
-0.897329663902375E-01  0.975349109124917E-01  0.991178559037725E+00  0.104607813913617E+00  0.950305611230229E+00  0.293217411714507E+00
-0.416479328318755E+00 -0.158668019077413E+00  0.895192397647125E+00 -0.965236396808364E+00 -0.281450774154172E-01  0.259858717178558E+00
-0.256125349544035E+00 -0.429614671533054E+00  0.865927848798323E+00  0.807426843892353E+00  0.469610864925805E+00 -0.357109965284744E+00
-0.693605122577461E-03 -0.202728671562310E+00  0.979234703550949E+00  0.584185138875950E+00 -0.742017546362251E+00  0.328842947935685E+00
-0.313360479694275E+00  0.157832981891746E+00  0.936426163449598E+00 -0.675958262771005E+00  0.609017416565919E-01  0.734419093471023E+00
 0.231519219929470E-03 -0.256493019555977E-03  0.999999940305089E+00 -0.720726415769830E-02 -0.907219648904861E-02 -0.999932873044099E+00
-0.219823407447156E+00  0.250411133583446E+00  0.942853081723646E+00  0.339506427439853E+00 -0.648551564903418E+00 -0.681260782218055E+00
 0.202598460331554E+00 -0.114152666465394E+00  0.972585745633836E+00  0.766390097714321E+00 -0.619200603243964E+00  0.170987809705092E+00
 0.619705915703720E+00  0.266741502451663E+00  0.738114861597870E+00  0.729895707419225E+00  0.373947824102535E+00  0.572202133113788E+00
 0.171375222804261E+00  0.367713726465200E+00  0.914011569061282E+00  0.199770133130946E+00 -0.665228338670158E+00 -0.719418620372719E+00
-0.166269382867331E-01  0.755866089196229E-01  0.997000606557108E+00  0.325733296014921E+00 -0.125442004867269E+00 -0.937103048379492E+00
 0.253286716732671E+00 -0.135685543910749E+00  0.957828414853322E+00  0.538810631660089E+00 -0.106112856387467E-01  0.842360079673264E+00
-0.594942908837325E-01  0.214938392719276E+00  0.974813785647031E+00  0.115884424301248E-01 -0.945966464604691E+00 -0.324057334194654E+00
-0.207322172543120E+00  0.156351785248717E+00  0.965697486805024E+00  0.305185733271469E+00 -0.418062203671061E+00 -0.855620045387701E+00
-0.342406754444916E+00  0.695716516659037E-01  0.936972464800849E+00  0.732373454801881E+00  0.304337568912652E+00 -0.609104068981561E+00
-0.173317790047993E+00  0.249872147328172E-01  0.984548923493788E+00 -0.606054717204922E-01 -0.255204048124718E-01 -0.997835500338480E+00
-0.782300725328074E-01 -0.210485731811597E+00  0.974461806565680E+00 -0.429631606254545E+00  0.902902331729291E+00 -0.135669548885839E-01
 0.602160618641516E-01  0.289968777432034E+00  0.955139850497373E+00  0.642893825096047E+00 -0.200771988353374E+00  0.739173956755787E+00
 0.149445179355483E+00  0.301231167444781E-01  0.988311052353967E+00  0.162258640472113E+00  0.180616939029385E-01  0.986582945730108E+00
-0.242305432709081E+00  0.193237410126583E+00  0.950761474086553E+00 -0.370531867986858E-01  0.940054544011357E+00  0.339005185257780E+00
-0.281909111496332E+00  0.324803000062076E-01  0.958891173682841E+00  0.885450517197854E+00  0.200597483086415E+00 -0.419211201393103E+00
 0.141645105201152E-01  0.165414255756125E-01  0.999762845819773E+00 -0.606618943227755E+00  0.253997647605876E-01 -0.794586879873654E+00
 0.483410682183564E+00  0.669747578305473E-01  0.872827872013927E+00  0.827699340095124E+00 -0.285651735205841E+00  0.483028869302849E+00
 0.369851350202909E+00 -0.184331492702055E+00  0.910621699473122E+00  0.729808706507390E+00 -0.681358776867200E+00  0.559416579307735E-01
-0.459363476581445E+00  0.254122927155287E+00  0.851120869369937E+00  0.818671705011634E+00  0.140649525973109E+00 -0.556771362640792E+00
 0.191570793668717E+00 -0.352151972257480E+00  0.916127512657657E+00  0.223329939677572E+00 -0.833781246385515E+00  0.504908478062538E+00
 0.306698644022885E-01 -0.242929083709413E+00  0.969559085206080E+00  0.770766830235739E-01  0.285860807797180E+00 -0.955166364304997E+00
-0.234372010269366E+00  0.177425743531166E+00  0.955818950604511E+00 -0.280055107005661E+00  0.532994668863881E-01  0.958503157986282E+00
-0.178743542484019E-01 -0.116044003635394E+00  0.993083227469114E+00  0.978765355419306E+00 -0.204655764656997E+00 -0.115929730259140E-01
-0.216286648822682E+00 -0.285999984012518E+00  0.933500988047626E+00  0.298563210688216E+00 -0.931218545778769E+00  0.209026384031344E+00
 0.130295494081604E+00  0.197717747494113E-02  0.991473234631810E+00 -0.374264798569359E-01  0.152275168647612E+00 -0.987629248057620E+00
-0.158083017152586E+00  0.213483901928041E+00  0.964071772901537E+00  0.588786738070811E-01 -0.345162954761042E-01  0.997668245018015E+00
 0.338401154934531E-01  0.627699205528739E-01  0.997454151155418E+00  0.385109819028114E+00 -0.244874761764264E+00 -0.889790300205070E+00
-0.675917489500288E-01  0.168006508006660E+00  0.983465896074330E+00 -0.381816242939874E+00 -0.110400135195935E+00 -0.917620927603550E+00
-0.119363262327984E+00 -0.391640836104539E+00  0.912343064368749E+00  0.672547799427084E+00  0.739747371221760E+00  0.212904733691679E-01
 0.294035235113105E+00  0.172730738331665E-01  0.955638488881823E+00 -0.502091341578989E+00 -0.451442898701485E+00 -0.737633780356764E+00
 0.115650544876583E+00  0.165198411128972E+00  0.979456194237503E+00 -0.179354638058223E+00 -0.673088040472250E+00 -0.717484775852582E+00
 0.302230223202863E+00  0.388723798751947E+00  0.870373885446136E+00 -0.549714309662263E+00 -0.510663751101404E+00 -0.661087521485306E+00
 0.131739142313582E-01  0.365737455454315E-01  0.999244118882169E+00  0.379171026495607E+00 -0.758253571181312E+00 -0.530359174953215E+00
 0.663503960561623E-01  0.508122547378490E+00  0.858725277250405E+00  0.264246286550282E-01 -0.995833538898157E+00 -0.872771551210040E-01
-0.625498179188515E-01 -0.161287263872092E+00  0.984923316198257E+00 -0.229890261732319E-01 -0.867348938355981E-01  0.995966145442170E+00
 0.330596405433085E+00 -0.363405979677920E-01  0.943072307754854E+00  0.923436127137299E+00 -0.354318632386645E+00  0.147390725085819E+00
-0.124784937924587E+00  0.253040578089319E+00  0.959374371716995E+00 -0.881473167963288E-01 -0.689643837888183E+00 -0.718763818931132E+00
 0.871753901171455E-01 -0.238022911484063E+00  0.967339415596497E+00 -0.265261120515945E-01  0.354638782210175E-01 -0.999018858040703E+00
 0.377836612058787E+00  0.798238751439683E-01  0.922424871490864E+00  0.674634172992064E+00 -0.276444995868993E+00  0.684431805872803E+00
 0.212543764199165E+00  0.645023552258191E-01  0.975020304645176E+00 -0.185328078730994E+00 -0.885789614306584E-01  0.978676285002219E+00
-0.141970739045668E+00 -0.287141664948651E+00  0.947308805778424E+00  0.154797033780346E+00  0.634078528957221E+00 -0.757616194024555E+00
 0.134860719501781E+00 -0.579650759911017E-02  0.990847610298938E+00  0.982122206540029E-01 -0.110541853051801E-01  0.995104097419686E+00
 0.545908410507632E+00  0.454492761710738E-01  0.836611242234143E+00 -0.805911848568756E+00  0.553962460764915E-01 -0.589438163217418E+00
-0.111186158523156E+00  0.179862033562345E+00  0.977387992066447E+00  0.255147702733591E-01  0.258461475555706E+00  0.965684556235350E+00
 0.177576677544241E+00  0.271565652674335E+00  0.945895670716338E+00  0.573481935526424E+00 -0.221982439873618E+00  0.788569759762966E+00
 0.136446572200024E+00  0.113991539041972E+00  0.984067203986448E+00  0.775634835899391E-01 -0.780741020064500E-01  0.993925721877284E+00
-0.690960069323852E-01  0.262402482554147E+00  0.962481521368291E+00  0.394741991490858E+00 -0.378223390291908E+00 -0.837332566660300E+00
 0.858278307082754E-01  0.101792166422108E+00  0.991096331509206E+00  0.252687900753527E+00  0.443646246826057E+00  0.859841167012797E+00
-0.196677865858678E+00  0.319888640236800E+00  0.926816635008634E+00  0.782102575192117E+00 -0.381048613351424E+00 -0.493069484090038E+00
-0.152750000724432E+00  0.453081379848268E-01  0.987225713761060E+00  0.606771207923325E+00  0.605694988690923E+00 -0.514744870698069E+00
-0.185487736201932E+00 -0.410667676008384E-01  0.981788073016525E+00  0.467416358763773E+00 -0.148059780428670E-01 -0.883913304897155E+00
 0.240030571219155E+00  0.147829896003983E+00  0.959443404650664E+00  0.550554271007925E+00  0.762029937386400E+00  0.340881752521033E+00
-0.258951688508194E+00  0.486578109269511E-01  0.964663900254670E+00 -0.573202954993668E+00  0.242349713339243E+00  0.782754743729422E+00
-0.247139577828694E-01 -0.305262959738725E+00  0.951947343975632E+00  0.147850842321087E+00  0.710075106474930E+00 -0.688428261759758E+00
-0.222047369709766E+00 -0.129726459543314E+00  0.966367430793966E+00  0.431162024730390E+00  0.527282896511631E+00 -0.732169417195703E+00
 0.200206604607889E+00 -0.260748186736230E+00  0.944419238783893E+00  0.215250540650804E+00 -0.314722908166629E+00  0.924454810050051E+00
-0.143101173458111E+00 -0.376985390779821E+00  0.915097846841253E+00 -0.151905590831009E+00 -0.206072173830436E+00  0.966674169845807E+00
-0.126319258944317E+00  0.715845726293465E-01  0.989403402956161E+00 -0.296441727366737E-01 -0.177668580059939E-01  0.999402602447759E+00
-0.579151598476611E+00  0.294356327409907E+00  0.760222190215293E+00  0.790879113353166E+00 -0.510526759217475E+00 -0.337450227714567E+00
 0.405968432794342E+00  0.218929635991792E+00  0.887276420321766E+00  0.806401860226218E+00  0.399417189248299E+00  0.436098553949316E+00
-0.161176531120895E+00  0.246645844380331E-01  0.986617344308488E+00  0.209895297511300E+00 -0.358958494254473E-02 -0.977717279668608E+00
 0.150124577293545E+00  0.264277917904818E+00  0.952690817317103E+00  0.405119911772824E+00  0.723043779874626E+00  0.559540480635488E+00
 0.105390558435665E+00 -0.963603316729276E-01  0.989751239793364E+00 -0.189013249398210E+00 -0.679999612584658E-01  0.979617270581107E+00
 0.468527418833717E+00 -0.235554361325629E+00  0.851467087245003E+00 -0.631492170591502E+00 -0.211448561135465E+00 -0.745994064638168E+00
-0.353102320209182E+00  0.235245546937487E+00  0.905526523139425E+00 -0.811971028058539E+00  0.107915440558374E+00  0.573635169147300E+00
 0.406521296165550E-01 -0.180066810598575E+00  0.982813994649291E+00 -0.112962568032295E+00 -0.106951244022282E-01 -0.993541681328755E+00
 0.131467360789603E+00 -0.122166587640876E-01  0.991245220061947E+00  0.165118234246588E+00 -0.266567633431494E-01  0.985913477789687E+00
-0.959091848492037E-01  0.498892848115558E-01  0.994139068502266E+00  0.244175506215224E+00  0.947798500738495E+00  0.205076386164764E+00
-0.897293195176604E-03  0.330852758797675E+00  0.943681962771828E+00  0.229878059349777E+00 -0.646060546773095E+00 -0.727847406901220E+00
-0.169531569224257E-01 -0.332003715640945E+00  0.943125719759020E+00  0.711360822905005E-01 -0.574256893512191E+00  0.815578738105700E+00
-0.216872027409451E-01  0.668087483969190E-01  0.997530077929939E+00 -0.432211193873012E+00  0.896045631838836E+00 -0.101467775936039E+00
-0.235917157457363E+00 -0.822234864733206E-01  0.968288383225478E+00 -0.339865859551805E+00  0.266230971176850E-01  0.940097020637219E+00
 0.157441886759302E+00  0.281496124002881E+00  0.946557966774896E+00  0.573593820945215E+00  0.397154878140294E+00  0.716420359386050E+00
-0.843162497847730E-01 -0.466640860222581E+00  0.880418694481757E+00 -0.616580976959946E+00 -0.739915405138189E+00  0.268985300881496E+00
-0.230997056425759E+00  0.307631222429770E+00  0.923040297554229E+00 -0.207590060360883E+00  0.499831034193670E+00  0.840877698655549E+00
 0.365526008369564E+00 -0.165363174135700E+00  0.915994409287076E+00  0.741905160315583E+00 -0.113311454753374E+00  0.660860989406080E+00
 0.215946647364732E+00 -0.193989465447425E+00  0.956940506399094E+00 -0.691167131143775E-01 -0.163922662145133E+00  0.984048901632189E+00
 0.172346653267491E+00 -0.244916130826485E+00  0.954103097138081E+00  0.125253784843360E+00  0.978245494476808E+00 -0.165370015172757E+00
-0.102379485365998E+00 -0.116426308004000E+00  0.987908576630829E+00  0.154976477527110E+00  0.706594340625720E+00 -0.690439518863885E+00
-0.304800110721333E+00  0.181937682695210E+00  0.934877303243458E+00 -0.406834177294027E+00  0.662842780415089E+00  0.628590009972387E+00
 0.181238780817737E+00 -0.136341457216820E+00  0.973942252585693E+00  0.574629266209537E+00 -0.671661018675337E+00  0.467624510058548E+00
 0.193412795466076E-01 -0.304338336269392E+00  0.952367624387914E+00 -0.356037916632085E+00 -0.567612396673649E+00  0.742329555563216E+00
-0.187886050406433E+00  0.444335474846301E+00  0.875936537573233E+00 -0.375715249878284E-01 -0.761780913495587E+00 -0.646744323781754E+00
 0.112445208219074E+00 -0.220503730442694E+00  0.968882954752237E+00 -0.897840446869809E+00 -0.437983929293221E+00  0.453057352384083E-01
 0.176358403891174E+00 -0.287204922070697E+00  0.941494049962783E+00  0.279013524470100E+00 -0.158880749114733E+00  0.947052459330271E+00
-0.128477427387194E+00  0.115349943919141E+00  0.984981188190830E+00 -0.421263146514497E+00  0.696955618013685E+00  0.580336305867440E+00
 0.371186784616903E+00  0.110723334671438E+00  0.921933139704286E+00  0.736364634299927E+00  0.313314874308406E+00  0.599667336853895E+00
-0.197190044128986E+00  0.209412034332981E+00  0.957738318317134E+00  0.512624810557314E+00 -0.804917061962933E+00 -0.298871756715215E+00
 0.154006606320572E-01 -0.164254040857974E+00  0.986297840266277E+00 -0.353905655945244E-01  0.485716988670093E-01  0.998192515467869E+00
 0.218473924961210E+00  0.252693329528933E+00  0.942557810069825E+00  0.976488309129782E+00 -0.796794467529974E-01  0.200304188418502E+00
-0.236474123295306E+00  0.189124146978768E+00  0.953054062496598E+00  0.289383480995469E-01  0.984861858069556E+00  0.170908433171249E+00
 0.241765070841621E+00 -0.236454421666887E+00  0.941083926647950E+00 -0.347526403694011E+00  0.165470993918870E+00 -0.922954359059541E+00
-0.304353867380089E-01 -0.487460884447122E-01  0.998347387483659E+00  0.320291479772505E-01 -0.477857497530604E+00 -0.877853259795531E+00
-0.355755689743083E+00  0.992770807622886E-01  0.929291101028489E+00 -0.320304993288801E+00  0.352483875320862E+00  0.879295074996470E+00
 0.104657273603681E-01 -0.610810693686254E-01  0.998077938597785E+00 -0.563588761662691E-01 -0.704435345259067E+00  0.707527046427919E+00
 0.150277767004157E+00  0.366047137915629E+00  0.918382319934362E+00  0.779096274581893E+00  0.401283839310542E+00  0.481643307065309E+00
 0.217936170551911E+00 -0.520748857967617E+00  0.825423801747073E+00  0.542738885911939E+00 -0.704711216514418E+00  0.456964553371306E+00
-0.496109595070312E+00 -0.176892621771752E+00  0.850049569167521E+00  0.827327204323058E+00  0.354400900804185E+00 -0.435809245537741E+00
-0.708565266216804E-01  0.127362889578748E+00  0.989322013802009E+00 -0.100643122196770E+00 -0.169881091366743E+00 -0.980311877287290E+00
 0.132042376494713E+00 -0.176479287425575E+00  0.975407541450952E+00  0.179407724737996E+00 -0.511270841622167E+00  0.840484975958105E+00
 0.337288468820001E+00 -0.472716088306920E+00  0.814110550636008E+00 -0.494190372198384E+00  0.768118162810090E+00 -0.407149068508911E+00
-0.939640195230790E-01  0.878861546084733E-02  0.995536801566546E+00 -0.146182255829320E+00 -0.370159292982426E-01  0.988564903817063E+00
-0.155077959569765E+00  0.362776970431634E-01  0.987235916664767E+00 -0.478892211761063E-01 -0.126331446016443E+00 -0.990831463086705E+00
 0.932072568101519E-01 -0.285492913009192E-01  0.995237331114615E+00  0.260864250576754E+00 -0.165346441206526E+00  0.951110086767755E+00
-0.180597229687822E+00  0.145302775023127E+00  0.972764999472978E+00  0.468930238320878E+00 -0.877019912744000E+00  0.104596865339415E+00
-0.143332446858647E-01  0.301092145937644E-01  0.999443841990795E+00  0.206373374202294E-03 -0.438373817052375E+00  0.898792720226951E+00
 0.346752470746947E+00 -0.662293192451433E-01  0.935615520020490E+00 -0.807007582746335E+00  0.274843347640035E+00 -0.522685273991851E+00
 0.349396215986161E-01 -0.656806588112292E-01  0.997228797167765E+00  0.260131019026973E-01  0.237374113928871E+00 -0.971069950397953E+00
-0.124443032703872E+00 -0.734369434089512E-01  0.989505405217280E+00  0.486210468336382E+00 -0.433671652446265E+00 -0.758635800858780E+00
 0.212746668924078E+00  0.106120609093472E-02  0.977106815401132E+00  0.149647461513768E+00 -0.339156608312683E+00  0.928751006621432E+00
-0.170743080748853E+00 -0.562297058693432E-02  0.985299539519921E+00 -0.571352042110616E+00 -0.523185365975834E-01  0.819035783531047E+00
 0.107471674559898E-01 -0.252706788057324E+00  0.967483218284133E+00 -0.480043229917377E-01  0.210561286235624E+00  0.976401315911088E+00
-0.333596714811949E-01 -0.320510871912939E+00  0.946657231158287E+00  0.439867083526978E+00 -0.379630192179017E+00  0.813878286978829E+00
 0.795534032008631E-01  0.367699305417309E-01  0.996152211384945E+00  0.777245105149465E-01 -0.326395747048310E+00  0.942032227035778E+00
-0.252675968603936E+00 -0.208712962709924E-01  0.967325820952812E+00 -0.896621082291745E+00  0.351851128816498E-02  0.442784659702992E+00
-0.111978827069983E+00  0.245946487503698E+00  0.962793367017360E+00  0.418799975991791E+00 -0.663695994623868E+00 -0.619769478781836E+00
-0.396492248714183E-01 -0.221832271828627E+00  0.974278390472890E+00 -0.351954899347043E+00 -0.933432851876952E+00  0.695043873613211E-01
-0.512128693345328E-01  0.385281966358536E+00  0.921376713626638E+00 -0.367885276184413E+00  0.299150899830125E+00  0.880436915796666E+00
 0.174690578543253E+00 -0.683192702060830E-01  0.982250313864410E+00  0.895871878529575E+00 -0.256840723913508E+00  0.362555402386277E+00
-0.414815277709284E+00 -0.708996616623039E-01  0.907139197342470E+00 -0.479374352588718E+00 -0.586771804105451E+00  0.652609439088174E+00
 0.163684453684166E+00 -0.185762037445322E+00  0.968865246082384E+00  0.680370731727985E+00  0.457260320914379E+00 -0.572720408511174E+00
 0.585717910996248E-01 -0.390554034560482E+00  0.918714804156280E+00  0.181412774689358E+00 -0.661154512644893E+00  0.727986342996077E+00
-0.471738979282003E+00  0.261154866546156E+00  0.842176033323932E+00  0.499685179820211E+00 -0.345798598581491E+00 -0.794190185212031E+00
 0.398269174964156E+00  0.369557479812565E+00  0.839528994965604E+00 -0.606495761145021E+00 -0.788506237378040E+00 -0.102082345824571E+00
-0.376578669712739E+00 -0.180542620107660E-02  0.926382883020631E+00 -0.948196469653093E+00 -0.108294084354920E+00  0.298656736456991E+00
 0.138481303418765E+00  0.131157690509625E+00  0.981641782333872E+00 -0.858443051666202E+00 -0.258851766207239E+00 -0.442799379152017E+00
 0.743474030364415E-01 -0.207314008770677E+00  0.975445213955745E+00 -0.232840062564819E-01  0.210235135548538E-01 -0.999507812340883E+00
 0.666207877330821E-01  0.444431197705551E+00  0.893332290442830E+00 -0.292475261538086E+00 -0.519218034383308E+00 -0.803038513496932E+00
 0.597475685828956E-01 -0.237035227648503E+00  0.969662069435561E+00  0.977150096135928E-01  0.366791356273143E+00 -0.925157217914622E+00
 0.145509868721587E+00  0.846101468886621E-02  0.989320620089898E+00 -0.577183851918379E+00 -0.165591578203757E+00 -0.799648816864411E+00
-0.179392694207744E-01  0.118443940006808E+00  0.992798678327239E+00  0.268037100467075E+00 -0.355450347743567E+00  0.895439089532158E+00
 0.390941193839098E+00  0.398101734190156E+00  0.829867454594076E+00  0.509028017647106E+00  0.748308893698669E+00  0.425351944701951E+00
-0.150800850815180E+00 -0.151882462925087E-01  0.988447479923934E+00 -0.377495525219777E+00  0.440889552732360E-01  0.924961238356483E+00
 0.127202504044415E+00 -0.477996030579075E-01  0.990724341536200E+00 -0.653184215736950E-02  0.470520704433977E-02 -0.999967597507390E+00
-0.920959129829319E-01 -0.855152350926044E-01  0.992071311639892E+00 -0.178967556677165E-02 -0.143526951035599E+00  0.989644790512126E+00
 0.804831029739308E-01 -0.273948700322167E+00  0.958370794487960E+00 -0.237242039556733E+00 -0.161519491640500E+00  0.957928843123097E+00
 0.181464918651446E+00 -0.124468471184965E+00  0.975488638057718E+00  0.226427751270767E-01 -0.604445758505401E+00  0.796324450057497E+00
 0.202021081922219E+00  0.381782325909444E+00  0.901903397311570E+00  0.377884522499617E+00  0.610526316070425E+00  0.696032258620757E+00
 0.238683448029576E+00  0.757806847986261E-01  0.968136095519718E+00  0.347639803563436E+00 -0.520654637433134E+00  0.779785429139163E+00
-0.120287499550426E+00 -0.846384027955343E-01  0.989124490761465E+00  0.400518578626795E+00 -0.112408823001703E-01 -0.916219684759002E+00
 0.111762717911439E+00  0.107539388281583E+00  0.987898969962552E+00  0.212436503896320E+00  0.450964962628787E+00  0.866891766193177E+00
-0.339981573561772E+00  0.117804413800396E+00  0.933024463627619E+00  0.585363493723377E+00  0.170978701136666E-01 -0.810590675405003E+00
-0.216646864078768E+00 -0.992922137554370E-01  0.971187516688914E+00 -0.734468777309710E+00  0.269625471107116E-01  0.678106655483105E+00
-0.194922513734778E+00  0.313256317836902E+00  0.929449134151289E+00 -0.384101722444121E+00  0.685359798900416E+00  0.618666156231809E+00
 0.943256077142355E-01 -0.239875813927282E+00  0.966210263670421E+00 -0.466139887554254E+00  0.572095209403146E+00 -0.674848632367939E+00
-0.963160673771210E-02  0.374100385158615E-01  0.999253582015042E+00  0.511127065046480E-01 -0.134544211682558E+00 -0.989588473223334E+00
 0.249727200727664E+00 -0.419518664883124E+00  0.872720124112769E+00 -0.632465033342773E+00  0.482321476375356E+00 -0.606097331313892E+00
 0.165523394856942E-01  0.197455205038655E+00  0.980172159398895E+00 -0.170023187707065E+00  0.684032016563087E+00  0.709360497884232E+00
-0.645059838744561E+00  0.249437894424093E+00  0.722273176342660E+00 -0.829778864967140E+00 -0.116877509861270E+00  0.545716669108132E+00
 0.338372770503606E+00  0.306477265555846E+00  0.889705318562908E+00  0.296334651913386E+00  0.764251320973249E+00  0.572805108624230E+00
 0.137499913710747E+00 -0.610400785521207E+00  0.780067083502842E+00 -0.166813786994696E+00 -0.927925915902739E+00  0.333356648448101E+00
-0.240437832686561E+00  0.224462256058200E+00  0.944354988454158E+00 -0.669744501976952E-01 -0.109041489558561E+00 -0.991778390859352E+00
-0.550579196977840E-01  0.246376777777799E+00  0.967608964846017E+00  0.453287700982895E-01 -0.267728517141298E+00 -0.962427526471837E+00
 0.408004759938807E-01  0.464286934150298E-02  0.999156526737903E+00 -0.335296343133627E+00 -0.637999549075695E+00 -0.693204830955777E+00
-0.306439275975870E+00  0.174816072019702E+00  0.935699904404712E+00 -0.696205789527816E+00  0.366974157805756E+00  0.616950132612601E+00
 0.168862910713060E+00 -0.300688352072573E+00  0.938654266657001E+00  0.687343723098308E+00  0.702580575481434E-02  0.726298316376165E+00
 0.888886242858827E-01  0.979552427402234E-01  0.991213187408373E+00 -0.117008127753793E+00 -0.796565562177311E-01 -0.989931275943479E+00
-0.281866213226496E-01  0.173572298602802E+00  0.984417681442259E+00  0.165445370460596E+00  0.453298458964216E-01  0.985176651400226E+00
-0.184994840402446E+00 -0.685604897030901E-01  0.980345025119292E+00  0.220061411645135E+00 -0.158383375428558E+00 -0.962542301144530E+00
 0.142873309314464E+00  0.300047756130895E+00  0.943164122264173E+00 -0.239422216536177E+00 -0.928798236019850E+00 -0.282861872643378E+00
 0.132516365077621E+00  0.361752147157206E+00  0.922808104111448E+00 -0.138069447229637E+00 -0.676407274567267E+00 -0.723470819490451E+00
 0.114771337007686E+00 -0.119648655926571E+00  0.986160098227683E+00 -0.347416731573230E+00  0.162204694256217E+00 -0.923575255073576E+00
-0.209798143350291E+00  0.186818803287025E-01  0.977566226091181E+00 -0.512347059230705E+00  0.409659395205111E+00  0.754771270530239E+00
-0.169610791830632E+00  0.204540223648524E+00  0.964051594161017E+00 -0.536702476987331E+00 -0.833394154262459E+00 -0.131926626716615E+00
-0.187939786223429E+00 -0.516427271010836E+00  0.835452877492556E+00 -0.111674638680900E+00 -0.956867348375448E+00  0.268204497890004E+00
-0.290941397107304E+00 -0.426286420645879E-01  0.955790720987068E+00 -0.524000652835028E+00  0.750185746438377E+00  0.403292278216630E+00
 0.105134950946101E+00  0.306768259635490E+00  0.945959764984628E+00 -0.724414834622107E-01 -0.816473365205468E+00 -0.572820631073858E+00
-0.466989700161990E+00 -0.233152680458647E+00  0.852971539699633E+00  0.688605348619306E+00  0.233583572074529E+00 -0.686484805884141E+00
-0.146298071509689E+00  0.265640541828386E+00  0.952907118668796E+00 -0.465282616604218E-01  0.784920830215807E-01  0.995828355576297E+00
 0.201495453810795E+00 -0.257296739691327E+00  0.945091514001578E+00 -0.629708458001119E-01  0.986506136314918E-01 -0.993127750598758E+00
-0.369043607141341E-01  0.498546583393223E+00  0.866077001396080E+00 -0.121139165845290E-01 -0.981009067706840E+00 -0.193583217511074E+00
-0.138877781133583E+00  0.254733911728156E-01  0.989981852484968E+00  0.756633571072307E+00 -0.649916620979639E+00 -0.715124108164174E-01
-0.312485934653647E+00  0.200440707355375E+00  0.928534363111303E+00  0.739084305616245E+00 -0.673054650113355E+00 -0.274194666713617E-01
 0.150112725408149E+00  0.131410432873153E+00  0.979896661797880E+00 -0.589343031681557E+00 -0.397459896057677E+00 -0.703349430961746E+00
 0.151563715820906E+00  0.274727049532946E+00  0.949501705265179E+00 -0.639099732678923E+00 -0.234373723347661E+00 -0.732543848171482E+00
-0.945746014263228E-01  0.157865692690240E+00  0.982921191060852E+00 -0.289854819223586E-01  0.872577047946375E-02  0.999541746385447E+00
 0.303422033402248E+00 -0.136324536263833E+00  0.943053917047427E+00 -0.858061609133230E+00  0.353267906685414E+00 -0.372735913265408E+00
 0.923599013750619E-01  0.240470500291074E+00  0.966252341320708E+00  0.468170413454820E+00  0.730376689626999E+00  0.497359382353494E+00
-0.196099987011616E+00 -0.370114749055096E+00  0.908052789008396E+00 -0.381930258947380E+00 -0.576206766936468E+00  0.722575282608677E+00
 0.166687402825332E+00  0.102082990973071E+00  0.980711156606948E+00 -0.618312595804238E+00 -0.295682099328893E+00 -0.728190654984176E+00
-0.576657424035089E+00  0.108629795460622E+00  0.809731920355989E+00 -0.572621322168373E+00  0.815463032832482E+00  0.844089064127347E-01
-0.713436620775822E-02 -0.155559129956414E+00  0.987800818943787E+00 -0.104124522155658E-01 -0.108291833208724E-01 -0.999887148445994E+00
 0.769959242297546E-01  0.178508005074065E+00  0.980921260742412E+00  0.224734800859318E+00  0.512868579801424E+00  0.828528870429506E+00
 0.120841942240810E+00 -0.289096647040142E-01  0.992250702333926E+00  0.302670775155288E+00 -0.126081229113873E+00  0.944718966429717E+00
-0.169814637127135E+00  0.575999661375766E-02  0.985459188123176E+00  0.369610881973691E-01  0.987312127070880E+00  0.154430054387223E+00
-0.223821553725948E+00  0.355480719825589E-01  0.973981645959525E+00  0.806181987440206E+00 -0.238602445221469E+00 -0.541423564560405E+00
-0.359822927783403E+00 -0.140024055897158E+00  0.922453643502745E+00 -0.504592002510833E+00 -0.236837022387704E+00  0.830237999508956E+00
-0.171701738132235E+00  0.142131835515822E+00  0.974842066416542E+00 -0.259491223081229E+00  0.136686152401266E-02  0.965744498733170E+00
 0.826464007116509E-01  0.321983533341861E+00  0.943131049592844E+00 -0.178317369842806E+00 -0.286709556040111E+00 -0.941276020138422E+00
-0.367629250225819E-01 -0.420818935832646E+00  0.906399421109956E+00  0.708842203248576E-01 -0.911172275143527E+00  0.405882387297977E+00
-0.654358096098870E-01 -0.274715723182548E+00  0.959296318275530E+00 -0.642248148377920E+00 -0.766385239341780E+00  0.130759636041398E-01
 0.115554855311891E+00  0.488790807204428E-02  0.993289073617810E+00  0.426119099751476E+00  0.900018736476970E+00 -0.915903205442037E-01
-0.180806061258027E+00 -0.317391442392106E-01  0.983006508083909E+00 -0.778842577400488E+00  0.214085425524388E+00  0.589552092868990E+00
-0.131054406997623E+00  0.127402356031955E+00  0.983154810843139E+00  0.103272852273099E+00  0.354395667523689E+00 -0.929375289548747E+00
-0.301858065026356E+00 -0.347369055490746E+00  0.887815548335357E+00  0.386573611388641E+00  0.481101138545274E+00 -0.786830691742756E+00
-0.508505669772339E+00  0.156537867134189E+00  0.846710032987955E+00  0.795974111574027E+00 -0.142819514835123E+00 -0.588241276931667E+00
-0.305859778250791E+00 -0.331984481635249E+00  0.892320626233503E+00 -0.257536439774627E+00 -0.872573188078453E+00  0.415079526879868E+00
-0.824644015719639E-01  0.167614408161742E+00  0.982397593976068E+00  0.420451240171781E+00 -0.874352339625708E+00 -0.242340134581669E+00
 0.324999602253850E-01  0.211121917784519E-01  0.999248731769852E+00 -0.141167973133820E-01 -0.110448336296791E-01  0.999839350937792E+00
 0.119358571578219E+00 -0.231085696794381E+00  0.965584243931032E+00  0.958474717684831E+00 -0.277698818497467E+00  0.648812897844553E-01
 0.211001838953322E+00 -0.335014433410012E+00  0.918282937533572E+00 -0.126566839178491E-01  0.365232039111122E-02 -0.999913230689526E+00
 0.164384772349134E+00  0.112942698014756E+00  0.979908972091220E+00 -0.504922804288112E+00  0.339654554849922E+00 -0.793528666829076E+00
 0.241394829984980E+00  0.184555740664778E-01  0.970251476598928E+00  0.603202169346872E-01  0.336392448138141E+00  0.939788057098291E+00
 0.841314691660315E-01 -0.489614899929804E-01  0.995251057971622E+00 -0.277736179990224E+00  0.265930479718238E+00 -0.923116240936788E+00
-0.104242520197988E+00 -0.775671583836418E-01  0.991522482308424E+00 -0.274659191873484E+00 -0.144884276364647E+00 -0.950563451212857E+00
-0.515989474050147E-01 -0.181666596879936E-02  0.998666234710803E+00 -0.249763506606841E+00 -0.962507054105911E+00  0.105822311276095E+00
-0.393747101382787E+00 -0.579500540480638E-01  0.917390326626829E+00  0.663325300260326E+00  0.242678640524596E+00 -0.707888849656274E+00
-0.110860924992190E+00 -0.105088459225661E+00  0.988264271866312E+00 -0.427532552769167E-01 -0.836102486273472E-02 -0.999050675604832E+00
-0.214456714760524E+00 -0.425264226273653E+00  0.879294407662186E+00  0.734089153655464E+00  0.461413599287131E+00 -0.498207391432824E+00
 0.689224659187387E-01  0.307652308863893E+00  0.948999341697557E+00 -0.293701724274540E+00 -0.862729383321482E+00 -0.411627633076179E+00
-0.257970168927786E+00 -0.193114831686847E+00  0.946656248976327E+00 -0.285690487112547E+00 -0.534083415289194E+00  0.795698341764280E+00
-0.459520826225905E+00 -0.250531766801400E+00  0.852100020002365E+00  0.142107454316064E+00  0.387245862826602E+00 -0.910958897619145E+00
 0.210867717324251E+00 -0.146225447310382E+00  0.966515868648486E+00 -0.444293770978021E+00 -0.126473015004795E+00  0.886909026645758E+00
 0.204148349428267E+00 -0.103453880505891E+00  0.973458137792266E+00 -0.501593056454335E+00 -0.734371936003673E-01 -0.861981081180382E+00
-0.150734124074879E+00 -0.212705163303025E+00  0.965419979772333E+00 -0.223122560967151E+00 -0.540262051703084E+00  0.811377371065421E+00
 0.205053829274909E+00 -0.367438721060077E+00  0.907161349135550E+00  0.231492728531065E+00 -0.831605194120449E+00  0.504820678804993E+00
 0.818966211879738E-01 -0.390053559534109E+00  0.917142935497387E+00  0.329956450688036E+00 -0.907883508742067E+00  0.258604476379561E+00
 0.140406101275672E+00  0.209295942148712E+00  0.967719657403242E+00 -0.743045563101066E+00 -0.629965924202595E+00 -0.225889852581719E+00
-0.905419966460413E-02 -0.474791587888479E-01  0.998831192418988E+00 -0.954385529873941E-01 -0.179298737935036E+00  0.979154454199426E+00
 0.138681892115022E+00 -0.274298885062652E-01  0.989957036449527E+00  0.365192846422475E-01  0.221282008461459E-01 -0.999087926349093E+00
 0.254581980243258E+00 -0.422163671657334E-01  0.966129284143043E+00  0.192735411957605E-01 -0.423580107376651E-02 -0.999805275340673E+00
 0.275010492314844E+00  0.356473217697076E+00  0.892914371136135E+00 -0.390655718283663E+00 -0.509518741349699E+00 -0.766667308541126E+00
 0.475978038734880E+00  0.132561681472291E+00  0.869409171361411E+00 -0.910323989165690E+00 -0.346011216328815E+00 -0.227126557064819E+00
-0.297557580576520E+00  0.219941178414986E+00  0.929023877130656E+00  0.975731314294942E+00  0.216300621808103E+00  0.340946228853354E-01
 0.378120164079860E+00 -0.258821331553202E+00  0.888840064268734E+00  0.445089604029353E+00 -0.892766772601467E+00  0.697333071333505E-01
 0.285235106363557E-01 -0.286108757939003E+00  0.957772513685572E+00 -0.874366575997730E-01  0.517063938340074E+00 -0.851469150689579E+00
 0.268085037559402E+00  0.513786670650844E-01  0.962024243565301E+00  0.723061358015270E+00  0.514123925836739E+00  0.461366298538735E+00
 0.190281556673510E+00 -0.580301256767897E-01  0.980012976293601E+00 -0.293405013830300E-01  0.458441747146556E+00 -0.888240001042402E+00
-0.169005155482559E+00  0.451140882689067E+00  0.876304263019897E+00  0.415506017479175E+00 -0.757004642390840E+00 -0.504280399021529E+00
 0.396019264539623E+00  0.706550435707573E-01  0.915519856109910E+00 -0.310550911380124E+00 -0.422548486698112E+00 -0.851475723570620E+00
-0.450624247300783E+00  0.225872382759902E+00  0.863666286508259E+00  0.476267189357090E+00 -0.370252563251235E+00 -0.797547869251613E+00
-0.266960111552352E+00  0.108018330296959E+00  0.957634762923638E+00  0.541687689041029E+00 -0.669366951965123E+00 -0.508450913223991E+00
 0.820475483955395E-01  0.355732940139914E+00  0.930979202292776E+00 -0.248094881914814E+00 -0.618774659512439E+00 -0.745363569215011E+00
 0.810000838459405E-01  0.116251225752513E+00  0.989911429840058E+00 -0.237838729601493E-01  0.101688993526846E+00 -0.994531887866102E+00
 0.379473650031945E+00 -0.333946464824651E+00  0.862832259226874E+00 -0.221596416324266E+00  0.409372132423393E+00 -0.885047730615342E+00
-0.192131923157791E+00 -0.446347772044308E-02  0.981358956483471E+00  0.476815895208724E-01 -0.580357500323759E-02 -0.998845726094848E+00
-0.238980252154471E-01  0.150127916258808E+00  0.988377707736567E+00  0.535101390469516E+00  0.753222190693207E+00  0.382521676986960E+00
 0.942870974267137E-01 -0.131846143643463E+00  0.986775829489754E+00 -0.301525396156480E+00  0.497019883467359E+00 -0.813666805830722E+00
 0.489186079722022E-01 -0.370782766089339E+00  0.927430380225492E+00 -0.186027837002028E+00 -0.938334229527977E+00  0.291414683151834E+00
 0.367920227287750E-01  0.171435127143477E+00  0.984508173782638E+00 -0.501758028335034E-02 -0.230407230469708E-01 -0.999721935824944E+00
-0.199859987346952E+00  0.648668058374185E-01  0.977674937266025E+00  0.629347528533696E+00 -0.240046076277835E+00 -0.739120808523305E+00
 0.531365176236808E+00 -0.193238730705587E+00  0.824808973301163E+00  0.653029830316608E+00 -0.698466978177694E+00  0.292738656675169E+00
-0.514362409025587E+00  0.351521915711529E-01  0.856852166717888E+00 -0.800735504635146E+00 -0.471119290156560E+00  0.369958465316146E+00
 0.281968198292090E+00 -0.114445779835720E+00  0.952573408525404E+00  0.377087971608096E+00 -0.229083473740094E+00  0.897399255475323E+00
-0.943650503690174E-01  0.760563510785669E-01  0.992628162369710E+00  0.179340935984737E+00 -0.292851063274799E+00 -0.939188523896527E+00
-0.434460789076646E-01 -0.183727379371594E+00  0.982016643594596E+00 -0.588561518244854E+00  0.802269458599291E+00 -0.997950652092249E-01
-0.445558334397644E+00  0.192372963115786E+00  0.874339987482472E+00 -0.742551901014146E+00  0.250506934722446E+00  0.621178677963307E+00
-0.295415022186898E+00 -0.305731618811937E+00  0.905128798528114E+00 -0.335701733759313E-01 -0.434528975078416E+00  0.900032006806875E+00
 0.176360751070411E+00 -0.209468405574834E+00  0.961779534273743E+00 -0.183106604287626E+00 -0.796733007689193E-01 -0.979859243264480E+00
-0.300181341710967E+00  0.922323386815535E-01  0.949412638313781E+00 -0.879347844535621E+00 -0.167804103636639E+00  0.445633426835624E+00
 0.271804003919204E+00  0.580585381548492E-02  0.962335116014667E+00  0.922560342927829E+00  0.264991953305378E+00  0.280466893483502E+00
 0.985647658435528E-01 -0.374387609337474E+00  0.922018928715011E+00 -0.584083952852877E+00 -0.703641144919151E+00  0.404641909837111E+00
-0.237353791954408E+00 -0.241778539368835E+00  0.940854035090213E+00  0.674454946515677E-01  0.893081596493725E+00 -0.444810484650963E+00
 0.200365221928518E+00 -0.120017028629634E+00  0.972342373179555E+00 -0.136718102671745E+00 -0.774248894780092E+00  0.617937544848704E+00
-0.283344556832861E+00 -0.262578199424268E+00  0.922371157018854E+00  0.877246045966837E+00  0.228697201297111E+00 -0.422062750019969E+00
-0.220244989449223E+00 -0.125466433925176E+00  0.967341882986884E+00  0.355150771168801E+00 -0.148644380433831E+00 -0.922915368765548E+00
-0.564504058804518E-01  0.881034269340184E-04  0.998405400583209E+00  0.236010419059276E+00 -0.769305715890449E-01  0.968700557061081E+00
 0.732713690859557E-01  0.973179196637348E-01  0.992552532103260E+00  0.488464085109119E-01  0.212115787710488E+00  0.976023012525598E+00
 0.197219907647369E+00  0.111967156314578E+00  0.973944384415450E+00 -0.582118859260539E-01 -0.104755437721338E+00 -0.992792865911487E+00
-0.382736208513305E+00 -0.162824678628602E+00  0.909396018642238E+00 -0.700641387901479E+00 -0.833118115972098E-01  0.708633041572209E+00
 0.230067991316882E+00  0.215892020351039E+00  0.948925368466963E+00 -0.615886843583434E+00 -0.626862924536648E+00 -0.477206736899422E+00
 0.162405714420102E+00  0.271013615666305E+00  0.948776055793554E+00  0.179374598186440E+00 -0.983720801592885E+00 -0.108691323897347E-01
 0.342739370929726E-01  0.248226704908040E-01  0.999104164872638E+00  0.758410900433221E-03 -0.217473473141859E-01  0.999763210814292E+00
-0.120349829288079E+00  0.170590596051148E+00  0.977964604231280E+00  0.299474451644739E-01  0.881801732134537E-01 -0.995654261066645E+00
-0.176503546658237E+00 -0.249593005446832E+00  0.952129103456607E+00 -0.179101676884425E+00 -0.928307973492528E+00  0.325832619127343E+00
-0.381918166439705E-01  0.175060196999807E+00  0.983816706794422E+00 -0.112435731606177E+00  0.433962925598105E-01  0.992710918671819E+00
-0.530296061827283E-01  0.319728620534041E+00  0.946024032506312E+00 -0.604889525965511E+00 -0.792647448664741E+00 -0.762802956371850E-01
-0.132853840012983E+00 -0.867006470972850E-01  0.987336242111428E+00  0.512194334079016E-02 -0.286003590212795E-02 -0.999982792797482E+00
 0.545060602632699E+00  0.266893836296688E+00  0.794780862631025E+00 -0.680861453993835E+00 -0.361827997041236E+00 -0.636795242619265E+00
 0.219416840227415E+00 -0.313479145979978E+00  0.923897762341852E+00  0.574763451274740E-01  0.313989219840549E+00 -0.947685200673046E+00
 0.427655395472958E+00 -0.393164489714421E+00  0.813961022869318E+00  0.736022712703458E+00 -0.643273429513181E+00  0.210878783349567E+00
 0.432051265685258E-01 -0.124044646488026E+00  0.991335585317030E+00 -0.667960760635457E-02 -0.622447424287294E-02  0.999958318512639E+00
-0.374972426351229E+00 -0.103342782407779E+00  0.921257807999743E+00 -0.754425072721174E+00 -0.104536613797386E+00  0.648008415088437E+00
-0.711996102189596E-01 -0.152620454725329E-01  0.997345319070914E+00  0.344960138706651E+00 -0.136221874501784E+00 -0.928679763756435E+00
-0.206085518453690E+00 -0.169701513188214E-01  0.978386821787727E+00  0.894836788563495E+00 -0.135895283936181E+00 -0.425205354666749E+00
 0.336050301064967E+00 -0.141736242569673E+00  0.931118162585381E+00 -0.461277614321045E+00  0.467151924167556E+00 -0.754315611844826E+00
-0.122264381688408E+00 -0.454643312473738E-01  0.991455705291255E+00  0.164649713505452E+00  0.333968507022051E+00 -0.928092402813446E+00
-0.523087252134697E-01  0.155835626074879E+00  0.986397006743427E+00 -0.153931202131837E+00 -0.741492124297626E-01  0.985295427425853E+00
-0.712517673739465E-01 -0.819033877363259E-01  0.994090046587029E+00  0.130792449845699E+00 -0.257856052641806E+00  0.957289711205206E+00
-0.361792676253461E-01 -0.941354195969740E-01  0.994901795842884E+00  0.491805928382532E-01 -0.131859222611026E+00  0.990047683043849E+00
-0.491504687106161E+00  0.511156414090421E-01  0.869373529477414E+00 -0.727243086216939E+00  0.356065731627874E+00  0.586800381995419E+00
 0.574465242296267E-01  0.411864799357737E+00  0.909432396555096E+00  0.218299211022639E+00 -0.678249857382777E+00 -0.701657028345855E+00
 0.332677565096603E+00 -0.284270254028012E+00  0.899175211155337E+00 -0.696071228555212E+00  0.298136980294062E+00 -0.653145608389718E+00
 0.160653240800933E-01 -0.832801840959274E-01  0.996396666142130E+00  0.833782048949057E+00 -0.486461296515829E+00  0.261080259388661E+00
-0.202754041803252E+00 -0.117442451039043E+00  0.972161544819783E+00  0.148272290002989E+00 -0.625039603088171E+00 -0.766381642909492E+00
 0.205439565034271E+00  0.624679831830841E-02  0.978649867230002E+00  0.857744335276405E+00 -0.504648839954563E+00  0.980010389422057E-01
 0.172271350325705E+00  0.269227273635661E+00  0.947543802147250E+00  0.457113297809622E+00  0.599556646389626E+00  0.656946923834519E+00
 0.308313874780323E+00 -0.284313897354800E+00  0.907804033031837E+00 -0.735179425802114E+00  0.530560828131513E+00 -0.421919920754729E+00
-0.174636770618045E+00  0.134627771824552E+00  0.975385750050541E+00 -0.689572353142556E-01 -0.237151744225999E+00 -0.969022161722002E+00
-0.921269869144587E-01  0.180557158723342E+00  0.979240384540904E+00  0.393451224971455E+00 -0.902842904211056E-01 -0.914901568733828E+00
-0.354913506131807E-01 -0.327130131445909E+00  0.944312575968273E+00  0.188263400055004E+00  0.801846268893779E+00 -0.567097393100034E+00
-0.339662819532011E+00  0.283777004135574E+00  0.896716109452375E+00 -0.535389486161291E+00  0.559588181753641E+00  0.632628773412657E+00
 0.178507278161597E+00  0.171559963591059E+00  0.968866518430673E+00 -0.725212674370328E+00 -0.666055351713382E+00 -0.174461587137681E+00
-0.191216780278146E+00 -0.161435148575201E+00  0.968181199850814E+00  0.382219488430567E+00 -0.534950146202514E-01 -0.922521840432331E+00
-0.627688930518159E-02  0.160597794360532E-01  0.999851331021325E+00  0.115494944329293E+00  0.503215125024880E-01  0.992032591810287E+00
 0.310771206162794E+00  0.125078489485142E+00  0.942218992001455E+00  0.398681442910284E+00  0.156650256733178E+00  0.903611533870835E+00
-0.228125320800956E+00 -0.281492857149460E-01  0.973224771429087E+00 -0.762398781404293E+00  0.504181216875329E+00 -0.405646889133101E+00
-0.680710277902835E-01  0.197727895500161E+00  0.977890594349210E+00  0.704350841644679E-02 -0.762889550581509E-02  0.999946093018293E+00
 0.600539418569632E-01  0.314686853873066E+00  0.947293886851864E+00  0.484018597972501E+00 -0.550422703205329E+00 -0.680265275177906E+00
 0.233978760748421E+00  0.590715650086671E-01  0.970445510951573E+00 -0.181785903594129E+00 -0.500689150284666E-02 -0.983325386783004E+00
 0.367095469904071E+00 -0.342784614468801E+00  0.864719390357002E+00  0.719154439909523E+00 -0.572902960426103E-01  0.692484450033190E+00
 0.121062095327594E+00 -0.328155601767737E+00  0.936833960797401E+00  0.427363249574106E+00  0.204725794693323E+00  0.880595254302820E+00
 0.773745476970404E-02 -0.148162763167943E+00  0.988932721373970E+00 -0.568027554819473E-02  0.193283986836671E-01 -0.999797053143298E+00
-0.915748589557030E-02 -0.777222476509501E-01  0.996932993070325E+00 -0.462207106046674E+00  0.440368430539490E+00  0.769701394375861E+00
 0.547351675684141E-01  0.795797652758724E-01  0.995324631660392E+00  0.718726272828201E-01 -0.574229275137749E-01  0.995759475397153E+00
-0.207427947536345E-01 -0.262753035342288E+00  0.964640129211004E+00  0.543265302282360E-01  0.338657148299323E-01 -0.997948766957712E+00
 0.161960510788399E+00  0.254192282439693E+00  0.953496238321505E+00  0.321658655660429E+00  0.464034981099967E+00  0.825352800658167E+00
 0.689788764901438E+00 -0.330775124825735E-02  0.724003120571609E+00  0.866270731291591E+00  0.234742979642143E+00  0.440988382631857E+00
-0.118523847046275E+00 -0.152830313767422E+00  0.981119255174978E+00  0.278914963733847E+00 -0.937773127705089E-01  0.955726037426463E+00
-0.284092985224857E-01  0.111345825526392E+00  0.993375567897312E+00 -0.944993025913184E+00  0.747626161016735E-01  0.318431675888375E+00
-0.166132252664402E+00 -0.185277820993303E+00  0.968541276184255E+00 -0.538635919940669E+00 -0.199345330870206E+00  0.818616384401093E+00
 0.373596749469071E+00 -0.336370335476866E+00  0.864453854290283E+00 -0.493885134281091E+00  0.594384504249619E+00 -0.634653082592437E+00
-0.121398178996943E+00  0.101122761032231E+00  0.987439450972790E+00 -0.409919747591947E+00  0.383528485861791E+00  0.827569756012577E+00
-0.416212992912836E-01 -0.382750911726749E+00  0.922913542547539E+00 -0.151850750644401E+00  0.662500218914722E+00 -0.733508561277016E+00
 0.635769216291105E-01 -0.209987237003591E+00  0.975634837083918E+00 -0.770738391089676E-01 -0.189668675212316E-02 -0.997023583424369E+00
-0.265189477060479E+00  0.639520242931553E-01  0.962073115644127E+00 -0.853398979986299E+00 -0.216506296728702E+00  0.474167907428548E+00
 0.261168816624821E+00 -0.488014712301524E-01  0.964058745942675E+00 -0.723352811336590E+00  0.881986650013480E-01 -0.684822389984024E+00
 0.219880321480399E+00  0.193686523437366E+00  0.956105734144725E+00 -0.409307086796932E+00  0.480141924159364E-01 -0.911132452514152E+00
 0.248452244732192E-01 -0.464961135172712E+00  0.884982405248702E+00  0.175327933664392E-01  0.855342935293293E+00 -0.517765452884434E+00
 0.278490446680375E-01 -0.103521072647739E+00  0.994237304786407E+00 -0.100326995140951E+00 -0.316880030983072E+00 -0.943144495827736E+00
-0.347900059565417E+00  0.148330442447482E+00  0.925723300126832E+00  0.824276741947618E+00 -0.485822132261278E+00 -0.290765727845160E+00
-0.359118282370776E+00  0.402120705507325E-01  0.932425358218601E+00  0.547009157133500E+00 -0.407459268979797E+00 -0.731271444905753E+00
-0.877711593086796E-01 -0.199174609328095E+00  0.976025460012499E+00 -0.196538889727666E+00 -0.171290935567996E+00  0.965417982128392E+00
-0.125889805690412E+00 -0.626558674574714E-02  0.992024444883271E+00  0.193577891850258E+00  0.155526926127415E+00 -0.968678984512500E+00
 0.135953137525348E+00 -0.104466978825722E+00  0.985192059819830E+00  0.124323115448903E+00  0.145681283401790E+00  0.981489035410731E+00
 0.306490822212230E+00 -0.345087603683360E+00  0.887117760888456E+00 -0.635641311171977E+00  0.462631987648353E+00 -0.618006284382371E+00
-0.144463874727182E+00 -0.634248138317741E+00  0.759512664765564E+00  0.462821146451779E-01 -0.991682544885717E+00  0.120098692886134E+00
 0.286385996067753E-01 -0.900973323269246E-01  0.995521120479186E+00 -0.323352532158955E+00  0.273687072284801E-01  0.945882706159191E+00
 0.291892889765589E+00 -0.431764597563456E+00  0.853450568688756E+00  0.387746967128465E+00 -0.822342010006039E+00  0.416420350201458E+00
-0.107246563080435E+00 -0.146068730490789E+00  0.983443999768286E+00 -0.798695273666715E+00  0.988698352646043E-01  0.593557592401278E+00
 0.486936022239231E-01  0.295769678376185E-01  0.998375748942246E+00 -0.104196891101860E+00  0.477523486596931E+00 -0.872418665339651E+00
 0.330133140858377E+00 -0.156458794291622E+00  0.930877411368326E+00  0.732051249479288E+00 -0.207865543038910E+00  0.648762579186679E+00
 0.726976789946288E-01 -0.304153298511727E+00  0.949845154998029E+00  0.415042107156975E-01  0.137393143411375E-01  0.999043858764120E+00
-0.647214807419449E-01 -0.133421357972524E+00  0.988943815981139E+00 -0.147808523143099E+00 -0.240379705881881E+00  0.959359284880485E+00
-0.565489080303053E-01 -0.692491195463953E-02  0.998375814307919E+00 -0.677273330753176E+00 -0.523675434601340E+00  0.516783198880920E+00
 0.359301410264166E+00 -0.656165870104985E-01  0.930911897061841E+00  0.970820735810965E+00  0.174029876139493E+00  0.164986972607926E+00
 0.136679895718024E+00  0.238413290595745E+00  0.961497638569029E+00  0.128523146266651E+00 -0.991105881107416E+00 -0.345099015937895E-01
-0.391581042783654E-01 -0.216394203775312E+00  0.975520472077226E+00  0.470496681344578E+00  0.877422551634944E+00 -0.936084329863683E-01
 0.356054849069196E-01  0.420541315988883E-01  0.998480695587054E+00 -0.943793872472280E-01  0.150261356694476E-01 -0.995422898324969E+00
 0.184736104417141E-01 -0.386956781554498E-02  0.999821860214193E+00  0.488151476608944E+00 -0.842940059791745E+00  0.226186187648134E+00
-0.184331234861067E+00 -0.416975768543943E+00  0.890029889555279E+00 -0.170161791367191E+00 -0.924990059510741E+00  0.339762202967051E+00
 0.336883056831382E-01 -0.528811217590984E+00  0.848070630437194E+00  0.263811048078800E+00 -0.844901272738082E+00  0.465344571513555E+00
 0.239162326877332E+00 -0.813889821661456E-01  0.967562512184396E+00  0.695687802732786E+00 -0.117879991859767E+00  0.708606229614142E+00
-0.169694263670334E+00  0.225264813900486E+00  0.959405868491413E+00 -0.467089533533533E+00  0.636239193954672E+00  0.614025289169213E+00
-0.302092389312011E+00 -0.571415843358058E-01  0.951564515763043E+00 -0.494380230197682E+00  0.316240727278705E+00  0.809678942791476E+00
-0.226065513612208E-01 -0.912361004629077E-01  0.995572658226347E+00  0.262504705013796E+00  0.800969009812197E-01 -0.961600627235041E+00
 0.271482518828794E+00  0.687573576575633E-01  0.959984201817053E+00 -0.369992430778424E+00 -0.114618959065025E+00 -0.921937142862529E+00
-0.257594035513576E+00  0.185423780669847E+00  0.948294961723372E+00  0.478375687988372E+00 -0.495247977212625E+00 -0.725180075711168E+00
 0.190289838022682E+00 -0.814744162600148E-01  0.978341298852497E+00  0.113529097786174E+00 -0.927678320602963E-01 -0.989194254578286E+00
 0.185331349452266E-01 -0.921693290303003E-01  0.995570860207955E+00  0.104770436316720E+00 -0.523925670056143E-01 -0.993115388359563E+00
 0.635300443687778E+00  0.187691616616501E+00  0.749109607001537E+00  0.850313681450305E+00  0.422903762956986E+00  0.313239605438473E+00
-0.905983443293588E-01 -0.242639186998898E+00  0.965876889120603E+00 -0.134171081852002E+00 -0.627315350612002E+00  0.767120311086341E+00
 0.328979160845459E+00 -0.338247684053563E+00  0.881680903707128E+00 -0.840232113106471E+00  0.522845909362094E+00 -0.143673766457069E+00
 0.372049790148113E+00 -0.318822198113643E+00  0.871740419873215E+00 -0.476275365129776E+00  0.557762844923664E+00 -0.679751708635704E+00
 0.114773449621722E+00  0.139606274468765E+00  0.983532990494412E+00  0.658508624528346E+00  0.477655565610371E+00 -0.581559585995470E+00
-0.320996290923344E+00  0.352042226877404E+00  0.879219910891840E+00  0.373882051823905E+00 -0.926803286930388E+00 -0.353253260278833E-01
 0.457307835252518E-01 -0.218283917719493E+00  0.974813226573786E+00 -0.241159111735817E+00 -0.948285169647407E+00  0.206391666143718E+00
-0.147498755895494E+00 -0.264404997710526E+00  0.953065640024326E+00 -0.182811518800431E+00 -0.975468267974470E+00  0.122644228436431E+00
-0.885251874723045E-01  0.547304209122228E-01  0.994569189252193E+00 -0.283181580278684E+00  0.888817971669706E+00  0.360292666908191E+00
 0.103143577863079E+00  0.371554743310237E+00  0.922663793084603E+00  0.435641182079077E+00  0.562707749741180E+00  0.702550175331244E+00
-0.453035556049860E+00 -0.178278698640913E+00  0.873484682501930E+00  0.923130143342318E+00 -0.511224894787113E-01 -0.381073784879372E+00
-0.227145337495740E+00 -0.453881704089426E+00  0.861624276785900E+00  0.389472672986096E+00  0.771613459675250E+00 -0.502915207410809E+00
-0.330356027211857E+00  0.495653708735074E-01  0.942554067040703E+00  0.859194670443937E+00 -0.320599593653367E+00 -0.398748565928494E+00
 0.285855780756683E-01  0.276536598521083E-01  0.999208756878593E+00 -0.110679589283056E+00 -0.797562787238733E+00 -0.592995471254308E+00
 0.154563749887530E+00  0.263108880027158E+00  0.952304449465380E+00  0.751824260852087E+00  0.190647943676322E+00  0.631200160302739E+00
 0.458062261861232E+00 -0.635888788872777E-01  0.886642779669711E+00 -0.731446783030118E+00  0.373358533257830E+00 -0.570604073976391E+00
-0.533515585702710E-01  0.992042496339955E-01  0.993635812585617E+00 -0.172960880056210E+00  0.306713213360216E+00  0.935954880707629E+00
 0.202510795793804E+00 -0.221952279623063E+00  0.953795870801025E+00 -0.175311304349481E+00  0.184570136382211E+00 -0.967057294746871E+00
 0.184763314586680E+00 -0.243249117546067E-01  0.982481967392315E+00 -0.459284243938160E-01 -0.947060460818724E+00  0.317753148507654E+00
 0.318970237875078E+00 -0.309231691263057E+00  0.895898291363760E+00 -0.204006455591406E+00  0.457026582527415E+00 -0.865741340667260E+00
-0.181733127468045E+00 -0.179687803140698E+00  0.966791272086769E+00 -0.175450733304921E+00 -0.246513754624066E+00  0.953125389948202E+00
-0.586551978766197E-02  0.272755632410768E+00  0.962065465893991E+00  0.535847221306984E+00 -0.838510157982365E+00  0.988355724320634E-01
 0.206718183616168E+00 -0.219031934594837E+00  0.953568353181918E+00 -0.747739110121744E+00  0.464437110848331E+00 -0.474535976782791E+00
 0.106720778609970E+00 -0.134053001804395E+00  0.985210874950187E+00  0.382520812341508E+00  0.482346901674872E-01  0.922686969014974E+00
 0.240209081195604E+00  0.742946399858461E-01  0.967873909029755E+00 -0.834044734368185E+00 -0.550680728836623E+00 -0.334681335103844E-01
 0.232116767333841E+00  0.105153516801127E-01  0.972631088183763E+00 -0.532888229095526E+00  0.500890409961619E+00 -0.682010947492718E+00
 0.369207307057563E-02 -0.372932318934245E+00  0.927851202559316E+00 -0.353816380848281E+00  0.431256447409813E+00 -0.829958941882604E+00
-0.243796700974434E-01  0.865945189472547E-01  0.995945290151138E+00 -0.199609135710614E-02 -0.388779076434166E-01  0.999241974657072E+00
 0.339196533094036E-01  0.304375302644806E+00  0.951948072249350E+00 -0.137601292229743E+00 -0.593103924668255E+00 -0.793280290263043E+00
 0.155145514470691E-01  0.183253094838045E+00  0.982943336070638E+00  0.103356421858701E+00  0.110317908282820E+00  0.988507667735900E+00
-0.227382756549896E+00 -0.535477746198812E-01  0.972332102656818E+00  0.292391257710411E+00  0.107200247665026E+00 -0.950271255650239E+00
 0.349317505542167E+00  0.227737365056225E-01  0.936727621695534E+00  0.441332508277794E-01 -0.126625187892282E-01  0.998945402306495E+00
 0.400363540152202E+00 -0.121641055617559E+00  0.908246931899603E+00  0.758142134416403E+00 -0.509465901529057E+00  0.407019654564403E+00
-0.116551924096571E+00 -0.331397271178627E+00  0.936264651498040E+00  0.511390098227583E+00  0.790351915116054E+00 -0.337378152385672E+00
 0.189672748744856E+00  0.797184229248097E-01  0.978605753830393E+00 -0.239203881030088E+00  0.603616697387963E-01 -0.969091312584365E+00
 0.608669166286507E-01  0.251853099561052E+00  0.965849488637651E+00  0.216076243899380E+00  0.653027885207983E+00  0.725855108105691E+00
 0.307423050307177E+00 -0.234467135581966E+00  0.922234368515845E+00 -0.871872131825841E+00  0.394011383608175E+00 -0.290850503407911E+00
 0.494490497765451E+00 -0.180347976386655E+00  0.850266872830475E+00  0.769815755303178E+00 -0.191621341260373E+00  0.608822605083430E+00
 0.364342191600213E+00 -0.155935902802923E+00  0.918116965117730E+00 -0.389173688770460E+00  0.180175676367442E+00 -0.903371775967308E+00
 0.423005442986361E+00  0.275200306125668E+00  0.863325655075911E+00 -0.514376962943728E+00 -0.853337724223476E+00 -0.850356890363444E-01
-0.842193823261208E-01  0.213517041381849E+00  0.973302403510927E+00 -0.187947922084965E+00  0.458711475548429E+00  0.868481065299714E+00
 0.373782336349270E+00  0.195198127504286E+00  0.906743875662859E+00 -0.922741964497831E+00 -0.377348529751501E+00 -0.784560644505244E-01
-0.260000069877871E+00  0.786843054115501E-01  0.962397393879163E+00 -0.104449156147811E-02  0.334709690025921E-02  0.999993852970966E+00
-0.720236088094181E-01  0.195072439604688E+00  0.978140758316892E+00 -0.638067184952308E+00  0.768941398352567E+00 -0.399924166141022E-01
-0.570566235438119E-01 -0.387033047332405E-01  0.997620466867288E+00  0.999213454463331E+00  0.367882499962747E-01  0.148019283091259E-01
 0.581643127676038E-01  0.101450820616302E+00  0.993138783713813E+00  0.111451471193360E+00 -0.867722346839151E-02 -0.993731993729554E+00
-0.611169472164663E-01 -0.579029182460257E-01  0.996449683035493E+00 -0.609702305018556E-02 -0.148550127394456E-01  0.999871069141635E+00
 0.155576466971422E+00  0.288688273062357E+00  0.944698387804787E+00 -0.370169614061882E+00 -0.599527811659788E+00 -0.709606130097326E+00
-0.210173437399183E+00  0.171638910128761E+00  0.962479719652120E+00  0.476627175760675E+00  0.874589763571043E+00 -0.889903409542262E-01
 0.388510689978395E+00 -0.275784252463989E+00  0.879205601588951E+00  0.919122968724073E+00 -0.169885290630581E+00  0.355460203667316E+00
-0.230081961734110E-01  0.375949221205223E-01  0.999028150123708E+00 -0.961888060832191E+00 -0.867741579737464E-01 -0.259309860854604E+00
-0.112287716147939E+00 -0.302058800911152E+00  0.946653024922224E+00  0.745163241058584E+00  0.666671037740995E+00  0.167771157357923E-01
-0.397906694642286E+00 -0.304947327773130E+00  0.865261457388966E+00 -0.144062642777415E+00 -0.546061684315124E+00  0.825265164585854E+00
 0.119472281272712E-01  0.171578392121092E+00  0.985098025120960E+00 -0.355459824414986E+00  0.663884360838557E+00  0.657955825767086E+00
 0.177992780415787E-01  0.307309752878568E+00  0.951443062661614E+00 -0.565934733658255E+00  0.673222870683068E+00  0.475908440383663E+00
-0.324919246986821E-01  0.375376450933205E+00  0.926302755536313E+00  0.644697600684949E-01  0.828771120137385E+00  0.555861565916312E+00
-0.141514505638805E+00 -0.161372409447584E+00  0.976694727211571E+00  0.423503629522013E+00  0.583602058293436E+00 -0.692858797546330E+00
-0.328543875268622E+00  0.445506333454224E+00  0.832816323612626E+00 -0.235801617548602E+00  0.444868839142615E+00  0.863996130269902E+00
 0.100387115476598E+00  0.303367433962124E+00  0.947570908722679E+00  0.376751085115182E-01  0.414348899420042E-01  0.998430636596323E+00
 0.105841975031050E+00 -0.316898344711053E+00  0.942535365618140E+00 -0.479255584707498E+00  0.697276231795957E+00 -0.533029024631028E+00
-0.104960120304665E-01  0.301931750854015E-01  0.999488972380245E+00  0.497541938556651E-01  0.713261097310603E-01  0.996211376297423E+00
 0.537753689892790E-01 -0.689040963925043E-01  0.996172894225897E+00  0.191946218369194E-01 -0.110647922849658E+00 -0.993674294556116E+00
-0.255588117079909E+00  0.398085087843671E+00  0.881023823312425E+00  0.706121292195034E+00 -0.541669170864117E+00 -0.456056169834588E+00
 0.224502679814933E+00 -0.275364529945149E+00  0.934758216013104E+00 -0.702612879147050E+00  0.438800073211911E+00 -0.560169293879908E+00
 0.268106790796751E+00  0.383955893641287E+00  0.883570382293787E+00  0.323534132010421E+00  0.833882668531696E+00  0.447174865736796E+00
 0.669357565673954E-01 -0.359674784414713E+00  0.930673763436458E+00 -0.259406515577689E+00  0.932736776534245E+00 -0.250420377318518E+00
 0.117070605589653E+00  0.357432031237794E-01  0.992480174480742E+00  0.626187761501473E-01  0.387501426745732E+00 -0.919739926905144E+00
-0.402642112733901E-01  0.117948602809120E+00  0.992203064088147E+00  0.214674768654829E+00 -0.328990767017932E-01 -0.976131340781129E+00
 0.479431029746984E+00 -0.936062134883147E-02  0.877529638521520E+00  0.995313438200411E+00 -0.648210520427608E-02 -0.964838952872303E-01
 0.504261381456550E+00  0.358323888294986E+00  0.785699974703254E+00  0.862085627615669E+00  0.405906498172246E+00  0.303394603445812E+00
 0.518497442614463E-01  0.269977975123202E-01  0.998289899252470E+00 -0.111002245255760E+00 -0.565291175016493E-01 -0.992211147096557E+00
-0.191736190913825E+00  0.337755568984719E+00  0.921497915740272E+00 -0.964167262349785E-01  0.901626753060308E+00  0.421631371067258E+00
-0.100409518813550E+00  0.140249034563433E+00  0.985011744516611E+00  0.139724555394596E+00 -0.393793906946722E+00 -0.908517147593494E+00
 0.308372121698415E+00 -0.130876396024007E+00  0.942219721467867E+00 -0.692219528432527E+00  0.133593389510451E+00 -0.709214305224986E+00
-0.983751651201548E-01  0.658088815880418E-01  0.992971055968760E+00 -0.719876807036973E+00  0.564627969079782E-01  0.691801514349008E+00
 0.170267604227067E+00 -0.442312180477209E-01  0.984404663896301E+00  0.218121630983175E+00 -0.436917042497908E+00  0.872654829856640E+00
-0.136828063695531E+00 -0.853758954619437E-01  0.986908829355277E+00  0.737799223492151E+00 -0.979759531110540E-01 -0.667872007518177E+00
 0.200156526963384E+00 -0.225382790812194E-01  0.979504665986851E+00  0.150653821900845E+00 -0.594426012222955E-01 -0.986797853213411E+00
-0.164725391656554E+00 -0.328961257102904E+00  0.929865601401016E+00  0.981154886553731E+00 -0.164506615949100E+00 -0.101354141014122E+00
-0.988814932168472E-01  0.566766802230642E-03  0.995099054905891E+00  0.583912766516016E-02  0.149903950470970E+00  0.988683321504569E+00
-0.142913512038248E+00 -0.355509333504870E+00  0.923682219092593E+00 -0.103829247209464E+00  0.873737579447331E+00 -0.475186415720646E+00
 0.129131445066881E+00 -0.143699859274484E+00  0.981160241927603E+00 -0.850929806102647E+00  0.250299454017701E+00 -0.461810186553472E+00
 0.244556016867695E+00 -0.274533571078012E+00  0.929958963054264E+00  0.256952725123406E+00 -0.615950073538677E+00  0.744701822180767E+00
-0.115555621155490E+00  0.274440119696290E+00  0.954635804440864E+00  0.187782925280449E-02 -0.315960093803862E+00  0.948770621847426E+00
 0.105252637248530E+00 -0.483521661810233E+00  0.868981406540152E+00 -0.123116780441051E-01 -0.725237630376568E+00  0.688388554574754E+00
-0.525892894768788E+00  0.202086811839203E+00  0.826194640331424E+00 -0.980794141776893E+00  0.112663349698328E+00  0.159216271438823E+00
 0.173401098026487E+00 -0.162935463533710E-01  0.984716497043915E+00 -0.759845708906266E-01 -0.118290867428059E+00 -0.990067480361659E+00
-0.646934387927857E-01 -0.116753295368321E+00  0.991051677258962E+00  0.769877900086845E-02 -0.120641888515166E+00  0.992666239748985E+00
 0.235783887407624E+00 -0.203157828664213E-02  0.971803391190118E+00  0.719643300118295E+00  0.600674326264767E+00  0.348287057412729E+00
-0.291132194886866E+00  0.186833134166374E+00  0.938261917098805E+00 -0.717865097912655E-01  0.722128505699943E+00  0.688024068087415E+00
 0.278149872148197E-01 -0.543942756507949E+00  0.838661197462225E+00  0.321570629343574E+00 -0.374037662644545E+00  0.869878242782853E+00
 0.371366038882611E+00  0.174101479630191E+00  0.912017510772253E+00  0.824045246089474E+00 -0.522082675390358E+00  0.219952523183036E+00
-0.107496220093221E+00  0.252383486847526E-01  0.993885098198648E+00 -0.446227465645088E+00 -0.141354974350455E-01  0.894807932808056E+00
 0.241200363871472E+00  0.476709894620164E-01  0.969303802340619E+00  0.865573762683048E+00 -0.188525049035765E+00  0.463940047032775E+00
-0.337946054156433E-03  0.309116446276755E+00  0.951024136619936E+00 -0.281575826870458E-01  0.798994302861246E+00  0.600678994582376E+00
 0.108896196618343E+00  0.329963201325521E+00  0.937691795918612E+00 -0.781901741730006E+00 -0.614751965603881E+00  0.103487617934456E+00
-0.158794722518748E+00  0.269900139499974E+00  0.949704243855996E+00 -0.127547936887903E+00  0.111169054481364E+00 -0.985582551144935E+00
 0.368143591056737E-01 -0.463879238550514E-01  0.998244891539174E+00  0.380094369283119E+00  0.162058666575897E+00 -0.910640027138556E+00
 0.173513558601793E+00 -0.519178859669745E-01  0.983462036937910E+00 -0.224734481236523E-02  0.108652952728370E-01  0.999938445505486E+00
-0.200463706275646E+00  0.204847366606380E+00  0.958045854257855E+00 -0.846024596618139E+00 -0.401103773775119E+00  0.351223781342428E+00
 0.337265696710403E+00 -0.745899275451161E-01  0.938449888130027E+00 -0.296476648668983E+00  0.690581424725651E+00 -0.659696060787010E+00
 0.178909918273731E+00  0.163555289914828E+00  0.970175710005236E+00 -0.255745728055431E+00  0.273452441613570E+00 -0.927263654392306E+00
-0.184961726270410E+00 -0.443092770991137E+00  0.877187526194066E+00 -0.448953430194367E+00 -0.767591585282474E+00  0.457431935614742E+00
 0.940473636285057E-01  0.202027201806997E+00  0.974853888090191E+00  0.903710022123469E+00 -0.351062384675171E+00  0.245078350695818E+00
 0.696227592063862E+00 -0.187754096760156E+00  0.692831537387506E+00  0.834914528895581E+00 -0.320158107543196E+00  0.447679031911736E+00
-0.392675064217775E+00 -0.925862337815873E-01  0.915004963514246E+00  0.349981688462890E+00  0.323216563996923E+00 -0.879229134241290E+00
-0.234988708590186E+00  0.278702744892911E+00  0.931184775876557E+00 -0.554008381947525E+00  0.416843558608068E+00  0.720635941636862E+00
 0.590576804989286E-01  0.942818768358901E-01  0.993792291213002E+00  0.341649102557410E+00  0.258227508871703E+00  0.903656153845937E+00
 0.495356583768735E-01  0.577983163821174E-01  0.997098577459903E+00  0.915062387687285E+00 -0.382287178414787E+00 -0.128519803375612E+00
 0.343730824729934E+00 -0.922361457888014E-01  0.934527481426045E+00  0.730926841087802E+00  0.414527431551116E+00  0.542137400913313E+00
 0.157873480093871E+00 -0.583557565429242E+00  0.796578013827489E+00  0.259555356292311E+00 -0.659221007880417E+00  0.705732725462763E+00
-0.360021140403117E-01  0.103532312648122E+00  0.993974299477788E+00  0.512678211049110E+00 -0.101679823730514E+00  0.852538717807945E+00
 0.739982978179578E-01  0.322000827509974E-01  0.996738384226710E+00  0.368479735243130E+00  0.143707502479996E+00 -0.918461125168678E+00
-0.977439743963485E-01  0.195628367022995E+00  0.975794884945152E+00 -0.480428736663643E+00  0.549850748030508E+00  0.683265968622810E+00
 0.366973481176916E+00 -0.423072915162544E+00  0.828456258693700E+00  0.671832926116083E+00 -0.729558312391304E+00  0.128004641349660E+00
 0.250886602846513E+00  0.536485936179742E-01  0.966528706720576E+00  0.655428350952536E+00  0.118893922150432E+00  0.745840406550441E+00
 0.217741898463895E+00 -0.538227126780346E-01  0.974521206158859E+00  0.509333317351838E+00 -0.886921902939524E-01  0.855986721401818E+00
-0.568877685922696E+00  0.601505048964187E-01  0.820219540866922E+00 -0.906107946770947E+00  0.348563813348244E+00  0.239732469270789E+00
 0.526463757304231E+00  0.529647373219727E-02  0.850181074601826E+00 -0.699973690190358E+00  0.170211927093749E+00 -0.693588302176676E+00
 0.128936644899683E+00 -0.543675842768208E+00  0.829332213043900E+00  0.331522351659457E+00 -0.911869688405755E+00  0.242046693257675E+00
 0.171918395371430E-01 -0.101900966551604E+00  0.994645984091414E+00 -0.174930349571626E+00 -0.236645326767113E+00  0.955718767273111E+00
 0.487992006737139E+00 -0.841663129038348E-01  0.868780658816041E+00  0.834606568349399E+00  0.403505791813619E-02  0.550831729637679E+00
 0.137698549469120E+00 -0.371583185862111E+00  0.918131278989374E+00  0.384807746845553E+00 -0.857935024688430E+00  0.340397549022481E+00
-0.394267558526071E-01 -0.229452193020576E-01  0.998958982057882E+00 -0.423988200465475E+00 -0.144988310215476E+00  0.893986798429881E+00
 0.295368274641945E+00  0.548160199910394E-01  0.953809617422357E+00  0.834181102660428E+00 -0.232250189453894E+00  0.500201696781272E+00
 0.322288280288764E+00 -0.468224469261095E-01  0.945482904579645E+00  0.613339258738861E+00 -0.343985316620862E+00  0.710977535256150E+00
 0.689651313728576E-01  0.385945193736463E+00  0.919940279630395E+00  0.599294314117966E+00  0.766882490156843E+00  0.229646622785347E+00
-0.735556163430000E-01 -0.952477618481729E-01  0.992732307909496E+00 -0.168966737628021E+00 -0.715562931809542E-01 -0.983020823015232E+00
 0.704150496099619E-01 -0.185012213526563E+00  0.980210284395358E+00  0.282812953440721E+00  0.936580180478722E+00 -0.206964728638919E+00
 0.275731281713466E+00  0.194002763198074E+00  0.941453763153646E+00  0.164107007444732E-01  0.408142790368651E-01  0.999031973225970E+00
 0.516395204584543E+00 -0.193093605432561E-01  0.856132665699364E+00 -0.739423182392354E+00  0.348139079323301E+00 -0.576240001031418E+00
 0.154799913429883E+00 -0.125360365135951E+00  0.979960083704985E+00  0.235950400875208E+00 -0.301081110953542E+00  0.923946737076229E+00
 0.280228173129272E+00 -0.379131054258540E+00  0.881891044676970E+00 -0.676085611670807E+00  0.454397213464738E+00 -0.580027083925564E+00
 0.129033135576197E+00  0.319972964879994E+00  0.938598823603184E+00  0.301632301169280E+00  0.876485289924544E+00  0.375221922916577E+00
-0.810653961782308E-01  0.224150582157954E+00  0.971177078632273E+00 -0.408217490753604E+00  0.721755224059190E+00  0.558952481688828E+00
-0.852170091787477E-01 -0.210460620426044E+00  0.973881095717806E+00 -0.491817869809629E+00 -0.357804729422198E+00  0.793782689745138E+00
 0.284490493078612E+00  0.328641666485373E+00  0.900588593308623E+00  0.643763084231691E+00  0.724954450685155E+00  0.244969663044805E+00
 0.134067951495671E+00  0.316218642689276E+00  0.939165349870568E+00 -0.320605107646463E+00 -0.583153767147435E+00 -0.746420825548668E+00
-0.210461980776936E+00  0.377708071562576E-01  0.976872110756681E+00 -0.584845857462642E+00  0.451435819757011E+00  0.673914700573525E+00
-0.154405908101475E+00  0.198457158483346E+00  0.967870637941908E+00  0.524321945208791E+00 -0.665557721424937E-01 -0.848915088196096E+00
-0.193022386570199E-01 -0.437351636340663E+00  0.899083405348454E+00 -0.203675315355271E+00  0.610778202778229E+00 -0.765157730749633E+00
 0.821107388813859E-01  0.569785475035289E-02  0.996606924023507E+00  0.369858539216327E-02 -0.164026055087975E-02 -0.999991814972214E+00
 0.714338352641910E-01  0.110249196588922E+00  0.991333607738054E+00 -0.877490151332430E-01  0.471977410743208E-01  0.995023860809693E+00
 0.118334449315171E+00  0.102576084705802E+00  0.987661432350025E+00 -0.923600723257058E+00 -0.151824595450819E-01 -0.383055083403420E+00
-0.262776048832055E+00 -0.369987047896656E+00  0.891099507658338E+00 -0.529414781029919E+00 -0.668574246600533E+00  0.522234110729635E+00
 0.481716229889072E+00  0.249916389926353E+00  0.839935278404019E+00  0.933118286109231E+00  0.140915146963855E+00  0.330806870371107E+00
-0.111150757007514E+00 -0.739770100828864E-01  0.991046371869578E+00 -0.677460592381674E-01 -0.142778251374442E+00 -0.987433462260701E+00
-0.153187946262698E+00  0.479631866938956E+00  0.863994632701193E+00  0.164195037590536E+00  0.694007594903427E+00  0.700994613279591E+00
 0.108742032759001E-01  0.515212813356485E+00  0.856993295572614E+00  0.211711817710638E+00 -0.924816262586788E+00 -0.316058517835958E+00
-0.287339084996712E-01 -0.237833437426885E-01  0.999304115403689E+00 -0.869017893609236E+00 -0.268787352491143E+00 -0.415404934645423E+00
 0.273660978740406E+00  0.833545958139890E-01  0.958207534969085E+00  0.433652377615560E+00  0.614401051504399E-01  0.898983163839832E+00
 0.300480822447146E+00 -0.891934983747960E-01  0.949608232477558E+00 -0.950744407103274E+00 -0.821229517429785E-01 -0.298899469987592E+00
 0.937324219495148E-01  0.650533308098610E-01  0.993469827033524E+00  0.732833110079430E+00  0.590881207480941E+00 -0.337364834292455E+00
-0.220730674957558E+00  0.852158311305714E-01  0.971604976962092E+00 -0.192002748606960E+00  0.572980480745543E+00  0.796761139371128E+00
-0.246477398381728E+00  0.574782279260273E-01  0.967442579898910E+00 -0.174652313396517E+00  0.415768563881569E+00  0.892543035776484E+00
-0.185101396126574E+00 -0.413912855879036E+00  0.891298839273368E+00 -0.139664066698261E+00 -0.722247775314440E+00  0.677386226259913E+00
 0.291276197336068E+00 -0.379875362013188E-01  0.955884472077454E+00 -0.506023654170045E-01  0.191194587753479E+00 -0.980246923090290E+00
-0.329332535831724E+00  0.280283661480917E+00  0.901654673336470E+00  0.247715187694802E+00  0.183988544966858E+00 -0.951202082160414E+00
-0.769570001446004E-01  0.243406854668244E+00  0.966866445394221E+00  0.286265601128369E+00  0.864724766314029E+00  0.412677942388203E+00
 0.157622422836204E+00  0.109052515665758E+00  0.981459484974400E+00 -0.992909541406859E+00  0.387905790676960E-02 -0.118809071593781E+00
-0.410067949184816E-02  0.134589209743526E+00  0.990892995761055E+00  0.769423588610490E+00  0.597544754677705E+00  0.225671459088022E+00
-0.349740624024401E-02 -0.146491384320396E-01  0.999886579014235E+00  0.172783841433642E+00  0.309939832453424E+00  0.934924084831585E+00
-0.574131724158967E-01 -0.183307825277040E-01  0.998182202829255E+00  0.167614249188362E+00 -0.645213227833758E+00 -0.745389397628760E+00
-0.201949263724888E+00  0.479355952157989E+00  0.854069298131998E+00 -0.808592140789566E-01  0.693357810475838E+00  0.716042410860338E+00
 0.231644243707354E+00  0.588772948534654E+00  0.774394834326171E+00  0.358915488251932E+00  0.703247089531457E+00  0.613696344586157E+00
-0.226981407733919E+00 -0.320167970920066E+00  0.919767313476651E+00  0.294901547153076E+00  0.217316030926639E+00 -0.930487410011019E+00
-0.258789510429767E+00 -0.334947507615561E-01  0.965352832369048E+00  0.305432571281656E+00 -0.228805643728213E+00 -0.924315380050767E+00
-0.508613621766369E-01 -0.207009027545787E+00  0.977016061460652E+00 -0.350396509797522E-01 -0.245498353149699E-01  0.999084345010583E+00
-0.112591555735385E+00  0.389031856653927E-01  0.992879491037140E+00 -0.695782225009349E+00  0.586955248367194E+00  0.413969360913637E+00
-0.117317328019209E+00 -0.364677421712503E+00  0.923713712488645E+00 -0.144780227713593E+00  0.633206390652284E+00 -0.760321216658004E+00
 0.357711679356763E+00  0.561226956046955E-02  0.933815215597896E+00 -0.455424171535314E+00  0.191206954794475E+00 -0.869499122725030E+00
-0.239508205363746E+00 -0.235940411502240E+00  0.941789754554376E+00  0.497089339960485E+00 -0.285729119895833E+00 -0.819305228923386E+00
-0.233801553783973E+00 -0.466011889245283E+00  0.853328631026899E+00 -0.857077938261848E-01 -0.967808494327296E+00  0.236645076824726E+00
 0.190905342258487E+00  0.227423983436466E+00  0.954899723560050E+00 -0.329071755274675E+00 -0.304931806177403E+00 -0.893716047445625E+00
-0.306751653208772E-01  0.121353447726452E+00  0.992135260414345E+00 -0.862313090720219E-01  0.580581352559552E-01  0.994582029933342E+00
-0.501801687684897E+00  0.217165792794147E+00  0.837277782266244E+00  0.939676170874806E+00 -0.733628768437608E-01 -0.334105645255014E+00
-0.584469958300895E+00  0.143083452898331E+00  0.798700189902595E+00  0.569078137594193E+00 -0.196202395124271E+00 -0.798532838059791E+00
 0.780791797680542E-01  0.363520125711600E-01  0.996284182785602E+00 -0.296485866680899E+00 -0.883866768584625E-01  0.950938445017549E+00
-0.975053987049040E-02 -0.304364754229052E+00  0.952505655287843E+00 -0.210224447244016E+00 -0.688709268702465E+00  0.693891363964320E+00
 0.119482334097667E+00 -0.327214438238915E+00  0.937365821462766E+00  0.501863156726346E+00 -0.318773366308339E-01 -0.864359420224013E+00
-0.119856434546508E+00  0.923205038759274E-01  0.988489433257581E+00  0.296306634297013E-01  0.195212717357749E+00  0.980313224824861E+00
-0.176889844034571E+00 -0.345033342176326E+00  0.921771108173856E+00  0.539264223865434E+00  0.743542168837390E+00 -0.395397445640967E+00
-0.379785958276982E-01 -0.117863977676434E-01  0.999209040735030E+00  0.241111684021884E+00 -0.182883496058246E+00 -0.953110058019348E+00
 0.256663468364073E-01 -0.516497442844419E-01  0.998335385807508E+00 -0.189735066547952E-01  0.333587060137368E-02 -0.999814421786639E+00
-0.175753829535710E+00 -0.131681788047816E-01  0.984346072512355E+00  0.486195301512842E+00 -0.197605970995001E+00 -0.851214431864239E+00
 0.149820585644657E+00  0.282280472706782E+00  0.947560830155789E+00 -0.213607232931856E+00 -0.975000554708396E+00 -0.612034995528571E-01
-0.227812622201474E+00  0.678510144616790E-01  0.971338071426323E+00  0.444471227097092E-01 -0.928420532202479E-02  0.998968596510604E+00
 0.123613621664495E-01 -0.210147525296598E+00  0.977591537574413E+00  0.255146749242460E+00 -0.364145196381097E+00  0.895711121011444E+00
-0.446715841533068E-01 -0.403555830996806E+00  0.913863852462560E+00  0.222725830699065E+00  0.797045618313483E+00 -0.561347919446300E+00
-0.102295303382617E+00 -0.236110265261942E+00  0.966326866822916E+00 -0.593578414097150E+00 -0.147089162817566E+00  0.791220225031906E+00
-0.156720453393444E+00 -0.148333389761241E+00  0.976440425714797E+00  0.489351293069783E+00 -0.828685276960168E+00 -0.271691044608358E+00
 0.162603737774003E+00 -0.237008395669274E-02  0.986688606990048E+00  0.674298752953095E+00 -0.180389305726716E+00  0.716087208477664E+00
-0.970932083026035E-01  0.168120032599644E+00  0.980973273611571E+00 -0.197117457602953E+00  0.948302056556504E+00 -0.248732622385670E+00
 0.400181300910855E-01  0.306077860618954E+00  0.951165018544594E+00  0.304874659249908E-01 -0.970410494339205E+00 -0.239528676566735E+00
 0.132698354643001E+00  0.214696142440803E-01  0.990923913496516E+00  0.357633738099409E-01  0.114208177466551E-01  0.999295024512645E+00
 0.468919732686989E-01 -0.477110361562797E-01  0.997759890891522E+00  0.561990283754256E+00  0.747878758968360E+00  0.353333104661531E+00
 0.376715622106978E-01  0.149788751576655E+00  0.988000092764020E+00 -0.184940319191864E+00 -0.872623962562364E+00 -0.452022674540968E+00
-0.122622117248375E+00 -0.629079337250334E-01  0.990457676145716E+00 -0.150851253924186E+00 -0.938475098813594E+00  0.310657992165525E+00
-0.181480442390726E+00  0.205808775202362E+00  0.961617178028434E+00  0.546153343405119E+00 -0.117444090459965E+00 -0.829411484791139E+00
 0.126521039194970E+00 -0.262804813973234E+00  0.956517671762273E+00 -0.260577237508534E+00 -0.196251391636807E+00 -0.945296194096347E+00
-0.293248301972301E+00  0.143148983145717E+00  0.945258590024290E+00 -0.572434381285142E+00  0.450478613053653E+00  0.685118893553487E+00
-0.262792141373444E+00  0.408737237672719E+00  0.873998947923872E+00 -0.314921756175732E+00  0.674110293426309E+00  0.668131424035637E+00
 0.186952355000857E+00  0.177936231592147E+00  0.966119824062429E+00 -0.804254697019629E+00 -0.589969069890076E+00  0.714904112095046E-01
 0.212240213945333E+00 -0.151750300834152E+00  0.965363111881319E+00 -0.255479136278241E+00  0.405237587454953E+00 -0.877788646907793E+00
 0.562322747031569E+00  0.169525728773967E+00  0.809354159471937E+00 -0.788575094816922E+00 -0.184560318130331E+00 -0.586589131169436E+00
-0.103202381770844E+00 -0.128859814723089E+00  0.986278062488645E+00  0.214226905157757E+00  0.976609720202244E-01 -0.971889483249301E+00
-0.187474923496323E+00 -0.186092579246121E-01  0.982093095678583E+00 -0.814454770242742E+00 -0.562925671912845E+00 -0.140634686796378E+00
-0.240534224626168E+00  0.360759827901968E+00  0.901108003158129E+00 -0.282487250215446E+00  0.946118441940736E+00  0.158306182081908E+00
-0.240005534262143E+00 -0.330155068627937E+00  0.912904690634694E+00 -0.435426555829002E+00 -0.759858751403794E+00  0.482719786619485E+00
-0.219726249713518E+00  0.114876644530662E+00  0.968774345102207E+00  0.570971521389635E+00 -0.819757446382381E+00 -0.446010186278794E-01
-0.221251521683031E+00 -0.103180938769060E+00  0.969742985552192E+00  0.925341709385167E+00  0.157508342708374E+00 -0.344867862882871E+00
 0.873676206353823E-01 -0.255316314880959E+00  0.962902112480869E+00 -0.818206825631509E+00  0.420751518035200E+00 -0.391798099231077E+00
-0.191764685223787E+00  0.540787521401341E-01  0.979949893651705E+00 -0.961597305650472E+00 -0.272255151551693E+00  0.347527584418562E-01
-0.777321671454125E-01 -0.280598452865366E+00  0.956672471873442E+00 -0.320352037005257E+00 -0.626998919020623E+00  0.710103462837320E+00
-0.350498496768623E+00 -0.679687568605011E-01  0.934093706141827E+00 -0.839474396826493E+00 -0.295764899610154E+00  0.455857281647876E+00
 0.114557543333227E+00  0.368932020798890E-02  0.993409763482249E+00  0.505793722769726E+00  0.314694591039310E+00  0.803206090849256E+00
 0.389264009983956E-01 -0.182071718114076E-01  0.999076190387871E+00 -0.360458534358555E+00  0.625142021419620E+00 -0.692291194558672E+00
-0.260308928385065E+00  0.337887475978226E+00  0.904472948948769E+00 -0.730428821101156E+00  0.666557974735213E+00  0.148910052117601E+00
-0.157300722064555E+00  0.158714370286820E+00  0.974713409932595E+00 -0.156192430367211E-01 -0.989807037998777E+00 -0.141555878631187E+00
-0.406139365975459E-01  0.136867816637593E+00  0.989756388674965E+00  0.549769614119079E+00 -0.833043225193992E+00  0.615821106308568E-01
-0.228352512467000E+00 -0.235919735669633E+00  0.944561807597353E+00 -0.304071578150209E+00 -0.658509187623132E+00  0.688408399990270E+00
-0.185668060855149E+00  0.719768180991471E-02  0.982586161389856E+00 -0.685650038008464E-02  0.689774805632189E-01  0.997594654946431E+00
 0.457547965471733E-01 -0.213971620114102E+00  0.975767720504564E+00  0.299234216674787E-03 -0.529592994968862E-02 -0.999985931693467E+00
-0.163895228886484E+00 -0.302174597858460E+00  0.939057435068444E+00  0.214510485503300E+00  0.415955894087373E+00 -0.883722776544269E+00
 0.242427774486937E+00  0.247934525468146E+00  0.937953754317449E+00  0.729806571851558E+00  0.439335976045519E+00  0.523799835657103E+00
-0.169668929045069E+00 -0.368904552371443E+00  0.913850034609796E+00 -0.293986495418642E+00 -0.720123723942759E+00  0.628485292370695E+00
-0.906321709811770E-01  0.262027035928146E+00  0.960795317445890E+00  0.554383406741365E+00 -0.113849956485853E+00 -0.824437520821322E+00
-0.207046593553572E+00  0.298833357454700E-01  0.977874580067703E+00  0.382072622180085E+00 -0.337566712870475E+00 -0.860272762408677E+00
-0.246431835109629E+00  0.801455647000879E-01  0.965840586796499E+00  0.510242742063506E+00 -0.850296018542826E+00 -0.129031100986287E+00
 0.139300829849865E+00  0.329747692691876E+00  0.933735368274932E+00  0.253279473444918E+00  0.561556590759656E+00  0.787720574636626E+00
 0.452062359634223E+00  0.360113420586706E+00  0.816062465326816E+00  0.711295551175983E+00  0.526094732998950E+00  0.466136214842848E+00
-0.345098657053231E+00  0.185365647592998E+00  0.920079612638213E+00  0.801711416368857E+00 -0.738537913877476E-01 -0.593131033045395E+00
 0.553423557070296E+00  0.357386198905742E+00  0.752328034378200E+00 -0.694309931228357E+00 -0.269601243394498E+00 -0.667269727290108E+00
 0.963584906152614E-01  0.530013125762916E-02  0.995332582554696E+00  0.157382327240448E+00 -0.187318205051402E+00 -0.969609557053096E+00
-0.780687934127713E-01  0.369129538006592E+00  0.926093217589954E+00  0.835709221480307E+00  0.523699887129330E+00  0.165313415527918E+00
-0.199497828004586E+00  0.120014605309840E+00  0.972521008068091E+00 -0.598370477379597E+00  0.598132038478019E+00  0.533095522722376E+00
 0.173242795658417E+00 -0.686299062151611E-01  0.982485048092516E+00  0.372794676011527E+00  0.856399181515745E+00  0.357217820715349E+00
-0.138644688953378E+00  0.329268301479039E+00  0.934002160525408E+00 -0.316827942182515E+00 -0.922517135213059E+00 -0.220413679908222E+00
 0.906591318987392E-02 -0.258469095495304E+00  0.965976985177117E+00 -0.159452017028728E+00 -0.224306584726500E+00  0.961385255926990E+00
-0.460173930816332E-02  0.289472117337546E+00  0.957175384806493E+00  0.353947792683067E+00 -0.349493141889267E+00 -0.867511097235737E+00
 0.242054765702230E+00  0.504717122453861E-02  0.970249460944694E+00  0.584524603557351E+00  0.417825735020698E+00  0.695523287166242E+00
-0.192738061131478E-02  0.290135912749675E+00  0.956983509438324E+00 -0.579475797950081E-01 -0.528240652943622E+00 -0.847115039751743E+00
-0.240749092522846E+00  0.148343914473059E+00  0.959184006063610E+00 -0.848023965751025E+00  0.250953664813805E+00  0.466773619250729E+00
 0.138464709966849E+00 -0.294282687021762E+00  0.945634826036482E+00 -0.123008950493143E+00  0.950656551892368E+00 -0.284817342243565E+00
 0.117400841282418E+00 -0.109138698473474E+00  0.987069291874535E+00  0.423682716018782E+00  0.283396481175976E-01 -0.905367229631998E+00
-0.398016677099977E+00 -0.697756245142177E-01  0.914720769947826E+00 -0.859809794077604E+00 -0.117274876867733E-01  0.510479758698408E+00
 0.401778072684655E+00  0.223835702278303E+00  0.887959435275837E+00  0.524520689650025E+00  0.683726478981513E+00  0.507342239586460E+00
 0.406930854265135E+00  0.154412526136501E-01  0.913328444517507E+00  0.578458621525420E+00  0.490902778803514E+00  0.651459964192658E+00
 0.232349959016859E+00 -0.266606822850366E-02  0.972628597474424E+00 -0.529097737922361E+00 -0.280105505175194E+00 -0.800997184574322E+00
-0.431899767331473E+00  0.138830510867266E+00  0.891172643336494E+00 -0.644464281870964E+00  0.330811765542890E+00  0.689368816506040E+00
-0.451431892129147E-01 -0.661560642791550E-01  0.996787573972900E+00 -0.359263514990813E-01  0.458179657420910E-01  0.998303566698638E+00
 0.270427948940698E+00  0.246784222606547E+00  0.930573087889505E+00  0.212674807414258E+00  0.797407266575673E+00  0.564722124149233E+00
 0.147786764804808E+00 -0.192234461883065E-01  0.988832408077918E+00 -0.300426203833296E+00 -0.293702218185443E-01 -0.953352760587939E+00
 0.949601018527309E-01 -0.210211176710789E+00  0.973033319183873E+00 -0.225042879971073E+00  0.156544917896945E+00 -0.961690901930014E+00
 0.292431753195858E+00 -0.215514980737864E+00  0.931685012651999E+00 -0.440757390142284E+00  0.580447518351520E-01 -0.895747581531403E+00
-0.214438134939855E+00 -0.723806793078504E-01  0.974052012752117E+00 -0.241915260094739E+00 -0.962475966151262E+00  0.122951297327398E+00
 0.368216713817330E+00 -0.219036562912616E+00  0.903570382301785E+00  0.950186622861242E+00  0.691333314700274E-01  0.303917693159518E+00
 0.124238269673195E+00 -0.154879114309202E+00  0.980090461283757E+00 -0.731196730096135E+00  0.638304673442295E+00 -0.240662597340020E+00
 0.191321891478221E+00  0.197937596063154E+00  0.961361868344036E+00 -0.432369746413435E+00 -0.410495670141421E+00 -0.802838531201342E+00
 0.118833238395482E+00 -0.230314293916885E+00  0.965833312466499E+00 -0.353472065243850E-01 -0.665061661079731E+00  0.745951447450028E+00
 0.293642969851296E-01  0.305689643768966E-01  0.999101234349900E+00  0.206609793929503E+00  0.975987262447926E+00 -0.690018593358965E-01
-0.372374570480611E+00  0.142514332803152E+00  0.917075157337202E+00 -0.605309931627764E+00  0.747085221455650E+00  0.274706313279025E+00
-0.191679194389257E+00 -0.134850174805845E+00  0.972149431308335E+00  0.415564770101492E+00  0.208737896884209E+00 -0.885287756751923E+00
-0.265767724715705E+00  0.415937464669836E+00  0.869691636146667E+00 -0.194641408656504E+00  0.970401295843535E+00  0.142954702830648E+00
-0.217101317954718E+00 -0.221240427922114E+00  0.950746912061861E+00  0.370151509810703E+00  0.307904363098520E+00 -0.876460360181652E+00
 0.116383847729559E+00  0.143636090234036E+00  0.982763182852279E+00  0.820734658481518E-01  0.213996009436087E+00 -0.973380528955199E+00
 0.251527238708382E+00 -0.206533012317757E+00  0.945557064915011E+00 -0.286952397592961E+00  0.383919560633859E+00 -0.877646906493925E+00
-0.158631998867256E+00 -0.215759761956458E+00  0.963474760466444E+00 -0.698181035131785E+00 -0.519968222496246E+00  0.492114102395373E+00
 0.148325211235291E+00  0.643339470654768E-01  0.986843845279983E+00  0.240768964527726E+00  0.956328482657933E+00  0.165729113246349E+00
-0.151162424742983E+00  0.231845170454127E-01  0.988237015859654E+00 -0.172215393123833E+00  0.685102478828703E-01  0.982674007138802E+00
-0.479880930817271E-01  0.406267688845052E-01  0.998021346751854E+00  0.656107028962938E+00  0.742128295586093E+00 -0.137000581881635E+00
 0.449448900885515E+00 -0.245117870395160E+00  0.859018576694208E+00  0.471183792332031E+00 -0.618808910402971E+00  0.628539072969607E+00
-0.158808109525125E+00 -0.306846992956338E+00  0.938416169544573E+00 -0.263311245089218E+00 -0.810952043112950E+00  0.522516958557804E+00
 0.197841545350239E+00 -0.259767619707905E+00  0.945187551063131E+00  0.200158812126485E+00  0.195608761498469E-01  0.979568181420959E+00
 0.232949401845671E-01 -0.338321584434650E+00  0.940742181082269E+00 -0.339011166610738E+00 -0.351625494943954E+00  0.872600103265319E+00
-0.204888737526156E+00  0.336987073659733E+00  0.918945220032831E+00  0.590230683510859E+00 -0.770333805972175E+00 -0.241274879792174E+00
 0.161742880890023E+00 -0.206921936663768E+00  0.964895099276969E+00 -0.129892718713217E+00  0.292732808110775E+00 -0.947330662799885E+00
 0.157815221944001E+00 -0.265652773838540E+00  0.951064119539085E+00 -0.603368958509948E-01 -0.962887188117108E+00  0.263073605591657E+00
 0.181363737286089E+00  0.180457558560824E-01  0.983250499869288E+00 -0.227727577011077E+00  0.270604465419497E+00 -0.935368041983311E+00
-0.178680743826549E-01 -0.138722980569373E+00  0.990170019026937E+00  0.404248759386768E+00  0.784224769183446E+00  0.470716955221957E+00
 0.199061282626964E-02 -0.226157783384441E+00  0.974088648160532E+00  0.175117168231733E+00 -0.143390746620506E+00  0.974049829923558E+00
 0.391734877937424E+00  0.276214678416945E+00  0.877638443115601E+00  0.483740430781280E+00  0.100140597831372E+00  0.869463660133946E+00
-0.420470383393466E-01  0.907296547455584E-01  0.994987525709062E+00 -0.272126572455632E+00  0.208090046229485E+00  0.939492235850707E+00
 0.257013160949306E+00  0.218099170748394E+00  0.941475961890535E+00 -0.835996963514750E+00 -0.402967521585225E+00 -0.372459734121124E+00
 0.910571535694638E-02 -0.376779400791963E+00  0.926258262628025E+00 -0.355338663248587E+00  0.765338341210698E+00 -0.536648542226255E+00
-0.281572426778026E+00  0.153167641461555E+00  0.947236317973207E+00 -0.993637558600775E+00 -0.810421077199178E-01  0.782085603639721E-01
-0.233819575891085E+00  0.250741671016520E+00  0.939391835362622E+00  0.373996114897325E+00  0.784465043505474E-01 -0.924106623716596E+00
 0.462204758516139E+00 -0.315200041857838E+00  0.828864099124733E+00 -0.276878336603253E+00  0.900221913954093E+00 -0.336063821850323E+00
-0.246356360102042E+00 -0.835858122281056E-01  0.965568203614556E+00 -0.136067006140730E+00 -0.235643377606331E+00  0.962267098278944E+00
 0.293373174444040E+00  0.164812215901598E+00  0.941684190164745E+00 -0.299277958851025E+00 -0.661406061488744E-01 -0.951870854456750E+00
 0.344797722555060E-01  0.137422138734787E+00  0.989912269390962E+00 -0.145345474206470E+00 -0.516361539861738E+00 -0.843946356873060E+00
-0.252274864394402E+00  0.146456334739995E+00  0.956508199028797E+00  0.678877479260248E+00  0.289283194929058E+00 -0.674863394536174E+00
-0.293307538683765E+00  0.206846857412674E+00  0.933372950823931E+00 -0.583942836386645E+00 -0.826517700776858E-01  0.807576280443987E+00
 0.762314720637478E-01  0.267986374254052E+00  0.960402033463675E+00  0.965302429359132E+00  0.261114263002829E+00 -0.324985074226306E-02
-0.306420151547623E+00  0.603445759596492E-01  0.949981696075131E+00 -0.801807121288781E+00  0.138381849776681E+00  0.581339663108395E+00
 0.689432863036044E+00  0.675827910189399E-02  0.724318060681566E+00  0.970548424460678E+00 -0.216297848765717E+00  0.106070714130807E+00
 0.391817719784008E+00 -0.129739570999972E+00  0.910849338902984E+00 -0.561745858234591E+00 -0.177256133862146E-01 -0.827119938936528E+00
 0.193282127414143E+00 -0.131469661241721E+00  0.972295092754895E+00 -0.565682164882773E+00  0.308157759669954E-01 -0.824047375024695E+00
-0.114276918516780E+00 -0.192228331105978E+00  0.974673819600444E+00  0.348142057669020E+00 -0.559084842625215E+00  0.752476741453661E+00
-0.149828250436205E+00 -0.325030722476369E+00  0.933759350591851E+00  0.773261848546456E-01  0.321661314083391E+00 -0.943692036714293E+00
-0.100849984339694E+00  0.335060405316634E+00  0.936783755969186E+00 -0.999645789706569E+00  0.163797613402852E-02  0.265633611599600E-01
 0.191095899575560E+00  0.103662248964920E+00  0.976082217492432E+00  0.545215094531620E+00 -0.124106989770890E+00  0.829058475491859E+00
-0.108903783001560E+00 -0.209274533533331E+00  0.971773705994536E+00 -0.864769694980767E+00 -0.433814128941505E+00  0.252940064389954E+00
-0.534942797158868E-01 -0.970363081413464E-01  0.993842199214732E+00  0.213537717148309E+00 -0.418623254256217E+00 -0.882698257815786E+00
-0.241570429890733E+00 -0.483649324233829E-02  0.970371236040889E+00  0.228975077169707E-01 -0.171948398952333E+00  0.984839810445374E+00
-0.296085440234558E+00  0.286458293147707E+00  0.911194303300899E+00 -0.413844830972539E+00  0.612049160652696E+00  0.673890407129854E+00
-0.122196978590811E+00  0.119936581201639E+00  0.985232518197070E+00 -0.256292339288294E+00  0.461067951659708E+00  0.849547279893506E+00
 0.122504211930886E+00  0.376513688731511E+00  0.918275645030937E+00  0.406122443272893E+00  0.812470042721896E+00  0.418278604221559E+00
 0.161447234101563E+00 -0.820733716596658E-01  0.983462633893820E+00  0.393098144340983E+00  0.918733467427167E+00  0.374521660913133E-01
 0.183322809949776E+00 -0.980161951407387E-02  0.983003904166723E+00  0.772716245338834E-01  0.104988079775931E-01  0.996954798911638E+00
-0.161013885526467E-01  0.103696365580693E+00  0.994478661939024E+00 -0.387728031712276E-03 -0.132387541189075E+00 -0.991197956315934E+00
-0.639080781700319E-01 -0.574140572322261E+00  0.816258758457194E+00 -0.101482107494621E+00  0.926483404242149E+00 -0.362394651619377E+00
-0.326234376626041E-01 -0.155487971421072E-01  0.999346759749842E+00  0.383831307120473E+00  0.979293671792177E-01 -0.918195712644133E+00
-0.137479103283740E+00 -0.169317546339167E+00  0.975925747514627E+00  0.115861077602491E+00 -0.920927881191789E+00 -0.372112951051683E+00
 0.142896924491273E+00 -0.791446397376429E-01  0.986568089374339E+00 -0.458904575769651E-02  0.847375035809307E+00 -0.530975036462365E+00
 0.158354687432406E-01  0.352512373208078E+00  0.935673161240019E+00 -0.272171465949962E-01 -0.322331285142191E+00 -0.946235578251954E+00
-0.202993048630499E-01  0.237886917684034E-01  0.999510898572909E+00  0.561967438892249E-01 -0.104327281012630E+00 -0.992954049497136E+00
-0.260056596279637E+00 -0.461006274444749E+00  0.848436079887002E+00 -0.477667568408745E+00 -0.842357209077230E+00  0.249535621517442E+00
 0.574173051737862E-01  0.159218153102368E+00  0.985572337674537E+00  0.265080440181379E+00 -0.466674534225378E+00 -0.843769660119853E+00
-0.250340270454686E-01 -0.377498307887528E+00  0.925671823613499E+00 -0.178830965951441E+00 -0.608386955045357E+00  0.773230107113991E+00
 0.522440318111219E-01  0.608227457122686E+00  0.792041616041853E+00 -0.304812493884697E+00  0.881607046556309E+00  0.360358653335888E+00
-0.327550445696935E+00 -0.239494413472389E+00  0.913976548626526E+00  0.173851911367272E+00  0.518503760347315E+00 -0.837215243183998E+00
 0.241826539162590E+00  0.484702393584719E-01  0.969108126502495E+00  0.707259244435322E+00 -0.118132064949953E+00  0.697014473588201E+00
 0.167458827978059E+00  0.317587616312115E+00  0.933325048896366E+00  0.323797761112670E+00  0.408571535299024E+00  0.853360598130603E+00
 0.631750818209253E-01 -0.359530381854241E+00  0.930992381043295E+00 -0.447512312576915E+00  0.679653803273516E+00 -0.581208600923891E+00
 0.433519898877105E-01 -0.267549805346186E+00  0.962568286737099E+00 -0.219731857598675E+00 -0.971756559783190E+00 -0.860645064737753E-01
-0.121277622616872E+00  0.539770860812728E-01  0.991149944473879E+00  0.640839832890018E+00  0.744537988359293E+00 -0.187049438575450E+00
-0.233482244752265E+00  0.777557681786170E-01  0.969247172758526E+00 -0.298960012154355E+00  0.642341433397390E+00  0.705705600143328E+00
 0.127455007208401E-01 -0.127237997675612E+00  0.991790322678577E+00  0.194258727966334E-01  0.951094920412521E+00 -0.308287346207380E+00
-0.142371198192012E+00 -0.217350085382814E+00  0.965654898143977E+00 -0.699309790659507E+00 -0.331104999668563E+00  0.633510296587386E+00
 0.174465300536200E+00  0.747200416495247E-01  0.981824207424479E+00  0.332561613746764E+00  0.543650529660961E+00  0.770614608388334E+00
-0.608629428179662E+00  0.359769980352562E+00  0.707202785904308E+00 -0.616499198841576E+00 -0.101494340611482E+00  0.780786549994001E+00
-0.171914900494704E+00  0.454736793649015E-01  0.984061690887779E+00  0.199558441510535E+00 -0.600278705385915E-01  0.978045542487919E+00
 0.318416088581811E+00  0.137774137584508E-01  0.947850925727453E+00 -0.338963538676459E+00  0.153518511258952E+00 -0.928189520598443E+00
 0.820026396028474E-01 -0.134408913698516E+00  0.987527119129673E+00  0.169611347401196E+00  0.420325967798443E+00  0.891379869431127E+00
 0.299832366099598E+00  0.514136016507296E-01  0.952605476471985E+00 -0.872534232930788E+00  0.347465625513007E+00 -0.343440899501990E+00
-0.146621333113856E-01 -0.223928826144282E+00  0.974495204025347E+00  0.330018703753827E-01  0.489929409319802E+00 -0.871137216766266E+00
-0.180753050385244E+00  0.207562224773959E+00  0.961377271222548E+00  0.515398885694265E-03  0.212952942736248E+00  0.977062320706290E+00
-0.347559160865735E+00  0.869383043055812E-01  0.933618959181301E+00  0.414826013669890E+00 -0.332676252960875E-01 -0.909292386138753E+00
-0.515185916558512E+00 -0.363216801266404E+00  0.776309877985310E+00 -0.662764786102188E+00 -0.451670464559623E+00  0.597274333742390E+00
-0.166934207289845E-01 -0.363724359008121E+00  0.931357031630994E+00 -0.263173034021611E-01 -0.354273728060993E+00  0.934771375870808E+00
-0.406818824505287E-01 -0.197281558976474E+00  0.979502409863341E+00 -0.298396636448934E-01 -0.366233945132653E+00  0.930044241907950E+00
 0.106929294864573E+00 -0.479936408096156E+00  0.870762407366973E+00  0.183338745049954E-01  0.889968466674978E+00 -0.455653374145110E+00
-0.421617169015968E+00  0.412328138091555E+00  0.807604153858134E+00 -0.314497631731237E+00  0.855758848065929E+00  0.410813867332052E+00
-0.458308028812291E-01  0.280347175890019E+00  0.958803941626103E+00 -0.779378808568979E+00  0.404255150569871E+00  0.478692433605681E+00
-0.197674689458860E+00  0.316483658210858E-01  0.979756652484788E+00 -0.990048105222423E+00  0.245870557703768E-01  0.138564880233175E+00
-0.293021648414463E-01 -0.259775248305561E+00  0.965224431675550E+00  0.370557200984926E+00 -0.480048204135500E+00  0.795135889332446E+00
 0.509342654745689E-01 -0.303518602328866E-01  0.998240684995843E+00 -0.291976797773647E+00  0.716329683942104E-01 -0.953739098181930E+00
-0.420845708988342E-01  0.424064099103477E-01  0.998213697206553E+00  0.740263552170495E-01 -0.194357042569535E+00 -0.978133650753773E+00
-0.171611675713542E+00 -0.318813432114777E+00  0.932152041387019E+00  0.314707228786139E+00  0.226723376314435E+00 -0.921713551371755E+00
 0.113381096835561E+00 -0.255868797543863E-02  0.993548277637383E+00  0.643206232112233E-01 -0.190728341353363E+00  0.979533336458905E+00
-0.208981964130266E+00  0.975934040539110E-02  0.977870796139811E+00 -0.851384247924489E-01 -0.186764324607240E+00  0.978708606112086E+00
-0.776843889864663E-03  0.149202775295655E+00  0.988806314885602E+00  0.632675080983454E-01  0.608310378003310E+00  0.791173625971250E+00
 0.239402180146075E+00  0.765039791175393E-01  0.967901718833317E+00 -0.387250448813246E+00 -0.306420749517882E+00 -0.869565071836972E+00
 0.414113773173383E+00 -0.232109360272622E+00  0.880133528359156E+00 -0.647055939066084E+00  0.650309934373482E+00 -0.398014573821694E+00
-0.868277491563404E-01  0.267808192201479E+00  0.959551829848820E+00 -0.236876204694185E+00  0.459496209757572E-02  0.971528975364606E+00
-0.655481451587380E-01  0.543277645346272E+00  0.836990346857871E+00 -0.200674088061049E+00  0.945761419686309E+00  0.255470639044496E+00
 0.195706540736408E-01 -0.275195503639073E+00  0.961189067913263E+00 -0.214667764879054E+00 -0.344219843660637E+00  0.914018845512541E+00
-0.295920180991099E+00  0.579662160898575E-01  0.953452234920250E+00 -0.387174612029622E+00  0.303463081216863E-02  0.922001415842484E+00
-0.161585024033106E+00 -0.158767497110023E-01  0.986731072190815E+00  0.515786676151187E+00 -0.992669071009213E-02 -0.856659538858032E+00
-0.175375654504665E+00  0.357985776302037E+00  0.917109352134459E+00 -0.244762097391027E+00  0.947138635502670E+00  0.207412441330999E+00
-0.208340137392569E+00  0.240364747910556E+00  0.948060744421548E+00 -0.929324581130978E+00  0.367099946979109E+00  0.399180640020017E-01
-0.207687060020446E+00 -0.114661903189095E-01  0.978128116137980E+00 -0.418721140848151E-01 -0.725019067897546E-01  0.996488936001759E+00
 0.298030643805668E+00 -0.236492775500266E+00  0.924796681703043E+00  0.217189819340542E+00 -0.369376170777894E+00  0.903542930267446E+00
 0.315545921435645E+00  0.417794342486498E+00  0.851985128304247E+00 -0.617880569588890E-01 -0.761358775413134E+00 -0.645379772783946E+00
-0.472901149563439E-01 -0.151005797586795E+00  0.987401080677245E+00  0.154164917999882E+00  0.225273130296844E+00 -0.962021410793102E+00
-0.146415749095871E+00  0.144337964538830E+00  0.978636286068263E+00  0.480320743438242E+00 -0.524185850844115E+00 -0.703221997094634E+00
 0.462245333614651E+00  0.130041574299608E+00  0.877165001869751E+00  0.702704312348651E+00 -0.495640314801255E-01  0.709753517913118E+00
 0.357889208709903E+00  0.209160091343997E+00  0.910037015993289E+00 -0.800695929168937E+00 -0.558516338099238E+00 -0.216669169676975E+00
 0.176054830585716E+00  0.111097188836676E+00  0.978091054687662E+00  0.540464058708487E+00 -0.105208016623490E+00  0.834763364362920E+00
-0.225916811638709E+00 -0.649999965261859E+00  0.725576763257053E+00 -0.412309363837821E+00 -0.635289924234575E+00  0.652999005097006E+00
 0.294976320861250E+00 -0.111973597122577E+00  0.948920904859089E+00 -0.462533486534457E+00  0.274193140689619E-01 -0.886177722045791E+00
-0.190427356311882E+00 -0.286486689937780E+00  0.938969008251370E+00  0.586667225066621E+00  0.431566857158962E+00 -0.685252956822929E+00
 0.268414435035597E-01 -0.162512492498022E+00  0.986341333764699E+00 -0.182825626115336E-01 -0.188239932207327E-01 -0.999655643301023E+00
-0.197302003745178E+00  0.445869598132438E-02  0.980332616691031E+00  0.831309474147354E+00  0.555795109924524E+00 -0.404400504894509E-02
 0.259969971026628E+00 -0.166605800964951E+00  0.951135175066742E+00  0.512366166231098E+00 -0.386314817743715E+00  0.766969212741481E+00
 0.284564978372972E+00  0.104014015438082E+00  0.952997302029778E+00  0.693521829475101E+00  0.628554098082717E+00  0.352061383603670E+00
-0.239492456598109E+00  0.186663542066934E+00  0.952785435077399E+00 -0.502943716414464E+00  0.664583492197238E+00  0.552608722350752E+00
-0.898218618800978E-01  0.552289965464917E+00  0.828799027011466E+00 -0.431125663508494E+00  0.880845302488847E+00  0.195556169290800E+00
 0.487453907349488E+00 -0.801291287698931E-01  0.869464209115185E+00  0.889568542091260E+00 -0.204955824488461E+00  0.408241250892026E+00
 0.209623603403057E-01  0.955661228824353E-01  0.995202339027689E+00  0.619070074071372E-01 -0.238676279522552E+00  0.969123911596017E+00
-0.228414651035450E+00  0.791607561515757E-01  0.970340312404810E+00 -0.721375229447649E+00 -0.549863436301022E+00 -0.421032041249338E+00
-0.354259397149466E+00 -0.117591158224100E+00  0.927724419770662E+00 -0.508889800853880E+00  0.278815067364250E+00  0.814428222004596E+00
 0.126219685703178E+00  0.159286227008021E+00  0.979130475895087E+00  0.802478318212066E-03 -0.215488091554351E-03  0.999999654796656E+00
 0.190566005446747E+00 -0.111790595236261E+00  0.975288398569773E+00 -0.259605474646621E+00  0.792748835690481E-01  0.962455448511055E+00
 0.236548998330042E+00 -0.575195996140838E+00  0.783067134677866E+00  0.494789970875755E+00 -0.868914798070708E+00  0.130368099821042E-01
-0.414176057866750E-01 -0.897484527550266E-01  0.995102907823597E+00 -0.289545300633219E+00 -0.903398651010793E+00  0.316282146560786E+00
 0.463430880754248E+00 -0.237654909805577E+00  0.853669703461851E+00  0.834647513314447E+00 -0.157303648346672E+00  0.527843812822351E+00
 0.309693929208620E+00  0.129398738588581E+00  0.941990252955417E+00 -0.309065961604404E+00 -0.706587388823155E+00  0.636563031705126E+00
-0.637061288629541E-02 -0.294139645205718E-01  0.999547014393338E+00 -0.165652114109146E+00 -0.937484371842859E+00  0.306075856025220E+00
-0.513626164057503E+00  0.191721771653002E+00  0.836319870545839E+00  0.611321289508846E+00 -0.640667333357198E+00 -0.464576849361027E+00
-0.352507062907492E+00  0.993429877029167E-01  0.930521220281726E+00 -0.655181683870489E+00 -0.347300729758686E+00  0.670909207143347E+00
 0.266993821473055E-01  0.240130281386526E+00  0.970373428610955E+00  0.546578879830396E+00  0.540787219663857E+00  0.639375250671767E+00
-0.191547236938125E+00  0.330504359572190E+00  0.924162607080132E+00 -0.238597279451950E+00  0.624583046934756E+00  0.743617748389469E+00
-0.116764956931489E+00 -0.260667468059506E+00  0.958341492333622E+00  0.845973115659482E-01  0.758157991646257E-02 -0.996386378129380E+00
 0.389649120167270E+00 -0.183658071122923E+00  0.902465110718569E+00  0.754090578535022E+00 -0.520763416857431E+00  0.400191033167523E+00
-0.440590326976248E-01 -0.146102651295624E+00  0.988287820891333E+00  0.236058859392786E+00  0.285041897358778E+00 -0.928992643486634E+00
-0.228222889940709E+00 -0.165362361988287E+00  0.959463184152871E+00  0.614217852889308E+00  0.291634787550229E+00 -0.733270468437520E+00
