#          Em_x [n.u.]            Em_y [n.u.]            Em_z [n.u.]            En_x [n.u.]            En_y [n.u.]            En_z [n.u.]
 0.167509063396082E+00  0.217178935539155E-01  0.985631293527021E+00  0.742037872772224E+00  0.180184476667179E+00  0.645688275981412E+00
-0.674441640412234E-01 -0.309618940356837E+00  0.948465811987491E+00 -0.462182316903379E+00  0.879636023141336E+00  0.112374252984921E+00
-0.851272070473134E-01 -0.137841246509245E-01  0.996274739480999E+00 -0.589311135306506E+00 -0.684384304984282E-01  0.805002215546435E+00
-0.229244963644814E+00 -0.237148951264738E+00  0.944037669564897E+00  0.893920503264402E+00  0.333259801697511E+00 -0.299739951317894E+00
-0.815724086603472E-02 -0.112308810157348E+00  0.993639869662291E+00  0.629951274490549E+00 -0.776547203841750E+00  0.116546974775170E-01
 0.696046224093740E-01 -0.161271649688359E+00  0.984452462816790E+00  0.890935065479405E-01  0.526763784256512E-01 -0.994629351189150E+00
-0.192342765509391E+00  0.918973083706518E-01  0.977015427345151E+00  0.905464972493639E+00 -0.178404676888058E+00 -0.385103823470452E+00
-0.539715594350201E-01  0.305629157970902E+00  0.950619739207087E+00 -0.271355745722995E+00  0.391463067154098E-01  0.961682705435457E+00
 0.454348759579045E+00 -0.519564372506720E-02  0.890808739267451E+00 -0.872810790385030E+00  0.847006530020672E-01 -0.480652809799842E+00
 0.602814608155400E-01 -0.240193561411286E-01  0.997892386989955E+00  0.355272898011936E+00  0.739122480409994E-01  0.931835901609144E+00
 0.132118741809690E+00  0.128272992848969E+00  0.982899118611973E+00  0.350438041664012E+00 -0.934977666197687E+00 -0.548629443815961E-01
 0.230029132314941E-02  0.125322549000324E-01  0.999918822328567E+00  0.444453567831381E-01  0.208467646692296E-01  0.998794284456637E+00
-0.306328657145471E+00 -0.748482572188417E-01  0.948978657401079E+00 -0.462715902439262E-01 -0.211640276106594E-01  0.998704672999778E+00
 0.312943852818322E-01 -0.287690325165925E+00  0.957212065456635E+00  0.509718471079049E+00  0.405211667874725E+00 -0.758940435382791E+00
-0.116153812520547E-01 -0.821102377524877E-01  0.996555563816990E+00 -0.131046052500866E+00  0.176904087782127E+00 -0.975464953675894E+00
 0.155743954023049E+00  0.437904606649358E+00  0.885428357497396E+00 -0.113452479998382E+00  0.730572095688586E+00  0.673344598094768E+00
 0.452337705846518E-01 -0.413985779109198E-01  0.998118261402750E+00  0.121365098170377E+00  0.652453062264185E-01 -0.990461287967135E+00
 0.166528952072397E+00 -0.146857290524069E+00  0.975038996318403E+00 -0.118580794781753E+00 -0.372350070239327E+00 -0.920485752362141E+00
-0.315199935757055E+00 -0.226306635360176E+00  0.921647604722491E+00  0.720117422401294E+00  0.557906905327595E+00 -0.412517615311035E+00
-0.469099350818640E+00 -0.351742698587515E+00  0.810075844012092E+00 -0.891516150755757E+00 -0.451569507105457E+00  0.358320135377871E-01
 0.132365817514205E+00 -0.138897311948601E+00  0.981420820589847E+00  0.784589500280870E+00  0.315925565426017E+00  0.533488850079611E+00
-0.119361261148198E+00 -0.372770563641153E+00  0.920214646818757E+00  0.187562015246053E+00  0.689737655638542E+00 -0.699344304925040E+00
 0.224516826747288E+00 -0.239239365713966E+00  0.944646346735172E+00  0.564604099919631E+00 -0.528775890234356E+00  0.633733594076255E+00
 0.337085302509653E+00  0.869543734436910E-01  0.937449964409296E+00 -0.621989571406569E+00 -0.808009226898109E-01 -0.778845417238844E+00
-0.345000454728215E+00 -0.866605733005813E-01  0.934593297254233E+00  0.448906738122236E+00  0.731214223809093E+00 -0.513622915539913E+00
-0.322667296540077E+00  0.379779124655736E+00  0.866979603116037E+00  0.377475495331420E+00 -0.669527061556552E+00 -0.639723193473356E+00
 0.795608982171302E-01 -0.359113538717916E+00  0.929896515631917E+00  0.948413681496572E-01 -0.556333716190963E+00  0.825528867524724E+00
 0.285649735405049E+00 -0.395212529091750E+00  0.873047126741694E+00  0.789492178038229E+00 -0.123761634168352E+00  0.601153190729645E+00
-0.146053069040422E+00  0.298788037723953E+00  0.943076990248910E+00  0.363553086651928E+00 -0.732367716082632E+00 -0.575731431854963E+00
 0.139871552226523E+00 -0.541507071628959E+00  0.828978914239423E+00  0.100874200998300E+00 -0.833862073041263E+00  0.542677103548954E+00
-0.390581173827277E-01  0.176878481730834E+00  0.983457404348105E+00 -0.220380526878610E+00  0.311477529935762E-01  0.974916530199462E+00
-0.193444084008294E-01 -0.185560870286136E+00  0.982442342981141E+00  0.936856253602523E+00 -0.345748388024009E+00  0.525205889594249E-01
 0.395368890034199E+00 -0.179594450596599E+00  0.900793691201282E+00  0.946178526661878E+00  0.667881022607207E-01  0.316678930591173E+00
-0.987749819149003E-01 -0.416004341263074E+00  0.903982240421784E+00  0.295418844041284E+00  0.493793512674620E+00 -0.817860424171369E+00
 0.859455872552980E-01 -0.200849633840794E+00  0.975844649837955E+00 -0.591462741951087E+00  0.747242777039034E+00  0.302985242291920E+00
 0.178193454248628E+00 -0.218529064864770E+00  0.959422816422599E+00 -0.250107801592001E+00  0.509565936591819E+00 -0.823279201637038E+00
-0.159778952835299E-01  0.341947057718644E+00  0.939583373937551E+00 -0.185521477654944E+00  0.560585267251773E+00  0.807047668647264E+00
 0.599007367756586E-02 -0.133955361143127E+00  0.990969263013920E+00 -0.121418495555228E+00  0.135939894550929E-01  0.992508313510673E+00
-0.384987273146685E-01 -0.364898181521701E+00  0.930251130134926E+00 -0.478826053186501E-01  0.677882531337861E+00 -0.733609248725009E+00
 0.229519975186657E+00  0.150472938700488E+00  0.961602036036299E+00 -0.607985479592452E+00 -0.194304931028818E+00 -0.769804683268829E+00
 0.860398466343498E-01  0.553779914129035E+00  0.828205862994447E+00 -0.152468920289325E+00 -0.986585476077269E+00 -0.583294671602309E-01
 0.325870519138603E+00  0.663121118950887E-01  0.943085949726933E+00  0.201536004163099E-01 -0.140723095668266E+00 -0.989843847652649E+00
 0.349988357326076E+00 -0.315866050904086E+00  0.881893864148318E+00  0.602615721698254E-01 -0.993131111491798E+00  0.100295255653929E+00
 0.859820729952773E-01 -0.382060950781993E+00  0.920128530701551E+00 -0.417934409678723E+00 -0.880186067595076E+00  0.224951807323289E+00
 0.389933819643696E+00  0.230328946194492E+00  0.891571754175183E+00 -0.790483804301944E+00 -0.477446069590007E+00 -0.383641246178484E+00
-0.107496362890345E+00 -0.301003512312421E+00  0.947544942227509E+00  0.121641257407838E+00  0.394636009407297E+00 -0.910750143878838E+00
-0.142748027684067E+00 -0.474460099345945E+00  0.868625704616749E+00  0.193516192487909E+00  0.931421038503850E+00 -0.308230972287655E+00
-0.126861018719226E-01 -0.254466305640742E+00  0.966998429219431E+00  0.586387381796867E-01 -0.258707328974936E+00  0.964174266571842E+00
-0.164094860529841E+00  0.600435639879044E-01  0.984615481886875E+00  0.680068664725163E+00 -0.642886803285047E+00 -0.352424700355788E+00
 0.144168654890749E+00 -0.322549471117474E+00  0.935509079394118E+00  0.310875886854453E+00  0.941480643380694E+00 -0.130270415336454E+00
 0.360423046632230E+00 -0.238450671760326E+00  0.901796265568554E+00 -0.659893822537375E+00  0.460277647638713E+00 -0.593872570558015E+00
-0.200102744408901E-01  0.257439379454182E-01  0.999468277923748E+00 -0.902146793523753E+00 -0.366372457889452E+00 -0.227820949508277E+00
 0.399263535781670E+00  0.110271963633587E+00  0.910180599129377E+00 -0.678238933570534E+00 -0.353817089141369E+00 -0.644053892481549E+00
 0.330783589937860E+00 -0.134933140497621E+00  0.934010312696424E+00  0.542578529585212E+00 -0.341351170382694E+00  0.767520630153688E+00
-0.220358636122793E+00 -0.141274816996355E+00  0.965133927270588E+00 -0.957715267502636E+00  0.676596574496799E-01  0.279649132210609E+00
 0.543769451619985E-01 -0.461833993379632E+00  0.885297978306667E+00  0.372818530500395E+00 -0.897034499657479E+00  0.237350900018901E+00
 0.137468543882010E+00  0.302376867359492E+00  0.943223531051267E+00  0.106013427419145E+00  0.845929358837443E+00  0.522651579031115E+00
-0.107892094043023E+00 -0.190945582535477E-01  0.993979222060559E+00  0.401370387501654E-01 -0.688301176284445E+00  0.724313819311642E+00
 0.164593057875376E+00 -0.290633068832628E+00  0.942571771590982E+00  0.528580087099009E+00 -0.349962797306003E+00  0.773388086295724E+00
-0.394204756615485E-01 -0.871078624311892E-01  0.995418628719237E+00  0.298594930981327E+00  0.508591031909468E+00 -0.807574287266205E+00
-0.202334220819714E+00 -0.567665532572412E+00  0.798007961247605E+00  0.525652142130254E+00  0.831660684361686E+00 -0.178970197409868E+00
-0.612033150502526E-01 -0.248408389700840E+00  0.966719931600200E+00 -0.309261159562721E+00  0.614424062492881E+00 -0.725837865239659E+00
-0.156131405837228E+00  0.112534385383981E+00  0.981304741768601E+00  0.716395920756083E+00  0.697684212616200E+00 -0.369109606446749E-02
 0.673322123055878E-01  0.289680602830245E+00  0.954752073331051E+00  0.885375140468286E-01 -0.589706961986874E+00 -0.802749529797819E+00
 0.843402772058833E-01 -0.214953009863529E+00  0.972975807094629E+00  0.191101290277071E+00  0.331630837722425E+00 -0.923851332372239E+00
-0.413057266992264E-01  0.811372845785736E-01  0.995846663896136E+00  0.496715735285022E+00  0.865777526197337E+00 -0.608502543287990E-01
 0.487905030270681E-01 -0.243515455363454E+00  0.968669040391761E+00  0.209891976272384E+00 -0.973625963699438E+00  0.894306497058678E-01
-0.186685023349977E+00  0.142251957251150E+00  0.972066398305710E+00 -0.262751297485284E+00 -0.197910811763686E+00  0.944347958253121E+00
 0.115785942404553E+00  0.696931059596174E-01  0.990826163624675E+00  0.295439792007676E+00  0.115113445299819E+00  0.948400877271667E+00
-0.101550292510065E-01 -0.253547495490218E-01  0.999626936439899E+00  0.116914175159705E+00  0.195793830270760E+00  0.973650785279112E+00
-0.148851004547237E+00  0.103190944185375E+00  0.983460730015901E+00 -0.274997835024147E+00 -0.123756470371031E+00 -0.953446656490722E+00
-0.510721686155423E+00  0.314546204240697E+00  0.800140015677464E+00  0.764329157621733E+00 -0.355733360733388E+00 -0.537824055682322E+00
 0.400561016827356E+00  0.880765880744911E-01  0.912027075492494E+00 -0.448721319684688E+00 -0.669188737435193E+00 -0.592313777444291E+00
 0.274658174707622E-01 -0.126971839608143E+00  0.991525985951547E+00  0.112926233591742E+00  0.674046458463478E+00 -0.730006190110485E+00
 0.417537216673707E-01  0.526746059704721E+00  0.848996593227838E+00 -0.220793520384328E+00 -0.667127307575181E+00 -0.711471276190251E+00
-0.412136977135140E+00  0.915365469453693E-01  0.906512091839501E+00  0.668903334271206E+00 -0.289010798216316E+00 -0.684865744445750E+00
-0.953115142337062E-01 -0.148840568521903E+00  0.984257182049770E+00 -0.116380557756158E+00  0.992991100585230E+00 -0.205970855923518E-01
 0.224056134533467E+00  0.185891058749935E+00  0.956683522830173E+00 -0.426291677857255E+00  0.716814167678264E+00 -0.551772466153725E+00
 0.428895235726427E-01  0.778378618801118E-02  0.999049498994064E+00  0.223182144222806E+00  0.978409657933138E-02 -0.974727655273121E+00
 0.338529185657232E+00 -0.428511807790580E-01  0.939979662952392E+00  0.596709046125596E-01  0.259371991701739E+00 -0.963932338425987E+00
 0.527354136965545E-01 -0.196487419338020E+00  0.979087161688957E+00  0.239621152132351E+00  0.453589846953354E+00 -0.858392657349536E+00
 0.146872259374243E+00  0.123983603269264E+00  0.981354474971544E+00  0.543010539593972E-01 -0.304078458174631E-01  0.998061500335345E+00
 0.239658402016265E-01 -0.339652154875323E+00  0.940245740321103E+00  0.277095687759836E+00  0.759163566485772E+00 -0.588972545324064E+00
-0.404592732156179E+00  0.551266666239376E+00  0.729664158212340E+00  0.636449779498390E+00 -0.556005412636903E+00 -0.534592984704175E+00
-0.419024276134632E+00  0.582565315784774E-01  0.906104206224810E+00  0.965042009164607E+00 -0.170469499090916E+00 -0.199083074185704E+00
-0.412170237460122E+00 -0.115292310423180E+00  0.903782816006894E+00 -0.245503433818538E+00 -0.688950314070024E+00  0.681964462949589E+00
-0.175711919710123E+00  0.210864786905292E+00  0.961593137930575E+00  0.154488208521816E+00  0.446451310560736E+00  0.881370875810133E+00
-0.286676832783841E+00  0.305865900842396E+00  0.907889004365014E+00  0.531009537853708E+00  0.146748502228933E+00 -0.834562009560677E+00
 0.547214273363233E-01 -0.130397499146843E+00  0.989950532908854E+00 -0.340176486898539E-01 -0.161921666184993E+00  0.986217102669331E+00
-0.323918816446335E+00 -0.165896556100312E+00  0.931426289636524E+00  0.704995580429143E+00  0.636962865964297E+00 -0.311864616392957E+00
 0.242814632693356E+00 -0.139746024467152E+00  0.959954219114441E+00 -0.760491483454889E+00  0.282456142040802E+00 -0.584697555507126E+00
 0.202736714788852E+00 -0.243821976213976E+00  0.948392676264286E+00  0.346663932293272E-01  0.141009775207874E+00 -0.989401073617921E+00
-0.312256821649776E+00 -0.234885084477116E+00  0.920502403268649E+00  0.184196732744362E+00  0.383880508531362E-01 -0.982139461175448E+00
-0.828114565270448E-01 -0.271048712025876E+00  0.958996797897148E+00 -0.171376272944595E+00  0.245637562709168E+00 -0.954092427838058E+00
 0.223518294801335E+00  0.207665382131862E+00  0.952320671283119E+00  0.872266964444108E-01 -0.289982316722997E-01  0.995766341059625E+00
-0.343846246054589E+00  0.179961067260975E+00  0.921620189310357E+00 -0.433511863458555E+00  0.213443138912456E+00  0.875505277363814E+00
-0.213758140524218E+00  0.113461981615212E+00  0.970275134220999E+00  0.859913415738390E+00 -0.332416317664423E+00 -0.387360696487860E+00
-0.139414856771751E+00  0.157019359013014E+00  0.977705691200810E+00 -0.604777264803271E+00  0.226825552939750E+00  0.763409869277737E+00
 0.201594989176181E+00  0.946103719444819E-01  0.974888884878468E+00  0.114948304763654E+00 -0.530052995611894E-01  0.991956312269039E+00
-0.102506122556559E+00  0.158787581900620E-01  0.994605630326292E+00  0.230216001517942E+00 -0.186450062169487E+00 -0.955110971019643E+00
 0.285441408823942E-01 -0.945471078201839E-01  0.995111087479244E+00 -0.121630323611356E+00 -0.357058343400532E+00  0.926129258681673E+00
-0.542818937011500E-01 -0.530535663367302E-01  0.997115236627729E+00 -0.379173692382630E+00  0.392325784096785E+00  0.838038060077086E+00
 0.448242566864663E-02  0.163283051980093E+00  0.986569081613746E+00  0.403927588147304E+00 -0.299160834952067E-01 -0.914301663282863E+00
-0.802722948503951E-01 -0.413587051291854E-01  0.995914562695761E+00 -0.183097421538416E+00  0.276635469198586E-01  0.982705481005269E+00
-0.626391113985317E-01 -0.132076354821988E+00  0.989258398104428E+00 -0.866741607878289E-01  0.691939767638291E+00 -0.716733526362758E+00
 0.176950456721565E+00  0.157081500502676E+00  0.971603796856444E+00  0.383312281531781E+00  0.283756875592643E+00  0.878950357176560E+00
 0.344687080875503E+00  0.176855205540634E+00  0.921907290648417E+00 -0.202687983037477E+00 -0.675825611701462E+00 -0.708644709357619E+00
-0.190888667660255E+00 -0.818403145523518E-01  0.978194090900607E+00 -0.892839938400911E+00  0.350730365048903E+00  0.282533281984478E+00
 0.217633722896403E+00 -0.187416100152426E+00  0.957867823899471E+00  0.444241934833123E+00 -0.796684602076309E+00 -0.409808184581807E+00
 0.789860180666424E-01 -0.876835357481841E-01  0.993011987092136E+00  0.374649385756832E+00 -0.143362162019314E+00 -0.916015899563526E+00
 0.173022117955918E+00 -0.476039869997433E+00  0.862235112292973E+00 -0.624325525219709E+00  0.672460053405781E+00 -0.397511150953817E+00
-0.119005086370742E+00  0.480185644005358E+00  0.869056693610407E+00 -0.638987256504119E+00 -0.766250892177834E+00 -0.674896752252695E-01
 0.433343430966803E+00  0.442933768211394E+00  0.784871421199660E+00  0.733655889855902E+00  0.617556892240141E+00  0.283500476413080E+00
-0.202597253530475E+00  0.223255340935233E+00  0.953473337648097E+00  0.356522691674399E+00 -0.640890908467726E+00 -0.679816455938406E+00
 0.444901331148226E+00  0.216489356036149E+00  0.869019657007591E+00 -0.197807053521005E+00 -0.539895078401663E+00 -0.818159931734010E+00
 0.255188412143701E-01 -0.123985022839193E+00  0.991955897635898E+00 -0.123808720928515E+00  0.748266044434910E+00 -0.651743298675006E+00
-0.376428556895775E-03 -0.370892447943372E+00  0.928675750927154E+00  0.121879976836098E+00  0.579381847421543E+00 -0.805892018898830E+00
 0.705128925500028E-01  0.665120944885081E-01  0.995290949055091E+00  0.591249578556827E+00  0.802645488241766E+00  0.786394052718624E-01
-0.197288216556061E+00  0.264817767420473E-01  0.979987793346791E+00 -0.107367950243012E+00  0.158813788034923E+00  0.981453159346187E+00
 0.171240712332135E+00  0.784787445061709E-01  0.982098622899308E+00  0.558505396446932E-01  0.998378783415267E+00 -0.109782533969634E-01
-0.141989083640581E+00  0.161990440654195E+00  0.976523526221242E+00  0.868398371253734E+00  0.127728784103524E+00 -0.479134246861250E+00
 0.147536840211241E+00 -0.365307262256480E+00  0.919121039321349E+00 -0.470590077872577E+00  0.455690595672790E+00 -0.755573331731116E+00
 0.320750020122357E+00 -0.337494260877632E-01  0.946562412538262E+00  0.709805417929796E+00  0.138326482336339E+00  0.690682309721310E+00
 0.242446187514063E+00 -0.277945212985831E+00  0.929497877748065E+00 -0.129461657703286E+00  0.411599626176118E-01  0.990729800027250E+00
-0.188995949344734E+00 -0.332364177311248E+00  0.924020878969463E+00 -0.715564842653991E+00 -0.697066347837127E+00  0.454473615359316E-01
 0.309223930152187E+00 -0.385023768339619E+00  0.869561532517852E+00  0.916169476069506E+00 -0.319648574724714E+00  0.241781471157295E+00
-0.352406691557963E+00 -0.630769830784624E-02  0.935825697813021E+00 -0.215320303789879E+00  0.104128551578622E-01 -0.976487961637672E+00
-0.194397011046353E+00 -0.362625468719840E-01  0.980252431667783E+00 -0.198900868690971E+00 -0.315994048603610E+00  0.927677856629701E+00
 0.384186955070096E+00  0.259245292388811E+00  0.886110750373907E+00  0.421310957373059E+00  0.456594602806786E+00  0.783593291117982E+00
-0.368303770509978E+00  0.497374785357475E-01  0.928374124939423E+00 -0.585671749764112E+00 -0.267403450714605E+00  0.765169259755099E+00
 0.570493561404429E-01  0.104579483269877E+00  0.992878896262261E+00 -0.176920146583548E+00  0.171363391622163E+00 -0.969192369834083E+00
-0.290503398550524E+00  0.210938389611398E+00  0.933334222676285E+00 -0.114412965353185E+00  0.987178425217107E+00  0.111303324950172E+00
-0.526146931483976E-01 -0.111974799164104E+00  0.992317156163824E+00 -0.753713392222207E+00 -0.632962595181828E+00  0.176845908874305E+00
-0.585825554639572E+00 -0.241218424444294E+00  0.773706721723323E+00 -0.613840516942159E+00 -0.567563667741454E+00  0.548699647184187E+00
-0.115352206347210E+00 -0.208109215042950E+00  0.971279786212520E+00  0.111276907242387E-01  0.969531982999688E+00  0.244711888636082E+00
-0.958778091758020E-01  0.472304633912164E-01  0.994271959292577E+00  0.715050518061725E+00 -0.680445231516472E+00 -0.160302974165026E+00
 0.144163780898909E+00 -0.647554885397561E-01  0.987432798210040E+00 -0.308835956279369E+00  0.193445744804783E+00 -0.931235252729368E+00
 0.217255516033612E+00 -0.460009378912294E+00  0.860924742393721E+00  0.152885185638485E+00  0.358010279346142E+00 -0.921116040406844E+00
-0.704489254642671E-01  0.233558568305152E+00  0.969787267431460E+00  0.149040231923835E+00 -0.245918044926288E+00 -0.957763710132996E+00
 0.140866344746005E+00  0.189524846116151E+00  0.971718583553155E+00  0.817956416339449E-01 -0.194070651536432E-01  0.996460154161627E+00
 0.236743819121808E-02 -0.581731634096148E-01  0.998303700431551E+00  0.125937131082958E+00  0.495652164250940E-01  0.990799237149145E+00
-0.302264497906890E+00  0.302887168547869E+00  0.903822735072620E+00 -0.439494334839856E+00  0.517611292706588E+00  0.734113941637323E+00
-0.393233652244909E+00  0.101833393697586E+00  0.913781841945966E+00 -0.660410231554683E+00 -0.750539832544949E+00  0.234155038658078E-01
 0.114093573166586E+00  0.154957784992261E+00  0.981310726239336E+00 -0.804466787055020E+00 -0.207342782045905E+00 -0.556634673065591E+00
-0.214625090425014E-01  0.146109838349390E+00  0.989035528099530E+00 -0.254194825817048E+00  0.137301823613052E+00  0.957357404400452E+00
-0.580475887492887E-01 -0.241852079626903E+00  0.968575267607291E+00  0.668814663077235E+00 -0.385660467328735E+00  0.635572930821213E+00
 0.445328908093838E+00 -0.437141223725835E+00  0.781402402181763E+00  0.736275926840566E+00 -0.500125270881578E+00  0.455820658791036E+00
 0.335801360152028E+00  0.226285789778696E+00  0.914347957762405E+00  0.505127161378913E+00  0.386282141429322E+00  0.771772413377194E+00
 0.151675922928161E+00  0.259725617620022E+00  0.953696502015074E+00 -0.104563796603870E+00  0.718512329525269E-01  0.991919257179225E+00
 0.215294360049598E+00 -0.118827553755513E+00  0.969292706564593E+00 -0.587652746037741E+00 -0.130575313001437E-01 -0.809007880648049E+00
-0.665617238110501E-01 -0.875747681965307E-01  0.993931686233327E+00 -0.924869482081866E-01  0.639687311932865E-02 -0.995693348589530E+00
-0.155977802123592E+00 -0.236508632445945E-01  0.987477372861008E+00  0.801477397111774E+00 -0.108532612023327E+00 -0.588094086049443E+00
 0.247633620988486E+00  0.469820947690092E+00  0.847316863320750E+00  0.395148880622989E+00  0.676043294987159E+00  0.621950822368862E+00
-0.308169563831884E+00  0.187854840418437E+00  0.932599634816050E+00 -0.402223449697592E+00  0.664680019045773E+00  0.629616366365012E+00
 0.149927177610509E-01  0.773338398001406E-01  0.996892519600736E+00 -0.456721840729492E+00 -0.101732203545623E+00 -0.883773567698433E+00
 0.618578969121972E-01  0.153011204757390E+00  0.986286556639749E+00  0.478564362453949E-02 -0.323706247653134E-01  0.999464476741121E+00
-0.114579174581687E+00 -0.108681602840668E+00  0.987451225102365E+00  0.327368473786798E+00 -0.906909584480964E+00  0.265226107212447E+00
 0.286821973594041E-01 -0.221262276586849E+00  0.974792458174683E+00 -0.519518068259404E+00 -0.113707335894085E+00  0.846859857659983E+00
-0.558898811958354E-01 -0.366986911966482E+00  0.928545598032332E+00  0.423798012462468E+00 -0.467901782825646E+00  0.775540563904586E+00
 0.326449371013885E+00  0.372586946777830E+00  0.868682781719204E+00 -0.542158246303276E+00  0.860104796830853E-01 -0.835862807732251E+00
 0.234509262392073E+00  0.104168963849700E+00  0.966516545550466E+00 -0.459161856178018E+00  0.288580851201449E+00 -0.840173483365789E+00
 0.220832599581634E+00 -0.498000381171410E-01  0.974039485424256E+00  0.177438424910265E+00  0.455901402626099E-01  0.983075350355302E+00
-0.237007726978156E+00 -0.180589404894188E+00  0.954575719465256E+00  0.467982283461746E+00  0.154566682264827E+00 -0.870115925092498E+00
 0.235769190094185E+00  0.113519832952144E-01  0.971742775366813E+00 -0.772737851951133E+00  0.398788869072509E+00 -0.493805275453613E+00
 0.190988346502801E+00 -0.218200855049035E+00  0.957032830343869E+00  0.333848069939696E+00 -0.282755679979486E+00  0.899218934207281E+00
 0.193035560674005E+00  0.805883091445113E-01  0.977876677676946E+00  0.518070808031262E+00  0.458108235306214E+00  0.722315362297149E+00
 0.255274422887192E-01  0.526624695850241E-01  0.998286038161109E+00 -0.929434090154087E+00  0.337261925360555E+00 -0.149688562560857E+00
-0.706363958873383E-01 -0.276181608152385E+00  0.958506243534391E+00 -0.488191850809882E+00 -0.736533073953108E+00  0.468174911519196E+00
 0.797231609280636E-01  0.359412478970199E-01  0.996168883428529E+00  0.200097781554907E+00  0.115827309469742E+00  0.972905397352592E+00
-0.712210733732530E-01  0.193270388265634E+00  0.978557160173698E+00  0.352737709770423E+00 -0.996104820492350E-01 -0.930405212781956E+00
 0.232031118022952E+00 -0.117286421489883E+00  0.965611441317426E+00 -0.829417120144566E+00  0.197359257142017E+00 -0.522605553387492E+00
 0.988047349784871E-01  0.185498794980348E+00  0.977664472816042E+00  0.920073573110908E+00 -0.147386948815597E+00  0.362962404915104E+00
 0.116334178746638E+00 -0.558480382955513E-01  0.991638722254171E+00 -0.289695161154277E+00  0.781933619869904E+00 -0.551956998072265E+00
-0.652220002224084E+00  0.118255828045373E+00  0.748748708067078E+00  0.976503511829978E+00 -0.531189570794486E-01 -0.208852263053366E+00
 0.404326685438351E+00 -0.100240797502180E+00  0.909104897115049E+00  0.350469340110932E+00 -0.522572919795524E+00  0.777231487485285E+00
-0.134435564842066E+00 -0.604455867269575E-01  0.989077049552171E+00  0.198824603598587E+00 -0.961134798244293E+00  0.191542884513537E+00
 0.176838930047834E+00 -0.167338077246700E+00  0.969910284883563E+00 -0.291851997562590E+00  0.844227751032937E+00 -0.449557466743235E+00
-0.479313225630352E+00 -0.276082437325998E+00  0.833089022575597E+00 -0.539836398081095E+00 -0.165345758477929E+00  0.825371094393418E+00
-0.107669488444110E+00  0.118496791936025E+00  0.987099686738403E+00 -0.179936079394661E+00  0.140261244893993E-01  0.983578301490983E+00
-0.105805467805846E+00 -0.383619616301469E+00  0.917410046255817E+00 -0.525923795012225E+00 -0.682272900375881E+00  0.507846287032428E+00
-0.488264299362339E-01 -0.152055674913614E+00  0.987165159163474E+00  0.350519456979461E-02  0.809154919861942E-02 -0.999961119465449E+00
-0.311578622553986E+00  0.113352522911712E+00  0.943435195186670E+00  0.535618660916475E+00 -0.368503841105707E+00 -0.759814167522811E+00
-0.119214241633472E+00 -0.106081033609504E+00  0.987185280937725E+00  0.762037590924677E+00  0.342619518373084E+00 -0.549463898402352E+00
 0.297991040036675E+00  0.251176752205334E+00  0.920929736304264E+00 -0.368516876067902E+00 -0.274230340822888E+00 -0.888252797476775E+00
 0.184957738329065E+00  0.770473348311436E-01  0.979721564133206E+00 -0.777854862315863E+00 -0.466236260633798E-01 -0.626712095514577E+00
 0.875766612949967E-01  0.201275903658830E-01  0.995954420896099E+00 -0.783862519747782E-02 -0.997108622290505E+00  0.755840678248074E-01
-0.262061013301677E+00  0.124413846628435E+00  0.956998025115211E+00  0.273956597978691E+00 -0.237618176224034E+00 -0.931925632629507E+00
 0.241739601804380E+00 -0.111419289813725E+00  0.963923081359122E+00  0.356185477891923E+00  0.324519199886187E-01  0.933851582548295E+00
-0.233152965104988E+00  0.295573724603206E+00  0.926431793596777E+00  0.365288568872424E+00 -0.902690003004725E+00 -0.227409366400038E+00
 0.294768553306138E+00 -0.276649749515623E+00  0.914645513887621E+00 -0.958294013573048E+00  0.166468941621891E+00 -0.232294371488736E+00
 0.171855470318078E+00  0.985599059326644E-01  0.980179392899227E+00  0.358482935246988E+00  0.965347089720410E-01  0.928531655411051E+00
 0.183270973826322E+00  0.308355224887534E+00  0.933449948008628E+00 -0.734644751249697E+00 -0.147811297653334E+00 -0.662154747583455E+00
 0.139976122214852E+00  0.291154284659494E+00  0.946380403291462E+00 -0.288943822415146E+00 -0.748607610834951E+00 -0.596739568394883E+00
 0.123667965312522E+00 -0.136661153238895E+00  0.982868233056128E+00  0.824415576446547E-01  0.248466816538192E-01  0.996286119537915E+00
-0.906331051861266E-01  0.139208905135925E+00  0.986106749279802E+00 -0.390676640702699E+00 -0.662507582106419E+00 -0.639105207349119E+00
 0.248654582907435E+00  0.360306324718923E+00  0.899083005493192E+00 -0.777994567691817E+00 -0.590050105591257E+00 -0.215790003322139E+00
 0.194240358647457E+00  0.214319749932482E+00  0.957255309654319E+00 -0.421714776011857E+00 -0.584667834926255E+00 -0.693051347661856E+00
 0.127625756448913E+00  0.148938467562076E-01  0.991710562422144E+00 -0.404429320441637E+00 -0.909978111293765E+00 -0.915246509599860E-01
-0.441235507088693E+00  0.284910880000394E-01  0.896938952877373E+00  0.792911072866371E+00 -0.179324473745086E+00 -0.582352782806048E+00
 0.345445560366677E+00 -0.275177695839568E-01  0.938035253697896E+00 -0.725324188624908E+00  0.815022067369543E-01 -0.683565806409760E+00
 0.184628947521293E+00  0.237410589415885E+00  0.953702450332587E+00 -0.378121280667805E-01  0.613454179907267E+00  0.788824576268617E+00
 0.178295602727717E+00  0.284474068894996E-01  0.983565667908973E+00 -0.684861297459316E+00  0.680537538361326E+00  0.260448962607742E+00
 0.713879569449427E-01  0.225725316978457E+00  0.971571840307345E+00 -0.691339831803633E-01  0.595649129096839E+00  0.800264086021480E+00
-0.203686765079946E+00  0.427551464046468E-01  0.978102090370522E+00 -0.973216933169826E+00 -0.429184049204357E-01  0.225846876247168E+00
 0.143632703540900E+00  0.237108133006302E+00  0.960806629731393E+00  0.220533892235636E-01  0.646019265650934E-02 -0.999735922098728E+00
-0.790427689655837E-01  0.374748381396973E-01  0.996166591078348E+00  0.830494245720620E-01 -0.145078799473176E+00 -0.985928463440260E+00
 0.185882688032077E+00 -0.291983240566763E+00  0.938186236052364E+00 -0.201475403123260E+00  0.776503282566486E+00 -0.597034600420940E+00
-0.125036278620890E+00  0.175246331336295E+00  0.976552431967587E+00 -0.786580074875185E+00  0.513035554240314E-01  0.615353338343266E+00
-0.284466410154817E+00  0.284860169571215E+00  0.915387101332267E+00 -0.555349866802804E+00  0.678219148280379E+00  0.481253895930147E+00
-0.219249958903756E+00 -0.527330397547575E-01  0.974242619699490E+00  0.103529503577813E+00  0.154497414392576E-01 -0.994506383779607E+00
 0.114989887988268E-01 -0.275589061758480E+00  0.961206763550738E+00 -0.666811495901140E-01  0.509681449595842E+00 -0.857775287722386E+00
 0.184211048300063E+00 -0.114486883717673E+00  0.976196211394414E+00 -0.473172533127713E+00  0.858343249972225E+00 -0.198379986693775E+00
 0.596025570661397E-01 -0.170767800726534E+00  0.983506936135277E+00  0.683440470531813E-01 -0.720419592487179E+00  0.690162808323514E+00
-0.185258051438783E+00  0.633885178471720E+00  0.750912135266824E+00  0.601490113986508E+00 -0.798499021740184E+00  0.246770147397720E-01
 0.515365630852159E+00 -0.955190594230011E-01  0.851630422086542E+00  0.474911102180585E+00 -0.632974794863767E-01  0.877754449784388E+00
 0.354874196160889E+00 -0.115607407932228E+00  0.927738773648247E+00 -0.730898159822669E+00 -0.662767058437956E+00 -0.162873282699575E+00
-0.138411974600641E+00 -0.384319051549232E-01  0.989628775831278E+00 -0.589268533075286E+00 -0.164590952343363E+00  0.790994572885305E+00
 0.252367502205245E+00 -0.252358295662793E+00  0.934144493341826E+00  0.840342049886807E+00 -0.478221741530383E+00  0.255204241970400E+00
-0.100543546865769E+00 -0.141397509496761E-01  0.994832178121884E+00  0.178061025697770E+00 -0.578199169282155E+00 -0.796228605218931E+00
 0.533431712425841E-01 -0.143324087555971E+00  0.988237173965862E+00  0.100222951699768E+00 -0.238545624664763E+00  0.965945829177746E+00
-0.158642436213194E+00 -0.232554418283019E+00  0.959557721020153E+00 -0.693522241933517E+00 -0.426163632414473E+00  0.580871292414086E+00
 0.364093765944632E-01 -0.103045396901613E+00  0.994010062058424E+00  0.117715182173817E+00  0.671017634056971E-01 -0.990777719386963E+00
 0.326683976543219E+00 -0.310630984796824E+00  0.892628685822982E+00  0.695629409073437E+00 -0.155375902657840E+00  0.701397215638473E+00
-0.395397844977785E+00 -0.982387690098266E-01  0.913241308992512E+00  0.600385492760385E+00 -0.104137382507830E+00 -0.792901422402109E+00
-0.218830470801915E-01 -0.281036348958009E+00  0.959447602954345E+00  0.582626391429569E+00  0.355678213940539E+00 -0.730780060030257E+00
-0.938334037706365E-01  0.142206823274497E-01  0.995486345728036E+00  0.139398508143828E+00  0.125097612029294E+00  0.982302724923352E+00
 0.202344864813734E+00 -0.278848677406896E-02  0.979310359398400E+00  0.311182534389644E+00 -0.877544215823551E-01  0.946289908951577E+00
 0.156550918102209E+00  0.670887636419047E-02  0.987647103483469E+00  0.168111702733416E+00 -0.128687756166668E-01  0.985683950370604E+00
 0.135932123939105E-01  0.629845513104634E+00  0.776601477077384E+00  0.357437844410220E+00  0.897466986890839E+00  0.258439924981520E+00
-0.535853250274085E+00  0.547069189320414E-01  0.842536911471338E+00  0.478992997278191E+00 -0.867875641821749E+00 -0.131748164658721E+00
 0.155325148285881E+00  0.208958611374800E+00  0.965510433419693E+00  0.161288743794962E+00  0.294223374936424E+00  0.942028952190995E+00
 0.148593676119755E+00 -0.258448600819803E+00  0.954528281483322E+00  0.376320290540437E+00 -0.272236635003537E+00  0.885590341800040E+00
 0.274337104041840E+00 -0.434877116460726E+00  0.857683535416613E+00  0.410755012381033E+00 -0.861798404362980E+00  0.297630358063958E+00
-0.183881632280774E+00  0.165698739109470E+00  0.968881557863132E+00 -0.102136843387997E-01  0.999473805806584E+00  0.307862332663367E-01
-0.364367103544795E+00  0.272270218402567E+00  0.890564732080378E+00 -0.495886905231086E+00  0.219203038343576E+00  0.840265556357799E+00
-0.904724479796865E-01 -0.368451109829723E-02  0.995892143022792E+00 -0.190203409129581E+00 -0.281345419782275E+00 -0.940567604121586E+00
-0.265338711951774E+00 -0.862633971667908E-01  0.960288495322639E+00 -0.521141447342617E+00  0.137943484129632E+00  0.842248886640891E+00
 0.129802687141452E+00 -0.304355139474861E+00  0.943673254620526E+00  0.533298379850123E+00 -0.836588660936659E+00  0.125348515912406E+00
 0.120187786341482E+00 -0.350875226861208E+00  0.928677269663380E+00  0.280429937297108E+00 -0.543351856673997E+00  0.791282383297177E+00
 0.489135984862089E+00  0.226451842197642E+00  0.842297780763008E+00 -0.700883689030393E+00 -0.529822022740695E+00 -0.477546519901575E+00
-0.120167966606395E+00  0.163586500069667E+00  0.979182882201604E+00  0.136755234675857E+00 -0.201030773056042E+00 -0.969992079386858E+00
 0.454545721659924E+00  0.696275534771694E-01  0.887997855131105E+00  0.718026420604512E+00  0.223612211517121E+00  0.659117317458960E+00
 0.344573388660527E+00 -0.104215027372171E+00  0.932956809234393E+00 -0.897488489032462E+00  0.420169540221176E+00 -0.134059574535180E+00
-0.881024033943573E-01 -0.166267381963320E+00  0.982137019061598E+00 -0.269656015392048E+00 -0.286246118296596E+00  0.919428514416980E+00
-0.196289390072698E+00 -0.110478585268002E+00  0.974302292690554E+00  0.392826585322371E-01 -0.215670187812445E+00  0.975675787763325E+00
-0.119443209004461E+00  0.299069864991705E+00  0.946726220021691E+00  0.143957696610899E+00 -0.149497268104942E+00 -0.978226327807447E+00
-0.503198884379429E+00 -0.289559223221441E+00  0.814215167512061E+00 -0.547473107538823E+00 -0.422957055035631E+00  0.722066843247473E+00
 0.246200956084113E+00 -0.583984582121208E-01  0.967457859186495E+00  0.846423645739156E+00 -0.322697056927463E+00  0.423596059216784E+00
-0.949554025634227E-01  0.101926518612795E+00  0.990249693929513E+00 -0.359419486935969E+00  0.519686494466646E+00  0.775076499372581E+00
-0.980822206429948E-01  0.117631201590647E+00  0.988201790327299E+00  0.498065693187832E+00  0.521166148354821E+00  0.693048635435007E+00
-0.137967521046870E+00  0.265524037380857E+00  0.954181297610234E+00 -0.134432734301068E+00  0.501876153791361E+00  0.854428561205633E+00
-0.215592821615614E+00 -0.621409207356005E-01  0.974504100164771E+00  0.945302519676607E+00  0.103468128782657E+00 -0.309350113333217E+00
-0.214309644110348E+00  0.268891109361468E+00  0.939025530934945E+00 -0.141767385555438E-01  0.733411656692906E+00  0.679636933892571E+00
 0.397194926078513E+00 -0.734734443425405E-01  0.914788414702508E+00 -0.261198656388256E+00 -0.113746850542404E+00 -0.958559813414194E+00
-0.117148562281462E+00  0.208439693573956E+00  0.970993876653289E+00 -0.360386446728148E+00  0.153833110078858E+00  0.920030968640798E+00
-0.278925721775890E+00 -0.403022249956762E+00  0.871649876826463E+00 -0.151843249403024E+00 -0.832065853030231E+00  0.533488560169574E+00
-0.516592808162232E+00  0.158089073394418E+00  0.841510377492966E+00 -0.763609345203004E+00  0.281366719997508E+00  0.581148463644604E+00
-0.640215975379536E-01 -0.191047112866609E+00  0.979490804302941E+00 -0.309586791420795E+00 -0.605031676814377E+00  0.733548013853872E+00
-0.310979285162230E+00  0.309528081171606E+00  0.898601274852318E+00  0.730114502955123E+00 -0.527283910217677E+00 -0.434631442259013E+00
-0.123995875562651E+00  0.128462862320737E+00  0.983932068716034E+00  0.173696238776754E+00 -0.284818395702788E+00 -0.942713157913954E+00
-0.581462896574257E-01  0.142464810880796E+00  0.988090474936265E+00 -0.196388204481583E+00  0.411756587568449E+00  0.889880995265371E+00
 0.106736612523899E+00 -0.145072075443642E+00  0.983646983665073E+00  0.325241531238213E+00 -0.820775965793853E+00  0.469621933402807E+00
 0.156363733269049E+00  0.110224411948269E+00  0.981529908830507E+00 -0.566064313754103E+00  0.368636167057542E+00  0.737345623863884E+00
 0.225115345286646E-01 -0.213709102154013E-01  0.999518141411015E+00 -0.122751226833397E-01  0.103001733167464E+00  0.994605431479040E+00
-0.808200718527786E-01 -0.814761791445935E-02  0.996695405983208E+00 -0.595030499458672E-01 -0.128654150254382E+00  0.989902771321236E+00
 0.143492188185087E+00  0.374185690750336E+00  0.916185058144668E+00 -0.359547412469669E-01 -0.860906630264418E+00 -0.507490916715391E+00
-0.315515514689157E+00  0.908729289330356E-02  0.948876905134859E+00  0.978501166971116E+00 -0.205061530871975E+00  0.220280455920545E-01
-0.190667290554628E+00 -0.328759780685309E-01  0.981104048701561E+00  0.463877520750892E+00  0.136991652838799E+00 -0.875243356326970E+00
 0.178004088441213E+00  0.722279578475679E-01  0.981375395352554E+00  0.215503570401459E-04  0.567770823002314E-03  0.999999838585924E+00
-0.385175235048194E+00  0.127097466722875E+00  0.914049381739409E+00  0.800621774723198E+00 -0.406522862076526E-01 -0.597789398923373E+00
 0.209492855522072E+00 -0.748531972733546E-01  0.974940891717628E+00 -0.681374576216863E+00 -0.342655428208834E+00 -0.646773487709809E+00
-0.461892727855028E-01 -0.256026238965145E-01  0.998604554730830E+00  0.287346881585009E+00 -0.454098085694091E+00 -0.843342574647060E+00
-0.159344188350284E+00  0.354215516343183E+00  0.921488360002839E+00 -0.222787247710794E+00  0.921787699625410E+00  0.317290527871135E+00
-0.164235802262897E+00 -0.367310385339994E+00  0.915483305187182E+00  0.318534372421458E+00  0.187971023592368E+00 -0.929087050752353E+00
-0.102002906058569E+00 -0.170424450192863E+00  0.980076993879597E+00 -0.734557592184310E-01  0.176750377887209E+00  0.981510853406305E+00
 0.361951840198073E+00 -0.907702924257644E-01  0.927767007060593E+00 -0.765824380135678E+00  0.775804209769271E-01 -0.638352799845702E+00
-0.753265259635697E+00 -0.202156651229120E+00  0.625878691912253E+00 -0.893686566521012E+00  0.999544303825856E-01  0.437416772274197E+00
-0.408531907658366E-01 -0.171088093483773E+00  0.984408391406909E+00 -0.506152072511066E+00 -0.250077316825147E+00  0.825391673753914E+00
 0.246445412018553E+00  0.191922488267771E+00  0.949963376868873E+00  0.441367247854278E+00  0.719622935691374E+00  0.536038975213993E+00
 0.380421619855388E-01  0.137577160186742E+00  0.989760233039506E+00  0.204076164766052E+00  0.223653128678518E+00  0.953064634223036E+00
 0.561308642136768E-01  0.173326103695742E+00  0.983263641075108E+00  0.371880840811049E+00 -0.556445589103215E+00 -0.743016114633622E+00
-0.615406180096528E-01 -0.898958621148491E-01  0.994048030182455E+00 -0.384749365151746E+00  0.367051206214280E-01  0.922290984524675E+00
-0.119274448653136E-01 -0.222708128035523E+00  0.974812200254951E+00 -0.791405013520931E-01 -0.150276336760908E+00  0.985471361154377E+00
-0.926734670827191E-01  0.349844943337289E+00  0.932212499444304E+00 -0.490983382313777E+00 -0.558281224546550E+00 -0.668773050152687E+00
-0.118668099026301E+00  0.272168898801551E+00  0.954904169432009E+00 -0.134657582197799E+00  0.254546696187122E+00  0.957639449384195E+00
 0.152391988046407E+00  0.896374432633612E-01  0.984246824096716E+00 -0.137564601665351E+00 -0.419964954756177E-01  0.989602078987519E+00
-0.287977105494850E+00 -0.270053148963178E+00  0.918771181222985E+00  0.538694495621558E+00  0.286333602662606E+00 -0.792351757979553E+00
 0.279504546814997E+00  0.664738826469381E-01  0.957840504069224E+00 -0.499155678453017E-01  0.143469865963525E-03  0.998753430784134E+00
-0.114362446877251E+00  0.339756047181593E+00  0.933534712342175E+00 -0.113442583363670E+00 -0.992352015966926E+00  0.486647376049100E-01
 0.399419134544741E-01 -0.228384712043847E+00  0.972751287253964E+00  0.258501317800604E+00  0.840573878139350E+00 -0.476038469123163E+00
 0.294814256254142E+00  0.153596146636292E+00  0.943129247795762E+00  0.801173470188389E+00  0.365646045062091E-01  0.597314071794395E+00
 0.748299001393432E-02  0.426575520245307E+00  0.904420991788612E+00 -0.163998133059943E+00 -0.547567716850309E+00 -0.820532880399191E+00
-0.112371942881162E+00  0.510367468617785E-01  0.992354672948578E+00  0.181329670387238E+00 -0.455903114153648E-01 -0.982365041184948E+00
-0.137602356517018E+00  0.206329867660001E+00  0.968758781736904E+00 -0.668672365563988E+00  0.727427866376686E+00  0.154032356177924E+00
 0.231750862237572E-01 -0.570053397440884E+00  0.821280731202569E+00  0.534524434706400E-01 -0.867217439651002E+00  0.495052268606234E+00
-0.233021562317145E+00 -0.266205421089112E-01  0.972107143391666E+00  0.552329874077192E+00  0.545804529937982E+00 -0.630102472063911E+00
-0.326162948309152E+00 -0.387923497118346E-01  0.944517276048520E+00  0.645769249782136E+00  0.236087262387089E+00 -0.726116299620376E+00
 0.284953979323605E+00  0.194740326174623E-01  0.958343357947065E+00 -0.116222532537126E+00  0.176259287098885E+00 -0.977458432181159E+00
 0.257506766872331E+00  0.291831389860376E+00  0.921154007160106E+00 -0.257278656230241E+00 -0.956878415600268E+00 -0.134875464064754E+00
 0.411368228339577E-01  0.117832843372732E+00  0.992181023215938E+00  0.307427338228969E-01  0.250269941612133E+00  0.967687883897775E+00
-0.469121330236169E-01 -0.195959533965341E+00  0.979489210161736E+00 -0.538596988458948E+00 -0.384822881994168E+00  0.749549620449944E+00
 0.303453593943787E+00 -0.713099378474206E-01  0.950174094093707E+00 -0.879229514864941E+00  0.374717200523884E+00 -0.294181032396556E+00
 0.549139054789271E+00 -0.879369408261004E-01  0.831091687446874E+00 -0.883717169673952E+00  0.319523873462415E+00 -0.341977277477664E+00
 0.309828533442799E+00  0.404801690782014E+00  0.860314983598860E+00 -0.387529337854883E+00 -0.638650167953342E+00 -0.664790925987204E+00
 0.413368876632919E+00  0.308296419850954E+00  0.856784389060820E+00  0.959785350948970E+00  0.677097467656455E-01  0.272447188087333E+00
-0.192789429593095E+00 -0.331991008284955E-01  0.980678364980766E+00 -0.753965589449878E+00 -0.144184896472595E+00  0.640895159565654E+00
-0.199073914188423E+00  0.178874658293892E+00  0.963521371485834E+00 -0.699147895612515E+00  0.358908002838317E+00  0.618366610967315E+00
-0.148062750938668E+00  0.420035349205800E+00  0.895347824703917E+00  0.341915949323990E+00 -0.855338633223022E+00 -0.389216271646045E+00
-0.842719880148574E-01 -0.310302005860948E+00  0.946895399289011E+00  0.631100686676644E+00  0.774759223234485E+00 -0.382108530311158E-01
-0.123371601698589E+00  0.130930423022237E+00  0.983685250586560E+00  0.992179717982184E+00 -0.103709099240531E+00  0.694537973008850E-01
-0.548290981290645E-01 -0.217131861056038E+00  0.974601213272739E+00  0.429370513729746E+00 -0.593637094307794E+00  0.680614400524448E+00
-0.196867708706196E+00 -0.226815901217920E+00  0.953833136467525E+00 -0.773653903253404E+00 -0.625228116236596E+00  0.102710470001891E+00
-0.307622348167344E-01 -0.190203718310469E+00  0.981262569575520E+00 -0.134115662570947E+00  0.790104287897684E+00 -0.598120559167506E+00
 0.222295704150456E+00  0.213059303273410E+00  0.951414921685014E+00 -0.352887826405080E+00 -0.558778517022078E+00 -0.750491006534859E+00
 0.263595270423652E-01  0.211541974696712E+00  0.977013392065594E+00 -0.641698699508424E-01  0.415835104133773E+00  0.907173298747569E+00
 0.247858812038233E+00 -0.347464438433279E-01  0.968172863663942E+00 -0.229055906343491E+00 -0.153382070289402E+00 -0.961253001182779E+00
-0.285597331801561E-01 -0.512145012780976E-01  0.998279227721139E+00  0.303201467506010E+00  0.199539793986536E-01 -0.952717538837383E+00
-0.265643580100471E-01  0.133592308358044E+00  0.990680286485546E+00  0.579846472683255E+00 -0.599106916550471E-02 -0.814703734622004E+00
 0.135286630916839E+00 -0.220623520178829E+00  0.965931048180497E+00  0.706153701780503E+00 -0.283605672184278E+00  0.648779448014960E+00
-0.293844206348451E+00  0.108329627998815E+00  0.949694832087175E+00  0.743179777177669E+00  0.408411354242866E+00 -0.529984890840917E+00
 0.230734252021647E+00  0.309018600998154E+00  0.922642514293133E+00  0.792199807227892E+00  0.417596719576205E+00  0.445008365345287E+00
 0.244391196357306E+00  0.206928566836910E+00  0.947340229996524E+00 -0.594211435742795E+00 -0.634982725884561E+00 -0.493669633926069E+00
 0.295336854869759E+00 -0.316392620373144E+00  0.901483140124681E+00  0.366022539271024E+00 -0.232626596779803E+00  0.901061799887354E+00
-0.324844748442694E+00  0.126134644134741E+00  0.937318484272131E+00  0.710260372490550E+00  0.700195729078873E-01 -0.700448044239815E+00
 0.112948214244958E+00  0.310815976155469E+00  0.943735201137161E+00  0.193437942309467E+00  0.746857204993121E+00  0.636228007733818E+00
-0.110624198036771E-01 -0.110153309690644E+00  0.993853043076432E+00 -0.766526454306555E-02 -0.326593998184187E+00 -0.945133643496808E+00
 0.233818056648795E+00  0.554647950164036E+00  0.798557930123929E+00  0.298686015816387E+00  0.933263755002882E+00  0.199512975902955E+00
-0.204973170039265E-01  0.115331917236155E+00  0.993115506304414E+00 -0.403787353196994E+00 -0.551211971601129E+00 -0.730151447140771E+00
-0.459605660768565E-01  0.482449012001455E-01  0.997777558313517E+00  0.120394383153398E+00 -0.869368909814713E-02  0.992688074006623E+00
-0.673436785266665E-02 -0.177338142474393E-01  0.999820063872426E+00  0.848877567256923E-01 -0.677179560858055E-01  0.994086689973083E+00
 0.440266629326139E+00  0.328847177437252E+00  0.835478802240579E+00 -0.695368629604434E+00 -0.244142246755531E+00 -0.675912000419591E+00
 0.202824100829906E+00 -0.210874346557588E+00  0.956239715806894E+00 -0.687864733690857E+00  0.397376065274841E+00 -0.607399679692945E+00
-0.589706141048206E-01  0.197110809455601E+00  0.978606047124101E+00  0.463917214220131E-01  0.297206345431682E+00  0.953685585724481E+00
-0.131924201982385E+00 -0.630703287959129E-01  0.989251302024357E+00  0.370215824705747E+00  0.963425916631551E-01 -0.923936333395906E+00
-0.120806837553362E+00 -0.205403343669602E+00  0.971192655660916E+00  0.214716739868756E+00  0.750355939086994E+00 -0.625190120121078E+00
 0.108121971400936E-01  0.137360964743573E+00  0.990462044582082E+00  0.594839948837714E+00  0.317534216928768E+00  0.738469671920371E+00
 0.187279887025820E+00 -0.315121286478832E+00  0.930389605876765E+00 -0.441472240453114E+00  0.583153443866243E+00 -0.681934250361608E+00
 0.357082986631567E+00 -0.206625541950305E+00  0.910932284021168E+00 -0.492815118379447E+00  0.212522467847361E+00 -0.843781642225475E+00
-0.263227650688615E+00 -0.286635015668691E+00  0.921168590273009E+00  0.394476571894567E+00  0.860993566976004E+00 -0.321058112889624E+00
-0.737576428160159E-01  0.345415985781636E+00  0.935546688782941E+00 -0.346904119848871E-01  0.763464110744961E+00  0.644917922623279E+00
 0.109461853195669E+00 -0.538196522508342E+00  0.835680923471930E+00  0.160416091197444E-01 -0.350689036685066E+00  0.936354562292378E+00
 0.320181970064766E+00 -0.158688010195239E+00  0.933970888981943E+00 -0.162844584569666E+00  0.678386256312187E+00 -0.716431244798179E+00
 0.815552687797060E-01  0.196214048936532E+00  0.977163642965804E+00  0.351300835701968E+00  0.275581667139981E+00  0.894786269212625E+00
-0.372148130871350E+00  0.134104343872281E+00  0.918434425336695E+00 -0.473572246991930E+00 -0.354836007404082E+00  0.806114591561612E+00
 0.297320667979802E+00 -0.546350359501548E-01  0.953213214993775E+00 -0.354859812222797E+00  0.226082539998529E+00 -0.907172088843685E+00
-0.250166876016800E+00  0.104301803632418E+00  0.962568266619578E+00 -0.219560781037897E+00  0.164663268309864E+00  0.961602345826768E+00
 0.344712622321162E-01  0.340172636630999E+00  0.939730977124644E+00 -0.113924581780469E+00  0.750595376504953E+00  0.650866937580588E+00
 0.776151440944482E-01 -0.277327080693339E+00  0.957635410645047E+00  0.269023836218524E+00 -0.227801816064319E+00  0.935805806855283E+00
 0.203189669989058E-01 -0.324705507132108E+00  0.945596887271832E+00  0.155954756968556E+00 -0.607076285012876E+00  0.779189641841987E+00
-0.626667850663492E-01 -0.952615809180984E-01  0.993477782967708E+00  0.611521708365329E+00 -0.518358320740181E+00  0.597784117819609E+00
-0.277213102991529E+00 -0.137616083697911E+00  0.950902050180489E+00  0.600093137982176E+00 -0.136710309693090E-01 -0.799813308628296E+00
-0.402057246913703E+00  0.226294626722371E-01  0.915334844536872E+00 -0.539680469128311E+00 -0.141153083948376E+00  0.829952286660691E+00
 0.554140907375301E-02 -0.271559547953157E+00  0.962405686132908E+00 -0.766558805533276E+00 -0.591975350216265E+00 -0.248903158669646E+00
 0.141663483628574E-01  0.110904316320111E+00  0.993730117886960E+00  0.132938411581056E+00  0.207782358885222E+00  0.969099515046003E+00
-0.129781289947961E+00 -0.533763878538204E-01  0.990104932822336E+00  0.622719927153364E-01  0.105007080680752E+00  0.992519879866478E+00
 0.227390190658222E+00  0.465204536664143E+00  0.855498942290122E+00 -0.377323787774102E+00 -0.781760712825549E+00 -0.496464446926760E+00
-0.248002039977928E+00 -0.112908334483075E-01  0.968693710750116E+00  0.101169618517087E+00 -0.308955387228567E-01  0.994389347276072E+00
 0.218553603496205E+00  0.341819236877794E+00  0.913998868543669E+00  0.123964528448184E+00 -0.396354384558147E+00 -0.909690055748744E+00
-0.307291332802829E+00  0.818676775376533E-01  0.948087401118089E+00  0.503981010572170E+00 -0.560037794490945E+00 -0.657541488975694E+00
-0.369531469571006E+00  0.195700373218643E+00  0.908376495137769E+00  0.367672451262825E+00 -0.476617013199274E+00 -0.798531897491508E+00
-0.108872818918908E+00  0.533286554442663E+00  0.838899374270432E+00 -0.324269336000049E+00  0.572121762617498E+00  0.753343272664948E+00
 0.151430402175578E+00 -0.454789248132298E+00  0.877630658694306E+00 -0.267551431354569E+00 -0.915950478668027E+00  0.299083520455295E+00
 0.223112325076128E+00  0.130743571362163E+00  0.965984994162224E+00  0.747850902376203E+00  0.524617129376532E+00  0.406811867304562E+00
 0.127908212546719E+00  0.193280518783432E+00  0.972770337860849E+00  0.442685729531982E+00  0.625426936304825E+00  0.642549991995251E+00
-0.473833608222469E+00  0.246658807882125E+00  0.845364503757430E+00 -0.870680500264439E+00  0.102456802654203E+00  0.481059320717460E+00
-0.126800661964821E+00  0.398917817516351E-01  0.991125742715808E+00  0.500864888169958E-01 -0.155302109708094E+00 -0.986596471896287E+00
 0.103568163343986E-01 -0.292940156087037E+00  0.956074683958904E+00  0.208433485920296E+00 -0.379272590493029E+00  0.901503069350194E+00
-0.635738544409754E-01 -0.381737092745979E+00  0.922081968728033E+00  0.279306908558159E+00  0.648868023241708E+00 -0.707783822396417E+00
 0.460467397922040E+00 -0.332278334662783E-01  0.887054500317789E+00 -0.888952001993090E+00  0.270099428780189E+00 -0.369879219104145E+00
 0.225820727612183E+00  0.258584624396722E+00  0.939222546048758E+00  0.390734190005597E+00  0.216356337612579E+00  0.894716004068074E+00
-0.514445076697242E-01 -0.441695461123895E-01  0.997698608712493E+00 -0.538048885698525E+00  0.821919820183723E+00 -0.186952415838178E+00
-0.107315513606471E+00 -0.333520366549590E+00  0.936614939895796E+00  0.353996173920246E+00 -0.770290102297049E+00  0.530414806687208E+00
 0.815936876326232E-01  0.102438360239366E+00  0.991387337265299E+00  0.502929987871797E+00 -0.193851999728099E+00  0.842308037181583E+00
 0.209826567314703E+00  0.172282964631270E+00  0.962440331525435E+00  0.496245824753570E-01  0.304800409303490E+00  0.951122553250932E+00
-0.410972675946932E+00  0.295172370668241E+00  0.862539698343855E+00  0.268520495973605E+00 -0.687388626398986E+00 -0.674828585301041E+00
-0.820208505340275E-01 -0.282162664372493E+00  0.955853969449251E+00  0.672782219614675E+00  0.696011393051276E+00 -0.250862962019453E+00
-0.163789320225995E-01 -0.225152106202447E-01  0.999612322791454E+00  0.959885166790629E+00 -0.255050093374489E+00 -0.116489984311921E+00
 0.135735047780607E+00  0.488457555207098E-01  0.989540342265846E+00  0.294571710083287E+00 -0.875288923961557E-01  0.951612421427185E+00
-0.549501787036920E-01  0.282759997166484E+00  0.957615403939829E+00  0.614675554951116E+00  0.788443728713041E+00  0.230314740868454E-01
-0.289009694719586E-01 -0.258017740532512E-01  0.999249219373869E+00 -0.209253618834037E+00  0.271631874343569E+00  0.939376946622312E+00
 0.282661947984117E+00 -0.322955764188287E+00  0.903217469682348E+00  0.630817211823748E+00 -0.593533131219282E+00  0.499788022477478E+00
-0.126427164397408E+00  0.260855241055931E+00  0.957063590006476E+00  0.134489929691582E+00 -0.529844817963838E+00 -0.837363079964970E+00
 0.207701750349688E+00 -0.366084824479807E+00  0.907106324631939E+00  0.106898925196550E+00 -0.370625514629690E+00  0.922610073485706E+00
 0.636950786032013E-02  0.153503650523787E+00  0.988127551809729E+00  0.206606078929046E+00 -0.176129977064846E+00  0.962440730293924E+00
-0.476924650837343E-01  0.188473507393712E+00  0.980919551127894E+00 -0.458330424308270E+00  0.732518611131563E+00  0.503338560512988E+00
 0.447419873983136E+00  0.660086617694949E+00  0.603407916342632E+00  0.521661499631852E+00  0.782774210082301E+00  0.339313742474242E+00
-0.866390942981628E-01 -0.308850596129678E+00  0.947156257757682E+00 -0.344926234471896E+00  0.568043142837677E+00 -0.747230139012160E+00
 0.823234508855980E-01  0.148389611186782E+00  0.985496510763038E+00  0.958896247291366E+00 -0.236171872613112E+00  0.157292191532037E+00
 0.250288378233751E+00 -0.354725679662037E-01  0.967521278651277E+00  0.804615785190938E+00  0.561962255544920E+00  0.191812047495555E+00
 0.164419080275545E+00  0.164530183220504E+00  0.972571943277602E+00 -0.545199677104621E+00 -0.349405125112806E+00 -0.762019271823175E+00
 0.486923437741557E+00  0.881646298892052E-02  0.873400157864829E+00  0.755851603797771E+00  0.453584856118325E-01  0.653169932574470E+00
 0.659726638356819E+00 -0.202217463946030E-02  0.751502943076165E+00 -0.798433550208654E+00 -0.258097824169939E+00 -0.543957148183520E+00
-0.137836814633892E+00 -0.449424396765361E+00  0.882620373730220E+00  0.329143721741177E+00  0.197934900371299E+00 -0.923301784712545E+00
 0.916305459484576E-01 -0.803330735674643E-01  0.992547449918840E+00  0.690450934717966E+00 -0.346322188378283E+00  0.635089323311267E+00
-0.120686442890940E+00  0.472141386937308E+00  0.873222361854784E+00 -0.540091744126745E+00  0.835043134270808E+00  0.104899341434138E+00
 0.675730349822877E-01 -0.538701025909233E-01  0.996258950770394E+00 -0.735559057911977E+00 -0.423847840164902E-01 -0.676133420566917E+00
 0.737872722431268E-01  0.309154401551743E+00  0.948145028176651E+00  0.216709348638419E+00  0.970723496082178E+00  0.103599963159776E+00
-0.125171800158480E+00 -0.116432983435165E+00  0.985279341513599E+00 -0.955734816857453E+00  0.431548196716996E-01 -0.291047455555883E+00
-0.309573791996466E+00  0.546265388111591E-01  0.949305013452706E+00 -0.756379781205189E+00 -0.370825690303320E-01  0.653080783408990E+00
 0.576944239562934E-01  0.395376105835687E+00  0.916705562532790E+00  0.436652616335464E+00 -0.771940984085911E+00 -0.461997413126816E+00
-0.143892517838331E+00 -0.417448622381237E+00  0.897235527039669E+00 -0.212602809454343E+00 -0.597344949322762E+00  0.773291055767947E+00
 0.995904065559429E-01 -0.324532532699498E-01  0.994499138900692E+00  0.171354198067570E+00 -0.162948992436854E+00 -0.971640553223482E+00
-0.143434668995692E+00 -0.166619181947742E+00  0.975532953793546E+00 -0.164318979128031E+00  0.120214199166144E+00  0.979054553851400E+00
 0.515729594068021E-01  0.435804517460013E-01  0.997717883012848E+00  0.386757026893467E+00 -0.212254316643173E-01 -0.921937353185773E+00
-0.340954173690832E+00  0.887628178826553E-01  0.935880020945170E+00 -0.389589635399086E+00 -0.821567031012618E-01  0.917316843912254E+00
 0.278546001295212E-01  0.420027756512184E+00  0.907083681371772E+00 -0.172599527520509E+00  0.939436003330949E+00  0.296090186843925E+00
 0.965014780946238E-01 -0.383491524609148E-01  0.994593790062598E+00  0.836956992711375E+00 -0.279517407838083E+00  0.470502934174709E+00
-0.110072844876469E+00  0.694599833248901E-01  0.991493459150037E+00 -0.801220473948104E+00 -0.386642601433719E+00 -0.456676308650823E+00
 0.309491647678865E+00 -0.832129790899666E-01  0.947254200374954E+00 -0.915960838120140E+00 -0.117710767808346E+00 -0.383614283065974E+00
 0.219422069691283E+00  0.249872902078447E+00  0.943089332003755E+00 -0.946331219721167E+00 -0.319665875441963E+00  0.476544925371336E-01
 0.346706489759142E+00  0.193509664989223E+00  0.917795521624862E+00 -0.126672248934991E+00 -0.267303800842808E+00 -0.955250134469888E+00
-0.118486078742004E-02 -0.250167061251061E+00  0.968201961147529E+00 -0.337487673507909E+00 -0.555804273358790E+00  0.759726055855877E+00
 0.157078830419575E+00 -0.184877560108412E+00  0.970127068379384E+00  0.300733234906174E+00 -0.949042644728197E+00  0.942209101536209E-01
-0.525441110222233E-01  0.107461807718895E+00  0.992819760217670E+00 -0.163207598726081E+00 -0.725775940424118E-01  0.983918580249952E+00
-0.327269941797823E+00  0.230987092949177E+00  0.916263798306218E+00 -0.755405054656553E+00 -0.221080767214348E+00  0.616835875875622E+00
 0.101760402396227E+00  0.152713431730643E+00  0.983017511681866E+00  0.727633188920585E+00  0.425485053760473E+00  0.538063575618818E+00
 0.269508838441401E+00 -0.156104116739214E+00  0.950261274986536E+00  0.251727932401326E-01  0.169306449431625E-01  0.999539735949651E+00
 0.513441889828831E+00  0.139244891317238E+00  0.846751608212850E+00  0.845067900959792E+00 -0.101395035494278E+00  0.524956464427789E+00
-0.661310278432070E-01  0.177106639635004E-01  0.997653757341881E+00  0.182414707025709E+00 -0.912268796824744E+00 -0.366729487498153E+00
-0.473929187729254E+00 -0.414836595699121E+00  0.776724998881234E+00  0.881457458847299E+00  0.222720483591013E+00 -0.416447276892823E+00
 0.684876619348719E-01  0.206941750389044E+00  0.975953150570566E+00 -0.436550345265299E+00 -0.868711521369334E+00 -0.234017282885102E+00
-0.261034594652868E+00 -0.345879469001873E+00  0.901237112705306E+00 -0.108634532367726E+00 -0.458793037147193E+00  0.881877251913496E+00
 0.137259663544164E+00  0.550716964393657E+00  0.823328980355227E+00 -0.116217753590344E+00 -0.765720602972237E+00 -0.632586272325165E+00
 0.387498377244311E+00  0.230522254335500E+00  0.892583048174849E+00  0.357128688746655E+00 -0.700215029892518E-01  0.931426910064993E+00
-0.172759654139185E+00  0.476084877323178E+00  0.862262890008543E+00  0.440445939305341E-01  0.937154297460144E+00  0.346124105629005E+00
 0.166816464158995E+00  0.241286791449679E+00  0.956008865836196E+00 -0.394830608374441E+00 -0.703147420273844E+00 -0.591348032932306E+00
 0.662442740138017E-01  0.227130919447829E+00  0.971608584560248E+00 -0.112179440324764E+00  0.844355258152496E-01  0.990094144588647E+00
 0.174109882293078E+00 -0.185473872130452E+00  0.967101438136056E+00  0.825573826985229E+00 -0.438100321574057E+00  0.355662711615472E+00
 0.118767882562034E+00  0.109216146533776E-01  0.992861978527274E+00 -0.105470595153927E-01  0.308704302144089E-01 -0.999467746390025E+00
 0.529835514131004E-01  0.347413586791318E+00  0.936213940823595E+00  0.158269016023469E+00  0.897555949724049E+00  0.411514563146827E+00
 0.750923941928393E-01  0.829525969840231E-01  0.993720282065327E+00  0.603348527456226E+00  0.730708355083977E+00  0.319430515491039E+00
-0.396501405586336E+00  0.698457592254347E-01  0.915373260089174E+00  0.480607887336137E+00 -0.508731032531482E+00 -0.714289013754060E+00
-0.118352122563561E+00 -0.514962434546465E-01  0.991635473344293E+00 -0.394989601118792E+00  0.916353615803233E+00 -0.654160975017465E-01
-0.940044791204179E-01 -0.324864648820178E+00  0.941077105157830E+00  0.711292523120021E-01  0.371073162015361E+00 -0.925875444051443E+00
 0.101192525102667E+00 -0.223372448155170E+00  0.969466256384673E+00  0.121797560477779E+00 -0.495270272728332E+00  0.860158538417927E+00
 0.121561255042887E+00  0.139583359601370E+00  0.982720380878911E+00  0.583473710659019E+00  0.800499929711338E+00  0.136960912314200E+00
-0.383148161841732E-01 -0.258560445013348E+00  0.965234930540370E+00 -0.354844402030337E-01  0.693259910237790E+00 -0.719813553193164E+00
 0.274153816284962E+00 -0.307114272432141E+00  0.911328979394855E+00 -0.419672289157229E+00  0.467568910799160E+00 -0.777981030210646E+00
 0.103355222611775E+00 -0.481383150796400E+00  0.870395289559979E+00 -0.317118760648183E+00  0.906147781018878E+00 -0.279878349644134E+00
-0.123711733594059E+00  0.214002744531231E+00  0.968967611586813E+00 -0.757504639094792E+00  0.143992176351491E+00  0.636751894303763E+00
-0.698753779555866E-01  0.543797395291278E+00  0.836302471854523E+00  0.378267386179312E+00  0.756111440716351E+00  0.534049879478420E+00
-0.218354606231599E+00  0.748467930666577E-01  0.972994976094471E+00  0.420431874579919E-01 -0.111903356919014E+00  0.992829295044535E+00
-0.307142843885295E+00  0.186892764068448E+00  0.933131484941382E+00  0.107248281096576E+00 -0.746211488940079E-01 -0.991428005626010E+00
-0.399325895006808E-01  0.165496334815837E+00  0.985401619370648E+00 -0.508102478702201E+00  0.723909878695326E+00  0.466675860382769E+00
-0.190932532333276E+00 -0.205748324176386E-01  0.981387509787947E+00  0.166051617805610E+00 -0.151478730917480E-01 -0.986000711036729E+00
-0.183375775689849E+00 -0.374300956067356E+00  0.908995115045845E+00 -0.597095401287621E+00 -0.762274550689148E+00  0.249829123868360E+00
-0.134377959633315E+00 -0.249031885131483E+00  0.959127564066765E+00  0.363592301428042E-02 -0.221793383791913E+00  0.975086906367821E+00
-0.179134048203349E-01  0.815174250199562E-01  0.996510922843226E+00  0.599439914900754E-01 -0.821606461424575E-01  0.994814729539974E+00
 0.144002654838420E+00 -0.392364848213641E+00  0.908467424449426E+00 -0.368802579288775E+00  0.578734840572084E+00 -0.727358674807657E+00
 0.313347383122866E-01  0.106576484095577E-01  0.999452124268731E+00 -0.374541356065099E+00 -0.163515168373876E+00 -0.912678235912624E+00
-0.238814043780095E+00  0.238274836285091E+00  0.941378220954103E+00 -0.428271019948112E+00  0.792444260147102E+00  0.434299468146710E+00
-0.308017266170928E+00  0.478943894096744E-02  0.951368711391760E+00  0.602091335079893E+00 -0.263824978404083E+00 -0.753579727030788E+00
 0.220369939226518E+00  0.793242030269134E-01  0.972185558779519E+00 -0.163570636833046E+00  0.374686320543793E-01 -0.985819835658628E+00
-0.212341793744460E+00  0.290182868361809E-01  0.976764506756096E+00 -0.210584702603980E-01  0.110588467057330E-01  0.999717081348434E+00
 0.255290188881428E+00  0.384677566181593E+00  0.887045708820854E+00 -0.845160059019705E-01 -0.978968891382822E+00 -0.185679709314364E+00
 0.244888750498085E+00 -0.430388070333659E-01  0.968595457850506E+00 -0.536752031320125E+00  0.787276896297011E+00 -0.303467206516067E+00
-0.594647808461172E-01 -0.233814377110466E+00  0.970461115601943E+00  0.322307657050073E+00  0.945204747082202E+00  0.520169232093041E-01
 0.686254742449192E-01 -0.729954170333362E-01  0.994968448432808E+00 -0.235462537618421E+00  0.255636956110330E+00 -0.937660460960650E+00
 0.110590286284819E+00 -0.914598867034368E-01  0.989648865862856E+00 -0.360359726371748E+00 -0.931350468998676E+00  0.522223276503955E-01
 0.135079273663446E+00 -0.367791202644905E-01  0.990151951035358E+00  0.637062008028115E-01 -0.148794909332976E+00 -0.986813860328210E+00
-0.458110226860910E+00 -0.131225971817157E+00  0.879155711103606E+00  0.900257516673428E+00 -0.123574023713514E+00 -0.417451631133770E+00
 0.110541619234320E+00 -0.114535301462606E+00  0.987249824074902E+00 -0.208656977611563E+00 -0.378909192527596E+00  0.901604175629246E+00
-0.284793546122759E+00  0.558178338425367E-01  0.956962384585701E+00 -0.167670059343492E+00 -0.469633773278832E+00  0.866793441481670E+00
-0.111665197663529E+00  0.240965212493465E+00  0.964088507347092E+00  0.544529355146272E-01 -0.435840339794825E+00 -0.898375242324371E+00
-0.359772612531542E+00 -0.138991320880544E+00  0.922629438069321E+00 -0.763796775211769E+00 -0.639758787948990E+00  0.855755772293758E-01
 0.263040081031623E+00  0.192037820300406E+00  0.945479450514471E+00  0.283597374019855E+00  0.799178756709607E+00  0.529986645372436E+00
 0.906960185653897E-01  0.293953502911812E+00  0.951506999628622E+00  0.693845365270868E+00  0.302981497935221E+00  0.653284640108020E+00
 0.275086432076232E+00 -0.120924264178834E+00  0.953784450083129E+00  0.382705911303736E+00 -0.325045114119031E-01  0.923298241193522E+00
 0.242413800598649E-02 -0.200597380920029E+00  0.979670768331358E+00  0.275766719892781E+00  0.321530496112418E+00  0.905853661619403E+00
 0.346975977244651E+00  0.255420491056554E+00  0.902423428310429E+00 -0.552748289966778E+00 -0.831226606239320E+00  0.594277462021345E-01
 0.101863454932641E+00 -0.545678184171676E+00  0.831780713811211E+00  0.211112275875574E+00 -0.973078119703662E+00 -0.924693458861913E-01
-0.793835703800905E-01 -0.322759725691667E+00  0.943146016386195E+00 -0.894365154984273E-01 -0.520185166047901E+00  0.849357700100033E+00
-0.779584891706628E-03 -0.631310836974061E+00  0.775529509023678E+00  0.615987682887431E-01  0.992744955564853E+00 -0.103262020829774E+00
-0.255516013611099E+00 -0.142454292540065E+00  0.956252237291606E+00  0.215884007337866E+00  0.854533887860360E-01 -0.972672511033764E+00
-0.632537723681600E-02 -0.177758016664855E+00  0.984053899496460E+00  0.748955229975650E+00 -0.661019543564305E+00  0.460350574905687E-01
-0.152507434234575E+00 -0.504341599772631E+00  0.849930016673120E+00 -0.489255315892100E-01  0.963486042385901E+00 -0.263250714122996E+00
-0.208862333511193E-01 -0.387203759074062E+00  0.921757568027146E+00 -0.784317260846083E-01 -0.611871463691239E+00  0.787058940781267E+00
 0.152297212784608E+00 -0.261001911395102E+00  0.953248950288509E+00 -0.242365690162969E-01  0.743749744752920E+00 -0.668018641882309E+00
 0.259746738196697E+00 -0.181619051883483E+00  0.948444068983048E+00  0.829728881934752E+00 -0.552456300429410E+00  0.796367917432386E-01
-0.483365488108352E-01  0.115593054686326E+00  0.992119863603860E+00 -0.287783850176573E+00 -0.575016356776919E-01 -0.955967581810146E+00
 0.412090078313865E-01 -0.150262989240577E+00  0.987786845295097E+00 -0.314770032041668E-01  0.537300896853450E+00 -0.842803028298880E+00
 0.908541894473178E-01  0.359466493487995E+00  0.928724585826884E+00 -0.388598733313235E+00 -0.841889474234233E+00 -0.374450447510691E+00
 0.177446223471159E+00 -0.228307598484850E+00  0.957281817569886E+00 -0.568225296194392E-01 -0.159251952470372E+00  0.985601347280949E+00
-0.180198444553820E-01 -0.582356912295392E-01  0.998140215336914E+00  0.226915080610542E+00 -0.143476004896281E+00  0.963288213470150E+00
-0.610499773117930E-01 -0.125170947381327E+00  0.990255085420868E+00 -0.709543436577680E+00  0.643469457230127E+00  0.287219722897820E+00
 0.288671318365925E+00 -0.442032492620467E+00  0.849279780414332E+00 -0.639772707639482E+00  0.444404688946976E+00 -0.627052912441675E+00
-0.193102341528075E+00  0.271551271803503E+00  0.942852794702479E+00 -0.181413217724808E-01 -0.997654074187913E+00 -0.660093985778205E-01
-0.653500108814013E-01 -0.341118439995994E+00  0.937746013573238E+00  0.217997016115247E+00  0.448278817127261E+00 -0.866904494785805E+00
 0.136661821300601E+00  0.391391919509571E-01  0.989844265656082E+00  0.773582613443457E+00  0.162015707892801E+00  0.612634353080193E+00
 0.102249586678103E+00 -0.110274719466187E+00  0.988627588261025E+00  0.524402472452266E+00 -0.576492603491505E-01 -0.849516691811966E+00
 0.148071588561151E+00 -0.114421177985165E+00  0.982335278145636E+00  0.556281993491269E+00 -0.235105788202923E+00  0.797041788158477E+00
 0.407406520501302E+00  0.943642731019251E-01  0.908358580635956E+00  0.655388321859952E+00  0.721685156626215E+00  0.222792913430818E+00
-0.203092046777047E+00 -0.417659600856351E+00  0.885615084756591E+00  0.238191142995111E+00  0.774670102608010E+00 -0.585791098877388E+00
-0.276788941495324E+00 -0.631382389989608E-01  0.958854235346545E+00 -0.686641712307398E+00  0.424149936150495E+00  0.590440505540648E+00
-0.440382596685790E-01 -0.558199087723139E+00  0.828537512820282E+00  0.414934295851114E-01  0.408585104228649E+00 -0.911776566875750E+00
 0.257116600024366E-01 -0.291015497631530E+00  0.956372778093454E+00  0.150875836748372E+00  0.956425998098782E+00 -0.249971582477343E+00
 0.397294586546763E-01  0.178565840473367E+00  0.983125531522321E+00 -0.779287350523366E-01 -0.124300677102758E+00 -0.989179687379871E+00
-0.526669538722067E+00 -0.144959301892671E+00  0.837619243915202E+00  0.977944659494362E+00  0.896085371539554E-02 -0.208671862183545E+00
-0.262957352743393E+00 -0.929318597390940E-01  0.960321352508430E+00 -0.331413820786953E-01  0.474441234752637E-01  0.998323947394621E+00
-0.586764190926244E+00 -0.163165046064602E+00  0.793148757793521E+00 -0.763597543174687E+00 -0.594797340128973E+00  0.251266623794487E+00
 0.195046998478450E+00  0.478058018786756E-01  0.979628130308274E+00  0.730100769116293E+00  0.117524731814629E-01  0.683238425668461E+00
 0.122294557785941E-01 -0.970569420657922E-01  0.995203692923311E+00  0.792796421261722E-01 -0.749435914363218E-01  0.994031285446777E+00
-0.279706065471964E+00  0.333696318199546E+00  0.900228462201824E+00 -0.847279241549922E+00 -0.268488537101421E-01  0.530468685120092E+00
 0.686507316853491E-02  0.389711398216624E+00  0.920911448984339E+00 -0.453452705733511E-02 -0.912617812488299E+00 -0.408788657368863E+00
 0.316423768590263E+00 -0.638728043817354E-01  0.946465141213108E+00  0.917826959551414E+00 -0.205949554028935E+00  0.339379512516430E+00
-0.889495134353335E-01 -0.375904853963352E+00  0.922379273849108E+00  0.528087331908575E+00  0.513992384836511E+00 -0.675970116357046E+00
 0.283890668595072E+00  0.158948854494336E+00  0.945590476865953E+00 -0.176771896913432E+00 -0.234302241610410E+00 -0.955957193622164E+00
 0.140485340082853E-01 -0.163158676092557E+00  0.986499815057227E+00  0.407761060030900E+00 -0.181574332385062E+00  0.894852881618758E+00
 0.263064049895664E+00 -0.325095677960152E+00  0.908355715468406E+00 -0.488357539757564E+00 -0.233891125017397E+00 -0.840715085507591E+00
 0.383865310174105E-01 -0.543671204495234E+00  0.838419999546260E+00 -0.144160296896758E+00  0.738266185263869E+00 -0.658924008133391E+00
-0.223216495229836E+00  0.332133292791959E+00  0.916439780932975E+00  0.364666166643206E+00 -0.593334001274659E+00 -0.717616436431854E+00
-0.984854752679885E-01 -0.671718736023688E-01  0.992868848618983E+00 -0.110542779533612E-01  0.907615488517184E-02  0.999897707943883E+00
 0.164879900646012E+00 -0.169991314404003E+00  0.971554204041216E+00 -0.182068921398267E+00 -0.324408455991443E+00  0.928229530634594E+00
-0.290917308505980E+00 -0.297987578463534E+00  0.909159239458675E+00 -0.439320747117787E+00 -0.864377512693617E+00 -0.244640137143245E+00
-0.232302015712771E+00  0.297283137276722E+00  0.926098542157741E+00  0.677870670101345E+00 -0.464117281003094E+00 -0.570163576608194E+00
-0.137228868305052E+00  0.453924830530324E+00  0.880409271834260E+00 -0.196775975483671E+00 -0.977436531602012E+00 -0.767922011813574E-01
-0.186500983065354E+00 -0.154479163277212E+00  0.970233771535927E+00  0.857605495339160E-01  0.605063565632459E-01  0.994476801619365E+00
 0.122533366372024E+00 -0.123617037250349E-01  0.992387405405043E+00 -0.159105077000450E+00  0.439098596701095E-01 -0.986284694546373E+00
 0.236460099613535E+00 -0.148060421919157E+00  0.960294086596329E+00  0.376207246546665E+00 -0.631119850183728E+00  0.678347877088036E+00
 0.204864483943400E+00 -0.113590491623631E+00  0.972176806672174E+00  0.666677288391192E+00  0.719667770018815E+00 -0.193957969517919E+00
 0.398483523432268E+00  0.192423538879787E-01  0.916973616506961E+00 -0.660300155664479E+00 -0.183431294590308E+00 -0.728255905979752E+00
-0.859723408023286E-01  0.515705880664077E-01  0.994961924428997E+00  0.141614222368257E+00 -0.204631465850340E+00  0.968540848496838E+00
 0.258594085186822E+00  0.135325090621796E+00  0.956460254769948E+00  0.571811497012615E+00  0.757348603347149E+00  0.315364400166402E+00
 0.399594696316115E+00  0.503702001969712E+00  0.765903630940432E+00 -0.545354734361133E+00 -0.837470927483064E+00  0.350807544182758E-01
-0.353104203570700E+00 -0.307739736463256E+00  0.883523443957333E+00 -0.529807068391595E+00 -0.509798517242016E+00  0.677797862271744E+00
 0.344487709805068E-01  0.154368210734295E-01  0.999287239352670E+00 -0.142538838066061E-01 -0.319050417147525E-02 -0.999893318049261E+00
-0.871592239581842E-01  0.453522221136292E-01  0.995161517357039E+00 -0.118574008561823E+00 -0.542526575736700E+00 -0.831627993223528E+00
 0.104273139055964E+00  0.219543181453506E+00  0.970014383372066E+00 -0.803608237658808E+00 -0.529770069083527E+00 -0.271214812040455E+00
 0.181438439750634E+00  0.320575538098497E+00  0.929683503647190E+00 -0.371087090650322E+00 -0.604846480660263E+00 -0.704595703922167E+00
-0.345889773330417E+00 -0.354448335742470E+00  0.868750045752416E+00  0.276085108234809E+00  0.133662430936524E+00 -0.951793763147833E+00
-0.139972809209966E+00  0.656543331448689E-01  0.987976275636806E+00 -0.274472783148979E+00 -0.983735530367508E-01  0.956549703556161E+00
-0.152608884626979E+00  0.193050636784634E-01  0.988098093738309E+00 -0.127911476546721E+00  0.178304821237511E-01  0.991625296205614E+00
 0.202105293592923E+00 -0.671382299905058E-01  0.977059828452414E+00 -0.100489667011215E+00 -0.994675670350597E+00  0.228503312134656E-01
 0.747308242495525E-02 -0.381333291727998E+00  0.924407417570283E+00  0.244308251946896E+00  0.663462517116038E+00 -0.707199382361653E+00
 0.119017008166879E-01 -0.489889934825672E-01  0.998728405541384E+00 -0.188888769684674E+00 -0.240481158654046E+00  0.952097602674966E+00
-0.350338368003331E+00 -0.315822122984756E+00  0.881770613333288E+00  0.651208081518163E+00  0.673180401086493E+00 -0.350365783372838E+00
-0.230590174843668E+00  0.858227278009046E-02  0.973013111864118E+00  0.905592584752226E+00  0.323567332432150E+00 -0.274237582808275E+00
 0.103311580839511E+00  0.164858770063769E+00  0.980891585853148E+00 -0.565780155509104E+00 -0.288618182272284E+00 -0.772393915365687E+00
 0.169044105619413E+00  0.576947395420290E+00  0.799096861008149E+00 -0.582490739024441E-02 -0.926150978018571E+00 -0.377107990327890E+00
-0.353386700624613E+00 -0.892412333081159E-01  0.931210954671011E+00 -0.170689214249320E+00  0.107091776975459E+00  0.979487898569037E+00
-0.458500929475820E+00 -0.190510366132357E+00  0.868033811591417E+00 -0.864002196307232E+00  0.945991613403954E-02  0.503399160471107E+00
-0.166216609582830E+00 -0.118886394396372E+00  0.978896349940186E+00 -0.565737880460069E-01 -0.394787041990453E+00  0.917029224170393E+00
 0.267448896610191E+00 -0.609118695480798E+00  0.746622731048126E+00  0.756773285041208E+00 -0.645924569552317E+00  0.100377514895476E+00
-0.480486497265836E+00 -0.147704100166232E+00  0.864474536779014E+00 -0.934487622564418E+00  0.220235360738914E-01  0.355313730571596E+00
-0.163128184842773E+00 -0.491804334261314E+00  0.855288075511221E+00  0.154014738898074E+00 -0.986887387193824E+00  0.482985010109671E-01
 0.554188343677498E-01 -0.164460060734207E+00  0.984825690780161E+00 -0.942159784130579E+00 -0.259601707868091E+00 -0.211995033996062E+00
-0.421382423018842E-01 -0.186293371435890E+00  0.981590112162280E+00 -0.787348659239047E+00 -0.483621878930281E+00  0.382350581292118E+00
 0.957245592395963E-01  0.357034429228910E+00  0.929173409597784E+00 -0.140439766918934E+00 -0.934242767073652E+00 -0.327821787009835E+00
-0.250462985736151E-01  0.644151951402108E-01  0.997608823919882E+00  0.116741480077498E+00 -0.302638100532346E+00 -0.945928965057889E+00
-0.386608403291141E-01  0.238889684696983E+00  0.970276794513000E+00  0.129998239080941E-01  0.185882152695323E-01 -0.999742708316221E+00
-0.169196012291853E+00 -0.433031953867843E-01  0.984630663088363E+00 -0.189392635866620E+00 -0.498651518434181E-01  0.980634435511586E+00
 0.871248224661515E-03 -0.311880096152932E+00  0.950121069417034E+00  0.401008776851061E-01  0.340732964036510E+00 -0.939304512300340E+00
 0.320523399864114E+00 -0.602200017789666E-01  0.945324442466866E+00  0.411527110303785E+00 -0.581913600711751E+00  0.701442797946989E+00
-0.408357271132312E+00  0.293854914798626E-01  0.912349073547981E+00  0.564096073421819E+00  0.753400178961565E+00 -0.337910920644433E+00
-0.159091229960024E+00 -0.933102269232646E-01  0.982844434334008E+00 -0.380872192202997E+00 -0.177987940801900E+00  0.907334925005966E+00
 0.368469095899542E-01  0.379651476348914E+00  0.924395511542413E+00 -0.242722962779660E+00 -0.918700598991387E+00 -0.311568247342907E+00
-0.173520402466835E+00  0.472819275585731E+00  0.863905436122688E+00 -0.828519982130486E+00  0.559886518442920E+00  0.904022545986232E-02
-0.908311959875490E-01  0.101839091765507E+00  0.990645493213313E+00 -0.273039651879289E-01  0.220936277116244E-01 -0.999382992200466E+00
-0.139936846635027E+00 -0.214661523263553E+00  0.966611664208546E+00 -0.159726437800084E+00 -0.849795088432974E+00  0.502330342247898E+00
-0.133588587702466E+00 -0.408056465503377E+00  0.903130118087395E+00 -0.274769875374200E+00 -0.628833886128624E+00  0.727371610143824E+00
 0.111562316810366E+00 -0.729337909470081E-01  0.991077449852433E+00 -0.945943800644792E+00 -0.118747638727038E+00 -0.301810079882098E+00
 0.441303084294870E+00 -0.336034705931179E+00  0.832065060077384E+00  0.669894427765704E+00 -0.515158985310533E+00  0.534651919946316E+00
 0.736318671520539E-01 -0.519258517042136E-01  0.995932755794534E+00  0.216783740873071E+00 -0.221455927258383E+00  0.950769205420120E+00
-0.739358754459158E-01 -0.863376939337669E-01  0.993518640453336E+00 -0.170205088519371E+00 -0.346110849310938E+00 -0.922625334483816E+00
 0.477412280597708E-01 -0.139559022466129E+00  0.989062209566033E+00 -0.758551906446367E+00  0.639712821994135E+00 -0.123961730396455E+00
 0.542107616679271E-01  0.215627662833101E+00  0.974969694062599E+00  0.531014140231644E-01 -0.258991313024275E-01 -0.998253211778715E+00
 0.837479543366731E-01  0.110232973118580E-03  0.996486963283070E+00  0.803248418656902E-01  0.362280701710749E+00 -0.928601428464990E+00
-0.460176604385349E+00  0.271931043219977E+00  0.845157382094995E+00  0.651367849288139E+00 -0.430005804159741E+00 -0.625151928176407E+00
-0.115737624836790E+00 -0.905745144174758E-01  0.989141577093581E+00 -0.186552596328124E+00 -0.496007978369409E+00  0.848041398869847E+00
 0.531622344765521E+00 -0.380118913041024E-01  0.846128110078784E+00 -0.850837644333418E+00  0.898318422163805E-01 -0.517692517918861E+00
-0.210807027195562E-01 -0.564031555632398E-01  0.998185497798560E+00 -0.833167881131900E-02 -0.139749937226613E+00 -0.990151775322017E+00
-0.189311453790926E+00 -0.149784606106270E+00  0.970425548528663E+00  0.377358117488256E+00  0.127839251674779E+00 -0.917201164901655E+00
 0.290998344588450E+00  0.119196510792091E+00  0.949269274369382E+00  0.705992691281142E-02 -0.973377976797597E+00 -0.229097079242409E+00
-0.204507041218176E+00 -0.191363925950775E-01  0.978678020888706E+00  0.876823063927428E+00 -0.395164093798737E+00 -0.273909936908357E+00
-0.376222629660418E+00  0.259188356736630E+00  0.889538042280130E+00 -0.641040804713996E+00 -0.512204973572950E-01  0.765795760854096E+00
 0.785090545524684E-01  0.965918432324795E-01  0.992222930683538E+00  0.747126653297887E+00  0.325107122026529E+00  0.579747464970332E+00
 0.772938058930167E-01 -0.302198174777507E+00  0.950106273388254E+00  0.111272773497872E+00  0.912655346683823E+00 -0.393291988282907E+00
-0.186880118584337E+00 -0.532423628739215E+00  0.825591243193671E+00 -0.299044403722333E+00 -0.522329108526255E+00  0.798589222935372E+00
-0.928565036194850E-01  0.490283751216271E-01  0.994471662828307E+00 -0.174628464244735E-01  0.974129003831714E-01 -0.995090837980982E+00
-0.626257545359203E-01  0.734464985638972E-01  0.995330913172855E+00  0.510281355825873E-01 -0.121537204480473E+00 -0.991274350170545E+00
-0.114701220472083E+00  0.185904821438416E+00  0.975849900029797E+00  0.132361295141859E+00  0.990861699928675E+00 -0.259534036847783E-01
 0.418578163763296E+00 -0.397293699338046E+00  0.816670090848709E+00 -0.455588909302417E+00  0.505064825538035E+00 -0.733040427074025E+00
-0.214246065930927E+00 -0.259141529870147E+00  0.941777198030235E+00 -0.137917625967235E+00  0.954305910661052E+00 -0.265101786725292E+00
-0.532635948350040E+00 -0.126176683846431E+00  0.836886127844626E+00 -0.947473538613849E+00  0.124462619125883E+00  0.294623403800304E+00
-0.199586503530890E+00 -0.457205532491848E+00  0.866676599815156E+00 -0.938737280362151E+00  0.376340995419274E-01  0.342572609836135E+00
-0.181227452359784E-01  0.841238674903006E-01  0.996290490280614E+00  0.593405024621004E+00  0.218102359330268E-01 -0.804608470228279E+00
 0.239425318446604E-01  0.203386397668466E+00  0.978805766438016E+00  0.506643277209708E+00 -0.149906160175721E+00 -0.849023399441722E+00
 0.158345025880502E-01 -0.494696877360230E+00  0.868921324434972E+00 -0.107896128748608E+00  0.969793467229595E+00 -0.218767128060556E+00
 0.423313627301743E+00  0.788168474667386E-01  0.902548324188819E+00  0.557845838950332E+00  0.486956279737938E+00  0.672072616306889E+00
-0.207994675873702E+00 -0.802493309414020E-01  0.974832426467057E+00 -0.593005030881245E+00  0.210129420719496E+00  0.777297021670367E+00
 0.195324526754934E+00 -0.156929943270411E+00  0.968101917234496E+00 -0.308062363437362E+00 -0.378895130082391E+00  0.872660335201065E+00
 0.192711890571220E+00  0.551546571519015E-01  0.979704083398106E+00 -0.367981854415196E+00 -0.281897474023253E+00 -0.886071762872772E+00
-0.105456007060945E+00  0.137542341420496E+00  0.984866049212445E+00 -0.386521546393719E-01 -0.308407873868568E-01 -0.998776680131796E+00
 0.363531930238857E+00 -0.897679474453615E-01  0.927246596816757E+00  0.687815785237319E+00 -0.417693479606099E+00  0.593667922893700E+00
-0.234965276424456E+00  0.105746045959749E-01  0.971946241626777E+00  0.413811340578252E+00 -0.200699706943255E+00 -0.887963851765218E+00
-0.150551545223101E+00 -0.168422818870066E+00  0.974149878773691E+00 -0.503953387072232E+00  0.863704248660560E+00  0.677897515286355E-02
 0.387342071636972E+00 -0.136944054263713E+00  0.911708531023921E+00 -0.563069288250584E+00  0.812211283854372E+00 -0.152531331235958E+00
 0.147242938440283E+00 -0.111408772031046E+00  0.982805984207466E+00  0.766743044115333E-01 -0.753129787039915E-01 -0.994207727933021E+00
-0.284736680121481E-01 -0.123303923756083E+00  0.991960378551627E+00 -0.519112269590316E+00 -0.731970862138498E+00  0.441294809102729E+00
 0.572399345604202E-03 -0.171136153071454E+00  0.985247222513666E+00  0.241002652026392E+00 -0.142074303863406E+00  0.960069067254005E+00
-0.274748527544475E+00 -0.522636557890754E+00  0.807071418753166E+00  0.531968499685949E+00  0.832605371185322E+00 -0.154200555171612E+00
-0.192700081727751E+00  0.131742404224403E-01  0.981169260572002E+00  0.561275266250323E-01  0.108311201858298E+00  0.992531301424276E+00
 0.214347450295503E-01 -0.291099518398884E+00  0.956452624071603E+00 -0.256079963477639E+00  0.118737810370106E+00 -0.959335386970482E+00
 0.304922678975352E+00  0.644342594796370E-01  0.950194920030519E+00 -0.776345134306570E+00 -0.515620121484030E+00 -0.362524651243619E+00
-0.165626281780938E+00 -0.174877044607469E+00  0.970559608706636E+00 -0.214700243125904E+00 -0.875647821799603E+00  0.432602239683625E+00
-0.671803801466604E-01 -0.107508454773732E-01  0.997682923500684E+00 -0.119276624805633E+00 -0.635538042004919E-01  0.990824909227973E+00
-0.834044007417772E-01  0.557928163835071E-02  0.996500164351870E+00 -0.185591519974471E+00 -0.110494007095391E+00  0.976394829005956E+00
 0.177134472752681E+00 -0.311791919572411E+00  0.933492998073355E+00  0.547974712461160E+00 -0.746160964636556E+00  0.378110472422748E+00
-0.604943030600031E-01 -0.124600888710829E+00  0.990361074472213E+00 -0.224920353916879E+00 -0.974040278601862E+00  0.256197200436197E-01
 0.248617274700094E-02  0.173749541504106E+00  0.984786736188189E+00  0.172312649461622E+00  0.698951206717655E+00  0.694100541321969E+00
 0.576745818397324E-01  0.156392054840588E+00  0.986009719927928E+00 -0.144695935675790E+00 -0.133240261120271E+00 -0.980464236479592E+00
 0.368097473714833E-01  0.442859932295431E-01  0.998340519713650E+00  0.107629405159008E-01 -0.214387656227695E+00  0.976689352849025E+00
-0.501927387872166E-01 -0.487237951322022E+00  0.871825594809282E+00  0.300071442389515E+00 -0.718670609088440E+00  0.627271619870313E+00
-0.224720835869593E+00 -0.134623903294247E+00  0.965078727663133E+00 -0.677674284261987E+00 -0.141556510581137E+00  0.721608840551511E+00
-0.197030972753870E+00 -0.275330845779698E+00  0.940941932925672E+00  0.830489864418510E-01  0.831394439215677E+00 -0.549441673239509E+00
-0.718345505586731E-01  0.269177227109365E+00  0.960407943403087E+00 -0.189957045161813E+00  0.141239055406829E+00  0.971580079160323E+00
 0.270484928627169E-01 -0.124899874245195E+00  0.991800585020694E+00 -0.115129422474468E+00 -0.805747930520913E-01  0.990077228707593E+00
-0.439747757145383E-01 -0.332502222438529E+00  0.942076690707447E+00 -0.321053944697380E+00 -0.933322282545690E+00  0.160729217934872E+00
-0.153652029836018E+00 -0.130645947273241E+00  0.979450197911231E+00 -0.363646434873823E+00 -0.872707269830710E+00  0.325796395910372E+00
-0.589904641954045E-01  0.143678584237560E+00  0.987864661563264E+00 -0.138913687738021E+00 -0.751879018776356E+00 -0.644500526363577E+00
 0.425717283254916E+00  0.598588711120223E-01  0.902874138674515E+00 -0.502050633963166E+00 -0.564839308671096E+00 -0.654905883556670E+00
 0.194318253066091E+00  0.275597333401989E+00  0.941427918827063E+00 -0.309562741711963E+00 -0.428001547860312E+00 -0.849108699739291E+00
 0.164739253196513E+00  0.330421293388664E-01  0.985783544265681E+00 -0.180640541391973E+00 -0.429350878881909E+00 -0.884888025463644E+00
-0.181297218356152E+00 -0.163710575358699E+00  0.969706226716136E+00  0.341412012807950E+00  0.886844282798175E+00 -0.311360009600807E+00
-0.323836172798492E-01  0.459717478938429E+00  0.887474586053239E+00  0.112965786708766E+00 -0.846229013687171E+00 -0.520706431136881E+00
-0.526842585001455E+00  0.242757918447605E+00  0.814558459326260E+00  0.372525197865755E+00 -0.681251530946495E+00 -0.630175633088219E+00
 0.350024682040135E+00  0.167856611381516E+00  0.921578471958963E+00 -0.328305567625814E+00 -0.211456150573579E+00 -0.920598582798440E+00
 0.207890290690551E+00  0.707166684605939E-01  0.975592527563856E+00 -0.581347851084373E+00 -0.533286785937848E+00  0.614524108545516E+00
-0.153415732784272E+00  0.137431253319166E+00  0.978558257614430E+00  0.711880306263636E+00 -0.170976319133922E+00 -0.681170703898375E+00
 0.218754358333880E+00 -0.208309483582557E-01  0.975557585332833E+00 -0.288510810394416E+00  0.290445329304157E+00 -0.912361234912443E+00
 0.105986847955616E+00 -0.273884167895253E+00  0.955904938075308E+00 -0.223236083253457E+00 -0.558008160574115E-01 -0.973165926274129E+00
 0.101708452899903E+00 -0.416715437045452E-01  0.993941081278960E+00  0.420316827021102E+00  0.116039638969364E+00  0.899926978765929E+00
 0.977752155838693E-01  0.235814190497511E+00  0.966866937472541E+00 -0.969653152160499E-03  0.822843255230300E-02  0.999965675746171E+00
 0.437568583061118E-01 -0.260907803784719E+00  0.964371533837148E+00 -0.106835868038162E+00  0.372721792745383E+00 -0.921772511259259E+00
 0.372482250963847E-01  0.361292519411460E-01  0.998652715853385E+00 -0.787396372963598E+00 -0.602649166970194E+00  0.129695541148885E+00
 0.124321294885334E+00  0.238789353178413E+00  0.963080401859922E+00 -0.341282965741326E+00  0.948066809103969E-01 -0.935167167168287E+00
 0.119967700750292E+00  0.239061354438214E+00  0.963564953488271E+00  0.286702636858055E+00 -0.322721272109770E+00 -0.902026927838903E+00
 0.216291250086207E+00  0.239895704046518E+00  0.946397456841559E+00  0.951891625223817E+00  0.512753434772570E-01  0.302114503094520E+00
 0.411520992241583E+00  0.194465867460887E+00  0.890411982925425E+00  0.841725101964114E+00  0.227791883889265E+00  0.489499448781795E+00
 0.652341065363279E-01 -0.153689038985375E+00  0.985963584844876E+00  0.915206098026958E-01  0.409863860946812E+00 -0.907543714358220E+00
-0.558485086632092E-01 -0.247287374095386E+00  0.967331328290935E+00 -0.858000880739128E-01  0.304218272025707E+00 -0.948730513819494E+00
 0.143540496065765E+00  0.161568610122818E+00  0.976366585976894E+00  0.461622319860930E-01  0.475052952323408E-01  0.997803735843352E+00
-0.671049194506008E-01  0.192090842641264E+00  0.979080199962647E+00 -0.648010929610053E+00  0.702445873566115E+00  0.294366488948474E+00
 0.113401590255038E-01 -0.130454578254031E+00  0.991389430953265E+00 -0.295703356982133E+00 -0.216317510087519E+00 -0.930465614356078E+00
-0.902287733689046E-01  0.379546395366485E-01  0.995197575255279E+00 -0.946685108416024E-01 -0.121402476885365E+00 -0.988078595892620E+00
 0.240378229233414E+00 -0.317672203030741E+00  0.917225532970056E+00 -0.434402314698947E+00  0.594442704932894E+00 -0.676707100255540E+00
 0.200519797848897E+00  0.109450503388416E+00  0.973556571534834E+00  0.108100267938676E+00 -0.256853135632252E+00  0.960385755198122E+00
 0.210960232435236E+00  0.781765027390445E-01  0.974363492106700E+00  0.107218025117882E+00 -0.496063087616978E+00 -0.861641287424025E+00
 0.272430138648264E+00  0.423287313352629E+00  0.864065778694424E+00  0.126069837397944E+00  0.952687695263213E+00  0.276572868142420E+00
 0.476397463942004E+00 -0.157574951110192E+00  0.864994561331022E+00 -0.751106612745582E+00  0.496324638161758E+00 -0.435316792512601E+00
-0.397721999322732E+00 -0.408002341087733E+00  0.821797603380332E+00  0.151620211962292E+00  0.869534493953335E+00 -0.470022419837423E+00
-0.994785774110518E-01 -0.114889414640516E+00  0.988384760627071E+00  0.194241538689654E+00  0.254514657508347E+00 -0.947360814980694E+00
 0.937966332321955E-02  0.282378999719164E+00  0.959257067961215E+00 -0.120104098928617E+00 -0.971093544823148E+00 -0.206282167487542E+00
-0.199696459419666E+00  0.119620506677869E+00  0.972528795706009E+00  0.741157795308882E-01  0.245424049208957E-01  0.996947602226530E+00
 0.216724518982795E+00  0.329827030357976E+00  0.918827847268962E+00 -0.826278515691359E+00 -0.560465768515528E+00 -0.560529823397791E-01
 0.387921373226281E+00  0.227155597293551E-01  0.921412508890789E+00  0.374171658137708E+00 -0.406946011770755E-01  0.926466145998609E+00
-0.274427838363528E+00  0.172007309272587E+00  0.946098751234736E+00  0.574177224399467E+00 -0.416667042530974E+00 -0.704775915202425E+00
 0.139318043808611E+00 -0.219866267647749E-01  0.990003571161664E+00  0.367269327045650E+00 -0.136291443657319E+00  0.920074933794655E+00
 0.113578910921262E+00  0.170195210054387E+00  0.978842899278778E+00  0.916887071911412E-02 -0.738868335730521E+00 -0.673787439972389E+00
-0.333027544776473E+00  0.340312973143063E+00  0.879363255276614E+00  0.445061065470589E+00 -0.659828628193989E+00 -0.605431110381539E+00
-0.201036830463899E+00 -0.295133677458452E+00  0.934066542183628E+00  0.161314334223420E+00 -0.963310252138693E+00  0.214501850105175E+00
 0.376976069481655E+00 -0.158405006681790E+00  0.912577063538364E+00  0.883158118967334E+00 -0.356794616956892E+00  0.304514922807841E+00
 0.308588486256946E+00  0.853039130352369E-01  0.947362860033326E+00 -0.479322736122484E+00 -0.844596227120644E+00 -0.238551729756103E+00
 0.250919463291975E+00  0.420391135171160E+00  0.871957978580832E+00  0.610069427486987E+00  0.770677312387141E+00  0.184042858642849E+00
 0.933380548618219E-01 -0.181863286874344E+00  0.978883932037845E+00 -0.244737135584830E+00  0.348888828189591E+00 -0.904643753104075E+00
 0.780747054687083E-01 -0.366611807315005E+00  0.927092294813844E+00  0.141583415352008E+00  0.989910870556542E+00  0.553216515031290E-02
 0.674361557304134E-01  0.202224025514934E+00  0.977014743187041E+00  0.420035562932973E+00 -0.393787981338689E+00  0.817619197196825E+00
-0.197191949391355E-02 -0.223237830357547E+00  0.974762013329800E+00  0.627202497010807E-02  0.539970794080600E-01 -0.998521395423340E+00
 0.205950091395915E+00 -0.133716784723991E+00  0.969383505810312E+00  0.806280083701259E+00 -0.404384020069587E-01  0.590150118418877E+00
 0.127588358181896E+00  0.679662963283814E-02  0.991803920481303E+00  0.418722179713240E+00  0.611480453896149E-01  0.906053338805847E+00
 0.551734645459801E+00  0.236473921481475E+00  0.799793076650780E+00 -0.798135445642922E+00  0.938596621294878E-02 -0.602404941917497E+00
 0.123504822898195E+00  0.596232280796585E-01  0.990551174545892E+00  0.285010478755877E+00  0.227937188782998E+00  0.931028283656866E+00
 0.707552409509753E-01  0.165959500261805E+00  0.983590941474565E+00 -0.226761040848057E+00 -0.285744750441479E+00 -0.931090418782538E+00
 0.105326794023911E+00 -0.163421519028330E+00  0.980917771058878E+00  0.263688416485428E+00 -0.259711871748578E+00  0.928987708575446E+00
-0.188709607162803E+00  0.678525526700493E-01  0.979686028919785E+00  0.270699003381317E+00 -0.955924861300557E+00  0.113708878790850E+00
-0.310457219124359E+00 -0.239170407615915E+00  0.920007516933643E+00 -0.544668210310872E+00 -0.788476587665602E+00  0.285729262379545E+00
 0.385514865890797E+00  0.760177183923129E-01  0.919564894212273E+00  0.285474347315956E+00  0.585359973547005E+00  0.758853146790325E+00
-0.812073310977124E-01 -0.422009127952071E+00  0.902947210694578E+00 -0.322607455810252E+00 -0.720503539258471E+00  0.613839620236144E+00
 0.357351702372569E+00 -0.655047113944027E-01  0.931669948853435E+00  0.409833501361987E+00 -0.508613546953489E+00  0.757197966859899E+00
-0.220626476901293E+00 -0.882222201827592E-01  0.971360282056122E+00 -0.940212499477185E+00  0.329584816491819E+00 -0.858737711115428E-01
 0.221624147722897E+00 -0.169039383962604E+00  0.960368899858613E+00 -0.576415453605629E+00  0.786217993165684E+00 -0.222725149157299E+00
-0.676253543983605E-01  0.196234375756832E+00  0.978222306642934E+00  0.217869447797651E+00 -0.956197756191423E+00 -0.195496175847085E+00
-0.406759337321624E+00  0.109507587646835E-01  0.913469716183383E+00 -0.898097685144493E+00 -0.695826487764490E-01  0.434256609537906E+00
-0.187094344721287E+00  0.966116140228932E-01  0.977579614256150E+00  0.303384110196519E+00 -0.618623876206517E+00 -0.724750013085540E+00
-0.175075759398337E+00  0.522113083504579E-01  0.983169597654153E+00  0.188359399629312E+00 -0.306805990739794E+00  0.932947383627532E+00
 0.853790823022537E-01 -0.223197161601603E+00  0.971027002383668E+00  0.203822597049069E+00 -0.476994333925482E-01  0.977845137527514E+00
-0.357280958498603E+00  0.129151491149847E-01  0.933907659042187E+00  0.705915980698011E+00 -0.693728682662972E-01 -0.704890086001834E+00
-0.120892300904901E+00 -0.128980675585287E+00  0.984250494999866E+00 -0.317010302738290E-01 -0.540978812272201E-01  0.998032296033702E+00
-0.419462652218086E+00 -0.201397553430321E+00  0.885149766348300E+00 -0.850139282848939E+00 -0.297011215650924E+00  0.434795972307302E+00
-0.293803203084776E+00  0.527484297418187E-01  0.954409388583798E+00 -0.933456075457288E+00 -0.605284034299921E-01  0.353547829253828E+00
 0.603761653316385E+00  0.563712609628385E-01  0.795169256776269E+00 -0.884902727956535E+00 -0.383663426409073E+00 -0.264101376920176E+00
 0.704869064202200E-01 -0.252541595939531E+00  0.965015201094585E+00 -0.998451946140385E-01  0.152546136307526E-01  0.994886040647602E+00
-0.153445747595297E+00 -0.236738337934403E+00  0.959379675570093E+00  0.238489657018700E+00 -0.243927823039141E+00  0.940011649205736E+00
-0.274432353172584E+00  0.177071901409987E+00  0.945162644872939E+00  0.536697143144699E+00 -0.532508747661554E+00 -0.654515553829122E+00
 0.264154642269930E+00 -0.204781162127076E+00  0.942489788064109E+00 -0.624087922197269E+00  0.616260176860048E+00 -0.480351600167958E+00
 0.526239935682468E-01  0.203558680108129E+00  0.977647471767592E+00 -0.813851586985919E+00 -0.486403739348648E+00 -0.317894631455383E+00
-0.213943063644529E+00 -0.591402862461337E+00  0.777477343586892E+00 -0.486329124625385E+00 -0.738631530573293E+00  0.466805574713993E+00
-0.893510595443862E-01 -0.853099481924997E-02  0.995963659118991E+00 -0.113029703064971E+00 -0.237029178797139E+00 -0.964904894082209E+00
-0.846603310767576E-01  0.203655782923501E-01  0.996201722324747E+00 -0.861382295326379E-01 -0.129340751534500E+00  0.987851798300470E+00
 0.262887790847603E+00 -0.410626276193717E-01  0.963952213564687E+00  0.882708519603747E+00 -0.420217624768285E+00  0.210339766218997E+00
-0.259167397282138E+00 -0.281274413850459E+00  0.923968053722142E+00 -0.235876707921275E+00 -0.479926274378306E+00  0.845004704023345E+00
 0.111665088808696E+00 -0.283204876759855E+00  0.952536563981027E+00 -0.685718420635759E+00  0.596510268784688E+00 -0.417092012432772E+00
-0.137231754073654E+00 -0.113833141185094E+00  0.983976352176109E+00  0.227074519188244E+00  0.844701416071511E+00 -0.484682040540200E+00
-0.151961863936839E+00 -0.310538909981316E+00  0.938335322417556E+00 -0.832285604926255E+00 -0.445767139542243E+00  0.329533502298119E+00
 0.245794610791473E+00 -0.318389927887759E+00  0.915539656773805E+00 -0.444221198036290E+00  0.788495195210405E+00 -0.425373781920453E+00
-0.302504146535550E-02 -0.310626846257266E-01  0.999512860721650E+00  0.830164203292945E-03  0.402758132332605E-01  0.999188255383236E+00
-0.390902480763006E-01  0.130068248515508E+00  0.990734173849596E+00  0.388711483241267E+00  0.189217312818004E+00  0.901720683652265E+00
 0.259643839627773E+00  0.545578215701375E-01  0.964162082146393E+00 -0.937687560927534E+00  0.290401927827299E+00 -0.190810792137031E+00
 0.379326516939620E-01 -0.238341232682702E+00  0.970440400405277E+00  0.333741152785088E+00  0.433121220721592E+00 -0.837271073845453E+00
-0.340959722545451E+00 -0.308136115202536E+00  0.888143345473927E+00 -0.451199416001059E+00 -0.338543695596263E+00  0.825716206194554E+00
 0.156165465575891E-01  0.367803647930664E+00  0.929772337748608E+00 -0.345569067230296E-01 -0.851529364294698E+00 -0.523166858604024E+00
-0.204390702315894E+00  0.867987489196364E-01  0.975033547111484E+00  0.167990948611245E+00  0.365445381483787E+00 -0.915548313491354E+00
-0.168044260364656E+00 -0.394043041036715E-01  0.984991587464889E+00 -0.827617901372413E-02 -0.565000925590187E-01 -0.998368290963688E+00
-0.222083699770318E+00 -0.976152901511178E-01  0.970128901448174E+00  0.487780177245805E+00  0.871307786680907E+00  0.537888422934544E-01
-0.913357554080785E-01  0.531107936587967E+00  0.842366986222340E+00  0.211904862376846E+00 -0.860749848628417E+00 -0.462823970195157E+00
-0.191412413945146E-01  0.760687376782426E-01  0.996918833218590E+00  0.480974175060572E-02  0.173401243044722E-02  0.999986929707176E+00
-0.315171643731215E+00 -0.173615155885386E+00  0.933019084818021E+00 -0.222066597916940E-01 -0.526796974317319E+00  0.849701013363532E+00
 0.188798741244797E+00  0.709618245357064E-01  0.979448546255976E+00  0.109942898113598E+00 -0.984434213879608E-01 -0.989050783296700E+00
 0.464179245192666E+00 -0.218298494713656E+00  0.858419125799349E+00 -0.972457656683516E+00 -0.818398124595482E-01 -0.218239206042797E+00
 0.183040484542976E+00 -0.211751457678704E+00  0.960029948068922E+00  0.936086826887356E-01  0.969832631138657E+00 -0.225082389590899E+00
-0.235944582251235E+00 -0.384674559048036E+00  0.892387605095168E+00  0.784225134515236E-02  0.998758922214618E+00  0.491844933951188E-01
 0.192259460162097E+00 -0.887049939369168E-01  0.977326825595630E+00 -0.366637427468650E+00  0.325555819886158E+00 -0.871544838156604E+00
 0.194391351641331E-01 -0.245059520202850E+00  0.969313133915981E+00  0.479102131682800E+00 -0.875742833724371E+00  0.594612192727783E-01
 0.208643509473013E+00  0.270481989051103E+00  0.939844337937801E+00  0.786771471368012E+00  0.342839704541748E+00  0.513275353812299E+00
 0.603056250096033E-01  0.761139946967062E-01  0.995273777110354E+00  0.893263360923463E+00  0.350200068409630E+00  0.281851876200266E+00
-0.213710510900599E+00  0.199161496685406E+00  0.956379901382622E+00  0.950415617371700E+00 -0.209455387762298E+00 -0.229866471659778E+00
 0.244425009602936E+00 -0.134537910874080E+00  0.960289521560161E+00  0.727597138686870E+00 -0.667663840848396E+00 -0.157567126642101E+00
-0.357073671374502E-01 -0.120344580452650E+00  0.992089797290440E+00  0.711914202895267E-01  0.667048503117204E-01 -0.995229744642940E+00
-0.547760208446802E+00 -0.200530036483308E+00  0.812247781474544E+00  0.752677829037085E+00  0.520737650906334E+00 -0.402875147663112E+00
 0.220551503533221E+00 -0.103544403314485E+00  0.969863697037621E+00  0.148755271793157E+00  0.745090794071626E-01  0.986063013300692E+00
 0.209847473655565E+00  0.137010561096085E-01  0.977638132880392E+00 -0.291421099880675E+00 -0.954034480383045E+00 -0.699424962707966E-01
 0.666016376257561E-01 -0.247918634313578E+00  0.966488785566422E+00 -0.246834222249316E+00 -0.686981625008833E+00  0.683468443768107E+00
 0.312384675817320E+00  0.245391194372297E+00  0.917713994684099E+00  0.334201671142210E+00  0.825845245382389E+00  0.454190349616828E+00
 0.346885577093399E+00  0.201529818633582E-01  0.937690915881451E+00  0.871977069329714E+00  0.305478775475115E+00  0.382542426793928E+00
-0.133585007723490E+00 -0.107342936485536E+00  0.985206851223730E+00  0.322067936302291E+00 -0.219152133345782E+00 -0.921001947259601E+00
 0.422646519241602E+00 -0.188461697466485E+00  0.886482999476588E+00  0.507064496009715E+00  0.378076605439189E+00  0.774560312245595E+00
-0.177726007670697E+00  0.286216815242806E-01  0.983663695347225E+00 -0.510799512900417E-01  0.774805521027353E+00  0.630132718688483E+00
 0.613856882678866E-01 -0.373761678285148E-01  0.997414066150229E+00  0.195162961484672E+00  0.135912419489268E+00  0.971308000941568E+00
 0.291419445477533E+00  0.102473096193827E+00  0.951090937478650E+00 -0.918861950569292E+00 -0.175507050985755E+00  0.353397779917021E+00
-0.837403179112997E-01  0.237250857174516E+00  0.967832418307050E+00 -0.685672276190196E+00  0.127963420323620E+00  0.716574415342354E+00
 0.230697348494478E+00 -0.620676953525623E-01  0.971043940607859E+00  0.909470846386751E+00 -0.100971555257683E+00  0.403320622583834E+00
-0.100419465354102E+00 -0.134433252725507E+00  0.985821297974251E+00  0.197591034772092E+00 -0.160529805827558E+00 -0.967051169493456E+00
 0.482290951314389E-01  0.344617807314702E-01  0.998241624082876E+00  0.573107770570151E+00 -0.817835001079597E+00  0.518979221284097E-01
-0.149282882841117E+00 -0.631142418846453E-01  0.986778198665724E+00 -0.733489770464982E+00 -0.290581047864410E+00  0.614455377749474E+00
 0.897115735532534E-02 -0.300688769116812E+00  0.953680125861246E+00  0.125850958333808E+00 -0.669820031563030E+00  0.731780473641763E+00
-0.198991091981178E+00 -0.228469138520445E+00  0.952997585545663E+00  0.280044211480919E+00  0.939482670192950E+00 -0.197351341579313E+00
-0.124542635437739E+00  0.150883434967774E+00  0.980674931366428E+00  0.435500215534047E+00 -0.573516217957369E+00 -0.693843433354870E+00
-0.149852859651412E+00 -0.218618286790662E+00  0.964235534055352E+00 -0.374272525479093E+00  0.903006384194683E+00 -0.210949156848626E+00
-0.266977962543398E+00  0.159255243324084E-01  0.963571037957718E+00 -0.913718105970352E-02  0.296299950614930E-01 -0.999519172059715E+00
-0.452814272498163E-01  0.109732947571627E+00  0.992929137735147E+00  0.945914871970994E-01 -0.208650924620148E+00 -0.973404973382096E+00
-0.199885824512590E+00  0.154110080717089E+00  0.967623759619561E+00 -0.380300120229451E+00  0.546126608122487E+00  0.746403072377179E+00
-0.181425898565668E+00  0.266863593342545E+00  0.946503283606531E+00  0.367542757983217E+00 -0.397058522406390E+00 -0.840985642468732E+00
-0.352324579320294E+00 -0.198868070077149E+00  0.914504719239090E+00 -0.849399997318952E+00 -0.171971114527556E+00  0.498944466171051E+00
 0.156895191550090E-01 -0.370620564731863E+00  0.928651837873872E+00 -0.149618161188934E+00  0.437430185162326E+00 -0.886718241016443E+00
 0.365612295077828E+00 -0.327979205722039E+00  0.871066754216842E+00  0.802463807844096E+00 -0.520226554545503E+00  0.292260447283017E+00
-0.933650635410186E-01  0.262631364329836E-01  0.995285492999212E+00  0.802507726977145E+00  0.346805960317398E+00 -0.485496626178085E+00
-0.849263230024478E-01 -0.553430580539018E-01  0.994849066736521E+00 -0.789069323540215E-01 -0.950885319300400E+00  0.299317232322924E+00
-0.787950361367713E-01  0.610480632311342E+00  0.788101985692809E+00 -0.372582068315428E+00  0.873661415406415E+00  0.312887094012931E+00
-0.367831401339309E-01  0.278397826630227E+00  0.959761246732464E+00 -0.395381139181618E-01  0.334473807344254E+00  0.941575280977806E+00
-0.208256019641975E+00  0.384486339399066E+00  0.899332911161594E+00 -0.712395119348690E+00  0.540611472901927E+00  0.447473383895595E+00
 0.740785139651206E-01 -0.542372042414440E-01  0.995776430452535E+00  0.272690585615867E+00  0.932762302381095E-01 -0.957569521961222E+00
-0.825820064930108E-02  0.368022814678851E+00  0.929780086901140E+00 -0.454756361782852E+00  0.420903091527158E+00  0.784880397870213E+00
-0.237194718262574E-01  0.371497050504486E+00  0.928131094254875E+00 -0.397913541923188E+00 -0.430900776435986E+00 -0.809931684786444E+00
-0.174403199747451E+00  0.516323784863993E-01  0.983319694407515E+00  0.572343074533035E-01  0.319840726921357E-01  0.997848311690893E+00
 0.514104343584789E-01 -0.937983136973054E-01  0.994262965008058E+00  0.173803162145296E+00  0.984397370843750E+00 -0.274641057420086E-01
-0.267283342447544E-01  0.438717810860699E+00  0.898227297838412E+00  0.583287480735899E-01 -0.652731939288301E+00 -0.755340170109535E+00
-0.482018283026077E-01 -0.325006820368033E+00  0.944482477583649E+00 -0.200148562161235E+00 -0.459176165334719E+00  0.865504362931403E+00
 0.500237268624021E+00  0.994822786827939E-01  0.860154608955657E+00 -0.688553475300866E+00 -0.421424758669793E+00 -0.590165472076440E+00
 0.137181354537480E+00 -0.418472540314457E+00  0.897809561638785E+00 -0.187094547218560E+00  0.216243494931542E+00 -0.958245470274122E+00
 0.172551934037940E+00  0.390580754817505E-01  0.984225734676465E+00  0.893876251136841E+00 -0.411287255939386E+00  0.178404150050939E+00
 0.314976848423555E+00  0.471932230654995E-01  0.947925305419079E+00  0.262534336628167E-01 -0.128929824586255E+00  0.991306137150915E+00
 0.129077350126599E+00  0.878064548595388E-01  0.987739370567608E+00 -0.956711208284281E+00  0.287840163246630E+00 -0.430314346191667E-01
-0.154084002602486E+00  0.381511008146029E+00  0.911431550257834E+00  0.342403956853418E+00 -0.857741958972669E+00 -0.383455684726217E+00
-0.438913214941279E-01 -0.162560555278099E-01  0.998904045720196E+00  0.491058171012274E-02 -0.368641621749667E-02  0.999981148083672E+00
 0.121730851122277E+00 -0.313427235166825E+00  0.941777557675233E+00 -0.577018211762697E+00 -0.931161027850732E-01 -0.811405801492878E+00
-0.912478182506424E-01  0.141273349002143E+00  0.985756398166513E+00  0.909083834108680E+00  0.384931861671213E+00 -0.159355089133033E+00
-0.204986510252529E+00 -0.246858311675814E+00  0.947122750529759E+00 -0.200529141129883E+00 -0.583308326964078E+00  0.787108289406280E+00
 0.290000241270255E-01  0.232911081462579E+00  0.972065546520688E+00 -0.137335787670641E+00  0.195222404021264E+00  0.971095821427033E+00
 0.361113057574054E+00 -0.273051253116061E+00  0.891650364672873E+00 -0.338541621578973E+00  0.150260373102976E+00 -0.928876413056997E+00
 0.489532341615451E-01 -0.623438771999276E-01  0.996853460565195E+00 -0.672505454592099E+00 -0.121070305009336E+00 -0.730122177987233E+00
-0.181011126777316E-02 -0.646608957867815E-01  0.997905652881699E+00 -0.998894753814387E+00  0.424859310901714E-01  0.201051352021670E-01
-0.315994665822430E+00 -0.204392288021964E+00  0.926483223684551E+00 -0.732403211704195E+00 -0.583458467232937E+00  0.350944087426434E+00
 0.129534050840024E+00  0.478833601239227E-01  0.990418150831363E+00  0.793386131957965E+00 -0.450029098735657E+00  0.409892981042553E+00
-0.205942204104521E+00  0.141291570648690E+00  0.968310126267508E+00  0.212612989115748E+00  0.781434158668630E+00  0.586648423269949E+00
 0.198593110779621E+00  0.284338089281910E+00  0.937929969312414E+00 -0.603375256041470E+00 -0.640416167819002E+00 -0.475189890878283E+00
 0.198217042952936E+00 -0.228067448985421E+00  0.953255077403879E+00  0.187771504178838E+00 -0.648147196098110E+00  0.738002082929699E+00
 0.373695249954493E-02 -0.615237926140249E-01  0.998098621443995E+00  0.681552675724803E+00 -0.580729193520745E+00 -0.445241006652696E+00
-0.115060070125942E-01 -0.449376882536912E-01  0.998923528593175E+00 -0.910519125116617E-03  0.634916096398498E-02 -0.999979429343412E+00
-0.121266122235585E+00 -0.222975475642770E+00  0.967252017242572E+00  0.769989757572656E+00  0.179260506332967E+00 -0.612357284681460E+00
-0.180198157538469E+00 -0.182238452176156E-01  0.983461496696859E+00 -0.113508499797234E+00 -0.255473015245268E+00  0.960129865671969E+00
-0.132847277043730E-01  0.368048105633192E+00  0.929711841351738E+00 -0.145509415551797E+00  0.974777546469554E+00  0.169220994219307E+00
 0.683966793706298E-01 -0.174001426777788E+00  0.982367241784031E+00  0.450626904615557E+00  0.850474561435843E+00 -0.271345560470615E+00
 0.156251868102014E+00 -0.101232080005823E+00  0.982515862310795E+00  0.751675894275261E-02 -0.267489937237826E+00  0.963531334109846E+00
 0.393724684526934E-01  0.713071830114614E-02  0.999199160119969E+00 -0.372612620034346E+00  0.918667019924077E-01  0.923428581134555E+00
 0.270582912806141E+00  0.911985664815964E-02  0.962653476341337E+00 -0.417747869332805E+00 -0.200907005891331E+00 -0.886071719812613E+00
-0.116686157736192E-01 -0.147567318846715E+00  0.988983179742871E+00  0.132418054193340E+00 -0.178974843710564E+00  0.974901771586466E+00
-0.882323995495334E-01  0.291157703027419E+00  0.952597625252934E+00  0.686124914657097E-01 -0.574882120785545E+00 -0.815354446370400E+00
-0.354118138656708E+00 -0.623579815100037E-01  0.933119406087081E+00  0.399345629620190E+00  0.584861291696202E+00 -0.706017236035144E+00
 0.770292314208650E-01  0.707584317976895E-02  0.997003726146501E+00  0.138301079659929E+00  0.414680548404398E+00  0.899395827286254E+00
-0.571719331126119E+00  0.182167449895806E+00  0.799970016072579E+00  0.686132977510834E+00  0.158222471538117E+00 -0.710061396410540E+00
-0.958423098039279E-02  0.120178159486103E+00  0.992706075582822E+00  0.357288855221829E+00 -0.321964782415128E+00 -0.876745888395637E+00
-0.242520146764435E+00  0.238250134581975E+00  0.940436521932782E+00 -0.499971890601629E+00  0.828423509312612E+00  0.252472964545531E+00
 0.993174657475731E-01 -0.255302190273122E-02  0.995052522772865E+00  0.127255440676265E+00  0.852538739223127E-01 -0.988199286479973E+00
-0.414970962417761E+00  0.146656606866361E+00  0.897937046798116E+00  0.283840548013401E+00 -0.954674150891783E+00  0.896203599775504E-01
 0.358515572899012E+00 -0.172437869438401E+00  0.917459407915379E+00 -0.777929839012053E+00 -0.476648988093489E-03 -0.628350967517694E+00
 0.227510264400573E+00 -0.257699350591956E+00  0.939058104856598E+00 -0.232712464738385E+00  0.619459067013653E-01 -0.970570766816275E+00
-0.405748876759669E+00  0.117080030490699E+00  0.906454695761771E+00 -0.933070994970881E+00  0.328626696390898E+00  0.146229315676624E+00
 0.404905015186715E+00 -0.581038423984215E-02  0.914340291199962E+00  0.853226879925136E+00 -0.149610368076514E+00  0.499620485105673E+00
-0.646057189601234E-01  0.256191188943875E+00  0.964464709455545E+00  0.158878147819759E+00 -0.131992839393634E+00 -0.978435293974093E+00
 0.700100978589857E-01 -0.316751024693797E+00  0.945921442062291E+00  0.540542766101509E+00 -0.189798261176715E+00  0.819628048610847E+00
 0.227158569294703E+00 -0.246990227662126E+00  0.942016354335420E+00 -0.223551075187834E+00  0.662977184315507E+00 -0.714483148758210E+00
 0.933292802903248E-01  0.105107146216985E+00  0.990071781869684E+00  0.226286106866680E+00  0.259198961280700E+00  0.938941157000867E+00
-0.708697824757863E-01 -0.140673504615216E+00  0.987516298109103E+00  0.214471718664422E+00  0.727718793355369E-01 -0.974015469831513E+00
-0.166593893151322E+00 -0.103192264215082E+00  0.980610948017026E+00 -0.378829325091855E+00 -0.546067815446227E+00  0.747193605020972E+00
 0.173377930400126E+00 -0.162835422477455E+00  0.971300529412374E+00  0.256593610023753E+00 -0.470043126036075E+00  0.844523048211955E+00
 0.468398892976900E+00 -0.179614739767644E+00  0.865067062323041E+00 -0.642387193621777E+00  0.252470763586365E+00 -0.723600170677741E+00
 0.636581516097002E-01 -0.295195998164195E+00  0.953313674716502E+00  0.166914032743639E+00 -0.887833020357219E+00  0.428826577577268E+00
-0.317714229062331E-01  0.117104795514434E+00  0.992611224777373E+00 -0.301279536322468E+00 -0.548885372493250E+00 -0.779715004893624E+00
 0.377620793794564E-01  0.156260582546798E+00  0.986993746536965E+00 -0.707116407435784E-01  0.144313778514486E+00  0.987002227552817E+00
-0.224096858226500E+00 -0.136912500022603E+00  0.964901842401896E+00  0.527157628409543E-01  0.545234816767633E+00 -0.836624194565554E+00
-0.167771621211878E+00  0.102773065665337E+00  0.980454170315822E+00 -0.679236145587303E+00  0.687850187984993E+00 -0.255930415184897E+00
 0.700735199339765E-01 -0.211779590011443E+00  0.974802086096787E+00 -0.834579869654230E-01 -0.222224572038287E+00  0.971417008289478E+00
 0.345134180992778E+00  0.367977062606180E+00  0.863409102631060E+00  0.711361390954377E+00  0.563705850435731E+00  0.419762653941467E+00
 0.731675276291340E+00 -0.113308061393234E+00  0.672170047895098E+00 -0.996937478820318E+00 -0.281648883508442E-01 -0.729547968784247E-01
 0.927864278076512E-01  0.397182303497912E+00  0.913037182486446E+00  0.195325475681499E+00  0.959922909533724E+00  0.200987477973397E+00
-0.151943305313464E-01  0.349653123223751E+00  0.936756011851315E+00  0.101784953051819E+00  0.463571130621144E+00  0.880194086657524E+00
-0.250749965404069E-01  0.143803733535308E+00  0.989288497239205E+00  0.469701878968212E+00 -0.387537748397599E+00 -0.793217900996094E+00
-0.876619857918864E-01 -0.277660095298273E+00  0.956671441888999E+00  0.105254274015429E-01 -0.393289290079517E+00  0.919354528833553E+00
-0.182781617150067E+00 -0.337490388554783E+00  0.923412756065860E+00 -0.278413828992064E+00 -0.347883686341188E-01  0.959830979513453E+00
-0.927076838235236E-01 -0.434621516394292E-01  0.994744352451900E+00 -0.335957653225125E+00  0.899342252704336E-02  0.941834153973361E+00
 0.318132853827119E+00  0.717111558225989E-01  0.945330099725170E+00 -0.374574283761205E-01 -0.886431045214318E-01 -0.995358900638483E+00
 0.136180462102778E+00  0.214241952541795E+00  0.967241059670521E+00  0.118919091091147E+00  0.875987270367560E-01  0.989032210191152E+00
 0.215888829311476E+00 -0.571315906867437E-01  0.974745092177500E+00  0.137268260674094E+00  0.292955725093874E+00  0.946221098764042E+00
-0.551318807853789E-01 -0.165786178628355E+00  0.984619428356395E+00  0.555497781521299E+00  0.260131062630333E+00  0.789781010774334E+00
-0.748413862506508E-01  0.349212596964577E+00  0.934049960668773E+00  0.396828366096091E+00 -0.495986529963914E+00 -0.772350056616728E+00
 0.718352306434846E-01  0.459778439742530E-01  0.996356230221840E+00 -0.665661187092119E+00 -0.693029763827487E+00 -0.276775957135601E+00
 0.115553855778616E+00 -0.283791033689071E+00  0.951898080475207E+00 -0.645153642798705E-01 -0.413511405865989E+00  0.908210374852968E+00
-0.132367075531729E+00  0.874977295870372E-01  0.987331304391941E+00  0.250496529307615E-01 -0.246146644355778E+00 -0.968908842131415E+00
-0.246684453474292E+00 -0.265503302237827E+00  0.932016511074186E+00 -0.184102022312817E+00 -0.821612935569017E+00  0.539498498131360E+00
-0.193870600292834E-01 -0.130256767902974E+00  0.991290732489158E+00 -0.427529928045956E+00 -0.936511418452295E-02  0.903952684193886E+00
-0.302119388722915E+00  0.283209725632052E+00  0.910228612088804E+00  0.757111290193567E+00 -0.408516514956315E+00 -0.509800697596011E+00
-0.188408061330086E-01 -0.607534973487491E-01  0.997974967914603E+00 -0.516072927439247E+00 -0.268451922546201E+00  0.813389389435057E+00
-0.112754799971042E+00 -0.184407067250821E+00  0.976360788147210E+00  0.124735323668604E+00  0.519522393665458E+00 -0.845303248254377E+00
 0.280094253632457E+00 -0.548491338130492E-02  0.959956834866692E+00 -0.171766145636993E+00 -0.683980423773078E-01 -0.982760448436934E+00
 0.430740249127415E+00  0.433450991084668E+00  0.791570007080468E+00 -0.954945699366805E+00 -0.234652737465122E+00 -0.181705267014934E+00
-0.949103543861271E-01  0.338160395770175E+00  0.936290324292021E+00 -0.527551488090298E+00  0.639184528021647E+00  0.559582493070911E+00
-0.128424580976533E+00  0.212959653952696E+00  0.968584179506020E+00 -0.343652891728396E+00 -0.935298446692094E+00 -0.843771629178566E-01
-0.275022071036600E+00 -0.718179811247408E-01  0.958751812530180E+00  0.177183549278858E+00  0.156732952192692E+00  0.971617605625747E+00
 0.821244640493477E-01 -0.366497758305836E-01  0.995947973709558E+00 -0.135448104389267E+00  0.112939839491268E+00 -0.984326370505759E+00
 0.700440872319915E-01  0.266300072662943E+00  0.961341821176811E+00 -0.957485754012577E-01 -0.962938464044502E+00 -0.252154168659266E+00
-0.113021131186305E+00  0.722997006702238E-01  0.990958615275312E+00  0.785977774757463E+00  0.617662319708441E+00  0.270591278443164E-01
 0.115876041431389E+00 -0.475190577224124E-01  0.992126343857155E+00  0.159288168291654E+00  0.411862116071020E-01  0.986372635171792E+00
-0.172549525709798E+00  0.513178240138038E+00  0.840758440353798E+00 -0.154595520244764E+00  0.628230928598822E+00  0.762513032985084E+00
-0.446577411135154E-01  0.199761225163567E+00  0.978826409063318E+00  0.338099125032279E+00 -0.635239900492471E+00 -0.694376879277185E+00
-0.813166945243752E-01 -0.178262710417107E-01  0.996528885307585E+00  0.154992262401781E+00 -0.247969016661356E+00  0.956289059527284E+00
 0.122729073454735E-01 -0.987576105209431E-01  0.995035833580622E+00 -0.481156074075332E+00 -0.471566048209029E+00  0.738995463150440E+00
 0.510497982456727E-01  0.423575534262411E+00  0.904421187762311E+00  0.389803306148577E+00 -0.876943589566951E+00 -0.281110873558938E+00
-0.193870013784771E-01  0.376396314082605E+00  0.926255881990814E+00  0.178610156816093E+00  0.563594512551491E+00  0.806510779409660E+00
-0.339423964836388E+00  0.871418040964759E-01  0.936588318352070E+00 -0.838606378646211E+00 -0.664899679443273E-01  0.540664799905310E+00
 0.243483903183391E+00 -0.632341560883583E-01  0.967841428331302E+00  0.677827138922130E+00 -0.469022618178120E+00  0.566187383626641E+00
-0.135534266205604E+00 -0.213295591887455E+00  0.967540931002657E+00  0.195008182838644E+00  0.456984502086259E+00 -0.867834646392355E+00
-0.181233845048194E-01  0.501076902891316E-01  0.998579372062121E+00 -0.927532810904850E+00  0.364149072971804E+00  0.841328553463074E-01
 0.131203978200674E+00 -0.296651047964151E+00  0.945930056529598E+00  0.156047737824763E+00 -0.877440807280878E+00  0.453593136233403E+00
 0.628275808789635E-02 -0.368798123634152E+00  0.929488284463413E+00  0.320055950546693E+00 -0.787515478710003E+00  0.526672155436194E+00
-0.124118059599021E+00  0.125412470759450E+00  0.984310123619271E+00  0.495317459860642E+00 -0.426333878772868E+00 -0.756901603755523E+00
-0.214456585444814E+00  0.119343266993121E+00  0.969415059498644E+00  0.908851991523508E+00  0.139677176830212E+00 -0.393037331275917E+00
 0.106390169714566E+00 -0.103639988048189E+00  0.988908430879966E+00 -0.553257736204970E-01  0.271161954701607E+00 -0.960942377614650E+00
-0.131716928565079E+00 -0.152728624683483E+00  0.979451182005348E+00  0.410359770410876E+00  0.455602733534806E+00  0.789956332985531E+00
-0.119626833500759E+00 -0.607878915318014E-01  0.990956231601426E+00 -0.346154302397329E-01 -0.214899820575394E-01  0.999169631574381E+00
 0.275990056987849E+00 -0.408309422029162E-01  0.960292831693888E+00  0.174527746159959E+00 -0.175485006517081E+00  0.968888578892344E+00
 0.173247085409049E+00 -0.283317742243173E+00  0.943247848832692E+00 -0.484486589725352E+00 -0.904006258154913E-01 -0.870115205721901E+00
-0.590830649055137E+00  0.117170172159937E+00  0.798242002711644E+00 -0.664984897104245E+00  0.730349522946568E+00  0.156155886712531E+00
-0.597454934343343E-02  0.887416281026221E-01  0.996036760467122E+00 -0.277711495218610E+00  0.226086193388760E+00 -0.933681615210680E+00
-0.553851583754133E-01 -0.364052854804654E+00  0.929730070042005E+00  0.176455090399177E+00  0.884178903020958E+00 -0.432540481949231E+00
-0.377414918275520E+00 -0.350647516284021E+00  0.857090601270910E+00 -0.931767047211108E+00 -0.123283727940271E+00  0.341483955928595E+00
 0.562578015900443E-01 -0.921707737006672E-01  0.994152708710124E+00  0.179037573040170E+00  0.164727506934965E+00 -0.969953811219316E+00
-0.322399135101673E+00 -0.535155193991350E+00  0.780812215599739E+00  0.833331105713945E+00  0.486575588299005E+00 -0.262304146213990E+00
 0.198185796111490E+00  0.255436009146313E+00  0.946295321477951E+00 -0.347374023094553E+00 -0.395608043263209E+00 -0.850191486774927E+00
-0.139091155501705E+00 -0.343932526096737E+00  0.928635594813121E+00 -0.966966535589262E-01  0.223384574702239E-01  0.995063189203759E+00
 0.383307625131436E+00 -0.118011805003701E+00  0.916050478082877E+00  0.621752290747431E+00 -0.597140791962676E-01  0.780934259522570E+00
 0.128959909783293E-01 -0.314253195133893E+00  0.949251611936912E+00  0.186271652568327E+00 -0.630462772419851E+00  0.753538030919568E+00
 0.162601112652387E+00 -0.450373547391464E-01  0.985663489656742E+00  0.585926125443601E-02  0.252109575509728E-01  0.999664982220001E+00
-0.109913167687306E+00  0.762188172824107E-01  0.991014524344125E+00  0.129888034232226E+00 -0.288070139882214E+00  0.948759554930294E+00
-0.318534614614255E+00  0.332464431185103E+00  0.887695387669280E+00  0.642793067510940E+00 -0.582939712300904E+00 -0.496989299867125E+00
-0.490031417687121E+00 -0.192350654295244E+00  0.850217875295352E+00 -0.560875794470741E+00 -0.447797778801460E+00  0.696344377788242E+00
 0.137089941469534E+00 -0.759853327221976E-01  0.987639902575314E+00 -0.686040085435600E+00  0.703403668640227E+00 -0.185936225945847E+00
 0.169727754195253E+00 -0.213147656001281E+00  0.962164521377189E+00  0.219499377228042E-01  0.983982788175172E+00 -0.176906960883338E+00
-0.835102702028012E-01  0.475937415663287E-01  0.995369715499910E+00 -0.422911598877047E+00  0.173508409795511E+00  0.889404638657508E+00
-0.626375211920000E-01  0.645093704453145E-01  0.995949337096858E+00  0.223284078807229E+00  0.185251685581937E+00 -0.956988000520518E+00
-0.114637294846588E+00 -0.305770058798754E+00  0.945178798837798E+00 -0.127457353259537E+00  0.988353737521942E+00 -0.831355076154670E-01
-0.128697148756254E+00 -0.485509853209343E+00  0.864706439399322E+00  0.200041084455478E+00  0.874459237621725E+00 -0.441932807412968E+00
-0.353247477402999E+00 -0.350407668146806E+00  0.867427625691236E+00  0.374285885234976E+00  0.749382480984438E+00 -0.546201403611780E+00
 0.418216192315284E+00  0.580734989639727E-01  0.906489208542158E+00  0.361334730957412E+00 -0.323829057862812E+00  0.874398052083614E+00
-0.253201087207340E+00 -0.225426043392783E-01  0.967150991534736E+00 -0.516024210403717E+00  0.841454058861907E+00  0.160231336205007E+00
 0.542964939605065E-01 -0.430698252648654E+00  0.900861202355276E+00 -0.208246224155414E+00  0.662241243729763E+00 -0.719770828269852E+00
-0.307435602446266E-01 -0.190290549929614E+00  0.981246319794867E+00  0.324568420528298E-01 -0.998646806268822E+00 -0.406338495966134E-01
 0.217416015438641E+00 -0.869001408551848E-01  0.972202983820834E+00 -0.532129272441613E+00  0.457483938612148E+00 -0.712423247320492E+00
-0.228701261564606E+00  0.417568490562602E-01  0.972600688111853E+00 -0.410794425226807E-02 -0.118623806749202E+00 -0.992930771638360E+00
-0.309484155674551E+00 -0.330808745509164E+00  0.891507224469361E+00 -0.594976521267089E+00 -0.700395688530749E+00  0.394269981901300E+00
 0.187595196529117E+00  0.446405419191809E+00  0.874945852013361E+00 -0.471238077652394E+00 -0.484478825963586E+00 -0.737031167158772E+00
-0.675417114488550E-01 -0.529812062792781E-01  0.996308741804342E+00  0.879489330198946E+00  0.382944244067558E+00 -0.282581358199255E+00
-0.144206915520311E+00  0.718248769757349E-01  0.986937461323431E+00  0.953127827900202E+00 -0.291531584124379E+00  0.809733236329934E-01
-0.179166613993663E+00  0.657837516445849E-02  0.983796752083601E+00 -0.187883453865971E-02  0.238328730472474E+00 -0.971182725449828E+00
-0.454926369504441E+00 -0.187202431670756E-01  0.890332269899994E+00  0.610305348071303E+00  0.632082774849400E+00 -0.477492144285379E+00
 0.285394105151478E+00  0.161402410703986E+00  0.944721899060104E+00 -0.546099238791069E+00 -0.364955488491744E-02 -0.837712541472883E+00
-0.123103304966363E+00  0.190671271850054E+00  0.973904534539932E+00  0.601799612990572E+00 -0.347419149634426E+00  0.719122493231640E+00
-0.292018875510486E+00 -0.367271697632075E+00  0.883083504808036E+00 -0.994532502797294E-01 -0.915716117513625E+00  0.389323828110443E+00
-0.246818892402186E+00 -0.125153008504635E-01  0.968980805588006E+00  0.203340161847333E+00  0.518794430429300E+00 -0.830364448622073E+00
-0.385814317199200E-01 -0.154780796870987E+00  0.987195207669903E+00  0.815424187630002E+00 -0.578652807815525E+00 -0.156308104447567E-01
 0.831055549864275E-01  0.358526802023697E-01  0.995895602988940E+00  0.108427089109651E+00 -0.286073987590601E-01  0.993692700528412E+00
-0.477282306520485E-01 -0.503880042948629E-01  0.997588625146661E+00  0.251805704467078E+00 -0.440578558960579E+00 -0.861675356838095E+00
 0.271356905142584E+00  0.273252679614189E+00  0.922875074490098E+00 -0.524983021326956E+00 -0.294808987237192E+00 -0.798423752378774E+00
-0.226974383730239E+00  0.696848569152648E-01  0.971404472836613E+00  0.326710317522332E+00 -0.260134420326620E+00 -0.908620081104193E+00
-0.482206196769503E+00  0.362161687986762E+00  0.797694236880066E+00  0.976872618399488E+00 -0.212936685944076E+00  0.194384978967589E-01
 0.798073106818294E-01 -0.960082215437819E-01  0.992175999789218E+00  0.592726606046545E+00 -0.774160652266848E+00  0.222149622926335E+00
-0.427799418080125E-01  0.172378515004830E+00  0.984101378996917E+00  0.536210540294060E-01  0.764250626025957E+00  0.642686364554055E+00
 0.318661455970984E-01 -0.106723336728094E+00  0.993777982329256E+00 -0.118635568457173E-01 -0.320815843222798E-01 -0.999414842778684E+00
-0.187072215069882E+00 -0.205013221443244E+00  0.960715132275073E+00  0.389550867238615E+00  0.587683340174071E+00 -0.709139206020574E+00
-0.126709378744528E+00 -0.547921172795238E+00  0.826877936421614E+00  0.501476976188812E+00  0.676188618944099E+00 -0.539712695758583E+00
-0.679509793469584E-01 -0.704889500853173E-01  0.995195444283011E+00 -0.263183636833932E+00 -0.915983121841180E+00  0.302835423629654E+00
 0.591818321377033E+00 -0.139635590560922E+00  0.793884737434329E+00 -0.800536290210588E+00  0.141247098259074E+00 -0.582400983248879E+00
-0.285151536012249E+00 -0.270849128647996E+00  0.919417941428421E+00  0.637085727382126E+00  0.686435683878274E+00 -0.350610649958830E+00
-0.106103513973177E-01  0.285370393072083E+00  0.958358575482638E+00 -0.186364592973198E+00  0.109791546570664E+00 -0.976326817611580E+00
-0.488369574505877E-01  0.143701703673018E+00  0.988415283141879E+00  0.329572580684591E+00 -0.257975289190645E+00 -0.908201885170859E+00
-0.294042230700223E-01 -0.198959164203666E+00  0.979566558557930E+00 -0.307476155283819E+00 -0.651904341904772E+00  0.693166028407038E+00
 0.213240508130305E+00  0.148633006024032E+00  0.965627627614594E+00 -0.402808166867701E-01 -0.326566956467686E+00 -0.944315349208346E+00
-0.117252118993436E+00  0.939806630662084E-02  0.993057710780821E+00 -0.397682930103180E+00  0.338430937809627E+00  0.852826352452740E+00
 0.105890188655397E+00 -0.179433886821805E+00  0.978054573225106E+00  0.153631759168988E+00  0.255119027131460E+00 -0.954626400520193E+00
 0.317299727654027E+00 -0.108034501755030E+00  0.942151489549968E+00 -0.779669016392765E+00 -0.165542596274488E+00 -0.603913796576829E+00
 0.381280315215938E+00  0.420213276812692E-01  0.923503941111644E+00  0.770015984885864E+00 -0.159866579929041E+00  0.617671481972452E+00
-0.850579234377232E-01 -0.358940112532296E+00  0.929476812661707E+00 -0.215933127092668E+00 -0.666102116947301E+00  0.713919361288309E+00
-0.302328645709655E+00  0.152739569632037E+00  0.940886823083407E+00  0.530809605270003E+00 -0.847421994145172E+00 -0.108225132073732E-01
 0.321668927614522E+00  0.244199236724765E+00  0.914820110071027E+00 -0.919223695681716E+00  0.157644827681719E+00 -0.360798982263599E+00
-0.662501172187199E-01 -0.243644283085529E+00  0.967599289627811E+00  0.310924807154233E-01  0.101247794964518E+00 -0.994375251933486E+00
 0.265975314129737E+00  0.427147601903490E+00  0.864177099014829E+00  0.949003377101525E-01  0.988289035266520E+00  0.119493550765180E+00
-0.833129617386378E-01  0.122575749693883E+00  0.988956083955865E+00  0.319570547001524E+00  0.207676529586272E+00  0.924524269312682E+00
-0.561418745391433E-01 -0.143002276159528E+00  0.988128756254176E+00  0.915418527548970E-01  0.324936116653556E+00 -0.941295176492638E+00
-0.515535532254286E-01 -0.169358472437207E+00  0.984205232135843E+00 -0.310141670115516E+00 -0.361599451899929E+00  0.879237158475248E+00
 0.154521057033467E+00  0.415881994292949E-01  0.987113805293741E+00 -0.406718258116352E-01  0.265985901532142E-01  0.998818460776036E+00
-0.478676776985309E-01 -0.409421691667528E+00  0.911088669572753E+00 -0.186521723546758E+00  0.306697211431689E+00 -0.933352273873682E+00
 0.345442903182944E+00  0.594117639700297E+00  0.726425103391593E+00  0.348657890555457E+00  0.780825274848319E+00  0.518410614775069E+00
 0.153302232923847E-01 -0.227892800510731E-01  0.999622745323734E+00  0.266839561584046E+00 -0.443438500451504E-01  0.962720245625284E+00
-0.243855059132158E+00  0.395349593272692E+00  0.885569539468680E+00  0.363968465025372E+00 -0.912796063877927E+00 -0.185284382061840E+00
 0.199944249503418E+00  0.239550866324524E-02  0.979804347116688E+00 -0.543708409877857E+00 -0.262552318195014E+00 -0.797149575198103E+00
-0.255738665795195E+00 -0.156752359484922E+00  0.953953055770148E+00  0.256521243989858E+00  0.827689775711473E+00 -0.499125722202921E+00
-0.300474229573236E+00  0.192393651390584E+00  0.934184093349361E+00 -0.755443007583524E-01 -0.603474532798328E+00 -0.793795658143059E+00
 0.609883789007645E-01  0.344219364747456E+00  0.936906316859863E+00 -0.635274047283310E+00 -0.306479168128653E+00 -0.708870513106203E+00
 0.291953730152131E+00 -0.611089895174511E-01  0.954478240113630E+00 -0.939866705715773E-01 -0.341462689785368E+00  0.935184333294464E+00
 0.200679329545643E+00  0.328396292479778E+00  0.922975450257832E+00  0.146250534023528E-01 -0.640031848318420E+00 -0.768209177861788E+00
 0.212486056625880E+00 -0.100493512417665E-01  0.977112422538575E+00 -0.591030750868973E+00 -0.656916109461524E+00 -0.468128055832154E+00
 0.257370440769358E+00  0.741896218155580E-01  0.963460614780413E+00  0.222000575344064E+00  0.758747710393206E-01  0.972089894848535E+00
-0.236378754783049E+00  0.194972389473836E+00  0.951898551123006E+00 -0.122165884797611E+00 -0.631322966888418E+00 -0.765837324809141E+00
-0.245012670244325E+00  0.115883731821504E+00  0.962569349251713E+00  0.178471788564135E+00 -0.230448256456662E+00  0.956577974753132E+00
 0.928496834542152E-01  0.117634064168717E+00  0.988706813585100E+00  0.194191776522739E+00  0.957307015653395E+00  0.214132743203214E+00
-0.131687133367196E+00  0.322129953283780E+00  0.937491755751974E+00  0.771100090121256E-01 -0.552067680972843E+00 -0.830226066885048E+00
-0.541282778957511E-01 -0.635822995416890E-02  0.998513746747580E+00  0.433851004149822E-01 -0.436775676391365E-01  0.998103202653468E+00
 0.451442106263152E-02  0.268398318100582E+00  0.963297442560317E+00 -0.408313026680956E+00 -0.757788004985141E+00 -0.508957573618152E+00
-0.312586260248572E+00  0.502555234460560E-01  0.948559018863336E+00  0.604336256985850E+00 -0.373744746199401E+00 -0.703628135580633E+00
-0.224427791654660E+00 -0.130154964432165E+00  0.965759727658321E+00 -0.874550188848555E+00 -0.333428756668250E+00  0.352118206589240E+00
-0.294451422187695E+00 -0.135966662092205E+00  0.945944727122652E+00 -0.783968747220602E+00  0.105578537281971E+00  0.611756631224182E+00
 0.150682015083605E+00  0.226441617737022E-02  0.988579689630391E+00 -0.939261878434051E+00 -0.342565400347060E+00 -0.208822940692987E-01
-0.271154133753283E+00 -0.541789372276215E-02  0.962520691817124E+00 -0.293806779807966E-01 -0.275360459258973E-01 -0.999188942060587E+00
 0.438827432538758E+00  0.975392352013644E-01  0.893261765692328E+00 -0.678386716036458E+00  0.683754292647024E-01 -0.731516414154965E+00
-0.186223024845201E+00 -0.137475709634674E+00  0.972841926665348E+00  0.770955286271271E+00  0.636882243193336E+00 -0.299246978387845E-02
-0.407364309005088E+00 -0.148223740029302E+00  0.901157057698897E+00  0.959014675724673E+00  0.255731197253791E+00 -0.122034447988438E+00
 0.271191086085682E+00 -0.453063095636489E-01  0.961458648690307E+00  0.490369908806183E+00  0.120891444376488E+00  0.863088993797269E+00
 0.423411344275837E-01  0.174439563861173E+00  0.983757117837177E+00 -0.997135751981032E+00  0.528398452354631E-02 -0.754478073159030E-01
-0.248007148387799E+00 -0.225012586851749E+00  0.942264182757063E+00  0.515282035677525E+00  0.856887794524050E+00  0.150907688252238E-01
-0.285638493574044E+00  0.126219010514054E+00  0.949989164345364E+00 -0.670998032758744E-02  0.593818953758743E-01  0.998212786266321E+00
-0.190080634975698E+00 -0.162965421317044E+00  0.968148554542222E+00  0.423625781913310E+00  0.601535617921558E+00 -0.677271066316925E+00
 0.135855709610547E+00  0.423582866886351E+00  0.895611958968031E+00  0.572404029130563E+00  0.816739227799344E+00  0.727369315329471E-01
-0.219278571025780E-01 -0.166370451145642E+00  0.985819477423978E+00 -0.120194619276587E+00  0.184478479010346E+00 -0.975459350398050E+00
 0.449668617671140E-01 -0.555057822270590E-02  0.998973058908102E+00 -0.384226103638140E+00 -0.317883434129308E+00 -0.866787415453877E+00
-0.131165689787325E+00 -0.236566567453650E+00  0.962721050453252E+00 -0.442978965657315E-01  0.477612892323148E-01 -0.997876022164436E+00
-0.445065561092458E+00  0.220192649571098E-01  0.895227232774006E+00  0.801030620065647E+00 -0.503631500065366E-01 -0.596501046804333E+00
-0.122381498086555E+00  0.208876326295051E+00  0.970254321938106E+00  0.193004570452039E+00  0.508985706229986E+00  0.838858025316672E+00
-0.479604675877029E-01 -0.295274268002434E+00  0.954207996300804E+00 -0.229750121727011E+00  0.491322812465128E+00 -0.840129023137387E+00
 0.144125335629967E+00 -0.439288875314010E-01  0.988583906641112E+00 -0.853574007306932E-01 -0.414739398464319E-01 -0.995486828870234E+00
 0.170801491167557E+00 -0.412547927251343E+00  0.894779893792635E+00  0.186110159923272E+00 -0.877338123284727E+00  0.442313040509283E+00
-0.162819573016348E+00 -0.503896583338261E+00  0.848279446846852E+00 -0.181672276513970E+00 -0.884091454633611E+00  0.430554855726954E+00
-0.241184784122022E+00 -0.164526785157372E+00  0.956431302746723E+00 -0.132692134007256E+00  0.698784514530188E-01  0.988690952520113E+00
-0.716864951929230E-01  0.345609601300144E+00  0.935636173892454E+00 -0.145903662430567E+00 -0.743338994986843E+00 -0.652808746740802E+00
-0.171514298117445E+00 -0.865678988023269E-01  0.981370900545879E+00 -0.734993690909419E+00 -0.324035654573740E+00 -0.595638454843470E+00
-0.758483845375301E-01  0.261650734165282E+00  0.962177694541822E+00 -0.160493003714573E+00  0.161208521974567E+00  0.973783244978804E+00
-0.416926613791717E+00  0.391007666489193E-01  0.908098743947837E+00  0.889994664734381E+00 -0.140394498934158E+00 -0.433818950039488E+00
-0.841872531521839E-01 -0.474975578291285E+00  0.875962731189832E+00 -0.830232473904415E-01  0.828089621356617E+00 -0.554413852094444E+00
-0.637766367013566E-01 -0.953509603480689E-01  0.993398578100333E+00 -0.962090491966102E-01 -0.530789082294632E-01 -0.993944892010544E+00
-0.406885628902013E-01 -0.317262622284675E+00  0.947464442262074E+00  0.280587321925807E+00  0.680267857983438E+00 -0.677131003698050E+00
-0.317597488742231E+00 -0.123676669465001E-01  0.948144965687699E+00 -0.553285235614587E+00 -0.197517325907039E+00  0.809235660371837E+00
-0.442320008825169E-01 -0.149202637641921E+00  0.987816836776243E+00 -0.111574961049564E+00  0.987686660485847E+00  0.109663525226497E+00
-0.334711926107614E+00 -0.869124634791116E-02  0.942280419385997E+00 -0.678360848716708E+00  0.488554349419802E+00  0.548763342973401E+00
 0.106345780594254E+00 -0.290732579991463E+00  0.950875986594102E+00  0.215354005423144E+00  0.132237276972933E+00 -0.967541190299923E+00
-0.321376962074507E+00 -0.158956244604639E+00  0.933514735046508E+00 -0.969731494292038E+00 -0.983694518941166E-01  0.223482169114634E+00
 0.111107222885084E+00 -0.127686750462587E+00  0.985571549294656E+00 -0.193953064205433E+00 -0.266443814905950E-01 -0.980648910579269E+00
-0.246708611530618E+00 -0.810475705975307E-01  0.965694647544902E+00  0.846217669980554E+00 -0.524471869469121E+00 -0.940473984129697E-01
 0.155545945929948E+00  0.979454179957851E-01  0.982960911633005E+00  0.797458908054185E+00  0.273916700001549E+00  0.537614110143408E+00
-0.179127133776790E+00 -0.252679528440475E+00  0.950824129822130E+00  0.149263899945592E+00  0.603277774984080E+00 -0.783438711312691E+00
-0.259479433141433E+00  0.560288056742296E-02  0.965732380893355E+00 -0.642770142355644E+00  0.107803276839263E+00  0.758435888917990E+00
 0.275777006228156E+00 -0.723325245250677E-01  0.958496243462470E+00  0.144093993656725E+00 -0.920597697026349E-01  0.985272510422550E+00
-0.699657721878070E-01  0.281757341255111E+00  0.956931340991095E+00 -0.268581629168399E+00  0.636868785034115E+00 -0.722677008851409E+00
