#          Em_x [n.u.]            Em_y [n.u.]            Em_z [n.u.]            En_x [n.u.]            En_y [n.u.]            En_z [n.u.]
 0.146612398681874E+00  0.280707765115435E-01  0.988795649291999E+00  0.742037872772224E+00  0.180184476667179E+00  0.645688275981412E+00
-0.113226635961694E+00  0.336948703565139E+00  0.934689948632470E+00 -0.462182316903379E+00  0.879636023141336E+00  0.112374252984921E+00
-0.290293117462399E+00  0.994919834603000E-01  0.951751675165900E+00 -0.589311135306506E+00 -0.684384304984282E-01  0.805002215546435E+00
-0.182611492047038E+00  0.212547367093564E-01  0.982955380035010E+00  0.893920503264402E+00  0.333259801697511E+00 -0.299739951317894E+00
-0.224175193628715E+00  0.191454723150103E+00  0.955557728002367E+00  0.629951274490549E+00 -0.776547203841750E+00  0.116546974775170E-01
-0.131196097850476E+00 -0.157529746080196E-01  0.991231268524055E+00  0.890935065479405E-01  0.526763784256512E-01 -0.994629351189150E+00
-0.427487517142636E+00 -0.270695549278221E-01  0.903615881823264E+00  0.905464972493639E+00 -0.178404676888058E+00 -0.385103823470452E+00
-0.189941179904283E+00  0.526793359762241E-01  0.980381168596007E+00 -0.271355745722995E+00  0.391463067154098E-01  0.961682705435457E+00
 0.366824208126466E+00  0.113324476337793E+00  0.923362097660044E+00 -0.872810790385030E+00  0.847006530020672E-01 -0.480652809799842E+00
 0.767467227867073E-02 -0.441881295442694E-01  0.998993748034888E+00  0.355272898011936E+00  0.739122480409994E-01  0.931835901609144E+00
-0.187499814782678E+00  0.298839071141000E-01  0.981809946757547E+00  0.350438041664012E+00 -0.934977666197687E+00 -0.548629443815961E-01
-0.217651284320858E+00  0.225226239450621E+00  0.949684715838058E+00  0.444453567831381E-01  0.208467646692296E-01  0.998794284456637E+00
-0.212539534959228E+00 -0.330794716255402E-01  0.976592389196378E+00 -0.462715902439262E-01 -0.211640276106594E-01  0.998704672999778E+00
-0.324674663441934E+00 -0.266017549364460E+00  0.907645870562409E+00  0.509718471079049E+00  0.405211667874725E+00 -0.758940435382791E+00
-0.278487596590782E-01 -0.484005147253234E+00  0.874621897746579E+00 -0.131046052500866E+00  0.176904087782127E+00 -0.975464953675894E+00
-0.144361958164447E+00  0.318016636383111E+00  0.937029905615877E+00 -0.113452479998382E+00  0.730572095688586E+00  0.673344598094768E+00
-0.103993764575150E+00  0.209398303591855E+00  0.972284756325194E+00  0.121365098170377E+00  0.652453062264185E-01 -0.990461287967135E+00
 0.136708939047774E+00  0.363933180937026E+00  0.921337780511301E+00 -0.118580794781753E+00 -0.372350070239327E+00 -0.920485752362141E+00
 0.492239963175581E-01 -0.376822042679733E+00  0.924976835567898E+00  0.720117422401294E+00  0.557906905327595E+00 -0.412517615311035E+00
 0.260161547147015E+00  0.364043041793838E-02  0.965558240942743E+00 -0.891516150755757E+00 -0.451569507105457E+00  0.358320135377871E-01
 0.230454871878907E-01  0.236656274260466E+00  0.971320088010861E+00  0.784589500280870E+00  0.315925565426017E+00  0.533488850079611E+00
 0.100078584802358E+00 -0.352818135216710E+00  0.930324481203285E+00  0.187562015246053E+00  0.689737655638542E+00 -0.699344304925040E+00
 0.269998536043430E+00 -0.208124011011311E+00  0.940098498336727E+00  0.564604099919631E+00 -0.528775890234356E+00  0.633733594076255E+00
 0.284025094550330E+00  0.192543207786720E-01  0.958623501066518E+00 -0.621989571406569E+00 -0.808009226898109E-01 -0.778845417238844E+00
-0.311129876564341E+00 -0.456318924570152E+00  0.833649350139612E+00  0.448906738122236E+00  0.731214223809093E+00 -0.513622915539913E+00
-0.194644678876865E+00  0.467135478315502E+00  0.862495155861103E+00  0.377475495331420E+00 -0.669527061556552E+00 -0.639723193473356E+00
 0.129591157347380E+00 -0.258080479018718E+00  0.957392604048535E+00  0.948413681496572E-01 -0.556333716190963E+00  0.825528867524724E+00
 0.184575949345704E+00  0.188471274597781E-01  0.982637524578441E+00  0.789492178038229E+00 -0.123761634168352E+00  0.601153190729645E+00
-0.264372006450997E+00  0.235570800307484E+00  0.935207912844821E+00  0.363553086651928E+00 -0.732367716082632E+00 -0.575731431854963E+00
-0.815877912578086E-01 -0.595437591401177E+00  0.799248088558263E+00  0.100874200998300E+00 -0.833862073041263E+00  0.542677103548954E+00
-0.270447813623604E+00  0.596937242472575E-01  0.960882219312911E+00 -0.220380526878610E+00  0.311477529935762E-01  0.974916530199462E+00
 0.240690468715310E+00 -0.252457189905039E+00  0.937194465164437E+00  0.936856253602523E+00 -0.345748388024009E+00  0.525205889594249E-01
 0.345990974905482E+00 -0.339501772185275E+00  0.874659243343950E+00  0.946178526661878E+00  0.667881022607207E-01  0.316678930591173E+00
-0.239950474913195E+00 -0.120396468724054E+00  0.963290433829647E+00  0.295418844041284E+00  0.493793512674620E+00 -0.817860424171369E+00
-0.528514805765677E-01  0.406842068752892E-01  0.997773279012719E+00 -0.591462741951087E+00  0.747242777039034E+00  0.302985242291920E+00
 0.778514633186561E-01  0.278030442019306E-01  0.996577212458849E+00 -0.250107801592001E+00  0.509565936591819E+00 -0.823279201637038E+00
-0.115731609141460E-01  0.129862251042192E+00  0.991464501482887E+00 -0.185521477654944E+00  0.560585267251773E+00  0.807047668647264E+00
-0.265415214813930E-01 -0.665691206428349E-02  0.999625546471888E+00 -0.121418495555228E+00  0.135939894550929E-01  0.992508313510673E+00
-0.160729699112166E-01 -0.187873748527015E+00  0.982061665198597E+00 -0.478826053186501E-01  0.677882531337861E+00 -0.733609248725009E+00
 0.376049975336263E+00  0.886077677726797E-02  0.926557015344711E+00 -0.607985479592452E+00 -0.194304931028818E+00 -0.769804683268829E+00
-0.238299253482465E+00 -0.235839719323597E+00  0.942121591186120E+00 -0.152468920289325E+00 -0.986585476077269E+00 -0.583294671602309E-01
 0.143343046726196E+00  0.182341085345822E+00  0.972730435192690E+00  0.201536004163099E-01 -0.140723095668266E+00 -0.989843847652649E+00
 0.820977489275442E-01 -0.135054529444858E-01  0.996532770340140E+00  0.602615721698254E-01 -0.993131111491798E+00  0.100295255653929E+00
-0.374160467511299E-01 -0.313715246031643E+00  0.948779628708808E+00 -0.417934409678723E+00 -0.880186067595076E+00  0.224951807323289E+00
 0.550974455556908E+00  0.717596031728278E-01  0.831431120824959E+00 -0.790483804301944E+00 -0.477446069590007E+00 -0.383641246178484E+00
-0.134397407202765E+00 -0.857131292305931E-01  0.987213551575683E+00  0.121641257407838E+00  0.394636009407297E+00 -0.910750143878838E+00
-0.467482368252393E-02 -0.249577492220936E+00  0.968343545132741E+00  0.193516192487909E+00  0.931421038503850E+00 -0.308230972287655E+00
 0.258934271923406E+00  0.619393500830369E-01  0.963906924829771E+00  0.586387381796867E-01 -0.258707328974936E+00  0.964174266571842E+00
-0.319857740540500E+00  0.109455596006857E+00  0.941121935946193E+00  0.680068664725163E+00 -0.642886803285047E+00 -0.352424700355788E+00
-0.125299392281552E+00 -0.935989847895252E-01  0.987693926446976E+00  0.310875886854453E+00  0.941480643380694E+00 -0.130270415336454E+00
 0.378967613250909E+00 -0.218801308427157E+00  0.899171582923678E+00 -0.659893822537375E+00  0.460277647638713E+00 -0.593872570558015E+00
 0.409177244797161E+00  0.127514633318154E+00  0.903500968804097E+00 -0.902146793523753E+00 -0.366372457889452E+00 -0.227820949508277E+00
 0.340105525562978E+00  0.261828063432062E+00  0.903202245724039E+00 -0.678238933570534E+00 -0.353817089141369E+00 -0.644053892481549E+00
-0.314559061204917E-01 -0.777628751944511E-02  0.999474889790911E+00  0.542578529585212E+00 -0.341351170382694E+00  0.767520630153688E+00
-0.243710055710794E+00 -0.120150903380009E+00  0.962376833242784E+00 -0.957715267502636E+00  0.676596574496799E-01  0.279649132210609E+00
-0.468508738899485E-01 -0.230866175767641E+00  0.971856884784058E+00  0.372818530500395E+00 -0.897034499657479E+00  0.237350900018901E+00
-0.276799686979510E+00  0.592520954606155E+00  0.756505685134392E+00  0.106013427419145E+00  0.845929358837443E+00  0.522651579031115E+00
-0.104465412022587E-01 -0.467586040307982E+00  0.883885832382221E+00  0.401370387501654E-01 -0.688301176284445E+00  0.724313819311642E+00
 0.456417270774382E+00 -0.386337035154348E-01  0.888926719078432E+00  0.528580087099009E+00 -0.349962797306003E+00  0.773388086295724E+00
-0.510074885133567E+00 -0.313180328610365E+00  0.801087818736174E+00  0.298594930981327E+00  0.508591031909468E+00 -0.807574287266205E+00
-0.220187127298326E+00 -0.307759684604215E+00  0.925635784477040E+00  0.525652142130254E+00  0.831660684361686E+00 -0.178970197409868E+00
 0.298424236102754E+00 -0.964592312930846E-01  0.949546519136811E+00 -0.309261159562721E+00  0.614424062492881E+00 -0.725837865239659E+00
-0.322852894788857E+00  0.770679072975787E-02  0.946417779684587E+00  0.716395920756083E+00  0.697684212616200E+00 -0.369109606446749E-02
-0.242847023358451E+00  0.237369483370959E+00  0.940574851678559E+00  0.885375140468286E-01 -0.589706961986874E+00 -0.802749529797819E+00
-0.159089935202692E+00 -0.340575447525465E+00  0.926660000787793E+00  0.191101290277071E+00  0.331630837722425E+00 -0.923851332372239E+00
-0.147271491351474E+00  0.121454906975120E+00  0.981610825840250E+00  0.496715735285022E+00  0.865777526197337E+00 -0.608502543287990E-01
-0.181713338382042E+00  0.860802537350516E-01  0.979576670083033E+00  0.209891976272384E+00 -0.973625963699438E+00  0.894306497058678E-01
-0.963564587762924E-01 -0.157133782957863E+00  0.982865406403870E+00 -0.262751297485284E+00 -0.197910811763686E+00  0.944347958253121E+00
 0.139528716382463E+00  0.275989885014710E+00  0.950979137875395E+00  0.295439792007676E+00  0.115113445299819E+00  0.948400877271667E+00
 0.280445448654357E+00  0.256262912583394E+00  0.925029550859502E+00  0.116914175159705E+00  0.195793830270760E+00  0.973650785279112E+00
 0.320827156829583E+00 -0.231084738369708E+00  0.918514985796775E+00 -0.274997835024147E+00 -0.123756470371031E+00 -0.953446656490722E+00
-0.432231939302009E+00  0.791473759349596E-01  0.898282385182875E+00  0.764329157621733E+00 -0.355733360733388E+00 -0.537824055682322E+00
 0.283068959150667E+00  0.391339663996203E+00  0.875628478150807E+00 -0.448721319684688E+00 -0.669188737435193E+00 -0.592313777444291E+00
-0.923800569936829E-01 -0.141090448467377E+00  0.985677132950297E+00  0.112926233591742E+00  0.674046458463478E+00 -0.730006190110485E+00
 0.963277736729940E-01  0.246357860792412E+00  0.964379989653970E+00 -0.220793520384328E+00 -0.667127307575181E+00 -0.711471276190251E+00
-0.368366421497487E+00  0.128890718258196E+00  0.920702645950375E+00  0.668903334271206E+00 -0.289010798216316E+00 -0.684865744445750E+00
-0.675560273423620E-01 -0.416904660792675E+00  0.906436256434540E+00 -0.116380557756158E+00  0.992991100585230E+00 -0.205970855923518E-01
 0.622303372891842E-01 -0.369606278218821E-01  0.997377209039733E+00 -0.426291677857255E+00  0.716814167678264E+00 -0.551772466153725E+00
-0.397809093180348E+00  0.823652835788102E-01  0.913763582905344E+00  0.223182144222806E+00  0.978409657933138E-02 -0.974727655273121E+00
 0.732097074930219E-01 -0.139953659775530E+00  0.987447878039252E+00  0.596709046125596E-01  0.259371991701739E+00 -0.963932338425987E+00
-0.320165706401203E+00  0.501353055905802E-01  0.946034022420947E+00  0.239621152132351E+00  0.453589846953354E+00 -0.858392657349536E+00
 0.224110747002130E+00  0.677218546935581E-01  0.972207860220751E+00  0.543010539593972E-01 -0.304078458174631E-01  0.998061500335345E+00
-0.586659180527959E-01 -0.338724802238628E+00  0.939054747289754E+00  0.277095687759836E+00  0.759163566485772E+00 -0.588972545324064E+00
-0.215045969656005E+00  0.164066236109594E+00  0.962724000481727E+00  0.636449779498390E+00 -0.556005412636903E+00 -0.534592984704175E+00
-0.360790068241042E+00  0.146269101780445E+00  0.921105790082207E+00  0.965042009164607E+00 -0.170469499090916E+00 -0.199083074185704E+00
-0.774368427854457E-01 -0.328744340650635E+00  0.941238914340882E+00 -0.245503433818538E+00 -0.688950314070024E+00  0.681964462949589E+00
 0.182796120492169E+00  0.244227082319674E+00  0.952333298060417E+00  0.154488208521816E+00  0.446451310560736E+00  0.881370875810133E+00
-0.313712099301288E+00 -0.139547263574731E+00  0.939207793824553E+00  0.531009537853708E+00  0.146748502228933E+00 -0.834562009560677E+00
 0.430427364662239E-01  0.841128384213820E-01  0.995526169043385E+00 -0.340176486898539E-01 -0.161921666184993E+00  0.986217102669331E+00
-0.312615619521572E+00 -0.259331210370543E+00  0.913793629743003E+00  0.704995580429143E+00  0.636962865964297E+00 -0.311864616392957E+00
 0.111016216623235E+00  0.270004357832181E+00  0.956437685580349E+00 -0.760491483454889E+00  0.282456142040802E+00 -0.584697555507126E+00
-0.174749929700453E+00 -0.191647806938842E+00  0.965781331443728E+00  0.346663932293272E-01  0.141009775207874E+00 -0.989401073617921E+00
-0.266205639620999E+00 -0.137775520621845E-01  0.963817792164654E+00  0.184196732744362E+00  0.383880508531362E-01 -0.982139461175448E+00
 0.877835140837287E-01  0.129257534504000E-02  0.996138737277137E+00 -0.171376272944595E+00  0.245637562709168E+00 -0.954092427838058E+00
 0.210989434002802E+00 -0.194734240628079E+00  0.957894584109432E+00  0.872266964444108E-01 -0.289982316722997E-01  0.995766341059625E+00
-0.283622109016646E+00  0.157419740938167E-01  0.958806909408031E+00 -0.433511863458555E+00  0.213443138912456E+00  0.875505277363814E+00
 0.108384294742993E+00 -0.762448230154238E-02  0.994079831765386E+00  0.859913415738390E+00 -0.332416317664423E+00 -0.387360696487860E+00
-0.114182446731658E+00 -0.948491663060968E-01  0.988921637193469E+00 -0.604777264803271E+00  0.226825552939750E+00  0.763409869277737E+00
-0.204690949303107E+00  0.138798817261052E+00  0.968935758242168E+00  0.114948304763654E+00 -0.530052995611894E-01  0.991956312269039E+00
-0.564309681347706E-01  0.170132420836562E+00  0.983804099003284E+00  0.230216001517942E+00 -0.186450062169487E+00 -0.955110971019643E+00
 0.134444270409814E+00 -0.347249759292934E+00  0.928085310100840E+00 -0.121630323611356E+00 -0.357058343400532E+00  0.926129258681673E+00
-0.209941443037630E+00  0.233538737149130E-01  0.977435004017037E+00 -0.379173692382630E+00  0.392325784096785E+00  0.838038060077086E+00
-0.270416499292803E+00 -0.167656041081515E+00  0.948032894365538E+00  0.403927588147304E+00 -0.299160834952067E-01 -0.914301663282863E+00
-0.207535518892484E+00 -0.779871804836541E-01  0.975113843650185E+00 -0.183097421538416E+00  0.276635469198586E-01  0.982705481005269E+00
-0.176555725502393E+00 -0.231912453615609E+00  0.956579682854655E+00 -0.866741607878289E-01  0.691939767638291E+00 -0.716733526362758E+00
 0.127015410485767E+00  0.860651392713277E-01  0.988159844003661E+00  0.383312281531781E+00  0.283756875592643E+00  0.878950357176560E+00
-0.247600569043345E-02  0.260312529858556E+00  0.965521235496382E+00 -0.202687983037477E+00 -0.675825611701462E+00 -0.708644709357619E+00
-0.325221415541150E+00  0.374223468087599E-01  0.944897136641199E+00 -0.892839938400911E+00  0.350730365048903E+00  0.282533281984478E+00
-0.287347264813677E+00  0.410317660696191E+00  0.865488859965802E+00  0.444241934833123E+00 -0.796684602076309E+00 -0.409808184581807E+00
 0.752309428180158E-01  0.496328457465630E-01  0.995930161138727E+00  0.374649385756832E+00 -0.143362162019314E+00 -0.916015899563526E+00
 0.154857633664931E+00 -0.187929911271384E+00  0.969897655294221E+00 -0.624325525219709E+00  0.672460053405781E+00 -0.397511150953817E+00
-0.196246950056904E+00 -0.103987352535932E+00  0.975025007425928E+00 -0.638987256504119E+00 -0.766250892177834E+00 -0.674896752252695E-01
 0.245026869704964E+00  0.102801251050598E+00  0.964050691563996E+00  0.733655889855902E+00  0.617556892240141E+00  0.283500476413080E+00
-0.957360374984206E-01  0.388965369953188E+00  0.916264455330054E+00  0.356522691674399E+00 -0.640890908467726E+00 -0.679816455938406E+00
-0.746376062377399E-02  0.285962484205973E+00  0.958211745860016E+00 -0.197807053521005E+00 -0.539895078401663E+00 -0.818159931734010E+00
 0.129629398043829E-01 -0.348207179285719E+00  0.937327969541884E+00 -0.123808720928515E+00  0.748266044434910E+00 -0.651743298675006E+00
-0.196657654126395E+00 -0.187226243967035E+00  0.962430309499602E+00  0.121879976836098E+00  0.579381847421543E+00 -0.805892018898830E+00
 0.229679660455181E+00  0.310662591914973E+00  0.922353515501439E+00  0.591249578556827E+00  0.802645488241766E+00  0.786394052718624E-01
-0.176315303627256E+00  0.308101339963726E+00  0.934872439437266E+00 -0.107367950243012E+00  0.158813788034923E+00  0.981453159346187E+00
 0.447894878390392E-01 -0.191217582481742E-01  0.998813426091487E+00  0.558505396446932E-01  0.998378783415267E+00 -0.109782533969634E-01
-0.415396355678926E+00 -0.517434741957473E-01  0.908167650033198E+00  0.868398371253734E+00  0.127728784103524E+00 -0.479134246861250E+00
 0.248356626373632E+00 -0.596665098028498E-01  0.966829299175534E+00 -0.470590077872577E+00  0.455690595672790E+00 -0.755573331731116E+00
 0.421598139890795E+00  0.648963538147010E-01  0.904457556606267E+00  0.709805417929796E+00  0.138326482336339E+00  0.690682309721310E+00
-0.203800702957851E+00 -0.159012849654507E+00  0.966012519131423E+00 -0.129461657703286E+00  0.411599626176118E-01  0.990729800027250E+00
-0.631798590336465E+00 -0.179425551465289E+00  0.754080242898746E+00 -0.715564842653991E+00 -0.697066347837127E+00  0.454473615359316E-01
 0.386400098905386E+00 -0.785288140430959E-01  0.918982148320028E+00  0.916169476069506E+00 -0.319648574724714E+00  0.241781471157295E+00
-0.239461530409759E-01  0.652330859513062E-01  0.997582691435556E+00 -0.215320303789879E+00  0.104128551578622E-01 -0.976487961637672E+00
-0.163319895390336E+00 -0.591376853944658E-01  0.984799139893956E+00 -0.198900868690971E+00 -0.315994048603610E+00  0.927677856629701E+00
 0.173311307833506E+00 -0.112659291237748E+00  0.978402307169627E+00  0.421310957373059E+00  0.456594602806786E+00  0.783593291117982E+00
-0.276347688106697E+00 -0.277658884638318E+00  0.920074724715058E+00 -0.585671749764112E+00 -0.267403450714605E+00  0.765169259755099E+00
 0.172210361017576E+00  0.500136626667806E-01  0.983789726061850E+00 -0.176920146583548E+00  0.171363391622163E+00 -0.969192369834083E+00
-0.570879210913912E-01  0.147389044254199E+00  0.987429713397008E+00 -0.114412965353185E+00  0.987178425217107E+00  0.111303324950172E+00
-0.123018792586951E+00  0.115602910811165E+00  0.985648184537685E+00 -0.753713392222207E+00 -0.632962595181828E+00  0.176845908874305E+00
-0.235051140918795E+00 -0.405885034934104E+00  0.883180785326149E+00 -0.613840516942159E+00 -0.567563667741454E+00  0.548699647184187E+00
-0.287658524728505E+00  0.629845247748212E+00  0.721489803836488E+00  0.111276907242387E-01  0.969531982999688E+00  0.244711888636082E+00
-0.401759616676682E+00  0.305087309128180E+00  0.863429756388284E+00  0.715050518061725E+00 -0.680445231516472E+00 -0.160302974165026E+00
 0.186091066450264E+00 -0.334014426866193E+00  0.924015409845881E+00 -0.308835956279369E+00  0.193445744804783E+00 -0.931235252729368E+00
-0.227051363913331E+00  0.171122694276963E+00  0.958730776416659E+00  0.152885185638485E+00  0.358010279346142E+00 -0.921116040406844E+00
-0.518589300430103E-01  0.663225601085440E-01  0.996449682319907E+00  0.149040231923835E+00 -0.245918044926288E+00 -0.957763710132996E+00
-0.410061934936917E-02  0.169155400773145E+00  0.985580861883097E+00  0.817956416339449E-01 -0.194070651536432E-01  0.996460154161627E+00
-0.156474571896435E+00 -0.397014571992128E+00  0.904375551403141E+00  0.125937131082958E+00  0.495652164250940E-01  0.990799237149145E+00
-0.145857386047019E+00 -0.575806138021108E-01  0.987628521180764E+00 -0.439494334839856E+00  0.517611292706588E+00  0.734113941637323E+00
 0.400838983457110E+00  0.144881212808985E+00  0.904620110055082E+00 -0.660410231554683E+00 -0.750539832544949E+00  0.234155038658078E-01
 0.322752593447696E+00 -0.164805066188540E+00  0.932024706529487E+00 -0.804466787055020E+00 -0.207342782045905E+00 -0.556634673065591E+00
-0.204554962365730E-02 -0.970928277165528E-01  0.995273228079978E+00 -0.254194825817048E+00  0.137301823613052E+00  0.957357404400452E+00
 0.349678090195861E+00 -0.201570484898812E+00  0.914928725559884E+00  0.668814663077235E+00 -0.385660467328735E+00  0.635572930821213E+00
 0.327726749796311E+00 -0.515138733642120E-01  0.943367106867185E+00  0.736275926840566E+00 -0.500125270881578E+00  0.455820658791036E+00
 0.698592612496959E-01  0.199296538443174E+00  0.977445943969392E+00  0.505127161378913E+00  0.386282141429322E+00  0.771772413377194E+00
-0.713188412406409E-01  0.200733309714722E-01  0.997251565186940E+00 -0.104563796603870E+00  0.718512329525269E-01  0.991919257179225E+00
 0.903248891119413E-01  0.942010467590331E-01  0.991447213519922E+00 -0.587652746037741E+00 -0.130575313001437E-01 -0.809007880648049E+00
-0.144726591546078E+00  0.791435960303626E-01  0.986301427002332E+00 -0.924869482081866E-01  0.639687311932865E-02 -0.995693348589530E+00
-0.129154318236250E+00 -0.220812425499220E+00  0.966726970155525E+00  0.801477397111774E+00 -0.108532612023327E+00 -0.588094086049443E+00
 0.134509296208258E+00  0.298587307825994E+00  0.944856004287841E+00  0.395148880622989E+00  0.676043294987159E+00  0.621950822368862E+00
-0.182793005311914E+00  0.227662644666801E+00  0.956429002818482E+00 -0.402223449697592E+00  0.664680019045773E+00  0.629616366365012E+00
 0.562542070867406E+00  0.337516034659211E+00  0.754737931239799E+00 -0.456721840729492E+00 -0.101732203545623E+00 -0.883773567698433E+00
-0.285174469897699E-01 -0.204881635609663E+00  0.978371233534130E+00  0.478564362453949E-02 -0.323706247653134E-01  0.999464476741121E+00
 0.355716819327608E-01 -0.388338775288717E+00  0.920829870851143E+00  0.327368473786798E+00 -0.906909584480964E+00  0.265226107212447E+00
-0.292756680479402E+00 -0.125292902774922E+00  0.947942621970821E+00 -0.519518068259404E+00 -0.113707335894085E+00  0.846859857659983E+00
 0.916118884219247E-01 -0.244754286639270E+00  0.965247429974031E+00  0.423798012462468E+00 -0.467901782825646E+00  0.775540563904586E+00
 0.281488280255997E+00  0.407958259965615E-01  0.958697057813249E+00 -0.542158246303276E+00  0.860104796830853E-01 -0.835862807732251E+00
 0.470524910001204E-01 -0.230341915437137E+00  0.971971535119951E+00 -0.459161856178018E+00  0.288580851201449E+00 -0.840173483365789E+00
 0.313769756831623E+00 -0.557269514421310E-01  0.947862356347582E+00  0.177438424910265E+00  0.455901402626099E-01  0.983075350355302E+00
-0.205101632822749E+00 -0.174349143894169E+00  0.963086546597352E+00  0.467982283461746E+00  0.154566682264827E+00 -0.870115925092498E+00
 0.549296783324088E+00 -0.696821715640113E-01  0.832716901951638E+00 -0.772737851951133E+00  0.398788869072509E+00 -0.493805275453613E+00
 0.120972841582970E+00 -0.251524733696932E+00  0.960260839531650E+00  0.333848069939696E+00 -0.282755679979486E+00  0.899218934207281E+00
 0.350953494087429E+00  0.368473096067916E-01  0.935667633704707E+00  0.518070808031262E+00  0.458108235306214E+00  0.722315362297149E+00
 0.141897729591646E+00  0.473916775284810E-02  0.989869978646563E+00 -0.929434090154087E+00  0.337261925360555E+00 -0.149688562560857E+00
-0.296771370916209E+00 -0.202338966787515E+00  0.933266144207468E+00 -0.488191850809882E+00 -0.736533073953108E+00  0.468174911519196E+00
 0.110273114763204E+00 -0.691839339243618E-01  0.991490505979342E+00  0.200097781554907E+00  0.115827309469742E+00  0.972905397352592E+00
-0.123841705030249E+00 -0.756061402087673E-01  0.989417476931721E+00  0.352737709770423E+00 -0.996104820492350E-01 -0.930405212781956E+00
 0.350845348279891E+00  0.653732522698519E-01  0.934148745906145E+00 -0.829417120144566E+00  0.197359257142017E+00 -0.522605553387492E+00
 0.210508597451008E+00 -0.187415893713611E+00  0.959458916881144E+00  0.920073573110908E+00 -0.147386948815597E+00  0.362962404915104E+00
-0.375296974209419E-01 -0.110599965662175E+00  0.993156165669337E+00 -0.289695161154277E+00  0.781933619869904E+00 -0.551956998072265E+00
-0.263756715130809E+00 -0.291275080464413E+00  0.919560342078678E+00  0.976503511829978E+00 -0.531189570794486E-01 -0.208852263053366E+00
 0.269074471030938E-02 -0.213977155238848E+00  0.976834958899810E+00  0.350469340110932E+00 -0.522572919795524E+00  0.777231487485285E+00
 0.338203059516311E-01 -0.614313104575910E-01  0.997538160172733E+00  0.198824603598587E+00 -0.961134798244293E+00  0.191542884513537E+00
 0.123226082065356E+00 -0.502891682864093E+00  0.855520477840796E+00 -0.291851997562590E+00  0.844227751032937E+00 -0.449557466743235E+00
-0.254512282388466E+00 -0.183562353458104E+00  0.949488473077128E+00 -0.539836398081095E+00 -0.165345758477929E+00  0.825371094393418E+00
-0.262138572438747E+00  0.297305855935601E+00  0.918091823766106E+00 -0.179936079394661E+00  0.140261244893993E-01  0.983578301490983E+00
-0.308371312103774E+00 -0.219263348956579E+00  0.925651509843603E+00 -0.525923795012225E+00 -0.682272900375881E+00  0.507846287032428E+00
-0.113699799618302E+00  0.125455996659879E+00  0.985562351385662E+00  0.350519456979461E-02  0.809154919861942E-02 -0.999961119465449E+00
-0.290996197011990E+00 -0.154141825169951E+00  0.944225349722107E+00  0.535618660916475E+00 -0.368503841105707E+00 -0.759814167522811E+00
-0.326081958118715E+00 -0.610273783365209E-01  0.943369607143900E+00  0.762037590924677E+00  0.342619518373084E+00 -0.549463898402352E+00
 0.238960179899344E+00  0.145280098539368E+00  0.960099851781503E+00 -0.368516876067902E+00 -0.274230340822888E+00 -0.888252797476775E+00
 0.232338968073874E+00 -0.760983820470803E-01  0.969653360827561E+00 -0.777854862315863E+00 -0.466236260633798E-01 -0.626712095514577E+00
 0.144977972731618E+00 -0.202655648182942E+00  0.968458608140886E+00 -0.783862519747782E-02 -0.997108622290505E+00  0.755840678248074E-01
-0.306240916646647E-01  0.129118560675131E+00  0.991156174524932E+00  0.273956597978691E+00 -0.237618176224034E+00 -0.931925632629507E+00
-0.141993173303988E+00  0.775560340157661E-01  0.986824705975083E+00  0.356185477891923E+00  0.324519199886187E-01  0.933851582548295E+00
-0.122380893969804E+00  0.355581562711468E+00  0.926598440021794E+00  0.365288568872424E+00 -0.902690003004725E+00 -0.227409366400038E+00
 0.479843614666174E+00  0.435012289644633E-01  0.876274927487191E+00 -0.958294013573048E+00  0.166468941621891E+00 -0.232294371488736E+00
 0.699731520545737E-03  0.169459525729163E+00  0.985536899114105E+00  0.358482935246988E+00  0.965347089720410E-01  0.928531655411051E+00
 0.983656172263181E-01 -0.168503657084514E-01  0.995007673600147E+00 -0.734644751249697E+00 -0.147811297653334E+00 -0.662154747583455E+00
 0.562156754755269E+00  0.816736425057081E-01  0.822987970266197E+00 -0.288943822415146E+00 -0.748607610834951E+00 -0.596739568394883E+00
-0.119844052069805E+00  0.248923563147234E-01  0.992480616324869E+00  0.824415576446547E-01  0.248466816538192E-01  0.996286119537915E+00
 0.148781973166472E+00  0.582008464806321E-01  0.987155806309029E+00 -0.390676640702699E+00 -0.662507582106419E+00 -0.639105207349119E+00
 0.313777043964307E+00  0.287510641348392E+00  0.904920768792748E+00 -0.777994567691817E+00 -0.590050105591257E+00 -0.215790003322139E+00
 0.155958979396460E+00  0.230848562051304E+00  0.960409151426859E+00 -0.421714776011857E+00 -0.584667834926255E+00 -0.693051347661856E+00
-0.383151448379448E-01  0.210848042765322E+00  0.976767655350074E+00 -0.404429320441637E+00 -0.909978111293765E+00 -0.915246509599860E-01
-0.201294293251129E+00  0.954228948977861E-01  0.974871826772040E+00  0.792911072866371E+00 -0.179324473745086E+00 -0.582352782806048E+00
 0.227197579341715E+00  0.770526375496006E-01  0.970795627816645E+00 -0.725324188624908E+00  0.815022067369543E-01 -0.683565806409760E+00
 0.712604461317942E-01  0.300269525679505E+00  0.951188814466036E+00 -0.378121280667805E-01  0.613454179907267E+00  0.788824576268617E+00
-0.127590336353411E-01  0.922898097196372E-01  0.995650439703918E+00 -0.684861297459316E+00  0.680537538361326E+00  0.260448962607742E+00
 0.416801902885059E-01  0.151978662410245E+00  0.987504555893038E+00 -0.691339831803633E-01  0.595649129096839E+00  0.800264086021480E+00
-0.208490385563401E+00 -0.181356877320911E+00  0.961062662980949E+00 -0.973216933169826E+00 -0.429184049204357E-01  0.225846876247168E+00
 0.155833733940847E+00 -0.576014088480068E-01  0.986102390761111E+00  0.220533892235636E-01  0.646019265650934E-02 -0.999735922098728E+00
 0.191551520836130E-01 -0.226022645863726E-01  0.999561012537114E+00  0.830494245720620E-01 -0.145078799473176E+00 -0.985928463440260E+00
 0.366000582523110E+00 -0.448504716967600E-01  0.929533220913229E+00 -0.201475403123260E+00  0.776503282566486E+00 -0.597034600420940E+00
-0.421116078323428E+00  0.138723941636707E+00  0.896335270194290E+00 -0.786580074875185E+00  0.513035554240314E-01  0.615353338343266E+00
-0.232581590464597E+00  0.189940794456008E+00  0.953849201068166E+00 -0.555349866802804E+00  0.678219148280379E+00  0.481253895930147E+00
 0.937997904863733E-01 -0.892436706827476E-01  0.991583161690325E+00  0.103529503577813E+00  0.154497414392576E-01 -0.994506383779607E+00
 0.201537230716593E+00  0.511726701080453E-01  0.978143191188846E+00 -0.666811495901140E-01  0.509681449595842E+00 -0.857775287722386E+00
 0.283136536614737E+00 -0.411712286653712E+00  0.866214000494210E+00 -0.473172533127713E+00  0.858343249972225E+00 -0.198379986693775E+00
-0.399390956158455E+00 -0.322148860376339E+00  0.858316361196186E+00  0.683440470531813E-01 -0.720419592487179E+00  0.690162808323514E+00
 0.132959344206426E+00 -0.452924472656078E+00  0.881578830767511E+00  0.601490113986508E+00 -0.798499021740184E+00  0.246770147397720E-01
 0.103992007177737E+00  0.167783521758092E+00  0.980323595691544E+00  0.474911102180585E+00 -0.632974794863767E-01  0.877754449784388E+00
 0.703221017163296E-02  0.307453491267526E+00  0.951537124198269E+00 -0.730898159822669E+00 -0.662767058437956E+00 -0.162873282699575E+00
-0.430534279001763E+00  0.139820949805933E+00  0.891678381817009E+00 -0.589268533075286E+00 -0.164590952343363E+00  0.790994572885305E+00
 0.346085730251527E+00  0.687464211604103E-02  0.938177705241413E+00  0.840342049886807E+00 -0.478221741530383E+00  0.255204241970400E+00
-0.287154856181425E+00  0.307474296930187E+00  0.907194381209844E+00  0.178061025697770E+00 -0.578199169282155E+00 -0.796228605218931E+00
 0.787505484341248E-01 -0.385027425007180E+00  0.919539141697440E+00  0.100222951699768E+00 -0.238545624664763E+00  0.965945829177746E+00
-0.988232072619266E-01 -0.237991996669247E+00  0.966226569303417E+00 -0.693522241933517E+00 -0.426163632414473E+00  0.580871292414086E+00
-0.168346571194913E+00  0.926030250390143E-01  0.981368489264119E+00  0.117715182173817E+00  0.671017634056971E-01 -0.990777719386963E+00
 0.415601187616373E+00 -0.316454824494486E+00  0.852720350939290E+00  0.695629409073437E+00 -0.155375902657840E+00  0.701397215638473E+00
-0.365424811485450E+00  0.169013879904739E+00  0.915368240409492E+00  0.600385492760385E+00 -0.104137382507830E+00 -0.792901422402109E+00
-0.312353837712080E+00 -0.160072347118845E+00  0.936382359805224E+00  0.582626391429569E+00  0.355678213940539E+00 -0.730780060030257E+00
-0.117923462661310E+00  0.196986649495898E+00  0.973288403750063E+00  0.139398508143828E+00  0.125097612029294E+00  0.982302724923352E+00
 0.104033243701614E+00  0.220833672419223E+00  0.969747169797757E+00  0.311182534389644E+00 -0.877544215823551E-01  0.946289908951577E+00
 0.570239115917414E-01 -0.184638734521613E+00  0.981150758660989E+00  0.168111702733416E+00 -0.128687756166668E-01  0.985683950370604E+00
 0.521988773821002E-01  0.261493838729687E+00  0.963792638230061E+00  0.357437844410220E+00  0.897466986890839E+00  0.258439924981520E+00
-0.111350573307716E+00  0.184301933928837E+00  0.976541779430933E+00  0.478992997278191E+00 -0.867875641821749E+00 -0.131748164658721E+00
-0.461739092747332E-01  0.172850030305233E+00  0.983865253541240E+00  0.161288743794962E+00  0.294223374936424E+00  0.942028952190995E+00
-0.840312697484077E-01 -0.187349904462648E+00  0.978692371995566E+00  0.376320290540437E+00 -0.272236635003537E+00  0.885590341800040E+00
 0.266104227410406E+00 -0.375762069463637E+00  0.887688800935731E+00  0.410755012381033E+00 -0.861798404362980E+00  0.297630358063958E+00
-0.574596753287110E-01  0.312166869200523E+00  0.948288053011669E+00 -0.102136843387997E-01  0.999473805806584E+00  0.307862332663367E-01
 0.734689732848133E-01  0.158760345782324E+00  0.984579840628251E+00 -0.495886905231086E+00  0.219203038343576E+00  0.840265556357799E+00
 0.118926754714701E+00 -0.251051070628632E-02  0.992899856153189E+00 -0.190203409129581E+00 -0.281345419782275E+00 -0.940567604121586E+00
-0.118687703128549E+00 -0.106229122459815E+00  0.987232800644046E+00 -0.521141447342617E+00  0.137943484129632E+00  0.842248886640891E+00
-0.392465191636839E-02 -0.346612780866443E+00  0.938000094481534E+00  0.533298379850123E+00 -0.836588660936659E+00  0.125348515912406E+00
 0.223885504526678E+00 -0.188660340522233E+00  0.956181236365193E+00  0.280429937297108E+00 -0.543351856673997E+00  0.791282383297177E+00
 0.198706831568051E+00  0.201941548186654E+00  0.959028261420988E+00 -0.700883689030393E+00 -0.529822022740695E+00 -0.477546519901575E+00
 0.149436794379364E+00  0.998091949591827E-01  0.983720879664156E+00  0.136755234675857E+00 -0.201030773056042E+00 -0.969992079386858E+00
 0.524746325522994E-01  0.455974945923697E-01  0.997580714240908E+00  0.718026420604512E+00  0.223612211517121E+00  0.659117317458960E+00
 0.734179318842451E-01 -0.998633625781079E-01  0.992288826951323E+00 -0.897488489032462E+00  0.420169540221176E+00 -0.134059574535180E+00
-0.253539167214223E+00 -0.948420449023452E-01  0.962664467614267E+00 -0.269656015392048E+00 -0.286246118296596E+00  0.919428514416980E+00
 0.138458736276074E+00 -0.174922027027038E+00  0.974798165165274E+00  0.392826585322371E-01 -0.215670187812445E+00  0.975675787763325E+00
-0.129403977987097E+00  0.172601888993050E+00  0.976454401596483E+00  0.143957696610899E+00 -0.149497268104942E+00 -0.978226327807447E+00
-0.225898260472013E+00 -0.789083391327201E-01  0.970949766945249E+00 -0.547473107538823E+00 -0.422957055035631E+00  0.722066843247473E+00
 0.272773306317556E+00  0.545975336522707E-01  0.960527892713001E+00  0.846423645739156E+00 -0.322697056927463E+00  0.423596059216784E+00
-0.794875848543910E-01  0.179233658216729E+00  0.980590138445347E+00 -0.359419486935969E+00  0.519686494466646E+00  0.775076499372581E+00
 0.635163612176114E-02  0.198253162387863E+00  0.980130267016476E+00  0.498065693187832E+00  0.521166148354821E+00  0.693048635435007E+00
-0.342833771172185E+00  0.234353053976309E+00  0.909694262615652E+00 -0.134432734301068E+00  0.501876153791361E+00  0.854428561205633E+00
-0.354329433721058E+00  0.125604760895543E+00  0.926646694506211E+00  0.945302519676607E+00  0.103468128782657E+00 -0.309350113333217E+00
 0.477094669434842E-01  0.234423835539981E+00  0.970963064227828E+00 -0.141767385555438E-01  0.733411656692906E+00  0.679636933892571E+00
 0.515612669582474E-01 -0.139211612240153E-01  0.998572800060084E+00 -0.261198656388256E+00 -0.113746850542404E+00 -0.958559813414194E+00
-0.120996759170767E+00  0.439285682855229E+00  0.890161711774095E+00 -0.360386446728148E+00  0.153833110078858E+00  0.920030968640798E+00
-0.382805248289087E+00 -0.259170443860571E+00  0.886730411631091E+00 -0.151843249403024E+00 -0.832065853030231E+00  0.533488560169574E+00
-0.105489773716548E+00  0.428954560397489E+00  0.897145413383710E+00 -0.763609345203004E+00  0.281366719997508E+00  0.581148463644604E+00
-0.165901711305804E+00  0.526962819230083E-01  0.984733326366736E+00 -0.309586791420795E+00 -0.605031676814377E+00  0.733548013853872E+00
-0.131388196749926E+00  0.312409747260733E+00  0.940817352928446E+00  0.730114502955123E+00 -0.527283910217677E+00 -0.434631442259013E+00
-0.208825515009924E+00  0.209954836705112E+00  0.955149658862406E+00  0.173696238776754E+00 -0.284818395702788E+00 -0.942713157913954E+00
-0.106580551357422E+00  0.204281308995811E+00  0.973092869600485E+00 -0.196388204481583E+00  0.411756587568449E+00  0.889880995265371E+00
 0.181745956153268E+00 -0.451136200904097E+00  0.873753131986233E+00  0.325241531238213E+00 -0.820775965793853E+00  0.469621933402807E+00
-0.131456565243654E+00  0.217173476759844E+00  0.967240845108592E+00 -0.566064313754103E+00  0.368636167057542E+00  0.737345623863884E+00
 0.555079442182829E-01 -0.577675923403296E-01  0.996785720906887E+00 -0.122751226833397E-01  0.103001733167464E+00  0.994605431479040E+00
-0.174382997094856E+00 -0.182356022364685E+00  0.967645002793662E+00 -0.595030499458672E-01 -0.128654150254382E+00  0.989902771321236E+00
 0.421379382831678E+00  0.823721986972571E-01  0.903135779717631E+00 -0.359547412469669E-01 -0.860906630264418E+00 -0.507490916715391E+00
 0.167752231885665E+00  0.257279352815364E-01  0.985493410451601E+00  0.978501166971116E+00 -0.205061530871975E+00  0.220280455920545E-01
-0.229596740267167E+00  0.316193688063408E-01  0.972772096832027E+00  0.463877520750892E+00  0.136991652838799E+00 -0.875243356326970E+00
 0.255271924684316E+00  0.969829575246242E-01  0.961993009547233E+00  0.215503570401459E-04  0.567770823002314E-03  0.999999838585924E+00
-0.479934979441290E+00 -0.188013612413596E-01  0.877102573433781E+00  0.800621774723198E+00 -0.406522862076526E-01 -0.597789398923373E+00
 0.287116579041529E+00  0.147708466387730E+00  0.946438734941081E+00 -0.681374576216863E+00 -0.342655428208834E+00 -0.646773487709809E+00
-0.204237960176807E+00  0.305963063514964E+00  0.929878195995236E+00  0.287346881585009E+00 -0.454098085694091E+00 -0.843342574647060E+00
 0.649458707576253E-01  0.167972419762672E+00  0.983649988598895E+00 -0.222787247710794E+00  0.921787699625410E+00  0.317290527871135E+00
-0.312277003533315E+00 -0.966234602972449E-01  0.945064537470558E+00  0.318534372421458E+00  0.187971023592368E+00 -0.929087050752353E+00
-0.279480895687827E+00  0.125207614575561E+00  0.951952457950410E+00 -0.734557592184310E-01  0.176750377887209E+00  0.981510853406305E+00
 0.171328481464029E+00 -0.356063631375400E+00  0.918621381120096E+00 -0.765824380135678E+00  0.775804209769271E-01 -0.638352799845702E+00
-0.100042786438709E+00  0.131487826518996E+00  0.986256757826728E+00 -0.893686566521012E+00  0.999544303825856E-01  0.437416772274197E+00
-0.322818614152745E+00  0.844111514370343E-01  0.942689185187555E+00 -0.506152072511066E+00 -0.250077316825147E+00  0.825391673753914E+00
 0.314777133313659E-01  0.413110897308000E+00  0.910136550243318E+00  0.441367247854278E+00  0.719622935691374E+00  0.536038975213993E+00
 0.164908619014208E+00  0.165141770737904E+00  0.972385388070171E+00  0.204076164766052E+00  0.223653128678518E+00  0.953064634223036E+00
-0.126705995155815E+00  0.145431942218953E+00  0.981221249756648E+00  0.371880840811049E+00 -0.556445589103215E+00 -0.743016114633622E+00
-0.202098211370563E+00 -0.314733042711602E+00  0.927415454252471E+00 -0.384749365151746E+00  0.367051206214280E-01  0.922290984524675E+00
-0.247361770716961E+00 -0.116907202587713E+00  0.961844509456121E+00 -0.791405013520931E-01 -0.150276336760908E+00  0.985471361154377E+00
 0.175217584666671E-01 -0.548648024934117E-01  0.998340042985152E+00 -0.490983382313777E+00 -0.558281224546550E+00 -0.668773050152687E+00
-0.134078469316209E+00  0.200712957853648E+00  0.970431487852420E+00 -0.134657582197799E+00  0.254546696187122E+00  0.957639449384195E+00
-0.122729289728305E+00  0.287282952721373E-01  0.992024297330233E+00 -0.137564601665351E+00 -0.419964954756177E-01  0.989602078987519E+00
-0.176806602630015E+00 -0.187592785180483E+00  0.966203069864023E+00  0.538694495621558E+00  0.286333602662606E+00 -0.792351757979553E+00
-0.840468949133630E-01  0.404672060627226E-01  0.995639756482685E+00 -0.499155678453017E-01  0.143469865963525E-03  0.998753430784134E+00
-0.178263958023609E+00 -0.950839959461515E-01  0.979377861187738E+00 -0.113442583363670E+00 -0.992352015966926E+00  0.486647376049100E-01
-0.237950082486340E+00 -0.361579099216417E+00  0.901465647295885E+00  0.258501317800604E+00  0.840573878139350E+00 -0.476038469123163E+00
 0.539262700671174E+00 -0.810465814744048E-01  0.838228603243855E+00  0.801173470188389E+00  0.365646045062091E-01  0.597314071794395E+00
 0.498610906631586E-01  0.436035683807138E+00  0.898547023858363E+00 -0.163998133059943E+00 -0.547567716850309E+00 -0.820532880399191E+00
 0.869705565110098E-01  0.287780602548669E+00  0.953739192387987E+00  0.181329670387238E+00 -0.455903114153648E-01 -0.982365041184948E+00
-0.746479887122854E-01  0.141037982458517E+00  0.987185881830388E+00 -0.668672365563988E+00  0.727427866376686E+00  0.154032356177924E+00
-0.224891122023481E+00 -0.175889881962911E+00  0.958377134878589E+00  0.534524434706400E-01 -0.867217439651002E+00  0.495052268606234E+00
 0.933816945327779E-02 -0.222515006985247E+00  0.974884542013882E+00  0.552329874077192E+00  0.545804529937982E+00 -0.630102472063911E+00
-0.240381678242696E+00 -0.109890418866999E+00  0.964438046017711E+00  0.645769249782136E+00  0.236087262387089E+00 -0.726116299620376E+00
-0.170891889284008E+00 -0.183664963477347E+00  0.968020218470569E+00 -0.116222532537126E+00  0.176259287098885E+00 -0.977458432181159E+00
 0.105727019129070E+00 -0.263484995704741E-01  0.994046052251336E+00 -0.257278656230241E+00 -0.956878415600268E+00 -0.134875464064754E+00
 0.229233069170087E-01  0.133095740645586E+00  0.990838052267873E+00  0.307427338228969E-01  0.250269941612133E+00  0.967687883897775E+00
-0.219781532130262E+00 -0.139099475985267E+00  0.965581386479202E+00 -0.538596988458948E+00 -0.384822881994168E+00  0.749549620449944E+00
 0.500297686221242E+00 -0.875578460402626E-01  0.861415027009897E+00 -0.879229514864941E+00  0.374717200523884E+00 -0.294181032396556E+00
 0.297013697458967E-01  0.958509648567766E-01  0.994952471815233E+00 -0.883717169673952E+00  0.319523873462415E+00 -0.341977277477664E+00
 0.206551442209057E+00  0.273021872170189E+00  0.939572008436843E+00 -0.387529337854883E+00 -0.638650167953342E+00 -0.664790925987204E+00
 0.255981741966214E+00 -0.230787240236091E+00  0.938728180851172E+00  0.959785350948970E+00  0.677097467656455E-01  0.272447188087333E+00
-0.271483593126445E+00 -0.428549525641978E-01  0.961488487556598E+00 -0.753965589449878E+00 -0.144184896472595E+00  0.640895159565654E+00
-0.291465018725596E+00  0.232653522504630E+00  0.927858007092397E+00 -0.699147895612515E+00  0.358908002838317E+00  0.618366610967315E+00
-0.349080024207765E+00  0.306696711101027E+00  0.885483068216959E+00  0.341915949323990E+00 -0.855338633223022E+00 -0.389216271646045E+00
 0.172747437499410E+00 -0.162466776661576E+00  0.971474585009091E+00  0.631100686676644E+00  0.774759223234485E+00 -0.382108530311158E-01
 0.235523009126553E-01 -0.174043656452899E+00  0.984456243197342E+00  0.992179717982184E+00 -0.103709099240531E+00  0.694537973008850E-01
 0.308538329554823E+00 -0.807660873770099E-02  0.951177621470784E+00  0.429370513729746E+00 -0.593637094307794E+00  0.680614400524448E+00
 0.242822667122846E+00 -0.810727121640099E-01  0.966676971730329E+00 -0.773653903253404E+00 -0.625228116236596E+00  0.102710470001891E+00
 0.388425981951834E-01 -0.490153242336541E+00  0.870770378224032E+00 -0.134115662570947E+00  0.790104287897684E+00 -0.598120559167506E+00
 0.748377607615115E-01  0.698313131297922E-01  0.994747655071763E+00 -0.352887826405080E+00 -0.558778517022078E+00 -0.750491006534859E+00
-0.207040976543851E+00  0.218343693980965E+00  0.953656156762234E+00 -0.641698699508424E-01  0.415835104133773E+00  0.907173298747569E+00
-0.468467190489363E-01 -0.139833899932795E-02  0.998901111002682E+00 -0.229055906343491E+00 -0.153382070289402E+00 -0.961253001182779E+00
-0.441931943110680E+00 -0.290340324155196E+00  0.848763013937267E+00  0.303201467506010E+00  0.199539793986536E-01 -0.952717538837383E+00
-0.233133128776966E+00  0.802198527553366E-01  0.969130393440725E+00  0.579846472683255E+00 -0.599106916550471E-02 -0.814703734622004E+00
 0.325570643928277E+00 -0.262132989826760E-01  0.945154283050430E+00  0.706153701780503E+00 -0.283605672184278E+00  0.648779448014960E+00
-0.391582937218199E+00  0.140658417836266E+00  0.909328330566779E+00  0.743179777177669E+00  0.408411354242866E+00 -0.529984890840917E+00
 0.351305767100692E+00  0.215244619795869E-01  0.936013330855006E+00  0.792199807227892E+00  0.417596719576205E+00  0.445008365345287E+00
 0.164961632346324E+00  0.389952342829885E+00  0.905938645922073E+00 -0.594211435742795E+00 -0.634982725884561E+00 -0.493669633926069E+00
 0.532261452259876E-01 -0.198974146262632E+00  0.978558259166739E+00  0.366022539271024E+00 -0.232626596779803E+00  0.901061799887354E+00
-0.810076462453861E-01 -0.698756902003489E-01  0.994261107138767E+00  0.710260372490550E+00  0.700195729078873E-01 -0.700448044239815E+00
-0.631078365737078E-01  0.258394637841654E+00  0.963975939584421E+00  0.193437942309467E+00  0.746857204993121E+00  0.636228007733818E+00
-0.597697016942883E-01  0.872335963656053E-01  0.994393223239428E+00 -0.766526454306555E-02 -0.326593998184187E+00 -0.945133643496808E+00
-0.307120185583113E-01  0.171540519704195E-01  0.999381063667443E+00  0.298686015816387E+00  0.933263755002882E+00  0.199512975902955E+00
 0.361526755068178E+00  0.926591750712597E-01  0.927746022705022E+00 -0.403787353196994E+00 -0.551211971601129E+00 -0.730151447140771E+00
 0.178126994839866E+00  0.291085527020831E+00  0.939968079068818E+00  0.120394383153398E+00 -0.869368909814713E-02  0.992688074006623E+00
-0.590137261572340E-01  0.162846174222867E+00  0.984885020530830E+00  0.848877567256923E-01 -0.677179560858055E-01  0.994086689973083E+00
 0.503899106362566E+00  0.988592793847765E-02  0.863705944772758E+00 -0.695368629604434E+00 -0.244142246755531E+00 -0.675912000419591E+00
 0.254474118531032E-01 -0.188030190560057E+00  0.981833527981158E+00 -0.687864733690857E+00  0.397376065274841E+00 -0.607399679692945E+00
 0.755745100283068E-01  0.201648719216636E-01  0.996936242381811E+00  0.463917214220131E-01  0.297206345431682E+00  0.953685585724481E+00
-0.244420311306342E+00  0.963082096885761E-01  0.964874831347306E+00  0.370215824705747E+00  0.963425916631551E-01 -0.923936333395906E+00
 0.164386566333583E+00 -0.408152082055006E+00  0.897991611722079E+00  0.214716739868756E+00  0.750355939086994E+00 -0.625190120121078E+00
 0.153598660150052E+00  0.784260145981738E-01  0.985016148006902E+00  0.594839948837714E+00  0.317534216928768E+00  0.738469671920371E+00
 0.940333028451860E-01 -0.451700562778854E-01  0.994543817019581E+00 -0.441472240453114E+00  0.583153443866243E+00 -0.681934250361608E+00
-0.360107523010102E-01  0.202050023814741E+00  0.978712937277922E+00 -0.492815118379447E+00  0.212522467847361E+00 -0.843781642225475E+00
-0.229884745325424E+00 -0.286701244165992E+00  0.930029784716778E+00  0.394476571894567E+00  0.860993566976004E+00 -0.321058112889624E+00
-0.315494729007974E+00  0.102244833791493E+00  0.943402920247301E+00 -0.346904119848871E-01  0.763464110744961E+00  0.644917922623279E+00
-0.859664235324803E-01 -0.233752224384398E+00  0.968488343564537E+00  0.160416091197444E-01 -0.350689036685066E+00  0.936354562292378E+00
 0.719624517865801E-01 -0.409124138843159E+00  0.909636655235874E+00 -0.162844584569666E+00  0.678386256312187E+00 -0.716431244798179E+00
 0.172550965942170E+00  0.222544747681747E+00  0.959531135207030E+00  0.351300835701968E+00  0.275581667139981E+00  0.894786269212625E+00
-0.167838343765556E+00 -0.285119891382976E+00  0.943682646815017E+00 -0.473572246991930E+00 -0.354836007404082E+00  0.806114591561612E+00
-0.689210788570246E-01 -0.416554240517167E+00  0.906494594355835E+00 -0.354859812222797E+00  0.226082539998529E+00 -0.907172088843685E+00
-0.261738723039978E+00  0.950836300521664E-01  0.960443618416773E+00 -0.219560781037897E+00  0.164663268309864E+00  0.961602345826768E+00
 0.114336390629757E+00  0.223699220998830E+00  0.967928638021562E+00 -0.113924581780469E+00  0.750595376504953E+00  0.650866937580588E+00
 0.136595367850848E+00 -0.288536903449676E+00  0.947675134647609E+00  0.269023836218524E+00 -0.227801816064319E+00  0.935805806855283E+00
-0.129670774064039E+00 -0.520192997370409E+00  0.844147342494439E+00  0.155954756968556E+00 -0.607076285012876E+00  0.779189641841987E+00
 0.356983552945307E+00 -0.889304949743978E-01  0.929867791672641E+00  0.611521708365329E+00 -0.518358320740181E+00  0.597784117819609E+00
-0.286463932150067E+00  0.137706906272578E+00  0.948143039600016E+00  0.600093137982176E+00 -0.136710309693090E-01 -0.799813308628296E+00
 0.459913456689228E-01  0.184591069910712E+00  0.981738729516555E+00 -0.539680469128311E+00 -0.141153083948376E+00  0.829952286660691E+00
 0.282369607680358E+00  0.355956332541363E-01  0.958645062341468E+00 -0.766558805533276E+00 -0.591975350216265E+00 -0.248903158669646E+00
 0.227315297431193E-01  0.294622554766501E+00  0.955343303623571E+00  0.132938411581056E+00  0.207782358885222E+00  0.969099515046003E+00
-0.216438533297006E+00  0.248107164215545E+00  0.944244246140352E+00  0.622719927153364E-01  0.105007080680752E+00  0.992519879866478E+00
 0.393524513661629E+00  0.176501190741821E+00  0.902211608667334E+00 -0.377323787774102E+00 -0.781760712825549E+00 -0.496464446926760E+00
 0.654462123700527E-01 -0.398836046095866E-01  0.997058720121217E+00  0.101169618517087E+00 -0.308955387228567E-01  0.994389347276072E+00
-0.236663495793187E+00  0.677221749985072E-01  0.969228609138432E+00  0.123964528448184E+00 -0.396354384558147E+00 -0.909690055748744E+00
-0.683831771425069E-01  0.266657427765185E-01  0.997302701914556E+00  0.503981010572170E+00 -0.560037794490945E+00 -0.657541488975694E+00
-0.205710402124138E+00 -0.208859333440860E-01  0.978390008251450E+00  0.367672451262825E+00 -0.476617013199274E+00 -0.798531897491508E+00
-0.247306965087346E+00  0.505042992212754E+00  0.826904372364830E+00 -0.324269336000049E+00  0.572121762617498E+00  0.753343272664948E+00
-0.296285850931416E-02 -0.542790678118805E+00  0.839862787136554E+00 -0.267551431354569E+00 -0.915950478668027E+00  0.299083520455295E+00
 0.117091123327035E+00  0.130406716605774E+00  0.984522095791717E+00  0.747850902376203E+00  0.524617129376532E+00  0.406811867304562E+00
 0.205341360157703E+00  0.278856559098257E+00  0.938122564090889E+00  0.442685729531982E+00  0.625426936304825E+00  0.642549991995251E+00
-0.272391860810875E+00 -0.367593228874088E-01  0.961483970924554E+00 -0.870680500264439E+00  0.102456802654203E+00  0.481059320717460E+00
-0.188067648085728E+00 -0.856605856290189E-01  0.978413421725804E+00  0.500864888169958E-01 -0.155302109708094E+00 -0.986596471896287E+00
 0.183473611106869E+00 -0.142502469355201E-01  0.982921341964697E+00  0.208433485920296E+00 -0.379272590493029E+00  0.901503069350194E+00
-0.242427871355290E+00 -0.195031462369738E+00  0.950363854466311E+00  0.279306908558159E+00  0.648868023241708E+00 -0.707783822396417E+00
 0.448372470059805E+00 -0.267590840943346E+00  0.852852431511866E+00 -0.888952001993090E+00  0.270099428780189E+00 -0.369879219104145E+00
 0.474848873189198E+00 -0.420051384482764E-01  0.879064341203128E+00  0.390734190005597E+00  0.216356337612579E+00  0.894716004068074E+00
 0.111883098360727E+00  0.596639363208804E-01  0.991928619913702E+00 -0.538048885698525E+00  0.821919820183723E+00 -0.186952415838178E+00
 0.174263566184052E+00 -0.144558188885558E+00  0.974030358626950E+00  0.353996173920246E+00 -0.770290102297049E+00  0.530414806687208E+00
 0.321485745845458E+00  0.104206881015352E-02  0.946913844713860E+00  0.502929987871797E+00 -0.193851999728099E+00  0.842308037181583E+00
-0.145259163746054E+00  0.746432102204228E-01  0.986573953900967E+00  0.496245824753570E-01  0.304800409303490E+00  0.951122553250932E+00
 0.168781724804113E-01  0.163717248252965E+00  0.986362909845153E+00  0.268520495973605E+00 -0.687388626398986E+00 -0.674828585301041E+00
-0.178506877269906E+00 -0.142227594950351E+00  0.973604953768203E+00  0.672782219614675E+00  0.696011393051276E+00 -0.250862962019453E+00
 0.131579330624331E+00  0.276970991632623E+00  0.951826638388785E+00  0.959885166790629E+00 -0.255050093374489E+00 -0.116489984311921E+00
 0.169107824886561E+00 -0.111475546722806E+00  0.979273070213303E+00  0.294571710083287E+00 -0.875288923961557E-01  0.951612421427185E+00
-0.289274355946102E+00 -0.102701776326037E+00  0.951720910840696E+00  0.614675554951116E+00  0.788443728713041E+00  0.230314740868454E-01
-0.111856760308774E+00  0.421857763907944E+00  0.899735567933054E+00 -0.209253618834037E+00  0.271631874343569E+00  0.939376946622312E+00
 0.254068215752756E+00  0.245606280575609E+00  0.935482173366241E+00  0.630817211823748E+00 -0.593533131219282E+00  0.499788022477478E+00
-0.176409557611195E+00  0.201465194282388E+00  0.963478823574334E+00  0.134489929691582E+00 -0.529844817963838E+00 -0.837363079964970E+00
-0.171074232987888E+00  0.911814695000457E-01  0.981029839723246E+00  0.106898925196550E+00 -0.370625514629690E+00  0.922610073485706E+00
 0.187831845633906E+00 -0.341335560461225E-01  0.981607914657073E+00  0.206606078929046E+00 -0.176129977064846E+00  0.962440730293924E+00
-0.296282830103859E+00  0.173855879665535E+00  0.939143555422370E+00 -0.458330424308270E+00  0.732518611131563E+00  0.503338560512988E+00
-0.686804362218806E-01  0.403000042507441E+00  0.912619287227359E+00  0.521661499631852E+00  0.782774210082301E+00  0.339313742474242E+00
 0.364798119421860E+00 -0.201064345492674E+00  0.909117957713892E+00 -0.344926234471896E+00  0.568043142837677E+00 -0.747230139012160E+00
 0.328967403258733E+00  0.122482677394979E+00  0.936364481028282E+00  0.958896247291366E+00 -0.236171872613112E+00  0.157292191532037E+00
 0.382684333225996E+00  0.146283702133898E+00  0.912224632200521E+00  0.804615785190938E+00  0.561962255544920E+00  0.191812047495555E+00
 0.132802950113200E+00  0.351280955005795E+00  0.926803683145167E+00 -0.545199677104621E+00 -0.349405125112806E+00 -0.762019271823175E+00
 0.375321469987080E+00  0.122507533481611E+00  0.918763135093583E+00  0.755851603797771E+00  0.453584856118325E-01  0.653169932574470E+00
 0.480011616116091E+00  0.218426967925005E+00  0.849634337863476E+00 -0.798433550208654E+00 -0.258097824169939E+00 -0.543957148183520E+00
-0.157652904950157E+00 -0.115862333293150E+00  0.980673993376312E+00  0.329143721741177E+00  0.197934900371299E+00 -0.923301784712545E+00
 0.209543462490984E+00 -0.966668761414762E-01  0.973009276617822E+00  0.690450934717966E+00 -0.346322188378283E+00  0.635089323311267E+00
 0.165658001664292E-01 -0.267499783043019E+00  0.963415507627308E+00 -0.540091744126745E+00  0.835043134270808E+00  0.104899341434138E+00
 0.292733918762329E+00 -0.130397332106484E+00  0.947260992855486E+00 -0.735559057911977E+00 -0.423847840164902E-01 -0.676133420566917E+00
-0.169785058989951E+00  0.136266855517584E+00  0.976014537715053E+00  0.216709348638419E+00  0.970723496082178E+00  0.103599963159776E+00
 0.169032590619897E+00  0.173455490647210E+00  0.970227383695524E+00 -0.955734816857453E+00  0.431548196716996E-01 -0.291047455555883E+00
-0.418975443634495E+00  0.239253362406084E-02  0.907994412655791E+00 -0.756379781205189E+00 -0.370825690303320E-01  0.653080783408990E+00
-0.208041711759090E+00  0.293040283535680E+00  0.933191319287570E+00  0.436652616335464E+00 -0.771940984085911E+00 -0.461997413126816E+00
-0.129122774111990E+00 -0.558410406687479E-01  0.990055093104750E+00 -0.212602809454343E+00 -0.597344949322762E+00  0.773291055767947E+00
 0.394795745515800E+00 -0.279157542008636E+00  0.875332728773648E+00  0.171354198067570E+00 -0.162948992436854E+00 -0.971640553223482E+00
-0.627892992702529E-01 -0.147086093415077E+00  0.987128758076190E+00 -0.164318979128031E+00  0.120214199166144E+00  0.979054553851400E+00
-0.254810763329605E+00  0.274501662685762E+00  0.927211039663644E+00  0.386757026893467E+00 -0.212254316643173E-01 -0.921937353185773E+00
 0.189496354741134E-01 -0.693086278445768E-01  0.997415272302214E+00 -0.389589635399086E+00 -0.821567031012618E-01  0.917316843912254E+00
 0.118021234891566E+00  0.393570339337361E+00  0.911687104278954E+00 -0.172599527520509E+00  0.939436003330949E+00  0.296090186843925E+00
 0.352575677463180E+00 -0.508899002300426E-01  0.934398528314314E+00  0.836956992711375E+00 -0.279517407838083E+00  0.470502934174709E+00
 0.993834613994811E-01  0.375396145324764E+00  0.921520841693538E+00 -0.801220473948104E+00 -0.386642601433719E+00 -0.456676308650823E+00
-0.796631966207999E-01  0.569169304295579E-01  0.995195577831128E+00 -0.915960838120140E+00 -0.117710767808346E+00 -0.383614283065974E+00
-0.346732419485659E+00 -0.126107874288941E+00  0.929447918562383E+00 -0.946331219721167E+00 -0.319665875441963E+00  0.476544925371336E-01
 0.145083138416699E+00 -0.306423018299298E+00  0.940774051939949E+00 -0.126672248934991E+00 -0.267303800842808E+00 -0.955250134469888E+00
-0.792714844135694E-01 -0.102850307062020E+00  0.991533078669652E+00 -0.337487673507909E+00 -0.555804273358790E+00  0.759726055855877E+00
-0.115461393395676E+00  0.305181452152496E+00  0.945268717295364E+00  0.300733234906174E+00 -0.949042644728197E+00  0.942209101536209E-01
 0.583296623878485E-01 -0.440762363419450E-01  0.997323887147825E+00 -0.163207598726081E+00 -0.725775940424118E-01  0.983918580249952E+00
-0.466690949437108E+00 -0.190986531615938E-01  0.884214226961376E+00 -0.755405054656553E+00 -0.221080767214348E+00  0.616835875875622E+00
 0.145352810348839E+00  0.243807798238801E+00  0.958869291426961E+00  0.727633188920585E+00  0.425485053760473E+00  0.538063575618818E+00
 0.514358118323000E-01  0.665576576564322E-01  0.996455937544878E+00  0.251727932401326E-01  0.169306449431625E-01  0.999539735949651E+00
 0.380697104920537E+00 -0.170428544518425E+00  0.908858528880295E+00  0.845067900959792E+00 -0.101395035494278E+00  0.524956464427789E+00
-0.941385526292761E-03  0.301426026097795E+00  0.953489100401353E+00  0.182414707025709E+00 -0.912268796824744E+00 -0.366729487498153E+00
-0.274960483152901E+00 -0.343897336373724E+00  0.897848180228362E+00  0.881457458847299E+00  0.222720483591013E+00 -0.416447276892823E+00
 0.118165625282271E+00  0.272706432839325E+00  0.954813116002132E+00 -0.436550345265299E+00 -0.868711521369334E+00 -0.234017282885102E+00
-0.293480062529323E+00  0.406534593147749E-01  0.955100386945543E+00 -0.108634532367726E+00 -0.458793037147193E+00  0.881877251913496E+00
-0.172375759689832E+00  0.406803066797837E+00  0.897105268246279E+00 -0.116217753590344E+00 -0.765720602972237E+00 -0.632586272325165E+00
 0.386256861106865E+00 -0.260576304404980E+00  0.884819544783293E+00  0.357128688746655E+00 -0.700215029892518E-01  0.931426910064993E+00
 0.243111678460954E+00  0.405993567121339E+00  0.880946045596431E+00  0.440445939305341E-01  0.937154297460144E+00  0.346124105629005E+00
 0.172722692225392E+00  0.346377544560004E+00  0.922057193570439E+00 -0.394830608374441E+00 -0.703147420273844E+00 -0.591348032932306E+00
 0.178698564267612E+00  0.500232719441303E-01  0.982631413803110E+00 -0.112179440324764E+00  0.844355258152496E-01  0.990094144588647E+00
 0.429027564042950E+00  0.255888041870779E+00  0.866289016044248E+00  0.825573826985229E+00 -0.438100321574057E+00  0.355662711615472E+00
 0.104634888178612E+00 -0.549575504609530E-01  0.992991041159577E+00 -0.105470595153927E-01  0.308704302144089E-01 -0.999467746390025E+00
 0.189013391174488E+00  0.359251324157998E+00  0.913899570000690E+00  0.158269016023469E+00  0.897555949724049E+00  0.411514563146827E+00
 0.347425047290087E+00  0.349678815202609E+00  0.870069286157132E+00  0.603348527456226E+00  0.730708355083977E+00  0.319430515491039E+00
-0.371237011703860E+00  0.736518762304945E-03  0.928537849891592E+00  0.480607887336137E+00 -0.508731032531482E+00 -0.714289013754060E+00
 0.241365053388040E+00 -0.506725706026889E+00  0.827630334058956E+00 -0.394989601118792E+00  0.916353615803233E+00 -0.654160975017465E-01
-0.250515651932225E+00 -0.318958838290663E+00  0.914060811769787E+00  0.711292523120021E-01  0.371073162015361E+00 -0.925875444051443E+00
 0.727240473056227E-02 -0.316635896037220E+00  0.948519278386128E+00  0.121797560477779E+00 -0.495270272728332E+00  0.860158538417927E+00
 0.536818165049973E-01  0.204714299922979E+00  0.977348616402442E+00  0.583473710659019E+00  0.800499929711338E+00  0.136960912314200E+00
-0.246803641075812E+00 -0.308790542515114E+00  0.918551230800407E+00 -0.354844402030337E-01  0.693259910237790E+00 -0.719813553193164E+00
 0.170391483640159E+00 -0.244727154996641E+00  0.954502677790982E+00 -0.419672289157229E+00  0.467568910799160E+00 -0.777981030210646E+00
 0.122183008500854E+00 -0.459147133902805E+00  0.879917735849505E+00 -0.317118760648183E+00  0.906147781018878E+00 -0.279878349644134E+00
-0.195903663740186E+00 -0.662176655287653E-02  0.980600788670339E+00 -0.757504639094792E+00  0.143992176351491E+00  0.636751894303763E+00
 0.400255757444505E+00  0.446012842788460E+00  0.800542236674794E+00  0.378267386179312E+00  0.756111440716351E+00  0.534049879478420E+00
-0.797663419079928E-02 -0.233979593719187E+00  0.972208785719400E+00  0.420431874579919E-01 -0.111903356919014E+00  0.992829295044535E+00
-0.653809404164347E-01 -0.481348574496028E-01  0.996698734888617E+00  0.107248281096576E+00 -0.746211488940079E-01 -0.991428005626010E+00
 0.172708608368669E-02  0.279333635283614E+00  0.960192552237779E+00 -0.508102478702201E+00  0.723909878695326E+00  0.466675860382769E+00
 0.815348899931820E-02  0.548189636770472E-01  0.998463019765135E+00  0.166051617805610E+00 -0.151478730917480E-01 -0.986000711036729E+00
-0.312987882113762E+00 -0.161516355448082E+00  0.935922567615885E+00 -0.597095401287621E+00 -0.762274550689148E+00  0.249829123868360E+00
 0.872781508979195E-01  0.220059060219121E+00  0.971574255726919E+00  0.363592301428042E-02 -0.221793383791913E+00  0.975086906367821E+00
-0.156500644806422E+00 -0.200427521128831E+00  0.967127890689399E+00  0.599439914900754E-01 -0.821606461424575E-01  0.994814729539974E+00
 0.726816397740988E-01 -0.103996837922240E+00  0.991918362034862E+00 -0.368802579288775E+00  0.578734840572084E+00 -0.727358674807657E+00
 0.753289437551129E-01 -0.127513562740290E+00  0.988972113636182E+00 -0.374541356065099E+00 -0.163515168373876E+00 -0.912678235912624E+00
-0.184870533521777E+00  0.383246407759775E+00  0.904955842444592E+00 -0.428271019948112E+00  0.792444260147102E+00  0.434299468146710E+00
-0.298237212829531E+00  0.171670954310019E+00  0.938926859947015E+00  0.602091335079893E+00 -0.263824978404083E+00 -0.753579727030788E+00
 0.452961754815939E+00  0.357782954304078E-01  0.890811743439746E+00 -0.163570636833046E+00  0.374686320543793E-01 -0.985819835658628E+00
 0.196310045875041E+00 -0.183297870790189E+00  0.963257108176380E+00 -0.210584702603980E-01  0.110588467057330E-01  0.999717081348434E+00
-0.264757590516746E+00 -0.764296426900390E-01  0.961281398957683E+00 -0.845160059019705E-01 -0.978968891382822E+00 -0.185679709314364E+00
 0.346917393885615E+00 -0.798439191138540E-01  0.934490915097709E+00 -0.536752031320125E+00  0.787276896297011E+00 -0.303467206516067E+00
 0.675799340780348E-01 -0.258231849414977E+00  0.963716381752292E+00  0.322307657050073E+00  0.945204747082202E+00  0.520169232093041E-01
 0.947548440619061E-01 -0.209797955122020E+00  0.973142506292590E+00 -0.235462537618421E+00  0.255636956110330E+00 -0.937660460960650E+00
-0.148243161180961E+00  0.287794912094204E-01  0.988532096620440E+00 -0.360359726371748E+00 -0.931350468998676E+00  0.522223276503955E-01
-0.143441230065864E+00 -0.245763585285156E-02  0.989655785383588E+00  0.637062008028115E-01 -0.148794909332976E+00 -0.986813860328210E+00
-0.395975913563875E+00 -0.169269318124668E+00  0.902524777398862E+00  0.900257516673428E+00 -0.123574023713514E+00 -0.417451631133770E+00
-0.103490075144045E-01 -0.133340926888041E+00  0.991016193238085E+00 -0.208656977611563E+00 -0.378909192527596E+00  0.901604175629246E+00
-0.192020492027707E+00 -0.635952996401506E-01  0.979328223071875E+00 -0.167670059343492E+00 -0.469633773278832E+00  0.866793441481670E+00
-0.195109420879573E+00  0.139408155968293E+00  0.970823197051635E+00  0.544529355146272E-01 -0.435840339794825E+00 -0.898375242324371E+00
 0.425182628477450E+00 -0.902297627916870E-01  0.900598868724341E+00 -0.763796775211769E+00 -0.639758787948990E+00  0.855755772293758E-01
 0.413064533017066E-02  0.425302719142862E+00  0.905041731004070E+00  0.283597374019855E+00  0.799178756709607E+00  0.529986645372436E+00
 0.572953944718397E-02 -0.121181019668827E+00  0.992613889107817E+00  0.693845365270868E+00  0.302981497935221E+00  0.653284640108020E+00
 0.195490914865174E+00 -0.243738599021733E+00  0.949934101689217E+00  0.382705911303736E+00 -0.325045114119031E-01  0.923298241193522E+00
-0.293213339810593E-01  0.993833054538975E-01  0.994617121293731E+00  0.275766719892781E+00  0.321530496112418E+00  0.905853661619403E+00
-0.398854542835902E+00 -0.317914316306841E+00  0.860142744633888E+00 -0.552748289966778E+00 -0.831226606239320E+00  0.594277462021345E-01
-0.353618108758218E+00  0.503873798290383E+00  0.788077044808871E+00  0.211112275875574E+00 -0.973078119703662E+00 -0.924693458861913E-01
 0.894580159718590E-01 -0.227676355542606E+00  0.969618863525878E+00 -0.894365154984273E-01 -0.520185166047901E+00  0.849357700100033E+00
-0.361425244098499E-03 -0.824835468917399E-01  0.996592360929960E+00  0.615987682887431E-01  0.992744955564853E+00 -0.103262020829774E+00
-0.288949486417544E+00 -0.530818987865854E-01  0.955871595100643E+00  0.215884007337866E+00  0.854533887860360E-01 -0.972672511033764E+00
-0.190754402996672E+00 -0.345617495180077E+00  0.918782512220837E+00  0.748955229975650E+00 -0.661019543564305E+00  0.460350574905687E-01
-0.157953206360731E+00 -0.377883128643676E+00  0.912280179378480E+00 -0.489255315892100E-01  0.963486042385901E+00 -0.263250714122996E+00
 0.533329508710557E-01 -0.886135146706031E-02  0.998537466899246E+00 -0.784317260846083E-01 -0.611871463691239E+00  0.787058940781267E+00
 0.243499703080500E-01 -0.785182372004377E-01  0.996615254435197E+00 -0.242365690162969E-01  0.743749744752920E+00 -0.668018641882309E+00
 0.667546148189581E-01  0.555891884810245E-01  0.996219686376651E+00  0.829728881934752E+00 -0.552456300429410E+00  0.796367917432386E-01
 0.577982802409043E-02 -0.117951892196376E+00  0.993002489783035E+00 -0.287783850176573E+00 -0.575016356776919E-01 -0.955967581810146E+00
-0.376676397558149E-01 -0.983576118016672E-01  0.994437996617134E+00 -0.314770032041668E-01  0.537300896853450E+00 -0.842803028298880E+00
 0.264347575933921E+00  0.436496255218352E+00  0.859994987356446E+00 -0.388598733313235E+00 -0.841889474234233E+00 -0.374450447510691E+00
-0.498575912325954E-01  0.131566728867460E-01  0.998669676397073E+00 -0.568225296194392E-01 -0.159251952470372E+00  0.985601347280949E+00
 0.589985379832281E-01 -0.189928894752164E+00  0.980023564744268E+00  0.226915080610542E+00 -0.143476004896281E+00  0.963288213470150E+00
-0.233836610025587E+00  0.235702096778206E+00  0.943273534763962E+00 -0.709543436577680E+00  0.643469457230127E+00  0.287219722897820E+00
 0.103935790280446E+00 -0.389003939771612E+00  0.915354186280340E+00 -0.639772707639482E+00  0.444404688946976E+00 -0.627052912441675E+00
-0.199879653249306E-01  0.926643109890067E-01  0.995496763787358E+00 -0.181413217724808E-01 -0.997654074187913E+00 -0.660093985778205E-01
-0.110968372238891E+00 -0.208770965972245E+00  0.971648446779835E+00  0.217997016115247E+00  0.448278817127261E+00 -0.866904494785805E+00
 0.104860148488499E+00 -0.104560338354095E+00  0.988974966772287E+00  0.773582613443457E+00  0.162015707892801E+00  0.612634353080193E+00
-0.363792748958840E+00  0.179854616648981E+00  0.913951395138176E+00  0.524402472452266E+00 -0.576492603491505E-01 -0.849516691811966E+00
 0.481000252115684E-01 -0.212217512701993E+00  0.976037967948597E+00  0.556281993491269E+00 -0.235105788202923E+00  0.797041788158477E+00
-0.111099761755903E+00 -0.172782028999782E+00  0.978674212081068E+00  0.655388321859952E+00  0.721685156626215E+00  0.222792913430818E+00
-0.566692149379442E-01 -0.450644443480904E+00  0.890903016965429E+00  0.238191142995111E+00  0.774670102608010E+00 -0.585791098877388E+00
-0.393428044555718E+00  0.266753320471203E+00  0.879805114655883E+00 -0.686641712307398E+00  0.424149936150495E+00  0.590440505540648E+00
-0.576655820823433E-01 -0.247112550436744E+00  0.967269387533665E+00  0.414934295851114E-01  0.408585104228649E+00 -0.911776566875750E+00
 0.133324873948865E+00 -0.249911810599983E+00  0.959045653193401E+00  0.150875836748372E+00  0.956425998098782E+00 -0.249971582477343E+00
 0.182557842489515E-01  0.437835575408968E-01  0.998874229535690E+00 -0.779287350523366E-01 -0.124300677102758E+00 -0.989179687379871E+00
-0.474791960873212E+00  0.878882043606808E-01  0.875698725261392E+00  0.977944659494362E+00  0.896085371539554E-02 -0.208671862183545E+00
 0.594547195298895E-01  0.691017779615429E-01  0.995836372406720E+00 -0.331413820786953E-01  0.474441234752637E-01  0.998323947394621E+00
-0.469566049253139E+00 -0.811949116623972E-01  0.879155908647001E+00 -0.763597543174687E+00 -0.594797340128973E+00  0.251266623794487E+00
 0.258045416557583E+00  0.129364231729465E+00  0.957432743613184E+00  0.730100769116293E+00  0.117524731814629E-01  0.683238425668461E+00
-0.559385885365338E-01 -0.732454444857261E-01  0.995743932532169E+00  0.792796421261722E-01 -0.749435914363218E-01  0.994031285446777E+00
-0.947793930452432E-01 -0.962630287936624E-01  0.990833132238444E+00 -0.847279241549922E+00 -0.268488537101421E-01  0.530468685120092E+00
 0.156469723430571E+00  0.475473423926825E-01  0.986537620104248E+00 -0.453452705733511E-02 -0.912617812488299E+00 -0.408788657368863E+00
 0.391516616333911E+00 -0.235622951505676E+00  0.889492306801020E+00  0.917826959551414E+00 -0.205949554028935E+00  0.339379512516430E+00
-0.213013815963790E+00 -0.397779598101637E+00  0.892410502819551E+00  0.528087331908575E+00  0.513992384836511E+00 -0.675970116357046E+00
 0.310635032272631E+00  0.541484834193679E-01  0.948985678747769E+00 -0.176771896913432E+00 -0.234302241610410E+00 -0.955957193622164E+00
 0.239133597431839E-01  0.297391600566884E+00  0.954456068731327E+00  0.407761060030900E+00 -0.181574332385062E+00  0.894852881618758E+00
-0.239405476839597E-02  0.197966867894678E+00  0.980205788453495E+00 -0.488357539757564E+00 -0.233891125017397E+00 -0.840715085507591E+00
 0.542414109571934E-01 -0.174432294125978E+00  0.983174066024588E+00 -0.144160296896758E+00  0.738266185263869E+00 -0.658924008133391E+00
 0.192142666288219E-01  0.114222982543274E+00  0.993269310014578E+00  0.364666166643206E+00 -0.593334001274659E+00 -0.717616436431854E+00
-0.965228445444629E-01  0.937799440724095E-01  0.990902953154758E+00 -0.110542779533612E-01  0.907615488517184E-02  0.999897707943883E+00
-0.215453729103916E+00  0.866840569443883E-01  0.972659017789317E+00 -0.182068921398267E+00 -0.324408455991443E+00  0.928229530634594E+00
-0.100249723088223E+00  0.223951573442319E+00  0.969430598740025E+00 -0.439320747117787E+00 -0.864377512693617E+00 -0.244640137143245E+00
-0.363113972798212E+00  0.245544061939170E+00  0.898808297917366E+00  0.677870670101345E+00 -0.464117281003094E+00 -0.570163576608194E+00
 0.180131609425344E+00  0.155952261089466E+00  0.971201058250514E+00 -0.196775975483671E+00 -0.977436531602012E+00 -0.767922011813574E-01
-0.115942646598660E+00  0.895106486251498E-01  0.989214408751916E+00  0.857605495339160E-01  0.605063565632459E-01  0.994476801619365E+00
-0.340571685903640E+00 -0.108263035239393E+00  0.933964689890098E+00 -0.159105077000450E+00  0.439098596701095E-01 -0.986284694546373E+00
 0.277201559457614E+00 -0.375585062170774E+00  0.884361439971488E+00  0.376207246546665E+00 -0.631119850183728E+00  0.678347877088036E+00
 0.497075900136106E-01 -0.156385884479962E+00  0.986444428556652E+00  0.666677288391192E+00  0.719667770018815E+00 -0.193957969517919E+00
 0.231429488572714E+00  0.186257160723934E+00  0.954855309404535E+00 -0.660300155664479E+00 -0.183431294590308E+00 -0.728255905979752E+00
 0.118174894448588E+00  0.741602238499412E-01  0.990219650138590E+00  0.141614222368257E+00 -0.204631465850340E+00  0.968540848496838E+00
 0.161715188702798E+00  0.610940229121902E+00  0.774984021889029E+00  0.571811497012615E+00  0.757348603347149E+00  0.315364400166402E+00
-0.499698972020929E-01  0.190950415709855E+00  0.980326959801599E+00 -0.545354734361133E+00 -0.837470927483064E+00  0.350807544182758E-01
-0.819149364194620E-01  0.152988955962858E+00  0.984827052098382E+00 -0.529807068391595E+00 -0.509798517242016E+00  0.677797862271744E+00
 0.844086379565097E-01  0.114315055181642E+00  0.989852135420814E+00 -0.142538838066061E-01 -0.319050417147525E-02 -0.999893318049261E+00
 0.182516693069813E+00  0.276092997070051E-01  0.982815030064431E+00 -0.118574008561823E+00 -0.542526575736700E+00 -0.831627993223528E+00
 0.422080234981604E-01  0.593968056353617E-01  0.997341717884444E+00 -0.803608237658808E+00 -0.529770069083527E+00 -0.271214812040455E+00
 0.344925470643316E+00  0.195113948611193E+00  0.918126879444686E+00 -0.371087090650322E+00 -0.604846480660263E+00 -0.704595703922167E+00
-0.257212103110731E+00  0.207253673155723E-01  0.966132699562016E+00  0.276085108234809E+00  0.133662430936524E+00 -0.951793763147833E+00
 0.173496220961180E-01 -0.519180896977691E-01  0.998500627228274E+00 -0.274472783148979E+00 -0.983735530367508E-01  0.956549703556161E+00
 0.246985364060302E-01 -0.777625301366807E-01  0.996665927583632E+00 -0.127911476546721E+00  0.178304821237511E-01  0.991625296205614E+00
 0.308859172696117E+00 -0.134177988941079E+00  0.941595602541345E+00 -0.100489667011215E+00 -0.994675670350597E+00  0.228503312134656E-01
-0.282738965787745E+00 -0.431577574937653E+00  0.856620962874603E+00  0.244308251946896E+00  0.663462517116038E+00 -0.707199382361653E+00
 0.543758558461437E-01 -0.781574170504047E-01  0.995457022910085E+00 -0.188888769684674E+00 -0.240481158654046E+00  0.952097602674966E+00
-0.188425790302182E+00 -0.122975440817512E+00  0.974357615305970E+00  0.651208081518163E+00  0.673180401086493E+00 -0.350365783372838E+00
-0.272114726939669E+00  0.104924894063599E+00  0.956527230134246E+00  0.905592584752226E+00  0.323567332432150E+00 -0.274237582808275E+00
 0.471586421436194E+00  0.266735655419197E+00  0.840510759743798E+00 -0.565780155509104E+00 -0.288618182272284E+00 -0.772393915365687E+00
-0.873039049243800E-01  0.350555903701473E+00  0.932463718631990E+00 -0.582490739024441E-02 -0.926150978018571E+00 -0.377107990327890E+00
-0.717135016275828E-01  0.259138808999502E+00  0.963174050395166E+00 -0.170689214249320E+00  0.107091776975459E+00  0.979487898569037E+00
-0.151167880264917E+00 -0.175015924112384E+00  0.972891411352418E+00 -0.864002196307232E+00  0.945991613403954E-02  0.503399160471107E+00
 0.188468075680008E+00 -0.190542389365219E+00  0.963417553454611E+00 -0.565737880460069E-01 -0.394787041990453E+00  0.917029224170393E+00
 0.362801783674210E+00  0.294914769065254E-01  0.931399548288855E+00  0.756773285041208E+00 -0.645924569552317E+00  0.100377514895476E+00
-0.620026573088774E-01  0.203692055744336E+00  0.977069709341808E+00 -0.934487622564418E+00  0.220235360738914E-01  0.355313730571596E+00
 0.151855211047425E+00 -0.320193169295133E-01  0.987883980141955E+00  0.154014738898074E+00 -0.986887387193824E+00  0.482985010109671E-01
 0.164118892811533E+00  0.193901005262576E+00  0.967195631286907E+00 -0.942159784130579E+00 -0.259601707868091E+00 -0.211995033996062E+00
-0.534393293269097E+00  0.486219523829772E-01  0.843836307500143E+00 -0.787348659239047E+00 -0.483621878930281E+00  0.382350581292118E+00
-0.232478135489467E+00  0.287725096875387E+00  0.929068450194812E+00 -0.140439766918934E+00 -0.934242767073652E+00 -0.327821787009835E+00
-0.129341791785016E+00  0.181304651628541E+00  0.974884261948922E+00  0.116741480077498E+00 -0.302638100532346E+00 -0.945928965057889E+00
 0.403419169939483E-01 -0.356026842060006E-01  0.998551440142460E+00  0.129998239080941E-01  0.185882152695323E-01 -0.999742708316221E+00
-0.173806376497920E-01  0.654854174903963E-01  0.997702146700605E+00 -0.189392635866620E+00 -0.498651518434181E-01  0.980634435511586E+00
 0.100534675078643E+00 -0.260413971576487E+00  0.960248583708715E+00  0.401008776851061E-01  0.340732964036510E+00 -0.939304512300340E+00
 0.284673574764860E+00 -0.446428153181945E+00  0.848329452440002E+00  0.411527110303785E+00 -0.581913600711751E+00  0.701442797946989E+00
-0.582426898252137E-01  0.105210672259700E+00  0.992742919151069E+00  0.564096073421819E+00  0.753400178961565E+00 -0.337910920644433E+00
-0.129267685290728E+00 -0.284133063179904E+00  0.950030666845856E+00 -0.380872192202997E+00 -0.177987940801900E+00  0.907334925005966E+00
 0.198288408910833E-01  0.269996555761995E+00  0.962657092087092E+00 -0.242722962779660E+00 -0.918700598991387E+00 -0.311568247342907E+00
-0.187825414824766E+00  0.742050174482734E-01  0.979395338426422E+00 -0.828519982130486E+00  0.559886518442920E+00  0.904022545986232E-02
-0.141738444280377E+00  0.172385448269870E+00  0.974778677771408E+00 -0.273039651879289E-01  0.220936277116244E-01 -0.999382992200466E+00
 0.162727210846288E+00 -0.369109267675807E+00  0.915029072415744E+00 -0.159726437800084E+00 -0.849795088432974E+00  0.502330342247898E+00
-0.398771936722997E+00 -0.438902975453950E+00  0.805198808133655E+00 -0.274769875374200E+00 -0.628833886128624E+00  0.727371610143824E+00
 0.123662611211217E+00 -0.267426308511816E+00  0.955610133948027E+00 -0.945943800644792E+00 -0.118747638727038E+00 -0.301810079882098E+00
 0.806862115444717E-01  0.729432894944161E-01  0.994066905084529E+00  0.669894427765704E+00 -0.515158985310533E+00  0.534651919946316E+00
 0.347008113990785E+00 -0.159787134915149E+00  0.924150117859737E+00  0.216783740873071E+00 -0.221455927258383E+00  0.950769205420120E+00
 0.241674707479519E+00  0.199825767940658E+00  0.949559370567009E+00 -0.170205088519371E+00 -0.346110849310938E+00 -0.922625334483816E+00
 0.488484668024757E+00 -0.158771421762107E+00  0.858006040034907E+00 -0.758551906446367E+00  0.639712821994135E+00 -0.123961730396455E+00
-0.214339133289114E+00 -0.134911252669829E-01  0.976666127947469E+00  0.531014140231644E-01 -0.258991313024275E-01 -0.998253211778715E+00
-0.151243712867362E-03 -0.334340183174605E-01  0.999440915484496E+00  0.803248418656902E-01  0.362280701710749E+00 -0.928601428464990E+00
-0.422766075805135E+00  0.365425261426451E+00  0.829296824701347E+00  0.651367849288139E+00 -0.430005804159741E+00 -0.625151928176407E+00
 0.651772525207570E-01 -0.392707720123554E+00  0.917350844720386E+00 -0.186552596328124E+00 -0.496007978369409E+00  0.848041398869847E+00
 0.572367691304893E+00 -0.564099282847903E-01  0.818054488369333E+00 -0.850837644333418E+00  0.898318422163805E-01 -0.517692517918861E+00
-0.937537594852603E-01 -0.154935035649828E+00  0.983465997028147E+00 -0.833167881131900E-02 -0.139749937226613E+00 -0.990151775322017E+00
 0.132923792464220E+00 -0.938065383939344E-01  0.986677048862229E+00  0.377358117488256E+00  0.127839251674779E+00 -0.917201164901655E+00
-0.716569151574963E-01  0.362698801554493E+00  0.929147386511443E+00  0.705992691281142E-02 -0.973377976797597E+00 -0.229097079242409E+00
-0.320292763381135E+00  0.148257729348979E+00  0.935645334201994E+00  0.876823063927428E+00 -0.395164093798737E+00 -0.273909936908357E+00
-0.160739539144126E+00  0.368429896180959E-01  0.986308975256605E+00 -0.641040804713996E+00 -0.512204973572950E-01  0.765795760854096E+00
 0.208912124106791E+00  0.137400341900330E+00  0.968233892428302E+00  0.747126653297887E+00  0.325107122026529E+00  0.579747464970332E+00
-0.371160913056650E-01  0.973067212249599E-01  0.994562113580966E+00  0.111272773497872E+00  0.912655346683823E+00 -0.393291988282907E+00
 0.205297872607207E-01 -0.348140818526291E+00  0.937217423179314E+00 -0.299044403722333E+00 -0.522329108526255E+00  0.798589222935372E+00
 0.942481024026199E-01 -0.337653526725778E-02  0.995543014742756E+00 -0.174628464244735E-01  0.974129003831714E-01 -0.995090837980982E+00
-0.103358459053871E+00  0.129665465863424E+00  0.986156121465780E+00  0.510281355825873E-01 -0.121537204480473E+00 -0.991274350170545E+00
-0.245971989639009E-01 -0.237551373404747E+00  0.971063500908488E+00  0.132361295141859E+00  0.990861699928675E+00 -0.259534036847783E-01
 0.941652915169537E-01 -0.214133625130350E+00  0.972254950340733E+00 -0.455588909302417E+00  0.505064825538035E+00 -0.733040427074025E+00
 0.425339775879140E-01 -0.451699503336590E-01  0.998073412298617E+00 -0.137917625967235E+00  0.954305910661052E+00 -0.265101786725292E+00
-0.152295117932867E+00  0.142350291678463E+00  0.978029954302459E+00 -0.947473538613849E+00  0.124462619125883E+00  0.294623403800304E+00
-0.311977073383036E+00  0.939315858918199E-01  0.945434906725579E+00 -0.938737280362151E+00  0.376340995419274E-01  0.342572609836135E+00
 0.176997294663343E+00 -0.962148532006451E-01  0.979497146348797E+00  0.593405024621004E+00  0.218102359330268E-01 -0.804608470228279E+00
-0.225031983841123E+00 -0.175655047190696E-01  0.974193029790551E+00  0.506643277209708E+00 -0.149906160175721E+00 -0.849023399441722E+00
-0.583009504248047E-01 -0.570946851750861E+00  0.818914337190005E+00 -0.107896128748608E+00  0.969793467229595E+00 -0.218767128060556E+00
 0.191367305827967E+00  0.213310882268755E+00  0.958058986579569E+00  0.557845838950332E+00  0.486956279737938E+00  0.672072616306889E+00
-0.278806805178969E+00  0.123497063947691E+00  0.952373477466795E+00 -0.593005030881245E+00  0.210129420719496E+00  0.777297021670367E+00
-0.322281716597296E+00  0.103393936001654E+00  0.940980440362703E+00 -0.308062363437362E+00 -0.378895130082391E+00  0.872660335201065E+00
-0.768332577793956E-01 -0.616106533237920E-01  0.995138572207922E+00 -0.367981854415196E+00 -0.281897474023253E+00 -0.886071762872772E+00
-0.135335155806915E+00  0.199675586340066E+00  0.970471048420543E+00 -0.386521546393719E-01 -0.308407873868568E-01 -0.998776680131796E+00
 0.990649274621000E-01 -0.159329272960169E+00  0.982242497006169E+00  0.687815785237319E+00 -0.417693479606099E+00  0.593667922893700E+00
-0.156183537241714E+00  0.235818922049833E+00  0.959164291817581E+00  0.413811340578252E+00 -0.200699706943255E+00 -0.887963851765218E+00
 0.399591970544172E+00 -0.513420029431452E-01  0.915254202836792E+00 -0.503953387072232E+00  0.863704248660560E+00  0.677897515286355E-02
 0.370357413724047E+00 -0.186461319591751E+00  0.909982176965977E+00 -0.563069288250584E+00  0.812211283854372E+00 -0.152531331235958E+00
-0.569908717871244E-01 -0.360534320401009E-01  0.997723504068674E+00  0.766743044115333E-01 -0.753129787039915E-01 -0.994207727933021E+00
-0.165958816405198E-01 -0.387308919187358E+00  0.921800617178408E+00 -0.519112269590316E+00 -0.731970862138498E+00  0.441294809102729E+00
-0.194781413978978E-01 -0.162320790392746E+00  0.986545773400281E+00  0.241002652026392E+00 -0.142074303863406E+00  0.960069067254005E+00
-0.130538076371897E+00 -0.470232240667687E+00  0.872835294000977E+00  0.531968499685949E+00  0.832605371185322E+00 -0.154200555171612E+00
-0.186547617433983E+00 -0.854127242464384E-01  0.978726035704837E+00  0.561275266250323E-01  0.108311201858298E+00  0.992531301424276E+00
 0.810574309303126E-01  0.242172389163057E+00  0.966841365901374E+00 -0.256079963477639E+00  0.118737810370106E+00 -0.959335386970482E+00
 0.349015747835430E+00  0.200486592260288E+00  0.915419649170113E+00 -0.776345134306570E+00 -0.515620121484030E+00 -0.362524651243619E+00
-0.134766893329918E+00 -0.348483387143707E+00  0.927575987909913E+00 -0.214700243125904E+00 -0.875647821799603E+00  0.432602239683625E+00
-0.148618985945945E+00  0.798497550385587E-01  0.985665467405996E+00 -0.119276624805633E+00 -0.635538042004919E-01  0.990824909227973E+00
-0.141920693062185E+00 -0.169648435070819E+00  0.975232241755148E+00 -0.185591519974471E+00 -0.110494007095391E+00  0.976394829005956E+00
 0.226173830366880E+00 -0.263625584041854E+00  0.937735010488446E+00  0.547974712461160E+00 -0.746160964636556E+00  0.378110472422748E+00
-0.564681630487790E-01 -0.968698308409841E-02  0.998357405401805E+00 -0.224920353916879E+00 -0.974040278601862E+00  0.256197200436197E-01
 0.166268985684573E+00  0.473299390256731E+00  0.865067807505302E+00  0.172312649461622E+00  0.698951206717655E+00  0.694100541321969E+00
 0.139078204019963E+00  0.298161020431664E+00  0.944328999375605E+00 -0.144695935675790E+00 -0.133240261120271E+00 -0.980464236479592E+00
-0.942821210982467E-01 -0.688210562869859E-01  0.993163905834661E+00  0.107629405159008E-01 -0.214387656227695E+00  0.976689352849025E+00
-0.103642724163000E-01 -0.534858029726708E+00  0.844878375799822E+00  0.300071442389515E+00 -0.718670609088440E+00  0.627271619870313E+00
-0.209979759166399E+00 -0.450606256994903E+00  0.867676496107544E+00 -0.677674284261987E+00 -0.141556510581137E+00  0.721608840551511E+00
-0.104362666993074E+00 -0.737836506290696E-01  0.991798571605112E+00  0.830489864418510E-01  0.831394439215677E+00 -0.549441673239509E+00
 0.179594453727965E+00 -0.147967724673771E+00  0.972548911183916E+00 -0.189957045161813E+00  0.141239055406829E+00  0.971580079160323E+00
 0.106788510099286E+00  0.141005944084744E+00  0.984232461283179E+00 -0.115129422474468E+00 -0.805747930520913E-01  0.990077228707593E+00
 0.217816873311939E-01 -0.196856870254121E+00  0.980190252313681E+00 -0.321053944697380E+00 -0.933322282545690E+00  0.160729217934872E+00
-0.225847852076570E+00 -0.565183192257338E+00  0.793448616422137E+00 -0.363646434873823E+00 -0.872707269830710E+00  0.325796395910372E+00
-0.124388245543797E+00  0.303529786342352E+00  0.944667789846517E+00 -0.138913687738021E+00 -0.751879018776356E+00 -0.644500526363577E+00
-0.643135765691206E-01  0.151943223678021E+00  0.986294591208539E+00 -0.502050633963166E+00 -0.564839308671096E+00 -0.654905883556670E+00
 0.131592228018864E+00  0.480698851127568E-01  0.990137753885932E+00 -0.309562741711963E+00 -0.428001547860312E+00 -0.849108699739291E+00
-0.715167990934279E-01  0.292989709037600E+00  0.953437138906123E+00 -0.180640541391973E+00 -0.429350878881909E+00 -0.884888025463644E+00
-0.491259598470816E+00 -0.561707489205038E+00  0.665694151605123E+00  0.341412012807950E+00  0.886844282798175E+00 -0.311360009600807E+00
 0.562904379245260E-01  0.306890180003071E+00  0.950078840947396E+00  0.112965786708766E+00 -0.846229013687171E+00 -0.520706431136881E+00
-0.225246694387626E+00  0.142846582166775E+00  0.963773199788580E+00  0.372525197865755E+00 -0.681251530946495E+00 -0.630175633088219E+00
 0.332067705953434E+00 -0.315740391634784E-02  0.943250268732181E+00 -0.328305567625814E+00 -0.211456150573579E+00 -0.920598582798440E+00
-0.152685585883567E+00 -0.192829784345851E+00  0.969280034939606E+00 -0.581347851084373E+00 -0.533286785937848E+00  0.614524108545516E+00
-0.286818122476229E-01  0.604067211524669E-01  0.997761685817711E+00  0.711880306263636E+00 -0.170976319133922E+00 -0.681170703898375E+00
 0.527454737279864E-01 -0.488163522232865E-01  0.997414095928478E+00 -0.288510810394416E+00  0.290445329304157E+00 -0.912361234912443E+00
 0.645107071550877E-02 -0.522862831774267E-01  0.998611299895066E+00 -0.223236083253457E+00 -0.558008160574115E-01 -0.973165926274129E+00
-0.280549186933930E-01  0.239716157893271E+00  0.970437574077795E+00  0.420316827021102E+00  0.116039638969364E+00  0.899926978765929E+00
-0.104927981546793E+00  0.281368642501863E+00  0.953845797655562E+00 -0.969653152160499E-03  0.822843255230300E-02  0.999965675746171E+00
 0.209093002015710E-01 -0.177731956905931E+00  0.983856774464388E+00 -0.106835868038162E+00  0.372721792745383E+00 -0.921772511259259E+00
-0.299485887975306E+00 -0.144059166020446E+00  0.943162318792018E+00 -0.787396372963598E+00 -0.602649166970194E+00  0.129695541148885E+00
-0.752990181510846E-01 -0.248640179908048E+00  0.965664599537943E+00 -0.341282965741326E+00  0.948066809103969E-01 -0.935167167168287E+00
-0.120796049602722E-01  0.272487844684512E+00  0.962083394328783E+00  0.286702636858055E+00 -0.322721272109770E+00 -0.902026927838903E+00
 0.186386116867956E+00  0.223950477150590E+00  0.956611937633494E+00  0.951891625223817E+00  0.512753434772570E-01  0.302114503094520E+00
 0.473936836647663E+00 -0.946070488776778E-01  0.875461810229928E+00  0.841725101964114E+00  0.227791883889265E+00  0.489499448781795E+00
-0.265709374870436E-01 -0.372166751445711E+00  0.927785478653016E+00  0.915206098026958E-01  0.409863860946812E+00 -0.907543714358220E+00
 0.419293579953959E-01 -0.371998324538279E+00  0.927285918947768E+00 -0.858000880739128E-01  0.304218272025707E+00 -0.948730513819494E+00
 0.245225893455701E+00  0.793854463440095E-01  0.966210231827223E+00  0.461622319860930E-01  0.475052952323408E-01  0.997803735843352E+00
-0.402551978294414E+00  0.160116890936356E+00  0.901284908343709E+00 -0.648010929610053E+00  0.702445873566115E+00  0.294366488948474E+00
 0.113206648700259E+00  0.788700520215165E-01  0.990436151190060E+00 -0.295703356982133E+00 -0.216317510087519E+00 -0.930465614356078E+00
 0.322009501757124E+00  0.302614474690081E+00  0.897069874918434E+00 -0.946685108416024E-01 -0.121402476885365E+00 -0.988078595892620E+00
 0.160599766453782E+00 -0.174470755172714E+00  0.971477056138977E+00 -0.434402314698947E+00  0.594442704932894E+00 -0.676707100255540E+00
-0.544187502470849E-01  0.996960637995939E-01  0.993528708434946E+00  0.108100267938676E+00 -0.256853135632252E+00  0.960385755198122E+00
-0.768286074357061E-01  0.566747841727779E-01  0.995432234719400E+00  0.107218025117882E+00 -0.496063087616978E+00 -0.861641287424025E+00
 0.332262092317218E+00  0.554400788987983E+00  0.763047617897131E+00  0.126069837397944E+00  0.952687695263213E+00  0.276572868142420E+00
 0.105919382474741E+00 -0.752659280841744E-01  0.991522125061159E+00 -0.751106612745582E+00  0.496324638161758E+00 -0.435316792512601E+00
-0.120063522293878E+00 -0.334376403259635E+00  0.934760488872704E+00  0.151620211962292E+00  0.869534493953335E+00 -0.470022419837423E+00
-0.256756375305133E+00 -0.210900952165285E+00  0.943184474064298E+00  0.194241538689654E+00  0.254514657508347E+00 -0.947360814980694E+00
 0.586801826408033E-01  0.102052248267503E+00  0.993046813996596E+00 -0.120104098928617E+00 -0.971093544823148E+00 -0.206282167487542E+00
 0.922909278858823E-01  0.311067385537746E-01  0.995246077835281E+00  0.741157795308882E-01  0.245424049208957E-01  0.996947602226530E+00
 0.361777404300883E+00  0.321724410627945E+00  0.874991721871366E+00 -0.826278515691359E+00 -0.560465768515528E+00 -0.560529823397791E-01
 0.249835714661530E+00  0.159218968010596E+00  0.955108075510412E+00  0.374171658137708E+00 -0.406946011770755E-01  0.926466145998609E+00
-0.896332025467069E-01  0.299958365061085E+00  0.949731998108467E+00  0.574177224399467E+00 -0.416667042530974E+00 -0.704775915202425E+00
 0.143171324102168E+00  0.287316815156499E-01  0.989280780381442E+00  0.367269327045650E+00 -0.136291443657319E+00  0.920074933794655E+00
-0.184644084402488E-01  0.237113816184512E+00  0.971306390278253E+00  0.916887071911412E-02 -0.738868335730521E+00 -0.673787439972389E+00
-0.260743734012763E+00  0.384143784764125E+00  0.885689707403318E+00  0.445061065470589E+00 -0.659828628193989E+00 -0.605431110381539E+00
 0.287108638655148E-01  0.257104564017126E+00  0.965957001867919E+00  0.161314334223420E+00 -0.963310252138693E+00  0.214501850105175E+00
 0.469193984161246E+00  0.145281419617103E-01  0.882975615924945E+00  0.883158118967334E+00 -0.356794616956892E+00  0.304514922807841E+00
 0.965305561705014E-01  0.442180067075399E+00  0.891716681467050E+00 -0.479322736122484E+00 -0.844596227120644E+00 -0.238551729756103E+00
 0.360076044522857E+00  0.410883761296467E+00  0.837567774489707E+00  0.610069427486987E+00  0.770677312387141E+00  0.184042858642849E+00
 0.173901053511157E+00 -0.133752336001826E+00  0.975637604954711E+00 -0.244737135584830E+00  0.348888828189591E+00 -0.904643753104075E+00
 0.290320878980359E-01  0.627917780469614E-01  0.997604295541064E+00  0.141583415352008E+00  0.989910870556542E+00  0.553216515031290E-02
 0.272680172368928E+00 -0.358874251952676E+00  0.892667236366530E+00  0.420035562932973E+00 -0.393787981338689E+00  0.817619197196825E+00
-0.587501332731384E-01  0.337044624078736E-01  0.997703578751818E+00  0.627202497010807E-02  0.539970794080600E-01 -0.998521395423340E+00
 0.423802867794626E-01  0.227145003086551E+00  0.972938363343383E+00  0.806280083701259E+00 -0.404384020069587E-01  0.590150118418877E+00
 0.266600464555206E+00 -0.107504653034859E+00  0.957792744739071E+00  0.418722179713240E+00  0.611480453896149E-01  0.906053338805847E+00
 0.565143575733212E+00 -0.758206706490124E-01  0.821501043644994E+00 -0.798135445642922E+00  0.938596621294878E-02 -0.602404941917497E+00
 0.218760862214791E+00 -0.287305741878091E+00  0.932522973361472E+00  0.285010478755877E+00  0.227937188782998E+00  0.931028283656866E+00
 0.397786522846444E-01  0.192451929688942E+00  0.980499828445380E+00 -0.226761040848057E+00 -0.285744750441479E+00 -0.931090418782538E+00
 0.119919173647020E+00  0.175218753419652E-01  0.992629022181155E+00  0.263688416485428E+00 -0.259711871748578E+00  0.928987708575446E+00
 0.300625386152295E+00 -0.451802727742599E+00  0.839939683789932E+00  0.270699003381317E+00 -0.955924861300557E+00  0.113708878790850E+00
-0.225432388169540E+00 -0.422102049184801E+00  0.878071807108149E+00 -0.544668210310872E+00 -0.788476587665602E+00  0.285729262379545E+00
 0.106705868307438E+00  0.482604381348085E+00  0.869314021957766E+00  0.285474347315956E+00  0.585359973547005E+00  0.758853146790325E+00
 0.611014451289238E-01 -0.300835635605385E+00  0.951716624711926E+00 -0.322607455810252E+00 -0.720503539258471E+00  0.613839620236144E+00
 0.608737905567425E-01 -0.197336829137064E+00  0.978443947034976E+00  0.409833501361987E+00 -0.508613546953489E+00  0.757197966859899E+00
 0.300604301453986E-01 -0.342354517296842E-02  0.999542220157769E+00 -0.940212499477185E+00  0.329584816491819E+00 -0.858737711115428E-01
-0.187113151302915E+00 -0.368852266855074E+00  0.910459594845024E+00 -0.576415453605629E+00  0.786217993165684E+00 -0.222725149157299E+00
-0.229975280005623E+00  0.155716077456727E+00  0.960658042077318E+00  0.217869447797651E+00 -0.956197756191423E+00 -0.195496175847085E+00
-0.295821862606492E+00  0.275989095055915E-01  0.954844346371768E+00 -0.898097685144493E+00 -0.695826487764490E-01  0.434256609537906E+00
-0.944031713528214E-01  0.305090063579106E+00  0.947632890070742E+00  0.303384110196519E+00 -0.618623876206517E+00 -0.724750013085540E+00
 0.826893455505173E-01 -0.727232098064194E-01  0.993918410578997E+00  0.188359399629312E+00 -0.306805990739794E+00  0.932947383627532E+00
-0.321461701852608E-02  0.487804416302277E-01  0.998804352589527E+00  0.203822597049069E+00 -0.476994333925482E-01  0.977845137527514E+00
-0.373561183012503E+00 -0.132081806060960E-01  0.927511502091147E+00  0.705915980698011E+00 -0.693728682662972E-01 -0.704890086001834E+00
 0.170288270442805E+00 -0.208236728875245E+00  0.963140368636335E+00 -0.317010302738290E-01 -0.540978812272201E-01  0.998032296033702E+00
-0.271931731281744E+00 -0.163415160667024E+00  0.948339927866735E+00 -0.850139282848939E+00 -0.297011215650924E+00  0.434795972307302E+00
-0.395112357672233E+00 -0.338111686349150E-01  0.918010364696516E+00 -0.933456075457288E+00 -0.605284034299921E-01  0.353547829253828E+00
 0.249731027848050E+00 -0.318244432987547E+00  0.914524408970253E+00 -0.884902727956535E+00 -0.383663426409073E+00 -0.264101376920176E+00
-0.546383840932203E-01 -0.554580141577840E-01  0.996964921975371E+00 -0.998451946140385E-01  0.152546136307526E-01  0.994886040647602E+00
-0.968738082450643E-02 -0.895651830575689E-01  0.995933849528484E+00  0.238489657018700E+00 -0.243927823039141E+00  0.940011649205736E+00
-0.167993456638470E+00  0.109324792656792E+00  0.979707246190008E+00  0.536697143144699E+00 -0.532508747661554E+00 -0.654515553829122E+00
 0.344969914969363E+00 -0.227382202901987E+00  0.910655308867999E+00 -0.624087922197269E+00  0.616260176860048E+00 -0.480351600167958E+00
 0.129393678139704E+00  0.108240014186163E+00  0.985667984357034E+00 -0.813851586985919E+00 -0.486403739348648E+00 -0.317894631455383E+00
-0.495364117848046E+00 -0.157973275052234E+00  0.854200699553623E+00 -0.486329124625385E+00 -0.738631530573293E+00  0.466805574713993E+00
-0.143567001964107E-01 -0.867726792167601E-01  0.996124684615844E+00 -0.113029703064971E+00 -0.237029178797139E+00 -0.964904894082209E+00
 0.491132132752815E-01 -0.183586260492514E+00  0.981775930261153E+00 -0.861382295326379E-01 -0.129340751534500E+00  0.987851798300470E+00
 0.362946546292196E+00 -0.408661774172201E+00  0.837415881665135E+00  0.882708519603747E+00 -0.420217624768285E+00  0.210339766218997E+00
 0.874919400572740E-01 -0.103666940639211E+00  0.990756441232415E+00 -0.235876707921275E+00 -0.479926274378306E+00  0.845004704023345E+00
 0.533089319499357E+00 -0.574329233528559E-01  0.844107360914983E+00 -0.685718420635759E+00  0.596510268784688E+00 -0.417092012432772E+00
-0.262308556235839E+00 -0.385136754348363E+00  0.884795966184000E+00  0.227074519188244E+00  0.844701416071511E+00 -0.484682040540200E+00
-0.292371810942218E+00 -0.290831779712531E+00  0.911008013178594E+00 -0.832285604926255E+00 -0.445767139542243E+00  0.329533502298119E+00
 0.357497205229170E+00 -0.264951721976871E+00  0.895542479882905E+00 -0.444221198036290E+00  0.788495195210405E+00 -0.425373781920453E+00
 0.232916524639287E-01  0.843357871662676E-01  0.996165133865137E+00  0.830164203292945E-03  0.402758132332605E-01  0.999188255383236E+00
 0.237013197890182E+00  0.471998700210123E-03  0.971506315596094E+00  0.388711483241267E+00  0.189217312818004E+00  0.901720683652265E+00
 0.535086599066060E-01  0.353903210700809E+00  0.933750149007034E+00 -0.937687560927534E+00  0.290401927827299E+00 -0.190810792137031E+00
-0.267169573021166E-01 -0.387350239450597E-01  0.998892287542802E+00  0.333741152785088E+00  0.433121220721592E+00 -0.837271073845453E+00
-0.216544296577221E+00 -0.617312325073611E-02  0.976253276649665E+00 -0.451199416001059E+00 -0.338543695596263E+00  0.825716206194554E+00
-0.410483760932587E-01  0.390060067219059E+00  0.919873999404902E+00 -0.345569067230296E-01 -0.851529364294698E+00 -0.523166858604024E+00
 0.615611077279912E-01 -0.105869490032006E+00  0.992472609745813E+00  0.167990948611245E+00  0.365445381483787E+00 -0.915548313491354E+00
-0.283419353960852E+00 -0.371292661179200E-01  0.958277041047086E+00 -0.827617901372413E-02 -0.565000925590187E-01 -0.998368290963688E+00
 0.523662194301486E+00  0.366041415039868E+00  0.769279915723116E+00  0.487780177245805E+00  0.871307786680907E+00  0.537888422934544E-01
-0.212230483379234E+00  0.376116080218389E+00  0.901939530193555E+00  0.211904862376846E+00 -0.860749848628417E+00 -0.462823970195157E+00
-0.968473127905558E-01  0.369102163004382E-01  0.994614615787393E+00  0.480974175060572E-02  0.173401243044722E-02  0.999986929707176E+00
-0.411053592980512E-01 -0.377816819294699E-01  0.998440230533385E+00 -0.222066597916940E-01 -0.526796974317319E+00  0.849701013363532E+00
-0.113291103707789E-01  0.212007816463370E+00  0.977202300967738E+00  0.109942898113598E+00 -0.984434213879608E-01 -0.989050783296700E+00
 0.146085481741089E+00 -0.288560047196928E+00  0.946251621497253E+00 -0.972457656683516E+00 -0.818398124595482E-01 -0.218239206042797E+00
 0.644190613341506E-01 -0.735698099051775E+00  0.674239194639730E+00  0.936086826887356E-01  0.969832631138657E+00 -0.225082389590899E+00
 0.289129673784788E+00  0.256241079164826E+00  0.922358141442654E+00  0.784225134515236E-02  0.998758922214618E+00  0.491844933951188E-01
 0.183864803211783E+00 -0.128139250162365E+00  0.974563526255585E+00 -0.366637427468650E+00  0.325555819886158E+00 -0.871544838156604E+00
 0.493311676686316E-02  0.430731730315040E+00  0.902466531711163E+00  0.479102131682800E+00 -0.875742833724371E+00  0.594612192727783E-01
-0.805076100144960E-01  0.234751901480326E+00  0.968715680414602E+00  0.786771471368012E+00  0.342839704541748E+00  0.513275353812299E+00
 0.277691858688393E+00  0.117134053570170E+00  0.953502409599685E+00  0.893263360923463E+00  0.350200068409630E+00  0.281851876200266E+00
-0.115233971942880E+00  0.378525377028603E+00  0.918389716109464E+00  0.950415617371700E+00 -0.209455387762298E+00 -0.229866471659778E+00
-0.312267498595466E+00  0.247251607279577E+00  0.917254409647943E+00  0.727597138686870E+00 -0.667663840848396E+00 -0.157567126642101E+00
-0.573100267903273E-01  0.964277157697325E-01  0.993688712052584E+00  0.711914202895267E-01  0.667048503117204E-01 -0.995229744642940E+00
-0.413556876290587E+00 -0.390604634968209E+00  0.822434635222839E+00  0.752677829037085E+00  0.520737650906334E+00 -0.402875147663112E+00
 0.264638906420871E+00  0.222641491969565E+00  0.938294737948547E+00  0.148755271793157E+00  0.745090794071626E-01  0.986063013300692E+00
-0.213599204659996E+00 -0.108430514564555E+00  0.970885267825134E+00 -0.291421099880675E+00 -0.954034480383045E+00 -0.699424962707966E-01
 0.459641156573134E-01 -0.306436012628741E+00  0.950780873932600E+00 -0.246834222249316E+00 -0.686981625008833E+00  0.683468443768107E+00
 0.198786943873146E+00  0.194942276185101E+00  0.960458879859698E+00  0.334201671142210E+00  0.825845245382389E+00  0.454190349616828E+00
 0.311156432520818E+00  0.386288488842354E+00  0.868310358045330E+00  0.871977069329714E+00  0.305478775475115E+00  0.382542426793928E+00
-0.226805733407121E+00  0.170837105170319E+00  0.958839842096001E+00  0.322067936302291E+00 -0.219152133345782E+00 -0.921001947259601E+00
 0.262962571263903E+00  0.373659063260777E+00  0.889510871522858E+00  0.507064496009715E+00  0.378076605439189E+00  0.774560312245595E+00
 0.799680916158044E-01  0.311204104815005E+00  0.946972602280350E+00 -0.510799512900417E-01  0.774805521027353E+00  0.630132718688483E+00
-0.203167058663403E+00  0.108090899244740E-01  0.979084424270485E+00  0.195162961484672E+00  0.135912419489268E+00  0.971308000941568E+00
-0.593470490990376E+00 -0.695095371979598E-01  0.801848614491643E+00 -0.918861950569292E+00 -0.175507050985755E+00  0.353397779917021E+00
-0.250699689278837E+00  0.678328941855524E-01  0.965685437532277E+00 -0.685672276190196E+00  0.127963420323620E+00  0.716574415342354E+00
 0.389513568076956E+00  0.363062396105909E+00  0.846442482876300E+00  0.909470846386751E+00 -0.100971555257683E+00  0.403320622583834E+00
-0.255360968032310E+00  0.297510068207413E+00  0.919933984218880E+00  0.197591034772092E+00 -0.160529805827558E+00 -0.967051169493456E+00
-0.695426830811601E-01 -0.274964033113456E+00  0.958936179171406E+00  0.573107770570151E+00 -0.817835001079597E+00  0.518979221284097E-01
-0.335569616820487E+00 -0.796319856387206E-01  0.938643584716897E+00 -0.733489770464982E+00 -0.290581047864410E+00  0.614455377749474E+00
 0.125460353130066E+00 -0.255594131560000E+00  0.958609065106610E+00  0.125850958333808E+00 -0.669820031563030E+00  0.731780473641763E+00
-0.978372134849547E-01 -0.178050929511749E+00  0.979145416246995E+00  0.280044211480919E+00  0.939482670192950E+00 -0.197351341579313E+00
-0.959546603653777E-01  0.292217772918505E+00  0.951525867407037E+00  0.435500215534047E+00 -0.573516217957369E+00 -0.693843433354870E+00
-0.165278130334636E+00  0.302977835976006E+00  0.938556109425741E+00 -0.374272525479093E+00  0.903006384194683E+00 -0.210949156848626E+00
-0.654656234554763E-01 -0.157385222360008E+00  0.985364980059813E+00 -0.913718105970352E-02  0.296299950614930E-01 -0.999519172059715E+00
-0.192426423575056E+00  0.315290882468069E-01  0.980804765539217E+00  0.945914871970994E-01 -0.208650924620148E+00 -0.973404973382096E+00
-0.158910512887239E+00  0.344742427402258E+00  0.925148694882457E+00 -0.380300120229451E+00  0.546126608122487E+00  0.746403072377179E+00
-0.334653199257619E+00  0.731378247253628E-01  0.939498853017438E+00  0.367542757983217E+00 -0.397058522406390E+00 -0.840985642468732E+00
-0.374200893156491E+00  0.138990990931453E+00  0.916872508040664E+00 -0.849399997318952E+00 -0.171971114527556E+00  0.498944466171051E+00
-0.468653867089578E-01 -0.106249635826865E+00  0.993234438798453E+00 -0.149618161188934E+00  0.437430185162326E+00 -0.886718241016443E+00
 0.371093951639512E+00  0.128386521035724E+00  0.919677215262461E+00  0.802463807844096E+00 -0.520226554545503E+00  0.292260447283017E+00
-0.307470309563140E+00 -0.183279366548509E+00  0.933740157931918E+00  0.802507726977145E+00  0.346805960317398E+00 -0.485496626178085E+00
 0.369084502933834E-01  0.354422689030550E-01  0.998689947817612E+00 -0.789069323540215E-01 -0.950885319300400E+00  0.299317232322924E+00
-0.159609673659467E+00  0.480683145410524E+00  0.862246174704512E+00 -0.372582068315428E+00  0.873661415406415E+00  0.312887094012931E+00
-0.151303952935980E+00  0.139125743151597E+00  0.978647608395618E+00 -0.395381139181618E-01  0.334473807344254E+00  0.941575280977806E+00
-0.316506848690616E+00  0.177414815851789E+00  0.931851596472427E+00 -0.712395119348690E+00  0.540611472901927E+00  0.447473383895595E+00
-0.220242307379822E+00 -0.473382455362025E+00  0.852878875922855E+00  0.272690585615867E+00  0.932762302381095E-01 -0.957569521961222E+00
-0.113962302552631E+00  0.125127561550879E+00  0.985573785638211E+00 -0.454756361782852E+00  0.420903091527158E+00  0.784880397870213E+00
 0.414220612348251E+00  0.177223487965294E+00  0.892755912676727E+00 -0.397913541923188E+00 -0.430900776435986E+00 -0.809931684786444E+00
 0.177743421037747E+00 -0.127533525133236E+00  0.975777882637687E+00  0.572343074533035E-01  0.319840726921357E-01  0.997848311690893E+00
 0.324105395434555E-01 -0.107765899862783E-01  0.999416540805069E+00  0.173803162145296E+00  0.984397370843750E+00 -0.274641057420086E-01
 0.205795538958511E+00  0.267793045654993E+00  0.941241244763317E+00  0.583287480735899E-01 -0.652731939288301E+00 -0.755340170109535E+00
 0.161846098373750E+00 -0.156751280083849E+00  0.974286855414395E+00 -0.200148562161235E+00 -0.459176165334719E+00  0.865504362931403E+00
 0.181829370796076E+00  0.245361542966477E+00  0.952226755110889E+00 -0.688553475300866E+00 -0.421424758669793E+00 -0.590165472076440E+00
 0.209674717315372E+00 -0.232675693117922E+00  0.949683386582504E+00 -0.187094547218560E+00  0.216243494931542E+00 -0.958245470274122E+00
 0.174521847049489E+00 -0.163908887022213E+00  0.970915033181367E+00  0.893876251136841E+00 -0.411287255939386E+00  0.178404150050939E+00
 0.283983932923060E-01 -0.197766496203048E+00  0.979837713214788E+00  0.262534336628167E-01 -0.128929824586255E+00  0.991306137150915E+00
-0.128283267799015E+00  0.279650243769057E+00  0.951493113145184E+00 -0.956711208284281E+00  0.287840163246630E+00 -0.430314346191667E-01
-0.119163466380914E-01  0.129640988905252E+00  0.991489392115957E+00  0.342403956853418E+00 -0.857741958972669E+00 -0.383455684726217E+00
 0.129699128583874E-01 -0.131926464149719E-01  0.999828853074873E+00  0.491058171012274E-02 -0.368641621749667E-02  0.999981148083672E+00
 0.161718605816145E+00 -0.100335263201309E+00  0.981722938252543E+00 -0.577018211762697E+00 -0.931161027850732E-01 -0.811405801492878E+00
-0.510335075610987E+00 -0.305954215709402E+00  0.803710226692912E+00  0.909083834108680E+00  0.384931861671213E+00 -0.159355089133033E+00
-0.192062637474856E+00 -0.113690753122895E+00  0.974775028373496E+00 -0.200529141129883E+00 -0.583308326964078E+00  0.787108289406280E+00
 0.154863769049012E-01 -0.390346843743654E+00  0.920537622104456E+00 -0.137335787670641E+00  0.195222404021264E+00  0.971095821427033E+00
 0.109659740700363E+00 -0.896777992725640E-01  0.989915467899739E+00 -0.338541621578973E+00  0.150260373102976E+00 -0.928876413056997E+00
 0.127012067436480E+00  0.326129452212136E-01  0.991364882638834E+00 -0.672505454592099E+00 -0.121070305009336E+00 -0.730122177987233E+00
-0.563746740828906E-01 -0.956819474750746E-01  0.993814299076757E+00 -0.998894753814387E+00  0.424859310901714E-01  0.201051352021670E-01
-0.186680516568051E-01 -0.204117728381197E+00  0.978768336639390E+00 -0.732403211704195E+00 -0.583458467232937E+00  0.350944087426434E+00
 0.474610549059016E+00 -0.341143930135670E+00  0.811397341413865E+00  0.793386131957965E+00 -0.450029098735657E+00  0.409892981042553E+00
-0.419113712224188E-01  0.115839922724465E+00  0.992383267324397E+00  0.212612989115748E+00  0.781434158668630E+00  0.586648423269949E+00
 0.207485155550037E+00  0.239247547641732E+00  0.948530717042835E+00 -0.603375256041470E+00 -0.640416167819002E+00 -0.475189890878283E+00
 0.216140064294959E-01 -0.260568810726594E+00  0.965213307825060E+00  0.187771504178838E+00 -0.648147196098110E+00  0.738002082929699E+00
-0.298162217465727E+00  0.434323684253891E+00  0.849977781693173E+00  0.681552675724803E+00 -0.580729193520745E+00 -0.445241006652696E+00
 0.269433359933812E-01 -0.206302454344612E+00  0.978117249606067E+00 -0.910519125116617E-03  0.634916096398498E-02 -0.999979429343412E+00
-0.188052897421032E+00 -0.171572741073638E+00  0.967056824748181E+00  0.769989757572656E+00  0.179260506332967E+00 -0.612357284681460E+00
-0.651810392019423E-01 -0.129071844319444E-01  0.997789976256825E+00 -0.113508499797234E+00 -0.255473015245268E+00  0.960129865671969E+00
 0.347207886180918E-02  0.549470293824975E+00  0.835506038800602E+00 -0.145509415551797E+00  0.974777546469554E+00  0.169220994219307E+00
-0.419359712063887E-01 -0.562077252344798E+00  0.826020905737560E+00  0.450626904615557E+00  0.850474561435843E+00 -0.271345560470615E+00
-0.168841751699044E+00 -0.746248815162656E-01  0.982814117695651E+00  0.751675894275261E-02 -0.267489937237826E+00  0.963531334109846E+00
 0.118579151054190E+00 -0.211923063852998E+00  0.970065770936397E+00 -0.372612620034346E+00  0.918667019924077E-01  0.923428581134555E+00
 0.169233723801660E+00  0.167965002188361E+00  0.971157919582643E+00 -0.417747869332805E+00 -0.200907005891331E+00 -0.886071719812613E+00
 0.490443691616051E-01 -0.136753002409811E+00  0.989390350764269E+00  0.132418054193340E+00 -0.178974843710564E+00  0.974901771586466E+00
-0.415175890747947E-01  0.300132945321625E+00  0.952993444326866E+00  0.686124914657097E-01 -0.574882120785545E+00 -0.815354446370400E+00
-0.176202233530480E+00 -0.347829915493237E+00  0.920851303298659E+00  0.399345629620190E+00  0.584861291696202E+00 -0.706017236035144E+00
 0.274170489709626E-01  0.380823939701191E+00  0.924241003405598E+00  0.138301079659929E+00  0.414680548404398E+00  0.899395827286254E+00
-0.521778342641332E+00 -0.294266309952260E-01  0.852573418855371E+00  0.686132977510834E+00  0.158222471538117E+00 -0.710061396410540E+00
-0.280950358164316E+00  0.222667599482605E+00  0.933534164553176E+00  0.357288855221829E+00 -0.321964782415128E+00 -0.876745888395637E+00
-0.280599155889398E+00  0.752479872565883E-01  0.956870865962586E+00 -0.499971890601629E+00  0.828423509312612E+00  0.252472964545531E+00
-0.284489340685250E+00 -0.148352699706330E-01  0.958564410877730E+00  0.127255440676265E+00  0.852538739223127E-01 -0.988199286479973E+00
 0.262256546478062E+00 -0.399165688277460E+00  0.878571714279137E+00  0.283840548013401E+00 -0.954674150891783E+00  0.896203599775504E-01
 0.328988312075783E+00  0.149619122856450E+00  0.932405924795201E+00 -0.777929839012053E+00 -0.476648988093489E-03 -0.628350967517694E+00
 0.172801349710707E+00  0.993663408689474E-01  0.979931642432509E+00 -0.232712464738385E+00  0.619459067013653E-01 -0.970570766816275E+00
-0.566507441382538E-01  0.256980913423256E+00  0.964754633741000E+00 -0.933070994970881E+00  0.328626696390898E+00  0.146229315676624E+00
 0.409032250189050E+00 -0.534756556803813E-01  0.910951685082604E+00  0.853226879925136E+00 -0.149610368076514E+00  0.499620485105673E+00
-0.262255928539043E+00  0.330266967193700E-01  0.964433027871781E+00  0.158878147819759E+00 -0.131992839393634E+00 -0.978435293974093E+00
-0.914697889162007E-01  0.720160934847298E-01  0.993200362462089E+00  0.540542766101509E+00 -0.189798261176715E+00  0.819628048610847E+00
 0.137713594744666E+00 -0.344936494533045E+00  0.928468513500461E+00 -0.223551075187834E+00  0.662977184315507E+00 -0.714483148758210E+00
 0.285412595501528E+00  0.229407843952498E+00  0.930543761175232E+00  0.226286106866680E+00  0.259198961280700E+00  0.938941157000867E+00
-0.275213624891877E+00  0.233969175391771E+00  0.932478356660555E+00  0.214471718664422E+00  0.727718793355369E-01 -0.974015469831513E+00
-0.122927848142636E-01 -0.471665191990964E+00  0.881692029058694E+00 -0.378829325091855E+00 -0.546067815446227E+00  0.747193605020972E+00
 0.130656328548674E-01  0.977246636085270E-01  0.995127720124760E+00  0.256593610023753E+00 -0.470043126036075E+00  0.844523048211955E+00
 0.158697686508971E+00  0.155110255777256E+00  0.975067101716295E+00 -0.642387193621777E+00  0.252470763586365E+00 -0.723600170677741E+00
 0.774877169186647E-01 -0.228461852749960E+00  0.970464237138489E+00  0.166914032743639E+00 -0.887833020357219E+00  0.428826577577268E+00
-0.371073393351251E-01  0.312177649284294E+00  0.949298773124036E+00 -0.301279536322468E+00 -0.548885372493250E+00 -0.779715004893624E+00
-0.800755676599387E-01  0.289281522346584E+00  0.953888937084806E+00 -0.707116407435784E-01  0.144313778514486E+00  0.987002227552817E+00
-0.193687760450638E+00 -0.489296942353195E-01  0.979842301839257E+00  0.527157628409543E-01  0.545234816767633E+00 -0.836624194565554E+00
-0.182739937534164E-01  0.537577155824299E-02  0.999818564656835E+00 -0.679236145587303E+00  0.687850187984993E+00 -0.255930415184897E+00
 0.141862398959019E+00 -0.221959438309895E+00  0.964680811204799E+00 -0.834579869654230E-01 -0.222224572038287E+00  0.971417008289478E+00
 0.546253050856671E-01 -0.884315556532454E-01  0.994583297672470E+00  0.711361390954377E+00  0.563705850435731E+00  0.419762653941467E+00
-0.460854424565031E+00 -0.153337673146824E-01  0.887343267816223E+00 -0.996937478820318E+00 -0.281648883508442E-01 -0.729547968784247E-01
-0.121550670144071E+00  0.511031500751749E+00  0.850924344361437E+00  0.195325475681499E+00  0.959922909533724E+00  0.200987477973397E+00
 0.311658242234511E+00  0.171534202405178E+00  0.934582878856934E+00  0.101784953051819E+00  0.463571130621144E+00  0.880194086657524E+00
 0.348150885596579E-01 -0.772434569746990E-01  0.996404214143628E+00  0.469701878968212E+00 -0.387537748397599E+00 -0.793217900996094E+00
-0.150825469582882E+00 -0.259330323775947E+00  0.953938918849297E+00  0.105254274015429E-01 -0.393289290079517E+00  0.919354528833553E+00
-0.330947233414944E+00  0.114877220709175E+00  0.936630745201720E+00 -0.278413828992064E+00 -0.347883686341188E-01  0.959830979513453E+00
-0.248742359995643E+00  0.358642039954297E+00  0.899723916277220E+00 -0.335957653225125E+00  0.899342252704336E-02  0.941834153973361E+00
-0.150116571600006E+00  0.119887592809418E+00  0.981372498097141E+00 -0.374574283761205E-01 -0.886431045214318E-01 -0.995358900638483E+00
 0.127985705444629E+00  0.195966266385232E-01  0.991582387613975E+00  0.118919091091147E+00  0.875987270367560E-01  0.989032210191152E+00
-0.102302389913415E+00  0.234995014942434E+00  0.966597932943273E+00  0.137268260674094E+00  0.292955725093874E+00  0.946221098764042E+00
 0.108250008280871E+00 -0.222619762676989E+00  0.968876863679194E+00  0.555497781521299E+00  0.260131062630333E+00  0.789781010774334E+00
-0.389411237801059E+00  0.159356412349810E+00  0.907173865208453E+00  0.396828366096091E+00 -0.495986529963914E+00 -0.772350056616728E+00
 0.818045097732429E-01 -0.157939327703454E+00  0.984054465436411E+00 -0.665661187092119E+00 -0.693029763827487E+00 -0.276775957135601E+00
-0.114436366426439E+00 -0.338905470580391E+00  0.933834781987583E+00 -0.645153642798705E-01 -0.413511405865989E+00  0.908210374852968E+00
-0.657755072389861E-01 -0.110811503665023E+00  0.991662439191356E+00  0.250496529307615E-01 -0.246146644355778E+00 -0.968908842131415E+00
-0.159589569447925E+00 -0.455825415423169E+00  0.875645110748482E+00 -0.184102022312817E+00 -0.821612935569017E+00  0.539498498131360E+00
-0.246709778761683E+00 -0.206452716244896E+00  0.946842944219613E+00 -0.427529928045956E+00 -0.936511418452295E-02  0.903952684193886E+00
-0.266470229467370E+00  0.982124392439473E-01  0.958826331295382E+00  0.757111290193567E+00 -0.408516514956315E+00 -0.509800697596011E+00
 0.189023853261196E+00 -0.343598804743699E-01  0.981371174180328E+00 -0.516072927439247E+00 -0.268451922546201E+00  0.813389389435057E+00
-0.150502360050300E+00 -0.258566873000619E+00  0.954197155626641E+00  0.124735323668604E+00  0.519522393665458E+00 -0.845303248254377E+00
 0.161808217359234E+00 -0.101032541870609E+00  0.981636656955205E+00 -0.171766145636993E+00 -0.683980423773078E-01 -0.982760448436934E+00
 0.684266192700823E+00  0.262036044777940E+00  0.680526919940610E+00 -0.954945699366805E+00 -0.234652737465122E+00 -0.181705267014934E+00
-0.999472951823292E-01  0.383488785002714E+00  0.918121391735798E+00 -0.527551488090298E+00  0.639184528021647E+00  0.559582493070911E+00
 0.211443406564282E+00  0.651265396828174E+00  0.728797001033026E+00 -0.343652891728396E+00 -0.935298446692094E+00 -0.843771629178566E-01
 0.125426996199100E+00  0.149015259748771E+00  0.980847858225972E+00  0.177183549278858E+00  0.156732952192692E+00  0.971617605625747E+00
 0.141155067035080E+00 -0.233436724560787E+00  0.962072004933442E+00 -0.135448104389267E+00  0.112939839491268E+00 -0.984326370505759E+00
 0.576348413676761E-01  0.370063019852841E+00  0.927217119340405E+00 -0.957485754012577E-01 -0.962938464044502E+00 -0.252154168659266E+00
 0.321430750636619E+00 -0.824724979382952E-01  0.943334807811626E+00  0.785977774757463E+00  0.617662319708441E+00  0.270591278443164E-01
 0.907665025373788E-01  0.173399439788290E+00  0.980660020750433E+00  0.159288168291654E+00  0.411862116071020E-01  0.986372635171792E+00
 0.559422788356267E-01  0.594416536286734E-01  0.996663007868039E+00 -0.154595520244764E+00  0.628230928598822E+00  0.762513032985084E+00
-0.225357114460215E+00  0.218726855945231E+00  0.949406516435652E+00  0.338099125032279E+00 -0.635239900492471E+00 -0.694376879277185E+00
 0.142129007853972E+00 -0.206849765418215E+00  0.967994070060801E+00  0.154992262401781E+00 -0.247969016661356E+00  0.956289059527284E+00
-0.224251150938842E-01 -0.151607629555051E+00  0.988186339145469E+00 -0.481156074075332E+00 -0.471566048209029E+00  0.738995463150440E+00
-0.353493230157999E+00  0.192814583364406E+00  0.915349699663726E+00  0.389803306148577E+00 -0.876943589566951E+00 -0.281110873558938E+00
 0.248927473178231E-01  0.185985635930981E+00  0.982237086633527E+00  0.178610156816093E+00  0.563594512551491E+00  0.806510779409660E+00
-0.237079732843120E+00 -0.498490754995838E-02  0.971477406310488E+00 -0.838606378646211E+00 -0.664899679443273E-01  0.540664799905310E+00
 0.414859193564193E+00 -0.800576899905760E-01  0.906356781730374E+00  0.677827138922130E+00 -0.469022618178120E+00  0.566187383626641E+00
-0.365454630754463E+00 -0.208484401756477E+00  0.907180889946632E+00  0.195008182838644E+00  0.456984502086259E+00 -0.867834646392355E+00
-0.363327508540949E+00  0.935968314265765E-01  0.926948086294120E+00 -0.927532810904850E+00  0.364149072971804E+00  0.841328553463074E-01
 0.829889419464823E-01 -0.421844443387703E+00  0.902862171705916E+00  0.156047737824763E+00 -0.877440807280878E+00  0.453593136233403E+00
-0.129247458282231E+00 -0.155371899543689E+00  0.979364420101000E+00  0.320055950546693E+00 -0.787515478710003E+00  0.526672155436194E+00
-0.337388792898807E+00  0.150815322001628E+00  0.929205865820826E+00  0.495317459860642E+00 -0.426333878772868E+00 -0.756901603755523E+00
-0.183154020866625E-01  0.385324486899147E-01  0.999089483702217E+00  0.908851991523508E+00  0.139677176830212E+00 -0.393037331275917E+00
-0.225794003564725E-01 -0.112590522234193E+00  0.993384892668785E+00 -0.553257736204970E-01  0.271161954701607E+00 -0.960942377614650E+00
 0.202276686258131E+00  0.250779811216386E+00  0.946675038480842E+00  0.410359770410876E+00  0.455602733534806E+00  0.789956332985531E+00
 0.239370677016640E+00 -0.386434828839112E-01  0.970158935543654E+00 -0.346154302397329E-01 -0.214899820575394E-01  0.999169631574381E+00
 0.245794087458773E+00 -0.111750108415560E+00  0.962858857693805E+00  0.174527746159959E+00 -0.175485006517081E+00  0.968888578892344E+00
 0.238750280002733E+00  0.233014454594690E+00  0.942710224697152E+00 -0.484486589725352E+00 -0.904006258154913E-01 -0.870115205721901E+00
 0.188424517371301E+00  0.363334352074731E+00  0.912405803278249E+00 -0.664984897104245E+00  0.730349522946568E+00  0.156155886712531E+00
 0.135038888215265E+00 -0.319843130701675E-01  0.990323938106625E+00 -0.277711495218610E+00  0.226086193388760E+00 -0.933681615210680E+00
-0.113055963965924E+00 -0.457002943125176E+00  0.882250904780870E+00  0.176455090399177E+00  0.884178903020958E+00 -0.432540481949231E+00
-0.319589848187009E+00 -0.168605101636363E+00  0.932434795917653E+00 -0.931767047211108E+00 -0.123283727940271E+00  0.341483955928595E+00
 0.184975714209477E-01  0.995199670614085E-01  0.994863616787559E+00  0.179037573040170E+00  0.164727506934965E+00 -0.969953811219316E+00
-0.475140516153240E+00 -0.354145292006136E+00  0.805495252661070E+00  0.833331105713945E+00  0.486575588299005E+00 -0.262304146213990E+00
 0.943341686137796E-01  0.911165279587846E-02  0.995498891217501E+00 -0.347374023094553E+00 -0.395608043263209E+00 -0.850191486774927E+00
 0.243510382084178E-01  0.103406363731352E-01  0.999649987834528E+00 -0.966966535589262E-01  0.223384574702239E-01  0.995063189203759E+00
 0.293801501748039E+00 -0.331266872419232E+00  0.896628650450217E+00  0.621752290747431E+00 -0.597140791962676E-01  0.780934259522570E+00
 0.517691236755532E-02 -0.251300658349799E+00  0.967895231257648E+00  0.186271652568327E+00 -0.630462772419851E+00  0.753538030919568E+00
 0.840964038190763E-01  0.401940489389110E+00  0.911795831233255E+00  0.585926125443601E-02  0.252109575509728E-01  0.999664982220001E+00
 0.127512873529948E+00 -0.194112503703445E+00  0.972656569910529E+00  0.129888034232226E+00 -0.288070139882214E+00  0.948759554930294E+00
-0.226593363237966E+00  0.408045544312445E+00  0.884394867411196E+00  0.642793067510940E+00 -0.582939712300904E+00 -0.496989299867125E+00
-0.395256523422348E+00 -0.494518511780173E+00  0.774095421895002E+00 -0.560875794470741E+00 -0.447797778801460E+00  0.696344377788242E+00
 0.599156457489128E+00 -0.293840210854833E+00  0.744761350993636E+00 -0.686040085435600E+00  0.703403668640227E+00 -0.185936225945847E+00
 0.274285172756984E+00 -0.286681279213022E-01  0.961220985230326E+00  0.219499377228042E-01  0.983982788175172E+00 -0.176906960883338E+00
-0.976307720379923E-01  0.588181252484435E-01  0.993483095222825E+00 -0.422911598877047E+00  0.173508409795511E+00  0.889404638657508E+00
 0.693366522133226E-01 -0.162436612373806E+00  0.984279825872892E+00  0.223284078807229E+00  0.185251685581937E+00 -0.956988000520518E+00
-0.996593806602391E-01 -0.455683739918924E-01  0.993977631105526E+00 -0.127457353259537E+00  0.988353737521942E+00 -0.831355076154670E-01
-0.124410997245122E+00 -0.243144322593956E+00  0.961978555974508E+00  0.200041084455478E+00  0.874459237621725E+00 -0.441932807412968E+00
-0.177946129034765E+00 -0.340758904524274E+00  0.923156836160010E+00  0.374285885234976E+00  0.749382480984438E+00 -0.546201403611780E+00
-0.115262118630393E-01 -0.148294523600125E+00  0.988876069439594E+00  0.361334730957412E+00 -0.323829057862812E+00  0.874398052083614E+00
-0.312428377411288E-01  0.419393028405536E+00  0.907266979898814E+00 -0.516024210403717E+00  0.841454058861907E+00  0.160231336205007E+00
 0.387580320872837E+00 -0.118858876952097E+00  0.914141161004029E+00 -0.208246224155414E+00  0.662241243729763E+00 -0.719770828269852E+00
 0.558657069891798E-01  0.725733169029380E+00  0.685704302271156E+00  0.324568420528298E-01 -0.998646806268822E+00 -0.406338495966134E-01
 0.323970389407976E+00 -0.170999506790675E+00  0.930485010875613E+00 -0.532129272441613E+00  0.457483938612148E+00 -0.712423247320492E+00
 0.117746034229168E-01  0.180623988020736E+00  0.983481740382463E+00 -0.410794425226807E-02 -0.118623806749202E+00 -0.992930771638360E+00
-0.352532676418926E+00 -0.321416142970332E+00  0.878869942081867E+00 -0.594976521267089E+00 -0.700395688530749E+00  0.394269981901300E+00
-0.282432311251464E-01  0.274381564075230E-01  0.999224432982184E+00 -0.471238077652394E+00 -0.484478825963586E+00 -0.737031167158772E+00
-0.127799504510160E+00 -0.191463681115332E+00  0.973143846232778E+00  0.879489330198946E+00  0.382944244067558E+00 -0.282581358199255E+00
 0.121102850230371E+00 -0.168946604743511E+00  0.978157014191341E+00  0.953127827900202E+00 -0.291531584124379E+00  0.809733236329934E-01
-0.163405194564868E+00 -0.548825911381820E-02  0.986543775714548E+00 -0.187883453865971E-02  0.238328730472474E+00 -0.971182725449828E+00
-0.329901381920207E+00 -0.406095243126537E+00  0.852204043476172E+00  0.610305348071303E+00  0.632082774849400E+00 -0.477492144285379E+00
 0.182965855743854E+00  0.162848345338815E+00  0.969537988968111E+00 -0.546099238791069E+00 -0.364955488491744E-02 -0.837712541472883E+00
 0.216550210036601E+00 -0.203825754218582E+00  0.954757073003563E+00  0.601799612990572E+00 -0.347419149634426E+00  0.719122493231640E+00
-0.165205692414460E+00 -0.545160546525529E+00  0.821892363820133E+00 -0.994532502797294E-01 -0.915716117513625E+00  0.389323828110443E+00
 0.873941144603580E-01 -0.230229594925055E+00  0.969204107697824E+00  0.203340161847333E+00  0.518794430429300E+00 -0.830364448622073E+00
 0.124469390164939E+00  0.232974525220217E+00  0.964484443373963E+00  0.815424187630002E+00 -0.578652807815525E+00 -0.156308104447567E-01
 0.183994752385255E+00 -0.584094316178813E-01  0.981190230991302E+00  0.108427089109651E+00 -0.286073987590601E-01  0.993692700528412E+00
 0.955404394424562E-01  0.224196482718517E+00  0.969849453042991E+00  0.251805704467078E+00 -0.440578558960579E+00 -0.861675356838095E+00
 0.163724670616812E+00  0.373467188858166E-01  0.985798891671055E+00 -0.524983021326956E+00 -0.294808987237192E+00 -0.798423752378774E+00
-0.519923555788446E-01  0.147736858623224E+00  0.987659159612011E+00  0.326710317522332E+00 -0.260134420326620E+00 -0.908620081104193E+00
-0.152286888089266E+00 -0.152046268573304E+00  0.976570855559914E+00  0.976872618399488E+00 -0.212936685944076E+00  0.194384978967589E-01
-0.539708113870028E-01 -0.162632221631211E+00  0.985209577706959E+00  0.592726606046545E+00 -0.774160652266848E+00  0.222149622926335E+00
 0.179594143013551E+00  0.371949118342772E+00  0.910713894238615E+00  0.536210540294060E-01  0.764250626025957E+00  0.642686364554055E+00
 0.541567054901830E-01  0.357511213978777E+00  0.932337268980421E+00 -0.118635568457173E-01 -0.320815843222798E-01 -0.999414842778684E+00
 0.543931159057397E-01 -0.162021450969867E+00  0.985286982745476E+00  0.389550867238615E+00  0.587683340174071E+00 -0.709139206020574E+00
-0.322180956011333E+00 -0.315423604401411E+00  0.892584663418572E+00  0.501476976188812E+00  0.676188618944099E+00 -0.539712695758583E+00
-0.257933970778702E+00 -0.500476111802170E+00  0.826434345991086E+00 -0.263183636833932E+00 -0.915983121841180E+00  0.302835423629654E+00
 0.246896653395692E+00 -0.250376035215268E+00  0.936137748160969E+00 -0.800536290210588E+00  0.141247098259074E+00 -0.582400983248879E+00
-0.214473369701110E+00 -0.111074692144473E-01  0.976666676925501E+00  0.637085727382126E+00  0.686435683878274E+00 -0.350610649958830E+00
 0.282162796325976E+00 -0.131443082444227E+00  0.950319352874109E+00 -0.186364592973198E+00  0.109791546570664E+00 -0.976326817611580E+00
-0.998634793110007E-01  0.708075661626863E-01  0.992478500560097E+00  0.329572580684591E+00 -0.257975289190645E+00 -0.908201885170859E+00
-0.125673442583355E+00  0.372866696720628E-01  0.991370712747766E+00 -0.307476155283819E+00 -0.651904341904772E+00  0.693166028407038E+00
 0.169545147850596E+00 -0.117921249654102E+00  0.978442140200602E+00 -0.402808166867701E-01 -0.326566956467686E+00 -0.944315349208346E+00
-0.936800506843138E-01  0.319785948750197E+00  0.942847280892150E+00 -0.397682930103180E+00  0.338430937809627E+00  0.852826352452740E+00
 0.382837200331578E-01 -0.298790564634763E-01  0.998820103304532E+00  0.153631759168988E+00  0.255119027131460E+00 -0.954626400520193E+00
 0.390522254241284E+00 -0.118793082778392E-01  0.920516839051381E+00 -0.779669016392765E+00 -0.165542596274488E+00 -0.603913796576829E+00
 0.234666820115992E+00 -0.285382823791239E+00  0.929240618689038E+00  0.770015984885864E+00 -0.159866579929041E+00  0.617671481972452E+00
-0.371650246752612E-01 -0.348453884147315E+00  0.936588838051968E+00 -0.215933127092668E+00 -0.666102116947301E+00  0.713919361288309E+00
 0.149051785207453E+00 -0.769483112547992E-01  0.985830879371054E+00  0.530809605270003E+00 -0.847421994145172E+00 -0.108225132073732E-01
 0.112028069129127E+00  0.164288559968517E+00  0.980030091778140E+00 -0.919223695681716E+00  0.157644827681719E+00 -0.360798982263599E+00
-0.527106753326067E-03 -0.651468327858578E-01  0.997875549523307E+00  0.310924807154233E-01  0.101247794964518E+00 -0.994375251933486E+00
-0.236946950967236E-01  0.116542150463764E+00  0.992903061023358E+00  0.949003377101525E-01  0.988289035266520E+00  0.119493550765180E+00
 0.600450656851166E-01  0.116938675760279E+00  0.991322317008097E+00  0.319570547001524E+00  0.207676529586272E+00  0.924524269312682E+00
-0.411300832011467E-01 -0.346510768946636E-01  0.998552762314494E+00  0.915418527548970E-01  0.324936116653556E+00 -0.941295176492638E+00
-0.230449650283035E+00 -0.357920165663164E-01  0.972425776208418E+00 -0.310141670115516E+00 -0.361599451899929E+00  0.879237158475248E+00
 0.930284693470088E-01 -0.162760845982840E+00  0.982270131331449E+00 -0.406718258116352E-01  0.265985901532142E-01  0.998818460776036E+00
 0.132548556994117E+00 -0.353651109891043E+00  0.925938320036281E+00 -0.186521723546758E+00  0.306697211431689E+00 -0.933352273873682E+00
 0.189705962611746E+00  0.437187320963303E+00  0.879135310483250E+00  0.348657890555457E+00  0.780825274848319E+00  0.518410614775069E+00
 0.422484074476062E+00 -0.148907168763633E+00  0.894054730933685E+00  0.266839561584046E+00 -0.443438500451504E-01  0.962720245625284E+00
-0.203008957073326E+00  0.596062262158941E+00  0.776850785529607E+00  0.363968465025372E+00 -0.912796063877927E+00 -0.185284382061840E+00
 0.227848338476543E+00  0.949277724102141E-01  0.969058229766774E+00 -0.543708409877857E+00 -0.262552318195014E+00 -0.797149575198103E+00
 0.182819327274448E-01 -0.790250905463356E-01  0.996704974403104E+00  0.256521243989858E+00  0.827689775711473E+00 -0.499125722202921E+00
-0.114219846883329E+00  0.376213962062347E+00  0.919465541130988E+00 -0.755443007583524E-01 -0.603474532798328E+00 -0.793795658143059E+00
 0.124121345785154E+00 -0.324410313402081E-01  0.991736593560037E+00 -0.635274047283310E+00 -0.306479168128653E+00 -0.708870513106203E+00
-0.179522307493149E+00 -0.697969727946009E-01  0.981274744249053E+00 -0.939866705715773E-01 -0.341462689785368E+00  0.935184333294464E+00
-0.194726246724374E+00  0.338245989544716E+00  0.920690686057784E+00  0.146250534023528E-01 -0.640031848318420E+00 -0.768209177861788E+00
 0.340834724220198E-01  0.224514419668038E+00  0.973874525936879E+00 -0.591030750868973E+00 -0.656916109461524E+00 -0.468128055832154E+00
 0.352480814902797E+00  0.973625803488718E-01  0.930740459566075E+00  0.222000575344064E+00  0.758747710393206E-01  0.972089894848535E+00
 0.323951476065657E+00  0.352927902095392E+00  0.877779777095273E+00 -0.122165884797611E+00 -0.631322966888418E+00 -0.765837324809141E+00
-0.254952095834152E-01 -0.219732687079072E+00  0.975226917449118E+00  0.178471788564135E+00 -0.230448256456662E+00  0.956577974753132E+00
-0.830666018399221E-01  0.134050740103952E+00  0.987486880285683E+00  0.194191776522739E+00  0.957307015653395E+00  0.214132743203214E+00
-0.905264406902669E-01  0.587885611468137E-01  0.994157366121802E+00  0.771100090121256E-01 -0.552067680972843E+00 -0.830226066885048E+00
 0.374686600609887E-01  0.849951299142535E-01  0.995676617885593E+00  0.433851004149822E-01 -0.436775676391365E-01  0.998103202653468E+00
 0.232034454534009E+00  0.102059555599692E+00  0.967338544161194E+00 -0.408313026680956E+00 -0.757788004985141E+00 -0.508957573618152E+00
-0.309192182545990E+00 -0.310713550072293E-01  0.950491854331463E+00  0.604336256985850E+00 -0.373744746199401E+00 -0.703628135580633E+00
-0.132206043343872E+00  0.136129241793901E+00  0.981830123612010E+00 -0.874550188848555E+00 -0.333428756668250E+00  0.352118206589240E+00
-0.472419170607672E+00 -0.490428273740368E-01  0.880008481962259E+00 -0.783968747220602E+00  0.105578537281971E+00  0.611756631224182E+00
 0.224493071906792E+00  0.199509585847242E+00  0.953833730699913E+00 -0.939261878434051E+00 -0.342565400347060E+00 -0.208822940692987E-01
-0.857992240742466E-02 -0.169936074546968E+00  0.985417736545801E+00 -0.293806779807966E-01 -0.275360459258973E-01 -0.999188942060587E+00
 0.410941255284518E-01 -0.370002016591307E-01  0.998469958448543E+00 -0.678386716036458E+00  0.683754292647024E-01 -0.731516414154965E+00
 0.320059797050734E+00  0.303538982490822E+00  0.897455186859087E+00  0.770955286271271E+00  0.636882243193336E+00 -0.299246978387845E-02
-0.379211099735819E+00  0.355887306014109E+00  0.854132991550596E+00  0.959014675724673E+00  0.255731197253791E+00 -0.122034447988438E+00
 0.270074798076239E+00 -0.566397251887980E-01  0.961171964309518E+00  0.490369908806183E+00  0.120891444376488E+00  0.863088993797269E+00
-0.910001373442156E-02 -0.370680250751520E+00  0.928715963819306E+00 -0.997135751981032E+00  0.528398452354631E-02 -0.754478073159030E-01
 0.276819577753446E+00  0.456913033079627E+00  0.845340997216141E+00  0.515282035677525E+00  0.856887794524050E+00  0.150907688252238E-01
 0.675349756422862E-01 -0.246989692856081E-01  0.997411142900070E+00 -0.670998032758744E-02  0.593818953758743E-01  0.998212786266321E+00
-0.299916540229998E+00 -0.320836466143856E+00  0.898395253153528E+00  0.423625781913310E+00  0.601535617921558E+00 -0.677271066316925E+00
 0.396304750663107E+00  0.215504161757683E+00  0.892468767446217E+00  0.572404029130563E+00  0.816739227799344E+00  0.727369315329471E-01
 0.107918528715118E+00  0.232890908581040E+00  0.966496464484098E+00 -0.120194619276587E+00  0.184478479010346E+00 -0.975459350398050E+00
 0.366695656162311E-03  0.549685345810879E-01  0.998488019828132E+00 -0.384226103638140E+00 -0.317883434129308E+00 -0.866787415453877E+00
 0.127476599809766E-01  0.360925688652951E-01  0.999267143279370E+00 -0.442978965657315E-01  0.477612892323148E-01 -0.997876022164436E+00
-0.328481153329627E+00  0.172532674379928E+00  0.928618655950088E+00  0.801030620065647E+00 -0.503631500065366E-01 -0.596501046804333E+00
 0.381569338783388E+00  0.227751722451294E-01  0.924059592899512E+00  0.193004570452039E+00  0.508985706229986E+00  0.838858025316672E+00
 0.188030519719407E+00 -0.248637807266430E+00  0.950170387063179E+00 -0.229750121727011E+00  0.491322812465128E+00 -0.840129023137387E+00
-0.132356056002171E-01 -0.472497398233347E-01  0.998795414902883E+00 -0.853574007306932E-01 -0.414739398464319E-01 -0.995486828870234E+00
-0.629947685116745E-03  0.105737887879363E+00  0.994393836582229E+00  0.186110159923272E+00 -0.877338123284727E+00  0.442313040509283E+00
 0.150058069248990E+00 -0.500526779939837E+00  0.852616864961234E+00 -0.181672276513970E+00 -0.884091454633611E+00  0.430554855726954E+00
-0.256331695287720E+00 -0.302407280856063E+00  0.918065301858297E+00 -0.132692134007256E+00  0.698784514530188E-01  0.988690952520113E+00
 0.149328196938194E+00  0.565617458126193E+00  0.811035129117137E+00 -0.145903662430567E+00 -0.743338994986843E+00 -0.652808746740802E+00
 0.163686628771847E+00 -0.190444672093807E-01  0.986328543554336E+00 -0.734993690909419E+00 -0.324035654573740E+00 -0.595638454843470E+00
 0.313478973351177E-01  0.168884732404640E-01  0.999365843324792E+00 -0.160493003714573E+00  0.161208521974567E+00  0.973783244978804E+00
-0.484943390893005E+00 -0.209098607253715E-01  0.874295536619992E+00  0.889994664734381E+00 -0.140394498934158E+00 -0.433818950039488E+00
-0.981453951420150E-01 -0.331237504676337E+00  0.938429111285563E+00 -0.830232473904415E-01  0.828089621356617E+00 -0.554413852094444E+00
 0.341170093983887E-01 -0.242046998034270E+00  0.969664519518121E+00 -0.962090491966102E-01 -0.530789082294632E-01 -0.993944892010544E+00
 0.273352224222496E+00 -0.253170632560944E+00  0.927999564828188E+00  0.280587321925807E+00  0.680267857983438E+00 -0.677131003698050E+00
-0.231753836681094E+00 -0.338001484206103E+00  0.912165092435610E+00 -0.553285235614587E+00 -0.197517325907039E+00  0.809235660371837E+00
-0.323871256972682E+00  0.349732869498076E+00  0.879087213477467E+00 -0.111574961049564E+00  0.987686660485847E+00  0.109663525226497E+00
-0.331514003026342E+00  0.277185603327499E+00  0.901812955720542E+00 -0.678360848716708E+00  0.488554349419802E+00  0.548763342973401E+00
-0.165009556079225E+00  0.365273806195993E-01  0.985615339200648E+00  0.215354005423144E+00  0.132237276972933E+00 -0.967541190299923E+00
-0.433600165336132E+00 -0.313954870510546E+00  0.844643851515646E+00 -0.969731494292038E+00 -0.983694518941166E-01  0.223482169114634E+00
 0.135344491685152E+00 -0.726911953631147E-01  0.988128462643987E+00 -0.193953064205433E+00 -0.266443814905950E-01 -0.980648910579269E+00
-0.998440000897670E-01 -0.110082783530683E+00  0.988894815648364E+00  0.846217669980554E+00 -0.524471869469121E+00 -0.940473984129697E-01
 0.152909731519347E+00  0.220892149796835E+00  0.963236872303388E+00  0.797458908054185E+00  0.273916700001549E+00  0.537614110143408E+00
 0.280910936374981E+00  0.680409935131900E-02  0.959709721768488E+00  0.149263899945592E+00  0.603277774984080E+00 -0.783438711312691E+00
-0.115219733353695E+00  0.249817256658405E-01  0.993025843786888E+00 -0.642770142355644E+00  0.107803276839263E+00  0.758435888917990E+00
 0.270325023790645E+00 -0.436552575861425E-01  0.961778872713304E+00  0.144093993656725E+00 -0.920597697026349E-01  0.985272510422550E+00
-0.107666401474308E+00 -0.146979495735547E+00  0.983262413512739E+00 -0.268581629168399E+00  0.636868785034115E+00 -0.722677008851409E+00
