#          Em_x [n.u.]            Em_y [n.u.]            Em_z [n.u.]            En_x [n.u.]            En_y [n.u.]            En_z [n.u.]
 0.477168783941699E+00  0.130594006598785E+00  0.869054173841929E+00  0.742037872772224E+00  0.180184476667179E+00  0.645688275981412E+00
-0.237250804206761E+00  0.250888660250546E+00  0.938491841233013E+00 -0.462182316903379E+00  0.879636023141336E+00  0.112374252984921E+00
-0.246584561046661E+00 -0.592400598763713E-01  0.967308983499724E+00 -0.589311135306506E+00 -0.684384304984282E-01  0.805002215546435E+00
-0.490164820429201E+00 -0.940211105654132E-01  0.866543985947427E+00  0.893920503264402E+00  0.333259801697511E+00 -0.299739951317894E+00
-0.142452108493938E+00 -0.285796158904055E+00  0.947643367697637E+00  0.629951274490549E+00 -0.776547203841750E+00  0.116546974775170E-01
 0.213789033514652E-01  0.215688399387948E-01  0.999538757445245E+00  0.890935065479405E-01  0.526763784256512E-01 -0.994629351189150E+00
-0.290878601911098E+00 -0.634959608812620E-01  0.954650670089332E+00  0.905464972493639E+00 -0.178404676888058E+00 -0.385103823470452E+00
-0.185760087161951E-01  0.626514231542339E-01  0.997862581259025E+00 -0.271355745722995E+00  0.391463067154098E-01  0.961682705435457E+00
 0.922666215199741E-01 -0.107301834182569E+00  0.989935950925284E+00 -0.872810790385030E+00  0.847006530020672E-01 -0.480652809799842E+00
 0.335518640785447E+00  0.115923419882376E+00  0.934873789561062E+00  0.355272898011936E+00  0.739122480409994E-01  0.931835901609144E+00
 0.467799194600464E-01 -0.218568792642581E+00  0.974699606041818E+00  0.350438041664012E+00 -0.934977666197687E+00 -0.548629443815961E-01
 0.601713085981173E-01 -0.317381538948132E+00  0.946387009820245E+00  0.444453567831381E-01  0.208467646692296E-01  0.998794284456637E+00
 0.235255990546428E+00  0.427604033561309E-01  0.970992361873583E+00 -0.462715902439262E-01 -0.211640276106594E-01  0.998704672999778E+00
-0.173132191711675E+00 -0.202855180539775E+00  0.963781624602424E+00  0.509718471079049E+00  0.405211667874725E+00 -0.758940435382791E+00
 0.104087086972899E+00  0.287171438297942E+00  0.952207143089878E+00 -0.131046052500866E+00  0.176904087782127E+00 -0.975464953675894E+00
-0.893936846993943E-01  0.956226302750858E-01  0.991395522339666E+00 -0.113452479998382E+00  0.730572095688586E+00  0.673344598094768E+00
-0.453446358720776E-01 -0.225884303539856E+00  0.973098219817477E+00  0.121365098170377E+00  0.652453062264185E-01 -0.990461287967135E+00
-0.146847391234308E+00 -0.224147867756166E+00  0.963428034192509E+00 -0.118580794781753E+00 -0.372350070239327E+00 -0.920485752362141E+00
-0.104527413653445E+00  0.737262534831653E-01  0.991785490588695E+00  0.720117422401294E+00  0.557906905327595E+00 -0.412517615311035E+00
 0.130522734072026E+00  0.848378735094110E-01  0.987808863651650E+00 -0.891516150755757E+00 -0.451569507105457E+00  0.358320135377871E-01
 0.216566701778641E+00 -0.183135310411229E+00  0.958937079146126E+00  0.784589500280870E+00  0.315925565426017E+00  0.533488850079611E+00
-0.733792595004286E-01 -0.125438515171326E+00  0.989383981670808E+00  0.187562015246053E+00  0.689737655638542E+00 -0.699344304925040E+00
 0.323275561012745E+00 -0.187296000571409E+00  0.927584562086848E+00  0.564604099919631E+00 -0.528775890234356E+00  0.633733594076255E+00
 0.206967933444667E+00  0.285552110876673E+00  0.935747971678016E+00 -0.621989571406569E+00 -0.808009226898109E-01 -0.778845417238844E+00
 0.131583795812052E+00 -0.273564472829999E+00  0.952810675782412E+00  0.448906738122236E+00  0.731214223809093E+00 -0.513622915539913E+00
-0.396759748504698E+00  0.172128923599018E+00  0.901639249160734E+00  0.377475495331420E+00 -0.669527061556552E+00 -0.639723193473356E+00
-0.564305605438711E-01 -0.202131865211142E+00  0.977731200741272E+00  0.948413681496572E-01 -0.556333716190963E+00  0.825528867524724E+00
 0.188531573904822E+00 -0.134366290965905E+00  0.972831714888570E+00  0.789492178038229E+00 -0.123761634168352E+00  0.601153190729645E+00
-0.512142306973239E-01  0.294389025532145E+00  0.954312424848548E+00  0.363553086651928E+00 -0.732367716082632E+00 -0.575731431854963E+00
 0.223388806742822E+00 -0.189321380889884E+00  0.956166751021999E+00  0.100874200998300E+00 -0.833862073041263E+00  0.542677103548954E+00
 0.673004421612896E-01 -0.817450062265981E-01  0.994378401033484E+00 -0.220380526878610E+00  0.311477529935762E-01  0.974916530199462E+00
 0.374838587536270E+00 -0.212523167363917E-01  0.926846466426425E+00  0.936856253602523E+00 -0.345748388024009E+00  0.525205889594249E-01
 0.658074618568780E+00  0.790649032442480E-01  0.748790048992728E+00  0.946178526661878E+00  0.667881022607207E-01  0.316678930591173E+00
-0.114988397983353E+00 -0.190279313834312E+00  0.974972538616327E+00  0.295418844041284E+00  0.493793512674620E+00 -0.817860424171369E+00
-0.552617497693512E-01  0.436595741348912E+00  0.897958962118216E+00 -0.591462741951087E+00  0.747242777039034E+00  0.302985242291920E+00
 0.188210131309993E+00 -0.305593066731509E+00  0.933375500020172E+00 -0.250107801592001E+00  0.509565936591819E+00 -0.823279201637038E+00
-0.542763132391842E-01  0.337216675800071E+00  0.939861157503337E+00 -0.185521477654944E+00  0.560585267251773E+00  0.807047668647264E+00
 0.125288758423031E-01  0.126509464430682E+00  0.991886275073705E+00 -0.121418495555228E+00  0.135939894550929E-01  0.992508313510673E+00
 0.704513543011477E-02 -0.415846270507659E+00  0.909407634326677E+00 -0.478826053186501E-01  0.677882531337861E+00 -0.733609248725009E+00
 0.288121601168741E+00  0.198738732169575E+00  0.936743753262113E+00 -0.607985479592452E+00 -0.194304931028818E+00 -0.769804683268829E+00
 0.286182343655381E+00 -0.141268438251125E+00  0.947704012091329E+00 -0.152468920289325E+00 -0.986585476077269E+00 -0.583294671602309E-01
-0.761419446027223E-01  0.239919353341830E-01  0.996808302188057E+00  0.201536004163099E-01 -0.140723095668266E+00 -0.989843847652649E+00
-0.753216740023459E-01  0.117169133881986E+00  0.990251503149997E+00  0.602615721698254E-01 -0.993131111491798E+00  0.100295255653929E+00
-0.794084100633564E-01 -0.240073492999302E+00  0.967501432748460E+00 -0.417934409678723E+00 -0.880186067595076E+00  0.224951807323289E+00
 0.291719406690953E+00  0.380626813679064E+00  0.877509553491244E+00 -0.790483804301944E+00 -0.477446069590007E+00 -0.383641246178484E+00
 0.123861707194704E-01 -0.208777016127236E+00  0.977884829779006E+00  0.121641257407838E+00  0.394636009407297E+00 -0.910750143878838E+00
-0.224825777918607E-01 -0.239640802942859E+00  0.970601266875711E+00  0.193516192487909E+00  0.931421038503850E+00 -0.308230972287655E+00
-0.617501203596319E-01 -0.181675605235769E+00  0.981417799460448E+00  0.586387381796867E-01 -0.258707328974936E+00  0.964174266571842E+00
-0.180000592489952E+00  0.189220402436244E+00  0.965295512268203E+00  0.680068664725163E+00 -0.642886803285047E+00 -0.352424700355788E+00
-0.245591672512773E+00 -0.280213428920894E+00  0.927989851585013E+00  0.310875886854453E+00  0.941480643380694E+00 -0.130270415336454E+00
 0.200200763837377E+00 -0.187361240572265E+00  0.961673239562250E+00 -0.659893822537375E+00  0.460277647638713E+00 -0.593872570558015E+00
 0.408954885290097E+00  0.119935920543530E+00  0.904638754841257E+00 -0.902146793523753E+00 -0.366372457889452E+00 -0.227820949508277E+00
 0.262889302066748E+00  0.944558911793373E-01  0.960191282755876E+00 -0.678238933570534E+00 -0.353817089141369E+00 -0.644053892481549E+00
 0.447178645862391E+00 -0.235433581551583E+00  0.862903405580528E+00  0.542578529585212E+00 -0.341351170382694E+00  0.767520630153688E+00
-0.315486697293504E+00  0.214546965869934E+00  0.924358016824024E+00 -0.957715267502636E+00  0.676596574496799E-01  0.279649132210609E+00
 0.518205183287998E-02 -0.426792957779321E+00  0.904334516386929E+00  0.372818530500395E+00 -0.897034499657479E+00  0.237350900018901E+00
 0.704912038345861E-01 -0.978772890509369E-01  0.992698859911701E+00  0.106013427419145E+00  0.845929358837443E+00  0.522651579031115E+00
 0.263947272058398E+00 -0.165321337530177E+00  0.950263486055401E+00  0.401370387501654E-01 -0.688301176284445E+00  0.724313819311642E+00
 0.126335069252995E+00 -0.212857074548070E+00  0.968881476802854E+00  0.528580087099009E+00 -0.349962797306003E+00  0.773388086295724E+00
 0.182884027713705E+00 -0.149842133498755E+00  0.971648479356477E+00  0.298594930981327E+00  0.508591031909468E+00 -0.807574287266205E+00
 0.405150829188892E-01 -0.137503303897058E+00  0.989672354607053E+00  0.525652142130254E+00  0.831660684361686E+00 -0.178970197409868E+00
-0.138915264652916E+00 -0.248868829447314E+00  0.958523267832312E+00 -0.309261159562721E+00  0.614424062492881E+00 -0.725837865239659E+00
-0.343297511316199E+00 -0.400099289694771E+00  0.849745477840185E+00  0.716395920756083E+00  0.697684212616200E+00 -0.369109606446749E-02
 0.184064947157686E+00  0.191380653671912E-01  0.982727749522643E+00  0.885375140468286E-01 -0.589706961986874E+00 -0.802749529797819E+00
 0.823345410087270E-01  0.371879267940982E-02  0.996597809518910E+00  0.191101290277071E+00  0.331630837722425E+00 -0.923851332372239E+00
-0.218265314571766E+00 -0.322931556994581E+00  0.920910126967851E+00  0.496715735285022E+00  0.865777526197337E+00 -0.608502543287990E-01
-0.366011624869559E-01 -0.680520933531112E-01  0.997010164188341E+00  0.209891976272384E+00 -0.973625963699438E+00  0.894306497058678E-01
-0.154482509645717E+00 -0.101952943340000E+00  0.982721095508727E+00 -0.262751297485284E+00 -0.197910811763686E+00  0.944347958253121E+00
-0.315414579959466E-01 -0.199278558324250E+00  0.979435139567546E+00  0.295439792007676E+00  0.115113445299819E+00  0.948400877271667E+00
-0.166123264066731E+00  0.160937904212460E-01  0.985973656364962E+00  0.116914175159705E+00  0.195793830270760E+00  0.973650785279112E+00
 0.122798230782812E+00  0.311940264509619E+00  0.942132615874368E+00 -0.274997835024147E+00 -0.123756470371031E+00 -0.953446656490722E+00
-0.259293314939547E+00  0.996429730820166E-01  0.960644707861880E+00  0.764329157621733E+00 -0.355733360733388E+00 -0.537824055682322E+00
 0.148291878174813E+00  0.332505809196260E+00  0.931369639680254E+00 -0.448721319684688E+00 -0.669188737435193E+00 -0.592313777444291E+00
-0.238363566690580E-01 -0.253482785742172E+00  0.967046175440001E+00  0.112926233591742E+00  0.674046458463478E+00 -0.730006190110485E+00
 0.157605098284957E+00  0.458443685766825E+00  0.874637079007698E+00 -0.220793520384328E+00 -0.667127307575181E+00 -0.711471276190251E+00
-0.215318770564909E+00  0.227557905743865E+00  0.949660584933313E+00  0.668903334271206E+00 -0.289010798216316E+00 -0.684865744445750E+00
 0.186644750233326E+00 -0.306068314197879E+00  0.933534104494532E+00 -0.116380557756158E+00  0.992991100585230E+00 -0.205970855923518E-01
-0.419014836563918E-01 -0.452038370091811E+00  0.891013792054945E+00 -0.426291677857255E+00  0.716814167678264E+00 -0.551772466153725E+00
 0.220542383480970E+00 -0.230850462378265E+00  0.947665089104940E+00  0.223182144222806E+00  0.978409657933138E-02 -0.974727655273121E+00
-0.857958180480357E-01 -0.124713756434791E+00  0.988476381387736E+00  0.596709046125596E-01  0.259371991701739E+00 -0.963932338425987E+00
 0.789196234284050E-02 -0.365594091072478E+00  0.930740929315600E+00  0.239621152132351E+00  0.453589846953354E+00 -0.858392657349536E+00
-0.169199042553710E+00 -0.101866831779842E-01  0.985529256534142E+00  0.543010539593972E-01 -0.304078458174631E-01  0.998061500335345E+00
-0.101684099777046E+00 -0.419858022824402E+00  0.901875592597181E+00  0.277095687759836E+00  0.759163566485772E+00 -0.588972545324064E+00
-0.265931206426122E+00  0.323626688287958E+00  0.908045351332474E+00  0.636449779498390E+00 -0.556005412636903E+00 -0.534592984704175E+00
-0.451612467440330E+00  0.998212422174745E-02  0.892158358391871E+00  0.965042009164607E+00 -0.170469499090916E+00 -0.199083074185704E+00
-0.259950268951980E+00 -0.176664624433947E+00  0.949323689868427E+00 -0.245503433818538E+00 -0.688950314070024E+00  0.681964462949589E+00
-0.101177773161106E+00  0.817253344040571E-01  0.991505939434911E+00  0.154488208521816E+00  0.446451310560736E+00  0.881370875810133E+00
-0.193038525001572E+00 -0.198223248950729E-02  0.981189175755407E+00  0.531009537853708E+00  0.146748502228933E+00 -0.834562009560677E+00
-0.167007237862950E+00 -0.142718158478462E+00  0.975571683548628E+00 -0.340176486898539E-01 -0.161921666184993E+00  0.986217102669331E+00
-0.167734010908530E+00 -0.116898905061348E+00  0.978876880705635E+00  0.704995580429143E+00  0.636962865964297E+00 -0.311864616392957E+00
 0.703310037416491E-02 -0.349210796688828E+00  0.937017798643697E+00 -0.760491483454889E+00  0.282456142040802E+00 -0.584697555507126E+00
 0.125373247456987E+00 -0.749827213975240E-01  0.989272025437852E+00  0.346663932293272E-01  0.141009775207874E+00 -0.989401073617921E+00
 0.146599015111543E+00 -0.138047857484777E+00  0.979515960978783E+00  0.184196732744362E+00  0.383880508531362E-01 -0.982139461175448E+00
 0.808706816128475E-01 -0.127060472433218E+00  0.988592721600013E+00 -0.171376272944595E+00  0.245637562709168E+00 -0.954092427838058E+00
-0.148302535871440E+00  0.113929329225926E+00  0.982357605862667E+00  0.872266964444108E-01 -0.289982316722997E-01  0.995766341059625E+00
 0.999863269748704E-02  0.861914821121676E-01  0.996228415452746E+00 -0.433511863458555E+00  0.213443138912456E+00  0.875505277363814E+00
-0.117239070493101E+00  0.533172245423539E+00  0.837843873916814E+00  0.859913415738390E+00 -0.332416317664423E+00 -0.387360696487860E+00
-0.291922982936824E+00  0.406010039672560E+00  0.865988925863578E+00 -0.604777264803271E+00  0.226825552939750E+00  0.763409869277737E+00
 0.355108911259547E+00 -0.194610499215881E+00  0.914343707114018E+00  0.114948304763654E+00 -0.530052995611894E-01  0.991956312269039E+00
-0.122719364205258E+00 -0.220120687477435E+00  0.967722501853459E+00  0.230216001517942E+00 -0.186450062169487E+00 -0.955110971019643E+00
-0.225080424686087E+00 -0.111968760574349E-01  0.974275850254785E+00 -0.121630323611356E+00 -0.357058343400532E+00  0.926129258681673E+00
-0.676217490954032E-01  0.276712425574325E+00  0.958570567346010E+00 -0.379173692382630E+00  0.392325784096785E+00  0.838038060077086E+00
 0.406267514072393E-01  0.140611325164382E-01  0.999075448413407E+00  0.403927588147304E+00 -0.299160834952067E-01 -0.914301663282863E+00
 0.458932621466147E-02  0.384793953729783E-01  0.999248854998906E+00 -0.183097421538416E+00  0.276635469198586E-01  0.982705481005269E+00
 0.257995474240673E+00 -0.408803114552437E+00  0.875396109657541E+00 -0.866741607878289E-01  0.691939767638291E+00 -0.716733526362758E+00
 0.867094368081622E-01  0.396857175683053E-01  0.995442875000620E+00  0.383312281531781E+00  0.283756875592643E+00  0.878950357176560E+00
 0.129533700525451E+00  0.141592556227472E+00  0.981413556279488E+00 -0.202687983037477E+00 -0.675825611701462E+00 -0.708644709357619E+00
-0.172141306234177E+00 -0.536944863486353E-01  0.983607784039831E+00 -0.892839938400911E+00  0.350730365048903E+00  0.282533281984478E+00
-0.365788196284750E+00  0.382643790187863E+00  0.848400097412427E+00  0.444241934833123E+00 -0.796684602076309E+00 -0.409808184581807E+00
-0.360550676094472E+00  0.953713321817179E-01  0.927851021967268E+00  0.374649385756832E+00 -0.143362162019314E+00 -0.916015899563526E+00
 0.160182884992771E+00 -0.219039988541943E+00  0.962477494165416E+00 -0.624325525219709E+00  0.672460053405781E+00 -0.397511150953817E+00
-0.628057897073715E-01 -0.989309533704438E-01  0.993110315747676E+00 -0.638987256504119E+00 -0.766250892177834E+00 -0.674896752252695E-01
 0.538061437823578E+00  0.227757268321653E+00  0.811551918150578E+00  0.733655889855902E+00  0.617556892240141E+00  0.283500476413080E+00
-0.143470552353097E+00  0.164373650708045E+00  0.975908552867740E+00  0.356522691674399E+00 -0.640890908467726E+00 -0.679816455938406E+00
 0.115023244969639E+00  0.219335296898490E+00  0.968845540141000E+00 -0.197807053521005E+00 -0.539895078401663E+00 -0.818159931734010E+00
-0.191021301595293E-02 -0.166650016317858E+00  0.986014261127846E+00 -0.123808720928515E+00  0.748266044434910E+00 -0.651743298675006E+00
 0.514285259082277E-01 -0.247540830797037E+00  0.967511572959838E+00  0.121879976836098E+00  0.579381847421543E+00 -0.805892018898830E+00
-0.152512819594350E+00  0.299787940632749E+00  0.941736178826404E+00  0.591249578556827E+00  0.802645488241766E+00  0.786394052718624E-01
 0.659997888415780E-01 -0.342058394187629E+00  0.937358033431542E+00 -0.107367950243012E+00  0.158813788034923E+00  0.981453159346187E+00
 0.951293291430639E-01  0.417517731333983E-01  0.994588960413802E+00  0.558505396446932E-01  0.998378783415267E+00 -0.109782533969634E-01
-0.409035825856196E+00 -0.225018073414500E-01  0.912240846395571E+00  0.868398371253734E+00  0.127728784103524E+00 -0.479134246861250E+00
 0.112702556002351E+00 -0.252666179774749E+00  0.960967187508799E+00 -0.470590077872577E+00  0.455690595672790E+00 -0.755573331731116E+00
 0.182710956029847E+00  0.834816104425456E-01  0.979616010110379E+00  0.709805417929796E+00  0.138326482336339E+00  0.690682309721310E+00
 0.198959888614465E+00  0.149922816266029E+00  0.968472050131227E+00 -0.129461657703286E+00  0.411599626176118E-01  0.990729800027250E+00
-0.192227594663108E+00 -0.573380504879016E+00  0.796419078422108E+00 -0.715564842653991E+00 -0.697066347837127E+00  0.454473615359316E-01
 0.327073675053145E+00 -0.667698054021795E-01  0.942637047953126E+00  0.916169476069506E+00 -0.319648574724714E+00  0.241781471157295E+00
 0.164367069862290E+00 -0.212879391373443E+00  0.963154105568448E+00 -0.215320303789879E+00  0.104128551578622E-01 -0.976487961637672E+00
-0.114959733899209E+00 -0.379998136795144E+00  0.917815708960160E+00 -0.198900868690971E+00 -0.315994048603610E+00  0.927677856629701E+00
 0.476646793592755E+00  0.358464616207563E+00  0.802689823708331E+00  0.421310957373059E+00  0.456594602806786E+00  0.783593291117982E+00
-0.207263482559742E+00  0.352513393192680E-01  0.977649830907470E+00 -0.585671749764112E+00 -0.267403450714605E+00  0.765169259755099E+00
 0.163355970665742E+00 -0.742838776284413E-01  0.983766604623442E+00 -0.176920146583548E+00  0.171363391622163E+00 -0.969192369834083E+00
 0.242570794721417E-01  0.115132208518970E+00  0.993053960596818E+00 -0.114412965353185E+00  0.987178425217107E+00  0.111303324950172E+00
-0.336074366236434E+00 -0.196010484554627E+00  0.921213281658183E+00 -0.753713392222207E+00 -0.632962595181828E+00  0.176845908874305E+00
-0.889058093448234E-01 -0.194053253035365E+00  0.976953986660137E+00 -0.613840516942159E+00 -0.567563667741454E+00  0.548699647184187E+00
-0.206297076777167E+00 -0.398521675975008E-01  0.977677513728825E+00  0.111276907242387E-01  0.969531982999688E+00  0.244711888636082E+00
-0.220416383245073E+00  0.832603420944052E-02  0.975370337436763E+00  0.715050518061725E+00 -0.680445231516472E+00 -0.160302974165026E+00
 0.116207591556121E+00  0.221820687992716E+00  0.968138098642525E+00 -0.308835956279369E+00  0.193445744804783E+00 -0.931235252729368E+00
 0.112817038950307E+00 -0.326397023656175E+00  0.938476051197299E+00  0.152885185638485E+00  0.358010279346142E+00 -0.921116040406844E+00
-0.236777893025831E+00  0.919910119903957E-01  0.967198988361356E+00  0.149040231923835E+00 -0.245918044926288E+00 -0.957763710132996E+00
 0.300964939046059E-01 -0.275201563014822E+00  0.960915345266610E+00  0.817956416339449E-01 -0.194070651536432E-01  0.996460154161627E+00
 0.733428069844329E-01  0.320693826877010E+00  0.944339082145086E+00  0.125937131082958E+00  0.495652164250940E-01  0.990799237149145E+00
-0.194210094320945E+00  0.492264752072779E+00  0.848503301779419E+00 -0.439494334839856E+00  0.517611292706588E+00  0.734113941637323E+00
 0.257203567596502E+00  0.379833143428083E+00  0.888579263751508E+00 -0.660410231554683E+00 -0.750539832544949E+00  0.234155038658078E-01
 0.315491300095029E+00  0.169836116405327E+00  0.933606412321972E+00 -0.804466787055020E+00 -0.207342782045905E+00 -0.556634673065591E+00
-0.146029853531147E+00  0.271986897012628E+00  0.951156353987668E+00 -0.254194825817048E+00  0.137301823613052E+00  0.957357404400452E+00
 0.258403316912487E+00 -0.135272757474102E+00  0.956519214074646E+00  0.668814663077235E+00 -0.385660467328735E+00  0.635572930821213E+00
 0.707464036582553E-01 -0.309358675222265E+00  0.948310158352292E+00  0.736275926840566E+00 -0.500125270881578E+00  0.455820658791036E+00
 0.351242372676942E+00  0.985430686302832E-01  0.931084345943588E+00  0.505127161378913E+00  0.386282141429322E+00  0.771772413377194E+00
 0.741027326830040E-02  0.123540325538098E+00  0.992311884346867E+00 -0.104563796603870E+00  0.718512329525269E-01  0.991919257179225E+00
 0.396703438932253E+00 -0.248659506753072E-01  0.917609974900195E+00 -0.587652746037741E+00 -0.130575313001437E-01 -0.809007880648049E+00
 0.197095171920500E+00 -0.100500999566133E+00  0.975219484163353E+00 -0.924869482081866E-01  0.639687311932865E-02 -0.995693348589530E+00
-0.133150218516395E+00  0.209787278608339E+00  0.968638383011505E+00  0.801477397111774E+00 -0.108532612023327E+00 -0.588094086049443E+00
 0.206118833487991E+00  0.166165296512282E+00  0.964315363725237E+00  0.395148880622989E+00  0.676043294987159E+00  0.621950822368862E+00
 0.135438703488143E-01  0.152462851609411E+00  0.988216394548836E+00 -0.402223449697592E+00  0.664680019045773E+00  0.629616366365012E+00
-0.131515471709183E+00  0.116007141817598E+00  0.984502932320886E+00 -0.456721840729492E+00 -0.101732203545623E+00 -0.883773567698433E+00
 0.691182107731545E-01  0.134162311295201E+00  0.988545976253734E+00  0.478564362453949E-02 -0.323706247653134E-01  0.999464476741121E+00
 0.320513350720562E+00 -0.464682254072606E+00  0.825434185601663E+00  0.327368473786798E+00 -0.906909584480964E+00  0.265226107212447E+00
-0.177290630384073E+00  0.111074258760678E+00  0.977870411362765E+00 -0.519518068259404E+00 -0.113707335894085E+00  0.846859857659983E+00
 0.202295358206611E+00 -0.321033254737534E+00  0.925210374671990E+00  0.423798012462468E+00 -0.467901782825646E+00  0.775540563904586E+00
 0.919006971241023E-01 -0.492844770118899E-01  0.994547787787881E+00 -0.542158246303276E+00  0.860104796830853E-01 -0.835862807732251E+00
 0.389596771481283E+00 -0.130268525373544E+00  0.911726092062942E+00 -0.459161856178018E+00  0.288580851201449E+00 -0.840173483365789E+00
-0.185079018981330E+00  0.122392092336603E-02  0.982722879936395E+00  0.177438424910265E+00  0.455901402626099E-01  0.983075350355302E+00
-0.236669777786341E+00 -0.157148496127911E-01  0.971463051167779E+00  0.467982283461746E+00  0.154566682264827E+00 -0.870115925092498E+00
 0.115679445194693E+00 -0.232650435863897E-01  0.993014100456973E+00 -0.772737851951133E+00  0.398788869072509E+00 -0.493805275453613E+00
 0.153684646090235E+00 -0.115074351824182E+00  0.981396414864230E+00  0.333848069939696E+00 -0.282755679979486E+00  0.899218934207281E+00
 0.173637357231737E+00  0.299156439815001E+00  0.938272611073558E+00  0.518070808031262E+00  0.458108235306214E+00  0.722315362297149E+00
 0.410119895523953E+00 -0.115564984423586E+00  0.904680278148362E+00 -0.929434090154087E+00  0.337261925360555E+00 -0.149688562560857E+00
-0.246612221574338E+00 -0.418787371986428E+00  0.873956262769980E+00 -0.488191850809882E+00 -0.736533073953108E+00  0.468174911519196E+00
 0.195731919783639E+00  0.149152165568091E+00  0.969248496044312E+00  0.200097781554907E+00  0.115827309469742E+00  0.972905397352592E+00
-0.628031827796169E-01  0.313454830411496E+00  0.947524052214217E+00  0.352737709770423E+00 -0.996104820492350E-01 -0.930405212781956E+00
 0.168999263570535E+00 -0.899659959755882E-01  0.981501588628738E+00 -0.829417120144566E+00  0.197359257142017E+00 -0.522605553387492E+00
 0.692013749930735E+00 -0.567367746662070E-01  0.719651240746014E+00  0.920073573110908E+00 -0.147386948815597E+00  0.362962404915104E+00
-0.705088570181439E-01 -0.475708625948422E+00  0.876772378830594E+00 -0.289695161154277E+00  0.781933619869904E+00 -0.551956998072265E+00
 0.676093850514016E-01 -0.144462112326721E+00  0.987197887535763E+00  0.976503511829978E+00 -0.531189570794486E-01 -0.208852263053366E+00
 0.189527831699072E+00 -0.721901559385026E-01  0.979217944278506E+00  0.350469340110932E+00 -0.522572919795524E+00  0.777231487485285E+00
 0.283039430970551E-02 -0.281682661976498E+00  0.959503448044813E+00  0.198824603598587E+00 -0.961134798244293E+00  0.191542884513537E+00
 0.154743001757394E+00 -0.215246888005400E+00  0.964221644960899E+00 -0.291851997562590E+00  0.844227751032937E+00 -0.449557466743235E+00
-0.160363990521964E+00  0.344134504067820E-01  0.986457857678153E+00 -0.539836398081095E+00 -0.165345758477929E+00  0.825371094393418E+00
 0.926686878795811E-01 -0.286894775159843E+00  0.953469402903239E+00 -0.179936079394661E+00  0.140261244893993E-01  0.983578301490983E+00
-0.123858748794533E+00 -0.315989474352056E+00  0.940643217402732E+00 -0.525923795012225E+00 -0.682272900375881E+00  0.507846287032428E+00
 0.570728109702970E-01 -0.150172853546907E+00  0.987011047711994E+00  0.350519456979461E-02  0.809154919861942E-02 -0.999961119465449E+00
-0.924863440477622E-01  0.329184263020975E+00  0.939725490313004E+00  0.535618660916475E+00 -0.368503841105707E+00 -0.759814167522811E+00
-0.320755853708211E+00 -0.193867322570325E+00  0.927109024630507E+00  0.762037590924677E+00  0.342619518373084E+00 -0.549463898402352E+00
 0.116714172117744E-01  0.151064030804876E+00  0.988455075669730E+00 -0.368516876067902E+00 -0.274230340822888E+00 -0.888252797476775E+00
 0.467707630563661E+00  0.694968333905580E-01  0.881146845004402E+00 -0.777854862315863E+00 -0.466236260633798E-01 -0.626712095514577E+00
-0.115025325728921E+00 -0.613122880269431E-01  0.991468596465797E+00 -0.783862519747782E-02 -0.997108622290505E+00  0.755840678248074E-01
-0.800298983300794E-01  0.132267373072973E+00  0.987978014630717E+00  0.273956597978691E+00 -0.237618176224034E+00 -0.931925632629507E+00
 0.339979367934705E+00 -0.118632583514530E+00  0.932920328595849E+00  0.356185477891923E+00  0.324519199886187E-01  0.933851582548295E+00
-0.130855642820185E+00  0.280289943107477E+00  0.950954440830329E+00  0.365288568872424E+00 -0.902690003004725E+00 -0.227409366400038E+00
 0.335772418102154E+00 -0.273589963767529E-01  0.941545733652428E+00 -0.958294013573048E+00  0.166468941621891E+00 -0.232294371488736E+00
 0.375362217904698E+00  0.188573553554724E-01  0.926686357684553E+00  0.358482935246988E+00  0.965347089720410E-01  0.928531655411051E+00
 0.364460462038634E+00  0.750936797455939E-01  0.928186140207260E+00 -0.734644751249697E+00 -0.147811297653334E+00 -0.662154747583455E+00
-0.271862916758412E-01  0.568166986129024E+00  0.822464091263550E+00 -0.288943822415146E+00 -0.748607610834951E+00 -0.596739568394883E+00
 0.214172910590824E-01 -0.128976452912186E+00  0.991416347574459E+00  0.824415576446547E-01  0.248466816538192E-01  0.996286119537915E+00
 0.313604860620722E+00  0.319995207172589E+00  0.894010659210296E+00 -0.390676640702699E+00 -0.662507582106419E+00 -0.639105207349119E+00
 0.732808282573797E-01  0.148158612147209E+00  0.986244871143331E+00 -0.777994567691817E+00 -0.590050105591257E+00 -0.215790003322139E+00
 0.152779305594239E+00  0.117870184326101E+00  0.981205943433423E+00 -0.421714776011857E+00 -0.584667834926255E+00 -0.693051347661856E+00
-0.172307905778091E+00  0.106942277063898E+00  0.979220779488853E+00 -0.404429320441637E+00 -0.909978111293765E+00 -0.915246509599860E-01
-0.413400913661438E+00  0.155783394259703E+00  0.897123859150348E+00  0.792911072866371E+00 -0.179324473745086E+00 -0.582352782806048E+00
 0.238735123359654E+00 -0.100280804689423E+00  0.965893007058904E+00 -0.725324188624908E+00  0.815022067369543E-01 -0.683565806409760E+00
 0.192557969972657E-01  0.299525767909214E+00  0.953893877032658E+00 -0.378121280667805E-01  0.613454179907267E+00  0.788824576268617E+00
-0.142695933853443E+00  0.430040481064309E+00  0.891461191027221E+00 -0.684861297459316E+00  0.680537538361326E+00  0.260448962607742E+00
-0.825180996080705E-01  0.305911337579519E+00  0.948477209413796E+00 -0.691339831803633E-01  0.595649129096839E+00  0.800264086021480E+00
-0.505948653430105E-01 -0.448215744133691E-01  0.997712977798740E+00 -0.973216933169826E+00 -0.429184049204357E-01  0.225846876247168E+00
-0.109558099197587E+00 -0.983343416838470E-01  0.989104332285435E+00  0.220533892235636E-01  0.646019265650934E-02 -0.999735922098728E+00
 0.651431614360086E-02  0.594710918770189E-01  0.998208772209570E+00  0.830494245720620E-01 -0.145078799473176E+00 -0.985928463440260E+00
-0.906679283964431E-01 -0.250862531326157E+00  0.963767252575501E+00 -0.201475403123260E+00  0.776503282566486E+00 -0.597034600420940E+00
-0.124671510843916E+00 -0.181706199240756E+00  0.975417793328261E+00 -0.786580074875185E+00  0.513035554240314E-01  0.615353338343266E+00
-0.264013438798587E+00  0.365481821567312E+00  0.892591699623957E+00 -0.555349866802804E+00  0.678219148280379E+00  0.481253895930147E+00
-0.283267220083922E-01  0.134704832483356E+00  0.990480794829405E+00  0.103529503577813E+00  0.154497414392576E-01 -0.994506383779607E+00
-0.236320816596200E+00 -0.305290404439184E+00  0.922469642102473E+00 -0.666811495901140E-01  0.509681449595842E+00 -0.857775287722386E+00
 0.419905967150080E+00 -0.175888262141848E+00  0.890360768448653E+00 -0.473172533127713E+00  0.858343249972225E+00 -0.198379986693775E+00
 0.288261721434062E+00 -0.288771109390602E+00  0.912971207835818E+00  0.683440470531813E-01 -0.720419592487179E+00  0.690162808323514E+00
 0.393906158635211E+00 -0.362301233441353E+00  0.844734132396771E+00  0.601490113986508E+00 -0.798499021740184E+00  0.246770147397720E-01
 0.228397895270437E+00 -0.161200995906718E+00  0.960129491451396E+00  0.474911102180585E+00 -0.632974794863767E-01  0.877754449784388E+00
-0.144668674684019E-01 -0.422981043240618E-01  0.999000290348428E+00 -0.730898159822669E+00 -0.662767058437956E+00 -0.162873282699575E+00
-0.268325037401024E+00 -0.238697400591412E+00  0.933287321918948E+00 -0.589268533075286E+00 -0.164590952343363E+00  0.790994572885305E+00
 0.321337212970990E-01  0.143733240137250E+00  0.989094626229082E+00  0.840342049886807E+00 -0.478221741530383E+00  0.255204241970400E+00
-0.520491036461761E-01  0.741631264851574E-01  0.995886901952012E+00  0.178061025697770E+00 -0.578199169282155E+00 -0.796228605218931E+00
 0.535282149384336E-01  0.322160424271248E+00  0.945170561982796E+00  0.100222951699768E+00 -0.238545624664763E+00  0.965945829177746E+00
-0.396313955580998E+00 -0.872342775287130E-01  0.913961393843190E+00 -0.693522241933517E+00 -0.426163632414473E+00  0.580871292414086E+00
 0.278437254277322E-01 -0.420653235173386E-01  0.998726807245949E+00  0.117715182173817E+00  0.671017634056971E-01 -0.990777719386963E+00
 0.496278468179686E+00  0.190340344907158E+00  0.847040869806085E+00  0.695629409073437E+00 -0.155375902657840E+00  0.701397215638473E+00
-0.997993246210177E-01 -0.294140292369406E+00  0.950537523304593E+00  0.600385492760385E+00 -0.104137382507830E+00 -0.792901422402109E+00
-0.715788288511072E-01 -0.182224236448067E+00  0.980648152453887E+00  0.582626391429569E+00  0.355678213940539E+00 -0.730780060030257E+00
 0.131272168226085E+00  0.511618871325474E-01  0.990025292179073E+00  0.139398508143828E+00  0.125097612029294E+00  0.982302724923352E+00
 0.119550297668303E+00 -0.192935977518615E+00  0.973901142265660E+00  0.311182534389644E+00 -0.877544215823551E-01  0.946289908951577E+00
 0.674150374010771E-01  0.140141601720807E+00  0.987833763443697E+00  0.168111702733416E+00 -0.128687756166668E-01  0.985683950370604E+00
 0.103836927932554E-01  0.218746576963563E+00  0.975726454489525E+00  0.357437844410220E+00  0.897466986890839E+00  0.258439924981520E+00
 0.618427460518351E-01  0.101740445498730E+00  0.992886880017300E+00  0.478992997278191E+00 -0.867875641821749E+00 -0.131748164658721E+00
 0.594677100904482E-01  0.843809227293142E-01  0.994657454270538E+00  0.161288743794962E+00  0.294223374936424E+00  0.942028952190995E+00
 0.371889768455640E+00 -0.203508627663989E+00  0.905694340594182E+00  0.376320290540437E+00 -0.272236635003537E+00  0.885590341800040E+00
 0.104969325989541E+00 -0.276676622109864E+00  0.955212796909242E+00  0.410755012381033E+00 -0.861798404362980E+00  0.297630358063958E+00
-0.947964919403578E-01  0.211481698644242E+00  0.972773928646501E+00 -0.102136843387997E-01  0.999473805806584E+00  0.307862332663367E-01
-0.417374574148178E+00  0.120148563601694E-02  0.908733746092272E+00 -0.495886905231086E+00  0.219203038343576E+00  0.840265556357799E+00
 0.261784553171744E-01  0.302836311830652E+00  0.952682978075086E+00 -0.190203409129581E+00 -0.281345419782275E+00 -0.940567604121586E+00
-0.291462374388638E+00  0.313504499612111E+00  0.903750304585674E+00 -0.521141447342617E+00  0.137943484129632E+00  0.842248886640891E+00
 0.170718973696891E+00 -0.335545162662141E+00  0.926425645064901E+00  0.533298379850123E+00 -0.836588660936659E+00  0.125348515912406E+00
-0.945629532612771E-02 -0.259538089913186E+00  0.965686573564591E+00  0.280429937297108E+00 -0.543351856673997E+00  0.791282383297177E+00
 0.154673494683588E+00  0.227881589446411E+00  0.961325174555282E+00 -0.700883689030393E+00 -0.529822022740695E+00 -0.477546519901575E+00
-0.207484450356813E-01 -0.628179956965434E-01  0.997809301141892E+00  0.136755234675857E+00 -0.201030773056042E+00 -0.969992079386858E+00
 0.497067950365699E+00 -0.155852809204219E+00  0.853600231128364E+00  0.718026420604512E+00  0.223612211517121E+00  0.659117317458960E+00
 0.235994484463104E+00 -0.223930989611652E+00  0.945601139590335E+00 -0.897488489032462E+00  0.420169540221176E+00 -0.134059574535180E+00
-0.175458225182965E+00 -0.116323052430105E+00  0.977590588482207E+00 -0.269656015392048E+00 -0.286246118296596E+00  0.919428514416980E+00
-0.619374779632357E-01  0.589346823252477E-01  0.996338522813795E+00  0.392826585322371E-01 -0.215670187812445E+00  0.975675787763325E+00
 0.948666754394428E-01  0.363146314112823E-01  0.994827402837563E+00  0.143957696610899E+00 -0.149497268104942E+00 -0.978226327807447E+00
-0.381826503964293E+00 -0.336196543872815E+00  0.860918349646690E+00 -0.547473107538823E+00 -0.422957055035631E+00  0.722066843247473E+00
 0.267516532127138E+00 -0.180103378280363E+00  0.946571538855183E+00  0.846423645739156E+00 -0.322697056927463E+00  0.423596059216784E+00
-0.136683299537965E+00  0.374532367238028E+00  0.917084064586499E+00 -0.359419486935969E+00  0.519686494466646E+00  0.775076499372581E+00
 0.254716185889178E+00  0.195221580260935E+00  0.947105167996930E+00  0.498065693187832E+00  0.521166148354821E+00  0.693048635435007E+00
 0.111947025619477E+00  0.136291212960621E-02  0.993713241295234E+00 -0.134432734301068E+00  0.501876153791361E+00  0.854428561205633E+00
-0.475931376601400E+00 -0.850721575340298E-01  0.875358242537763E+00  0.945302519676607E+00  0.103468128782657E+00 -0.309350113333217E+00
-0.128779176020726E+00  0.330378561822870E+00  0.935021887289958E+00 -0.141767385555438E-01  0.733411656692906E+00  0.679636933892571E+00
 0.207819016936429E+00  0.110097602711703E+00  0.971951528666277E+00 -0.261198656388256E+00 -0.113746850542404E+00 -0.958559813414194E+00
-0.140098736134921E+00 -0.180310591090213E+00  0.973581242051271E+00 -0.360386446728148E+00  0.153833110078858E+00  0.920030968640798E+00
 0.259981594899448E+00 -0.462115476793657E+00  0.847855445474823E+00 -0.151843249403024E+00 -0.832065853030231E+00  0.533488560169574E+00
-0.613604018042879E+00 -0.488519134620931E-01  0.788101262270735E+00 -0.763609345203004E+00  0.281366719997508E+00  0.581148463644604E+00
-0.231333521245409E+00 -0.522657238576578E+00  0.820557257546179E+00 -0.309586791420795E+00 -0.605031676814377E+00  0.733548013853872E+00
-0.347293112078203E+00  0.247891846148936E+00  0.904398765432544E+00  0.730114502955123E+00 -0.527283910217677E+00 -0.434631442259013E+00
-0.358291720941605E-01  0.370515382778669E-01  0.998670843640832E+00  0.173696238776754E+00 -0.284818395702788E+00 -0.942713157913954E+00
-0.148700287444356E+00  0.250725358730805E+00  0.956569401038563E+00 -0.196388204481583E+00  0.411756587568449E+00  0.889880995265371E+00
 0.326737835961708E+00 -0.236484681443320E+00  0.915050480571270E+00  0.325241531238213E+00 -0.820775965793853E+00  0.469621933402807E+00
-0.329381365748987E+00  0.119646993534598E+00  0.936585560872825E+00 -0.566064313754103E+00  0.368636167057542E+00  0.737345623863884E+00
-0.238567742531929E+00  0.106264826114522E+00  0.965294369067835E+00 -0.122751226833397E-01  0.103001733167464E+00  0.994605431479040E+00
 0.168270431044520E+00  0.946590382851600E-01  0.981185369085282E+00 -0.595030499458672E-01 -0.128654150254382E+00  0.989902771321236E+00
-0.678467135530434E-01  0.700767066818118E+00  0.710156561275880E+00 -0.359547412469669E-01 -0.860906630264418E+00 -0.507490916715391E+00
 0.258411378179531E+00 -0.302965512219614E-02  0.966030217341671E+00  0.978501166971116E+00 -0.205061530871975E+00  0.220280455920545E-01
-0.114008168295542E+00 -0.750928437875913E-01  0.990637775563696E+00  0.463877520750892E+00  0.136991652838799E+00 -0.875243356326970E+00
-0.321319332922766E+00  0.698027026863114E-01  0.944394763320803E+00  0.215503570401459E-04  0.567770823002314E-03  0.999999838585924E+00
-0.201802842429587E+00 -0.168451560365396E+00  0.964831428073217E+00  0.800621774723198E+00 -0.406522862076526E-01 -0.597789398923373E+00
 0.217732777315030E+00  0.110760052417679E-01  0.975945572145582E+00 -0.681374576216863E+00 -0.342655428208834E+00 -0.646773487709809E+00
-0.117633165121749E+00  0.268586497465007E+00  0.956045883753975E+00  0.287346881585009E+00 -0.454098085694091E+00 -0.843342574647060E+00
 0.172266167755250E+00  0.348070820105413E+00  0.921504786551901E+00 -0.222787247710794E+00  0.921787699625410E+00  0.317290527871135E+00
 0.419347425339148E-01 -0.135248290564214E+00  0.989923924990235E+00  0.318534372421458E+00  0.187971023592368E+00 -0.929087050752353E+00
 0.148279597086238E+00  0.570276417650716E-01  0.987299857775062E+00 -0.734557592184310E-01  0.176750377887209E+00  0.981510853406305E+00
 0.622954883751195E+00  0.718479358456977E-01  0.778951273781132E+00 -0.765824380135678E+00  0.775804209769271E-01 -0.638352799845702E+00
-0.547833629731878E+00  0.101389110068859E+00  0.830420714152917E+00 -0.893686566521012E+00  0.999544303825856E-01  0.437416772274197E+00
-0.135774489386513E+00 -0.264533908746759E+00  0.954770705015080E+00 -0.506152072511066E+00 -0.250077316825147E+00  0.825391673753914E+00
 0.107621843273029E+00  0.137122857235502E+00  0.984690236000179E+00  0.441367247854278E+00  0.719622935691374E+00  0.536038975213993E+00
-0.144998434499465E+00 -0.190781645744013E+00  0.970864469243730E+00  0.204076164766052E+00  0.223653128678518E+00  0.953064634223036E+00
-0.160005428628613E+00  0.280508705104587E+00  0.946421221850990E+00  0.371880840811049E+00 -0.556445589103215E+00 -0.743016114633622E+00
-0.132150431794210E-01  0.139747227295807E+00  0.990099022874429E+00 -0.384749365151746E+00  0.367051206214280E-01  0.922290984524675E+00
 0.105080346647601E+00  0.164672478343512E-01  0.994327385973645E+00 -0.791405013520931E-01 -0.150276336760908E+00  0.985471361154377E+00
 0.408456062277554E+00  0.372625298967395E+00  0.833255082047613E+00 -0.490983382313777E+00 -0.558281224546550E+00 -0.668773050152687E+00
 0.109977920100581E+00  0.662609290158128E-01  0.991722918146148E+00 -0.134657582197799E+00  0.254546696187122E+00  0.957639449384195E+00
 0.240182654105583E-01 -0.636912792768966E-01  0.997680582085639E+00 -0.137564601665351E+00 -0.419964954756177E-01  0.989602078987519E+00
-0.411424476748171E+00 -0.123321083628284E+00  0.903062461995425E+00  0.538694495621558E+00  0.286333602662606E+00 -0.792351757979553E+00
 0.103674645811208E+00  0.910488390156561E-01  0.990435094657808E+00 -0.499155678453017E-01  0.143469865963525E-03  0.998753430784134E+00
-0.235785466336358E+00 -0.255426827960500E+00  0.937636576410383E+00 -0.113442583363670E+00 -0.992352015966926E+00  0.486647376049100E-01
 0.128515137606815E+00 -0.459695171830246E+00  0.878728745633066E+00  0.258501317800604E+00  0.840573878139350E+00 -0.476038469123163E+00
 0.347260339676954E+00  0.128508370646637E+00  0.928921877856902E+00  0.801173470188389E+00  0.365646045062091E-01  0.597314071794395E+00
 0.660779269651261E-01 -0.131611773027245E-01  0.997727663733946E+00 -0.163998133059943E+00 -0.547567716850309E+00 -0.820532880399191E+00
-0.262830346495180E+00 -0.217327317416465E+00  0.940047363735353E+00  0.181329670387238E+00 -0.455903114153648E-01 -0.982365041184948E+00
-0.190332635316298E+00  0.269765125644582E+00  0.943928103681375E+00 -0.668672365563988E+00  0.727427866376686E+00  0.154032356177924E+00
 0.949159554903903E-03 -0.561380511762004E+00  0.827557260925170E+00  0.534524434706400E-01 -0.867217439651002E+00  0.495052268606234E+00
-0.323247742577509E+00  0.132722573694072E-01  0.946221297637537E+00  0.552329874077192E+00  0.545804529937982E+00 -0.630102472063911E+00
-0.418887998072078E+00 -0.506243027672752E-01  0.906625625625315E+00  0.645769249782136E+00  0.236087262387089E+00 -0.726116299620376E+00
 0.368701300159948E+00 -0.277599062944449E-01  0.929133326742125E+00 -0.116222532537126E+00  0.176259287098885E+00 -0.977458432181159E+00
 0.192021643947534E+00  0.163605159914997E+00  0.967657501342740E+00 -0.257278656230241E+00 -0.956878415600268E+00 -0.134875464064754E+00
-0.281867785139645E-01  0.714815026620402E-01  0.997043579937297E+00  0.307427338228969E-01  0.250269941612133E+00  0.967687883897775E+00
-0.232261157229614E+00 -0.216317657890663E+00  0.948293955336139E+00 -0.538596988458948E+00 -0.384822881994168E+00  0.749549620449944E+00
 0.208941075899906E+00  0.489763220235369E-01  0.976701052872800E+00 -0.879229514864941E+00  0.374717200523884E+00 -0.294181032396556E+00
 0.227479713411067E+00 -0.267817195572770E+00  0.936230169211586E+00 -0.883717169673952E+00  0.319523873462415E+00 -0.341977277477664E+00
 0.675313671245669E-01  0.450711726352363E+00  0.890111484131488E+00 -0.387529337854883E+00 -0.638650167953342E+00 -0.664790925987204E+00
 0.513734412708233E+00  0.138183089143372E+00  0.846748124930975E+00  0.959785350948970E+00  0.677097467656455E-01  0.272447188087333E+00
-0.223113787684808E+00 -0.102241702260941E-02  0.974791871328629E+00 -0.753965589449878E+00 -0.144184896472595E+00  0.640895159565654E+00
-0.357928918625317E+00 -0.142451557993269E-01  0.933640168773797E+00 -0.699147895612515E+00  0.358908002838317E+00  0.618366610967315E+00
-0.611578607952700E-01  0.810087527250530E-01  0.994835312021481E+00  0.341915949323990E+00 -0.855338633223022E+00 -0.389216271646045E+00
 0.377428746754676E+00  0.139825460263594E+00  0.915421423053486E+00  0.631100686676644E+00  0.774759223234485E+00 -0.382108530311158E-01
 0.815147291575783E-01  0.546882013278634E-01  0.995170613294972E+00  0.992179717982184E+00 -0.103709099240531E+00  0.694537973008850E-01
-0.885768837819612E-01 -0.319121833958033E+00  0.943565255162958E+00  0.429370513729746E+00 -0.593637094307794E+00  0.680614400524448E+00
 0.128888464240641E-01  0.146386412080887E+00  0.989143516379671E+00 -0.773653903253404E+00 -0.625228116236596E+00  0.102710470001891E+00
 0.131598679603544E+00 -0.187764658534361E+00  0.973358217991752E+00 -0.134115662570947E+00  0.790104287897684E+00 -0.598120559167506E+00
 0.178261693882921E+00  0.274510853395001E+00  0.944916165520698E+00 -0.352887826405080E+00 -0.558778517022078E+00 -0.750491006534859E+00
 0.272307174498440E+00  0.136520215557564E-01  0.962113519821916E+00 -0.641698699508424E-01  0.415835104133773E+00  0.907173298747569E+00
 0.277053745891633E+00  0.135597003029998E+00  0.951238495150768E+00 -0.229055906343491E+00 -0.153382070289402E+00 -0.961253001182779E+00
 0.185894046701796E+00  0.173438292376942E+00  0.967141438538439E+00  0.303201467506010E+00  0.199539793986536E-01 -0.952717538837383E+00
-0.121464393163672E+00 -0.491743514785203E-02  0.992583608581639E+00  0.579846472683255E+00 -0.599106916550471E-02 -0.814703734622004E+00
 0.303552700881692E+00 -0.171337538971961E+00  0.937282884473232E+00  0.706153701780503E+00 -0.283605672184278E+00  0.648779448014960E+00
-0.419793809949881E+00 -0.356423457003026E+00  0.834706820641700E+00  0.743179777177669E+00  0.408411354242866E+00 -0.529984890840917E+00
 0.458700256529623E+00  0.228702612134021E+00  0.858655454686415E+00  0.792199807227892E+00  0.417596719576205E+00  0.445008365345287E+00
 0.156254140032706E+00  0.128943294803313E+00  0.979264147433115E+00 -0.594211435742795E+00 -0.634982725884561E+00 -0.493669633926069E+00
 0.325317111019277E+00  0.180692361493360E-03  0.945604962248159E+00  0.366022539271024E+00 -0.232626596779803E+00  0.901061799887354E+00
-0.404490648257718E+00  0.182914750969592E+00  0.896063340032268E+00  0.710260372490550E+00  0.700195729078873E-01 -0.700448044239815E+00
 0.101667193931071E+00  0.426664901953906E+00  0.898677274175132E+00  0.193437942309467E+00  0.746857204993121E+00  0.636228007733818E+00
 0.534214001876846E-01  0.234297573501762E-01  0.998297150387849E+00 -0.766526454306555E-02 -0.326593998184187E+00 -0.945133643496808E+00
 0.200263921804756E+00  0.419564730298039E+00  0.885358570700771E+00  0.298686015816387E+00  0.933263755002882E+00  0.199512975902955E+00
 0.718898764744804E-01  0.415040580608411E+00  0.906958192040138E+00 -0.403787353196994E+00 -0.551211971601129E+00 -0.730151447140771E+00
-0.237776047347826E-01 -0.343863670142682E+00  0.938718489148414E+00  0.120394383153398E+00 -0.869368909814713E-02  0.992688074006623E+00
 0.174575448618155E+00 -0.212388870209105E+00  0.961464705827037E+00  0.848877567256923E-01 -0.677179560858055E-01  0.994086689973083E+00
 0.192188783466606E+00  0.283285709766299E+00  0.939581118452170E+00 -0.695368629604434E+00 -0.244142246755531E+00 -0.675912000419591E+00
 0.423973006692130E+00 -0.349806762967935E+00  0.835393391270442E+00 -0.687864733690857E+00  0.397376065274841E+00 -0.607399679692945E+00
-0.121427370059489E-01  0.253928199460121E+00  0.967146846893968E+00  0.463917214220131E-01  0.297206345431682E+00  0.953685585724481E+00
-0.179505747940011E+00 -0.899475145002982E-01  0.979636223856446E+00  0.370215824705747E+00  0.963425916631551E-01 -0.923936333395906E+00
-0.822520567195979E-01 -0.176666293054907E+00  0.980828027772266E+00  0.214716739868756E+00  0.750355939086994E+00 -0.625190120121078E+00
 0.267833274167253E+00  0.107704663160223E+00  0.957426259710058E+00  0.594839948837714E+00  0.317534216928768E+00  0.738469671920371E+00
 0.685686742137381E-01 -0.254895595818689E+00  0.964534381009203E+00 -0.441472240453114E+00  0.583153443866243E+00 -0.681934250361608E+00
 0.251519211412065E+00 -0.380691503988457E+00  0.889838224106865E+00 -0.492815118379447E+00  0.212522467847361E+00 -0.843781642225475E+00
-0.198773214267396E+00 -0.437603930241240E+00  0.876921894770126E+00  0.394476571894567E+00  0.860993566976004E+00 -0.321058112889624E+00
 0.141008395707963E+00  0.420448601577804E+00  0.896292143093498E+00 -0.346904119848871E-01  0.763464110744961E+00  0.644917922623279E+00
 0.105788494251544E+00 -0.270226383101190E+00  0.956967343413577E+00  0.160416091197444E-01 -0.350689036685066E+00  0.936354562292378E+00
-0.177361016918443E-01 -0.127752312240377E+00  0.991647506634295E+00 -0.162844584569666E+00  0.678386256312187E+00 -0.716431244798179E+00
 0.215453829201460E+00 -0.778397743585602E-01  0.973406706885789E+00  0.351300835701968E+00  0.275581667139981E+00  0.894786269212625E+00
-0.201056323483754E+00  0.870472919234179E-02  0.979541006021128E+00 -0.473572246991930E+00 -0.354836007404082E+00  0.806114591561612E+00
 0.398152467150842E+00  0.136746654601874E+00  0.907069438001796E+00 -0.354859812222797E+00  0.226082539998529E+00 -0.907172088843685E+00
 0.111251163357803E+00  0.123567654734774E+00  0.986080226632135E+00 -0.219560781037897E+00  0.164663268309864E+00  0.961602345826768E+00
-0.483310215205663E-01  0.455620631930960E+00  0.888861042074413E+00 -0.113924581780469E+00  0.750595376504953E+00  0.650866937580588E+00
 0.212482614617915E+00 -0.399708826886177E-01  0.976347001338268E+00  0.269023836218524E+00 -0.227801816064319E+00  0.935805806855283E+00
 0.213180513011940E+00 -0.209918275607385E+00  0.954195151128944E+00  0.155954756968556E+00 -0.607076285012876E+00  0.779189641841987E+00
 0.876813849691301E-01 -0.308029464091260E+00  0.947327727864833E+00  0.611521708365329E+00 -0.518358320740181E+00  0.597784117819609E+00
-0.201761606582049E+00 -0.313489707508424E+00  0.927909724809323E+00  0.600093137982176E+00 -0.136710309693090E-01 -0.799813308628296E+00
-0.641836447612111E+00 -0.171472688655409E+00  0.747424304904484E+00 -0.539680469128311E+00 -0.141153083948376E+00  0.829952286660691E+00
 0.382100434700436E+00  0.338613255920819E+00  0.859849010417782E+00 -0.766558805533276E+00 -0.591975350216265E+00 -0.248903158669646E+00
-0.231955747517483E-01 -0.198819369563374E+00  0.979761615699635E+00  0.132938411581056E+00  0.207782358885222E+00  0.969099515046003E+00
 0.211018659772415E+00 -0.210244446473117E+00  0.954603791085635E+00  0.622719927153364E-01  0.105007080680752E+00  0.992519879866478E+00
 0.126543160344922E+00  0.528704467428414E+00  0.839320209866983E+00 -0.377323787774102E+00 -0.781760712825549E+00 -0.496464446926760E+00
-0.879045262272213E-01  0.156229298386695E+00  0.983801403025208E+00  0.101169618517087E+00 -0.308955387228567E-01  0.994389347276072E+00
 0.218579577900970E+00  0.101492703423958E+00  0.970526763812482E+00  0.123964528448184E+00 -0.396354384558147E+00 -0.909690055748744E+00
-0.195614216923906E+00  0.405384224952037E+00  0.892971840707916E+00  0.503981010572170E+00 -0.560037794490945E+00 -0.657541488975694E+00
 0.477446691174198E-01  0.415070709690712E+00  0.908535498771356E+00  0.367672451262825E+00 -0.476617013199274E+00 -0.798531897491508E+00
-0.661994995202481E-01 -0.959084501159255E-01  0.993186385055509E+00 -0.324269336000049E+00  0.572121762617498E+00  0.753343272664948E+00
 0.748239498372587E-01 -0.203977000678083E+00  0.976112063097841E+00 -0.267551431354569E+00 -0.915950478668027E+00  0.299083520455295E+00
 0.386003382213069E+00  0.377937277174774E-02  0.922489623389620E+00  0.747850902376203E+00  0.524617129376532E+00  0.406811867304562E+00
 0.539209886044925E-01  0.311321698176901E+00  0.948773591133398E+00  0.442685729531982E+00  0.625426936304825E+00  0.642549991995251E+00
-0.239089670151940E+00  0.219437376705893E+00  0.945877036052294E+00 -0.870680500264439E+00  0.102456802654203E+00  0.481059320717460E+00
-0.136471067530027E-01  0.286321574545075E-01  0.999496851439149E+00  0.500864888169958E-01 -0.155302109708094E+00 -0.986596471896287E+00
 0.248449336127650E-01 -0.185871918569511E+00  0.982259822634045E+00  0.208433485920296E+00 -0.379272590493029E+00  0.901503069350194E+00
-0.213551765466020E+00 -0.268744876165925E+00  0.939240030557103E+00  0.279306908558159E+00  0.648868023241708E+00 -0.707783822396417E+00
 0.474478175069153E+00  0.333962838649610E-01  0.879633531424910E+00 -0.888952001993090E+00  0.270099428780189E+00 -0.369879219104145E+00
 0.542057839114473E-01  0.209362978843094E+00  0.976334407915900E+00  0.390734190005597E+00  0.216356337612579E+00  0.894716004068074E+00
-0.560293528914929E-02 -0.355709800018381E-01  0.999351445937741E+00 -0.538048885698525E+00  0.821919820183723E+00 -0.186952415838178E+00
 0.272131906369535E-01 -0.374255924171805E+00  0.926926073361660E+00  0.353996173920246E+00 -0.770290102297049E+00  0.530414806687208E+00
 0.246604292132041E+00 -0.539687880103483E-01  0.967612367129911E+00  0.502929987871797E+00 -0.193851999728099E+00  0.842308037181583E+00
 0.530655228283875E-01  0.236605703495111E+00  0.970155550084899E+00  0.496245824753570E-01  0.304800409303490E+00  0.951122553250932E+00
-0.208344058942036E-01  0.477047740998969E+00  0.878630400304255E+00  0.268520495973605E+00 -0.687388626398986E+00 -0.674828585301041E+00
-0.297258171365274E+00 -0.266275035296419E+00  0.916916127644434E+00  0.672782219614675E+00  0.696011393051276E+00 -0.250862962019453E+00
-0.269607765978753E+00  0.227956879773278E+00  0.935599975143211E+00  0.959885166790629E+00 -0.255050093374489E+00 -0.116489984311921E+00
 0.393342975593666E-01 -0.587072551965313E-01  0.997500010637995E+00  0.294571710083287E+00 -0.875288923961557E-01  0.951612421427185E+00
-0.166483293943843E+00 -0.317183263904314E+00  0.933637022582446E+00  0.614675554951116E+00  0.788443728713041E+00  0.230314740868454E-01
-0.108328932076258E+00 -0.157594671797867E+00  0.981544070277102E+00 -0.209253618834037E+00  0.271631874343569E+00  0.939376946622312E+00
-0.644965535531443E-01 -0.248912256267981E+00  0.966376160332688E+00  0.630817211823748E+00 -0.593533131219282E+00  0.499788022477478E+00
-0.262059048155843E-01  0.303572002102738E+00  0.952448051125169E+00  0.134489929691582E+00 -0.529844817963838E+00 -0.837363079964970E+00
 0.134205546257992E+00 -0.315889899234591E+00  0.939256324394547E+00  0.106898925196550E+00 -0.370625514629690E+00  0.922610073485706E+00
-0.125285738912165E+00 -0.131145519452860E+00  0.983414630942957E+00  0.206606078929046E+00 -0.176129977064846E+00  0.962440730293924E+00
 0.189592508932506E+00  0.232579720075879E+00  0.953918945385877E+00 -0.458330424308270E+00  0.732518611131563E+00  0.503338560512988E+00
 0.852581641303687E-01  0.457121379301754E-01  0.995309723601137E+00  0.521661499631852E+00  0.782774210082301E+00  0.339313742474242E+00
 0.161968345812368E+00 -0.158498121793576E+00  0.973983880946042E+00 -0.344926234471896E+00  0.568043142837677E+00 -0.747230139012160E+00
 0.124401225550876E-01  0.124807340197217E+00  0.992103004321482E+00  0.958896247291366E+00 -0.236171872613112E+00  0.157292191532037E+00
 0.298942792452441E+00  0.415434890508836E+00  0.859096652646633E+00  0.804615785190938E+00  0.561962255544920E+00  0.191812047495555E+00
 0.207155328330974E+00 -0.760165429833704E-01  0.975350273049095E+00 -0.545199677104621E+00 -0.349405125112806E+00 -0.762019271823175E+00
 0.390685110699959E+00 -0.582158250635860E-01  0.918681697863589E+00  0.755851603797771E+00  0.453584856118325E-01  0.653169932574470E+00
 0.144660723266203E+00  0.163267984377477E+00  0.975918459924504E+00 -0.798433550208654E+00 -0.258097824169939E+00 -0.543957148183520E+00
 0.783984861448114E-01  0.863824221531589E-01  0.993172570358825E+00  0.329143721741177E+00  0.197934900371299E+00 -0.923301784712545E+00
 0.301257724684814E+00  0.652772658748875E-01  0.951305766763572E+00  0.690450934717966E+00 -0.346322188378283E+00  0.635089323311267E+00
 0.256770504615940E+00 -0.194565948191292E+00  0.946685269645461E+00 -0.540091744126745E+00  0.835043134270808E+00  0.104899341434138E+00
 0.269155566454501E+00  0.280327326294010E+00  0.921396695880449E+00 -0.735559057911977E+00 -0.423847840164902E-01 -0.676133420566917E+00
-0.753180351581455E-01 -0.209232644754002E+00  0.974960970474799E+00  0.216709348638419E+00  0.970723496082178E+00  0.103599963159776E+00
 0.203104633654669E+00 -0.319498517559913E+00  0.925564263066061E+00 -0.955734816857453E+00  0.431548196716996E-01 -0.291047455555883E+00
-0.320224683504761E+00 -0.545349387539362E-01  0.945770634207565E+00 -0.756379781205189E+00 -0.370825690303320E-01  0.653080783408990E+00
-0.125474548671010E+00  0.218929189609987E+00  0.967639471896698E+00  0.436652616335464E+00 -0.771940984085911E+00 -0.461997413126816E+00
-0.191248525039508E+00 -0.353126552956483E+00  0.915819654335549E+00 -0.212602809454343E+00 -0.597344949322762E+00  0.773291055767947E+00
-0.452547297461305E+00  0.384639952311163E+00  0.804520385476052E+00  0.171354198067570E+00 -0.162948992436854E+00 -0.971640553223482E+00
-0.145724952678205E+00  0.762031401890863E-01  0.986385989150423E+00 -0.164318979128031E+00  0.120214199166144E+00  0.979054553851400E+00
-0.197238167194893E+00 -0.194790154704416E+00  0.960808982593226E+00  0.386757026893467E+00 -0.212254316643173E-01 -0.921937353185773E+00
-0.310751628237380E+00  0.153273777374170E-01  0.950367558915766E+00 -0.389589635399086E+00 -0.821567031012618E-01  0.917316843912254E+00
-0.860986029058547E-01  0.590736516204947E+00  0.802257688651036E+00 -0.172599527520509E+00  0.939436003330949E+00  0.296090186843925E+00
 0.358710183403846E+00  0.955993541603403E-02  0.933400027832237E+00  0.836956992711375E+00 -0.279517407838083E+00  0.470502934174709E+00
 0.240613312582059E+00 -0.264955519454924E-01  0.970259356839908E+00 -0.801220473948104E+00 -0.386642601433719E+00 -0.456676308650823E+00
 0.266681283216671E+00 -0.296262712851724E+00  0.917120220121466E+00 -0.915960838120140E+00 -0.117710767808346E+00 -0.383614283065974E+00
-0.251425369096668E+00 -0.271716763608356E+00  0.928953865457701E+00 -0.946331219721167E+00 -0.319665875441963E+00  0.476544925371336E-01
 0.108963743375094E+00  0.369610424215330E+00  0.922775724074410E+00 -0.126672248934991E+00 -0.267303800842808E+00 -0.955250134469888E+00
-0.210984379163328E+00 -0.188053003065180E+00  0.959229722114172E+00 -0.337487673507909E+00 -0.555804273358790E+00  0.759726055855877E+00
-0.263028845204590E+00  0.203692030544837E+00  0.943040499280313E+00  0.300733234906174E+00 -0.949042644728197E+00  0.942209101536209E-01
-0.377291711722835E+00 -0.936804972104373E-01  0.921344088116735E+00 -0.163207598726081E+00 -0.725775940424118E-01  0.983918580249952E+00
-0.926658979379713E-01 -0.248495456466030E+00  0.964190354377749E+00 -0.755405054656553E+00 -0.221080767214348E+00  0.616835875875622E+00
 0.823353531327281E-01 -0.139572428618747E+00  0.986782867095884E+00  0.727633188920585E+00  0.425485053760473E+00  0.538063575618818E+00
-0.655605232737750E-02 -0.241247619661625E+00  0.970441448097453E+00  0.251727932401326E-01  0.169306449431625E-01  0.999539735949651E+00
 0.427692305609656E+00 -0.322203519582509E-01  0.903349954691969E+00  0.845067900959792E+00 -0.101395035494278E+00  0.524956464427789E+00
-0.143783232005657E+00  0.420864507042936E+00  0.895655876386413E+00  0.182414707025709E+00 -0.912268796824744E+00 -0.366729487498153E+00
 0.557774796279378E-02  0.125008008861137E+00  0.992140053847358E+00  0.881457458847299E+00  0.222720483591013E+00 -0.416447276892823E+00
 0.990540478884085E-01  0.147923003797689E+00  0.984025955218860E+00 -0.436550345265299E+00 -0.868711521369334E+00 -0.234017282885102E+00
 0.155116530908276E+00 -0.426026903567789E+00  0.891313603214617E+00 -0.108634532367726E+00 -0.458793037147193E+00  0.881877251913496E+00
 0.519719701470608E-01 -0.175314186725233E+00  0.983139791815947E+00 -0.116217753590344E+00 -0.765720602972237E+00 -0.632586272325165E+00
-0.733969964526578E-01  0.245258090486322E+00  0.966675410860715E+00  0.357128688746655E+00 -0.700215029892518E-01  0.931426910064993E+00
-0.130017040956223E+00  0.704926488770337E+00  0.697261941088793E+00  0.440445939305341E-01  0.937154297460144E+00  0.346124105629005E+00
 0.807513834492520E-01  0.339398302121006E+00  0.937170212175147E+00 -0.394830608374441E+00 -0.703147420273844E+00 -0.591348032932306E+00
-0.129470379031187E+00  0.779591567128935E-01  0.988513930523053E+00 -0.112179440324764E+00  0.844355258152496E-01  0.990094144588647E+00
-0.284372648756955E+00  0.183737234831448E+00  0.940942519591631E+00  0.825573826985229E+00 -0.438100321574057E+00  0.355662711615472E+00
-0.637594192007065E-01  0.116690108196791E+00  0.991119647223386E+00 -0.105470595153927E-01  0.308704302144089E-01 -0.999467746390025E+00
-0.144280592829633E-01  0.574024141885542E+00  0.818711252907821E+00  0.158269016023469E+00  0.897555949724049E+00  0.411514563146827E+00
 0.175360083831409E+00  0.221023609454503E+00  0.959373444005172E+00  0.603348527456226E+00  0.730708355083977E+00  0.319430515491039E+00
 0.238488652915498E-01  0.347376774399290E+00  0.937422321172400E+00  0.480607887336137E+00 -0.508731032531482E+00 -0.714289013754060E+00
 0.242783392965996E+00 -0.155275091942369E+00  0.957572905799975E+00 -0.394989601118792E+00  0.916353615803233E+00 -0.654160975017465E-01
 0.237357585201220E+00  0.419781505672282E-01  0.970514920865414E+00  0.711292523120021E-01  0.371073162015361E+00 -0.925875444051443E+00
 0.222200422898218E+00 -0.146334819121259E+00  0.963956997368971E+00  0.121797560477779E+00 -0.495270272728332E+00  0.860158538417927E+00
 0.172703306293157E+00  0.307608468200911E+00  0.935708607573159E+00  0.583473710659019E+00  0.800499929711338E+00  0.136960912314200E+00
 0.271744485617326E+00 -0.246169925437487E+00  0.930352246381271E+00 -0.354844402030337E-01  0.693259910237790E+00 -0.719813553193164E+00
 0.308196785283185E+00 -0.770523931580543E-02  0.951291422660899E+00 -0.419672289157229E+00  0.467568910799160E+00 -0.777981030210646E+00
 0.397887150889455E+00 -0.295184930342204E+00  0.868649337797445E+00 -0.317118760648183E+00  0.906147781018878E+00 -0.279878349644134E+00
-0.289352392382638E+00  0.344867570445665E+00  0.892939836650459E+00 -0.757504639094792E+00  0.143992176351491E+00  0.636751894303763E+00
 0.277602203835782E-01  0.407117106842407E+00  0.912954013891457E+00  0.378267386179312E+00  0.756111440716351E+00  0.534049879478420E+00
 0.130365569318951E+00  0.708313051676627E-01  0.988932628920894E+00  0.420431874579919E-01 -0.111903356919014E+00  0.992829295044535E+00
 0.592202907901859E-02  0.144668713134178E-01  0.999877812138057E+00  0.107248281096576E+00 -0.746211488940079E-01 -0.991428005626010E+00
-0.371380733025855E+00  0.344660160811149E+00  0.862140200133836E+00 -0.508102478702201E+00  0.723909878695326E+00  0.466675860382769E+00
-0.801267774897442E-02  0.711827527023325E-01  0.997431106750240E+00  0.166051617805610E+00 -0.151478730917480E-01 -0.986000711036729E+00
-0.330528272681273E+00 -0.342479003006183E+00  0.879465288375968E+00 -0.597095401287621E+00 -0.762274550689148E+00  0.249829123868360E+00
-0.117696030405637E-01 -0.391151600375481E+00  0.920250999438722E+00  0.363592301428042E-02 -0.221793383791913E+00  0.975086906367821E+00
 0.564369786492946E-01  0.101407638834142E+00  0.993242849572562E+00  0.599439914900754E-01 -0.821606461424575E-01  0.994814729539974E+00
 0.176992769336737E+00 -0.290817948158000E+00  0.940265111886899E+00 -0.368802579288775E+00  0.578734840572084E+00 -0.727358674807657E+00
 0.261140579080335E+00  0.231670623288254E+00  0.937088213703928E+00 -0.374541356065099E+00 -0.163515168373876E+00 -0.912678235912624E+00
-0.257888867929858E+00  0.208807530701224E+00  0.943341267474456E+00 -0.428271019948112E+00  0.792444260147102E+00  0.434299468146710E+00
-0.174429150261456E+00 -0.117163564731894E+00  0.977674368406159E+00  0.602091335079893E+00 -0.263824978404083E+00 -0.753579727030788E+00
-0.314715049138610E+00 -0.677391308684128E-02  0.949162026182661E+00 -0.163570636833046E+00  0.374686320543793E-01 -0.985819835658628E+00
-0.589890891266061E-01 -0.122542782831305E+00  0.990708611923795E+00 -0.210584702603980E-01  0.110588467057330E-01  0.999717081348434E+00
 0.223238568422629E+00 -0.294743714583592E+00  0.929134373641445E+00 -0.845160059019705E-01 -0.978968891382822E+00 -0.185679709314364E+00
 0.127990551960023E+00  0.141612300289995E-01  0.991674280282107E+00 -0.536752031320125E+00  0.787276896297011E+00 -0.303467206516067E+00
 0.363303419255254E+00  0.169082727121125E+00  0.916199572662378E+00  0.322307657050073E+00  0.945204747082202E+00  0.520169232093041E-01
 0.247637026126801E+00 -0.499867470501254E-01  0.967562519122367E+00 -0.235462537618421E+00  0.255636956110330E+00 -0.937660460960650E+00
-0.314860455387127E+00 -0.392002982369037E+00  0.864405318960493E+00 -0.360359726371748E+00 -0.931350468998676E+00  0.522223276503955E-01
-0.125039715768821E+00  0.515096810092714E-02  0.992138365858349E+00  0.637062008028115E-01 -0.148794909332976E+00 -0.986813860328210E+00
-0.849147995038337E-01 -0.121761310471654E+00  0.988920451855178E+00  0.900257516673428E+00 -0.123574023713514E+00 -0.417451631133770E+00
-0.208933914162333E+00 -0.235097193594197E+00  0.949250193087649E+00 -0.208656977611563E+00 -0.378909192527596E+00  0.901604175629246E+00
-0.879220826351509E-01 -0.292446876866314E+00  0.952231343527526E+00 -0.167670059343492E+00 -0.469633773278832E+00  0.866793441481670E+00
-0.132699708006704E+00  0.222016538028776E+00  0.965970726438774E+00  0.544529355146272E-01 -0.435840339794825E+00 -0.898375242324371E+00
 0.440369339551940E+00  0.439598666682260E+00  0.782833224278177E+00 -0.763796775211769E+00 -0.639758787948990E+00  0.855755772293758E-01
 0.226666006861679E+00  0.138735017704430E+00  0.964041034497979E+00  0.283597374019855E+00  0.799178756709607E+00  0.529986645372436E+00
 0.666632647292408E+00  0.235425398704311E+00  0.707231076246535E+00  0.693845365270868E+00  0.302981497935221E+00  0.653284640108020E+00
 0.120129568075038E+00  0.210939646738269E+00  0.970089352744395E+00  0.382705911303736E+00 -0.325045114119031E-01  0.923298241193522E+00
 0.222572356100245E+00  0.167546607664088E+00  0.960411203891459E+00  0.275766719892781E+00  0.321530496112418E+00  0.905853661619403E+00
 0.195592092518217E-02 -0.400441980916604E+00  0.916320028315938E+00 -0.552748289966778E+00 -0.831226606239320E+00  0.594277462021345E-01
-0.307906568324245E+00 -0.155576453575275E+00  0.938610415601557E+00  0.211112275875574E+00 -0.973078119703662E+00 -0.924693458861913E-01
 0.566822882684917E-01 -0.261011085221479E+00  0.963670240065632E+00 -0.894365154984273E-01 -0.520185166047901E+00  0.849357700100033E+00
-0.183682615710388E+00 -0.922250961790776E-01  0.978649696428988E+00  0.615987682887431E-01  0.992744955564853E+00 -0.103262020829774E+00
-0.120329188987113E+00 -0.114322022842644E+00  0.986129485093550E+00  0.215884007337866E+00  0.854533887860360E-01 -0.972672511033764E+00
 0.294064481418413E+00 -0.426418759689676E+00  0.855390625476360E+00  0.748955229975650E+00 -0.661019543564305E+00  0.460350574905687E-01
 0.116614579986320E+00 -0.368620762873347E+00  0.922236289089345E+00 -0.489255315892100E-01  0.963486042385901E+00 -0.263250714122996E+00
-0.293766417689633E+00 -0.223896228278060E+00  0.929285623907235E+00 -0.784317260846083E-01 -0.611871463691239E+00  0.787058940781267E+00
-0.114792985342047E+00 -0.593257468993723E+00  0.796786135672190E+00 -0.242365690162969E-01  0.743749744752920E+00 -0.668018641882309E+00
-0.690422230648945E-01  0.801918389916145E-01  0.994385458659468E+00  0.829728881934752E+00 -0.552456300429410E+00  0.796367917432386E-01
 0.191050294299512E+00  0.162502261626673E+00  0.968035536545165E+00 -0.287783850176573E+00 -0.575016356776919E-01 -0.955967581810146E+00
 0.436890837563407E-01 -0.277379777223976E+00  0.959766494074318E+00 -0.314770032041668E-01  0.537300896853450E+00 -0.842803028298880E+00
 0.254909249609884E+00  0.486562373135275E+00  0.835630499390907E+00 -0.388598733313235E+00 -0.841889474234233E+00 -0.374450447510691E+00
 0.391191926047485E-01 -0.747284403174911E-01  0.996436324597647E+00 -0.568225296194392E-01 -0.159251952470372E+00  0.985601347280949E+00
 0.236691020628625E+00  0.161245132285499E+00  0.958111354732847E+00  0.226915080610542E+00 -0.143476004896281E+00  0.963288213470150E+00
-0.172113355879789E+00  0.117062557493564E+00  0.978096800097446E+00 -0.709543436577680E+00  0.643469457230127E+00  0.287219722897820E+00
 0.389889084752686E+00 -0.107872925003957E+00  0.914521696649021E+00 -0.639772707639482E+00  0.444404688946976E+00 -0.627052912441675E+00
-0.148617232336843E+00 -0.653485399266505E-01  0.986733239828269E+00 -0.181413217724808E-01 -0.997654074187913E+00 -0.660093985778205E-01
-0.129718819480571E-01 -0.337449709929756E-01  0.999346289937281E+00  0.217997016115247E+00  0.448278817127261E+00 -0.866904494785805E+00
 0.646963154912095E+00  0.256636960078172E+00  0.718036313084528E+00  0.773582613443457E+00  0.162015707892801E+00  0.612634353080193E+00
-0.221449164860181E+00 -0.909517392406162E-01  0.970921237027925E+00  0.524402472452266E+00 -0.576492603491505E-01 -0.849516691811966E+00
 0.385310551345266E+00  0.617241078184411E-01  0.920720323190503E+00  0.556281993491269E+00 -0.235105788202923E+00  0.797041788158477E+00
 0.383357735172861E+00 -0.134117255561202E+00  0.913810378932011E+00  0.655388321859952E+00  0.721685156626215E+00  0.222792913430818E+00
-0.663346310500711E-01 -0.316714025282868E+00  0.946198680464401E+00  0.238191142995111E+00  0.774670102608010E+00 -0.585791098877388E+00
-0.279995162494705E+00  0.149312673335120E+00  0.948318741015426E+00 -0.686641712307398E+00  0.424149936150495E+00  0.590440505540648E+00
 0.596399389852080E-01 -0.145248469905927E+00  0.987596050856740E+00  0.414934295851114E-01  0.408585104228649E+00 -0.911776566875750E+00
-0.150042900377741E+00 -0.102540843303269E+00  0.983347600546668E+00  0.150875836748372E+00  0.956425998098782E+00 -0.249971582477343E+00
-0.137508349045738E-01 -0.768853861849611E-02  0.999875892755365E+00 -0.779287350523366E-01 -0.124300677102758E+00 -0.989179687379871E+00
-0.386202636005370E+00 -0.184669164087386E+00  0.903739356107595E+00  0.977944659494362E+00  0.896085371539554E-02 -0.208671862183545E+00
-0.107859569715746E+00 -0.750245586774321E-01  0.991331240714218E+00 -0.331413820786953E-01  0.474441234752637E-01  0.998323947394621E+00
-0.282307231128724E+00 -0.457147301502725E+00  0.843397280041387E+00 -0.763597543174687E+00 -0.594797340128973E+00  0.251266623794487E+00
 0.245795045703454E+00 -0.119057371037395E+00  0.961982399999762E+00  0.730100769116293E+00  0.117524731814629E-01  0.683238425668461E+00
 0.820705309141152E-01 -0.191506659067372E-01  0.996442512115377E+00  0.792796421261722E-01 -0.749435914363218E-01  0.994031285446777E+00
-0.205052987574965E+00  0.202917654905301E+00  0.957485090021936E+00 -0.847279241549922E+00 -0.268488537101421E-01  0.530468685120092E+00
 0.283816159846086E+00  0.374996278815595E+00  0.882511290740621E+00 -0.453452705733511E-02 -0.912617812488299E+00 -0.408788657368863E+00
 0.435984136303473E+00 -0.820818167025593E-01  0.896203329751972E+00  0.917826959551414E+00 -0.205949554028935E+00  0.339379512516430E+00
-0.769380028789629E-01 -0.425853170524006E-01  0.996126013356013E+00  0.528087331908575E+00  0.513992384836511E+00 -0.675970116357046E+00
-0.104410186174739E+00  0.332494640143969E+00  0.937307754848155E+00 -0.176771896913432E+00 -0.234302241610410E+00 -0.955957193622164E+00
 0.142809703267637E+00 -0.430982316547650E+00  0.890988008603837E+00  0.407761060030900E+00 -0.181574332385062E+00  0.894852881618758E+00
 0.300742615090229E+00 -0.308261931568257E-01  0.953207021210056E+00 -0.488357539757564E+00 -0.233891125017397E+00 -0.840715085507591E+00
 0.769316151812411E-01 -0.402233587196618E+00  0.912299110991865E+00 -0.144160296896758E+00  0.738266185263869E+00 -0.658924008133391E+00
-0.388392297210560E+00  0.323990264106463E+00  0.862659685062266E+00  0.364666166643206E+00 -0.593334001274659E+00 -0.717616436431854E+00
-0.284288833593369E-01 -0.167948035461632E+00  0.985385841168585E+00 -0.110542779533612E-01  0.907615488517184E-02  0.999897707943883E+00
 0.411803180509332E-01 -0.206072802565284E+00  0.977669771164125E+00 -0.182068921398267E+00 -0.324408455991443E+00  0.928229530634594E+00
-0.117276905360552E+00 -0.599107479119911E-01  0.991290487069092E+00 -0.439320747117787E+00 -0.864377512693617E+00 -0.244640137143245E+00
-0.230410775164199E+00  0.309692203451589E-01  0.972600525436546E+00  0.677870670101345E+00 -0.464117281003094E+00 -0.570163576608194E+00
 0.107078135578259E+00  0.359024478259959E+00  0.927165409671461E+00 -0.196775975483671E+00 -0.977436531602012E+00 -0.767922011813574E-01
 0.104648449809730E+00 -0.715521874683843E-01  0.991931946466545E+00  0.857605495339160E-01  0.605063565632459E-01  0.994476801619365E+00
 0.361676324568547E+00 -0.160945864745567E-01  0.932164792583800E+00 -0.159105077000450E+00  0.439098596701095E-01 -0.986284694546373E+00
 0.201504857861699E+00  0.461473960053574E-02  0.979476644150618E+00  0.376207246546665E+00 -0.631119850183728E+00  0.678347877088036E+00
-0.115951423902833E+00 -0.429988799846505E-01  0.992323719163747E+00  0.666677288391192E+00  0.719667770018815E+00 -0.193957969517919E+00
 0.207117173286462E+00  0.117534486757833E+00  0.971230210069888E+00 -0.660300155664479E+00 -0.183431294590308E+00 -0.728255905979752E+00
-0.410788029091664E-01 -0.829746049902971E-01  0.995704648416514E+00  0.141614222368257E+00 -0.204631465850340E+00  0.968540848496838E+00
-0.229513854365336E-01  0.706247965491633E-01  0.997238874101352E+00  0.571811497012615E+00  0.757348603347149E+00  0.315364400166402E+00
-0.203289657770121E+00 -0.267787719726256E-01  0.978752375432798E+00 -0.545354734361133E+00 -0.837470927483064E+00  0.350807544182758E-01
-0.465978345368515E+00 -0.290518581738737E+00  0.835741069537769E+00 -0.529807068391595E+00 -0.509798517242016E+00  0.677797862271744E+00
 0.530598288153592E-01 -0.149590616430570E+00  0.987323301680866E+00 -0.142538838066061E-01 -0.319050417147525E-02 -0.999893318049261E+00
-0.104440055991465E+00  0.443884460193910E+00  0.889976887735216E+00 -0.118574008561823E+00 -0.542526575736700E+00 -0.831627993223528E+00
 0.266449833798735E+00 -0.782050196498840E-01  0.960670839033947E+00 -0.803608237658808E+00 -0.529770069083527E+00 -0.271214812040455E+00
 0.741486625699687E-01  0.369949841859442E+00  0.926088057555684E+00 -0.371087090650322E+00 -0.604846480660263E+00 -0.704595703922167E+00
 0.505893287848834E-01 -0.166611199058683E+00  0.984724036551014E+00  0.276085108234809E+00  0.133662430936524E+00 -0.951793763147833E+00
-0.178912811964707E+00  0.177482800004661E-01  0.983704835950249E+00 -0.274472783148979E+00 -0.983735530367508E-01  0.956549703556161E+00
-0.129234891658710E+00  0.232247542762578E+00  0.964032894489968E+00 -0.127911476546721E+00  0.178304821237511E-01  0.991625296205614E+00
 0.144568745208492E+00  0.330080859036523E+00  0.932816436608271E+00 -0.100489667011215E+00 -0.994675670350597E+00  0.228503312134656E-01
 0.445367803040083E-01 -0.249639143914547E+00  0.967314205946426E+00  0.244308251946896E+00  0.663462517116038E+00 -0.707199382361653E+00
-0.110600298433500E+00 -0.157347706251925E+00  0.981330358912675E+00 -0.188888769684674E+00 -0.240481158654046E+00  0.952097602674966E+00
-0.349676371771161E+00 -0.121207494562777E+00  0.928996866672203E+00  0.651208081518163E+00  0.673180401086493E+00 -0.350365783372838E+00
-0.496513524487498E+00 -0.204810030796714E+00  0.843520699974845E+00  0.905592584752226E+00  0.323567332432150E+00 -0.274237582808275E+00
 0.182273633450606E+00  0.253714275170793E-01  0.982920451112123E+00 -0.565780155509104E+00 -0.288618182272284E+00 -0.772393915365687E+00
 0.730856638534699E-01  0.316402299605139E+00  0.945805514122051E+00 -0.582490739024441E-02 -0.926150978018571E+00 -0.377107990327890E+00
-0.198478129181628E+00 -0.204393504783016E+00  0.958556063795476E+00 -0.170689214249320E+00  0.107091776975459E+00  0.979487898569037E+00
-0.164009492705689E+00  0.140630630047012E+00  0.976383076561143E+00 -0.864002196307232E+00  0.945991613403954E-02  0.503399160471107E+00
-0.227620211041323E+00 -0.258800278332889E+00  0.938728637818365E+00 -0.565737880460069E-01 -0.394787041990453E+00  0.917029224170393E+00
-0.743339627386410E-01  0.156055919363100E+00  0.984947212806508E+00  0.756773285041208E+00 -0.645924569552317E+00  0.100377514895476E+00
-0.482081533321543E+00  0.253018302808385E+00  0.838796240856094E+00 -0.934487622564418E+00  0.220235360738914E-01  0.355313730571596E+00
 0.140117643535134E+00  0.267238238429422E+00  0.953389096796948E+00  0.154014738898074E+00 -0.986887387193824E+00  0.482985010109671E-01
-0.140811177248070E-01 -0.155529452653382E+00  0.987730890212997E+00 -0.942159784130579E+00 -0.259601707868091E+00 -0.211995033996062E+00
-0.249757492848218E+00 -0.483905571264795E+00  0.838723192039581E+00 -0.787348659239047E+00 -0.483621878930281E+00  0.382350581292118E+00
 0.412210044913881E-01  0.821546013253039E-01  0.995766764995599E+00 -0.140439766918934E+00 -0.934242767073652E+00 -0.327821787009835E+00
 0.979762459701043E-02  0.135648529004333E-01  0.999859990857743E+00  0.116741480077498E+00 -0.302638100532346E+00 -0.945928965057889E+00
 0.606747210039290E-01 -0.149232320738974E+00  0.986938849512955E+00  0.129998239080941E-01  0.185882152695323E-01 -0.999742708316221E+00
-0.379845103772994E-01 -0.955628799175124E-01  0.994698403011319E+00 -0.189392635866620E+00 -0.498651518434181E-01  0.980634435511586E+00
-0.131521434087655E+00 -0.105226006187698E+00  0.985712737057462E+00  0.401008776851061E-01  0.340732964036510E+00 -0.939304512300340E+00
 0.145921681585373E+00  0.180064810240855E-01  0.989132260865263E+00  0.411527110303785E+00 -0.581913600711751E+00  0.701442797946989E+00
-0.379721391498382E+00 -0.202444298471259E+00  0.902678221103740E+00  0.564096073421819E+00  0.753400178961565E+00 -0.337910920644433E+00
-0.433327620955409E-01 -0.795357979239569E-01  0.995889717076028E+00 -0.380872192202997E+00 -0.177987940801900E+00  0.907334925005966E+00
 0.120545955648764E+00  0.183268133465329E+00  0.975644127657652E+00 -0.242722962779660E+00 -0.918700598991387E+00 -0.311568247342907E+00
-0.129014769782333E+00  0.115775201229263E+00  0.984861052107522E+00 -0.828519982130486E+00  0.559886518442920E+00  0.904022545986232E-02
-0.161397773909912E-01 -0.246052348100661E+00  0.969122154106447E+00 -0.273039651879289E-01  0.220936277116244E-01 -0.999382992200466E+00
 0.926452489405642E-01 -0.589866418735610E-01  0.993950418244905E+00 -0.159726437800084E+00 -0.849795088432974E+00  0.502330342247898E+00
 0.197173189613256E+00 -0.194505460507710E+00  0.960879992054376E+00 -0.274769875374200E+00 -0.628833886128624E+00  0.727371610143824E+00
 0.634673060435233E+00 -0.470780492852278E-01  0.771345424328992E+00 -0.945943800644792E+00 -0.118747638727038E+00 -0.301810079882098E+00
 0.209209083775083E+00 -0.425203492993096E+00  0.880587047833694E+00  0.669894427765704E+00 -0.515158985310533E+00  0.534651919946316E+00
-0.400963168415042E-01  0.820679564356570E-01  0.995819831044864E+00  0.216783740873071E+00 -0.221455927258383E+00  0.950769205420120E+00
 0.319138192945793E-01  0.101432119310901E+00  0.994330444726567E+00 -0.170205088519371E+00 -0.346110849310938E+00 -0.922625334483816E+00
 0.299032640919555E-01  0.314173960035544E+00  0.948894365897612E+00 -0.758551906446367E+00  0.639712821994135E+00 -0.123961730396455E+00
-0.356667436192573E-02 -0.240451406663755E-01  0.999704511365399E+00  0.531014140231644E-01 -0.258991313024275E-01 -0.998253211778715E+00
-0.900252250656820E-01 -0.271256415696394E+00  0.958287752084633E+00  0.803248418656902E-01  0.362280701710749E+00 -0.928601428464990E+00
-0.128209396725994E+00  0.232698248729035E-01  0.991474087327319E+00  0.651367849288139E+00 -0.430005804159741E+00 -0.625151928176407E+00
 0.269961557334126E-01  0.101287666302802E+00  0.994490832652845E+00 -0.186552596328124E+00 -0.496007978369409E+00  0.848041398869847E+00
 0.401966430217282E+00  0.149819291076812E+00  0.903314545991382E+00 -0.850837644333418E+00  0.898318422163805E-01 -0.517692517918861E+00
 0.999345330397171E-01  0.142792545521364E+00  0.984694560790128E+00 -0.833167881131900E-02 -0.139749937226613E+00 -0.990151775322017E+00
-0.405776105404946E+00 -0.824026457544112E-02  0.913935364411576E+00  0.377358117488256E+00  0.127839251674779E+00 -0.917201164901655E+00
-0.174888114193122E+00  0.294117610427594E+00  0.939632363613736E+00  0.705992691281142E-02 -0.973377976797597E+00 -0.229097079242409E+00
-0.256079361167917E+00  0.946784656483945E-01  0.962007977579343E+00  0.876823063927428E+00 -0.395164093798737E+00 -0.273909936908357E+00
-0.480347450357588E+00 -0.308399877469961E-01  0.876535921734374E+00 -0.641040804713996E+00 -0.512204973572950E-01  0.765795760854096E+00
 0.204135812252875E+00  0.214613922652161E+00  0.955127967530902E+00  0.747126653297887E+00  0.325107122026529E+00  0.579747464970332E+00
-0.257512999559221E+00 -0.274736245428833E+00  0.926394651596003E+00  0.111272773497872E+00  0.912655346683823E+00 -0.393291988282907E+00
-0.151447043395992E+00 -0.414127228133679E-01  0.987597478447467E+00 -0.299044403722333E+00 -0.522329108526255E+00  0.798589222935372E+00
-0.145387701582470E+00 -0.137248017967777E+00  0.979808857784254E+00 -0.174628464244735E-01  0.974129003831714E-01 -0.995090837980982E+00
 0.849249535574435E-01 -0.383577594750476E-01  0.995648750589946E+00  0.510281355825873E-01 -0.121537204480473E+00 -0.991274350170545E+00
 0.120949405701775E+00 -0.175227413728162E+00  0.977070414421871E+00  0.132361295141859E+00  0.990861699928675E+00 -0.259534036847783E-01
 0.199383867569089E+00 -0.432677267643226E+00  0.879224917423286E+00 -0.455588909302417E+00  0.505064825538035E+00 -0.733040427074025E+00
-0.130637752312972E+00 -0.502129259444607E+00  0.854868401849212E+00 -0.137917625967235E+00  0.954305910661052E+00 -0.265101786725292E+00
-0.300775180511916E+00  0.902004782784041E-01  0.949419909474397E+00 -0.947473538613849E+00  0.124462619125883E+00  0.294623403800304E+00
-0.417498231239191E+00 -0.120578218860957E+00  0.900642059893089E+00 -0.938737280362151E+00  0.376340995419274E-01  0.342572609836135E+00
-0.425673920219351E+00  0.297886570495946E+00  0.854438590399130E+00  0.593405024621004E+00  0.218102359330268E-01 -0.804608470228279E+00
-0.159490998233503E+00  0.136584756986038E+00  0.977705081116768E+00  0.506643277209708E+00 -0.149906160175721E+00 -0.849023399441722E+00
 0.369857704778275E+00 -0.464094166437099E+00  0.804873830420148E+00 -0.107896128748608E+00  0.969793467229595E+00 -0.218767128060556E+00
 0.286693893594753E+00  0.342849849574271E+00  0.894572854507882E+00  0.557845838950332E+00  0.486956279737938E+00  0.672072616306889E+00
-0.111326402895643E+00  0.160712396993250E+00  0.980702787530963E+00 -0.593005030881245E+00  0.210129420719496E+00  0.777297021670367E+00
-0.573010437421052E-01 -0.386939886535815E+00  0.920322831724670E+00 -0.308062363437362E+00 -0.378895130082391E+00  0.872660335201065E+00
 0.320077368385002E+00 -0.362816631514584E-01  0.946696423974811E+00 -0.367981854415196E+00 -0.281897474023253E+00 -0.886071762872772E+00
 0.492996756363864E-01 -0.663596696335000E-01  0.996577110026254E+00 -0.386521546393719E-01 -0.308407873868568E-01 -0.998776680131796E+00
 0.417961217704214E+00 -0.217468585749700E+00  0.882052058955273E+00  0.687815785237319E+00 -0.417693479606099E+00  0.593667922893700E+00
-0.108980473886521E+00 -0.803403486977936E-01  0.990791948232618E+00  0.413811340578252E+00 -0.200699706943255E+00 -0.887963851765218E+00
-0.180005493283843E-02  0.475647161010038E+00  0.879634320627231E+00 -0.503953387072232E+00  0.863704248660560E+00  0.677897515286355E-02
 0.212446441910593E+00 -0.347181281074495E-01  0.976555764357696E+00 -0.563069288250584E+00  0.812211283854372E+00 -0.152531331235958E+00
-0.534387818165121E-01  0.996042155633730E-01  0.993591111494045E+00  0.766743044115333E-01 -0.753129787039915E-01 -0.994207727933021E+00
-0.380807410538980E+00 -0.234726445219076E-02  0.924651397245572E+00 -0.519112269590316E+00 -0.731970862138498E+00  0.441294809102729E+00
 0.211679739387251E+00 -0.496140050712711E-01  0.976078961167453E+00  0.241002652026392E+00 -0.142074303863406E+00  0.960069067254005E+00
-0.415617174412412E-01 -0.281664584002887E+00  0.958612375134921E+00  0.531968499685949E+00  0.832605371185322E+00 -0.154200555171612E+00
 0.306613565643584E+00  0.153910119646472E+00  0.939308147752236E+00  0.561275266250323E-01  0.108311201858298E+00  0.992531301424276E+00
 0.110897994222224E+00 -0.462781074913622E+00  0.879508562538922E+00 -0.256079963477639E+00  0.118737810370106E+00 -0.959335386970482E+00
 0.397541937190578E-01  0.154337943796007E+00  0.987218011984470E+00 -0.776345134306570E+00 -0.515620121484030E+00 -0.362524651243619E+00
-0.160056977145999E-01 -0.434416070981788E+00  0.900570094392111E+00 -0.214700243125904E+00 -0.875647821799603E+00  0.432602239683625E+00
 0.991077217144887E-01 -0.312922907316227E+00  0.944593517643078E+00 -0.119276624805633E+00 -0.635538042004919E-01  0.990824909227973E+00
-0.200637390655233E-01 -0.617315610889998E-02  0.999779644981016E+00 -0.185591519974471E+00 -0.110494007095391E+00  0.976394829005956E+00
 0.196024025708700E+00 -0.190593161621657E+00  0.961898553948396E+00  0.547974712461160E+00 -0.746160964636556E+00  0.378110472422748E+00
-0.909563492273644E-01 -0.119431755065766E+00  0.988667283982402E+00 -0.224920353916879E+00 -0.974040278601862E+00  0.256197200436197E-01
 0.128250232098227E-01  0.233137020063633E+00  0.972359320753145E+00  0.172312649461622E+00  0.698951206717655E+00  0.694100541321969E+00
 0.103840269946593E+00 -0.796865797850828E-01  0.991396614549179E+00 -0.144695935675790E+00 -0.133240261120271E+00 -0.980464236479592E+00
 0.108490681461249E+00 -0.566514746940890E-01  0.992481930541337E+00  0.107629405159008E-01 -0.214387656227695E+00  0.976689352849025E+00
 0.373842916516787E+00 -0.105034436778399E+00  0.921525496587516E+00  0.300071442389515E+00 -0.718670609088440E+00  0.627271619870313E+00
-0.364566170644009E-01  0.324879400175922E+00  0.945052533150170E+00 -0.677674284261987E+00 -0.141556510581137E+00  0.721608840551511E+00
-0.118648173018933E+00 -0.607764714697196E+00  0.785203580358817E+00  0.830489864418510E-01  0.831394439215677E+00 -0.549441673239509E+00
-0.235739834663128E+00  0.116506594784018E+00  0.964807205468965E+00 -0.189957045161813E+00  0.141239055406829E+00  0.971580079160323E+00
-0.327742048694603E+00 -0.138947278504549E+00  0.934493875482148E+00 -0.115129422474468E+00 -0.805747930520913E-01  0.990077228707593E+00
-0.175457761000682E+00 -0.254987081928930E+00  0.950892297872896E+00 -0.321053944697380E+00 -0.933322282545690E+00  0.160729217934872E+00
 0.150482807587519E+00 -0.527641035671274E+00  0.836032213551800E+00 -0.363646434873823E+00 -0.872707269830710E+00  0.325796395910372E+00
 0.236001735040029E+00  0.368458082155829E+00  0.899189536611800E+00 -0.138913687738021E+00 -0.751879018776356E+00 -0.644500526363577E+00
 0.374283044769013E+00  0.161509771784645E-01  0.927173850113676E+00 -0.502050633963166E+00 -0.564839308671096E+00 -0.654905883556670E+00
 0.945526339034087E-01  0.179372668497198E+00  0.979226860956194E+00 -0.309562741711963E+00 -0.428001547860312E+00 -0.849108699739291E+00
 0.104543832373674E+00  0.833548357291042E-01  0.991020967726314E+00 -0.180640541391973E+00 -0.429350878881909E+00 -0.884888025463644E+00
 0.352479741207887E+00 -0.471805667404859E+00  0.808181566383864E+00  0.341412012807950E+00  0.886844282798175E+00 -0.311360009600807E+00
-0.772535295613007E-01  0.376238855863188E+00  0.923296385517175E+00  0.112965786708766E+00 -0.846229013687171E+00 -0.520706431136881E+00
-0.173185688008554E+00  0.412343587434498E+00  0.894415721781908E+00  0.372525197865755E+00 -0.681251530946495E+00 -0.630175633088219E+00
 0.287884067694546E-01  0.867659532907455E-01  0.995812681675236E+00 -0.328305567625814E+00 -0.211456150573579E+00 -0.920598582798440E+00
-0.269806247443883E+00 -0.221510428306362E+00  0.937090027154159E+00 -0.581347851084373E+00 -0.533286785937848E+00  0.614524108545516E+00
-0.346033599882669E+00  0.178879750016552E+00  0.921011825540941E+00  0.711880306263636E+00 -0.170976319133922E+00 -0.681170703898375E+00
 0.211960465164761E+00 -0.144237566122397E+00  0.966575545793615E+00 -0.288510810394416E+00  0.290445329304157E+00 -0.912361234912443E+00
 0.229147932511182E+00  0.189546766237905E+00  0.954758214646307E+00 -0.223236083253457E+00 -0.558008160574115E-01 -0.973165926274129E+00
 0.213991619045911E+00 -0.766144162582890E-01  0.973826379905326E+00  0.420316827021102E+00  0.116039638969364E+00  0.899926978765929E+00
 0.195487706461847E+00 -0.181678830751134E+00  0.963730957829615E+00 -0.969653152160499E-03  0.822843255230300E-02  0.999965675746171E+00
-0.100209971063299E+00 -0.105505507784058E+00  0.989356634144999E+00 -0.106835868038162E+00  0.372721792745383E+00 -0.921772511259259E+00
-0.285879985802976E+00 -0.288327091935345E+00  0.913860012131726E+00 -0.787396372963598E+00 -0.602649166970194E+00  0.129695541148885E+00
 0.475626252648160E+00  0.191131883264631E+00  0.858631627062260E+00 -0.341282965741326E+00  0.948066809103969E-01 -0.935167167168287E+00
-0.247821222180058E+00 -0.514695855618952E-01  0.967437607083407E+00  0.286702636858055E+00 -0.322721272109770E+00 -0.902026927838903E+00
 0.162044185732254E+00 -0.925078248354419E-01  0.982437776255873E+00  0.951891625223817E+00  0.512753434772570E-01  0.302114503094520E+00
 0.464898734547974E+00  0.246551284505275E+00  0.850342066891020E+00  0.841725101964114E+00  0.227791883889265E+00  0.489499448781795E+00
-0.255442355279439E-01 -0.264984600252969E-01  0.999322432274779E+00  0.915206098026958E-01  0.409863860946812E+00 -0.907543714358220E+00
 0.226033154525699E-01 -0.362761084992184E-01  0.999086149479966E+00 -0.858000880739128E-01  0.304218272025707E+00 -0.948730513819494E+00
-0.300332320540697E+00  0.112274375612410E+00  0.947203759398939E+00  0.461622319860930E-01  0.475052952323408E-01  0.997803735843352E+00
-0.124555590123329E+00  0.112933069817361E+00  0.985764691349135E+00 -0.648010929610053E+00  0.702445873566115E+00  0.294366488948474E+00
 0.148365797930058E+00  0.149349363807602E+00  0.977590076430219E+00 -0.295703356982133E+00 -0.216317510087519E+00 -0.930465614356078E+00
-0.219663599304432E+00 -0.129642207402001E+00  0.966923368835689E+00 -0.946685108416024E-01 -0.121402476885365E+00 -0.988078595892620E+00
 0.131107847793429E+00 -0.208883537442003E+00  0.969112171027013E+00 -0.434402314698947E+00  0.594442704932894E+00 -0.676707100255540E+00
 0.220389833312223E+00 -0.215542369452846E+00  0.951299011007193E+00  0.108100267938676E+00 -0.256853135632252E+00  0.960385755198122E+00
-0.323471890995968E-01  0.297777907872379E+00  0.954086986045038E+00  0.107218025117882E+00 -0.496063087616978E+00 -0.861641287424025E+00
-0.348970650226288E+00  0.527668255445440E+00  0.774458325202724E+00  0.126069837397944E+00  0.952687695263213E+00  0.276572868142420E+00
 0.218729696814281E+00 -0.453008101919225E+00  0.864257472821076E+00 -0.751106612745582E+00  0.496324638161758E+00 -0.435316792512601E+00
-0.103530740584020E+00 -0.340872222359615E+00  0.934391520604581E+00  0.151620211962292E+00  0.869534493953335E+00 -0.470022419837423E+00
 0.680600669103792E-01  0.953606513882688E-01  0.993113373920098E+00  0.194241538689654E+00  0.254514657508347E+00 -0.947360814980694E+00
 0.366965997496850E-01  0.334385850484542E+00  0.941721541944614E+00 -0.120104098928617E+00 -0.971093544823148E+00 -0.206282167487542E+00
-0.214991935937020E+00 -0.135485114968633E+00  0.967172296493230E+00  0.741157795308882E-01  0.245424049208957E-01  0.996947602226530E+00
 0.147593066416664E+00  0.287962766704132E+00  0.946199625733295E+00 -0.826278515691359E+00 -0.560465768515528E+00 -0.560529823397791E-01
 0.232369576722757E+00  0.360625831025091E-01  0.971958779945766E+00  0.374171658137708E+00 -0.406946011770755E-01  0.926466145998609E+00
-0.319662305168238E+00  0.122539158752273E+00  0.939574459650119E+00  0.574177224399467E+00 -0.416667042530974E+00 -0.704775915202425E+00
 0.178666702748309E+00 -0.180136083909934E+00  0.967279277459535E+00  0.367269327045650E+00 -0.136291443657319E+00  0.920074933794655E+00
 0.763173375494219E-01  0.250350924354658E+00  0.965142517281326E+00  0.916887071911412E-02 -0.738868335730521E+00 -0.673787439972389E+00
-0.104884637194194E+00  0.630491540551119E-01  0.992483761606998E+00  0.445061065470589E+00 -0.659828628193989E+00 -0.605431110381539E+00
-0.182079022912371E+00  0.275584229268880E+00  0.943875289428404E+00  0.161314334223420E+00 -0.963310252138693E+00  0.214501850105175E+00
 0.252156075967288E+00 -0.116094392783357E+00  0.960697353653607E+00  0.883158118967334E+00 -0.356794616956892E+00  0.304514922807841E+00
 0.441283410354082E-02  0.263922281009937E+00  0.964533854502623E+00 -0.479322736122484E+00 -0.844596227120644E+00 -0.238551729756103E+00
-0.126779573043446E-01  0.393176458285632E+00  0.919375626198865E+00  0.610069427486987E+00  0.770677312387141E+00  0.184042858642849E+00
-0.278823026234688E-01 -0.195478257886885E+00  0.980311597347456E+00 -0.244737135584830E+00  0.348888828189591E+00 -0.904643753104075E+00
-0.942451082878467E-01  0.342883742725022E-01  0.994958374482853E+00  0.141583415352008E+00  0.989910870556542E+00  0.553216515031290E-02
 0.102266854751741E+00  0.112132752056091E-01  0.994693798552273E+00  0.420035562932973E+00 -0.393787981338689E+00  0.817619197196825E+00
-0.446002701430011E-01 -0.850997892322581E-01  0.995373719652974E+00  0.627202497010807E-02  0.539970794080600E-01 -0.998521395423340E+00
 0.202205773903943E+00 -0.308386412621857E+00  0.929521729444842E+00  0.806280083701259E+00 -0.404384020069587E-01  0.590150118418877E+00
 0.214904345980961E+00  0.965157785773198E-01  0.971854323735872E+00  0.418722179713240E+00  0.611480453896149E-01  0.906053338805847E+00
 0.933166476370398E-01  0.591305508678583E-01  0.993879057646275E+00 -0.798135445642922E+00  0.938596621294878E-02 -0.602404941917497E+00
 0.485043506041293E-01  0.631243389739532E+00  0.774066606231413E+00  0.285010478755877E+00  0.227937188782998E+00  0.931028283656866E+00
 0.286431834956663E+00  0.156828449378676E+00  0.945178100354023E+00 -0.226761040848057E+00 -0.285744750441479E+00 -0.931090418782538E+00
 0.895306606609870E-01 -0.204967469764433E+00  0.974665377008937E+00  0.263688416485428E+00 -0.259711871748578E+00  0.928987708575446E+00
 0.274608102526695E+00 -0.572669773493730E-01  0.959849406590406E+00  0.270699003381317E+00 -0.955924861300557E+00  0.113708878790850E+00
-0.964973087599763E-01 -0.164294149311273E+00  0.981680040493932E+00 -0.544668210310872E+00 -0.788476587665602E+00  0.285729262379545E+00
-0.748313841956490E-01  0.486983121487642E-01  0.996006394725066E+00  0.285474347315956E+00  0.585359973547005E+00  0.758853146790325E+00
-0.120367914171218E+00 -0.210062346630139E+00  0.970250161435859E+00 -0.322607455810252E+00 -0.720503539258471E+00  0.613839620236144E+00
 0.268482516532251E+00 -0.248635977611260E+00  0.930643481121424E+00  0.409833501361987E+00 -0.508613546953489E+00  0.757197966859899E+00
 0.166035651939601E+00  0.882711887380966E-01  0.982161065978363E+00 -0.940212499477185E+00  0.329584816491819E+00 -0.858737711115428E-01
 0.209369808909965E+00 -0.439361832317987E+00  0.873570525727136E+00 -0.576415453605629E+00  0.786217993165684E+00 -0.222725149157299E+00
-0.404364835809804E-01 -0.667335367955550E-01  0.996951115081558E+00  0.217869447797651E+00 -0.956197756191423E+00 -0.195496175847085E+00
-0.408720651378808E+00 -0.146051085202897E+00  0.900897613298836E+00 -0.898097685144493E+00 -0.695826487764490E-01  0.434256609537906E+00
-0.848615110496058E-01  0.261031512014708E+00  0.961592987535627E+00  0.303384110196519E+00 -0.618623876206517E+00 -0.724750013085540E+00
 0.501860728947550E-01 -0.257701493143597E+00  0.964920358640527E+00  0.188359399629312E+00 -0.306805990739794E+00  0.932947383627532E+00
-0.824828763233088E-01 -0.308022713417639E-01  0.996116356252432E+00  0.203822597049069E+00 -0.476994333925482E-01  0.977845137527514E+00
-0.286515139877319E+00 -0.194488340757767E-01  0.957878289488896E+00  0.705915980698011E+00 -0.693728682662972E-01 -0.704890086001834E+00
-0.366578181515326E+00  0.109368859996802E+00  0.923936626235759E+00 -0.317010302738290E-01 -0.540978812272201E-01  0.998032296033702E+00
-0.395169136708314E+00 -0.639046921009542E-01  0.916382858700820E+00 -0.850139282848939E+00 -0.297011215650924E+00  0.434795972307302E+00
-0.374166449664102E+00 -0.384929155169154E-01  0.926562336489439E+00 -0.933456075457288E+00 -0.605284034299921E-01  0.353547829253828E+00
 0.563386111521105E+00  0.200978251358033E+00  0.801376211168135E+00 -0.884902727956535E+00 -0.383663426409073E+00 -0.264101376920176E+00
 0.260403259111138E-01  0.881263921660254E-01  0.995768868980269E+00 -0.998451946140385E-01  0.152546136307526E-01  0.994886040647602E+00
 0.263561514502342E+00 -0.113027343001706E+00  0.957997989458854E+00  0.238489657018700E+00 -0.243927823039141E+00  0.940011649205736E+00
-0.279140749482972E+00  0.202387997367126E+00  0.938679679390051E+00  0.536697143144699E+00 -0.532508747661554E+00 -0.654515553829122E+00
 0.222857087141721E+00 -0.117459762419065E+00  0.967748894560549E+00 -0.624087922197269E+00  0.616260176860048E+00 -0.480351600167958E+00
 0.413149910041780E+00  0.120210433983330E+00  0.902694080735001E+00 -0.813851586985919E+00 -0.486403739348648E+00 -0.317894631455383E+00
-0.302608786627426E+00 -0.504967391226236E+00  0.808353793863830E+00 -0.486329124625385E+00 -0.738631530573293E+00  0.466805574713993E+00
 0.251846453633827E+00  0.284218269167973E+00  0.925090989721133E+00 -0.113029703064971E+00 -0.237029178797139E+00 -0.964904894082209E+00
-0.977342726892255E-01  0.113388958647041E+00  0.988731994020042E+00 -0.861382295326379E-01 -0.129340751534500E+00  0.987851798300470E+00
 0.400926990510978E+00 -0.100090785447737E+00  0.910625819394698E+00  0.882708519603747E+00 -0.420217624768285E+00  0.210339766218997E+00
-0.202532664223591E+00 -0.348663388939452E+00  0.915103470180149E+00 -0.235876707921275E+00 -0.479926274378306E+00  0.845004704023345E+00
-0.462928571648483E-01  0.450856509593197E-01  0.997909943558581E+00 -0.685718420635759E+00  0.596510268784688E+00 -0.417092012432772E+00
 0.192576583118807E-01 -0.310968033832954E+00  0.950225249364807E+00  0.227074519188244E+00  0.844701416071511E+00 -0.484682040540200E+00
-0.146747876981284E+00 -0.820364928766210E-01  0.985766237217521E+00 -0.832285604926255E+00 -0.445767139542243E+00  0.329533502298119E+00
 0.295261488230678E-01 -0.113562382890205E+00  0.993092035879846E+00 -0.444221198036290E+00  0.788495195210405E+00 -0.425373781920453E+00
-0.234691125744098E-01 -0.312362280048126E-01  0.999236457909238E+00  0.830164203292945E-03  0.402758132332605E-01  0.999188255383236E+00
 0.874018494765995E-01  0.224654202818428E+00  0.970510899405095E+00  0.388711483241267E+00  0.189217312818004E+00  0.901720683652265E+00
-0.434867711080084E+00 -0.458557390290878E-01  0.899326039352839E+00 -0.937687560927534E+00  0.290401927827299E+00 -0.190810792137031E+00
-0.208458849535828E+00 -0.242624872881214E+00  0.947458747972477E+00  0.333741152785088E+00  0.433121220721592E+00 -0.837271073845453E+00
-0.208084636130641E+00 -0.302141441288012E+00  0.930274869951232E+00 -0.451199416001059E+00 -0.338543695596263E+00  0.825716206194554E+00
 0.136887160151727E+00  0.382570624414161E+00  0.913729512887131E+00 -0.345569067230296E-01 -0.851529364294698E+00 -0.523166858604024E+00
-0.165717549278382E+00 -0.189008804045625E+00  0.967891195256166E+00  0.167990948611245E+00  0.365445381483787E+00 -0.915548313491354E+00
 0.385337995099354E+00  0.192514329575893E-01  0.922574664654244E+00 -0.827617901372413E-02 -0.565000925590187E-01 -0.998368290963688E+00
 0.131535422198836E-01  0.611037867965324E+00  0.791492077180473E+00  0.487780177245805E+00  0.871307786680907E+00  0.537888422934544E-01
-0.200486003072068E+00  0.210570932593599E+00  0.956799479995077E+00  0.211904862376846E+00 -0.860749848628417E+00 -0.462823970195157E+00
 0.517994126689456E-01 -0.247046386819842E-01  0.998351892708550E+00  0.480974175060572E-02  0.173401243044722E-02  0.999986929707176E+00
 0.622239026899296E-01 -0.396423107664723E+00  0.915956825207104E+00 -0.222066597916940E-01 -0.526796974317319E+00  0.849701013363532E+00
-0.104253306513588E+00 -0.934007820846865E-01  0.990155312053090E+00  0.109942898113598E+00 -0.984434213879608E-01 -0.989050783296700E+00
 0.458325041451240E+00 -0.907022263509019E-01  0.884144367461394E+00 -0.972457656683516E+00 -0.818398124595482E-01 -0.218239206042797E+00
 0.263608302216520E+00 -0.178073605448040E+00  0.948050871021835E+00  0.936086826887356E-01  0.969832631138657E+00 -0.225082389590899E+00
-0.527851427130214E-01  0.493235168404652E+00  0.868293036570950E+00  0.784225134515236E-02  0.998758922214618E+00  0.491844933951188E-01
-0.634468012232556E-01 -0.269089994146063E+00  0.961022933371004E+00 -0.366637427468650E+00  0.325555819886158E+00 -0.871544838156604E+00
-0.260774368924883E+00  0.434535844968791E+00  0.862076172938963E+00  0.479102131682800E+00 -0.875742833724371E+00  0.594612192727783E-01
 0.553903730027965E-01 -0.210310789214769E+00  0.976064177458876E+00  0.786771471368012E+00  0.342839704541748E+00  0.513275353812299E+00
 0.401434412491344E+00  0.397848675420865E-01  0.915023265705516E+00  0.893263360923463E+00  0.350200068409630E+00  0.281851876200266E+00
-0.653666598413580E+00  0.249803231164586E+00  0.714365679339477E+00  0.950415617371700E+00 -0.209455387762298E+00 -0.229866471659778E+00
-0.330881533856666E+00  0.136744087553172E+00  0.933712196060387E+00  0.727597138686870E+00 -0.667663840848396E+00 -0.157567126642101E+00
-0.125634430734686E-01  0.150458200970724E+00  0.988536539364526E+00  0.711914202895267E-01  0.667048503117204E-01 -0.995229744642940E+00
-0.282993683786251E+00 -0.222100894859551E+00  0.933051856779501E+00  0.752677829037085E+00  0.520737650906334E+00 -0.402875147663112E+00
-0.656055348423153E-01 -0.126080484400777E+00  0.989848283956344E+00  0.148755271793157E+00  0.745090794071626E-01  0.986063013300692E+00
-0.136727121414091E+00 -0.338037568546109E+00  0.931147838166019E+00 -0.291421099880675E+00 -0.954034480383045E+00 -0.699424962707966E-01
-0.132754825736062E+00 -0.154183250666366E+00  0.979083081999551E+00 -0.246834222249316E+00 -0.686981625008833E+00  0.683468443768107E+00
 0.805273710344052E-01  0.449948113847737E+00  0.889416683764787E+00  0.334201671142210E+00  0.825845245382389E+00  0.454190349616828E+00
-0.789475777033688E-01  0.172752305279832E+00  0.981796272652975E+00  0.871977069329714E+00  0.305478775475115E+00  0.382542426793928E+00
-0.191770662298036E+00 -0.486907592545046E-01  0.980231208973165E+00  0.322067936302291E+00 -0.219152133345782E+00 -0.921001947259601E+00
-0.597037186744605E-01 -0.200995104628583E-01  0.998013765263583E+00  0.507064496009715E+00  0.378076605439189E+00  0.774560312245595E+00
-0.240997949269445E+00  0.408591401817664E+00  0.880325539109595E+00 -0.510799512900417E-01  0.774805521027353E+00  0.630132718688483E+00
 0.181795773678543E+00 -0.477608599641624E-01  0.982175746456867E+00  0.195162961484672E+00  0.135912419489268E+00  0.971308000941568E+00
-0.420185711266035E-01 -0.238008194295345E+00  0.970353821618047E+00 -0.918861950569292E+00 -0.175507050985755E+00  0.353397779917021E+00
-0.399457122753906E+00  0.528679101109922E-01  0.915226196719514E+00 -0.685672276190196E+00  0.127963420323620E+00  0.716574415342354E+00
-0.808767499432406E-01  0.188421332657330E-01  0.996545997600018E+00  0.909470846386751E+00 -0.100971555257683E+00  0.403320622583834E+00
 0.106258706419661E+00 -0.107474512518331E+00  0.988513184772448E+00  0.197591034772092E+00 -0.160529805827558E+00 -0.967051169493456E+00
 0.256413946277699E+00 -0.311890306585091E+00  0.914864101827455E+00  0.573107770570151E+00 -0.817835001079597E+00  0.518979221284097E-01
-0.301908455869118E+00 -0.136115133977900E+00  0.943569793166835E+00 -0.733489770464982E+00 -0.290581047864410E+00  0.614455377749474E+00
-0.210411218650599E+00 -0.420055212192057E+00  0.882768790667327E+00  0.125850958333808E+00 -0.669820031563030E+00  0.731780473641763E+00
-0.770515469278332E-01 -0.197592662690202E+00  0.977251348818217E+00  0.280044211480919E+00  0.939482670192950E+00 -0.197351341579313E+00
-0.293860410870436E+00  0.175191161314193E+00  0.939656381833510E+00  0.435500215534047E+00 -0.573516217957369E+00 -0.693843433354870E+00
-0.386900757444778E+00 -0.243482279410386E+00  0.889395403350939E+00 -0.374272525479093E+00  0.903006384194683E+00 -0.210949156848626E+00
 0.282199941514312E-01  0.305947104061337E-01  0.999133422334204E+00 -0.913718105970352E-02  0.296299950614930E-01 -0.999519172059715E+00
 0.697987950935160E-01  0.126257236529642E+00  0.989538901927252E+00  0.945914871970994E-01 -0.208650924620148E+00 -0.973404973382096E+00
-0.165736452441868E+00  0.352085366437036E-01  0.985541367614467E+00 -0.380300120229451E+00  0.546126608122487E+00  0.746403072377179E+00
 0.944922792064278E-01  0.934720683219151E-01  0.991127732239391E+00  0.367542757983217E+00 -0.397058522406390E+00 -0.840985642468732E+00
-0.554618386424770E+00 -0.268975357736176E+00  0.787432982780300E+00 -0.849399997318952E+00 -0.171971114527556E+00  0.498944466171051E+00
 0.257416353764915E+00 -0.273642820617655E+00  0.926745071494200E+00 -0.149618161188934E+00  0.437430185162326E+00 -0.886718241016443E+00
-0.193073149247792E-01 -0.481278138991558E-01  0.998654565462795E+00  0.802463807844096E+00 -0.520226554545503E+00  0.292260447283017E+00
-0.199964074321006E+00 -0.998536096958831E-01  0.974701813690549E+00  0.802507726977145E+00  0.346805960317398E+00 -0.485496626178085E+00
-0.171411615072997E+00 -0.130804828929165E+00  0.976477421626777E+00 -0.789069323540215E-01 -0.950885319300400E+00  0.299317232322924E+00
-0.123266462574970E+00  0.163349879470520E+00  0.978837165253353E+00 -0.372582068315428E+00  0.873661415406415E+00  0.312887094012931E+00
 0.135090065802680E+00  0.131972164636926E+00  0.982005102778225E+00 -0.395381139181618E-01  0.334473807344254E+00  0.941575280977806E+00
-0.213281252638566E+00  0.254832872098166E+00  0.943170883017030E+00 -0.712395119348690E+00  0.540611472901927E+00  0.447473383895595E+00
-0.489973732779937E-01  0.200352014363586E+00  0.978497995783492E+00  0.272690585615867E+00  0.932762302381095E-01 -0.957569521961222E+00
-0.188608819632631E+00  0.135990083331935E+00  0.972591080769384E+00 -0.454756361782852E+00  0.420903091527158E+00  0.784880397870213E+00
-0.225395656601849E-01  0.337441263118803E+00  0.941076703528802E+00 -0.397913541923188E+00 -0.430900776435986E+00 -0.809931684786444E+00
-0.113051418340568E+00  0.235991256303053E+00  0.965156724972526E+00  0.572343074533035E-01  0.319840726921357E-01  0.997848311690893E+00
 0.167511173345551E-02  0.197817063206658E+00  0.980237524024138E+00  0.173803162145296E+00  0.984397370843750E+00 -0.274641057420086E-01
-0.100710176490809E+00  0.429041294244479E+00  0.897653066715762E+00  0.583287480735899E-01 -0.652731939288301E+00 -0.755340170109535E+00
-0.228360918317103E+00 -0.198551722089980E+00  0.953115158121238E+00 -0.200148562161235E+00 -0.459176165334719E+00  0.865504362931403E+00
 0.176490094434971E+00  0.786880462898723E-01  0.981152097249666E+00 -0.688553475300866E+00 -0.421424758669793E+00 -0.590165472076440E+00
-0.956397083863571E-01  0.111280724941713E+00  0.989176246397081E+00 -0.187094547218560E+00  0.216243494931542E+00 -0.958245470274122E+00
 0.314513520671232E+00 -0.318257068596749E+00  0.894311849190869E+00  0.893876251136841E+00 -0.411287255939386E+00  0.178404150050939E+00
 0.821716323495958E-01  0.104371020952028E-01  0.996563540240589E+00  0.262534336628167E-01 -0.128929824586255E+00  0.991306137150915E+00
-0.312262665990028E+00 -0.946336907403691E-01  0.945270591950081E+00 -0.956711208284281E+00  0.287840163246630E+00 -0.430314346191667E-01
-0.331658301491725E-01  0.309327195824042E+00  0.950377142840752E+00  0.342403956853418E+00 -0.857741958972669E+00 -0.383455684726217E+00
 0.142309777670191E+00 -0.598191057199092E-01  0.988012956276552E+00  0.491058171012274E-02 -0.368641621749667E-02  0.999981148083672E+00
 0.306776346866113E+00  0.124415203820076E+00  0.943614926790527E+00 -0.577018211762697E+00 -0.931161027850732E-01 -0.811405801492878E+00
-0.248994742870131E+00 -0.477911534299963E+00  0.842378883523378E+00  0.909083834108680E+00  0.384931861671213E+00 -0.159355089133033E+00
 0.493451704966070E-01 -0.167553705383821E+00  0.984627244169494E+00 -0.200529141129883E+00 -0.583308326964078E+00  0.787108289406280E+00
 0.274399626058913E-01  0.425529730764495E+00  0.904528328294744E+00 -0.137335787670641E+00  0.195222404021264E+00  0.971095821427033E+00
 0.129273045334029E+00  0.123739032608752E+00  0.983858288352096E+00 -0.338541621578973E+00  0.150260373102976E+00 -0.928876413056997E+00
 0.200703194012860E+00 -0.964994677122479E-01  0.974887727199542E+00 -0.672505454592099E+00 -0.121070305009336E+00 -0.730122177987233E+00
-0.109930948473190E+00  0.158773876564386E+00  0.981175846975710E+00 -0.998894753814387E+00  0.424859310901714E-01  0.201051352021670E-01
-0.118710296233314E+00  0.162971574372070E+00  0.979463185380077E+00 -0.732403211704195E+00 -0.583458467232937E+00  0.350944087426434E+00
 0.331668459466272E+00 -0.195118751293292E+00  0.922997673826438E+00  0.793386131957965E+00 -0.450029098735657E+00  0.409892981042553E+00
 0.272939502072355E+00  0.125590536706106E+00  0.953798220431537E+00  0.212612989115748E+00  0.781434158668630E+00  0.586648423269949E+00
 0.344338588166979E+00  0.287537271904981E+00  0.893729967028416E+00 -0.603375256041470E+00 -0.640416167819002E+00 -0.475189890878283E+00
 0.132345277193026E+00 -0.301038032001016E+00  0.944383836632995E+00  0.187771504178838E+00 -0.648147196098110E+00  0.738002082929699E+00
-0.492146743534866E+00  0.899324421559948E-01  0.865854340334381E+00  0.681552675724803E+00 -0.580729193520745E+00 -0.445241006652696E+00
-0.453425034461583E-02  0.304876266590031E+00  0.952381175078517E+00 -0.910519125116617E-03  0.634916096398498E-02 -0.999979429343412E+00
-0.545488017193285E-01  0.139542539750199E+00  0.988712449517578E+00  0.769989757572656E+00  0.179260506332967E+00 -0.612357284681460E+00
 0.386669494097183E-02 -0.123281604349443E+00  0.992364194587482E+00 -0.113508499797234E+00 -0.255473015245268E+00  0.960129865671969E+00
-0.167690707126034E+00  0.369992293924142E+00  0.913775426010309E+00 -0.145509415551797E+00  0.974777546469554E+00  0.169220994219307E+00
 0.417433665672204E-01 -0.149059972034198E+00  0.987946666619610E+00  0.450626904615557E+00  0.850474561435843E+00 -0.271345560470615E+00
 0.566214415992558E-01 -0.194734064528062E+00  0.979220433030073E+00  0.751675894275261E-02 -0.267489937237826E+00  0.963531334109846E+00
-0.293857245625570E+00  0.803276554910845E-01  0.952468050360042E+00 -0.372612620034346E+00  0.918667019924077E-01  0.923428581134555E+00
 0.208280657268750E+00  0.519264462075353E-01  0.976689721453007E+00 -0.417747869332805E+00 -0.200907005891331E+00 -0.886071719812613E+00
 0.126888640310857E+00 -0.740002113425000E-01  0.989152789856717E+00  0.132418054193340E+00 -0.178974843710564E+00  0.974901771586466E+00
-0.128212699310777E+00  0.274023367380073E+00  0.953138341409645E+00  0.686124914657097E-01 -0.574882120785545E+00 -0.815354446370400E+00
-0.136687831715438E+00 -0.256376519780420E+00  0.956863374137715E+00  0.399345629620190E+00  0.584861291696202E+00 -0.706017236035144E+00
 0.744764601141407E-01  0.779591003651987E-02  0.997192298744615E+00  0.138301079659929E+00  0.414680548404398E+00  0.899395827286254E+00
-0.230282015208904E+00 -0.173810855156670E+00  0.957475837868002E+00  0.686132977510834E+00  0.158222471538117E+00 -0.710061396410540E+00
-0.952923614717392E-01  0.309580121731954E-01  0.994967822257295E+00  0.357288855221829E+00 -0.321964782415128E+00 -0.876745888395637E+00
 0.100260959007684E+00  0.127839138769301E+00  0.986714190988243E+00 -0.499971890601629E+00  0.828423509312612E+00  0.252472964545531E+00
 0.188785346464442E+00 -0.241329169423627E+00  0.951903527121106E+00  0.127255440676265E+00  0.852538739223127E-01 -0.988199286479973E+00
 0.226133003691867E+00  0.490931055986549E-01  0.972858536285710E+00  0.283840548013401E+00 -0.954674150891783E+00  0.896203599775504E-01
 0.146953964422914E+00 -0.239567576736309E+00  0.959693653473379E+00 -0.777929839012053E+00 -0.476648988093489E-03 -0.628350967517694E+00
-0.696279530485462E-01 -0.123966253485303E+00  0.989840550872254E+00 -0.232712464738385E+00  0.619459067013653E-01 -0.970570766816275E+00
-0.234173674918734E+00  0.441119635545903E+00  0.866357984386884E+00 -0.933070994970881E+00  0.328626696390898E+00  0.146229315676624E+00
 0.291226613205201E+00  0.857223935303625E-01  0.952805715247581E+00  0.853226879925136E+00 -0.149610368076514E+00  0.499620485105673E+00
-0.790279976325332E-01 -0.643071978888863E-01  0.994796039341669E+00  0.158878147819759E+00 -0.131992839393634E+00 -0.978435293974093E+00
 0.374283681103712E+00 -0.180761503803753E+00  0.909525703211328E+00  0.540542766101509E+00 -0.189798261176715E+00  0.819628048610847E+00
-0.366493581267636E-01 -0.761197445491624E-01  0.996424913899018E+00 -0.223551075187834E+00  0.662977184315507E+00 -0.714483148758210E+00
-0.947933223544932E-01 -0.163036677401768E+00  0.982055633790056E+00  0.226286106866680E+00  0.259198961280700E+00  0.938941157000867E+00
 0.377481171586757E-01 -0.296563927746047E+00  0.954266690402013E+00  0.214471718664422E+00  0.727718793355369E-01 -0.974015469831513E+00
-0.290503310199481E+00  0.415147080633710E-01  0.955972989041823E+00 -0.378829325091855E+00 -0.546067815446227E+00  0.747193605020972E+00
 0.660283578191425E-01 -0.373514277327940E+00  0.925271495614068E+00  0.256593610023753E+00 -0.470043126036075E+00  0.844523048211955E+00
 0.526263344131541E-01 -0.217887654245203E+00  0.974553969287365E+00 -0.642387193621777E+00  0.252470763586365E+00 -0.723600170677741E+00
-0.120825465706326E-01 -0.367795123220365E+00  0.929828349429982E+00  0.166914032743639E+00 -0.887833020357219E+00  0.428826577577268E+00
 0.424518969089183E-01  0.581638872899676E-01  0.997404029801441E+00 -0.301279536322468E+00 -0.548885372493250E+00 -0.779715004893624E+00
 0.524025489092399E-01  0.912188841589018E-01  0.994451149147418E+00 -0.707116407435784E-01  0.144313778514486E+00  0.987002227552817E+00
 0.537912562806805E-01 -0.323857984017105E+00  0.944575305063669E+00  0.527157628409543E-01  0.545234816767633E+00 -0.836624194565554E+00
 0.278936133494952E-01 -0.261205707469786E+00  0.964880057167479E+00 -0.679236145587303E+00  0.687850187984993E+00 -0.255930415184897E+00
-0.873339037634505E-01  0.222265691987761E-01  0.995931106490348E+00 -0.834579869654230E-01 -0.222224572038287E+00  0.971417008289478E+00
 0.593252178250917E+00  0.224591177659833E+00  0.773052815736358E+00  0.711361390954377E+00  0.563705850435731E+00  0.419762653941467E+00
-0.243257578595802E+00 -0.398621399434383E+00  0.884266210124915E+00 -0.996937478820318E+00 -0.281648883508442E-01 -0.729547968784247E-01
-0.232180038202848E+00  0.189763742967378E-01  0.972487700219738E+00  0.195325475681499E+00  0.959922909533724E+00  0.200987477973397E+00
-0.255155977190987E+00  0.216763303690413E+00  0.942289285451623E+00  0.101784953051819E+00  0.463571130621144E+00  0.880194086657524E+00
-0.227553333136156E+00  0.326902843549869E+00  0.917253515369462E+00  0.469701878968212E+00 -0.387537748397599E+00 -0.793217900996094E+00
 0.496270205303444E-01 -0.147200861678472E+00  0.987860853133879E+00  0.105254274015429E-01 -0.393289290079517E+00  0.919354528833553E+00
 0.325159690525713E-01 -0.162496432908644E+00  0.986173220610121E+00 -0.278413828992064E+00 -0.347883686341188E-01  0.959830979513453E+00
-0.201550534187405E+00 -0.379083798145195E+00  0.903146087935160E+00 -0.335957653225125E+00  0.899342252704336E-02  0.941834153973361E+00
 0.662370955322228E-01 -0.830411554101644E-01  0.994342402637844E+00 -0.374574283761205E-01 -0.886431045214318E-01 -0.995358900638483E+00
 0.142000204587404E+00  0.790342608218901E-01  0.986706403908211E+00  0.118919091091147E+00  0.875987270367560E-01  0.989032210191152E+00
 0.122143041385873E+00  0.420110867182865E-01  0.991622985833708E+00  0.137268260674094E+00  0.292955725093874E+00  0.946221098764042E+00
 0.456804019336835E+00  0.498216281422832E+00  0.736960395708561E+00  0.555497781521299E+00  0.260131062630333E+00  0.789781010774334E+00
-0.112308360949686E+00  0.387998193653561E+00  0.914791907366024E+00  0.396828366096091E+00 -0.495986529963914E+00 -0.772350056616728E+00
 0.540759991291004E+00  0.196772936951625E+00  0.817838029870454E+00 -0.665661187092119E+00 -0.693029763827487E+00 -0.276775957135601E+00
-0.617846389651606E-01  0.102331338163176E+00  0.992829771722060E+00 -0.645153642798705E-01 -0.413511405865989E+00  0.908210374852968E+00
-0.378748144409580E-01  0.337281573283700E+00  0.940641610154651E+00  0.250496529307615E-01 -0.246146644355778E+00 -0.968908842131415E+00
 0.313497177995054E-01 -0.320595021903228E+00  0.946697431666929E+00 -0.184102022312817E+00 -0.821612935569017E+00  0.539498498131360E+00
-0.615199447076858E-01  0.318574643962175E-01  0.997597312729644E+00 -0.427529928045956E+00 -0.936511418452295E-02  0.903952684193886E+00
-0.276529788503645E+00  0.273104501531478E+00  0.921382226501777E+00  0.757111290193567E+00 -0.408516514956315E+00 -0.509800697596011E+00
-0.606778357487543E+00 -0.886977262452006E-01  0.789906790858042E+00 -0.516072927439247E+00 -0.268451922546201E+00  0.813389389435057E+00
-0.253547321319210E-01 -0.218647280434170E+00  0.975474502135889E+00  0.124735323668604E+00  0.519522393665458E+00 -0.845303248254377E+00
-0.130773995571679E+00  0.110653691764424E+00  0.985217703140337E+00 -0.171766145636993E+00 -0.683980423773078E-01 -0.982760448436934E+00
 0.231990579133214E+00  0.321733710001166E+00  0.917969384588790E+00 -0.954945699366805E+00 -0.234652737465122E+00 -0.181705267014934E+00
-0.222914556207124E+00  0.916568572089546E-01  0.970519510961814E+00 -0.527551488090298E+00  0.639184528021647E+00  0.559582493070911E+00
-0.192440488769492E+00  0.329016617812894E+00  0.924507827703542E+00 -0.343652891728396E+00 -0.935298446692094E+00 -0.843771629178566E-01
 0.667642409966842E-02  0.332929843470121E-01  0.999423335005998E+00  0.177183549278858E+00  0.156732952192692E+00  0.971617605625747E+00
 0.277302708706779E-03  0.157151032932810E+00  0.987574541972078E+00 -0.135448104389267E+00  0.112939839491268E+00 -0.984326370505759E+00
 0.109891096129369E+00  0.508018174331384E+00  0.854307603583448E+00 -0.957485754012577E-01 -0.962938464044502E+00 -0.252154168659266E+00
 0.462331247187416E+00  0.272876748893961E+00  0.843675350942049E+00  0.785977774757463E+00  0.617662319708441E+00  0.270591278443164E-01
 0.121669387678626E+00 -0.551496044252908E-01  0.991037376305073E+00  0.159288168291654E+00  0.411862116071020E-01  0.986372635171792E+00
 0.122179695903381E+00  0.347625783434286E+00  0.929638874295098E+00 -0.154595520244764E+00  0.628230928598822E+00  0.762513032985084E+00
-0.101369518096687E+00  0.281045632964047E+00  0.954325716405402E+00  0.338099125032279E+00 -0.635239900492471E+00 -0.694376879277185E+00
 0.984295871560462E-01  0.563830089367781E-01  0.993545455767136E+00  0.154992262401781E+00 -0.247969016661356E+00  0.956289059527284E+00
-0.282971055684983E+00 -0.504105700751696E-01  0.957802775141742E+00 -0.481156074075332E+00 -0.471566048209029E+00  0.738995463150440E+00
 0.342991920146289E-01 -0.268110819283642E-01  0.999051916225065E+00  0.389803306148577E+00 -0.876943589566951E+00 -0.281110873558938E+00
 0.196380868166010E+00  0.212574571354694E+00  0.957207713211575E+00  0.178610156816093E+00  0.563594512551491E+00  0.806510779409660E+00
-0.361451308170780E+00  0.113435081384663E+00  0.925464982661628E+00 -0.838606378646211E+00 -0.664899679443273E-01  0.540664799905310E+00
 0.147021230086654E+00  0.134756960319581E-01  0.989041537813383E+00  0.677827138922130E+00 -0.469022618178120E+00  0.566187383626641E+00
 0.338334680108618E+00 -0.207232060054720E+00  0.917924026007205E+00  0.195008182838644E+00  0.456984502086259E+00 -0.867834646392355E+00
-0.244759937497817E+00  0.113563849804846E+00  0.962910081478830E+00 -0.927532810904850E+00  0.364149072971804E+00  0.841328553463074E-01
 0.104572021072253E+00 -0.497907133523908E+00  0.860902537337921E+00  0.156047737824763E+00 -0.877440807280878E+00  0.453593136233403E+00
 0.163068356488265E+00 -0.599913093636564E+00  0.783270701096130E+00  0.320055950546693E+00 -0.787515478710003E+00  0.526672155436194E+00
-0.863635576542139E-01  0.217478791478353E+00  0.972236756745198E+00  0.495317459860642E+00 -0.426333878772868E+00 -0.756901603755523E+00
-0.509073094396483E+00  0.174743794040763E+00  0.842798428454769E+00  0.908851991523508E+00  0.139677176830212E+00 -0.393037331275917E+00
 0.157209091998749E+00 -0.111805937684753E+00  0.981215946512979E+00 -0.553257736204970E-01  0.271161954701607E+00 -0.960942377614650E+00
 0.188162404816283E+00  0.140281255333392E+00  0.972067939403333E+00  0.410359770410876E+00  0.455602733534806E+00  0.789956332985531E+00
-0.295670611041203E+00  0.110295551208537E+00  0.948901354804664E+00 -0.346154302397329E-01 -0.214899820575394E-01  0.999169631574381E+00
 0.441976703268277E-01 -0.610842997471380E-01  0.997153586094982E+00  0.174527746159959E+00 -0.175485006517081E+00  0.968888578892344E+00
 0.568800277725789E-01  0.296272667169989E-01  0.997941324681702E+00 -0.484486589725352E+00 -0.904006258154913E-01 -0.870115205721901E+00
-0.409585677722162E+00  0.547274463478610E+00  0.729883712812581E+00 -0.664984897104245E+00  0.730349522946568E+00  0.156155886712531E+00
 0.161535646873919E+00 -0.468525044739170E-01  0.985754065481622E+00 -0.277711495218610E+00  0.226086193388760E+00 -0.933681615210680E+00
-0.430738251762386E-02 -0.160530297912818E+00  0.987021514409827E+00  0.176455090399177E+00  0.884178903020958E+00 -0.432540481949231E+00
-0.175683107840718E+00 -0.197738237771376E-01  0.984248160533032E+00 -0.931767047211108E+00 -0.123283727940271E+00  0.341483955928595E+00
-0.229787082397220E+00 -0.153808642933469E+00  0.961010300736854E+00  0.179037573040170E+00  0.164727506934965E+00 -0.969953811219316E+00
-0.902821138355462E-01 -0.258789987822191E+00  0.961705195017878E+00  0.833331105713945E+00  0.486575588299005E+00 -0.262304146213990E+00
 0.216104593163752E+00  0.219452803488805E+00  0.951388076367595E+00 -0.347374023094553E+00 -0.395608043263209E+00 -0.850191486774927E+00
-0.206281021888163E-01  0.207176431725817E-01  0.999572538969264E+00 -0.966966535589262E-01  0.223384574702239E-01  0.995063189203759E+00
 0.260726447029241E+00  0.154448545354851E+00  0.952978156442885E+00  0.621752290747431E+00 -0.597140791962676E-01  0.780934259522570E+00
 0.175197659818959E+00 -0.251591511725966E+00  0.951844257860183E+00  0.186271652568327E+00 -0.630462772419851E+00  0.753538030919568E+00
-0.141619960869770E+00 -0.347291962647615E+00  0.927001660928184E+00  0.585926125443601E-02  0.252109575509728E-01  0.999664982220001E+00
 0.131615950883476E+00 -0.152380421231027E+00  0.979518988431819E+00  0.129888034232226E+00 -0.288070139882214E+00  0.948759554930294E+00
-0.391783707768261E+00  0.885887512229526E-01  0.915782484809636E+00  0.642793067510940E+00 -0.582939712300904E+00 -0.496989299867125E+00
 0.179726876945449E+00 -0.105359572880454E+00  0.978058081151566E+00 -0.560875794470741E+00 -0.447797778801460E+00  0.696344377788242E+00
 0.375464091057117E+00  0.208640898037510E-01  0.926602075371793E+00 -0.686040085435600E+00  0.703403668640227E+00 -0.185936225945847E+00
-0.484743040577650E-01  0.154311564095001E+00  0.986832398653728E+00  0.219499377228042E-01  0.983982788175172E+00 -0.176906960883338E+00
-0.804554435097851E-01  0.334380312046611E-01  0.996197179116062E+00 -0.422911598877047E+00  0.173508409795511E+00  0.889404638657508E+00
-0.205313174804679E+00  0.189446702008351E+00  0.960185631713880E+00  0.223284078807229E+00  0.185251685581937E+00 -0.956988000520518E+00
-0.660903898645059E-01 -0.466487040557117E+00  0.882055497891046E+00 -0.127457353259537E+00  0.988353737521942E+00 -0.831355076154670E-01
-0.187813457247993E+00 -0.386511424236407E+00  0.902959037947625E+00  0.200041084455478E+00  0.874459237621725E+00 -0.441932807412968E+00
-0.125433343438001E+00 -0.226346743441309E+00  0.965936658424081E+00  0.374285885234976E+00  0.749382480984438E+00 -0.546201403611780E+00
 0.308751275870102E-01 -0.260136286183442E+00  0.965078151813195E+00  0.361334730957412E+00 -0.323829057862812E+00  0.874398052083614E+00
-0.304440948104349E+00  0.483765754692492E+00  0.820540312053057E+00 -0.516024210403717E+00  0.841454058861907E+00  0.160231336205007E+00
-0.213771915850131E+00 -0.184293210596606E+00  0.959342264534280E+00 -0.208246224155414E+00  0.662241243729763E+00 -0.719770828269852E+00
-0.407777289196735E+00  0.236597894496322E+00  0.881895185798896E+00  0.324568420528298E-01 -0.998646806268822E+00 -0.406338495966134E-01
 0.239615649999239E+00 -0.280602156172651E+00  0.929433574940513E+00 -0.532129272441613E+00  0.457483938612148E+00 -0.712423247320492E+00
 0.960991925305248E-02  0.881465324123871E-01  0.996061161915081E+00 -0.410794425226807E-02 -0.118623806749202E+00 -0.992930771638360E+00
-0.279523570591379E+00 -0.304442974217232E+00  0.910593789202195E+00 -0.594976521267089E+00 -0.700395688530749E+00  0.394269981901300E+00
 0.391802175599547E+00  0.194253356020645E+00  0.899309006332183E+00 -0.471238077652394E+00 -0.484478825963586E+00 -0.737031167158772E+00
-0.112581709999774E+00 -0.418810527354083E-01  0.992759455253537E+00  0.879489330198946E+00  0.382944244067558E+00 -0.282581358199255E+00
 0.332576032127208E+00 -0.200322146248002E+00  0.921555326921350E+00  0.953127827900202E+00 -0.291531584124379E+00  0.809733236329934E-01
-0.449012502920810E-01  0.964634994465820E-03  0.998990964524472E+00 -0.187883453865971E-02  0.238328730472474E+00 -0.971182725449828E+00
-0.826444160175878E-01 -0.220876517694981E+00  0.971793941343560E+00  0.610305348071303E+00  0.632082774849400E+00 -0.477492144285379E+00
 0.173116949243404E+00 -0.149782774840850E+00  0.973445243578514E+00 -0.546099238791069E+00 -0.364955488491744E-02 -0.837712541472883E+00
 0.368778364296946E+00 -0.158893309693593E+00  0.915835920982075E+00  0.601799612990572E+00 -0.347419149634426E+00  0.719122493231640E+00
 0.312022087920912E+00 -0.425324312256777E+00  0.849553674615544E+00 -0.994532502797294E-01 -0.915716117513625E+00  0.389323828110443E+00
-0.171986719886956E+00 -0.169065969051910E+00  0.970483006698759E+00  0.203340161847333E+00  0.518794430429300E+00 -0.830364448622073E+00
-0.222816032796970E+00  0.300543234766802E+00  0.927376288010712E+00  0.815424187630002E+00 -0.578652807815525E+00 -0.156308104447567E-01
-0.878347987825299E-01 -0.538127528126076E-01  0.994680469174680E+00  0.108427089109651E+00 -0.286073987590601E-01  0.993692700528412E+00
-0.138490409405565E+00  0.268688766804167E+00  0.953219152711450E+00  0.251805704467078E+00 -0.440578558960579E+00 -0.861675356838095E+00
 0.363558125868827E+00  0.141135752934637E+00  0.920818216782400E+00 -0.524983021326956E+00 -0.294808987237192E+00 -0.798423752378774E+00
-0.212640417916223E+00  0.173702870785517E+00  0.961567140323173E+00  0.326710317522332E+00 -0.260134420326620E+00 -0.908620081104193E+00
 0.146882332471089E+00 -0.193062997101399E+00  0.970130021985753E+00  0.976872618399488E+00 -0.212936685944076E+00  0.194384978967589E-01
 0.181072542491625E+00 -0.401052062349553E+00  0.897981056393056E+00  0.592726606046545E+00 -0.774160652266848E+00  0.222149622926335E+00
-0.164838710825112E+00  0.945328749926230E-01  0.981779881113452E+00  0.536210540294060E-01  0.764250626025957E+00  0.642686364554055E+00
 0.115874910131961E-01 -0.364245206803214E+00  0.931230991415612E+00 -0.118635568457173E-01 -0.320815843222798E-01 -0.999414842778684E+00
-0.300054588378924E+00 -0.256449609951964E+00  0.918804027825433E+00  0.389550867238615E+00  0.587683340174071E+00 -0.709139206020574E+00
-0.460651465696641E-01 -0.409483925542982E+00  0.911153618767672E+00  0.501476976188812E+00  0.676188618944099E+00 -0.539712695758583E+00
 0.925124768857422E-01 -0.515330471137187E+00  0.851983536893753E+00 -0.263183636833932E+00 -0.915983121841180E+00  0.302835423629654E+00
 0.588791174388828E+00 -0.258166732429203E-01  0.807872794655503E+00 -0.800536290210588E+00  0.141247098259074E+00 -0.582400983248879E+00
-0.505493135871834E+00 -0.234626003317138E+00  0.830317606795066E+00  0.637085727382126E+00  0.686435683878274E+00 -0.350610649958830E+00
-0.143565892215993E+00  0.109797576016813E+00  0.983531050294325E+00 -0.186364592973198E+00  0.109791546570664E+00 -0.976326817611580E+00
-0.263968002155635E+00  0.343074101570018E+00  0.901454965414184E+00  0.329572580684591E+00 -0.257975289190645E+00 -0.908201885170859E+00
-0.115515972253057E+00 -0.486604750337151E+00  0.865951428836370E+00 -0.307476155283819E+00 -0.651904341904772E+00  0.693166028407038E+00
-0.594718242549214E-01  0.293078431704350E+00  0.954236938600425E+00 -0.402808166867701E-01 -0.326566956467686E+00 -0.944315349208346E+00
-0.259316211481950E+00 -0.309313021233861E-01  0.965297030458294E+00 -0.397682930103180E+00  0.338430937809627E+00  0.852826352452740E+00
-0.176789854690985E+00 -0.136804422250951E+00  0.974694771367387E+00  0.153631759168988E+00  0.255119027131460E+00 -0.954626400520193E+00
 0.360286777152513E+00  0.857246378018034E-01  0.928894356039913E+00 -0.779669016392765E+00 -0.165542596274488E+00 -0.603913796576829E+00
 0.507939015024355E+00  0.355571952203773E-02  0.861385694027228E+00  0.770015984885864E+00 -0.159866579929041E+00  0.617671481972452E+00
-0.929563235685207E-01 -0.203170654633551E+00  0.974720886718038E+00 -0.215933127092668E+00 -0.666102116947301E+00  0.713919361288309E+00
 0.283826355859431E-01  0.226676688789762E+00  0.973556420941542E+00  0.530809605270003E+00 -0.847421994145172E+00 -0.108225132073732E-01
 0.128801184767780E+00 -0.328474575386801E+00  0.935689429312353E+00 -0.919223695681716E+00  0.157644827681719E+00 -0.360798982263599E+00
-0.638498391705692E-01 -0.397923992473235E-01  0.997165865340383E+00  0.310924807154233E-01  0.101247794964518E+00 -0.994375251933486E+00
 0.131122193913720E+00  0.166684991393134E+00  0.977252824967789E+00  0.949003377101525E-01  0.988289035266520E+00  0.119493550765180E+00
 0.246811931361839E+00  0.151252079359054E+00  0.957186856902560E+00  0.319570547001524E+00  0.207676529586272E+00  0.924524269312682E+00
 0.146965792467406E-01 -0.103066883865324E+00  0.994565849005855E+00  0.915418527548970E-01  0.324936116653556E+00 -0.941295176492638E+00
 0.395902929109865E-01 -0.297640102323405E+00  0.953856896078303E+00 -0.310141670115516E+00 -0.361599451899929E+00  0.879237158475248E+00
-0.187497896946897E+00  0.840624788968060E-01  0.978661350152449E+00 -0.406718258116352E-01  0.265985901532142E-01  0.998818460776036E+00
 0.104679031980029E+00  0.119998109203585E+00  0.987239967814963E+00 -0.186521723546758E+00  0.306697211431689E+00 -0.933352273873682E+00
 0.693841467301316E-02  0.321799520645045E+00  0.946782407374812E+00  0.348657890555457E+00  0.780825274848319E+00  0.518410614775069E+00
-0.175588650064646E+00  0.237443851727463E+00  0.955399938897477E+00  0.266839561584046E+00 -0.443438500451504E-01  0.962720245625284E+00
-0.214504623881349E+00  0.359196456534557E+00  0.908276209061175E+00  0.363968465025372E+00 -0.912796063877927E+00 -0.185284382061840E+00
 0.323300164611765E+00  0.110552014360676E+00  0.939816607473396E+00 -0.543708409877857E+00 -0.262552318195014E+00 -0.797149575198103E+00
-0.282458812551891E+00 -0.351525568660939E+00  0.892550723370599E+00  0.256521243989858E+00  0.827689775711473E+00 -0.499125722202921E+00
 0.164330317591959E+00  0.714470675674563E-01  0.983814445541504E+00 -0.755443007583524E-01 -0.603474532798328E+00 -0.793795658143059E+00
 0.349638842215484E+00  0.211319518385810E+00  0.912741333107801E+00 -0.635274047283310E+00 -0.306479168128653E+00 -0.708870513106203E+00
 0.424890703038240E-01 -0.193021114977283E+00  0.980274210656204E+00 -0.939866705715773E-01 -0.341462689785368E+00  0.935184333294464E+00
 0.119199141619876E+00  0.941804485419390E-01  0.988393447848337E+00  0.146250534023528E-01 -0.640031848318420E+00 -0.768209177861788E+00
 0.105274742449446E+00  0.829218148147114E-01  0.990979919690625E+00 -0.591030750868973E+00 -0.656916109461524E+00 -0.468128055832154E+00
-0.141161315447592E+00  0.138232771947080E-01  0.989890094924029E+00  0.222000575344064E+00  0.758747710393206E-01  0.972089894848535E+00
-0.105095274427231E+00  0.156175463622563E+00  0.982122297809872E+00 -0.122165884797611E+00 -0.631322966888418E+00 -0.765837324809141E+00
 0.280070683136996E+00 -0.281424190846422E-01  0.959566785948347E+00  0.178471788564135E+00 -0.230448256456662E+00  0.956577974753132E+00
 0.149272572300016E+00  0.525093869713050E-01  0.987400862587649E+00  0.194191776522739E+00  0.957307015653395E+00  0.214132743203214E+00
-0.505370980589728E-01  0.330333840946410E+00  0.942510241453837E+00  0.771100090121256E-01 -0.552067680972843E+00 -0.830226066885048E+00
 0.964069021952682E-01 -0.861125677009986E-01  0.991609971154513E+00  0.433851004149822E-01 -0.436775676391365E-01  0.998103202653468E+00
 0.245734114920986E+00  0.445739431826349E+00  0.860773549593110E+00 -0.408313026680956E+00 -0.757788004985141E+00 -0.508957573618152E+00
-0.217145159890490E-01  0.234338403188491E+00  0.971912543692296E+00  0.604336256985850E+00 -0.373744746199401E+00 -0.703628135580633E+00
-0.632880945727952E+00 -0.549434540786073E-01  0.772297174271928E+00 -0.874550188848555E+00 -0.333428756668250E+00  0.352118206589240E+00
-0.646905197513356E-01 -0.162086176882202E+00  0.984653851827135E+00 -0.783968747220602E+00  0.105578537281971E+00  0.611756631224182E+00
 0.110299424712833E+00  0.108849410590404E+00  0.987919957649475E+00 -0.939261878434051E+00 -0.342565400347060E+00 -0.208822940692987E-01
-0.775863592660604E-01  0.833884865362079E-01  0.993492182741786E+00 -0.293806779807966E-01 -0.275360459258973E-01 -0.999188942060587E+00
 0.333201568260453E+00 -0.142577266370312E+00  0.932013110435226E+00 -0.678386716036458E+00  0.683754292647024E-01 -0.731516414154965E+00
-0.123389045960694E-01  0.130497185580438E+00  0.991371895904334E+00  0.770955286271271E+00  0.636882243193336E+00 -0.299246978387845E-02
-0.355098199282733E+00 -0.180054483041693E+00  0.917325270557150E+00  0.959014675724673E+00  0.255731197253791E+00 -0.122034447988438E+00
 0.107293973246772E+00  0.162090214123870E+00  0.980925463931995E+00  0.490369908806183E+00  0.120891444376488E+00  0.863088993797269E+00
 0.496125570968544E+00 -0.478215846193671E-01  0.866932819701521E+00 -0.997135751981032E+00  0.528398452354631E-02 -0.754478073159030E-01
-0.613914268653549E-01  0.249110874151342E+00  0.966527219009889E+00  0.515282035677525E+00  0.856887794524050E+00  0.150907688252238E-01
 0.304417174084268E-01 -0.131351316758258E-01  0.999450233957191E+00 -0.670998032758744E-02  0.593818953758743E-01  0.998212786266321E+00
 0.168761743719299E-02 -0.109774812060731E+00  0.993955050585496E+00  0.423625781913310E+00  0.601535617921558E+00 -0.677271066316925E+00
 0.704998082285834E-01  0.373570022986188E+00  0.924919031572944E+00  0.572404029130563E+00  0.816739227799344E+00  0.727369315329471E-01
-0.121499763473720E+00 -0.314281661282375E+00  0.941522620470385E+00 -0.120194619276587E+00  0.184478479010346E+00 -0.975459350398050E+00
 0.312131449443459E+00  0.165203163007306E+00  0.935565002124762E+00 -0.384226103638140E+00 -0.317883434129308E+00 -0.866787415453877E+00
-0.561636734132867E-01  0.118634736583801E+00  0.991348294528426E+00 -0.442978965657315E-01  0.477612892323148E-01 -0.997876022164436E+00
-0.359420208000779E+00 -0.854674573261302E-01  0.929253694003356E+00  0.801030620065647E+00 -0.503631500065366E-01 -0.596501046804333E+00
-0.383703161971141E-01  0.372783456527136E+00  0.927124702170433E+00  0.193004570452039E+00  0.508985706229986E+00  0.838858025316672E+00
 0.201314439238968E+00 -0.562204575167307E-01  0.977911937093780E+00 -0.229750121727011E+00  0.491322812465128E+00 -0.840129023137387E+00
 0.115025650469553E+00  0.119818219633516E-01  0.993290257516148E+00 -0.853574007306932E-01 -0.414739398464319E-01 -0.995486828870234E+00
-0.100871736627843E+00 -0.510299915154920E+00  0.854060237537473E+00  0.186110159923272E+00 -0.877338123284727E+00  0.442313040509283E+00
-0.409905702251373E-02 -0.329694189568711E-01  0.999447955195853E+00 -0.181672276513970E+00 -0.884091454633611E+00  0.430554855726954E+00
 0.118384609381365E+00  0.114088438021116E+00  0.986391865625180E+00 -0.132692134007256E+00  0.698784514530188E-01  0.988690952520113E+00
-0.196744172840842E+00  0.190333484140547E+00  0.961802939935251E+00 -0.145903662430567E+00 -0.743338994986843E+00 -0.652808746740802E+00
 0.508680828761293E+00  0.447750288255514E-01  0.859790097200704E+00 -0.734993690909419E+00 -0.324035654573740E+00 -0.595638454843470E+00
-0.179905192112662E+00 -0.884105925926849E-01  0.979702857487063E+00 -0.160493003714573E+00  0.161208521974567E+00  0.973783244978804E+00
-0.150285345024042E+00  0.126989731901997E+00  0.980452917310395E+00  0.889994664734381E+00 -0.140394498934158E+00 -0.433818950039488E+00
 0.243880086788611E-01 -0.398655743293029E+00  0.916776321341341E+00 -0.830232473904415E-01  0.828089621356617E+00 -0.554413852094444E+00
-0.267275811437733E-01  0.328382074341523E+00  0.944166748862383E+00 -0.962090491966102E-01 -0.530789082294632E-01 -0.993944892010544E+00
-0.221557278689558E+00 -0.489428350287521E-01  0.973918359596443E+00  0.280587321925807E+00  0.680267857983438E+00 -0.677131003698050E+00
-0.168448231615912E+00  0.551068159215633E-02  0.985695097712199E+00 -0.553285235614587E+00 -0.197517325907039E+00  0.809235660371837E+00
-0.105720797106852E+00 -0.337244695673615E-01  0.993823813968800E+00 -0.111574961049564E+00  0.987686660485847E+00  0.109663525226497E+00
-0.232898623017623E+00  0.313704017128442E-01  0.971994922462494E+00 -0.678360848716708E+00  0.488554349419802E+00  0.548763342973401E+00
-0.334378619733289E-01 -0.135252696954901E+00  0.990246745691738E+00  0.215354005423144E+00  0.132237276972933E+00 -0.967541190299923E+00
 0.135396831739904E+00 -0.138090275492814E+00  0.981121182000019E+00 -0.969731494292038E+00 -0.983694518941166E-01  0.223482169114634E+00
-0.646666869991667E-01  0.145936161511086E+00  0.987178229275728E+00 -0.193953064205433E+00 -0.266443814905950E-01 -0.980648910579269E+00
-0.125863287797863E+00  0.993630528583455E-01  0.987058973167957E+00  0.846217669980554E+00 -0.524471869469121E+00 -0.940473984129697E-01
 0.227820141357740E+00 -0.387215969206951E-02  0.973695532274365E+00  0.797458908054185E+00  0.273916700001549E+00  0.537614110143408E+00
-0.440523477445389E+00 -0.158614157656245E+00  0.883617912228143E+00  0.149263899945592E+00  0.603277774984080E+00 -0.783438711312691E+00
-0.214593239643680E+00  0.879133820035427E-01  0.972738905752170E+00 -0.642770142355644E+00  0.107803276839263E+00  0.758435888917990E+00
-0.955599070496271E-01  0.739044709254948E-01  0.992676399105917E+00  0.144093993656725E+00 -0.920597697026349E-01  0.985272510422550E+00
 0.423674997359021E-01 -0.430701323280341E+00  0.901499509201581E+00 -0.268581629168399E+00  0.636868785034115E+00 -0.722677008851409E+00
