#          Em_x [n.u.]            Em_y [n.u.]            Em_z [n.u.]            En_x [n.u.]            En_y [n.u.]            En_z [n.u.]
-0.113909705018985E+00  0.102282834972728E+00  0.988211920982756E+00 -0.503967654844648E-01 -0.242271299078195E+00 -0.968898747894571E+00
 0.942013403746191E-01 -0.222073947735646E-01  0.995305450145329E+00 -0.675057601187954E+00 -0.185369238846541E+00 -0.714097668647517E+00
 0.820676814002095E-01 -0.115159775509919E+00  0.989951070393936E+00  0.375302378686865E+00 -0.252047871485014E+00  0.891975333196975E+00
 0.209137894391622E-01 -0.337897874244880E+00  0.940950391886887E+00 -0.619403016241051E-02 -0.239970781255767E-01 -0.999692839942241E+00
 0.246409678934164E+00  0.973060184727817E-01  0.964268535676933E+00  0.340914280164459E-01 -0.225658786704192E+00  0.973609719815384E+00
 0.511249250418809E-01  0.640584036430687E+00  0.766184269160905E+00  0.701333570131649E-01  0.640174595438054E+00  0.765021437340019E+00
 0.714379850056225E+00 -0.159664781313588E+00  0.681299190841828E+00  0.807105299488943E+00 -0.585136453806871E+00 -0.787169992008208E-01
-0.154055641763264E+00 -0.107167885477913E+00  0.982233120782995E+00 -0.883702405320853E-02 -0.175624092960069E-01  0.999806715713394E+00
-0.315636084354206E+00 -0.237645242969732E+00  0.918639537983970E+00  0.469431815475688E-01  0.547657898434025E+00 -0.835384440834889E+00
 0.160228438474241E+00  0.267019730325344E+00  0.950277491641829E+00 -0.759172022998344E+00 -0.490883636469874E+00 -0.427423788461421E+00
-0.458146549554674E-01  0.331152296026496E+00  0.942464415364151E+00  0.123806957609460E+00  0.570190937206213E+00  0.812129381549140E+00
 0.975184917094085E-02  0.240410916860435E+00  0.970622219244991E+00 -0.532856247358669E-01  0.106277786912077E+00  0.992907686648452E+00
 0.933563887916916E-01 -0.265452674189124E+00  0.959593383906755E+00  0.280947202100188E+00 -0.950390474011466E+00  0.133516353082072E+00
-0.292830421100123E+00 -0.947703245451543E-02  0.956117424971526E+00  0.652152545138550E+00 -0.101262263176596E+00 -0.751294224605557E+00
-0.750859749690922E-01  0.187850087396105E+00  0.979323460879099E+00  0.401599658500056E+00 -0.839981115054146E+00 -0.364896479354119E+00
 0.682578197155175E-01 -0.123102546474390E+00  0.990043753123671E+00 -0.138015358625765E-01  0.396858529344368E+00 -0.917776021311550E+00
 0.197709635571413E+00 -0.130996371200876E+00  0.971468399246430E+00 -0.235049337767075E+00 -0.611399280785377E-01  0.970058615759796E+00
-0.103292826342125E+00 -0.295096394076953E-01  0.994213142745701E+00 -0.838614123628538E+00 -0.536698761845452E+00  0.931707608871851E-01
-0.231135466319980E+00  0.535396057848366E+00  0.812359192383193E+00  0.319122117983482E+00 -0.936081256620961E+00 -0.148030249667626E+00
 0.318505762998203E+00 -0.976317948379745E-01  0.942879690932861E+00 -0.940199242740524E+00  0.274889045660413E+00 -0.201150184007004E+00
 0.272496480699296E+00 -0.156884257163876E+00  0.949280252539068E+00 -0.630952472631506E+00 -0.190881045458329E+00 -0.751973007337979E+00
 0.182639223851912E+00  0.209358215033914E-01  0.982957071946049E+00 -0.545568774516569E+00  0.210074986681759E+00 -0.811309566221888E+00
 0.556641656281376E+00  0.174636664084061E+00  0.812189695853079E+00 -0.601330002376126E+00 -0.228852181801822E+00 -0.765525249176586E+00
-0.207566101522396E+00 -0.308909840653031E+00  0.928165407589894E+00 -0.319111214602686E+00 -0.865598128952700E+00  0.385885879332717E+00
 0.584330402277772E+00  0.337093819764939E-01  0.810815428158998E+00  0.879675291211681E+00 -0.564012039287478E-01  0.472218472983674E+00
-0.468242123874631E+00 -0.193707097875157E+00  0.862106068684219E+00 -0.997453488864117E+00 -0.261941812647159E-01  0.663355290976951E-01
-0.961732232435720E-01  0.106105263002451E-01  0.995308056765630E+00  0.119844913314155E+00  0.291558012088788E+00  0.949015870436083E+00
 0.975973606129644E-01 -0.131680420162708E+00  0.986476062632619E+00  0.588132246770010E-02 -0.850910521326236E-02 -0.999946501156187E+00
-0.123147853438520E+00  0.101867145656247E+00  0.987146235787451E+00 -0.239691352910212E+00  0.926036193451036E-01  0.966422591325482E+00
 0.188030123667683E+00 -0.262629051357698E+00  0.946398781685855E+00  0.729011681206336E+00 -0.529403564481922E+00  0.433905329050643E+00
 0.271642857615305E-01 -0.157837371533236E+00  0.987091417107121E+00  0.536938355335419E+00 -0.188182895218887E+00  0.822365126033888E+00
 0.247943311418834E+00  0.212705526018375E+00  0.945135161510728E+00 -0.466408144202386E+00 -0.459575760085941E+00 -0.755813180464006E+00
 0.125068446015505E+00 -0.325406121791644E+00  0.937266632133988E+00 -0.815294888555762E-01  0.727695776521282E+00 -0.681037296541120E+00
 0.232140421248891E+00 -0.185588186417787E+00  0.954812992100832E+00  0.825687159797080E+00 -0.510871382088773E+00  0.239272115193012E+00
-0.109111855583108E+00 -0.304905058897543E+00  0.946111784108990E+00 -0.158290299495075E+00  0.986902048843502E+00 -0.311211676236157E-01
 0.477558361021716E+00 -0.764769959885192E-01  0.875265263164730E+00  0.690548303109799E+00 -0.678721271436592E+00  0.249960950493618E+00
-0.163281771594449E+00  0.937003054330087E-01  0.982119807267290E+00  0.146240248341125E+00 -0.183801093395078E+00 -0.972024149819283E+00
-0.372348112757269E+00 -0.654128265800378E-01  0.925785096577445E+00  0.946986846170948E+00 -0.246141529555762E+00 -0.206470967952281E+00
 0.348644812454636E+00  0.124104597645148E+00  0.929002068669283E+00 -0.198049313422771E+00  0.129999138434013E+00 -0.971533166422631E+00
 0.210684769636647E+00  0.361322052783747E+00  0.908327199865385E+00 -0.255215465371349E+00 -0.920915890809289E+00 -0.294582735899813E+00
 0.371423064122159E+00  0.143202435256885E+00  0.917353786700968E+00  0.442143131902929E-01 -0.578171170549428E+00 -0.814716632980213E+00
-0.589811876714210E-01 -0.177524917966009E+00  0.982347251740458E+00 -0.977169423048363E+00 -0.882222945011665E-01  0.193278931630635E+00
 0.153234234571951E+00 -0.410454905068948E-01  0.987337093937120E+00 -0.870444294297067E+00 -0.214028480685683E-01 -0.491801432104701E+00
-0.653099167233385E-02  0.796190379993355E-01  0.996803970164564E+00 -0.536006012190642E+00 -0.825627149624826E+00 -0.176174245274020E+00
 0.111063757468659E-01 -0.572629511261672E-01  0.998297351917800E+00  0.799258303314981E+00 -0.471195855568774E+00  0.373042397425371E+00
 0.139294356246288E+00 -0.330321512353826E+00  0.933533492058112E+00 -0.275554902891206E+00 -0.813967183700652E-01 -0.957833007225791E+00
-0.481515088953706E+00  0.748233473739260E-01  0.873238046467093E+00 -0.798438169639078E+00  0.313668114299358E+00  0.513915171341813E+00
 0.227899829923435E+00  0.538936843508463E+00  0.810930790036982E+00 -0.729583547030135E-01  0.318217802797793E+00  0.945206066665663E+00
-0.144818674643341E+00 -0.722222858213974E-01  0.986818875430177E+00  0.545448337976569E+00 -0.365955940440855E+00 -0.754030742247720E+00
 0.154512796228489E+00  0.516437228796434E+00  0.842269781313988E+00  0.606600845177873E+00  0.732998794346473E+00  0.307811926533242E+00
-0.987292834310097E-01  0.263524343760494E+00  0.959587124152257E+00 -0.629439338907480E-01 -0.422504946279003E+00 -0.904172346157597E+00
-0.263165570902443E+00 -0.846197875232616E-01  0.961032452028083E+00  0.421285127098232E+00  0.904884546742537E+00  0.608506265570005E-01
-0.758801286040869E-01  0.184922973298758E+00  0.979819218034314E+00  0.215067438695797E+00 -0.191600171800731E+00 -0.957619637945442E+00
-0.188524328161620E+00  0.264865820771468E+00  0.945676834166020E+00 -0.927872198492924E+00 -0.324610884484886E+00  0.183523723092812E+00
-0.110581223906918E+00 -0.753061720508759E-01  0.991009976423190E+00 -0.455068623174856E+00  0.108064630645893E+00  0.883874755723404E+00
 0.158668040728193E+00 -0.319295027558106E+00  0.934277869923154E+00  0.531842403396222E-01 -0.846056054360164E+00  0.530434340385319E+00
 0.225644273974793E+00 -0.173572692189368E+00  0.958622544147864E+00  0.417524491990271E+00 -0.500417850613383E+00  0.758455848006822E+00
 0.243708085422949E+00 -0.105508911360005E+00  0.964092443038066E+00  0.215108729953965E-01 -0.376639482816100E-01  0.999058911847953E+00
-0.112275364690284E+00  0.299206774859911E+00  0.947559786167392E+00  0.122213125011689E+00 -0.299577962356939E+00 -0.946211919468859E+00
-0.841102672363089E-01  0.175618508586461E+00  0.980858604686376E+00  0.343827178353215E-01  0.438182336650193E+00  0.898228294233728E+00
-0.327213571252836E+00  0.480606696334522E-01  0.943727424006714E+00 -0.462198910657194E+00  0.884741526027507E+00  0.600383136823503E-01
 0.356681484133610E-01 -0.198492988706646E+00  0.979453070148369E+00  0.552233291785179E-01  0.288437926860880E+00 -0.955904778867979E+00
 0.136963778594949E+00  0.489803838290327E+00  0.861007040243607E+00  0.487650845523584E+00  0.800495211273615E+00  0.348430867731526E+00
-0.400102145724667E+00  0.158461247612790E+00  0.902667328527800E+00 -0.162383055478261E-01  0.440084047669814E-01  0.998899182972336E+00
 0.262897102798216E+00 -0.554124758904297E-01  0.963231317418613E+00  0.490263903943795E+00 -0.110780707129906E+00  0.864505025675147E+00
-0.178911760523746E+00  0.281924695654406E+00  0.942607578967231E+00  0.408742795880669E+00 -0.587782509701832E+00 -0.698169784582711E+00
 0.603728776610390E+00  0.140687908684254E+00  0.784677307332494E+00  0.673451349847809E+00  0.618996678544776E+00  0.404111854984111E+00
 0.150929830413225E+00  0.213741993106203E+00  0.965160373551682E+00 -0.704708120974968E-01  0.605941018078204E-01  0.995671742829143E+00
-0.239011156936381E+00  0.403079575462669E+00  0.883402808861715E+00 -0.494330739548063E+00  0.589729407596022E+00  0.638636317284187E+00
 0.389861209294389E-01  0.209363838781827E+00  0.977060318191980E+00 -0.296696171852706E+00 -0.147298856139850E+00 -0.943543548856035E+00
 0.154104263552213E+00  0.470037572792573E-01  0.986935926368406E+00  0.686958474076410E+00  0.555522399348260E+00  0.468490041214286E+00
-0.206223853079502E+00  0.371898044330365E+00  0.905076553140282E+00  0.757653472787709E+00 -0.556395902482846E+00 -0.341152187261088E+00
 0.547886679899731E-01  0.142944572344331E+00  0.988213059566195E+00  0.424840146780309E+00 -0.218353678031000E+00 -0.878539993952478E+00
 0.215083992927050E+00 -0.182578695291452E+00  0.959376826910171E+00 -0.613467306228765E+00  0.257389849068572E+00 -0.746597836713234E+00
-0.230283152977989E+00  0.247651749084680E+00  0.941083567293476E+00 -0.767816093890272E-01 -0.402696959061577E+00 -0.912107309269139E+00
 0.130396896212995E+00 -0.154874539876971E+00  0.979290828281320E+00  0.584440104682258E-01 -0.143894938945092E+00 -0.987865650878893E+00
 0.507665518000694E+00  0.252312560183746E-01  0.861184710473208E+00  0.652584461695051E+00  0.190255887433272E-01  0.757477093598975E+00
-0.958333071489455E-01 -0.226298306203826E+00  0.969332272159642E+00  0.643718022511619E-01 -0.202421009130684E+00  0.977180641507727E+00
-0.323723029186523E+00 -0.237520066413001E+00  0.915853491790835E+00  0.256626956198016E+00  0.893627052968887E+00 -0.368202791345589E+00
 0.155939751282270E+00 -0.471431626995875E-01  0.986640925656697E+00 -0.156662721644782E+00  0.138732328893421E+00  0.977859975950881E+00
-0.421527233147721E-01  0.465562911526022E+00  0.884010363812869E+00  0.467552513121691E+00 -0.760030362338642E+00 -0.451385085926620E+00
-0.142963056063295E+00  0.294267283462843E+00  0.944970015653641E+00  0.427781814924342E+00 -0.820044031755316E+00 -0.380171678064690E+00
-0.227521626483528E+00  0.130156860727369E+00  0.965035284892675E+00 -0.235866541034928E+00  0.449481771040433E+00  0.861587553486339E+00
 0.347967214533869E-01  0.519635941910761E+00  0.853678906879285E+00 -0.127667389709229E+00 -0.778808207235662E+00 -0.614132570335759E+00
 0.224933146686654E+00  0.144791116014189E+00  0.963556232009843E+00  0.451088027605018E+00  0.486129249759319E+00  0.748463722487507E+00
-0.367707866652923E+00  0.609177155188610E-01  0.927943940514469E+00  0.617912658634035E+00 -0.691578701076305E+00 -0.374035889344096E+00
 0.248766902434346E+00 -0.223565478662822E-01  0.968305330472121E+00 -0.686844092588249E-01  0.892243055356924E-01  0.993640516095454E+00
-0.763816276569770E-01  0.158536060815023E+00  0.984394313462713E+00  0.114575683453851E+00  0.368566201012458E-01  0.992730578916453E+00
 0.369639804684663E+00  0.862420259214242E-01  0.925164162599078E+00 -0.837693314056605E+00 -0.773873184458345E-01 -0.540630293757782E+00
 0.335025664171882E+00  0.365102649119424E+00  0.868595337284382E+00  0.624778887676860E+00  0.424320985478539E+00  0.655441105512758E+00
-0.412731953733530E-01 -0.393148994396476E+00  0.918547979992723E+00  0.108252318544514E-01  0.997264621262111E+00  0.731169579115292E-01
-0.150664347136197E+00 -0.221424782974137E+00  0.963468380377311E+00  0.279450880120549E+00 -0.604168531604469E+00 -0.746249014082263E+00
 0.155678784101514E+00  0.175893857871005E+00  0.972021330498425E+00  0.742078145137786E+00  0.339528497022692E+00  0.577962305188128E+00
-0.247889707041144E+00 -0.167867148394342E+00  0.954133802793407E+00  0.222009398152805E+00 -0.731445704553117E+00  0.644747243827085E+00
 0.205317966138980E+00 -0.313361077732568E-01  0.978193529486970E+00  0.767982699713145E+00 -0.619744225023816E+00  0.161615805201531E+00
-0.362473179658028E+00 -0.969704581450701E-01  0.926935771386418E+00 -0.321318769596924E+00  0.644636247678833E-01  0.944774411902918E+00
 0.242176175062123E+00  0.257734334537988E+00  0.935373568705328E+00  0.424175492998458E+00  0.554060991017316E+00  0.716304103975696E+00
-0.109835148146904E+00 -0.531768366623507E+00  0.839737247292339E+00  0.198323529600894E+00  0.856569565948069E+00 -0.476399366391455E+00
-0.331231427509350E+00  0.930753855223854E-01  0.938947663099482E+00  0.808861320549538E-01 -0.292145956454850E+00 -0.952947099144685E+00
 0.772619272686510E-01 -0.703319121164055E-01  0.994527031675250E+00  0.112614298279690E+00  0.462271158426240E+00 -0.879558636993711E+00
-0.227653306637240E-01 -0.384853189564679E+00  0.922697004547898E+00  0.362594470568297E+00 -0.742938326812459E+00  0.562643663846311E+00
 0.533143815591649E+00  0.517345598870667E-01  0.844441358064413E+00 -0.882556952241954E+00  0.109886571339922E+00 -0.457185047315142E+00
-0.892890094009982E-01 -0.234165884918321E+00  0.968087708392482E+00  0.800032550287331E-01 -0.984606810466696E+00  0.155399189082204E+00
 0.264106688111435E+00 -0.776051315444716E-01  0.961366267794317E+00 -0.263877029063478E+00  0.979881034081913E-01 -0.959566175478845E+00
-0.159498791350057E+00  0.200537255309588E+00  0.966615199958478E+00  0.154472978557948E+00 -0.343632289725412E+00 -0.926312554353824E+00
 0.316097287100510E+00 -0.156645452764400E+00  0.935705459648459E+00  0.620133770644617E+00 -0.732509804190122E-01  0.781068755215405E+00
 0.230072790399120E-01  0.257815577845515E+00  0.965920179378898E+00  0.400063563213709E+00  0.847220676205701E+00  0.349522919417749E+00
-0.217377981213826E+00 -0.839157530952930E-01  0.972473629290713E+00 -0.565639836444593E+00 -0.799345545125890E+00  0.202727094672439E+00
-0.279414935470683E-01 -0.194434181404740E+00  0.980517527655589E+00 -0.241018773591552E+00  0.206111817081401E+00 -0.948381710934910E+00
-0.214058156108844E-01  0.321462032617240E+00  0.946680491318811E+00 -0.678812351233882E+00 -0.718004801094734E+00 -0.153892486552268E+00
-0.149449859328306E+00  0.266364534567729E+00  0.952215665840080E+00  0.113917649587261E+00  0.618801758928752E+00  0.777243303129205E+00
 0.154867322493568E+00  0.147150033101338E+00  0.976915032222326E+00  0.876068109729938E-01  0.531383362693529E+00  0.842589323765534E+00
-0.878985947518463E-02 -0.481050254293725E-01  0.998803606771044E+00 -0.496265669734308E-01  0.405949463779296E+00 -0.912547114787907E+00
-0.156277690487887E+00 -0.166671347586412E+00  0.973549148913141E+00  0.911327527152420E-01  0.103414086094261E+00 -0.990454616920852E+00
-0.235824707741246E+00 -0.722548085919767E-01  0.969105747508544E+00 -0.949868615006000E+00  0.234558003844410E+00  0.206717578011909E+00
-0.175235383828942E+00  0.252597560106776E+00  0.951570823891962E+00 -0.549773594715349E+00  0.289414394866154E+00  0.783574056868922E+00
-0.320825920085196E+00 -0.387578840363298E+00  0.864206787467056E+00 -0.613163702260168E-02 -0.435792114260932E-01  0.999031158352382E+00
 0.851487840420785E-01 -0.153125315069146E+00  0.984531524361272E+00 -0.450513281270742E-01 -0.139376441108881E+00 -0.989214125201318E+00
 0.471338092410013E+00 -0.467323999607214E-02  0.881940226699763E+00 -0.398656044230118E+00 -0.251190746994995E+00 -0.882029799396194E+00
-0.977642707295142E-02  0.426969611212206E-01  0.999040234917844E+00  0.123220430051654E+00 -0.487971257410163E-01 -0.991178876962832E+00
-0.427368984387164E-01 -0.348562376596578E+00  0.936310753507181E+00 -0.340098271230048E+00  0.851291391451182E+00 -0.399544907047308E+00
-0.112375109523822E+00  0.145666311606163E-01  0.993559081291163E+00 -0.142269983350094E+00 -0.964210660311308E-01 -0.985120413890091E+00
 0.467497912187894E-01 -0.149715425947478E-01  0.998794428265063E+00 -0.198441273110526E-01 -0.225654585929835E-01 -0.999548403375120E+00
 0.338505119511567E+00  0.139365063502722E+00  0.930586730584174E+00 -0.830946189359393E+00 -0.142238929531546E+00 -0.537862916842966E+00
 0.809154031074373E-01  0.121565887059279E+00  0.989279754489827E+00  0.230115243784994E-02  0.484639198287847E-01  0.998822283077569E+00
-0.261436504285002E+00 -0.126066864185384E+00  0.956952506648946E+00 -0.621681455766964E+00  0.630977745742983E+00  0.464089702463404E+00
-0.204885793501526E+00  0.133437721380585E+00  0.969647454559650E+00 -0.664795323340246E+00  0.194756952971049E+00  0.721191311188904E+00
 0.244965162070094E-01 -0.174519886065449E+00  0.984348886351492E+00 -0.322459129126031E-01 -0.289975360350374E+00  0.956490716886528E+00
 0.393494771050155E+00 -0.194173932233868E+00  0.898586862355011E+00  0.892755221065402E+00 -0.257737655389687E+00  0.369539465084168E+00
-0.186827338741482E-01  0.182454228870459E+00  0.983036830348830E+00 -0.373313237814361E+00  0.229808137958731E+00  0.898791102648719E+00
 0.306622921947189E+00  0.914048788672538E-01  0.947432072423047E+00  0.730492889455580E+00 -0.647825872901586E+00 -0.216105938960816E+00
-0.127711297099272E+00 -0.419197504211836E-01  0.990925102678223E+00 -0.446552397288760E-02  0.843629843307481E-01 -0.996425082969341E+00
-0.447240355083944E-01 -0.660081836137351E-02  0.998977572243143E+00  0.118552242339144E+00 -0.768397900845357E-01 -0.989970207883109E+00
-0.118631132698311E+00 -0.348258976565695E+00  0.929861462582535E+00 -0.164442050803677E+00  0.639687568652129E+00 -0.750838615442366E+00
-0.919865549418387E-01  0.144527535799515E-01  0.995655357854258E+00 -0.656564452163490E+00  0.352462706115840E+00  0.666853177958054E+00
 0.290605391471416E+00 -0.126803340026401E+00  0.948403616297352E+00 -0.903312256295791E+00 -0.560906307344582E-01 -0.425300845013994E+00
-0.396216652631284E-01  0.629854124342626E-01  0.997227637734867E+00  0.989583761089345E+00  0.885548268612951E-01 -0.113498997475009E+00
-0.160569596923814E+00  0.229566395974664E+00  0.959956600260099E+00  0.816101250903328E+00  0.540946254476049E+00  0.203361495968033E+00
-0.332112608226352E+00 -0.449874378776512E+00  0.829044183851221E+00 -0.852928128681589E+00 -0.373168230696552E+00  0.365046680443101E+00
-0.278809187151334E+00  0.725046059734732E-02  0.960319149023458E+00 -0.850159950599880E+00  0.132201247477286E+00  0.509657618957531E+00
-0.373041732686891E-01 -0.472824608529081E-01  0.998184736184857E+00  0.111445810853392E+00 -0.209410955508065E+00 -0.971456063317549E+00
 0.288493645014999E+00 -0.207236361373425E+00  0.934785808252705E+00  0.999670788739906E-01 -0.885989986691886E+00  0.452800537348526E+00
 0.229756769981514E+00  0.538359423177375E-01  0.971757952353580E+00 -0.643953278346403E+00 -0.117361491784551E+00 -0.756009560490490E+00
-0.170590435107856E-01 -0.114588521048639E+00  0.993266560334326E+00  0.114615134697658E+00  0.112021716614824E+00 -0.987073708445781E+00
 0.246943077751098E+00  0.840871413795552E-01  0.965374781629099E+00 -0.876145811355623E+00  0.332868144056678E+00 -0.348665048314654E+00
 0.211906164853014E+00  0.187965973760983E+00  0.959043570441600E+00 -0.730957561138184E+00 -0.395999883439264E+00 -0.555774357208937E+00
 0.472383347969278E-01 -0.515749314674131E-01  0.997551284982253E+00 -0.882365866939282E+00 -0.457560976875079E+00  0.109856403097924E+00
-0.311182608920616E+00 -0.230834101196380E+00  0.921889907543313E+00 -0.449621831629981E+00  0.150284838042596E+00  0.880485477436290E+00
 0.281803060675847E+00  0.259492363751511E+00  0.923715729079233E+00  0.650296891082178E+00  0.756255561145341E+00 -0.720519235385070E-01
-0.185412543876726E+00  0.890904879008609E-01  0.978613853130410E+00  0.340168946326146E+00 -0.208222265373667E+00 -0.917021578894422E+00
-0.311294754397550E+00  0.249215932263093E+00  0.917053430826583E+00  0.599225894630498E+00 -0.401263427208716E+00 -0.692759690793998E+00
-0.883663163835245E-01  0.649391589364437E-01  0.993968963180156E+00  0.490826152128890E+00 -0.104038065560156E+00 -0.865023565748846E+00
 0.132711885945512E+00 -0.814562663972074E-01  0.987801818176810E+00  0.397078249627332E-01 -0.342371354278144E-01  0.998624607745286E+00
-0.138076758668574E+00 -0.754493870187961E-01  0.987543517377370E+00  0.115160989398992E-01 -0.500439278183984E-01 -0.998680621997700E+00
-0.396556959102634E+00 -0.232516875230330E+00  0.888075718010798E+00 -0.766095779600717E+00 -0.627715104877355E+00  0.138097804424186E+00
-0.263034371986243E+00 -0.387933182379648E+00  0.883357665480185E+00  0.247009363411500E+00  0.830347251523174E+00 -0.499509575759021E+00
-0.201761421111012E+00 -0.200531190975338E+00  0.958686377496456E+00  0.686512722262835E+00  0.434828485414697E+00 -0.582773086581075E+00
 0.256317663008525E+00 -0.274493436589716E+00  0.926798041052643E+00 -0.335372458111153E+00  0.287620575513138E+00 -0.897106302999803E+00
 0.239911754635244E+00 -0.242361455180775E+00  0.940054931921798E+00  0.330695718450595E-01 -0.936096529559038E+00  0.350185223511086E+00
 0.282266233299162E+00 -0.180106564526849E+00  0.942277771654112E+00 -0.454841628600017E+00 -0.174570162078119E+00 -0.873295111290853E+00
 0.277924699584306E+00 -0.292338472266989E+00  0.915038840155748E+00 -0.940178298570152E+00  0.290001281372062E+00 -0.178784853106454E+00
-0.802147996245367E-01 -0.259575948527065E+00  0.962385532345260E+00 -0.525692572778543E+00 -0.713353031878031E+00  0.463437990281221E+00
 0.399306682840682E+00 -0.532891004478382E-01  0.915267417104002E+00 -0.192417043848003E+00 -0.965200750931319E+00  0.177096560210561E+00
 0.282878452503188E-01  0.140306410997214E+00  0.989703950100319E+00 -0.502660895403831E-01  0.501410835519933E+00 -0.863747934449351E+00
 0.320383744372217E+00 -0.137655001658371E+00  0.937232818919862E+00  0.512352494679558E+00 -0.112287158167677E+00  0.851402675181527E+00
-0.267237602487206E+00  0.673524949555831E-01  0.961274001125667E+00 -0.463475068553366E+00  0.527135348569896E-01  0.884540640147379E+00
-0.210211006780154E+00 -0.982124628093618E-01  0.972710462973126E+00  0.418104599344404E+00  0.315755283357828E-01 -0.907849949065026E+00
 0.123599243772164E+00  0.171318535842932E+00  0.977431934313374E+00 -0.493153313438412E+00 -0.859982387354830E+00 -0.131263486485017E+00
-0.218028462456928E+00  0.186372096805935E+00  0.957981748829709E+00 -0.744089605835345E+00  0.498379994083351E+00  0.444913519670149E+00
 0.263332913667136E+00  0.339925605004348E-01  0.964105949784670E+00  0.858587502694432E+00  0.352127616547463E+00  0.372603867239112E+00
 0.306687718457569E+00  0.472472685605758E+00  0.826264004240638E+00 -0.717303090562738E+00 -0.417148341397643E+00 -0.558089184215516E+00
 0.211762899457038E+00 -0.207086175643566E+00  0.955129200826187E+00  0.583093120775518E-01 -0.945154574169774E+00  0.321376500464790E+00
-0.292751184463635E+00 -0.575606197595804E-01  0.954454566256578E+00 -0.370714976432662E+00  0.581545294405949E+00  0.724137747119171E+00
 0.141513106762618E+00 -0.342807028290471E-01  0.989342647432091E+00 -0.768334450423991E+00  0.161367316779195E+00 -0.619372877487501E+00
 0.252110647093965E+00  0.174278343000180E+00  0.951875664560752E+00  0.224592360662790E+00 -0.130296351773832E+00  0.965702403562477E+00
 0.129178776936803E+00  0.815213808540997E-01  0.988264695338628E+00 -0.179783864523281E-01 -0.757469713578997E+00 -0.652622716913166E+00
-0.179560624652727E+00 -0.190554979930487E+00  0.965114905955770E+00  0.212409304181690E+00 -0.736685185953694E+00  0.642010299211330E+00
 0.405094488294316E+00 -0.384669916837933E+00  0.829413956136177E+00  0.215782117015889E+00 -0.780797084659052E+00  0.586339484056862E+00
-0.338122757123029E+00 -0.197379115534268E-01  0.940895007938203E+00  0.569786389705640E+00 -0.294114924055844E-01 -0.821266360093173E+00
-0.214632409169882E-01  0.208980190313182E-01  0.999551200334383E+00 -0.163260598548188E+00  0.178696796896120E+00  0.970264619441910E+00
 0.153830946977195E+00  0.907619062822951E-01  0.983919872814907E+00  0.614139898387114E+00  0.195252021554507E+00  0.764662561714606E+00
 0.104987400684661E+00  0.946162686058261E-01  0.989962326259231E+00  0.348449982201701E+00  0.937209824174590E+00 -0.148443718044168E-01
 0.374396760882006E-01 -0.344123766004290E+00  0.938177544138334E+00 -0.813577912992017E+00  0.304602609099199E+00 -0.495286008303803E+00
 0.352761162593241E+00  0.246382165477631E+00  0.902693409026796E+00  0.642271808807913E+00  0.305760672066134E+00  0.702849439800785E+00
 0.173237502789889E-01  0.203876846228689E+00  0.978843255709572E+00 -0.270418084468156E+00 -0.860139500142453E+00 -0.432474392175150E+00
 0.137519473392557E+00 -0.146665311749955E+00  0.979580359524997E+00 -0.747792650391844E+00  0.435914517307395E+00 -0.500784070853498E+00
-0.151065387334373E+00 -0.746196095282439E-01  0.985703384707270E+00 -0.620109522930677E+00 -0.375649830054711E+00  0.688731721899431E+00
-0.191407572097793E+00 -0.251423010901225E+00  0.948762146658998E+00  0.758079361482456E+00  0.523470908067130E+00 -0.388965152811568E+00
-0.313812269325826E+00 -0.191131665508549E+00  0.930048679403666E+00 -0.537603201780929E+00 -0.480794829050329E+00  0.692689778900598E+00
 0.743961010580520E-01  0.219680180398116E+00  0.972731123429086E+00  0.988340762955498E-01  0.553536227116337E+00  0.826939822860537E+00
-0.240248981626011E+00  0.676840419938390E-01  0.968348747759319E+00 -0.489584617258783E+00 -0.184930871007332E-01  0.871759661990078E+00
 0.258342228024177E-01 -0.221079859056617E+00  0.974913477623374E+00 -0.404382316482898E+00 -0.655771965025104E+00  0.637524957945208E+00
-0.233417460085132E+00 -0.653570591860478E-01  0.970177686891405E+00  0.416317835665599E+00 -0.125232800439047E+00 -0.900553277380581E+00
-0.148740152933276E+00 -0.756844923124551E-01  0.985975772789977E+00 -0.389165264957559E+00  0.509745270939765E+00 -0.767274498015579E+00
 0.107490581749779E+00  0.109867766780004E+00  0.988116819337607E+00  0.734681255772869E+00  0.600234833853181E+00  0.316167039150580E+00
 0.351883516726548E-02 -0.326729772378396E-01  0.999459901325451E+00  0.175518519970559E+00  0.429526923841847E+00 -0.885832868459002E+00
 0.230244317181505E+00  0.181471046987749E+00  0.956062661916463E+00 -0.233560281603068E+00 -0.130816943217553E+00 -0.963502217031549E+00
 0.624569737634069E+00 -0.226043471273982E-01  0.780641842538981E+00  0.927783204423450E+00 -0.132484148710708E+00  0.348806932170441E+00
-0.220067153383050E+00  0.111435690600449E+00  0.969098826158758E+00  0.747711392914524E-03 -0.766670449294661E-02 -0.999970330844816E+00
 0.229542100738334E+00  0.337533360133591E+00  0.912897395541010E+00 -0.204300098212621E+00 -0.430406238459311E+00 -0.879210975685370E+00
-0.271016326823323E+00 -0.260929397657422E-01  0.962221029228511E+00 -0.119707905964055E+00 -0.317273850389722E-01  0.992302066050600E+00
-0.508122009447694E-01  0.175814914444005E+00  0.983110998867470E+00 -0.248046250228274E+00 -0.742563839388099E-01  0.965898052173222E+00
 0.636543466115870E-01 -0.233340319808067E+00  0.970309445130429E+00  0.991373276253688E-01 -0.746145761933599E+00  0.658360305774755E+00
 0.102550487508744E+00  0.152373865644937E+00  0.982988098900560E+00 -0.100217774896393E-01  0.228066275050301E+00 -0.973594031493943E+00
-0.549541356620008E-01  0.190010787405542E+00  0.980242798312320E+00  0.454970251969462E-01 -0.133184242938963E+00 -0.990046452511701E+00
-0.879781321279808E-02 -0.218744890708252E+00  0.975742420555603E+00  0.123484255590101E-01 -0.576440838724623E+00  0.817045577576103E+00
-0.172078134302921E+00  0.103384091936820E+00  0.979643223438628E+00  0.102310446569212E+00 -0.181529096629030E+00  0.978048955625360E+00
-0.303074692162652E+00 -0.354735645277865E+00  0.884481968691172E+00  0.645309672485306E+00  0.614211509671512E+00 -0.454224226548903E+00
 0.785558192708257E-01 -0.307616946492963E-01  0.996434996074000E+00  0.321552832875337E-01 -0.664166299940845E+00  0.746893006915707E+00
-0.970697439123784E-02 -0.834796838391414E-01  0.996462200504507E+00  0.338734574094936E+00  0.156919428855347E+00 -0.927704253067988E+00
 0.759044825023076E-01 -0.655791105563947E-02  0.997093527879227E+00  0.685501309447423E-01 -0.484051217016715E-01 -0.996472690915564E+00
 0.748518965170847E-01 -0.366195732457275E-02  0.997187937981777E+00  0.893141416191637E+00  0.254070606072003E+00  0.371142206995381E+00
 0.673841844961980E-02  0.171970995463587E+00  0.985078966599156E+00 -0.321812904790464E+00 -0.493737349905443E+00 -0.807873680483944E+00
-0.309068371650010E+00  0.375569425866372E-01  0.950297962593394E+00  0.359510801031467E+00  0.217932384645389E+00 -0.907335362291412E+00
-0.680823522175048E+00  0.337772561752275E-01  0.731668250382941E+00 -0.949183085422541E+00  0.185595395446098E+00  0.254176748615904E+00
-0.141823087588619E+00 -0.207930966448951E+00  0.967807276795559E+00  0.920392665852536E-01  0.168881095701781E+00 -0.981329684112844E+00
-0.172062121043800E+00 -0.417733970948741E-01  0.984199984656098E+00  0.372296026561234E+00 -0.926883738074380E+00 -0.477724261471152E-01
-0.223904684673415E-01 -0.164326360018282E+00  0.986151871835649E+00 -0.340995094938187E+00 -0.462892276201366E+00  0.818201128000454E+00
 0.690140379088873E-01 -0.192824418979367E+00  0.978803251944322E+00  0.503970348921068E+00 -0.354946713083691E+00  0.787417753342824E+00
 0.444897946883042E+00  0.194891632017580E+00  0.874118452287091E+00 -0.738176008854933E+00 -0.339803842889378E+00 -0.582777426045839E+00
 0.311559362215752E+00 -0.142637239183879E+00  0.939460154457715E+00  0.603191189385478E+00 -0.174230613590825E+00  0.778334171378526E+00
-0.200389720490551E-02 -0.168160112665494E+00  0.985757658303663E+00 -0.202733660080020E+00  0.108583520415793E+00  0.973195089468022E+00
 0.198512068777385E-01 -0.909763406905093E-01  0.995655178774289E+00  0.307464546436532E+00 -0.488671352679601E+00  0.816496088021778E+00
-0.464244395364394E-01 -0.263878782811829E+00  0.963437989387732E+00  0.158839441816066E+00  0.677718633768354E+00 -0.717960643187853E+00
 0.445104185160016E+00 -0.135854257487885E+00  0.885113487116456E+00 -0.563486977448985E+00  0.461880452989251E+00 -0.684944430878777E+00
 0.228018647938787E-02  0.184205840713656E-01  0.999827726576978E+00 -0.430453010649387E+00 -0.221817020494861E+00  0.874932806015217E+00
-0.877073255144026E-01 -0.339339855799146E+00  0.936566007987331E+00  0.411808493720191E+00 -0.908998322501449E+00 -0.643102961387886E-01
 0.368174713770723E+00 -0.443738183568983E-01  0.928697121985567E+00  0.885525018408669E+00 -0.328515417346372E+00  0.328516456723352E+00
-0.686143375732862E-01 -0.157121069622578E+00  0.985192895914316E+00  0.343128577909147E+00  0.288295171015255E+00 -0.893951158280659E+00
-0.399049474582100E+00  0.172395410409429E+00  0.900577225620054E+00 -0.352940784307305E+00  0.384696465274153E+00  0.852901771822592E+00
-0.655984164229283E-01  0.666998018831749E-01  0.995614375243522E+00  0.576661991339284E+00 -0.748409359247755E+00  0.327634520060045E+00
 0.653525442626023E-01 -0.359154373456982E-01  0.997215686959783E+00 -0.743502724888532E-02 -0.355134432681703E-01 -0.999341541074445E+00
 0.388462979537937E+00 -0.346356354634234E+00  0.853893312500451E+00 -0.387324242085644E+00  0.663369929735301E+00 -0.640250160340287E+00
 0.939662372326925E-01  0.956972529448448E-01  0.990965378829725E+00  0.124092939205300E+00  0.985404300918667E+00  0.116530280057945E+00
-0.172051809486444E+00 -0.790586157499441E-01  0.981910337112378E+00 -0.239753859027712E+00 -0.504617103961389E+00  0.829385112882394E+00
-0.277819772498698E-01  0.299848689947104E+00  0.953582154235854E+00 -0.492825172024483E+00 -0.685347397306380E+00  0.536117799391524E+00
 0.588641049497711E+00 -0.245899636426823E+00  0.770087711661074E+00  0.678038987989861E+00 -0.495051486117559E+00  0.543311289095378E+00
 0.120981108836738E-01  0.355354536542396E-02  0.999920500854134E+00 -0.452054746403395E+00  0.294475107547773E+00 -0.841980354455429E+00
 0.162427850330186E+00  0.212651170228970E-01  0.986491250967345E+00  0.685460051966777E+00  0.459003038832524E+00  0.565208569910447E+00
-0.169447191965293E+00 -0.144145813066813E+00  0.974940836005131E+00 -0.353086337401137E+00 -0.446633927516462E+00  0.822099855937142E+00
-0.360367862807286E-01 -0.101454193718468E+00  0.994187304591792E+00 -0.720248938346968E-01 -0.335001063154244E-01  0.996840086245008E+00
 0.137759880099312E-01 -0.336301855463119E+00  0.941653484125882E+00 -0.129168453174611E+00  0.512032809842314E+00 -0.849198393986625E+00
-0.224245643673466E+00  0.110472937863801E+00  0.968250804953558E+00  0.525914668972774E+00 -0.400006203946667E+00 -0.750605620658036E+00
-0.378129575906987E+00  0.118928681780056E+00  0.918081691612713E+00 -0.941205802610456E+00 -0.139461104808205E+00  0.307704789332376E+00
-0.181941017372418E+00  0.233394887970287E+00  0.955209030771185E+00 -0.559260938567892E+00  0.344321306180067E+00  0.754102142088599E+00
 0.580047996560869E-01  0.311542234366445E+00  0.948460267709101E+00  0.163917259184117E+00 -0.635199134746209E+00 -0.754753728946890E+00
-0.215759547237458E+00 -0.295688814245842E+00  0.930599775900346E+00 -0.357259531009321E-01  0.228913515730935E-01 -0.999099415622983E+00
-0.236162691499534E+00  0.295180275972409E+00  0.925794679084163E+00 -0.196788041907030E+00  0.487822745896164E+00  0.850472477596262E+00
 0.197527765219970E+00 -0.123283129601219E+00  0.972514293942733E+00  0.411026537707447E+00  0.882069412153392E+00  0.230240607720703E+00
 0.247359168158393E+00  0.164190089418460E+00  0.954911020181852E+00  0.317977833740902E+00  0.882518991583012E-01  0.943981832210979E+00
-0.963432664695068E-01 -0.176780512835950E+00  0.979523672652910E+00  0.614997105889350E+00 -0.578321294443361E+00  0.536025223418712E+00
 0.448036861857280E-01 -0.190845543006614E+00  0.980597067310871E+00 -0.805906884300119E+00  0.541791842494893E+00 -0.238695817398763E+00
 0.308008314616231E+00  0.412370084654866E-01  0.950489551368181E+00 -0.119552085372065E+00  0.167662669657578E+00 -0.978568611844098E+00
-0.879682450644130E-01 -0.175414230392278E+00  0.980556696798391E+00 -0.118532846439445E+00  0.400287935602458E+00 -0.908691109743066E+00
-0.861151682516648E-01 -0.476047908170786E-01  0.995147206039513E+00 -0.673426516429839E-01 -0.137591994513477E+00  0.988197050347498E+00
 0.222535923412848E+00 -0.189576667814813E-02  0.974922647628771E+00 -0.310494165569853E+00 -0.107904607436767E+00 -0.944431029160414E+00
-0.252211618794864E-02  0.441484809146374E+00  0.897265179432995E+00 -0.525232346614967E+00 -0.838099135139883E+00 -0.147379855296151E+00
-0.402460596671622E-01  0.156595486470092E+00  0.986842494169390E+00  0.121172650746632E+00  0.105251363163943E+00 -0.987035632215558E+00
-0.187602097754317E+00 -0.222979713251283E-01  0.981991982346579E+00  0.328379313085762E+00 -0.311972807819654E-01 -0.944030590822741E+00
 0.134857344847414E+00  0.683437512409873E-01  0.988505249458502E+00 -0.353115534219728E+00 -0.529085283371917E+00 -0.771607531334405E+00
-0.153048978128379E+00  0.449846985675856E+00  0.879894141230753E+00 -0.935967594293477E-01  0.775840228089712E+00  0.623948384966280E+00
-0.138513717803718E+00 -0.100742291851757E+00  0.985223294798011E+00  0.286473538613525E+00  0.496018568413713E-01 -0.956803306574624E+00
 0.799702203871941E-01  0.541736044922352E-02  0.996782531978258E+00  0.208483743414916E+00 -0.313972675688037E+00 -0.926258974398088E+00
-0.653934927161939E-01  0.508069722078813E+00  0.858829929972829E+00  0.805826670679134E-01  0.827404244713438E+00  0.555795510595765E+00
 0.103447467119658E+00  0.104000893731539E+00  0.989182710953628E+00 -0.281603701718641E+00  0.117182775575023E+00 -0.952348440586161E+00
 0.329991413552649E+00 -0.924065397883120E-01  0.939450210700852E+00 -0.526631440903323E+00 -0.980624691782721E-01 -0.844418780932039E+00
-0.172711667633260E-01  0.550569562255168E-01  0.998333831125548E+00  0.904396387139476E-01 -0.742900561765921E-02 -0.995874229822634E+00
-0.216876998564213E-01  0.273409669438100E-01  0.999390872082347E+00  0.898227043697177E-02  0.649130592466434E+00  0.760623949624237E+00
 0.226737335909678E+00  0.169815216108888E+00  0.959037524230660E+00  0.771469040209712E+00  0.119069159397885E+00  0.625026443663135E+00
-0.294726431829293E+00  0.278114208686091E-01  0.955176871186924E+00  0.966315119235303E+00 -0.166903307722096E+00 -0.195903997429062E+00
-0.290920373683952E+00  0.146815007674758E+00  0.945415617438728E+00 -0.942126479105978E-01 -0.729393356732893E+00 -0.677576053390021E+00
-0.406430591446954E-01 -0.290010092479907E+00  0.956160179051165E+00 -0.444898077896581E+00  0.485787113150376E+00 -0.752380609120777E+00
-0.294821105846174E+00  0.107879470381422E+00  0.949443276566780E+00 -0.513436915364822E-02  0.158361252164706E-01 -0.999861418093289E+00
-0.391916077820402E+00 -0.126983054874855E+00  0.911195419062521E+00 -0.548086878082995E+00  0.536362202367526E-01  0.834699904128394E+00
 0.261841150405986E+00  0.213054024964558E-01  0.964875790855245E+00  0.438794496467798E+00  0.579929173902934E-01  0.896714119104932E+00
 0.256577425451689E+00 -0.187130568381104E+00  0.948235295233176E+00  0.782175669900928E+00 -0.998404561196300E-01  0.615006589181660E+00
 0.466579512148090E+00 -0.199888906475013E+00  0.861596183784419E+00 -0.761724217493825E+00  0.647744063333473E+00 -0.142774262268028E-01
 0.125017504464331E+00  0.845056633422791E-02  0.992118547103189E+00  0.225817282643548E+00  0.149544775906444E+00 -0.962622934932768E+00
 0.215195422349593E+00  0.225128531042466E+00  0.950267370117717E+00 -0.544095374471703E+00 -0.337347781047871E+00 -0.768216569790430E+00
-0.317205141622609E+00  0.334835418843057E+00  0.887280192733037E+00  0.567584246358067E+00 -0.421244439231363E+00 -0.707390447845318E+00
 0.148913164829154E+00  0.119755904141590E+00  0.981571898927325E+00 -0.490725410703121E-01 -0.473144701185980E-01 -0.997673907963067E+00
-0.279658373025462E+00 -0.165055654606090E+00  0.945805384463055E+00 -0.965150868469273E+00 -0.235730568041001E-01  0.260630220975845E+00
-0.318847297268255E+00  0.217368086898855E+00  0.922544045464855E+00 -0.774183105951101E+00  0.513520673837133E+00  0.370050045266533E+00
-0.155989442896450E+00 -0.255189070231496E+00  0.954225252306414E+00  0.925799523802681E-01  0.988990946824972E+00 -0.115437686721070E+00
-0.218602935181502E+00 -0.807474278214085E-01  0.972467279465103E+00 -0.154115909659182E+00 -0.432490511699601E+00  0.888369429730526E+00
-0.255522648913478E+00 -0.248909591554011E+00  0.934212069674041E+00 -0.900400298724103E+00 -0.599885300797998E-01  0.430906809317759E+00
 0.198343453654043E-01  0.318185006102147E+00  0.947821133250205E+00 -0.333253590322535E-02  0.864629170111026E+00  0.502399534631127E+00
 0.535917232988641E+00 -0.222625187271831E+00  0.814389799406882E+00 -0.889541873782060E+00  0.135490291451699E+00 -0.436299937784359E+00
-0.920500245089447E-01 -0.234978386880726E+00  0.967632136034575E+00 -0.227241030700445E-01  0.714876065520316E+00 -0.698881839859825E+00
-0.262733277167677E+00  0.898802656256228E-01  0.960673078065478E+00  0.349789513445516E+00  0.597736564961590E-01 -0.934919465126611E+00
-0.120769971285124E+00  0.104620817408742E+00  0.987152013927195E+00  0.405947485594418E+00 -0.121674795817716E+00 -0.905760389397929E+00
 0.283886228959676E+00  0.374584567398145E+00  0.882663588732536E+00  0.536082801338724E+00  0.446594810436260E+00  0.716357665834761E+00
 0.205207049650550E+00  0.251688268160181E-02  0.978715347828613E+00 -0.592818496895560E+00 -0.271252492945141E-01 -0.804879152785808E+00
 0.246822950971627E+00 -0.125221786018023E+00  0.960935968303879E+00 -0.420001007674654E+00  0.495577488432664E+00 -0.760264497731577E+00
 0.295641294329419E+00 -0.328004838395041E+00  0.897222966199968E+00  0.987097405862214E-01 -0.440370310776842E+00  0.892373451252170E+00
 0.110523454568541E+00  0.289075853414869E+00  0.950904683426631E+00  0.338794175887151E+00  0.335548081693808E+00  0.878991462561811E+00
-0.466790303647003E+00  0.538900837770193E-01  0.882724572724496E+00  0.175712756612745E-01 -0.212872763750142E+00  0.976921919461843E+00
-0.635291653097607E-01 -0.230809968202381E+00  0.970922655896679E+00 -0.736698813135993E-01  0.180492342853908E+00  0.980813571866921E+00
 0.155110266395378E+00  0.399177858240088E+00  0.903658034186390E+00 -0.695894535768577E+00 -0.717359038931392E+00 -0.335679065606685E-01
-0.239431903491467E+00 -0.486631991971271E-01  0.969692867166895E+00 -0.386865527701996E+00 -0.318379809428266E+00  0.865430159183441E+00
 0.106757497711007E+00  0.208017612702008E+00  0.972281599891843E+00  0.109943406382310E+00 -0.797650682049979E-01  0.990732043131394E+00
 0.272329988746635E+00 -0.591893845052170E+00  0.758615880020064E+00 -0.768764048433637E+00  0.557319335002101E+00 -0.313682955655451E+00
-0.174574122489551E+00  0.245878348246094E-01  0.984336992160531E+00  0.809938775526608E+00 -0.144507500672416E+00 -0.568433603992472E+00
 0.618875015138210E-01  0.162213506386747E+00  0.984813035810399E+00 -0.117637790353852E+00 -0.584717643688606E+00 -0.802662212540187E+00
 0.107639486478470E+00 -0.548642420544844E+00  0.829099050372961E+00  0.731070996475468E+00  0.647209029487693E+00 -0.215999236716161E+00
-0.590266025763047E-01  0.585401159402671E-01  0.996538466399566E+00  0.439149644398344E-01  0.272749368326277E-01 -0.998662882918467E+00
 0.274178633410516E+00  0.512877022889221E-01  0.960310183521483E+00 -0.499324302767975E-01  0.113752421677130E+00 -0.992253565863707E+00
 0.137214985893385E-01 -0.148621140862759E+00  0.988799007364548E+00 -0.390706048312476E+00  0.686459211310915E+00 -0.613288296821687E+00
-0.222173673651020E+00  0.154804169167926E+00  0.962639355077818E+00  0.409099659290905E+00  0.536358284090213E-01 -0.910911997219788E+00
-0.696079982743377E-01 -0.333456949307031E-01  0.997016946298220E+00  0.835554844773908E-01 -0.292050648580754E-01 -0.996075070062686E+00
-0.105972930538701E-01 -0.222046666466824E+00  0.974978448628944E+00 -0.111421754055577E+00  0.913451669215206E+00 -0.391396526212398E+00
 0.448743564359086E+00 -0.305980286571039E+00  0.839645923991898E+00  0.719124742020673E+00 -0.290206748759468E+00  0.631379163726647E+00
-0.109160242473699E+00  0.275377430698637E-01  0.993642649129807E+00  0.212765847009910E+00  0.268014086846363E+00 -0.939627130088348E+00
-0.196865341811527E+00  0.261804255552345E+00  0.944829386168801E+00  0.179787148817278E+00 -0.357316945492041E+00 -0.916515783598074E+00
 0.127422125048060E+00  0.128824806222216E+00  0.983446882831018E+00  0.152968626255107E-04  0.602125622963884E+00  0.798401361431931E+00
 0.571880115495856E-01 -0.268559921170163E+00  0.961563882472756E+00  0.151220019597371E+00  0.402433893327850E+00 -0.902872896466584E+00
 0.315965683256675E-01  0.265757510813009E+00  0.963521978118047E+00 -0.227948259405960E+00 -0.193124557041398E+00 -0.954328295976472E+00
-0.481054736301420E-02 -0.266563469258017E+00  0.963805361829451E+00 -0.452944692698587E-01  0.207553769029758E+00 -0.977174418420327E+00
 0.127830289760150E+00 -0.710809762777604E-01  0.989245627653333E+00 -0.206050460691231E-01 -0.190756681160488E-01 -0.999605697744073E+00
 0.353580678942003E+00 -0.214701756234830E-01  0.935157599037515E+00 -0.539639323168345E-01 -0.158605351191263E-02 -0.998541625793918E+00
-0.138287741258930E+00 -0.201619300239128E+00  0.969652596752356E+00 -0.607919146041103E+00 -0.133340596836503E+00  0.782722554365173E+00
 0.962720763198662E-01  0.437997751226279E-01  0.994390902522881E+00 -0.617897392819213E-01  0.599215967153741E+00  0.798199381625593E+00
-0.685221982278986E-01  0.219568181957070E+00  0.973187814258935E+00 -0.428498859424406E+00  0.651037612252079E+00  0.626529133325095E+00
-0.547959237537002E+00  0.924515526361354E-01  0.831380408966338E+00 -0.811757852091342E+00  0.326101072987587E+00  0.484465973794235E+00
-0.344326944818474E+00  0.175043849307061E+00  0.922387448901893E+00 -0.886245377428915E+00  0.178299020020435E+00  0.427526128377707E+00
-0.146191373417670E+00  0.409832796071521E-02  0.989247838535006E+00  0.432943825677530E+00 -0.901162224078280E+00  0.215937421951742E-01
 0.181518887773204E-02  0.362154746016762E+00  0.932116218626665E+00 -0.935314852065166E-01  0.549078795100982E+00  0.830520522350602E+00
 0.451101414941240E+00 -0.465186642207744E-01  0.891259517378146E+00 -0.451207425057902E+00  0.233486892769441E+00 -0.861333692872565E+00
 0.675922183556067E-01 -0.285858038137292E-01  0.997303436190857E+00  0.128879136311728E+00  0.270185612099154E+00 -0.954143544357005E+00
-0.270935049582844E+00  0.290245598717849E+00  0.917797195099473E+00  0.928056908054818E-01 -0.328707255368073E+00 -0.939860970581557E+00
-0.306720118383349E+00  0.291551797147252E-01  0.951353112400809E+00  0.359766465984032E+00  0.900204360293909E+00 -0.245357289806508E+00
-0.361067765852874E+00  0.225558380254536E-01  0.932266755082998E+00 -0.529218802547141E+00  0.842174246653687E+00 -0.103295679018365E+00
 0.694568531559250E-01  0.208071603694410E+00  0.975644378493369E+00  0.174724354262565E-01 -0.549868513997476E-02 -0.999832225156804E+00
 0.120572044854894E+00  0.258105232645493E+00  0.958563545562069E+00 -0.443304983465066E+00 -0.163951075808532E+00 -0.881249531277188E+00
-0.250411639911379E-01  0.255831051587175E+00  0.966397130143591E+00  0.190114345116132E+00  0.464141728487483E+00  0.865117906217248E+00
-0.250793806311741E+00 -0.119097808944422E+00  0.960686306043917E+00 -0.788566613943517E+00  0.614629999890033E+00 -0.198156152777284E-01
-0.192674156255446E+00  0.287871188934755E+00  0.938086802003174E+00 -0.121581904166960E-01 -0.442400882660101E+00 -0.896734987288527E+00
 0.291137601496146E+00  0.463759881249486E+00  0.836759027162859E+00 -0.272401578613479E+00 -0.627840777333482E+00 -0.729118192261154E+00
 0.163945392527519E+00  0.369830057292699E+00  0.914520440991822E+00 -0.606621955055359E+00 -0.751092556416807E+00 -0.260518282160924E+00
-0.221583982928765E-01 -0.200759875170505E+00  0.979389849807837E+00  0.117658695586783E+00  0.272852593725403E+00 -0.954833961194373E+00
 0.141099660763566E+00 -0.584706063878825E-01  0.988267207753571E+00  0.816579555860824E+00 -0.347551123416474E-01  0.576185656812332E+00
-0.271844379360141E+00 -0.356999110293850E+00  0.893673468700788E+00  0.331916030800093E+00  0.914242088356271E+00 -0.232364266564110E+00
 0.119388701543009E+00  0.215513145675316E+00  0.969175124518270E+00  0.378769105810870E-01 -0.691911648345735E+00 -0.720987940626139E+00
 0.379259842836336E+00  0.870950288916214E-01  0.921182081650596E+00  0.897964169109636E+00  0.406404969052973E+00  0.168805663780257E+00
 0.416679710274580E-01  0.405455480749652E+00  0.913164625530645E+00 -0.902347524285903E+00 -0.324680914999962E+00 -0.283462958514670E+00
 0.139961195318265E+00 -0.190286393076722E+00  0.971700546678314E+00  0.534802100701159E+00 -0.832686910497532E+00  0.143593948938325E+00
-0.336540340147937E-01 -0.864965098344735E-01  0.995683564080971E+00 -0.758560365958111E-02 -0.178944127585684E-02  0.999969627797285E+00
 0.487500971524109E+00  0.161073582523089E+00  0.858136413267860E+00  0.395854894064439E+00 -0.917060806999549E+00  0.479414133142462E-01
-0.145942772180479E+00  0.416301214417852E-01  0.988416734093985E+00 -0.859025068208516E+00 -0.509290750289712E+00 -0.519505905519580E-01
-0.318964863895288E-01  0.221893835224106E+00  0.974548993147877E+00  0.258415440657410E+00 -0.370357586735618E+00 -0.892220106239041E+00
-0.161843081638280E+00  0.149810965268141E+00  0.975378640124569E+00  0.170659477386790E+00 -0.843562506068190E+00 -0.509193127540055E+00
-0.493969026677584E+00 -0.356184269901765E+00  0.793175495434489E+00 -0.705447177782069E+00 -0.530504164256341E+00  0.470010224427082E+00
 0.381108035083141E-01 -0.208288080622195E+00  0.977324737293942E+00 -0.167788388349541E+00 -0.338658522856132E-01 -0.985241168843463E+00
 0.619185654500477E-02 -0.275420921971071E+00  0.961303789992077E+00  0.717401579938172E+00 -0.451904873448747E+00  0.530204638281755E+00
-0.733389157167499E-01 -0.225871884609645E+00  0.971392451681800E+00  0.139710229582333E+00  0.212888371345884E+00 -0.967036500394762E+00
-0.231172660221914E+00 -0.113219452837026E+00  0.966302518192521E+00 -0.512248862323055E+00 -0.418880130980843E+00  0.749760320981450E+00
 0.298453440448409E+00  0.780371543455168E-01  0.951228545842776E+00 -0.644050072628697E+00  0.764950187353855E+00  0.712143344221711E-02
 0.495749875449238E-01  0.511790935059687E+00  0.857678470873935E+00  0.517603703500746E+00 -0.853438602144015E+00 -0.610651987041910E-01
-0.675577289636443E-01  0.240962969016715E+00  0.968180148949525E+00  0.382536494930169E+00 -0.129484381348402E+00 -0.914822182193546E+00
-0.153387527124735E+00 -0.207915821318104E+00  0.966045173772002E+00  0.468314750899556E+00 -0.883082565062910E+00 -0.290942841774525E-01
 0.580856832040594E-01  0.259686108884148E+00  0.963944592940553E+00  0.507316526984713E+00  0.861588231314084E+00 -0.171947989007654E-01
 0.236437564036094E+00 -0.184723813130297E+00  0.953925778651191E+00 -0.790201670887425E+00  0.445974087698442E+00 -0.420343231690799E+00
 0.416246406367801E+00 -0.174198983288318E+00  0.892408899220087E+00  0.780367325977734E+00 -0.409292537632719E+00  0.472764693250807E+00
 0.136782314355014E+00  0.181865969747188E+00  0.973763506980828E+00 -0.329012955246760E+00 -0.812075693358087E+00 -0.481958030887312E+00
 0.694976985060979E-01 -0.395214639795297E+00  0.915956035186094E+00 -0.722578629123963E-01 -0.814705772822155E+00  0.575354938257759E+00
-0.262971518259672E+00 -0.220259546191034E+00  0.939325136944563E+00 -0.764534237638091E+00 -0.132240931057444E+00  0.630872202297901E+00
-0.115154077605590E+00 -0.196268637959653E+00  0.973764940919660E+00  0.189336351533220E+00  0.303325188243050E+00 -0.933887346613823E+00
 0.259124324354548E+00  0.502052538531022E+00  0.825104740673786E+00 -0.412014691221508E+00 -0.869722548516086E+00 -0.271710476096028E+00
 0.111387761157598E+00  0.229909507097027E-01  0.993511038111687E+00 -0.587277949952020E+00 -0.796299648173608E+00 -0.144953371187914E+00
 0.283978502872313E+00  0.293606706614689E-01  0.958381010310987E+00 -0.330051223564449E+00  0.183416981840044E+00 -0.925972138131758E+00
-0.104665012999712E+00  0.360501507809487E+00  0.926867788803159E+00 -0.734716798560855E-03 -0.860154143222411E+00 -0.510033636232500E+00
 0.255886924032658E-01 -0.283299903995813E-01  0.999271049548145E+00 -0.915155873287371E+00  0.402954698771464E+00 -0.108276648280545E-01
-0.503293932064054E+00  0.492128217365343E+00  0.710285179079723E+00  0.427949700645185E+00 -0.896979796536851E+00 -0.110843575918526E+00
-0.225834678112413E-01 -0.435241865189884E+00  0.900030280472635E+00  0.643145556037750E+00  0.649672840063559E+00 -0.405325788264999E+00
 0.176137010097864E+00  0.244817295816690E+00  0.953436020581763E+00  0.335844475267768E+00  0.537813376772754E+00  0.773282134926448E+00
-0.226771176765499E+00 -0.199134080089845E-01  0.973744468312842E+00  0.195769333696633E-01 -0.137943511627864E-02 -0.999807401872280E+00
-0.828431670304624E-01  0.113959679173178E+00  0.990025353816310E+00  0.196902372652115E+00 -0.543266388046273E+00 -0.816144035855880E+00
-0.483774671110250E-01  0.379634474944626E-01  0.998107407712345E+00  0.869072992137542E-01 -0.478867279481772E+00  0.873574982462924E+00
 0.211893304509010E+00 -0.138740701194858E+00  0.967394565488256E+00 -0.122124488123286E+00  0.188715304166298E+00 -0.974408612120217E+00
 0.337746131519960E+00 -0.130026354654840E+00  0.932212796382069E+00 -0.619788668466814E+00  0.640508522677555E+00 -0.453443313786353E+00
-0.103689150006728E+00 -0.166741100141002E+00  0.980533510745375E+00  0.318388300004532E+00 -0.301621133992205E+00  0.898695489000296E+00
 0.316027600997374E+00 -0.363413247543160E+00  0.876388821766902E+00  0.129222863568752E+00  0.971160766631492E+00 -0.200370199597708E+00
 0.333604177797877E+00  0.588931441321947E-01  0.940871856381105E+00 -0.380756627445843E+00 -0.134094548193043E+00 -0.914900564433628E+00
-0.119285955175650E+00  0.782864734088671E-02  0.992829075510304E+00 -0.437657036290713E+00 -0.468101793170482E-01  0.897922672448767E+00
-0.834123162817963E-01 -0.389789820119039E+00  0.917118466515680E+00  0.280650326636153E+00  0.531060822719535E+00 -0.799505970416401E+00
-0.121796569201603E+00  0.601404076346446E+00  0.789606694934002E+00  0.262722270448919E+00 -0.793995246306661E+00 -0.548223090951658E+00
-0.126956484258359E+00  0.773022714443972E-01  0.988891505643715E+00  0.814545195907229E+00 -0.580098047351421E+00  0.154249263310736E-02
-0.849917165831036E-01  0.222523439437899E-02  0.996379173028094E+00  0.849108443899017E-01 -0.222215722286487E+00  0.971293118102712E+00
 0.262392088415536E+00  0.127943216705501E+00  0.956441804416757E+00 -0.989533661213549E+00 -0.319702366154909E-01  0.140716158617475E+00
 0.265259008192627E+00 -0.103660680531138E+00  0.958588609302492E+00 -0.189432412406124E+00  0.181686020339785E-01 -0.981725655684992E+00
 0.106009732448070E+00 -0.362506324170466E+00  0.925932557783074E+00 -0.233579842034997E+00  0.967407136752213E+00 -0.977951387124668E-01
 0.396660769159141E-01 -0.665591386659820E-01  0.996993722849920E+00 -0.521462841994343E+00  0.847525886865971E+00 -0.988755556810314E-01
-0.109604247819466E+00  0.189086912755911E+00  0.975824291706436E+00  0.563252339072462E+00 -0.119139501238682E+00 -0.817650647754894E+00
 0.216813141794878E-01  0.360530638907895E+00  0.932495350671581E+00 -0.963690118782419E+00  0.214337832877718E+00 -0.159250269570921E+00
-0.459268398765399E+00 -0.136039264531395E+00  0.877818806133261E+00 -0.785294791414960E+00 -0.435718218875879E+00  0.439842840473920E+00
-0.665809541156952E-01 -0.842026410789444E-01  0.994221751816150E+00  0.593184023718771E-01  0.998800487361759E-02  0.998189143849347E+00
 0.285457683500739E-01  0.207378587893956E+00  0.977844190243217E+00 -0.466434323498142E+00  0.880067773658497E+00 -0.889928965176766E-01
 0.128224844499981E-01 -0.358480593479050E-01  0.999274987445157E+00  0.155343274630714E+00 -0.634426457700181E+00 -0.757213006225465E+00
-0.176898764939771E+00  0.135780771893685E+00  0.974818141473956E+00 -0.655849838370875E+00  0.114027720922575E+00  0.746229635145978E+00
 0.502360553224879E-01 -0.259050946171105E+00  0.964556346738484E+00 -0.867180620730926E+00 -0.450374135710863E+00 -0.212510961861779E+00
-0.191546919815380E+00  0.204720148722931E+00  0.959895535053738E+00  0.127568454526778E+00 -0.101392142659835E+00 -0.986633631504875E+00
-0.543801925036227E-01  0.348368947854010E-01  0.997912413704219E+00  0.158013068560447E-01  0.170518117895436E-01 -0.999729740688120E+00
-0.127108754876434E+00  0.152453293681612E+00  0.980102728125675E+00 -0.834027218994785E-02  0.603772575287696E-02 -0.999946991458813E+00
 0.395484529515844E+00 -0.796741400224779E-01  0.915010392468474E+00 -0.929322919757352E+00 -0.435936574345948E-01 -0.366685838075518E+00
 0.111722875703848E-01 -0.323105744978374E+00  0.946296918283271E+00 -0.214899784035115E+00 -0.939791392917212E+00  0.265725837321828E+00
-0.255719382418826E+00  0.995764334301200E-02  0.966699768694701E+00 -0.776078657866821E+00  0.457243352599684E+00  0.434316052324842E+00
-0.200411466278015E+00  0.137011418595012E+00  0.970084076438160E+00  0.624882158217714E+00 -0.739723549436977E+00 -0.249662489672622E+00
-0.167125847814155E+00  0.126671110258556E+00  0.977764481262366E+00 -0.568243504929159E+00  0.810005504238502E+00  0.144880648152729E+00
 0.757968790759921E-01 -0.491393655878444E-01  0.995911720923076E+00  0.964247400520188E-01 -0.176024393742496E+00  0.979651816878572E+00
-0.179606845723608E+00 -0.106198508131526E+00  0.977989395566156E+00  0.743054160634558E-01 -0.696340789223748E+00  0.713854474250098E+00
 0.172219456834257E+00  0.129116821036107E+00  0.976559934265810E+00  0.245325235693512E-01  0.751320683545439E-01  0.996871770887353E+00
 0.238771908542408E-01 -0.949931426006447E-02  0.999669766865788E+00  0.568826712038382E+00  0.452539873540805E+00  0.686763303130908E+00
-0.155229422697624E+00  0.411585189904462E+00  0.898054262158067E+00  0.868212960098728E-02  0.640831091170133E+00  0.767632811450428E+00
 0.653760345813164E+00 -0.172919932018326E+00  0.736679107449797E+00  0.892827251133489E+00 -0.218107122587170E+00  0.394066977441860E+00
-0.307856748052981E+00  0.107043988570726E+00  0.945391880221696E+00  0.840553228116620E+00 -0.497757047991369E+00 -0.213794742399449E+00
 0.501456295293213E-01  0.176017322118292E+00  0.983109006241634E+00 -0.304904407766670E+00  0.846228928398598E-01  0.948615975056224E+00
-0.115711395828956E+00  0.167298425223490E-02  0.993281467661109E+00 -0.770692907249197E-01  0.180321597911476E-01  0.996862661373383E+00
-0.329998172343124E+00 -0.122769646783534E-01  0.943901733438648E+00 -0.247659139076015E+00 -0.126720960430979E+00  0.960524205327267E+00
 0.969851836863974E-01 -0.203531774887346E+00  0.974252888503043E+00 -0.625126934712473E+00 -0.385426441356520E-01 -0.779570894838962E+00
-0.136234835479202E+00  0.294868901200151E-01  0.990237644665666E+00  0.118903809358637E+00 -0.261479798511160E+00  0.957857086986659E+00
 0.286684166938021E+00  0.341653625150652E+00  0.895033512695737E+00 -0.756537618579407E+00 -0.615605812463562E+00 -0.220636160534207E+00
 0.231972622468849E+00 -0.282576421504592E+00  0.930773478583584E+00  0.600023552283457E+00 -0.317819714449070E+00  0.734140562707614E+00
-0.977774524477889E-01 -0.147989196144948E+00  0.984143672243638E+00  0.697766827956657E-01 -0.439407505624201E+00  0.895573703577294E+00
-0.132578119797275E+00  0.376577230324228E-01  0.990456933968879E+00  0.252087621836257E+00  0.329949029911760E-01 -0.967141751396114E+00
 0.581259168385371E-01 -0.384662389322215E+00  0.921225392633423E+00 -0.968044505495245E-01 -0.826604798353024E+00  0.554394629928502E+00
-0.267608858914666E+00 -0.283286169028973E+00  0.920942150771306E+00 -0.873595938267805E+00 -0.167352098662231E+00  0.456972003207353E+00
 0.386972935058787E-01  0.483274224799847E+00  0.874613367791407E+00  0.109755514121249E+00  0.562220357737306E+00  0.819671883417820E+00
-0.794879397350613E-01 -0.189137584211553E+00  0.978728073407161E+00  0.131214413179650E+00 -0.797648339416559E+00  0.588676400410213E+00
-0.347723078912267E+00  0.254984749469151E-01  0.937250493820705E+00  0.774108042191685E+00 -0.408255259769223E+00 -0.483822676075564E+00
-0.206215734943105E+00 -0.441318934214398E+00  0.873334225234384E+00 -0.377036969966394E+00 -0.512937562713717E+00  0.771192699677501E+00
-0.192908092958685E+00  0.150894716719711E+00  0.969544868552829E+00 -0.176637561348227E+00  0.168831397705127E+00  0.969688161766392E+00
 0.263205353412243E-01  0.395365828160186E-01  0.998871407158391E+00  0.349474689393060E-03 -0.327843360373073E-02 -0.999994564855503E+00
 0.318869426404404E-01  0.124531398468545E+00  0.991703158049078E+00  0.143223586369295E-01  0.636212078736516E-01  0.997871340379997E+00
-0.135722137872219E+00  0.404058622797233E+00  0.904608274688330E+00 -0.555808605987240E+00  0.751112813682669E+00  0.356239153704678E+00
 0.198901485000118E+00 -0.462116844882243E-01  0.978929353672423E+00  0.753372963519296E+00  0.296144532661623E+00  0.587135072715625E+00
 0.254018017575350E+00  0.253943884999505E+00  0.933267030392935E+00 -0.412871037504461E+00 -0.645824632390911E+00 -0.642221185096797E+00
-0.176290474430532E+00 -0.277529025455538E-01  0.983946871037941E+00  0.864884094016290E+00  0.276008553892811E+00 -0.419278883436335E+00
-0.164390093143213E+00  0.247829978648602E+00  0.954754522879782E+00 -0.388495706342998E+00  0.265690513121419E+00  0.882314930957384E+00
-0.563117258233247E+00 -0.728326436251156E-01  0.823161198977726E+00 -0.850107714949071E+00 -0.214695570695012E+00  0.480856199822787E+00
 0.130167912875133E+00  0.158337274268916E+00  0.978767399352278E+00 -0.260488785383064E+00  0.675168300171051E+00  0.690140101090923E+00
 0.218859706221271E+00  0.120289882149944E+00  0.968313365210401E+00  0.860161865251519E+00  0.226342149408788E+00  0.457045727436586E+00
-0.708021035780436E-01 -0.657125358389490E-01  0.995323527684611E+00  0.968610995372463E-01 -0.226786113784981E+00  0.969116084889082E+00
 0.263640532928161E+00 -0.417103499789554E+00  0.869780627434677E+00 -0.545470468859394E+00  0.640450047353465E+00 -0.540634538711001E+00
-0.360770849834322E-01 -0.486620611786102E-01  0.998163537573352E+00 -0.247213912721498E-01  0.256870989223553E+00 -0.966129467363915E+00
 0.241812128095216E+00 -0.406815994883690E-01  0.969469907820315E+00  0.819930669890597E+00  0.460312608497560E+00  0.340332189237118E+00
-0.400663197324763E+00  0.485529452816385E-01  0.914938038237550E+00  0.565535211316788E+00 -0.187106156487711E+00 -0.803219279502971E+00
 0.358861179786743E+00  0.421379944481472E-01  0.932439297255299E+00 -0.348195525307253E+00 -0.510767324656067E+00 -0.786051280909643E+00
-0.285017123716254E+00 -0.204631051513623E+00  0.936424781787060E+00  0.262346971337929E-01 -0.629113909631641E-02 -0.999636014874999E+00
-0.274872429772143E+00  0.564423189842565E-01  0.959822594013518E+00  0.221804013550899E+00 -0.846794154664087E+00 -0.483469377726704E+00
-0.107433444200061E+00  0.747558978692913E-01  0.991397806534324E+00  0.400586947353418E+00  0.915447298720474E+00  0.385530916459063E-01
 0.164161167542324E+00  0.101941552784046E+00  0.981151889814782E+00  0.909636930365647E+00  0.415268415937227E+00 -0.106206233314331E-01
-0.379309754683683E+00 -0.217417798843043E+00  0.899362891578283E+00 -0.735166950778478E+00 -0.481810535319568E+00  0.476852348781199E+00
 0.129249211918219E+00 -0.778483892540510E-01  0.988551601844370E+00 -0.131258848596502E+00 -0.198480615296593E+00  0.971275738406250E+00
-0.123686185132150E+00  0.142348322998498E+00  0.982058390599546E+00 -0.778945471562615E+00  0.251324257396031E+00  0.574525952395911E+00
-0.354528292470389E-01  0.183257905652242E+00  0.982425384909375E+00  0.650637825158442E+00  0.143121698032530E+00  0.745779189858082E+00
-0.129608058934717E+00  0.463626733491782E-01  0.990480819389801E+00  0.793772378722168E+00 -0.222992262506244E+00 -0.565862051775958E+00
-0.217949311670443E+00  0.261417271575819E+00  0.940297350663201E+00 -0.304188470080148E+00  0.794608245906173E+00  0.525420888629500E+00
 0.868801877736428E-01 -0.295745402450183E+00  0.951307778745657E+00 -0.119727911180999E+00 -0.357647805061588E+00  0.926149704323692E+00
-0.767835941423384E-01 -0.286173931895393E-01  0.996637007379126E+00  0.728010891693341E+00  0.917705804722920E-01 -0.679395541739600E+00
-0.818143517999561E-01  0.401484262593872E+00  0.912204362371178E+00 -0.291614441427593E+00  0.901451941377348E+00  0.319914699471412E+00
-0.261111761104514E+00 -0.160246793161165E+00  0.951914709149124E+00 -0.130915150824571E+00 -0.374530508223518E+00  0.917925989224847E+00
 0.151477348981422E+00 -0.694561090550620E-01  0.986017475332203E+00  0.692139941920920E+00 -0.580485795584127E-01  0.719425231145639E+00
-0.647303500522389E-02  0.507815864113122E+00  0.861441320098394E+00  0.174655779944073E+00  0.984301566314170E+00  0.254123018162240E-01
 0.103493388758543E+00 -0.674152419455367E-01  0.992342835736067E+00 -0.353925383544207E+00 -0.380689496482649E+00  0.854290542000128E+00
-0.282352684342321E-01  0.297308559619669E+00  0.954363866663719E+00  0.395804224148446E-01 -0.907212228844677E-01 -0.995089468279013E+00
 0.339278452378386E-01  0.125756447713359E+00  0.991480820377295E+00 -0.611168528531343E+00  0.602785376701953E+00  0.512954987661800E+00
-0.590077826297417E-01  0.244972863776690E+00  0.967732596124657E+00  0.998288261196408E-02  0.434733261986817E+00  0.900503932793776E+00
 0.151672252207782E+00 -0.368436201982651E+00  0.917196976106451E+00  0.854464988865584E-01 -0.763213246914076E+00  0.640472041203129E+00
-0.498558643732452E-01 -0.140937364597942E+00  0.988762384017406E+00  0.579567506190503E-01 -0.102364193220187E-01 -0.998266613073454E+00
-0.727939148735830E-01 -0.149819377573177E+00  0.986030019857896E+00  0.517168214688302E-01  0.573737223817637E+00 -0.817405021016627E+00
 0.118183232731869E+00  0.808847014866578E-01  0.989692067547507E+00  0.189396995177501E-01 -0.198820868996317E-01  0.999622924108232E+00
-0.205945599636968E+00  0.108414378736627E+00  0.972539321813427E+00  0.732094498529520E+00  0.272010396848433E+00 -0.624538220791305E+00
 0.335388403064514E-01  0.333902212623980E+00  0.942010859064644E+00 -0.252678576152914E+00 -0.814834796512944E+00 -0.521725781943969E+00
 0.137641962886639E+00  0.271788137917171E+00  0.952463069173934E+00  0.392785811415317E+00 -0.499580117990650E+00 -0.772100389884152E+00
-0.916973061412768E-01 -0.117671991200449E+00  0.988809843465039E+00 -0.488686248524233E-01  0.715229412439137E-01 -0.996241098520259E+00
 0.150351986131322E+00  0.919438486046312E-01  0.984347808942619E+00  0.869893288602835E-02 -0.235814456248352E+00 -0.971759162957025E+00
 0.132144681224113E+00  0.482072609496212E+00  0.866108412612238E+00  0.384691201632005E+00 -0.922970857867929E+00 -0.117249696572149E-01
 0.354698084177872E+00  0.222128730706188E+00  0.908211482021344E+00 -0.245234249247905E+00 -0.629916095920929E+00 -0.736930034057204E+00
-0.581142735221093E-01 -0.101037974199534E-01  0.998258806367714E+00  0.269577225124456E+00  0.119560062486836E+00 -0.955527870421550E+00
 0.945323168933312E-02 -0.117675167461067E+00  0.993007145681056E+00 -0.487559545175402E+00 -0.599400516776111E-01  0.871029781415791E+00
 0.122451726084347E+00 -0.170197363205866E+00  0.977772178135957E+00 -0.100824137971708E+00  0.281129231174543E+00 -0.954358867817276E+00
-0.427543326733522E+00  0.363136964646899E-02  0.903987564582679E+00 -0.519294700840792E+00  0.136991068126750E+00  0.843543988735718E+00
-0.284427991804045E+00  0.246236331990700E+00  0.926535690778334E+00 -0.265326528608415E+00  0.439244923919374E+00  0.858292333664744E+00
 0.375137208552218E+00  0.312394857412085E+00  0.872743678190872E+00  0.810574193183057E+00  0.244049045374355E+00  0.532362227057389E+00
-0.230544932816730E+00 -0.243333056571565E-01  0.972757381975755E+00 -0.965314678964204E+00 -0.173470300752432E+00  0.195129765369349E+00
 0.969464274850069E-02 -0.386077333812924E-01  0.999207414316536E+00 -0.248922524808209E+00 -0.166136085675966E+00 -0.954167898055355E+00
-0.631692141853789E-01 -0.432767020354098E-01  0.997064078903728E+00 -0.193096136142042E+00 -0.100085886984626E+00 -0.976061830743071E+00
 0.225171202783947E+00 -0.438162224964838E-01  0.973333482462701E+00 -0.326892301671174E-01 -0.133362032578215E+00  0.990528133117726E+00
-0.247655152762363E+00  0.493551973761926E-01  0.967590300593287E+00  0.264964099649771E+00  0.304720457699803E+00 -0.914843958583106E+00
-0.472280054961377E-02 -0.132414576622160E+00  0.991183169274450E+00  0.687480796131823E-01  0.129802735345439E+00  0.989153654113627E+00
 0.104679282179162E+00  0.278608104055363E-01  0.994115699064250E+00 -0.280381136744042E-01  0.397621258719549E+00  0.917121147284187E+00
 0.271019435407270E+00  0.161271466759497E+00  0.948967849634942E+00  0.572537758689049E+00  0.530996736208472E+00  0.624694310051941E+00
 0.419232144712310E-01  0.209174203245233E+00  0.976979322598550E+00 -0.264095057771961E-02 -0.237753110125557E+00  0.971322028992275E+00
-0.240070526409381E+00  0.499636939314466E+00  0.832303473032521E+00  0.322586241623271E+00 -0.788412323543573E+00 -0.523778698306829E+00
 0.858569401682231E-01  0.575166368215698E+00  0.813518429231025E+00 -0.542103885615287E+00 -0.675849840129868E+00 -0.499349948229936E+00
-0.299429656933307E+00  0.191149059280667E+00  0.934774795169895E+00  0.863957603635648E+00 -0.462156953125640E+00 -0.199970522322099E+00
-0.245202477439682E-01 -0.110548131369971E+00  0.993568250348803E+00 -0.169396297231448E+00  0.761867934704759E+00 -0.625189686857501E+00
-0.106101439468829E+00 -0.549667983959553E-01  0.992834898468391E+00 -0.255214047633322E+00 -0.360641486779953E+00  0.897108414799327E+00
 0.551997311848508E+00  0.357690823039001E+00  0.753230537634862E+00  0.955845045025798E+00  0.237942348723187E+00  0.172463586254383E+00
 0.906016732210548E-01 -0.250336221233658E+00  0.963910324225235E+00  0.348138099496684E+00 -0.473365298582090E-01  0.936247358671745E+00
 0.112366382910779E+00 -0.843740882101559E-01  0.990078183392732E+00  0.156877296285190E+00 -0.444205888705727E-01  0.986618632093800E+00
-0.529054982557813E+00  0.110349443855761E-01  0.848515795629733E+00  0.533997573203124E+00  0.138827768093019E+00 -0.834010457140367E+00
 0.111244081894374E+00  0.315060933122648E+00  0.942529237033719E+00  0.781345300341330E-02 -0.483520567801383E+00 -0.875298126620405E+00
-0.128477555863524E+00 -0.371714202958007E+00  0.919413981272108E+00  0.173965298427769E+00  0.583496326150272E+00 -0.793264213432116E+00
-0.211764976415052E+00 -0.330678887363699E-01  0.976761029883180E+00 -0.889565223558252E+00 -0.999840007605700E-01  0.445731884239469E+00
-0.261585210855852E-01 -0.928239156872660E-01  0.995338863127075E+00  0.703397716505010E-03  0.185012502729165E+00  0.982735915221146E+00
-0.263554919360256E+00  0.283516196708415E-01  0.964227665099404E+00  0.969098800232441E+00 -0.236696674933890E+00  0.694420583168750E-01
-0.120720156283362E+00 -0.196669033615909E+00  0.973009730210087E+00 -0.566216241993803E+00  0.647191626133899E-01  0.821711991693584E+00
-0.199633567865355E+00  0.118919909756299E+00  0.972627623319892E+00 -0.205110548944807E+00  0.340418548750104E+00  0.917630031318958E+00
-0.946339456032736E-01  0.190381517258201E+00  0.977138318881222E+00 -0.439572366184061E+00 -0.238135478172487E+00  0.866064448481120E+00
-0.308058433291461E+00  0.122817423800428E+00  0.943406530658463E+00  0.947402019730270E+00  0.147358543783068E+00 -0.284103630010493E+00
-0.362824050901057E+00  0.271187686943280E+00  0.891524506975608E+00  0.657929118198576E+00 -0.445272701743822E+00 -0.607339687908013E+00
 0.102896538589813E+00 -0.484513850860271E-01  0.993511331404670E+00  0.606417664652900E+00 -0.794953201011237E+00 -0.175221060067173E-01
 0.317387576566656E+00 -0.162251943825377E+00  0.934312278077320E+00 -0.646307496835720E+00  0.719137741860384E+00 -0.255200955652392E+00
-0.744261545919048E-01 -0.121968022830169E+00  0.989739636934664E+00 -0.430015097005621E+00 -0.555072324133291E-01 -0.901113735050720E+00
-0.879919029823945E-01  0.628437576133252E-01  0.994136855336615E+00 -0.990024633290169E+00 -0.140743667024144E+00  0.651503424886672E-02
-0.909384278027687E-01 -0.172471259840936E+00  0.980807762447688E+00 -0.287189941215924E+00 -0.156418611032020E+00  0.945015955308273E+00
 0.162561225684523E+00 -0.160089977739494E+00  0.973624695111681E+00 -0.776784936518088E-02 -0.489596006074007E-01  0.998770553242637E+00
-0.563653115059009E-01 -0.123905941231069E+00  0.990691813525521E+00  0.701328009092941E-01 -0.781567508641295E+00  0.619865807794604E+00
 0.533286960943254E-01  0.333493263719404E-01  0.998019976054296E+00 -0.520464453592714E+00 -0.816425088471008E+00 -0.250133619214900E+00
-0.278997738045142E-01 -0.478120301092081E-01  0.998466630588370E+00 -0.324935414905266E+00 -0.252166151610228E+00  0.911498331387628E+00
-0.162788648384890E+00  0.294637390908376E+00  0.941641473086081E+00 -0.171120557952506E+00  0.618366840406120E+00  0.767033379542361E+00
 0.435963138419301E-01  0.390543168395563E-01  0.998285591279165E+00  0.260454566457380E+00  0.156970547012741E+00 -0.952640365606045E+00
-0.130810104466291E+00 -0.104743116229169E+00  0.985858811479677E+00 -0.117215383495066E-01 -0.327073847364308E+00  0.944926083833561E+00
-0.207006140928207E+00  0.112232108949162E-01  0.978275266556003E+00 -0.208500422396682E+00 -0.150477066082904E+00  0.966376855291706E+00
-0.151523975719205E-01 -0.378381925321326E+00  0.925525539052245E+00  0.982280443455961E-02 -0.778040859609281E+00  0.628136874647152E+00
-0.895617152621292E-01 -0.886308244064964E-01  0.992029876628890E+00 -0.132131258223761E+00 -0.316395141324856E+00 -0.939380351692662E+00
-0.254620766451116E+00  0.201062107034946E+00  0.945908184977017E+00  0.482413618089035E+00 -0.343749515939506E+00 -0.805675723460501E+00
-0.131382808500320E+00  0.856251480306463E-02  0.991294729619206E+00 -0.340831240480199E-02 -0.413479356785459E-01  0.999138995146158E+00
 0.301643629361527E+00 -0.325143720079373E+00  0.896265966194495E+00 -0.547423678777917E+00  0.668819600153729E+00 -0.502998666363499E+00
-0.176029012073399E-01  0.883374765295550E-01  0.995935052154243E+00  0.438074659253357E+00 -0.552303786600537E+00 -0.709260967646439E+00
-0.189419990596487E+00  0.259538245590253E+00  0.946974110648417E+00 -0.417970515481656E+00  0.316954301972161E+00  0.851375721200305E+00
 0.159320364526648E+00  0.208289405889229E+00  0.965003909236335E+00 -0.365610326584804E+00 -0.507825783205463E+00 -0.780026962999557E+00
 0.907870410726343E-01  0.433252681189682E-01  0.994927451785152E+00  0.383090571810119E+00 -0.175343480443859E+00 -0.906915805163869E+00
 0.503779376732593E+00 -0.229259913988268E+00  0.832854267814611E+00  0.802776419300592E+00 -0.123744813464555E-01  0.596151736411400E+00
-0.496270243230489E-01 -0.110305932442396E+00  0.992657926843307E+00 -0.627741191090673E-02  0.628871844936069E-01 -0.998000899862404E+00
-0.313873001654342E+00 -0.392991356262527E+00  0.864315644157523E+00 -0.506544765381623E+00 -0.264914749801276E+00  0.820507511240576E+00
-0.100815045375952E+00 -0.186573221945218E+00  0.977254705529129E+00  0.995594753090005E-01 -0.175071182410193E+00  0.979509056602180E+00
 0.235542090552093E+00 -0.562457163009939E-01  0.970235199823289E+00  0.666001789817704E+00 -0.743927615773230E+00 -0.548937013652062E-01
 0.414861352639200E-01 -0.515260718452168E-01  0.997809583287846E+00  0.642297466957096E-01  0.175551923474433E+00 -0.982372669511847E+00
-0.578306836800601E+00  0.813794634468518E-02  0.815778754527828E+00  0.624420078357438E+00 -0.131067821501518E+00 -0.770013501122505E+00
-0.301821416615124E+00  0.102947524642400E+00  0.947789871038113E+00 -0.740779998616089E+00  0.373695287525765E+00  0.558208586221479E+00
-0.966275502090018E-02 -0.259362493153067E+00  0.965731706174562E+00 -0.196394079203583E+00 -0.313183124149843E+00  0.929163977132950E+00
 0.102890799841701E-01 -0.157756745835260E+00  0.987424399119522E+00  0.107635764018293E-01  0.568098815098634E-02  0.999925933155386E+00
 0.287580947632233E+00 -0.156326582923189E+00  0.944912270017966E+00 -0.491793567428356E-01  0.249177697430432E+00 -0.967208284690340E+00
 0.752896635875303E-01  0.399635290806195E+00  0.913577090835319E+00 -0.391307280320017E+00  0.674072047225136E+00  0.626502583808132E+00
-0.692348790952193E-01  0.331373166502653E+00  0.940956086137220E+00 -0.829708499024376E+00  0.459937564136963E+00  0.316292971376973E+00
-0.418052897459563E-01 -0.435786827815669E+00  0.899078505166047E+00  0.176034431261472E+00 -0.697949581892672E+00  0.694174517067787E+00
 0.117385723817958E+00  0.417707967771923E+00  0.900966506316181E+00 -0.528488501423834E+00 -0.649772710530069E+00 -0.546347260003377E+00
 0.385138014913373E-01  0.329967688094413E-01  0.998713122144103E+00  0.925935931276020E+00  0.362983342922659E+00  0.104334768570692E+00
 0.104970903799946E+00  0.437849918855158E+00  0.892898962880994E+00  0.761932337752173E+00  0.523791775713512E+00  0.380921630236976E+00
 0.564476443169961E-01  0.106958987641347E+00  0.992659779790538E+00  0.389539496849340E+00 -0.952339706065612E-01 -0.916072852581535E+00
 0.171586126736447E+00  0.364026291486178E+00  0.915446918296415E+00  0.756185246595753E+00  0.652238893298366E+00 -0.526146262919669E-01
-0.332920354887513E+00 -0.709845966623397E-01  0.940279333144283E+00  0.833475854994442E+00  0.208646070867787E-01 -0.552161812616917E+00
 0.220543686961378E+00 -0.270091896052537E+00  0.937235749333233E+00  0.675363936695175E+00 -0.283461369320688E+00  0.680832729173940E+00
 0.332336549734357E+00  0.247663458936396E+00  0.910063310335233E+00  0.695255357226809E+00  0.590886555616842E+00  0.409234732932930E+00
-0.488407585327929E-01 -0.278023785026060E-01  0.998419555124768E+00 -0.513298368133040E+00 -0.128438794925561E+00 -0.848544790349943E+00
-0.779545661604777E-01 -0.158357786462326E+00  0.984299698812046E+00  0.830023711768573E-01  0.544908024593392E+00 -0.834377523134909E+00
-0.598123144820444E-01  0.232026863003605E+00  0.970868694459249E+00 -0.755754270054601E+00 -0.355666174498982E+00 -0.549851848784286E+00
 0.286216512981894E+00 -0.846923235544371E-01  0.954414646800559E+00 -0.978417695052682E+00  0.148099708522924E+00 -0.144101666691342E+00
-0.537958530342709E+00  0.661362244801806E-01  0.840372904991004E+00  0.946074222173072E+00 -0.271540802373766E+00 -0.176661141131344E+00
 0.633631852674614E-01  0.958796779685380E-01  0.993374146082638E+00 -0.208957275063203E+00 -0.410997479235239E+00 -0.887365724636939E+00
-0.153843088996237E-01 -0.594929375474160E-01  0.998110170983975E+00 -0.158319957105276E+00  0.411398560967300E+00  0.897600142165886E+00
 0.512801856475847E+00  0.417552085911636E+00  0.750122997611570E+00 -0.870661102230553E+00 -0.442034134698916E+00 -0.215766236523836E+00
-0.471646866079298E+00 -0.189171564886992E+00  0.861256844823763E+00  0.939062655520137E+00  0.226170503028720E+00 -0.258859484213355E+00
-0.235095917927744E+00 -0.158925664291637E+00  0.958891309066452E+00 -0.968822604042054E-01 -0.252414036757699E+00  0.962756969160263E+00
 0.179443497950704E+00 -0.106203263597929E+00  0.978018863746689E+00 -0.991751087396540E+00  0.125844731135603E+00 -0.243492154532384E-01
-0.107433063940813E+00  0.475364057346966E+00  0.873205101768719E+00 -0.775445248659485E-01 -0.940449666694418E+00 -0.330970196660775E+00
 0.585685136530346E-01  0.404889705890960E-01  0.997461965424802E+00  0.325681514382313E+00 -0.176583334102030E+00  0.928843300727875E+00
 0.135824012540286E-01 -0.473017943464645E-01  0.998788295199628E+00  0.381861788103396E+00  0.420414689260809E+00 -0.823063219831997E+00
 0.623764690445716E-01 -0.354112597558124E-01  0.997424292260840E+00  0.755452873599986E+00  0.439564474693012E-02  0.655188243237608E+00
 0.223800098387052E+00  0.119561011063364E+00  0.967273839507434E+00  0.103813632714452E+00  0.552874529103896E+00  0.826772329441893E+00
 0.271880101691997E+00  0.178928534447999E+00  0.945550522110924E+00  0.729402041524971E+00  0.301897629477350E+00  0.613865199482069E+00
 0.130152087598630E+00 -0.193957573747062E+00  0.972337849556352E+00 -0.560883311412256E-01  0.955058632656726E+00 -0.291062033418407E+00
 0.419558117755388E+00 -0.119688682308633E+00  0.899803092433439E+00  0.703071595638131E+00 -0.480802336281224E+00  0.523946032367236E+00
-0.654891823445223E-01 -0.146759480536238E+00  0.987001936101738E+00 -0.134178358405779E+00 -0.185692382518573E+00  0.973403568521354E+00
-0.413186555962689E+00  0.135743942203596E+00  0.900472349451508E+00  0.905909494498460E+00 -0.200709268540154E+00 -0.372885742955695E+00
-0.273023571835094E+00 -0.108097377335549E-01  0.961946609117439E+00 -0.793970060896845E+00  0.942772510080325E-02  0.607883755662943E+00
-0.319870265655679E-01  0.201838943733572E+00  0.978896251358646E+00 -0.918191199172086E+00  0.346363749804431E+00  0.192242228930949E+00
 0.352447871220073E+00  0.158125648943942E+00  0.922375616123115E+00 -0.967896770797204E+00  0.352806031412480E-02 -0.251323285572117E+00
 0.151279241973086E-01 -0.185628187253989E-01  0.999713242720356E+00 -0.236624881567109E+00  0.123447475099782E+00 -0.963726821415094E+00
-0.931614829751240E-01 -0.192531884797026E-02  0.995649150673674E+00 -0.162607000046923E+00  0.206757843385637E+00  0.964785031877185E+00
 0.131280325148818E+00  0.163884625503856E+00  0.977705122085530E+00 -0.572833740114919E+00  0.487933487748872E+00  0.658621604351979E+00
-0.343984576253419E+00 -0.217890748460218E+00  0.913344531398312E+00 -0.441067680350667E+00 -0.799847167385820E+00  0.407067328798275E+00
-0.438929688780935E-01 -0.342008002906868E+00  0.938671365937367E+00 -0.561532840648499E+00 -0.379299841653163E+00  0.735399550581256E+00
-0.386184729685771E-02 -0.322127623174671E+00  0.946688375614327E+00  0.508750086511368E+00  0.811579368069930E+00 -0.287249506175187E+00
 0.378847944965817E-02  0.499580828129228E-02  0.999980344468368E+00 -0.847357414442750E+00  0.523548452980278E+00 -0.887830477673237E-01
 0.164969642957957E+00 -0.529806503435777E+00  0.831919518835494E+00 -0.159531897351914E+00  0.903746247540362E+00 -0.397230781516252E+00
 0.191471215737123E+00 -0.514499866854189E+00  0.835840092691879E+00  0.395525726900368E-02 -0.484330761477547E+00  0.874876030890386E+00
 0.319201661826908E+00  0.321703046302887E+00  0.891413175293243E+00  0.527210742733744E+00  0.319607905826864E+00  0.787337042999439E+00
 0.264985222406700E+00  0.136097479178437E+00  0.954599553774957E+00 -0.128690058535886E-01  0.166137355364581E-01  0.999779161855189E+00
 0.408051125717711E+00  0.181399700448827E+00  0.894756071495234E+00  0.784448934752539E+00  0.203444129269694E+00  0.585875716369354E+00
 0.870764489840476E-02 -0.304212006281969E+00  0.952564555373662E+00  0.188853483027781E+00  0.594643077567488E+00 -0.781494703916375E+00
 0.305363432770281E-01 -0.273175558734917E-01  0.999160288882803E+00  0.815382154801914E+00 -0.563398062735171E+00  0.133171185084624E+00
 0.392457146010849E+00  0.466428735369150E-01  0.918586866275171E+00 -0.130231215734390E+00  0.145542166393909E+00 -0.980743242775453E+00
 0.324944253870514E+00  0.241328399178100E+00  0.914424319244994E+00 -0.429669284956777E+00 -0.726514324090967E+00 -0.536247370581318E+00
 0.444918980950906E-01 -0.253158119550481E+00  0.966401281823219E+00  0.395256173258887E+00  0.882962365424750E+00 -0.253278539841558E+00
-0.567834115383599E-01  0.133158954017295E+00  0.989466693294466E+00 -0.202431706412696E-02  0.162411200951604E-01  0.999866055108622E+00
 0.157247382686326E+00  0.262405336635993E+00  0.952059189306658E+00  0.453576513900332E+00  0.648329453966724E+00  0.611504100687176E+00
-0.780805757745161E-01 -0.824785059516172E-01  0.993529425705504E+00  0.478527060312630E-02 -0.113363160715394E-01 -0.999924291695717E+00
 0.476027213826695E-01  0.270606834351400E+00  0.961512309915624E+00 -0.117738564893940E+00 -0.469045613903538E+00 -0.875290718798371E+00
 0.390681749550379E-01  0.251570885559873E+00  0.967050033475158E+00 -0.560055531234836E+00  0.707178631977087E+00  0.431550905929164E+00
-0.213199233782309E+00 -0.363778155704623E+00  0.906758810349687E+00  0.611191529621504E+00  0.513496809405201E+00 -0.602300540303266E+00
-0.122736443122734E+00  0.362174409860915E+00  0.923994297802469E+00 -0.242977181925186E+00 -0.882746721994235E+00 -0.402144642973305E+00
 0.904095203813395E-01 -0.622672310365229E-01  0.993956191470962E+00  0.337980224810783E-01 -0.542013360854705E-01  0.997957869272505E+00
-0.184715391864291E+00  0.128935337619037E-01  0.982707474681836E+00  0.966444710729699E+00  0.214172483509214E+00 -0.141826543390454E+00
 0.121355161547009E+00 -0.468109164948362E-01  0.991504746767666E+00 -0.831414280177416E+00  0.369475527293559E+00 -0.415015818310839E+00
 0.101523827649824E+00 -0.458906699847163E+00  0.882665028906614E+00 -0.190167381960637E+00 -0.801961717082401E+00  0.566298305818131E+00
-0.611696236007143E-01  0.384566118340850E+00  0.921068497872334E+00 -0.283397246065502E+00  0.955596826763773E+00  0.807508860725172E-01
 0.959226322697140E-01  0.455252535771804E-01  0.994347172724488E+00  0.371067585997148E-01 -0.225730733829777E-01  0.999056327152913E+00
 0.450810785130130E+00 -0.341187120902001E+00  0.824839975110905E+00  0.639933785420873E+00 -0.466571849953106E+00  0.610569782341256E+00
-0.160809224055442E+00 -0.130706284077255E+00  0.978292523104108E+00 -0.507639092742337E+00 -0.489814084179628E-01  0.860176361654475E+00
 0.879525002793137E-01  0.434031035672266E+00  0.896594344041874E+00 -0.672512686829739E+00 -0.499868291931936E+00 -0.545764030304392E+00
-0.421770429265598E+00  0.286812687486105E+00  0.860144282835218E+00 -0.875824266459744E+00  0.249034995604441E+00  0.413416769428319E+00
 0.705712465816297E-01 -0.487271522348552E-01  0.996315895582820E+00  0.731481234255253E+00  0.634955298014913E+00 -0.248529622892735E+00
 0.305612237541413E+00  0.296208219093561E+00  0.904909858055681E+00  0.167441817490664E+00  0.799709814271016E+00  0.576565218092489E+00
 0.133213204081853E+00  0.156089357179896E+00  0.978718731216182E+00  0.223588787903053E+00 -0.188892028397726E+00  0.956204923398659E+00
 0.367972592404307E+00 -0.326436940627558E+00  0.870652109072834E+00 -0.827636641855888E+00  0.557036281358280E+00 -0.687616921552164E-01
 0.110659006056553E+00  0.422035071081309E+00  0.899800524091851E+00  0.304480560642668E+00  0.573275031972217E+00  0.760688718141646E+00
-0.702899343968161E-01 -0.249581604608354E+00  0.965799331001845E+00 -0.274504259854188E+00 -0.905428307142241E+00  0.323800852295730E+00
 0.919190410996378E-01 -0.292141290600152E+00  0.951947664638031E+00  0.130826967891191E+00  0.967730482375272E+00 -0.215364848464463E+00
 0.210287541842119E+00  0.176797566538702E+00  0.961520551112659E+00  0.400075607925384E-01  0.722776385706485E-01  0.996581827067944E+00
 0.806517433060449E-01 -0.518006954571267E+00  0.851565670584188E+00 -0.322767117663798E+00  0.774066033733422E+00 -0.544649578330152E+00
 0.197353454631358E+00 -0.939005224424590E-01  0.975824936056720E+00  0.672250832990470E+00 -0.710867257103096E-01  0.736902636018766E+00
-0.230898468824744E+00 -0.501701358468286E-01  0.971683515638451E+00  0.785002868106384E+00  0.589263205970670E+00  0.191152742993448E+00
 0.524798363106898E-01  0.163380493882840E-01  0.998488324880661E+00 -0.484095776653616E+00 -0.571018063271334E+00  0.663015573304268E+00
 0.640204425023998E-01 -0.235573865445833E+00  0.969745501077837E+00  0.332627865851507E-01  0.763635973423102E+00 -0.644789645638593E+00
-0.436875625352516E+00 -0.916510749760082E-02  0.899475229663055E+00  0.150658807249331E+00 -0.172285821870969E+00 -0.973457507742610E+00
 0.201499495129707E+00 -0.132871991120960E+00  0.970434432322980E+00 -0.988582102524737E+00  0.148765475778059E+00 -0.239637180816686E-01
-0.288647201257463E+00  0.242331486853705E+00  0.926260354158325E+00 -0.865896951348052E+00  0.464376649754064E+00  0.185948371354364E+00
-0.146578989578865E+00  0.459607755195147E-01  0.988130662882032E+00 -0.931851274726262E+00 -0.311134276463648E+00  0.186677968171083E+00
 0.104134680877019E+00 -0.134944948518609E+00  0.985365835163748E+00 -0.194466563733374E+00  0.603207697156189E+00 -0.773513561407465E+00
 0.677147424461179E-01  0.529243574409675E-01  0.996300018089389E+00  0.174727326256370E+00 -0.127548732950447E+00  0.976320481287797E+00
-0.124877767951335E+00  0.875763808111834E-01  0.988299509559479E+00 -0.777584792828381E+00  0.174096468973919E+00  0.604195588739985E+00
 0.274794210524168E+00  0.230286867106190E+00  0.933518130890244E+00 -0.849817681068384E-01 -0.964261240377757E-01 -0.991705652748076E+00
-0.308691770708662E-01  0.114704866895256E+00  0.992919879656717E+00 -0.258210450524804E-01 -0.725655128575171E+00 -0.687573929119589E+00
 0.180630037858077E+00 -0.304576027785947E+00  0.935203845544662E+00 -0.513744147529434E+00  0.816902416843692E-01 -0.854045464417911E+00
 0.303160540134798E+00 -0.939379993161915E-01  0.948298127800350E+00  0.185646841885089E+00 -0.975085186638442E+00  0.121425404658032E+00
-0.189780665506492E+00  0.226616958129991E+00  0.955315682530033E+00 -0.335010997131664E+00  0.177519703501014E+00  0.925340146470345E+00
 0.158613198379979E+00 -0.481930180218223E+00  0.861733807329447E+00 -0.258899375347559E+00  0.802437704271450E+00 -0.537647509255096E+00
 0.251221738549036E-01 -0.110312493763821E+00  0.993579403017399E+00 -0.299012694864808E+00  0.294361311456895E+00 -0.907712964888715E+00
 0.987252310582308E-01 -0.275315913620783E+00  0.956271131248692E+00  0.947136432037226E-01  0.513198053784106E+00 -0.853028184401479E+00
-0.318495286756527E+00  0.862984884960465E-01  0.943987988905142E+00  0.194080802958819E+00 -0.192327850005204E+00 -0.961947316663047E+00
-0.187942123001603E+00  0.337841632764051E+00  0.922247683419682E+00  0.520244810065490E+00 -0.697441254338633E+00 -0.492870200302754E+00
 0.200272839284893E+00  0.280430194504292E+00  0.938749005781126E+00  0.621251584460396E+00  0.460264984707737E+00  0.634194459655265E+00
 0.347203364102926E+00  0.795145854690181E-01  0.934412786006967E+00 -0.151892576838649E+00 -0.579401422672930E+00 -0.800763783213190E+00
-0.346469041458045E+00  0.300567547002694E+00  0.888604722584753E+00  0.704530656293670E+00 -0.537389198761592E+00 -0.463518503834297E+00
-0.458483749103848E+00  0.235321930752446E-01  0.888391179434347E+00  0.777155392037347E+00 -0.550040176273175E+00 -0.305753660832790E+00
-0.321550117706740E-01  0.340686469248028E+00  0.939626939210100E+00 -0.278494415007318E+00  0.921820073532958E+00  0.269608258110584E+00
 0.155765800676841E-01  0.130085112670401E+00  0.991380468647090E+00  0.960489879959954E+00  0.276515186337256E+00  0.315997186599063E-01
 0.464797854186431E-01  0.308983571264645E+00  0.949930935508463E+00  0.420443609962026E+00  0.591777188625745E-01  0.905386750749270E+00
-0.387474262226371E+00  0.553319924903931E-01  0.920218488577127E+00  0.624652952136554E+00 -0.976224389343159E-01 -0.774776450857667E+00
-0.232006746370544E+00  0.612639342097743E-01  0.970782982959474E+00 -0.467774118379378E+00  0.588340941079602E+00  0.659577373189805E+00
-0.616060389283216E-01  0.885877313571003E-01  0.994161410345707E+00  0.972543339407662E+00 -0.527505144379629E-01 -0.226664589648061E+00
-0.129268939550309E+00 -0.495644682799432E+00  0.858851494543840E+00 -0.167896858648516E+00 -0.971612906238029E+00  0.166670349155606E+00
-0.217980388929274E+00 -0.216770312564490E+00  0.951575105618540E+00  0.398643041257606E+00  0.534260413823022E+00 -0.745419033751178E+00
-0.441146495866129E+00 -0.959981997803655E-01  0.892285892987200E+00  0.355502834833389E+00 -0.859587523438709E+00 -0.367051800123541E+00
 0.111830038279162E+00  0.120434638079539E+00  0.986402321818604E+00  0.700368714886268E-01 -0.183938014224572E+00  0.980439515500679E+00
-0.266456957365257E+00  0.463643957752562E-01  0.962731028208837E+00  0.658382479510318E+00  0.144277424398690E+00 -0.738726292670516E+00
-0.716972318214267E-01 -0.245604007631676E+00  0.966715148523288E+00 -0.761894252897559E+00 -0.519356608971080E-01  0.645615856782384E+00
 0.103729625762826E+00 -0.362372756982969E+00  0.926243029520690E+00  0.931690552543490E+00 -0.343574951249540E+00 -0.117936284387300E+00
 0.577271432031910E-01  0.177282885741810E+00  0.982465447413116E+00  0.196915196108886E+00  0.887394746987121E+00  0.416839259860515E+00
-0.407369638483705E-01 -0.868717395165574E-01  0.995386257012716E+00 -0.787849124676285E+00 -0.310019986362029E+00  0.532147878698110E+00
-0.179779213712358E+00  0.348293435872273E+00  0.919984302499370E+00 -0.222355206322235E-01 -0.351648870492001E+00 -0.935867861134206E+00
-0.110719778194784E+00  0.270852016931398E+00  0.956232354420562E+00 -0.381965465463485E+00  0.360287921901866E+00  0.851055225308498E+00
-0.103148319676921E+00  0.279132892736856E+00  0.954696418941740E+00  0.554741574795679E+00  0.818172477260169E+00 -0.151180629206152E+00
 0.350665006654898E-02  0.207489135729165E+00  0.978231037107122E+00 -0.975106748453440E-01  0.339295230783372E-02 -0.995228695409172E+00
-0.745708150810312E-01  0.237748641436863E+00  0.968460002805008E+00 -0.591011147915936E+00  0.785532661917171E-01  0.802829500834206E+00
-0.158536701443779E+00  0.513605482584167E+00  0.843252941029446E+00 -0.340881463629740E+00  0.939985699938989E+00  0.150569473617912E-01
-0.297945943031038E+00  0.456083118461103E-01  0.953492578325544E+00  0.171702015777020E+00 -0.619102101758989E+00 -0.766309993002643E+00
 0.282817261050887E+00  0.203305372165909E+00  0.937380030990716E+00  0.834133100513083E+00  0.251886569608108E+00  0.490688421179358E+00
 0.174098470989527E+00  0.167790113992329E+00  0.970327882751779E+00 -0.685410215590673E+00  0.662902073788381E+00 -0.301286702214040E+00
-0.324385985036858E+00  0.286931723227124E+00  0.901356710141762E+00 -0.523586035888666E+00  0.408319403174981E+00  0.747751916087963E+00
 0.185039906039368E+00 -0.117069271126464E+00  0.975733067457929E+00  0.264422389081684E+00 -0.453902794996574E-01 -0.963338218217920E+00
-0.184796205697271E+00  0.414452085339265E+00  0.891111570634018E+00  0.553460073901315E+00 -0.657447398170906E+00 -0.511316795377834E+00
 0.285360079199281E+00  0.429647330889322E+00  0.856722123129233E+00  0.646204203521985E+00  0.673390680603709E+00  0.359117137751166E+00
 0.766004481813021E-02  0.450996852000793E+00  0.892492668428575E+00 -0.159914883091453E+00  0.977023367329661E+00  0.140899147824450E+00
-0.216062785224835E+00 -0.287329966804975E-01  0.975956601362297E+00 -0.311882556934352E+00 -0.113406487431972E+00  0.943328277583383E+00
-0.315282367725100E-01  0.422772555092466E+00  0.905687218054116E+00 -0.208651946108336E+00 -0.776394149128535E+00 -0.594707062833613E+00
 0.151090148017796E+00  0.166295936834124E+00  0.974431849112303E+00 -0.948885883882136E-01 -0.161095113581464E+00 -0.982366795129939E+00
 0.348636923063863E+00 -0.271498752456458E+00  0.897073421349194E+00 -0.474327974323390E+00 -0.142151631472939E-02 -0.880347063416263E+00
-0.305736633520438E+00  0.152319881118296E-01  0.951994273859749E+00 -0.889539478447840E+00  0.148840474510386E+00  0.431932899221937E+00
-0.164175032547114E+00 -0.117899987788214E+00  0.979360072479828E+00 -0.186591842135663E+00 -0.436844526564931E+00  0.879971785944687E+00
 0.159997960473559E+00  0.680733153086125E-01  0.984767320937893E+00 -0.234309301918165E+00  0.936336890273734E-01  0.967642435672262E+00
 0.337167033686233E+00  0.454963585943151E-01  0.940344869050650E+00  0.821915309387326E-01  0.292274575000164E+00 -0.952795951424239E+00
 0.143273053641175E+00  0.585891035146535E-01  0.987947442453131E+00  0.119988572398182E+00  0.967274696957837E+00  0.223567446465202E+00
-0.295378542035816E-02 -0.241154018750677E+00  0.970482361710963E+00 -0.100376454051753E+00 -0.539154986863701E+00  0.836203604161091E+00
 0.335554855263730E+00 -0.320064015461338E+00  0.885980792746492E+00  0.433313478800633E+00 -0.701036323764148E+00  0.566381057109912E+00
 0.100193030890686E+00 -0.377368892933814E+00  0.920627001128495E+00  0.852560578093529E+00 -0.407205609204012E+00  0.327603498933721E+00
-0.348914204997469E-02  0.179149264533871E-01  0.999833426775643E+00 -0.359399962100416E+00 -0.323182606822119E+00 -0.875433989453162E+00
-0.321157631069458E+00 -0.101669448255995E+00  0.941552494180317E+00 -0.229448542209866E+00 -0.122819618668538E+00  0.965540629775817E+00
-0.265672049656130E+00  0.287907094240809E-01  0.963633466149017E+00  0.551443894946555E+00 -0.834024958206845E+00  0.176635164744338E-01
-0.403508559050369E+00  0.333557815832960E+00  0.852009405036024E+00  0.942709269342971E+00  0.230244367851936E-01 -0.332819934507485E+00
 0.105133453118406E+00 -0.494136443546356E-01  0.993229705952754E+00 -0.232799115522230E+00  0.346787865138268E+00 -0.908593830270110E+00
-0.374346287157501E-01  0.162857234243682E-01  0.999166364418588E+00 -0.863133918912419E-01  0.251921132231059E+00  0.963890938600239E+00
 0.120072030086716E+00  0.341359401438379E+00  0.932231981129422E+00 -0.892161353052965E-01 -0.983725727746457E+00 -0.155962090813412E+00
 0.872420182841690E-01 -0.120744849467908E+00  0.988842511006013E+00  0.156362887383905E+00 -0.895984822723829E-01  0.983627347842390E+00
-0.114266916311355E+00  0.377472102795843E+00  0.918943895701788E+00  0.438642613411597E+00 -0.635632461856693E+00 -0.635266897558376E+00
-0.523696279632372E-01  0.248521747487777E+00  0.967209575579467E+00  0.103736127543238E+00 -0.598475332341096E+00 -0.794396684548436E+00
-0.294026418547178E+00 -0.852933595133475E-01  0.951983985169523E+00  0.721079578668826E+00  0.454056948375932E+00 -0.523332140096827E+00
-0.189526651919255E+00 -0.218289832449108E+00  0.957303085371408E+00  0.677818719100768E+00  0.289527581012679E+00 -0.675822139227135E+00
-0.190327252229413E+00  0.644150514010597E-01  0.979605144030900E+00 -0.135392969684407E+00  0.887471002674141E+00  0.440526915378155E+00
-0.234501709208735E+00 -0.237267047113569E-01  0.971826111946845E+00 -0.597129290374531E-01  0.129161884606044E+00 -0.989824011464050E+00
 0.715569509762586E-01 -0.184317116303813E+00  0.980258539062235E+00  0.652035403957468E+00 -0.755470052292828E+00 -0.641469568622963E-01
-0.217046691752268E+00 -0.128557305759814E+00  0.967658903093013E+00 -0.821928679314893E+00  0.302250278694999E+00  0.482781539775984E+00
-0.382346402267412E-01  0.145907685518201E+00  0.988559082500107E+00 -0.929967497934303E-01 -0.274371549234766E+00 -0.957116428392269E+00
-0.335240056528035E+00 -0.192917862657148E+00  0.922169617134981E+00  0.705414271450857E+00 -0.887226633491689E-01 -0.703220445267120E+00
 0.455192364201325E+00 -0.136137786229930E+00  0.879924096006708E+00  0.280376347514488E+00 -0.256478660200831E+00  0.924990702988966E+00
-0.107231430763115E+00 -0.120926043775022E+00  0.986852730752374E+00 -0.303499583318297E+00  0.508810477405879E-01 -0.951472081517077E+00
-0.583669515111362E-01 -0.286535207806489E-01  0.997883898416128E+00 -0.171179976968179E+00 -0.150964614295748E+00  0.973605207831033E+00
 0.284419614310159E+00  0.571231522237752E-01  0.956996566595555E+00 -0.873419767774653E+00 -0.486032946400016E+00  0.301642880604010E-01
 0.130286716822990E+00 -0.160871463873768E+00  0.978338256192916E+00 -0.565484948880253E+00  0.819435925597445E+00 -0.935496468734962E-01
-0.390836578311106E+00 -0.184285861410514E+00  0.901823425254773E+00 -0.297885525095246E+00  0.383059121767880E+00 -0.874374017894602E+00
 0.459319253468332E+00 -0.550829351158982E-01  0.886561725799345E+00 -0.814194005552285E+00  0.357592212522165E-02 -0.580581892676374E+00
 0.386731356621057E-01  0.276843941612539E+00  0.960136355196747E+00  0.624742485812078E-01  0.449685775984517E+00  0.890999254287800E+00
-0.397744125152023E-01 -0.625430546334819E-01  0.997249398308259E+00 -0.404977733120060E+00  0.293395622310892E+00 -0.865974621155691E+00
 0.400834223653499E+00  0.184610576180978E-01  0.915964581465745E+00 -0.480143593416613E+00 -0.685906120156431E+00 -0.546804283115022E+00
 0.159551234758698E+00 -0.457054954766565E+00  0.875010955251595E+00  0.345716036339617E+00 -0.847125818360401E+00  0.403557022098297E+00
-0.697161370102670E-01 -0.366912527762261E-01  0.996891875887288E+00 -0.517517171746388E-01 -0.322222445910139E-01  0.998140013586768E+00
-0.203542933779145E+00  0.225497310443596E+00  0.952744056445005E+00  0.473925755148528E+00 -0.513318766285422E+00 -0.715470630275003E+00
 0.503292737820014E+00  0.487349537890222E-01  0.862740589248481E+00 -0.815311624034731E+00 -0.236922675327769E+00 -0.528331904799797E+00
 0.987133711561552E-01 -0.881526256693413E-01  0.991203705069038E+00 -0.267999980363224E+00 -0.969176712147391E-01 -0.958531676853521E+00
-0.325906205099671E+00  0.185786306070614E+00  0.926967417957162E+00  0.667835276697860E+00 -0.333872343774478E+00 -0.665225752102570E+00
-0.277183542304183E+00  0.320135974631365E+00  0.905915140409151E+00 -0.555732572143608E+00  0.679288213293034E+00  0.479300356290090E+00
-0.199883357823217E+00  0.701875484725276E-01  0.977302589429053E+00  0.576700215810525E+00  0.186466494845905E+00 -0.795391166272279E+00
-0.314215669965089E+00  0.335535782204383E+00  0.888078966989357E+00 -0.668849956141725E+00  0.606299280530108E+00  0.430163827626040E+00
 0.341087327191068E+00  0.371647077434778E-01  0.939296662257455E+00 -0.599953305020783E-01 -0.157126462105048E-01 -0.998074983689607E+00
 0.680960978368953E-01  0.287084164344925E+00  0.955481870074867E+00  0.168604315327206E+00  0.912128368466170E+00  0.373623372251103E+00
 0.688966218641205E-01  0.749401306314457E-01  0.994805122783681E+00  0.550416570731574E+00 -0.831902163342547E+00  0.705718732221565E-01
-0.995385769538306E-01 -0.181788859592833E+00  0.978286707579094E+00 -0.772844687703592E-01  0.382778806143443E+00 -0.920601703482176E+00
 0.634933383019871E-02 -0.582599596451469E-02  0.999962871176192E+00 -0.822243533779416E+00 -0.561860634646359E+00  0.907094173321039E-01
-0.232384021589618E+00 -0.150067416685014E+00  0.960977334258890E+00 -0.573967062385651E-01 -0.286195623013066E+00  0.956450565100532E+00
-0.147025255954159E+00  0.221289867705273E+00  0.964061392527777E+00 -0.213976328635230E+00  0.270420256337424E+00  0.938662354495050E+00
-0.728812463285612E-01 -0.533522261741597E-01  0.995912578440426E+00 -0.251298928577215E-01 -0.388286239850067E+00  0.921196116159884E+00
 0.375977482904018E-01 -0.264258809320065E+00  0.963718678360149E+00 -0.131303019620395E+00 -0.498478247823017E+00  0.856900783921838E+00
-0.176366445934362E+00 -0.330951745739576E+00  0.927019858870569E+00 -0.282071567915943E+00 -0.836369448348283E+00  0.470023165857844E+00
-0.111684731268890E+00 -0.346877691067688E+00  0.931237020441598E+00  0.324812770067239E+00  0.799065816967283E+00 -0.505955022265474E+00
 0.318649253914255E-01 -0.117284638468611E+00  0.992586993723515E+00  0.349293160964046E+00 -0.143625047235219E-01 -0.936903413464703E+00
 0.454242947767376E-01  0.775766827808531E-01  0.995951048863726E+00  0.950552580370952E-01 -0.671944061779595E-01 -0.993201595698422E+00
-0.227705789798098E+00  0.120076773022566E+00  0.966297905344367E+00  0.179059646708363E+00  0.319187652592270E+00 -0.930621773522043E+00
-0.902104878106168E-01  0.673605421083401E+00  0.733565133151804E+00 -0.386504261702032E-03 -0.973324140494867E+00 -0.229434016973037E+00
-0.259356908371810E-01 -0.517020955598342E-01  0.998325715012651E+00 -0.107661248552956E+00 -0.241112689411569E+00  0.964506986270571E+00
-0.252798053396767E+00 -0.875188385776492E-01  0.963552591762808E+00 -0.177707797905191E+00 -0.735261590297539E+00  0.654072115593396E+00
 0.224828226020848E+00 -0.105758134771262E+00  0.968642083389950E+00  0.899166268838862E+00 -0.276558046989506E+00  0.339139599026345E+00
 0.120738857103698E+00  0.442505029026079E-01  0.991697545312158E+00 -0.558688630161703E-01  0.678766467741002E-01  0.996128220144367E+00
 0.485060546764171E-01  0.413135743242865E-01  0.997968111332361E+00 -0.176818113621518E+00  0.557795998823698E-01 -0.982661686915843E+00
-0.129960741409777E-01 -0.131738686035949E+00  0.991199284028416E+00  0.968026548710635E+00  0.209971723313291E+00 -0.137246043295333E+00
 0.265725214009916E-02 -0.190292827702071E+00  0.981723779245575E+00  0.439406123154158E-01 -0.113172019422975E+00  0.992603302739353E+00
 0.405282904796318E+00  0.569733791905234E+00  0.714946972467988E+00  0.415364510903528E+00  0.856898924359604E+00  0.305281110639402E+00
 0.283195924025431E-01 -0.406910133451553E+00  0.913029103578080E+00  0.475948202253842E-01  0.305345365260690E+00 -0.951051492297620E+00
 0.129498376010500E+00 -0.738482471053296E-01  0.988825872947362E+00 -0.595023404645178E+00  0.732477084805761E+00 -0.330793694255066E+00
 0.247773751738980E+00 -0.291521681608756E+00  0.923917354042662E+00  0.104059948796866E+00 -0.992231134811565E+00  0.681828583072553E-01
-0.457571359772834E-01  0.972339350262727E-01  0.994209156257607E+00  0.963792243091156E+00 -0.227270988974521E+00  0.139471895835187E+00
-0.252402504533736E+00  0.250495080568957E+00  0.934636394709648E+00  0.845077278266829E-01 -0.297162749573565E+00 -0.951079778043593E+00
 0.330155701805823E+00  0.553820118932619E+00  0.764382422894826E+00  0.765625252696989E-02  0.951795170761008E+00  0.306638769096908E+00
-0.225351371857368E+00 -0.179772370562085E+00  0.957548251517641E+00  0.403283147027045E+00  0.772925642964844E+00 -0.489845540728243E+00
 0.208869249023097E-01 -0.150136642462022E+00  0.988444598831091E+00  0.233395392476963E+00 -0.245513182321558E-01  0.972071923030178E+00
 0.571930055496645E-01 -0.504823462028549E-01  0.997086000723133E+00  0.505177975449718E+00 -0.127206111813733E-02 -0.863014249581683E+00
 0.306403031055454E+00 -0.157728313757055E+00  0.938743288444390E+00  0.620391604024749E-01  0.455812432850541E+00 -0.887911126541067E+00
-0.217553232446750E+00  0.970444182055294E-01  0.971212114806606E+00  0.642997888805169E+00 -0.470847977182682E+00 -0.604033026725421E+00
 0.797383143763144E-01 -0.102715990707841E+00  0.991509569531898E+00 -0.189646415519189E+00  0.180799365429595E+00 -0.965062602394777E+00
-0.226643876497633E+00 -0.341594270219931E-01  0.973378491025796E+00  0.441286692986364E+00  0.131440623499750E+00 -0.887687679923043E+00
-0.188379565471798E+00 -0.369798487387148E+00  0.909814386585986E+00  0.607459760569940E+00 -0.786688683535388E+00 -0.110061594053827E+00
 0.442316828088990E+00  0.146081232007336E+00  0.884881967973421E+00  0.370556843803107E+00 -0.269365174659058E-01  0.928419113082819E+00
-0.848098206197320E-01  0.121266676271537E+00  0.988990236328197E+00 -0.379813011010872E+00  0.346344731609910E+00  0.857780510126521E+00
 0.114638264006369E+00  0.122977261216524E+00  0.985766027842961E+00 -0.349561819068273E+00 -0.494931172172593E+00 -0.795518490961425E+00
-0.107095705748597E+00  0.327256023331976E+00  0.938847168075375E+00  0.106802505002880E+00  0.882470167392346E-01  0.990356344434535E+00
 0.827439583495277E-01  0.215277450604031E+00  0.973041138194106E+00  0.575178538222481E+00  0.815811600599641E+00 -0.601754226848670E-01
-0.290310459131891E+00  0.607997863765782E+00  0.738957667918045E+00 -0.689355778810074E+00  0.676426734735410E+00  0.259298057756605E+00
-0.324819082456595E+00  0.221914519615699E+00  0.919372889341311E+00  0.392722536273796E+00 -0.692380875123517E+00 -0.605291444897307E+00
 0.209035119561829E-01 -0.213893851997860E+00  0.976633228630593E+00  0.930915033899300E-01 -0.142641921439481E-01  0.995555375064131E+00
-0.301544318980521E-01 -0.328518854375476E+00  0.944015928126603E+00  0.390061146387063E+00  0.864322861113305E+00 -0.317487470360833E+00
 0.843576933236937E-01 -0.207155681073137E+00  0.974664200315283E+00 -0.135061274924669E+00 -0.191396973201460E+00  0.972175730341507E+00
 0.128261281284677E+00 -0.313134353924752E+00  0.941007927764342E+00 -0.667337667053540E-01 -0.735585972995232E+00  0.674136396224067E+00
 0.450636233309880E+00 -0.196518208863248E+00  0.870808577595251E+00 -0.800857318430594E+00  0.298262404555152E+00 -0.519294804080628E+00
-0.170068782853794E+00  0.116639100631448E+00  0.978504945977544E+00 -0.241024701639534E+00  0.104881745478573E+00  0.964835173832785E+00
 0.164659465805639E+00  0.407016515719242E-01  0.985510342857912E+00 -0.672575476640123E+00  0.188245772768125E-01  0.739789066905331E+00
 0.139951213363248E+00  0.260727325618769E+00  0.955214593457323E+00  0.587016697980596E-01  0.419980151932499E+00  0.905632809667182E+00
 0.192240503212016E+00  0.151489244662548E-01  0.981230910139049E+00 -0.235768096135681E+00 -0.747933087691723E+00 -0.620491338521725E+00
-0.530014950954800E-01  0.208220958041936E+00  0.976644702104989E+00 -0.163748769736347E+00  0.307407388130315E-01  0.986022995364237E+00
-0.866736640066259E-01  0.164800126354172E+00  0.982511371090083E+00  0.153150724639098E-01  0.954470235645468E+00 -0.297912768813809E+00
 0.136376749514571E+00 -0.171321818615496E+00  0.975730606601084E+00 -0.387984658143981E+00  0.416393076739452E+00 -0.822243705167970E+00
 0.356069298121194E+00 -0.365189984106153E+00  0.860145877420817E+00 -0.569773334811392E+00  0.743390717039513E+00 -0.350326403169079E+00
-0.175737578525009E+00  0.387288382474714E-01  0.983674936440981E+00  0.567813182781082E+00  0.130999786437813E+00 -0.812666749297192E+00
 0.240613958042582E+00 -0.224794899678133E+00  0.944230997306157E+00  0.897846462129941E+00  0.323001468694847E+00 -0.299235328231345E+00
 0.458505704974794E-01  0.380512477197810E+00  0.923638446515649E+00  0.101101566471874E+00 -0.631627287809190E-01 -0.992869046224063E+00
 0.276476391720132E+00 -0.143514012153690E+00  0.950244459671808E+00 -0.922102747902262E+00 -0.130955063736993E+00 -0.364111649899778E+00
-0.100054377356400E+00  0.585612617743037E+00  0.804392306969660E+00 -0.329935629461257E+00  0.649592725163206E+00  0.684961146217100E+00
 0.346144103156953E+00  0.145122629660180E+00  0.926889250239846E+00  0.212046603483035E-01 -0.726946239811900E+00 -0.686366903924462E+00
 0.834090587729029E-01  0.266168340578612E+00  0.960311065951156E+00 -0.310886260743207E+00 -0.291505230901986E+00 -0.904640499445988E+00
-0.551287756202133E-01 -0.281778396738893E+00  0.957894437414622E+00  0.765792412446465E-01 -0.316808216697745E+00  0.945393131793958E+00
-0.129928167029588E+00  0.103236103990997E+00  0.986134361152217E+00  0.109373363498824E+00  0.215754859148185E+00  0.970302688912538E+00
-0.281824219044951E+00 -0.201077363847995E+00  0.938159369887465E+00  0.993098217906095E+00  0.179928684477480E-01 -0.115897309186881E+00
 0.301892065256383E+00  0.260075831061009E+00  0.917181412280669E+00 -0.460283191377981E+00 -0.481953270392545E+00 -0.745560479701567E+00
 0.349045319519452E+00 -0.110461531815342E+00  0.930572734884583E+00 -0.783926571188099E+00  0.448137595834547E+00 -0.429688056832980E+00
-0.212826386069888E+00 -0.365455518211820E-01  0.976406345756989E+00  0.141560494110707E+00 -0.208130379330581E-01  0.989710788038167E+00
-0.293212148877053E+00  0.217269331761169E+00  0.931032047368379E+00 -0.898393110704116E+00  0.288448765746672E+00  0.331190471147049E+00
 0.193204962713425E-01 -0.479797369852757E-01  0.998661435754206E+00 -0.200595470758575E+00 -0.145616546472788E+00  0.968791658977555E+00
 0.210685873422262E+00  0.911200036629513E-01  0.973297800096539E+00 -0.723950871391432E+00 -0.652253033797813E+00 -0.224635517479174E+00
 0.120143116047580E+00 -0.160399419322554E+00  0.979713048778756E+00 -0.794158727276911E+00  0.199134724414670E+00 -0.574157885448081E+00
 0.210131589192891E+00  0.313796747791590E+00  0.925946173542875E+00  0.141006818466634E+00  0.655308105376835E+00  0.742083798619361E+00
-0.228948736198399E+00 -0.394601103770075E+00  0.889872150983834E+00  0.732630727349392E+00  0.617928601998436E+00 -0.285335697338696E+00
 0.230906385694541E+00 -0.760380867994828E-01  0.970000232165621E+00 -0.388598898579103E+00 -0.326207321791920E-01 -0.920829399973308E+00
-0.253723208448777E+00  0.635993001697537E-01  0.965183745466310E+00  0.293761073870993E+00  0.952649366428429E+00  0.785087009297331E-01
 0.203857354848020E-01  0.154392795451075E+00  0.987799213657080E+00  0.221417696044097E-01  0.160934328895341E-01 -0.999625301528836E+00
 0.430424074959411E-01  0.315590078299729E+00  0.947918906677003E+00  0.162908428431028E+00 -0.829285584121681E+00 -0.534552395854790E+00
-0.444848686266185E-01  0.572628539648395E-01  0.997367566155564E+00 -0.225123037110187E+00 -0.374516579852292E-01 -0.973610287269215E+00
 0.169757586410016E-01 -0.484705301004396E-01  0.998680344920408E+00  0.239173186227562E+00  0.197072246704947E+00 -0.950767435584760E+00
-0.839892396318035E-01  0.200768407510392E+00  0.976031687073638E+00  0.802561499572145E+00 -0.549794470390559E+00  0.231562258868916E+00
-0.243838851071715E-01 -0.522110065172347E+00  0.852529475146055E+00 -0.101301615996316E+00  0.710467503986807E+00 -0.696400680912427E+00
 0.251722312056872E+00  0.532674484680584E-02  0.967784843548441E+00 -0.140643382719623E+00  0.250683077622900E-01 -0.989742905427019E+00
 0.982592432145102E-01 -0.142137706015634E+00  0.984957863896484E+00 -0.644381805824652E-01  0.602982741022804E-01 -0.996098307911176E+00
-0.130513897895561E+00 -0.466068732368706E+00  0.875069173931030E+00 -0.266071557777456E-01 -0.824639555967066E+00  0.565032443312646E+00
-0.104556614742388E+00  0.227405703547906E-01  0.994258910331484E+00 -0.315397077272878E+00 -0.910106531942835E+00 -0.268757854141440E+00
 0.100277791332087E+00  0.358318632577083E+00  0.928198320464785E+00  0.428549037565393E+00  0.890239092190966E+00  0.154337555820934E+00
 0.232250905457159E+00 -0.877910696608696E-01  0.968685834005086E+00  0.158660524186392E+00 -0.259026534393023E-01  0.986993358949138E+00
 0.166793299384177E+00  0.515038513683284E-01  0.984645798536087E+00 -0.595191719017662E+00 -0.526432761561385E+00 -0.607137023387352E+00
-0.323889680775554E+00 -0.171103966857950E+00  0.930493904984113E+00  0.543188119918044E+00  0.244923549164670E+00 -0.803093469930171E+00
-0.635702865256786E-01 -0.248182311145049E+00  0.966625242328042E+00 -0.317578684506649E+00  0.942639051888582E+00 -0.102836749275837E+00
-0.170176075519984E+00 -0.162669796819319E-01  0.985279396259074E+00  0.203791470192688E+00  0.101378076211502E+00 -0.973751263075103E+00
 0.117931167347634E+00 -0.320843842295856E-01  0.992503315892009E+00 -0.834283414278580E-01  0.287899078493770E+00  0.954019828121530E+00
 0.134311381088037E+00  0.369134518992081E+00  0.919619573409956E+00 -0.126591558906974E+00 -0.945531062159110E+00 -0.299909299131866E+00
 0.417322731077486E+00  0.999312269414886E-01  0.903247190977086E+00 -0.895501853107083E+00  0.793949849668938E-01 -0.437918790923486E+00
-0.294030309543774E+00 -0.666556586929542E-02  0.955772853402541E+00  0.869012527500026E+00  0.491717397425844E+00  0.550565901302617E-01
 0.218638858293140E+00 -0.317183501600857E-01  0.975290211120462E+00  0.589975974792390E+00  0.275510481059475E+00  0.758961345520406E+00
 0.166166163968229E+00  0.357015871125527E-01  0.985451268521041E+00 -0.428676984743246E+00 -0.452044972112363E+00  0.782234866225849E+00
 0.588468684885690E-01 -0.205729625800816E+00  0.976837943129230E+00  0.171153184475422E+00 -0.466942239787435E+00  0.867566442496606E+00
-0.451863866823243E+00 -0.534935866413236E+00  0.713906621824078E+00  0.478560931895799E+00  0.872874102225580E+00 -0.952377872848332E-01
-0.255772709635386E+00  0.348080055192720E+00  0.901898329182844E+00 -0.462939363869330E+00  0.849923386435325E+00  0.251629454894633E+00
-0.235514175087083E-01  0.129116720832812E+00  0.991349687615179E+00  0.768910896955665E-01 -0.990669024733992E-01  0.992105593754896E+00
 0.150039433312711E+00 -0.351653997307913E-01  0.988054433274288E+00  0.139944213120078E+00  0.137516978855035E+00  0.980563459313463E+00
-0.767659159327138E-01  0.120895372733241E-01  0.996975845865650E+00  0.728698183822038E+00 -0.663543892309666E+00  0.169435710146951E+00
 0.328714096709453E-01  0.214728502878888E-01  0.999228896262893E+00 -0.372656145579977E+00  0.230123430417765E+00  0.898983094353968E+00
 0.123818560917318E+00 -0.386045610022211E-02  0.992297365133589E+00 -0.637991468500298E-01  0.135998356920100E+00  0.988652677018700E+00
 0.196538032868422E+00 -0.231513233211962E+00  0.952771968775296E+00  0.724336339068333E+00 -0.271054570704905E+00  0.633929244951726E+00
 0.112965437105406E+00 -0.298518022703873E-01  0.993150381322383E+00  0.407218684876404E+00  0.751463482776362E+00  0.519110370481222E+00
 0.589262865003314E-01 -0.100970666924166E+00  0.993142797980316E+00  0.128078362530467E+00  0.706258995733588E-01  0.989246134872898E+00
 0.186820050163679E+00  0.125682469678289E-01  0.982313752334251E+00 -0.225383069452682E+00 -0.230684755907459E+00 -0.946565906525269E+00
-0.176414925419270E+00  0.154355714016703E+00  0.972137895383010E+00 -0.196091223368246E+00 -0.608004179426951E-01  0.978698902265624E+00
 0.112354439642609E+00 -0.523951678136009E-02  0.993654380233134E+00  0.585702223843868E+00 -0.626710713280545E+00  0.513990843151645E+00
-0.149257019210231E+00  0.241482652155642E-01  0.988503517193316E+00 -0.886680096421200E+00  0.187007628488604E-01  0.462005073651105E+00
-0.104099214794843E+00  0.568103450044651E-01  0.992943068951876E+00 -0.369624406100275E+00  0.227294629361873E-01  0.928903208052191E+00
-0.160231950140957E+00  0.116785491570863E+00  0.980146351884543E+00  0.664526487568745E+00 -0.201566929323495E+00 -0.719566063904242E+00
 0.225618753059875E+00  0.485934152544749E-01  0.973003010407272E+00  0.833245845743945E+00  0.191476470240409E+00  0.518688848824351E+00
 0.509909285169347E-01  0.387607790297843E+00  0.920413019306770E+00  0.281264673593519E-01 -0.837856327738239E+00 -0.545165732509735E+00
-0.407806998446956E+00  0.174734234248743E+00  0.896192724473475E+00 -0.870624429281041E+00  0.439774182639268E+00  0.220480773363632E+00
 0.341151726761087E+00 -0.168515629783675E+00  0.924779964016598E+00  0.519453963018617E+00 -0.607761437018991E+00  0.600660982565760E+00
 0.779123377685800E-01 -0.219822669968524E+00  0.972423601827590E+00 -0.580194494860398E+00 -0.146992701238895E+00 -0.801103922045186E+00
 0.373798596739864E+00 -0.439381554866307E+00  0.816834413035210E+00 -0.657759766746624E+00  0.630866132877114E+00 -0.411533730863099E+00
-0.627421991540650E-01  0.517294572086795E+00  0.853504389054240E+00  0.198207081117878E+00  0.711447983559598E+00  0.674207475250544E+00
-0.214884210580233E+00  0.346007558090486E+00  0.913292694478374E+00 -0.425493965243793E+00  0.791326631073228E+00  0.439041055592081E+00
-0.290991135796258E+00  0.215754594343859E+00  0.932080529733091E+00 -0.978991779855304E+00 -0.135401498620108E-01  0.203449648113381E+00
 0.174744550602689E+00 -0.858160030099157E-01  0.980866940854909E+00  0.829661993712567E+00 -0.442587547652884E+00  0.340260545540464E+00
-0.184132823484584E+00  0.186341759388636E+00  0.965076086131836E+00  0.167153447960164E+00 -0.385005991826971E+00 -0.907650875112429E+00
-0.536100294005889E-02 -0.172177511247575E+00  0.985051351081794E+00 -0.914661938705235E-01 -0.487125509216970E+00  0.868529028673738E+00
 0.925639160503240E-03 -0.284537844091819E+00  0.958664361740711E+00 -0.111580098430102E-01 -0.231041197304366E-01 -0.999670795045962E+00
 0.538556479322915E-01  0.308480961548568E-01  0.998072123721234E+00  0.345479104323577E+00  0.660888236028715E+00  0.666236390446088E+00
 0.862340925638869E-01  0.104589115196117E+00  0.990769800842848E+00  0.334585067163088E-01 -0.202969247942861E-01  0.999233988199065E+00
-0.203520150065924E+00 -0.694367196240427E-01  0.976605391386406E+00 -0.626693855244413E+00  0.391729513224982E+00  0.673648870159680E+00
-0.954800621198702E-02  0.479526715955645E+00  0.877475335415287E+00  0.603777205663185E-01  0.997532663688652E+00 -0.358206048725994E-01
-0.290853743907450E+00 -0.861837623354865E-01  0.952877987343983E+00  0.374923184271681E+00  0.660966211222961E+00 -0.650043285879599E+00
-0.521036632212767E+00  0.595659920072648E-01  0.851453299064939E+00 -0.847276299008149E+00 -0.191929930990592E+00  0.495263338769387E+00
 0.209073031682686E+00 -0.247266844813483E+00  0.946122388953456E+00 -0.398346804433738E+00  0.697445297346491E+00 -0.595726347081186E+00
-0.544113173972290E+00 -0.162861364648375E+00  0.823053479316302E+00  0.645247708849743E+00  0.182275519703827E+00 -0.741910391584359E+00
-0.185912154350108E+00  0.141461887529039E+00  0.972329782142676E+00 -0.211580065135006E+00  0.955839424197320E+00  0.203972721675232E+00
 0.304471001983635E+00 -0.175928669834200E+00  0.936133810991490E+00  0.386269709432624E+00 -0.407169616577386E+00  0.827652472304083E+00
 0.393250549380682E+00 -0.259731435918968E+00  0.881982758679138E+00 -0.668307370472137E+00  0.743876946955617E+00  0.351373883605885E-02
 0.387282455327192E+00  0.733251095438392E-01  0.919040656394550E+00  0.919981584857035E+00  0.291516977789738E+00  0.262014761386215E+00
-0.239882812817026E+00 -0.449161840331295E+00  0.860645035601319E+00 -0.119471943242417E+00 -0.981899746481604E+00  0.146967148156457E+00
-0.643069028202440E-01  0.178359123964618E-02  0.997928575125473E+00 -0.343051903232953E-01  0.431922787743417E+00 -0.901257931640459E+00
-0.120690387563775E+00 -0.108365202855875E+00  0.986757727691915E+00  0.327674654324140E+00  0.678219066303387E+00 -0.657760001076470E+00
-0.314116465695809E+00 -0.613315397824857E-01  0.947401334285889E+00 -0.738046420707178E+00 -0.122361165168239E+00  0.663562526172172E+00
-0.182958412710372E+00 -0.192742063718335E-01  0.982931698637925E+00 -0.890329648089769E+00 -0.371559644487445E+00  0.263166389040682E+00
-0.960505591187613E-01  0.228047708017830E+00  0.968900682712520E+00 -0.634421081486650E+00 -0.760395987322457E+00  0.138952631602339E+00
-0.114112644906469E+00  0.121077937386410E+00  0.986062085951337E+00  0.141690936563468E-01 -0.530442756336574E-01 -0.998491633218555E+00
-0.340900040661873E+00  0.510706783196244E-01  0.938711323087512E+00  0.479734887707834E+00 -0.120466890210878E-03 -0.877413484626080E+00
-0.110857991253403E+00 -0.338515764347717E-01  0.993259571586472E+00 -0.167092866749552E+00 -0.389852780597457E+00  0.905590847646909E+00
 0.172687104498866E+00 -0.144357466218540E+00  0.974340846873804E+00  0.909763845875929E+00 -0.319223511473641E-01  0.413896977802766E+00
-0.558182520568714E-01  0.177298869947174E+00  0.982572864195206E+00  0.204154838534277E-01  0.131607969282017E+00  0.991091595383845E+00
 0.389315909157769E-01  0.189672626367067E+00  0.981075239742491E+00 -0.209430422029274E-01  0.449725427437558E+00  0.892921289307962E+00
-0.244078188942519E-01  0.231568801257747E-01  0.999433848376002E+00  0.457197017320998E+00  0.427313636895630E-01 -0.888338290241962E+00
 0.396503310431529E-01  0.383831750133682E+00  0.922551374633133E+00  0.216064052030455E+00 -0.804716013385060E+00 -0.552945262410157E+00
-0.371657819495294E+00  0.867565118388826E-01  0.924307185334807E+00 -0.933618753333955E+00  0.227039731977255E+00  0.277144336992203E+00
-0.115213388141623E+00 -0.657902562096494E-01  0.991159683088853E+00  0.192596280894338E+00 -0.206643692579259E+00 -0.959273192006781E+00
 0.244666901828173E+00 -0.269273373143351E+00  0.931466562827569E+00 -0.944656855225462E+00 -0.173423751278571E+00 -0.278473748076922E+00
 0.177775302627870E+00 -0.733686912846941E-01  0.981332245936482E+00 -0.941373935011395E+00  0.332491566422063E+00 -0.571355645755392E-01
 0.893755287138708E-01 -0.116181308251890E+00  0.989198624382381E+00 -0.625383081591255E+00 -0.312172535804021E+00  0.715153346597156E+00
 0.218982907581002E-02  0.199761736339820E+00  0.979842055304384E+00  0.440903729454763E-02  0.999088299956561E-01  0.994986827088195E+00
-0.125932619694192E-01  0.952317516397759E-01  0.995375468470361E+00  0.740486785828157E-01  0.996981236485083E+00 -0.233496744477121E-01
-0.136467116588637E+00  0.204562936043180E+00  0.969293934411733E+00  0.476568441321149E+00  0.345903027333924E+00 -0.808228690667411E+00
-0.117886982657526E-01 -0.314288273556631E+00  0.949254395669565E+00  0.305462227659917E+00  0.864543471218569E+00 -0.399070687781486E+00
 0.133419656270305E+00 -0.167455703011985E+00  0.976810003454856E+00  0.223140282633593E+00 -0.700654739427923E+00  0.677710373524997E+00
-0.130695688602661E+00 -0.327495086921869E+00  0.935770059909332E+00  0.107440437231313E+00  0.608883118742374E+00 -0.785950316596479E+00
-0.305848905788442E+00  0.400696261833426E+00  0.863654417334116E+00 -0.492255793283055E+00  0.472879711344578E+00  0.730800254910970E+00
-0.281006604108164E+00  0.794717636278359E-01  0.956409706785475E+00 -0.140099415883401E-01 -0.959929670102274E+00 -0.279890603618683E+00
-0.105168282587275E+00  0.640575728299199E+00  0.760659167204073E+00 -0.144432074682013E+00  0.911712838005908E+00  0.384602491955347E+00
-0.162635754457463E+00  0.372442225961765E+00  0.913693821634303E+00 -0.302490112725820E+00  0.755821327544792E+00  0.580718393484785E+00
 0.170010842496752E+00  0.165562867227694E+00  0.971434635180818E+00 -0.334787904999712E+00 -0.709962370803687E+00 -0.619572829220836E+00
 0.465360498653839E-01  0.280366228794598E+00  0.958764399534328E+00  0.202391225591415E+00  0.239919298728725E+00  0.949461174509586E+00
 0.374608343669961E+00 -0.191193111052748E+00  0.907256183852620E+00  0.708097975403508E+00 -0.472673823026098E+00  0.524572887457354E+00
-0.561353840227086E-01 -0.114687933917964E+00  0.991814244944209E+00 -0.255655999808982E+00 -0.114711456546761E-01  0.966699758238844E+00
-0.113207470388857E+00  0.425867649002097E+00  0.897675227563724E+00 -0.573598745247460E+00  0.577030003990402E+00  0.581395608811570E+00
 0.139621494299884E+00  0.154923780678224E+00  0.978010460327410E+00 -0.641740389019593E+00  0.762786604004673E+00  0.795353371275948E-01
 0.148448797181225E+00  0.291554657592178E+00  0.944964992077355E+00 -0.513978648495455E-01  0.900389087620895E-02 -0.998637666743047E+00
-0.185390200236965E+00 -0.487638159562795E-01  0.981454310658158E+00 -0.756366212487791E+00 -0.424215157859383E+00  0.497947439444378E+00
 0.147894700823567E+00  0.985199128057127E-01  0.984083829889031E+00  0.861717114811921E-02 -0.112720068283367E+00 -0.993589417499803E+00
-0.242126475975993E+00  0.692812291305244E-01  0.967767989200723E+00  0.748668380972521E+00 -0.411399077074251E+00 -0.519852339337276E+00
-0.201931624363093E+00  0.130604604602967E+00  0.970652386974135E+00  0.706122062179165E-01  0.288009965709221E+00  0.955020510766765E+00
-0.190226244969504E+00  0.123615970060181E+00  0.973926623350488E+00  0.918310524296756E+00 -0.428732112761446E-01 -0.393532296921978E+00
 0.927246961696305E-01 -0.471196867991433E-01  0.994576224246387E+00 -0.973378794379163E-01  0.189407192300687E+00  0.977062051627889E+00
-0.236311259231546E+00  0.208586263545921E+00  0.949025162690828E+00  0.494492201039400E+00  0.196752790097303E+00 -0.846620223417877E+00
 0.136141769723118E+00 -0.318732153201217E-01  0.990176507841816E+00  0.321901418355243E+00 -0.163990590709580E+00  0.932462633578207E+00
 0.372962414737628E+00  0.226477006241154E+00  0.899781752891845E+00  0.940114257726777E+00  0.295818490441708E+00  0.169341675708079E+00
 0.342581885190952E+00  0.528714802805621E-01  0.937999071701009E+00 -0.344803310534268E+00 -0.174765943442889E+00 -0.922262187264081E+00
-0.357274980964568E+00  0.311022030994292E-01  0.933481248306108E+00  0.851350930931889E+00 -0.515453674506598E+00 -0.975146237189681E-01
-0.139946780473726E+00 -0.492155173558846E-02  0.990146795663932E+00  0.194191275059305E+00  0.197987118383245E+00 -0.960776170419073E+00
-0.204849748099179E+00 -0.432856697935587E+00  0.877879068981601E+00  0.451816460582146E+00  0.797280290397954E+00 -0.400257447763281E+00
-0.216116570123987E+00 -0.250262737331146E+00  0.943749008169739E+00 -0.713127004147001E+00 -0.662050794859528E+00  0.230518157597597E+00
-0.122571900315748E+00  0.174190246269398E+00  0.977053676804705E+00 -0.832297276691889E-01 -0.416539148930981E-01  0.995659461767020E+00
 0.156717689879018E-01  0.391537507056796E-01  0.999110293942800E+00  0.411034641828288E-01 -0.193534414064751E+00 -0.980232082623694E+00
-0.493065077657361E+00  0.167453173292748E+00  0.853724934594820E+00 -0.584074110834778E+00  0.609035318415193E+00  0.536594273148221E+00
-0.219232599545436E+00 -0.543706857960099E+00  0.810135741653031E+00 -0.233090391768351E+00 -0.731822968784037E+00  0.640393638026953E+00
 0.410654995595470E+00  0.219121610882058E+00  0.885069598527108E+00  0.604921383550556E+00  0.386003181096886E+00  0.696470863644967E+00
 0.206069091279318E+00 -0.599451953835432E+00  0.773429301657365E+00 -0.367601125596916E+00  0.834947879687491E+00 -0.409550302972960E+00
-0.322534280556703E+00  0.379795550892747E+00  0.867021901331128E+00  0.637277599682143E+00 -0.537250672150515E+00 -0.552484367396206E+00
-0.155074975396011E+00  0.341459524490919E+00  0.927015180641807E+00 -0.298259172526802E+00  0.606307918336553E+00  0.737178522588676E+00
 0.144717086542475E+00 -0.297641567105861E+00  0.943645305394683E+00  0.378598688235773E-01  0.862226439860665E+00 -0.505106124233180E+00
-0.113295958011918E-01 -0.449469828683941E-01  0.998925126818827E+00  0.153638651680225E-01 -0.744487055194923E-01 -0.997106484731481E+00
 0.298727359092484E+00  0.431818473708436E-01  0.953361050697621E+00 -0.775544280467237E-01  0.972782047846647E+00 -0.218358416548641E+00
-0.174428960982315E+00  0.249942154440861E+00  0.952419790325721E+00 -0.908529068786851E-01  0.834546488638244E-01  0.992361361044811E+00
 0.115999283144229E+00 -0.214920374386262E+00  0.969718205966916E+00 -0.477646994954754E-02  0.261887699150939E-01 -0.999645604034327E+00
 0.439452095230879E+00  0.276894607504572E+00  0.854523979963160E+00  0.584564773071995E+00  0.776448407015261E+00  0.235397318010956E+00
-0.140452673151076E+00 -0.197194315104358E+00  0.970251229679839E+00  0.382951119338338E-01  0.275246438352642E-01 -0.998887320163649E+00
 0.697910933635172E-01 -0.336844324855198E+00  0.938970236003235E+00  0.192983585247054E+00  0.817875451295136E+00 -0.542067414621070E+00
-0.256936307043186E+00  0.373639586991430E+00  0.891278403842415E+00  0.428817226135703E+00 -0.692472995018507E+00 -0.580169749072959E+00
-0.970725161006277E-01  0.603280068419920E+00  0.791599700394808E+00 -0.885119990835520E-01  0.853687396666668E+00  0.513208977698871E+00
 0.389900922480621E+00 -0.113911176472988E+00  0.913784172834757E+00  0.789404542842257E+00  0.369192153566080E+00  0.490446349242451E+00
 0.119775802279951E-01  0.183804161031098E+00  0.982889906327019E+00  0.497353183571639E-01 -0.111751489774989E+00 -0.992490807333238E+00
 0.138291311219938E+00  0.183393040785189E+00  0.973263841839731E+00 -0.528954557087621E-01 -0.638513338132234E+00 -0.767790848989876E+00
-0.113633829517879E+00  0.488149346920937E+00  0.865330900806024E+00 -0.202771470325650E+00  0.913788173939451E+00  0.351958668014267E+00
 0.397190649156264E+00  0.244633588123623E+00  0.884530381493246E+00 -0.498548352388737E+00 -0.366085881345018E+00 -0.785767566020841E+00
-0.281514107159810E+00  0.234650742573516E-01  0.959270138052943E+00  0.688407781264464E+00  0.113201009143429E+00 -0.716435801885590E+00
 0.519705124939734E+00  0.238391767710835E-01  0.854013042501256E+00 -0.996142137098855E+00  0.402026817516281E-01 -0.780037632175669E-01
 0.912053385984667E-01  0.255221577699557E+00  0.962571312936184E+00 -0.100769000743945E-01  0.833636627737950E-02 -0.999914476883988E+00
 0.445542502832234E-01 -0.364433153844515E+00  0.930163101375581E+00 -0.243610205323680E+00 -0.650642337067601E+00  0.719248647602041E+00
-0.981184418322235E-01 -0.110356327781144E-01  0.995113554415577E+00  0.230094932659161E+00  0.235004665160782E+00 -0.944367052219234E+00
 0.862227204552475E-01 -0.114665373646538E-01  0.996209898062733E+00 -0.197133998353703E+00 -0.119812368399563E+00 -0.973027842906651E+00
 0.108291312495841E+00  0.192825932235494E+00  0.975239022750546E+00  0.116327630050164E+00  0.712861626984680E+00  0.691589606095744E+00
 0.234769825614996E+00  0.695111178047481E+00  0.679487732879812E+00  0.459258811246064E+00  0.855759479878337E+00  0.238237396080487E+00
 0.363363169691727E+00  0.125815644191187E+00  0.923113010735055E+00  0.511264737049779E+00  0.409946644757874E-01  0.858444993074069E+00
-0.391903453000403E+00  0.836981801288937E-01  0.916191190838174E+00  0.383376044465139E+00  0.233716511567738E+00 -0.893531980821544E+00
 0.252676997929288E+00 -0.369833022060210E+00  0.894079342402706E+00 -0.410969709620283E+00  0.904708418859130E+00  0.112279003469180E+00
 0.199467740652452E-01 -0.270883505940974E+00  0.962405451155341E+00 -0.603170756232637E-01 -0.465058899403448E+00  0.883222548667045E+00
-0.370910787095423E+00  0.226667241978926E+00  0.900581561786561E+00  0.377778424604925E-01 -0.982523037830589E+00 -0.182267152145364E+00
-0.140988404303216E-01 -0.144847227405187E+00  0.989353578561047E+00  0.318364184633230E+00  0.536859957773945E+00 -0.781297402838238E+00
 0.143502101830864E+00 -0.227971616496549E+00  0.963034832621372E+00  0.582496928198445E+00 -0.494664145536439E+00  0.644984272490485E+00
-0.176634967035974E-01  0.162478162405285E+00  0.986554026713998E+00 -0.722560116378922E+00 -0.246359383420641E+00  0.645920995493319E+00
-0.674138132410625E-01  0.210818375444302E+00  0.975197923684892E+00  0.521464323506011E-01 -0.769465893375429E-01  0.995670614200511E+00
 0.309866172044485E+00  0.230523317802299E+00  0.922410947122766E+00 -0.828892394096492E+00 -0.558536450012202E+00 -0.312159096736279E-01
 0.244200123289645E+00 -0.372575288281131E+00  0.895295456454211E+00  0.662677155576880E+00 -0.364293496689230E-01  0.748018642788557E+00
 0.131975326116986E+00 -0.161474869938124E-01  0.991121471848986E+00  0.110616227094871E-02  0.152949688957284E-02 -0.999998218520561E+00
-0.139638285019283E+00 -0.112799273337074E+00  0.983756816134710E+00  0.971458073700822E-01  0.930700186504837E-01 -0.990909008808989E+00
 0.299241403605832E-01 -0.155281316816261E+00  0.987416962823451E+00  0.241407437172830E+00  0.926996084082551E+00 -0.287055237494916E+00
-0.318922631290376E-01  0.386673798153405E+00  0.921664937693806E+00 -0.512188534779994E+00  0.697249620500493E+00  0.501503610706683E+00
-0.974932883067321E-01  0.376244190014626E+00  0.921376887172333E+00 -0.286304958931631E+00  0.429243458059412E+00  0.856609318303481E+00
-0.138645156260867E+00 -0.619093916069487E-01  0.988405153707859E+00 -0.816617793263075E+00 -0.497399805768490E+00  0.292794830807536E+00
-0.166317203162869E+00 -0.528699532324217E+00  0.832355328241632E+00 -0.526702397048984E+00 -0.753769919640274E+00  0.392957368156330E+00
 0.834162013441132E-01  0.263568969766597E-01  0.996166176566480E+00 -0.579181741650766E+00 -0.653795753798139E+00 -0.486928765276716E+00
-0.375546116873279E+00 -0.321417957672516E+00  0.869284539484644E+00 -0.624709231994588E+00 -0.696959679460730E+00  0.352115862560506E+00
 0.261411355097448E+00  0.427343276667216E-01  0.964281017476228E+00  0.242340762762763E+00 -0.486030146297963E+00 -0.839669965875369E+00
-0.248938410603503E+00  0.271458668260245E+00  0.929698800231868E+00  0.423936250749100E+00 -0.146508074607293E+00 -0.893763637308914E+00
 0.379651789671509E+00  0.193670593221611E+00  0.904630432784797E+00 -0.868192398779066E+00  0.188544274651636E+00 -0.459013088264747E+00
 0.388756522384039E+00  0.219496690978788E+00  0.894812588731982E+00  0.671789289193363E+00  0.676719419043060E+00  0.301247371465875E+00
 0.189507128712346E+00 -0.464245719943275E-02  0.981868369873658E+00  0.289954224130614E-01 -0.664955787885807E-02 -0.999557426493898E+00
-0.107053622761739E+00 -0.127760561613355E+00  0.986010527707401E+00  0.781332782725003E+00  0.499935183972197E+00 -0.373609280486831E+00
-0.281376817097538E+00 -0.756727106526324E-01  0.956608973229157E+00  0.434005270210838E+00  0.427027101752621E+00 -0.793276294740977E+00
-0.120640947426820E+00  0.194665553501158E+00  0.973422356474335E+00  0.486607922144195E+00 -0.871820397472413E+00 -0.560528737671141E-01
 0.564601773331006E+00 -0.205331995049671E+00  0.799414541624310E+00 -0.975481646983665E+00  0.111481256333041E+00 -0.189756385622312E+00
 0.181042328542436E+00 -0.827692641672456E-01  0.979986185711383E+00  0.338582410237707E-01 -0.129734415351544E+00 -0.990970534873852E+00
-0.269734888218204E-01 -0.611126313143404E-01  0.997766343987718E+00 -0.827744924841045E+00 -0.548926779587077E+00 -0.116265773347329E+00
-0.766714223078266E-01 -0.954138810352449E-01  0.992480571249174E+00  0.338180104160900E+00 -0.873292763942293E+00  0.350704955191331E+00
 0.858107499090982E-01  0.117863298597070E+00  0.989315297589124E+00 -0.655181242806755E-01 -0.338427239556707E-02 -0.997845640412932E+00
 0.355998284758327E+00 -0.614017757156880E-01  0.932467180756561E+00 -0.902263885868415E+00  0.288343793207272E+00 -0.320589671038339E+00
-0.225970379286860E+00 -0.854159550516743E-01  0.970382142409661E+00  0.695633809443232E+00 -0.238115760586322E+00 -0.677786461741377E+00
-0.290524590438628E+00 -0.111899160530637E+00  0.950302078406128E+00 -0.611469687529050E+00 -0.686733099902734E+00  0.393068023033046E+00
 0.218699038106072E+00  0.120332438386653E+00  0.968344378309391E+00 -0.823959931435112E+00 -0.244413991393031E+00 -0.511225813316163E+00
 0.444018253692886E+00 -0.666780196435967E-01  0.893533341338715E+00 -0.676217943455291E+00  0.735481234700337E+00 -0.423868653330745E-01
-0.935177919388434E-01  0.168649188516222E+00  0.981229776252078E+00  0.538717520911392E-01  0.420856974299571E+00  0.905525947452662E+00
-0.332677480990050E-01 -0.313316075699976E+00  0.949066011215441E+00 -0.719113045735696E+00 -0.653774517768675E+00  0.235489505857622E+00
-0.118158521874363E+00  0.608291711321885E-01  0.991129848025896E+00  0.791078050167136E+00 -0.741690449515631E-01 -0.607202166757280E+00
 0.204411244798163E+00  0.299931693728104E+00  0.931803102644253E+00  0.696831977764054E+00  0.154357174864837E+00  0.700427767391601E+00
 0.153727174396067E-01  0.152896774434997E+00  0.988122591547170E+00  0.440637381870525E+00  0.223758439267769E-01  0.897406273271395E+00
-0.268800240789842E+00  0.603896911974880E-01  0.961300949624203E+00  0.567063052301168E+00 -0.736217362990206E+00  0.369355505098583E+00
-0.146550005179764E+00 -0.333760250180992E+00  0.931196644850556E+00 -0.195338512496475E-01  0.434879815462968E+00 -0.900276610136158E+00
-0.402161080501563E+00 -0.274493195663894E+00  0.873452889893919E+00 -0.934918322757045E+00  0.133825195473204E+00  0.328661751394519E+00
-0.636449909079692E-01  0.155943509567863E+00  0.985713415225735E+00  0.258878143508754E-01  0.309043991005759E-01  0.999187039139503E+00
-0.105951928734178E+00  0.258136017482845E+00  0.960281201146624E+00  0.146764038920768E+00 -0.449689577863540E+00 -0.881044607520286E+00
 0.134002125462061E+00 -0.229678396415297E-01  0.990714847326844E+00 -0.677683513765449E+00 -0.419737523048158E-02 -0.735341714586959E+00
 0.987480842101569E-01 -0.218555960154196E-01  0.994872428398553E+00 -0.194504548711205E+00  0.227217007395808E+00 -0.954222412271240E+00
-0.766786648329961E-02 -0.905248400306941E-01  0.995864678137051E+00  0.428093408585085E+00 -0.671879404854443E+00  0.604412192843959E+00
