#          Em_x [n.u.]            Em_y [n.u.]            Em_z [n.u.]            En_x [n.u.]            En_y [n.u.]            En_z [n.u.]
 0.139784350021179E+00  0.473311702948292E+00  0.869733503632776E+00  0.382814582557882E+00  0.425679276372476E+00  0.819908622376933E+00
-0.865499461137007E-01 -0.343146653440830E-03  0.996247453737318E+00  0.125877638136912E+00  0.278350561414343E+00 -0.952195245302870E+00
 0.479157343195636E-02 -0.371444521362224E+00  0.928442786807046E+00 -0.315696132225729E+00 -0.772854947740397E+00  0.550482680791052E+00
 0.393662701169137E+00 -0.142747101621259E+00  0.908104037369590E+00  0.608038778728256E+00  0.746025497270042E-01  0.790394397207420E+00
 0.246053474915539E+00 -0.678689345723536E-01  0.966877187238380E+00 -0.212796362818289E+00  0.537842335665879E+00 -0.815747099251220E+00
 0.266151328204665E+00  0.677270035436924E-01  0.961549022923889E+00 -0.691070502771427E-01  0.429397399026697E-01 -0.996684701567694E+00
-0.105509141792212E+00  0.128166932813896E+00  0.986124261100673E+00  0.772727926651054E-01  0.307666223542354E+00  0.948351417147105E+00
-0.546934701900674E-01 -0.154956476175210E+00  0.986406161178006E+00 -0.214913321404292E+00 -0.173093998769577E+00  0.961171541335330E+00
-0.200468232132147E+00  0.327653254291153E+00  0.923285347472941E+00  0.772985995012413E+00 -0.629531698766227E+00 -0.786288227253762E-01
-0.162882113979000E+00  0.249816312145329E+00  0.954495273498952E+00  0.198500787289871E+00  0.415248846508056E+00  0.887787042549636E+00
-0.242106127326945E+00 -0.211238768408192E-01  0.970019796157771E+00  0.652438095129938E+00 -0.610473798498917E+00 -0.449050412948838E+00
-0.368138983179719E+00 -0.840823377438281E-01  0.925961041050289E+00 -0.624912775219146E+00 -0.308116877011461E+00  0.717320021656032E+00
 0.139672375083897E-01  0.747526881862396E-01  0.997104283355214E+00 -0.498966101815584E+00 -0.910674174505330E-01 -0.861823389516582E+00
-0.585016932478669E-01  0.457804839747466E+00  0.887125853862308E+00 -0.375291588624203E+00 -0.564879842404650E+00 -0.734892500405889E+00
 0.218180389534777E+00  0.242892647694130E+00  0.945198645427821E+00  0.389306578432860E+00  0.381904314003008E+00  0.838206110055749E+00
 0.139852149607965E+00 -0.235672610099108E+00  0.961717108665072E+00  0.163236022219016E+00 -0.972483547434730E+00  0.166221993186452E+00
-0.185013927004484E+00  0.145030611906409E+00  0.971975292085366E+00  0.680152028197770E-01  0.701841067248017E-01  0.995212602084914E+00
 0.338910414663372E+00  0.459971859170422E-01  0.939693561604215E+00 -0.760283396629244E+00  0.103122932989787E+00 -0.641353894118905E+00
-0.189977602065379E+00 -0.587376787121139E-01  0.980029793329265E+00  0.596378724170482E+00  0.188525485326244E+00 -0.780250318000123E+00
 0.137894486268764E+00 -0.101849107907299E+00  0.985196361074868E+00 -0.315737464531858E+00  0.370843725517314E-01  0.948121618150034E+00
 0.264356118429684E+00 -0.174638954730416E+00  0.948481459038319E+00  0.820011140813954E+00  0.343741752189104E+00  0.457627945762672E+00
 0.649492819582431E-01  0.298862632382512E-01  0.997440926593030E+00  0.111110444607410E+00  0.573888963112158E+00  0.811360540769143E+00
 0.331510530218282E+00  0.325357261776905E+00  0.885575191930887E+00 -0.642964878941815E+00 -0.765880078616854E+00 -0.488565504097494E-02
 0.225010527366886E-01  0.265282875756987E+00  0.963908034231401E+00 -0.897258293785399E+00  0.974500404481909E-01 -0.430617050115251E+00
 0.410599086036431E-01  0.106339728945976E-02  0.999156120479510E+00 -0.658051345179298E+00 -0.699639435191306E-01  0.749715595219260E+00
-0.357282280934789E+00 -0.535863664867920E-01  0.932457973882350E+00  0.620079174224067E+00 -0.172707787215133E+00 -0.765293301897287E+00
-0.420461314050311E+00 -0.617326782523540E-02  0.907289465469231E+00  0.707440768540457E+00  0.449651287354068E-01 -0.705340836904185E+00
 0.392069997019415E+00  0.151567104448319E+00  0.907363505044339E+00 -0.625539250541421E+00 -0.306364723107926E+00 -0.717524426390545E+00
 0.180575404223876E+00 -0.962219579891944E-01  0.978843122359303E+00  0.607419497184539E+00 -0.106805706966086E+00  0.787168403456056E+00
-0.192758032371678E+00  0.293075479130664E+00  0.936456675179653E+00 -0.415701030987900E-02 -0.648129282507286E-01 -0.997888773159038E+00
-0.205686985190729E+00 -0.243835134519698E+00  0.947753813654638E+00  0.308762345772389E-01  0.686850564469841E+00 -0.726142520601701E+00
 0.706243067467128E-01 -0.661785694458536E-01  0.995305281932456E+00  0.864163303520827E-01 -0.158616719808214E+00  0.983551195437107E+00
-0.123360616583869E-01  0.246965735073402E+00  0.968945688510153E+00  0.169357893633436E+00  0.739173630894265E-01  0.982778778412493E+00
 0.128954860106773E+00 -0.269987924609188E+00  0.954189270857761E+00  0.331371332786001E-01 -0.480932254906219E+00  0.876131323825884E+00
-0.347098448609073E+00 -0.125417822428671E+00  0.929404667940949E+00  0.844173660501556E+00  0.373385790993764E+00 -0.384647737546140E+00
-0.133973606400694E+00 -0.103627893722414E+00  0.985551790841378E+00 -0.582899406293863E+00  0.632096782978463E-01  0.810081982710234E+00
 0.284973616934460E+00 -0.155865807664401E+00  0.945777927238956E+00  0.406062614858870E+00 -0.471585227161063E+00  0.782764668554621E+00
-0.461069721837037E-01  0.303240820022888E+00  0.951797852586303E+00  0.337176073404625E-01 -0.602219868126637E+00 -0.797617924440500E+00
 0.197762199618718E+00 -0.271688922525164E+00  0.941846718834377E+00 -0.927925210427582E-02  0.618431019442317E+00 -0.785784302255983E+00
-0.995228901747157E-01  0.423134654017717E-01  0.994135184457810E+00  0.147899586105955E-02  0.117225714983816E+00 -0.993104196103196E+00
 0.121677927871906E-01 -0.131779734977207E+00  0.991204341328278E+00  0.420562650041258E+00 -0.347023622520961E+00  0.838273024021830E+00
-0.334066371191613E+00  0.559783591423571E-01  0.940885796973573E+00 -0.986218967312041E+00  0.117852064751843E+00  0.116116490421035E+00
 0.992703677284797E-01  0.329229350843740E+00  0.939017267484503E+00  0.827240877309659E-01 -0.399065276125201E+00 -0.913183240483637E+00
 0.347838950623457E+00 -0.298641976390983E+00  0.888718759994668E+00 -0.685171149608493E+00  0.728034882349436E+00 -0.224879040068009E-01
-0.319356712188209E-01  0.240048159553768E-01  0.999201622153783E+00 -0.104778387473638E+00 -0.126958520501356E+00 -0.986358466071302E+00
-0.163360625613789E+00 -0.193774845848845E+00  0.967349272556365E+00  0.140730764932033E-02  0.871372001596363E-02  0.999961044525567E+00
-0.608528674173215E-01 -0.158768172359394E+00  0.985438783473001E+00  0.229157402434693E-03 -0.207383727340409E-01 -0.999784910559881E+00
 0.196204613642566E+00  0.781447733069755E-01  0.977444189706079E+00 -0.169687831041798E-01 -0.999128918062417E+00  0.381243425043322E-01
 0.246288807438650E+00 -0.105391076760603E+00  0.963449295121279E+00  0.100266223102287E-01 -0.363401148931973E+00  0.931578806006218E+00
-0.133165117416903E+00 -0.120326223720024E+00  0.983762497449776E+00  0.683804249710786E-01  0.295226594250348E+00 -0.952977111754587E+00
-0.331470072259220E+00 -0.438680468342642E+00  0.835276623575177E+00 -0.978880981750758E+00  0.204037835648285E+00 -0.126722212194644E-01
 0.566047741512603E+00  0.199617668174730E+00  0.799839196889578E+00 -0.959937493876171E+00 -0.220391604973515E+00 -0.173053599523196E+00
-0.136173776096144E+00  0.495699296189872E-01  0.989444048332843E+00  0.185304039605913E-01  0.592860473529072E-01  0.998069030036663E+00
 0.289317520014050E+00  0.239604362722641E+00  0.926760552665680E+00 -0.198783239039513E-02 -0.104796031142062E-02 -0.999997475147599E+00
-0.289710260819473E+00 -0.998396209529699E-01  0.951892858920520E+00  0.605384678592187E+00  0.290465654058701E-01 -0.795402846338858E+00
 0.105333715220283E+00  0.111941943546480E+00  0.988116293617775E+00 -0.553060551796373E+00 -0.391022185346571E+00  0.735680417445974E+00
-0.964272052000901E-01  0.149686933038907E+00  0.984020129964172E+00  0.190062148972003E+00 -0.537237099795779E+00 -0.821737596883071E+00
-0.281113011756647E+00 -0.317779188490584E+00  0.905534020334616E+00  0.655714796549530E+00 -0.972712104252426E-01 -0.748716513246780E+00
-0.192652653338755E+00  0.463053341922513E+00  0.865139617458321E+00  0.221730464231001E+00  0.873725215438038E+00  0.432943240090036E+00
-0.801316941053281E-02 -0.837850721780377E-01  0.996451629932993E+00 -0.147590971182106E-01 -0.176957157741607E-01 -0.999734480097338E+00
 0.433143585285508E-01  0.227190004746639E+00  0.972886719042090E+00  0.690713358160914E-01 -0.224521587128691E-01 -0.997359038229319E+00
-0.392906377122005E+00 -0.125145555468013E+00  0.911023143923064E+00  0.482498137018023E+00  0.201992593298142E+00 -0.852287826985009E+00
-0.104775473078059E+00  0.268482121928949E+00  0.957569553842329E+00 -0.457521422652700E+00  0.673786699895423E+00  0.580246181252306E+00
 0.337882465476847E+00 -0.184573754519979E+00  0.922912763301974E+00  0.538425818544789E+00 -0.731528244217891E+00  0.418287061520988E+00
 0.916536271029964E-01 -0.144249085057410E+00  0.985287680882576E+00  0.366367356697738E+00 -0.510688176589856E+00  0.777799811158142E+00
 0.849485699460111E-01  0.255198478951642E+00  0.963149768626301E+00 -0.502139485180032E+00 -0.385374067944221E+00 -0.774172309747162E+00
 0.381648516168829E+00  0.307648614753556E-01  0.923795395855886E+00  0.442634621128190E+00  0.173627038888184E+00  0.879731915725253E+00
 0.491448939810165E+00 -0.282967990779856E+00  0.823654694488823E+00  0.865949497248191E+00 -0.482252321797986E+00  0.132529869599486E+00
-0.292972569599155E+00  0.216186320812504E+00  0.931359516060271E+00 -0.612983615438217E+00  0.472265256451976E+00  0.633416620205565E+00
 0.101138919583434E+00  0.612391758518756E+00  0.784058194934407E+00  0.116223318252562E+00  0.886416356455060E+00  0.448060468355889E+00
-0.120456276274240E-01  0.133649731292487E+00  0.990955423911947E+00  0.221795315158263E+00 -0.168162807817354E-02 -0.975091795833015E+00
 0.246809278001156E+00  0.434113239613540E-01  0.968091233946714E+00 -0.164017007350025E+00  0.283993564049934E+00  0.944693641811015E+00
 0.286963460161890E+00  0.377872466097050E+00  0.880263808126660E+00 -0.441035023494052E+00 -0.721364884838279E+00 -0.533967050457102E+00
-0.138000632264735E+00  0.234526310369341E-02  0.990429364081815E+00 -0.354778955217189E+00 -0.237688665614790E+00  0.904232266164651E+00
 0.217924930668347E+00 -0.488521646000179E+00  0.844899595207899E+00  0.118432330827665E+00 -0.940718240331989E+00  0.317841116473958E+00
 0.448511508674319E+00 -0.722559773207132E-01  0.890851559087211E+00 -0.908447617153735E+00 -0.168258095935447E-01 -0.417659932264542E+00
 0.346971887736406E+00 -0.961460235655232E-01  0.932934323129540E+00 -0.548970274185920E+00 -0.137055446436367E+00 -0.824528618461703E+00
-0.101557799743765E+00  0.148310539518126E+00  0.983712354898040E+00  0.506525075246062E-01 -0.140242988273818E+00 -0.988820624644075E+00
 0.316575158974994E+00  0.166054025633981E+00  0.933919819519163E+00  0.884113464607410E+00 -0.283280676014034E+00  0.371611948538949E+00
-0.260763687229940E+00  0.435941767784436E-03  0.965402563378108E+00 -0.270834096627765E+00 -0.185523546099970E+00  0.944579221635917E+00
-0.882284511284219E-01 -0.717397987563674E-01  0.993513533720541E+00 -0.112774567836443E+00 -0.126704479051196E+00 -0.985508940516355E+00
-0.546070769496714E+00  0.119762688769474E+00  0.829134255160148E+00  0.606652138563127E+00  0.154261385667706E+00 -0.779856786640126E+00
-0.139618744866528E+00 -0.216292067185924E-01  0.989969082092274E+00  0.397401105292010E+00 -0.302179413277297E+00 -0.866464057941284E+00
-0.242431749565869E+00 -0.856126333432103E-01  0.966383631801818E+00  0.116309557958497E+00 -0.321211073777175E+00  0.939838035413769E+00
 0.221215994722029E+00 -0.360032623379483E-01  0.974560028310298E+00 -0.694831529624660E-04  0.975497105246077E-02  0.999952416723844E+00
-0.208304675415419E+00 -0.350805156445441E+00  0.912986804072965E+00 -0.523256431119637E+00 -0.208271955464480E+00  0.826332560086399E+00
 0.243115823549269E+00  0.312053675679701E+00  0.918431924442279E+00 -0.441067786102427E+00 -0.756739689164030E+00 -0.482497928396207E+00
-0.126851730420267E+00 -0.381843374362207E+00  0.915480352571844E+00  0.699971435665430E+00  0.641356833922139E+00 -0.314167790891821E+00
 0.394411843468962E+00  0.131048130469887E+00  0.909541469770214E+00  0.225990306652348E+00  0.829971627140409E+00  0.509975959669747E+00
 0.390286010380509E+00  0.509154592440953E+00  0.767097406525112E+00  0.462630359064541E+00  0.786717465401199E+00  0.408716014494816E+00
-0.148462153597983E+00  0.153329078239857E-01  0.988799216669749E+00 -0.411065483773914E+00  0.564072309776665E+00  0.716133784563286E+00
 0.343983519731751E-01 -0.334619522393191E+00  0.941725293604712E+00  0.122955358556724E+00  0.745513034607881E+00 -0.655051368239115E+00
 0.822441937237212E-01  0.512943334554913E-01  0.995291306077820E+00  0.185636214929647E-01  0.107394524636125E+00 -0.994043162058493E+00
-0.352746735504869E+00 -0.191611233541204E+00  0.915890209452790E+00  0.757930339854770E+00  0.649785561921079E+00 -0.576222478435280E-01
 0.175914185331412E+00 -0.293099880562699E+00  0.939758830452429E+00 -0.280563978854773E+00  0.930328348636250E+00 -0.236163116283906E+00
 0.328688396512328E+00 -0.358195556326859E+00  0.873876353625527E+00  0.318879861166154E+00 -0.896225602718904E+00  0.308375263556906E+00
-0.306845187945258E+00  0.386533368925475E-01  0.950974211102441E+00  0.915455356223058E+00  0.887883995563809E-02 -0.402321584014027E+00
 0.196277486194809E+00  0.825235220191903E-01  0.977069606899424E+00 -0.106830036698463E+00 -0.703349196200360E-01 -0.991786439885648E+00
 0.358335152323637E+00  0.280838742845198E+00  0.890351345888984E+00 -0.234600744886493E+00 -0.414774539226474E+00 -0.879161289018215E+00
 0.194847457926445E+00  0.552145302248641E-02  0.980818016604570E+00  0.630418800465498E+00 -0.377713358994694E-01  0.775335709356929E+00
 0.139612952575027E+00 -0.179804969084214E+00  0.973744523253357E+00 -0.298358567803279E+00  0.160939670187378E+00 -0.940787216950971E+00
 0.178795990523797E+00 -0.252063464549064E+00  0.951049948011216E+00 -0.311335692524156E-03  0.195871492460238E-02  0.999998033251031E+00
-0.113090910680088E+00 -0.866274889132073E-01  0.989801052780881E+00 -0.612559751283798E+00 -0.711318239718396E+00  0.344669280544486E+00
 0.410982687831129E+00  0.315395764584844E+00  0.855347147060795E+00 -0.449396605606214E+00  0.501195904553353E-01 -0.891925286961976E+00
-0.224174802311661E-01 -0.420176877856652E+00  0.907165281464586E+00 -0.649298961805596E+00 -0.423210993981650E+00  0.631904512383983E+00
-0.184225556307856E-01 -0.171047457956209E+00  0.985090542321237E+00 -0.105950062815717E+00 -0.441770135915085E+00  0.890850004884612E+00
-0.448162187523802E-01 -0.282823441225040E+00  0.958124421789970E+00  0.899246724964166E+00  0.435873742547784E+00 -0.370055157862983E-01
 0.365001513763699E+00  0.296181290673060E+00  0.882638395950147E+00 -0.132040870367968E+00 -0.941094625348616E+00 -0.311297469781586E+00
 0.343169818837586E+00 -0.915861647537885E-01  0.934797544853788E+00 -0.454173350145274E+00 -0.513079333409221E+00 -0.728337947416010E+00
 0.307863033377400E+00  0.734367653756893E-01  0.948592322428778E+00 -0.909078590185774E+00 -0.137579448799521E+00 -0.393253114588893E+00
-0.317012816901628E+00 -0.502271574323992E-01  0.947090337072634E+00  0.815762412281126E+00  0.527618504772623E+00 -0.236960756520525E+00
 0.100429577495026E+00  0.481430148379040E+00  0.870711727379335E+00  0.190693791175557E+00 -0.660489855617465E+00 -0.726215552459126E+00
-0.359532471675206E+00  0.852019209896146E-01  0.929234649844051E+00  0.641117538203443E+00  0.278637356974907E+00 -0.715073091023565E+00
 0.492616333083054E+00 -0.140760500041648E+00  0.858787301960055E+00 -0.797779428216865E+00  0.600494729241240E+00 -0.543513023529485E-01
-0.897912901359184E-02  0.213281576692348E+00  0.976949509588793E+00  0.226578313742042E+00  0.159924277975983E+00 -0.960773903192459E+00
-0.183799537791479E+00  0.178962241389762E+00  0.966535175802925E+00  0.109870806661726E-01 -0.338924851488471E-01  0.999365090199207E+00
-0.203027030917605E+00 -0.115134187354614E+00  0.972380657777074E+00  0.903165132881315E-01  0.259325636503731E+00 -0.961557664250777E+00
-0.166849893979289E+00  0.331991279604151E-01  0.985423224194441E+00 -0.567999427347806E+00 -0.821375117700656E+00  0.521494636098748E-01
-0.395428572908299E+00  0.332799245304795E+00  0.856084637201407E+00  0.137595561353408E+00 -0.276276859157196E+00 -0.951177459042252E+00
 0.284159511677973E+00 -0.300183947798587E+00  0.910572879788867E+00 -0.373173838396200E+00  0.612562060446634E+00 -0.696784764786101E+00
 0.184552025642469E+00  0.398860659686377E+00  0.898248698293412E+00 -0.240251786012761E+00 -0.793395788634462E+00 -0.559287226650831E+00
 0.572496390529824E-01  0.131735760411640E+00  0.989630318986373E+00 -0.428298327728067E+00 -0.600562490150838E+00 -0.675192741288861E+00
 0.536355712494574E-01 -0.724380576722040E-01  0.995929692948967E+00 -0.119229575745244E+00  0.323232060626674E+00 -0.938778644436825E+00
-0.294817907284871E+00 -0.215313788055171E+00  0.930979255524795E+00  0.372415431063430E+00  0.101481259792893E+00 -0.922501111444689E+00
 0.103385548429733E+00 -0.258162438351935E+00  0.960553790164854E+00 -0.262141411913102E+00  0.207827572154247E+00 -0.942385048911896E+00
 0.749727274939303E-02 -0.558446459068080E-01  0.998411321262367E+00  0.229339271392041E+00  0.521378823705665E-01  0.971949144667189E+00
-0.944547162142121E-01  0.395477318909846E+00  0.913606040267233E+00 -0.330132233001724E+00  0.942191995369362E+00  0.573319509104223E-01
 0.182240879090667E+00 -0.690707682853461E-01  0.980824903311867E+00  0.622907829625908E-02  0.132448627380047E-01 -0.999892880360007E+00
-0.353150864389386E-01  0.164366546406135E+00  0.985766951714415E+00 -0.688995815758711E+00 -0.718597495330675E+00 -0.943525599624515E-01
 0.437042051516133E-01  0.125614666672493E+00  0.991115986133220E+00  0.475167984076279E-01 -0.154783955625306E-01 -0.998750505952262E+00
-0.155641532576496E+00  0.266416095931698E+00  0.951208797880756E+00 -0.245039528908480E-01  0.148392451303041E+00  0.988624922146411E+00
 0.138121581174145E+00  0.111588053864021E-01  0.990352417009371E+00  0.136985863964828E+00  0.138973809021813E-01  0.990475509983901E+00
 0.135267676983884E+00 -0.102585015243839E+00  0.985484129862478E+00  0.345993636427818E-01  0.380330654180020E-01 -0.998677310231100E+00
 0.835956982019553E-01  0.186315316812028E+00  0.978927148445359E+00  0.761350861354286E-01  0.752244369960958E-01 -0.994255868847537E+00
 0.723391512381388E-01  0.476468487572045E+00  0.876210492717905E+00 -0.462288973026672E+00 -0.765485961633796E+00 -0.447571388673949E+00
-0.243948912666171E+00  0.195175205957344E+00  0.949945033666949E+00 -0.662651705301256E+00  0.506980200447264E+00  0.551238418305355E+00
-0.717362487315436E-01  0.367414481130890E-02  0.997416869356956E+00 -0.569054357200223E-01  0.159746080981387E+00  0.985516596002626E+00
 0.425010356741644E+00  0.226659805476703E+00  0.876351259052900E+00  0.796967418739111E+00  0.437887015801034E+00  0.416050351353276E+00
 0.115841642301205E+00  0.162958353530563E-01  0.993134008912748E+00 -0.601904845754213E+00 -0.798536106067028E+00 -0.711645732823364E-02
-0.141831904446711E+00 -0.227528727900030E+00  0.963386936210583E+00 -0.149279363202386E+00  0.919702792971876E+00  0.363128688375926E+00
 0.378542158750865E+00  0.128903741108334E+00  0.916564050995080E+00 -0.640507026463700E+00 -0.754171302133354E+00  0.144832303334271E+00
 0.616895682784794E+00 -0.105098269540687E+00  0.779996198901659E+00  0.843408247909645E+00  0.470619983545505E+00  0.259189811616142E+00
-0.535050049518650E-01  0.247016932969583E+00  0.967532867282245E+00  0.583593467841070E+00 -0.326607364061291E-01  0.811388896023752E+00
-0.254695001531387E+00 -0.207730441315633E+00  0.944446144544907E+00 -0.698450516591062E+00 -0.656664536363048E+00  0.284532181935157E+00
 0.232852205253896E+00  0.983309699840525E-01  0.967528227417884E+00 -0.581166979534902E-01  0.441961203824987E-01 -0.997331014439097E+00
 0.839633459454232E-01 -0.603880341795597E-01  0.994637341881742E+00 -0.564133254063273E-01 -0.838065433317386E-02  0.998372326013471E+00
 0.197151131517676E+00  0.268847373463032E+00  0.942789754464551E+00  0.481794808124171E+00 -0.145580668075446E+00  0.864106493406513E+00
-0.120485962384960E+00 -0.585863119810036E-01  0.990984751101971E+00  0.591006939734147E-01 -0.518934614811238E-01  0.996902290411336E+00
 0.820701421899721E-01 -0.539661121174396E-01  0.995164383659225E+00 -0.353039207811397E+00 -0.384989525988053E+00 -0.852728786090510E+00
 0.332290260279003E-01 -0.122737367365007E+00  0.991882740288157E+00  0.352136454197188E-01 -0.658174804934793E-01 -0.997210137552635E+00
 0.463221052128068E-01 -0.643764424488843E-02  0.998905811027862E+00  0.189815955051965E+00 -0.712411925722298E-01 -0.979231635359376E+00
 0.335961366946275E+00 -0.675029063630238E-01  0.939453733587842E+00  0.218744897393949E-02 -0.620777058529119E-01 -0.998068922220818E+00
 0.309112347277419E-01  0.617614628275530E-01  0.997612157743182E+00 -0.387353687596579E+00 -0.483875963214272E+00  0.784742743151405E+00
-0.172180591370428E+00 -0.326574564716024E+00  0.929356173722362E+00  0.693016612462865E-01 -0.978361509177121E+00  0.194951371139502E+00
-0.181755137701896E+00 -0.219344701049024E+00  0.958568188519043E+00 -0.171533453393898E+00 -0.118179146855247E+00  0.978064396456250E+00
-0.683019134314980E-01  0.233650174280938E+00  0.969918782517425E+00 -0.138869442496963E+00  0.100613353086461E+00  0.985186394100772E+00
 0.545618023432553E+00 -0.324784471421849E+00  0.772538684875252E+00  0.661730875993335E+00 -0.683054021134417E+00  0.309110743859214E+00
-0.292964190650012E+00  0.107287437269110E+00  0.950084937677159E+00  0.487519431901470E+00  0.794406163632026E-01 -0.869490650892983E+00
 0.979069720316144E-01  0.240673277537063E+00  0.965655527767106E+00 -0.181443403268773E+00  0.244793473573452E+00 -0.952446558451491E+00
-0.375078470569938E-01  0.245819020529130E+00  0.968589784457408E+00  0.240940184460549E+00 -0.798249527779070E+00 -0.552037606429678E+00
-0.176200499532600E+00 -0.307834109799896E+00  0.934982109351921E+00 -0.377838048044892E+00 -0.543581107642301E+00  0.749505162666672E+00
-0.291443127518312E+00 -0.474682014741733E+00  0.830504598604411E+00  0.661711417168950E+00  0.520993213132997E+00 -0.539169799096366E+00
-0.416052053495870E-01  0.185553842565502E+00  0.981752911071312E+00  0.544231442758979E-01  0.980576256674998E-01  0.993691513204967E+00
 0.876166757046293E-01 -0.517529218468736E-01  0.994809003386470E+00  0.374190777861903E-01  0.314199433909847E-01 -0.998805586575755E+00
 0.985087401431115E-01  0.133513243856439E+00  0.986139058059434E+00  0.130778393906938E-02  0.168527961839686E-02 -0.999997724764300E+00
-0.108911298005437E+00  0.252395420614411E+00  0.961475366725350E+00 -0.351142336347294E+00  0.857496525830740E+00  0.376030275127914E+00
 0.544479138422539E-01 -0.317209010760565E+00  0.946791354085223E+00 -0.312457459520429E+00 -0.839092000090154E+00  0.445303212850237E+00
-0.230204428476499E+00 -0.369461224522595E+00  0.900280136781920E+00 -0.915049166322052E+00 -0.370427284804562E+00  0.159589003022255E+00
 0.450880344640071E-01  0.388431676823515E+00  0.920373783627198E+00 -0.509740570450598E+00 -0.515126916763066E+00 -0.689063720176064E+00
-0.343145298978792E+00  0.610000646760102E-01  0.937299469699134E+00 -0.466549273029318E+00  0.443565779044547E+00  0.765232759032452E+00
 0.350599221507945E+00 -0.100877291437422E-01  0.936471261491107E+00 -0.917516980143363E+00  0.694964631704785E-01 -0.391577364968147E+00
 0.163450179064153E-01 -0.599484246586919E-01  0.998067646390053E+00 -0.318696194376014E-01  0.324081947608888E+00  0.945492051045873E+00
 0.188945176297134E+00  0.151976667434336E+00  0.970156076572011E+00  0.213667121724379E-02  0.358713704973130E+00  0.933445184518384E+00
 0.202699872035612E+00 -0.269699222534555E+00  0.941368732878357E+00 -0.193539940404082E-01  0.201957327274613E+00 -0.979203074379762E+00
 0.743535101269903E-02 -0.837218729606813E-01  0.996461421000971E+00  0.190719397969447E+00  0.392864783794355E+00 -0.899601785732102E+00
-0.574139223901224E-01 -0.694086020030105E-01  0.995934780738060E+00 -0.193679976653559E+00  0.203103205269468E-01  0.980854503748425E+00
-0.634197740398563E-01  0.229045806158673E-01  0.997724066286639E+00 -0.973911558488798E-02  0.695975026414342E-01 -0.997527612276322E+00
-0.564376914011439E-01  0.166462112304679E+00  0.984431385194709E+00 -0.504458742911614E+00  0.798051020226781E-01  0.859739799236480E+00
-0.140055475874350E+00  0.380540989639602E+00  0.914096832333272E+00 -0.237317947814895E-01 -0.495089651859067E+00 -0.868517724942052E+00
 0.359499284928008E+00  0.399870006425249E+00  0.843127654686834E+00 -0.600901605244645E-01 -0.775355213623152E+00 -0.628660055447728E+00
 0.175979993287587E+00  0.155881665963736E+00  0.971973224003044E+00 -0.799880329662533E+00 -0.358397921654365E-02 -0.600148825968969E+00
 0.390019222805361E+00  0.116393898317852E+00  0.913420749861024E+00 -0.519235176189245E+00 -0.669381311675427E+00 -0.531341219356647E+00
-0.137278712141367E+00  0.305910325182245E-01  0.990059969861562E+00 -0.152657824385649E+00  0.110800866345043E+00  0.982048245592358E+00
 0.562476289586658E+00 -0.243810741381198E+00  0.790048571949837E+00 -0.509076066524416E+00  0.642470248253284E+00 -0.572777040916788E+00
 0.926189051259920E-01 -0.522923492847137E-01  0.994327535885207E+00  0.769847776283048E-01 -0.499237243473375E-01 -0.995781585369408E+00
-0.398110350293600E-02  0.261332151317337E+00  0.965240725157591E+00  0.188249528461945E+00  0.978160563167430E+00 -0.881137202587123E-01
-0.121293495865031E+00  0.390759104106001E+00  0.912466553041324E+00 -0.572840424500607E-01  0.970157150854435E+00 -0.235613329687828E+00
-0.789110467545536E-01 -0.530575433770879E+00  0.843956607758328E+00 -0.112629182895663E+00  0.924575577738824E+00 -0.363970696910032E+00
-0.476378810694933E-01 -0.621066463047262E-01  0.996931992049602E+00  0.481091047063172E-01 -0.546321589805217E-01 -0.997346901158009E+00
-0.112898479169842E+00 -0.497474896034352E-01  0.992360378430786E+00  0.288019911428920E-01 -0.581435127251362E+00  0.813082799045951E+00
-0.485792692364038E+00  0.204617966148379E+00  0.849786413150387E+00 -0.623909158693727E+00  0.313547154297661E+00  0.715839048760212E+00
-0.354931991856223E+00  0.700040690666582E-01  0.932267510680858E+00 -0.808483095886436E+00 -0.528829244117079E+00  0.258253197913294E+00
-0.321939089084092E-01  0.410234220310084E-01  0.998639389907119E+00 -0.302860688618178E-01  0.739436420242252E-04  0.999541269065582E+00
-0.187899110229042E+00  0.441872246368669E+00  0.877178911205827E+00  0.359848089906434E-01 -0.536968188855815E+00 -0.842834656192312E+00
 0.177257229975843E+00  0.552030599255878E+00  0.814765053194163E+00 -0.109357023171964E+00 -0.729881243816698E+00 -0.674769895155049E+00
 0.166736936995171E-01  0.469801061764784E-01  0.998756655828667E+00  0.101763303852503E-01  0.105318300923927E+00 -0.994386493165704E+00
 0.157332027505431E+00  0.685085634232975E-02  0.987521999192123E+00  0.134169209661287E+00 -0.705271632890849E-01  0.988445518183607E+00
-0.288885517763906E+00  0.233775773714584E+00  0.928382488659942E+00  0.891168759161774E+00 -0.252092435807323E+00 -0.377183836481357E+00
 0.651458802128715E-01  0.378625031531033E+00  0.923254623486617E+00 -0.265366763002979E+00  0.931033438846326E+00  0.250513905488907E+00
-0.159982395476586E+00  0.691877013865736E-01  0.984692182925413E+00  0.840069672132446E-03 -0.902501571826293E-02  0.999958920843367E+00
 0.229669647708150E-01 -0.162448950448656E+00  0.986449622143648E+00  0.854274065148933E+00  0.249434469356151E+00 -0.456068270230380E+00
-0.134243580006069E+00  0.318815097145626E+00  0.938262007681852E+00  0.341226349047563E+00 -0.489334511352165E+00 -0.802568573216899E+00
-0.902104246329660E-01  0.315757001304825E+00  0.944542002991145E+00  0.636862375829519E+00 -0.436370042373595E+00 -0.635600110424509E+00
 0.287365848472096E+00  0.637049511162454E-01  0.955700030519613E+00 -0.608692318726755E+00  0.412203534041245E-01 -0.792334868340581E+00
 0.268059297483668E+00  0.104102109351428E-01  0.963346168591980E+00 -0.692176388618520E+00  0.171408694189375E+00 -0.701078388338506E+00
 0.254754809307838E+00 -0.133087933409254E+00  0.957803523231869E+00  0.489164641580064E+00 -0.293441010740144E+00  0.821346654369305E+00
-0.448179803946437E-01  0.755920384917089E-01  0.996131112027936E+00 -0.117763228628574E+00  0.186237927336694E+00  0.975421578808008E+00
 0.414432954420696E-01  0.179873347153870E+00  0.982816377685356E+00  0.165125036735931E+00 -0.629738857312771E+00 -0.759053814846723E+00
-0.254472588470935E+00  0.102210795733005E+00  0.961663483216727E+00 -0.899448283767308E+00  0.267969643637378E+00  0.345231885718718E+00
-0.201150662981205E+00  0.195030298718491E+00  0.959948745175490E+00 -0.854376206099476E-01  0.315416011186766E+00  0.945099546540755E+00
-0.747668631163759E-01  0.143004074811081E+00  0.986893991656228E+00  0.947180757224121E+00 -0.316169650261133E+00  0.537155973446602E-01
-0.134517017147386E-01 -0.491910621103819E-01  0.998698799002697E+00  0.636451183973954E-02  0.231434563755155E+00 -0.972829653993186E+00
 0.107436117773229E+00  0.236650729604880E+00  0.965636532436141E+00 -0.773661259907049E+00 -0.625937891508524E+00  0.982344689653299E-01
-0.127863766167150E+00 -0.177158952623824E+00  0.975840951593436E+00  0.226768682567840E+00 -0.300249397552522E-01 -0.973485730557536E+00
-0.953084615849547E-01 -0.155930599872650E+00  0.983159165737504E+00 -0.171019411546619E-03 -0.443149428553259E-02 -0.999990166257028E+00
-0.101770225966014E+00  0.166079149622316E+00  0.980846846947858E+00 -0.342401805340799E+00  0.434568940223250E+00  0.833013109076083E+00
 0.121274674384217E-01 -0.153531991709733E-01  0.999808583584251E+00  0.581930690969283E+00  0.335788627217959E+00  0.740677169041339E+00
-0.242002620801120E+00  0.156747964012972E-01  0.970148974273110E+00  0.788433305486838E+00 -0.608339992014657E+00 -0.910789597805398E-01
 0.180302046285880E+00  0.258952266286825E-01  0.983270364316434E+00 -0.766583860675403E+00 -0.430794072646504E+00 -0.476199172116702E+00
-0.242105447842236E+00  0.186785776752886E+00  0.952100848507096E+00 -0.635247365219601E+00  0.302363718127661E+00  0.710659529550945E+00
 0.220975048117574E-01 -0.174499169593865E-01  0.999603521742098E+00 -0.796305119399908E+00 -0.595626639708756E+00  0.105484894116430E+00
 0.490884920434992E+00 -0.292651870504371E+00  0.820601533985786E+00 -0.867409374959627E+00  0.467448192171543E+00 -0.170567182856803E+00
-0.836126347995699E-01  0.182556624120594E+00  0.979633608188064E+00 -0.129763812324726E+00 -0.221398979040587E+00 -0.966511171736126E+00
 0.466093719390821E+00  0.412974799968004E+00  0.782437511457508E+00 -0.642191121098506E+00 -0.567443630312643E+00 -0.515362290432519E+00
-0.495716593163564E+00 -0.604007431047218E-01  0.866381445723942E+00  0.996550248418730E+00 -0.573657795875073E-01 -0.599730748660110E-01
 0.414762136088389E-02 -0.284549753298111E+00  0.958652301481111E+00 -0.824350382111928E+00 -0.436715813147764E+00  0.360174604960712E+00
 0.272962921397749E-01 -0.213042688985018E+00  0.976661520233829E+00 -0.478841413910221E+00 -0.768901630733120E+00  0.423675798908090E+00
-0.615589903214414E-01  0.124511104413142E+00  0.990306758327148E+00 -0.195340330453536E+00  0.406771949988035E+00  0.892400546840507E+00
-0.153624857275141E-02  0.397700917363087E-01  0.999207675983130E+00 -0.984707428599156E-02 -0.999951207950695E+00  0.785395411803455E-03
-0.292491662098768E+00 -0.362011369678560E+00  0.885096828503047E+00  0.624250456379557E+00  0.524439077465988E+00 -0.579029378992584E+00
-0.179488034237982E+00  0.259659610163888E+00  0.948873507067682E+00 -0.533646759046322E+00  0.773096437204110E+00  0.342845497770742E+00
 0.200155170220982E+00 -0.433735696155940E+00  0.878527890117287E+00 -0.759518610023784E-01  0.541300357539881E+00 -0.837391926004468E+00
-0.151605680728057E-01  0.220021968122321E+00  0.975377101801806E+00 -0.840076468274624E+00  0.504481705897470E+00  0.199423508809804E+00
-0.199947389503898E+00 -0.106738001979901E+00  0.973975379752443E+00  0.741024489989777E+00  0.615358448754370E+00 -0.268731622221884E+00
 0.230469969385064E+00  0.502139329396899E-01  0.971782976878262E+00 -0.643505023945469E-01 -0.571707388477005E+00 -0.817930116087170E+00
-0.171484381254583E+00  0.174544124065927E+00  0.969601699534294E+00  0.254930883140012E+00  0.715425482303075E+00  0.650520271853895E+00
-0.275686042455544E+00  0.168274677867150E+00  0.946404162492911E+00 -0.523501016173163E+00  0.527140086755382E+00  0.669380321641736E+00
-0.838638598542196E-01 -0.397556468115616E-01  0.995683856229951E+00 -0.478569081676776E+00 -0.427681657194796E+00  0.766850724823391E+00
 0.583386928588954E-01 -0.247789033346705E-01  0.997989279934933E+00 -0.432338463788707E-01  0.404448965208978E-01  0.998245984150551E+00
-0.245591671248349E+00  0.168710731896625E+00  0.954579184749148E+00 -0.820474074682473E+00  0.253790579720416E+00  0.512262271125949E+00
-0.365474606414444E+00  0.188057476587397E+00  0.911626402407142E+00 -0.678328613656122E+00 -0.424555911500534E+00  0.599685392439498E+00
-0.472274384700506E-02 -0.181712255406578E+00  0.983340404908499E+00  0.268149595284388E+00 -0.690570250936023E+00  0.671720569188540E+00
-0.805223891584880E-01 -0.416481846226948E+00  0.905571099697645E+00  0.334639388790115E+00  0.441607604462452E+00 -0.832465736923216E+00
-0.235503434024762E+00 -0.312358335534843E+00  0.920309949302107E+00  0.378182655620583E+00  0.881380643472275E+00 -0.283100759978071E+00
-0.156282531193445E+00 -0.198612348883975E+00  0.967537547237605E+00  0.936937666929984E-02  0.220940643194527E-01  0.999711992077057E+00
-0.270177032294168E+00 -0.276842116112962E+00  0.922151188236947E+00 -0.419759759318782E+00 -0.739964393333851E+00  0.525599125812347E+00
-0.653435102852528E-01  0.275788912948159E-01  0.997481644151184E+00  0.443883075722094E-01  0.218019567632250E+00  0.974934431785195E+00
 0.198300880079231E-01 -0.130077712849126E-01  0.999718743195204E+00 -0.182490673716103E+00  0.180183320830244E+00 -0.966556322674074E+00
 0.209448956007574E+00 -0.337942868755620E+00  0.917565121549724E+00  0.340811688855903E+00 -0.352092478534390E+00  0.871709974302633E+00
-0.198571543566314E+00 -0.319402327159464E+00  0.926580539128041E+00  0.456371719659944E+00  0.797530754790865E+00 -0.394549805040301E+00
 0.172545892148749E+00  0.395516093188656E-01  0.984207084562431E+00  0.136895382506522E-01 -0.237522673443447E+00  0.971285527609035E+00
 0.634181406017393E-01  0.161596221968050E+00  0.984817140634885E+00 -0.317112134022660E+00  0.574201502527798E-01 -0.946648203294414E+00
 0.534012742693235E-01 -0.195863998797769E+00  0.979175979015703E+00 -0.267344080791074E+00 -0.681997865270565E+00  0.680739343825791E+00
-0.395755842315308E+00  0.496336012182050E-01  0.917013532562859E+00 -0.853065011202433E+00  0.138733122034375E+00  0.503024062558431E+00
 0.253830515513719E+00  0.125525876094233E+00  0.959068988042474E+00 -0.892902996418877E+00 -0.373823437690126E+00 -0.250958714572193E+00
 0.170082108600103E+00  0.321340828920157E+00  0.931564355266478E+00 -0.109782079026966E+00 -0.741162795502265E+00 -0.662288159102806E+00
 0.834977420208150E-01  0.955470683323955E-01  0.991916773126914E+00 -0.284512955747491E+00  0.292806202405498E+00  0.912861931424844E+00
 0.509705241320885E-01  0.200560573434206E+00  0.978354466465730E+00  0.449491718515388E+00  0.868458706690746E+00  0.209133138835338E+00
 0.171800009238851E+00 -0.478052600341896E+00  0.861365467227403E+00  0.297395492872635E+00 -0.836377834159259E+00  0.460465025106260E+00
-0.552616801842561E+00  0.362618153163387E-01  0.832646234046167E+00  0.615491823344721E+00 -0.277672485058277E+00 -0.737609521655837E+00
 0.139134526146179E+00  0.369398506427984E+00  0.918796129227182E+00 -0.540716768097265E+00 -0.796290161042862E+00 -0.271196158019949E+00
 0.235032448343501E+00  0.798991034952230E-01  0.968698034212065E+00 -0.245367004340461E+00  0.244543359259191E+00  0.938079729353118E+00
 0.891865329308661E-01  0.302395389803586E+00  0.949000943397481E+00 -0.677912949009748E+00  0.400861660265055E+00  0.616233691787824E+00
-0.282221798246941E-01  0.165387704847838E+00  0.985824738810661E+00  0.343562554249384E+00 -0.699220225024663E-01  0.936523188226967E+00
 0.716601133119720E-01  0.146328422431346E+00  0.986637127290915E+00 -0.169531066285855E+00  0.165695189077139E+00  0.971495919641803E+00
 0.118962925993920E+00  0.312284220300134E+00  0.942510683223539E+00 -0.654565229100927E+00 -0.671983368046671E+00 -0.346385210308846E+00
-0.961335808663350E-01 -0.891203004084653E-01  0.991370721115426E+00  0.526584887482381E+00  0.474259341318405E+00 -0.705539817053156E+00
-0.229094569111180E+00  0.538389823184314E+00  0.810957506097161E+00  0.287975483509965E+00 -0.864458399204104E+00 -0.412045867522877E+00
 0.537920669795923E-03 -0.116255041316282E+00  0.993219248710929E+00  0.569720544518673E+00  0.639752076158442E+00  0.515883496735755E+00
-0.915962872998700E-01 -0.248264289309858E+00  0.964352094831733E+00 -0.129827302898387E+00  0.378697985087947E+00 -0.916369307382378E+00
-0.139953549450547E+00  0.211681894321218E+00  0.967266136909989E+00 -0.654789560308839E+00  0.735594306833252E+00  0.173642297453892E+00
 0.330439185254309E-01 -0.353372846066752E-01  0.998829002264708E+00 -0.965713676451322E+00  0.215709771245077E+00 -0.144452032537684E+00
-0.171573081208346E+00  0.355050132534447E-01  0.984531397081143E+00  0.312472773515151E+00 -0.348783189363589E+00 -0.883578549212866E+00
-0.129768748262687E+00 -0.121685610176916E+00  0.984049126949568E+00  0.317165441327134E+00  0.678164296029820E+00 -0.662947411502709E+00
-0.778652698472546E-02 -0.800516378742384E-01  0.996760304823165E+00 -0.620285842768472E-01 -0.341182970078192E-01 -0.997491050858050E+00
 0.229308699148970E+00  0.641154635714889E-01  0.971239789045743E+00 -0.488185837176241E+00 -0.854877092564110E+00 -0.175669419620112E+00
 0.954570491885847E-01 -0.149666295313780E+00  0.984117854632897E+00  0.302985104604039E+00 -0.509986284841089E+00  0.805055287332530E+00
-0.234937829771360E+00  0.172926550573800E+00  0.956504377537798E+00  0.940559886603552E+00 -0.116552809363045E+00 -0.319002417454626E+00
-0.175677297828817E+00  0.902047563532420E-01  0.980306375047524E+00 -0.129579284461760E+00  0.120756702753190E-01  0.991495530613114E+00
-0.791426685031530E-01 -0.333047062109641E+00  0.939582935372039E+00 -0.419022552210194E+00 -0.899449711500294E+00  0.124138298769124E+00
 0.769211808805542E-01 -0.331646442972011E-01  0.996485443095172E+00  0.486085448385935E+00  0.628063271379426E-01 -0.871651479743416E+00
 0.219791125699696E+00 -0.283671919637400E+00  0.933392791418968E+00 -0.556003693467410E-01 -0.405356419368804E+00  0.912466312915172E+00
 0.348299677912522E+00 -0.555280131602682E-01  0.935737128749579E+00  0.601336100788513E+00  0.364546011207809E+00  0.710986005207517E+00
 0.817221515174142E-01 -0.245699877312210E-01  0.996352249786316E+00  0.738271500157897E+00 -0.586145511969615E+00 -0.333749353336432E+00
-0.376077738391545E+00  0.454189220396573E+00  0.807637100907242E+00 -0.149759691320452E+00  0.761730473926736E+00  0.630348094267726E+00
-0.992390679154613E-01 -0.112350386435807E+00  0.988700661508323E+00 -0.559563218419437E-01 -0.293153175486669E+00  0.954426584786909E+00
 0.360082319173202E-01 -0.426163695377663E+00  0.903929152077884E+00  0.227911180120994E+00 -0.806454601494021E+00  0.545607431863768E+00
-0.347312403459987E+00  0.287789181131831E+00  0.892497328638197E+00 -0.601574747353569E+00  0.553607803573004E+00  0.575869970713497E+00
 0.409081376941049E+00  0.201025885618016E+00  0.890079221390719E+00 -0.996086295874762E+00  0.365012850398407E-02 -0.883106320462042E-01
 0.169535081691859E-01 -0.330260938006885E+00  0.943737405949118E+00 -0.625316884077341E+00 -0.495641626796201E+00  0.602758801076036E+00
 0.240652875428418E+00 -0.128070978577024E-01  0.970526749653248E+00 -0.114278736319112E+00 -0.348744311166636E-01 -0.992836413755859E+00
 0.112564975167895E+00  0.344972059708882E-01  0.993045351001480E+00 -0.975135601054255E+00  0.745826438983335E-01 -0.208681548742793E+00
 0.433084617234914E-01 -0.130267486434889E+00  0.990532563382487E+00 -0.852123878258308E-01 -0.727621603895315E-01 -0.993702428786641E+00
 0.296681404554801E+00 -0.408527864720718E+00  0.863183136963484E+00  0.174671039846051E+00 -0.560087582294357E+00  0.809809809769406E+00
-0.245507634860560E+00  0.971563695945522E-01  0.964513681122451E+00  0.384900592481760E+00 -0.144039206390568E+00 -0.911649187423301E+00
-0.194626132071159E+00  0.408046201778578E+00  0.891974756329514E+00  0.593641278213061E+00 -0.544468629020593E+00 -0.592573999441420E+00
 0.131236118307306E+00  0.252994859463472E+00  0.958525264318416E+00  0.322010155765234E+00 -0.946730239088405E+00 -0.336362596919009E-02
-0.144000224911150E+00  0.335464533903348E+00  0.930981998600697E+00 -0.465190884309192E-01 -0.959550415743560E+00 -0.277667020112072E+00
-0.222838784965534E+00  0.181945868607372E+00  0.957725731518055E+00 -0.349023629719453E+00  0.209317699067649E+00  0.913437795777295E+00
 0.201367953246464E+00  0.380628923890687E+00  0.902536741469923E+00 -0.108529383700775E+00 -0.871640894287692E+00 -0.477978581401807E+00
-0.499227549968916E-01  0.119137690503560E-01  0.998682021786983E+00 -0.892038207765527E-01 -0.471391113869403E-01  0.994897272353540E+00
-0.138030697441588E+00 -0.128967446648778E+00  0.981995378944669E+00 -0.389317875769045E+00 -0.170051959398176E-01  0.920946477770411E+00
-0.300464077025893E+00  0.339536625819452E+00  0.891311515769947E+00  0.620764386290232E+00 -0.550553702836566E+00 -0.558159651897786E+00
-0.326179277084747E+00 -0.375202437948170E+00  0.867657887509946E+00 -0.641640041753121E+00 -0.686006736434798E+00  0.343063863420690E+00
 0.674440223464504E-01 -0.175693965189153E-01  0.997568353625802E+00 -0.304376987633565E-01 -0.534525063124732E+00  0.844604347245202E+00
-0.182959830385911E-01 -0.299245471083992E+00  0.954000736394040E+00 -0.194015671458675E+00  0.744066644819429E+00 -0.639314278970521E+00
-0.302311945644106E+00  0.457408045618411E-01  0.952110952735505E+00 -0.274346424515412E-01 -0.561098766459259E-02  0.999607851715353E+00
-0.162422667309700E+00 -0.875012848234294E-01  0.982833863019713E+00 -0.985800759199120E+00 -0.156825287035831E+00  0.600224333775915E-01
-0.209477385722202E+00 -0.675445471121607E-01  0.975477810627389E+00  0.795479689950072E+00  0.234622515363045E+00 -0.558716688637143E+00
 0.557880037585977E+00 -0.603389625751723E-01  0.827725240196541E+00  0.924183669722161E+00  0.955199425346055E-01  0.369811418424399E+00
 0.245761431649735E+00 -0.188942385279228E+00  0.950737657694523E+00  0.858059226545522E+00  0.185393789471644E+00  0.478919102318381E+00
 0.309392469232339E+00  0.231082349067619E+00  0.922430077529840E+00  0.676944351601794E+00  0.731162316316407E+00  0.845459167154278E-01
-0.483527983333547E+00 -0.493596370574670E-01  0.873936104965888E+00  0.634540869098663E+00  0.253682049024694E+00 -0.730070752356336E+00
 0.307634106733846E+00 -0.357398106678443E+00  0.881832098370621E+00 -0.677076769434379E+00  0.674324084613242E+00 -0.294710157956623E+00
-0.436697202792198E-01 -0.333607518194383E+00  0.941700047432790E+00  0.436837765817285E+00 -0.752442548772908E+00  0.492953321473639E+00
 0.156357296492450E+00  0.358394674066337E+00  0.920383427401024E+00 -0.659708169867537E+00 -0.606826556924229E-01 -0.749067918087632E+00
-0.438303383237502E+00 -0.258329657330199E-02  0.898823381327708E+00 -0.666056942323456E+00 -0.105842800152502E+00  0.738353202226825E+00
-0.248250061031059E+00 -0.996570503305880E-01  0.963556111244946E+00 -0.412751841650465E+00 -0.910714491839718E+00  0.153307392931244E-01
 0.317669887375935E+00  0.128491414011180E+00  0.939455054369270E+00  0.394321914866056E+00  0.125287693614570E+00  0.910391795484290E+00
-0.617188212950721E-01 -0.177386570911507E+00  0.982204047822144E+00  0.862770595349974E+00 -0.464312392424247E+00  0.200102228974900E+00
-0.139655569421295E+00 -0.113667980487574E+00  0.983654366198560E+00  0.501326860852721E-01  0.193298384018546E-01 -0.998555492265319E+00
 0.247599915426621E-01  0.360139826233543E+00  0.932569701619820E+00 -0.194566698914351E+00  0.980815965537727E+00  0.119933906744249E-01
 0.737997938730554E-01  0.206937481812924E+00  0.975566742486243E+00 -0.990787571490965E+00 -0.520431968190576E-01  0.125025972677236E+00
 0.356084251574706E+00 -0.166279684533036E+00  0.919540685501232E+00  0.841175273213123E+00  0.341799161381514E+00  0.419043545486292E+00
 0.263088391925977E+00  0.195039303470890E+00  0.944851400028276E+00 -0.170593031920230E+00 -0.783194787229237E-01 -0.982224046087670E+00
 0.340499160517659E+00 -0.264252904197521E+00  0.902347341277152E+00  0.715342781523444E+00 -0.282802663005716E+00  0.638989325982193E+00
 0.391795608655763E-01 -0.394871632959694E-01  0.998451664300890E+00 -0.907662542180043E+00 -0.415348858044239E+00  0.602829631372593E-01
-0.307779079590762E-01 -0.148203820459762E+00  0.988477793368568E+00  0.140804689834067E+00  0.641401998129500E+00 -0.754173399236686E+00
 0.505394643915556E-01 -0.171474294768426E+00  0.983891421231370E+00  0.270671642623800E+00 -0.595988287556026E-01 -0.960825083712064E+00
 0.141554513746308E+00  0.399103424658238E+00  0.905913227668143E+00 -0.383010935342249E+00 -0.832255320938349E+00 -0.400816297295984E+00
 0.205192532304238E+00 -0.226846136824588E+00  0.952069774173267E+00 -0.848206721602499E+00  0.526802613314522E+00 -0.549942181809228E-01
 0.211525871968006E+00  0.219993409616274E+00  0.952291817256444E+00  0.422635982860045E+00 -0.325379681921388E-01  0.905715245879107E+00
-0.221207732990868E+00 -0.276008718096835E-01  0.974836053262489E+00 -0.214527976473142E+00 -0.950500903234909E+00  0.224779403549259E+00
-0.513755568102357E-03 -0.190217534142662E+00  0.981741832540460E+00 -0.741728499530877E+00 -0.577756250715005E+00 -0.340641377027827E+00
-0.263032097029434E+00 -0.277957301235357E+00  0.923879783641928E+00  0.635755023453792E-01 -0.381687882940167E+00  0.922102226175702E+00
 0.358991490792356E+00 -0.200155652018317E+00  0.911626472028870E+00  0.553353215234877E+00 -0.524114828363009E+00  0.647382318170058E+00
 0.162102459032446E-01  0.653169344081784E-01  0.997732893116827E+00  0.587448847073022E+00 -0.807601829557830E+00  0.517990054675129E-01
 0.281993221359008E+00 -0.130499277604291E+00  0.950499743110080E+00 -0.581849109308845E-01  0.225998459448840E+00 -0.972388406176624E+00
-0.610285473002421E-01 -0.121809964640533E+00  0.990675450855977E+00 -0.238001496028409E-01  0.118855145426327E+00 -0.992626318049531E+00
 0.338570458383779E+00 -0.879101752436683E-01  0.936825408386443E+00  0.824188331585924E+00 -0.198659849916677E+00  0.530328066491576E+00
-0.608282883538157E+00  0.304731138184236E+00  0.732892125087618E+00 -0.877400944218215E+00  0.471152758355061E+00  0.904580642032657E-01
-0.379657821762297E+00 -0.992502595941028E-01  0.919787651768174E+00 -0.588707263654318E+00 -0.260547229026100E+00  0.765205135350951E+00
 0.182891285431887E+00  0.498527063434307E-01  0.981868364590339E+00  0.415043301120622E+00  0.242047263439744E-01  0.909479625619788E+00
-0.413113225072446E-01  0.332534747274970E+00  0.942185765381474E+00  0.168149165746629E+00  0.468449514079310E+00  0.867341288546539E+00
 0.410625466491002E-01 -0.331463837489553E+00  0.942573918427297E+00 -0.363001739059215E+00  0.420750225484719E+00 -0.831383777322208E+00
-0.261152317318859E-01 -0.790211192462680E-02  0.999627706348079E+00 -0.200481077222534E+00  0.956093967310197E-01  0.975021118198177E+00
-0.145688396793518E+00  0.290183138437347E+00  0.945816386623950E+00 -0.266372002101797E+00  0.365676094210154E+00  0.891811050962863E+00
 0.480459460396923E-01  0.178072208538652E+00  0.982843769688407E+00 -0.106208428801848E+00  0.144150170317759E+00  0.983839670906192E+00
 0.342614239696706E+00  0.705493737177534E-01  0.936823499184922E+00  0.257267200245007E+00 -0.295029932966455E-01  0.965889828637114E+00
 0.186830533047119E+00  0.197988187986474E+00  0.962234394178031E+00  0.462694547333775E+00  0.885668230817524E+00 -0.388012987946421E-01
 0.145482161735243E+00  0.252565280705496E+00  0.956580221204157E+00  0.495599513324177E+00  0.527107705157961E+00  0.690317745357851E+00
 0.193976424739260E+00  0.150614751113749E+00  0.969375233535661E+00  0.782630187543291E+00 -0.587117370119342E+00  0.206840961248250E+00
 0.214344955296512E+00  0.257190929639535E+00  0.942289268669705E+00  0.290110275387356E+00  0.894340598430156E+00  0.340574400262649E+00
-0.344507052101323E+00  0.350540197336660E-01  0.938129045895589E+00  0.404703483675106E+00 -0.487892578584410E+00 -0.773418335743011E+00
 0.111195103031646E+00  0.207066372512776E+00  0.971987225449070E+00 -0.256576237682033E+00  0.825911038932602E+00  0.502035446981787E+00
-0.601649633254538E-02 -0.237854961925981E+00  0.971282049076925E+00  0.484196734295463E-01 -0.805257112143250E+00 -0.590945444662779E+00
-0.127594524664342E+00 -0.152943091121912E+00  0.979963289186771E+00  0.714419749906518E+00  0.512416972203068E+00 -0.476480080949612E+00
-0.576014073764820E-01  0.310241221210104E+00  0.948911198442885E+00 -0.638584614907901E+00 -0.680886674200072E+00 -0.358612641299344E+00
 0.150828760357157E+00 -0.370154101283802E+00  0.916644220159547E+00 -0.520120939022700E-02  0.991409339382954E+00 -0.130692269110053E+00
-0.935000077647582E-01  0.206850015251982E+00  0.973894665627780E+00 -0.167721893008458E+00 -0.403684414748456E-01 -0.985007490092614E+00
 0.452341658250396E-01 -0.259807959682956E+00  0.964600276968389E+00  0.301486695725326E+00  0.743951988333413E+00 -0.596356614246363E+00
-0.263010681730268E-01  0.401617417739189E+00  0.915429791727068E+00  0.270803055360348E+00  0.454306321951309E+00  0.848688088194110E+00
 0.104449386640770E+00  0.170316180290097E+00  0.979838111302963E+00  0.186542185129859E+00 -0.738918789718929E-01  0.979664229922161E+00
-0.319819281673710E+00 -0.306649755853430E+00  0.896482880095735E+00  0.342761712839110E+00  0.318615107875214E+00 -0.883741376900089E+00
 0.292693140082950E+00 -0.464471192451713E-01  0.955077688390954E+00  0.775008049144287E+00 -0.387119261385961E+00  0.499500952176824E+00
 0.157153677791302E+00  0.104069080770499E-01  0.987519325289862E+00 -0.549641987679486E+00  0.671608251992398E-01 -0.832696288534001E+00
-0.793900233103379E-01 -0.117407541969267E+00  0.989905396130115E+00 -0.477364718036672E+00 -0.115484909101165E-01  0.878629363458488E+00
-0.335556207534595E-01 -0.253661178037861E-01  0.999114898489365E+00  0.141529564584490E+00 -0.152599790811016E+00 -0.978101572533732E+00
-0.372454895409303E+00 -0.441278953216547E+00  0.816425279087899E+00  0.512321721785781E+00  0.296629190924266E+00 -0.805938940911821E+00
 0.609125274054578E-01  0.138214145086553E+00  0.988527447319028E+00  0.520803226315892E+00  0.248878803830072E+00  0.816592518005810E+00
 0.339840019203912E+00  0.753989554671229E-01  0.937456003694014E+00 -0.919561404668667E+00  0.580686099629799E-01 -0.388632036225471E+00
-0.480194954504523E+00 -0.144657959628155E+00  0.865151362701706E+00 -0.902180398446672E+00 -0.622811442808839E-01  0.426839065369687E+00
 0.355809388692444E+00  0.191703841164829E+00  0.914685364593181E+00 -0.431059920468606E+00 -0.341447565308124E+00 -0.835225062549462E+00
-0.338487416259058E+00  0.624754053071999E-01  0.938894612172190E+00 -0.657879697263230E+00  0.334435727494860E+00  0.674794078296353E+00
 0.170600140122652E+00 -0.336167335742376E+00  0.926221957508029E+00 -0.645649094249487E+00  0.939539677932968E-01 -0.757832368687636E+00
-0.128975187874202E+00 -0.854156961946061E-01  0.987962327093703E+00  0.802325199867024E+00  0.224565069351383E+00 -0.553032370920138E+00
 0.696812442586582E-01  0.245626793083275E+00  0.966856764323543E+00 -0.189541598100220E+00  0.778370410899032E+00  0.598509386748851E+00
-0.633577139522011E-01  0.611012664389847E-01  0.996118685359482E+00 -0.348831587882960E+00 -0.529735860061122E+00 -0.773108298920892E+00
-0.109482140091655E+00 -0.181130058957089E+00  0.977346183674522E+00  0.156447513315081E-01 -0.108328627790440E+00  0.993992027209884E+00
 0.155082038423227E+00  0.112157574901392E-01  0.987837926049825E+00 -0.283960952671214E+00 -0.580718419068773E+00 -0.762975946614519E+00
-0.317594666192655E+00 -0.160668266180591E+00  0.934515562336176E+00  0.171936422864069E+00 -0.979734756836448E+00  0.102750536443050E+00
-0.308556506313484E-01 -0.246191002467233E+00  0.968730054828637E+00  0.160293673936257E+00  0.556261376431836E-01  0.985500720906341E+00
 0.136365865450769E+00  0.381774948557180E+00  0.914140163975977E+00 -0.272162800410705E+00 -0.513349400714758E+00 -0.813879476862761E+00
-0.150119474815216E+00  0.400862493987212E+00  0.903755168281519E+00  0.827910213763582E+00 -0.560636824498723E+00 -0.158438935217150E-01
-0.187727032290512E+00 -0.300777838103180E-01  0.981760606394684E+00 -0.116161674441108E+00  0.961468269162962E+00  0.249169084727252E+00
 0.464921597482576E+00 -0.262101083388478E+00  0.845665968501060E+00 -0.828069746569582E+00  0.272844988400852E+00 -0.489751066482481E+00
-0.190528521675624E+00 -0.175404458535402E+00  0.965884132985941E+00 -0.275852954681503E+00 -0.852621578084879E+00  0.443781018045540E+00
-0.427581038354148E-02  0.529335976479170E-01  0.998588880213280E+00 -0.240152344884118E+00 -0.572936502882805E+00  0.783626578742121E+00
-0.587802182466040E-03  0.428657878880630E+00  0.903466699642080E+00  0.939764964476608E+00  0.341338181271180E+00  0.181674860331151E-01
 0.242183836153001E+00  0.288021468508117E-02  0.970226104508420E+00 -0.969718753131220E+00 -0.181975266680801E+00  0.162881988390624E+00
 0.459802459033292E+00  0.267926315377956E+00  0.846638758972757E+00 -0.999294062514339E+00  0.316634627564876E-01 -0.202188464027189E-01
 0.343571713289993E+00  0.609005873446234E-01  0.937149719248776E+00 -0.740583039880972E+00 -0.234160522486411E+00 -0.629845703922436E+00
-0.451717193261890E-01  0.117424543219296E+00  0.992053926166746E+00 -0.306289669513036E+00 -0.974728108612649E-01 -0.946934891897220E+00
 0.354096974373781E+00 -0.215553664878775E+00  0.910028543671385E+00 -0.755568534080371E+00  0.422543853356832E+00 -0.500572554479368E+00
-0.153720798595396E+00  0.418286257847175E+00  0.895213115730216E+00  0.477094889258177E+00 -0.695312511090696E+00 -0.537513700815595E+00
 0.142981319592879E+00  0.143440388915618E+00  0.979275853411701E+00  0.539629543259808E+00  0.775354233772138E+00  0.328063664877462E+00
 0.241533266158446E+00 -0.262813292979962E+00  0.934125716577732E+00  0.459833545229459E-01 -0.682366726782557E-01  0.996608894004372E+00
-0.221522707386102E+00 -0.141535450944461E+00  0.964829210916771E+00  0.115784430794937E+00 -0.242046347890475E+00 -0.963331475172682E+00
-0.221116264901676E+00  0.162305082326925E+00  0.961646846636946E+00  0.317031816165309E+00 -0.333584871135334E+00 -0.887813021580867E+00
-0.282969340621835E+00  0.298536457249948E+00  0.911484687726949E+00  0.336430082212588E+00 -0.674420891256251E+00 -0.657245206311583E+00
-0.909800207388553E-01 -0.502490388918514E-01  0.994584169347573E+00 -0.340464220279990E-01 -0.503891887587540E-01  0.998149172620669E+00
-0.842983187009067E-01  0.104561961090062E+00  0.990939246249335E+00  0.428787695849832E-01  0.356100561450179E-02 -0.999073936382033E+00
 0.613323998722972E-01 -0.191033830294335E+00  0.979665459434485E+00  0.115856373404335E+00 -0.345028746924030E+00  0.931414228223742E+00
-0.321725308694173E+00  0.238112650043106E-01  0.946533596553516E+00  0.361046051837463E+00  0.264197610604382E+00 -0.894340746585727E+00
-0.333005613800355E+00 -0.769272745466952E-02  0.942893463293578E+00 -0.523284167409361E+00 -0.685705946702697E-01  0.849394933870728E+00
-0.121127399249112E-01  0.258087213275173E+00  0.966045688296038E+00  0.105999651339807E+00 -0.637814284683954E+00 -0.762861070031061E+00
 0.102870634646179E+00  0.537163002041284E+00  0.837181904824446E+00  0.161338447428583E+00 -0.672995317520028E+00 -0.721835997978385E+00
-0.126304228615793E+00  0.472365818617833E-01  0.990866260989739E+00  0.226496006413561E+00 -0.334374645994290E+00 -0.914818646068663E+00
 0.371631367935752E+00  0.944059742635799E-02  0.928332376622961E+00 -0.720579692742323E+00  0.387328554145904E+00 -0.575101293295906E+00
-0.225853824917857E+00 -0.373375258509737E+00  0.899767173274709E+00  0.257127932274780E+00  0.781606304177484E+00 -0.568310488829927E+00
 0.321002415870820E+00  0.125623443036940E+00  0.938709859096325E+00  0.928181391780483E+00  0.301193383706652E+00  0.218544845658238E+00
 0.646146381484859E-01 -0.106033049122381E+00  0.992261024645608E+00 -0.399087757999681E+00  0.879387566530120E+00 -0.259627558720221E+00
-0.166894931499388E+00 -0.235538549938110E-01  0.985693308161694E+00 -0.361133063636436E+00  0.930081908546636E+00  0.673093882219149E-01
 0.101711372359554E+00 -0.467153344822031E-01  0.993716495916694E+00 -0.286132684912675E-01  0.996577597586245E-01 -0.994610281359558E+00
 0.217777546740524E+00 -0.124242371820014E+00  0.968058248857070E+00 -0.180272576652973E+00  0.592778536071041E+00  0.784930191342116E+00
 0.158020629767619E+00 -0.565554451014721E-01  0.985814872172874E+00 -0.624587650198198E+00 -0.643967852787393E-02 -0.780928164276555E+00
-0.983191756038102E-01 -0.515180659423381E-01  0.993820521316675E+00 -0.604049662625012E+00 -0.719496981709840E+00  0.342707015383459E+00
-0.505035558659533E-01  0.972988794368440E-01  0.993972997070458E+00 -0.380847117249144E+00 -0.115340929476388E-01 -0.924566080917363E+00
 0.252519248714315E+00  0.281808076597741E-01  0.967181405481102E+00  0.835388309421823E+00 -0.492658672659451E+00 -0.243749471250250E+00
 0.279585461537427E+00 -0.189249190424854E+00  0.941284608192677E+00 -0.225459265335792E+00  0.487540597660452E+00 -0.843488165481374E+00
-0.243353734134551E-01  0.245334770042075E+00  0.969132932166289E+00  0.399459249604016E-01 -0.327655450899727E+00 -0.943952450378066E+00
 0.368045264754924E+00 -0.100246545926933E-01  0.929753832684639E+00  0.835880221742843E+00  0.219765155892652E+00  0.502998539913004E+00
-0.515641717595288E+00  0.436383717259828E-01  0.855692299596348E+00  0.765201440599372E+00  0.447078207305759E+00 -0.463236259220838E+00
-0.749321959768335E-02 -0.714275918368983E-01  0.997417641103486E+00 -0.462943199005051E+00  0.878850230405000E+00  0.115351059865304E+00
 0.315749029612103E+00  0.443633823832233E-01  0.947805064663898E+00 -0.802219101987044E+00 -0.131590901520711E-01 -0.596884704740765E+00
-0.422506617691776E+00 -0.886479782595832E-01  0.902014242657589E+00  0.185819465968218E-01 -0.405527391616652E-01  0.999004597890900E+00
-0.203187101096216E+00  0.275710571967614E+00  0.939520453451338E+00  0.163495823742623E+00 -0.983898694996937E+00 -0.721974625734509E-01
 0.190554039591934E+00  0.216897820796629E+00  0.957415528038306E+00 -0.619268458474460E+00  0.202134997219296E+00 -0.758714715316516E+00
-0.256783962197366E+00  0.171704891830247E+00  0.951093805510153E+00  0.566538749686898E+00 -0.104720278266644E-01 -0.823968556278942E+00
 0.763332324015048E-01 -0.175524581064274E+00  0.981511262835709E+00  0.138588514852984E+00 -0.710959046293527E+00  0.689442135385010E+00
-0.131995887240334E+00  0.826806490387861E-01  0.987796029565903E+00 -0.140937243224944E+00  0.101626487980363E+00 -0.984788683125944E+00
 0.686256193443600E-01 -0.152927777368852E+00  0.985851722764953E+00  0.345746967528880E+00  0.937552390142740E+00 -0.381385655500974E-01
-0.104816413678009E+00  0.740403147752826E-01  0.991731592323073E+00  0.857566134611695E-02 -0.939001214291922E-02 -0.999919139583013E+00
 0.462017897484611E+00 -0.997946488483031E-02  0.886814452230291E+00 -0.718872818388925E+00 -0.153084831521442E+00 -0.678075884646856E+00
-0.115850095277329E+00 -0.932047757135716E-01  0.988884030212045E+00  0.509375020041071E+00 -0.218281747335307E+00 -0.832400244917314E+00
 0.128366680650368E+00  0.134294313526385E+00  0.982591997043169E+00 -0.470659999662786E-01 -0.633560556870043E-01 -0.996880535397777E+00
-0.162944350654350E+00 -0.509353868392401E-01  0.985319605487158E+00 -0.341306907100538E-01  0.246106545753380E+00  0.968641659278081E+00
 0.109085878156400E-01 -0.310139015569632E+00  0.950628630819295E+00  0.107746375613217E+00  0.665054669626367E+00 -0.738981058587011E+00
 0.179055855145861E+00 -0.204473700895572E+00  0.962356226342435E+00 -0.574286288352982E+00  0.571811328462428E+00 -0.585855838625671E+00
-0.179780077630455E+00  0.194590875874922E+00  0.964268383134809E+00 -0.593948650679879E+00  0.801811755472863E+00 -0.657488337621036E-01
-0.643520038237302E-01 -0.237051117289485E+00  0.969363496009457E+00 -0.673410080957001E+00 -0.598724354880558E+00  0.433645027341885E+00
 0.325603787690733E+00 -0.130407763629554E+00  0.936469961411783E+00  0.533078278201161E+00 -0.995249517056735E-01  0.840191843151354E+00
 0.959154249816300E-01  0.390247902918217E+00  0.915700172282679E+00  0.249721223179263E+00 -0.513494258489165E+00 -0.820952469508750E+00
 0.919822931410257E-01  0.257942775200342E+00  0.961771689368357E+00  0.567986128627415E+00  0.822805820047842E+00 -0.195535209678465E-01
 0.281400384241102E+00 -0.154128852259761E+00  0.947131522361097E+00 -0.417968519383619E+00 -0.505637384346955E+00 -0.754740453636238E+00
-0.318982389915117E+00  0.923847533360942E-01  0.943247206343634E+00  0.326131919507850E+00 -0.473221221242448E+00 -0.818351786729846E+00
 0.177892710374587E+00 -0.300511831124415E+00  0.937041526801152E+00  0.144762878506822E-01 -0.336538768954428E+00  0.941558332808277E+00
 0.600120274890001E-01 -0.229386309663067E+00  0.971483647569952E+00  0.744768467761899E-01  0.246166679464707E+00 -0.966361818997210E+00
 0.291711461653097E+00 -0.225355261503706E+00  0.929580243579224E+00 -0.366568407193163E+00  0.465982379818417E+00 -0.805287541531987E+00
-0.556292447246756E-01  0.887671659222163E-01  0.994497751322495E+00 -0.186984524870050E-01  0.799434789853542E+00 -0.600461809482014E+00
-0.168384004935959E+00 -0.113206260422427E+00  0.979199249122923E+00 -0.301430696663064E+00  0.157893861662773E+00  0.940323914169174E+00
 0.295001911750590E-01  0.523125009331433E+00  0.851745245559154E+00  0.530604660207315E+00  0.565301106516269E+00  0.631580045233984E+00
-0.489630926251035E+00  0.269023488453163E+00  0.829390088389682E+00 -0.899290117537233E+00  0.292840588470439E+00  0.324840998404074E+00
-0.252752315139052E+00 -0.359172617880080E+00  0.898393732033466E+00  0.872021601845085E+00  0.114458358868127E+00 -0.475896637938058E+00
-0.528988894781225E-01  0.716823621556832E-01  0.996023768013476E+00  0.801905815616605E+00  0.443898464838471E+00  0.399876500677793E+00
-0.124800352950089E+00  0.308241616731584E+00  0.943086410472674E+00 -0.760510333498234E+00  0.201824085927310E+00  0.617163731097357E+00
 0.237988233228094E-01 -0.102713717518312E+00  0.994426220612680E+00 -0.144973433260366E-01 -0.100115337191430E-01  0.999844786068857E+00
-0.749322160523945E-01 -0.119388189502806E+00  0.990015971186687E+00 -0.142861290798618E+00  0.454401755002512E-01  0.988699065460193E+00
-0.644762139954351E-01 -0.241576394101955E+00  0.968237400455855E+00  0.101792104799169E+00  0.449355644558119E+00 -0.887534715999500E+00
 0.516549168463092E-01  0.122649047686771E-01  0.998589676331884E+00  0.296562291294096E+00 -0.331844073667224E+00 -0.895505621509066E+00
-0.369243585856414E+00  0.254993184457832E+00  0.893665289794759E+00 -0.464207480578527E+00 -0.216407794509782E+00  0.858882460788639E+00
-0.112076897418668E+00  0.148682221747294E+00  0.982513290496008E+00 -0.125429724774623E+00 -0.379875328236651E+00  0.916494473054835E+00
 0.201705582205134E+00 -0.846357111463399E-02  0.979409631396014E+00 -0.857564036553381E+00  0.505593484841195E+00  0.946527933893478E-01
 0.842664456169884E-01 -0.273841321726303E+00  0.958076247831179E+00 -0.228428105844438E+00  0.398240542890791E+00 -0.888383402849451E+00
-0.290774275369432E+00 -0.504247726217730E+00  0.813132554622941E+00  0.484717331237517E+00  0.814122586330366E+00 -0.319771048134029E+00
-0.244519638445410E+00  0.310397712921944E+00  0.918620382000831E+00 -0.628111249293699E+00  0.672643188812037E+00  0.391187166271446E+00
-0.122437488441257E+00 -0.507085581421684E-02  0.992463272794267E+00  0.415811128744349E-01 -0.101072271547005E+00  0.994009762012653E+00
 0.156786082150949E+00  0.398368141108338E-01  0.986828836569572E+00 -0.740403122866993E+00 -0.886353619365002E-01 -0.666293470073953E+00
 0.413361345890743E-01  0.667056498027156E-01  0.996916084864534E+00 -0.640718687670032E+00 -0.739426547951170E+00 -0.206707386068830E+00
 0.420585692793008E+00 -0.103635312045159E+00  0.901314261018391E+00  0.354954438385770E+00 -0.901197325445224E+00 -0.248698064489088E+00
 0.271573248181434E+00 -0.132487668012560E+00  0.953254944228866E+00  0.653492332424471E+00 -0.148210894163465E+00  0.742281147755815E+00
-0.122675236867014E+00  0.209711019072398E+00  0.970037151215993E+00 -0.932077553203053E+00  0.220122552243977E+00  0.287710786743577E+00
 0.173114428479377E+00 -0.173565887884479E+00  0.969487636442637E+00  0.212360391234075E+00  0.885281674416024E+00 -0.413738348691624E+00
 0.573354290897207E-01 -0.129854782057771E+00  0.989873923359852E+00 -0.802990085257952E+00  0.595782811216928E+00  0.158039500088386E-01
-0.395608964712959E+00 -0.103728985614187E+00  0.912542516588784E+00 -0.421109642807732E+00  0.895149788086214E+00  0.146196872824113E+00
-0.222341785943760E+00  0.194523302651105E+00  0.955366325002638E+00 -0.527004054651705E+00  0.603642262981512E+00  0.598233018750404E+00
 0.171972281839047E+00  0.101742362732884E-01  0.985049247091396E+00 -0.345800964945702E+00  0.459877046539446E+00 -0.817884340667296E+00
 0.121454645827480E+00 -0.318274050471930E-01  0.992086581551672E+00 -0.135063221438975E-01 -0.166040939639405E+00  0.986026361526815E+00
-0.695757299790994E-01 -0.443417739283132E+00  0.893610612228230E+00 -0.692629153489554E+00  0.583483869109975E+00 -0.424041778867126E+00
-0.167988798866309E+00 -0.590181712798930E-01  0.984020639475734E+00  0.243804817495089E+00 -0.164019859595289E+00  0.955853909666393E+00
-0.188291869743378E+00 -0.111170231363390E+00  0.975800876945268E+00 -0.568451797986918E+00 -0.532465608345225E-01  0.820991691264129E+00
 0.249721725063395E-01  0.116595910717407E+00  0.992865441137062E+00 -0.397830776803761E+00  0.304875965121672E+00 -0.865321511878010E+00
-0.193528355364403E+00 -0.122667604541928E-01  0.981017992830870E+00  0.461877362392090E+00  0.113751207582496E+00 -0.879619215844703E+00
 0.450905711159733E+00 -0.282089765559699E-01  0.892125716076608E+00  0.900748250318916E+00  0.126069615977185E+00  0.415642925447765E+00
 0.249589630036707E+00 -0.216949479395875E+00  0.943736160146467E+00 -0.527357437599481E+00  0.570310662006763E+00 -0.629793523156532E+00
 0.244294672633394E+00  0.779214347247214E-01  0.966565239874363E+00 -0.642569374447163E+00 -0.510744870587554E+00 -0.571177972431609E+00
 0.277822693574198E+00 -0.127824700214486E-02  0.960631519897082E+00  0.986551662916223E+00 -0.163361596080479E+00  0.536705908988392E-02
 0.840101116714294E-01 -0.262403046727766E-01  0.996119344028432E+00  0.320413835829698E+00  0.861772287857849E-01  0.943349595350367E+00
-0.469038343179946E-01 -0.180068025225029E+00  0.982535259732610E+00 -0.955035831461801E-01 -0.104739160228101E+00 -0.989903416460895E+00
-0.251651671777401E+00 -0.283640250386726E+00  0.925321373606054E+00 -0.344431770492020E+00 -0.484222476903384E+00  0.804298046956030E+00
-0.139936406269863E+00  0.563241275625983E+00  0.814356842932809E+00 -0.437056863651418E+00  0.732972216934515E+00  0.521280181032512E+00
 0.452033887951425E+00  0.160433052324184E+00  0.877454614134238E+00 -0.983408915063782E+00  0.399040562367056E-01  0.176959238439063E+00
-0.680035387890883E-01  0.481322460676290E-01  0.996523359284992E+00 -0.290812758930779E+00  0.485171250327326E+00  0.824643436340148E+00
 0.396705007053424E+00  0.113631456302694E+00  0.910885848785276E+00  0.366714854548298E+00  0.822956310501473E+00  0.433892989640792E+00
-0.379875910771759E+00 -0.714638718024845E-01  0.922272848696265E+00 -0.926792166428819E+00 -0.360028419386388E+00  0.106938381698600E+00
 0.322129038340382E-01 -0.525796963125821E-01  0.998097041555707E+00  0.330703936331681E+00  0.453352945453423E+00 -0.827711310387527E+00
-0.141519212474134E+00  0.435989923058225E+00  0.888754802795678E+00  0.203066885562783E-01  0.895480204444387E+00  0.444637877208091E+00
 0.690290777606659E+00  0.396751812966609E+00  0.605050941044556E+00  0.924793067711518E+00  0.368645031578464E+00  0.941202560835521E-01
 0.203979781046901E+00 -0.273834738345363E+00  0.939897220444546E+00  0.720681686270334E+00 -0.522923973187027E+00  0.455157582976315E+00
-0.114761876561942E+00  0.412057660666492E-01  0.992538057976036E+00 -0.893751523160628E+00  0.140184707387953E-01  0.448343280674755E+00
 0.312270874735033E-01  0.158686136385009E+00  0.986835132698021E+00 -0.145768382177950E+00 -0.623218185051513E+00 -0.768342809283929E+00
-0.756731967306403E-01  0.255006606383180E+00  0.963973650053517E+00 -0.268455556027197E-01  0.535445769455683E+00  0.844142845800634E+00
-0.104863637474126E+00 -0.167960916434576E+00  0.980200361194665E+00  0.473855742718650E+00 -0.874353005734769E+00  0.104726102071696E+00
 0.155449130443602E+00  0.100275642663519E+00  0.982741249430768E+00  0.463454866475462E+00  0.195773227192202E+00 -0.864223599686425E+00
 0.311004803236942E+00 -0.580007416955614E+00  0.752905975962489E+00  0.273932026958292E+00 -0.846823244064930E+00  0.455907488332743E+00
-0.123373102942551E+00 -0.892913605277477E-01  0.988335029433557E+00  0.384001374524783E+00  0.291375807252109E+00 -0.876152431550161E+00
 0.368356220192203E+00  0.366153821265876E-01  0.928963405542671E+00 -0.548579325501125E+00 -0.351748395624621E+00 -0.758507606954760E+00
-0.185997190756587E+00  0.503905914917821E-01  0.981257271728351E+00 -0.533578521233634E+00  0.797997483606182E-01  0.841977411715843E+00
 0.304008727511391E+00  0.948914524957831E-01  0.947931593439181E+00  0.578865261753796E+00  0.157662107284701E+00  0.800036042101390E+00
 0.186511422446010E+00  0.259208442476669E+00  0.947641531722827E+00  0.164973032877330E+00 -0.206443422113801E+00 -0.964450626983672E+00
 0.484739593636634E-01 -0.247854282302447E-01  0.998516879081697E+00  0.703044515718472E-01  0.359093975071719E+00 -0.930649666177544E+00
-0.928813467573752E-01  0.416808174334753E+00  0.904236695358172E+00 -0.192955429422969E+00  0.441727786638724E+00  0.876153391117932E+00
-0.609619568683602E-01  0.103144770586991E+00  0.992796452509444E+00  0.138773158669739E+00 -0.297029323276002E+00 -0.944730433270266E+00
 0.140170448069390E+00 -0.345953708682611E+00  0.927722090357222E+00  0.225202091824199E+00 -0.950850664671770E+00  0.212525366324254E+00
 0.609622408877688E-01 -0.244452006514253E+00  0.967743158951329E+00 -0.201035950900804E+00 -0.194411924294028E+00 -0.960098198174386E+00
-0.181198845060853E+00 -0.299325072279531E+00  0.936787851999302E+00 -0.158948228014651E-02 -0.786514731759879E+00  0.617569469995698E+00
-0.591835524122244E-01 -0.228108071776245E+00  0.971835384576212E+00 -0.852418441442561E+00 -0.513584862671778E+00 -0.980478940265762E-01
 0.369174595208209E+00  0.309390422896482E+00  0.876349065425868E+00 -0.674463839168053E+00 -0.737643473060251E-01 -0.734613742534950E+00
 0.992421003923562E-01  0.146891523416784E+00  0.984161514111383E+00 -0.665465177853271E+00  0.112771190392434E+00  0.737860932481309E+00
 0.205733933711825E+00 -0.245324759066723E+00  0.947359124676758E+00 -0.282574883873221E-01 -0.823246026949709E+00  0.566981034481365E+00
 0.290872367387963E-01 -0.248435478644672E+00  0.968211622327213E+00  0.796570567087310E-01 -0.922769037005601E+00  0.377030579211101E+00
 0.738622109078651E-01 -0.694038478017158E-02  0.997244305503373E+00 -0.433678961318199E+00 -0.290532197702161E+00  0.852944078242132E+00
 0.212183583826538E+00 -0.110283519488886E+00  0.970986957730984E+00 -0.802735219384979E+00  0.343628207551864E+00 -0.487376468998702E+00
 0.433504334117730E+00 -0.289008087975676E+00  0.853550418771960E+00 -0.560887769509303E+00  0.350419865766232E+00 -0.750073881488520E+00
 0.216007218967902E+00 -0.105756344837199E+00  0.970647452415360E+00 -0.877416994212651E+00 -0.254647363694556E+00 -0.406563818397861E+00
-0.404727154048052E-01 -0.347202001762310E+00  0.936916607430996E+00  0.698145865866544E+00  0.711468861951410E+00 -0.800275480507782E-01
-0.182238234925720E-01  0.268551565753991E+00  0.963092907661764E+00 -0.115564268659631E+00  0.376415504992806E+00  0.919215027841786E+00
 0.942146188456257E-01 -0.104460628833106E+00  0.990056353254483E+00 -0.805755143828042E-01  0.156201094858481E-01  0.996626107756363E+00
-0.345402653001091E+00  0.607338312508569E-01  0.936487271158236E+00 -0.945377299075807E+00  0.139359678064114E+00  0.294687364035173E+00
-0.167338593858388E+00  0.416545584297341E-01  0.985019133198701E+00 -0.208643122537565E-01  0.143984875541393E-01  0.999678630375948E+00
 0.902395013920221E-02  0.367604025167868E-01  0.999283363781610E+00 -0.910009758308156E+00  0.413174004477576E+00 -0.341976871717480E-01
 0.182071721810743E+00  0.294570119269427E+00  0.938124902638485E+00 -0.234137383912882E+00 -0.712080700301587E+00 -0.661906913177701E+00
 0.152207287599023E+00  0.218366595459571E+00  0.963923737434214E+00  0.698331454826809E-02 -0.552276494556727E+00 -0.833631757359359E+00
 0.146768240611024E+00 -0.447074525658890E+00  0.882373759840365E+00  0.215520485217512E+00 -0.797977915541734E+00  0.562834049040459E+00
-0.219202550075459E+00  0.207076717567187E+00  0.953451349090249E+00 -0.553815778545967E+00  0.681963184589411E+00  0.477717801948173E+00
-0.270111920609319E+00 -0.275435666137238E+00  0.922591320230296E+00  0.519493076789301E+00 -0.493782750220649E-01 -0.853046733258987E+00
 0.573804324081865E-01 -0.125789072409042E+00  0.990396180949383E+00 -0.333267602728201E+00 -0.467919820791310E+00  0.818525348588806E+00
-0.256447039750568E+00 -0.428747133612874E+00  0.866262553283884E+00 -0.602546414185494E+00 -0.615991223442324E+00  0.507437317699666E+00
-0.272870297361326E-01  0.324502287160839E+00  0.945491239322482E+00  0.109092863556492E-01 -0.742604925153020E+00 -0.669640883317086E+00
 0.137675408159358E+00  0.376924748264675E+00  0.915954811185446E+00  0.208327000709664E+00  0.965177298633633E+00  0.158217075493128E+00
-0.248200159802486E+00  0.418418618820909E+00  0.873683317969402E+00  0.781368410206748E+00 -0.431309991957401E+00 -0.451037801485292E+00
-0.582414708463347E-01  0.270399093555868E+00  0.960985047374734E+00 -0.178154560654246E+00 -0.935228664452312E+00 -0.305954731463393E+00
-0.421608576324091E-01  0.404738925045439E+00  0.913459831977719E+00  0.277329710698333E+00 -0.655276275378286E+00 -0.702638765291483E+00
-0.186116476508210E+00  0.140998406516321E-01  0.982426512094298E+00 -0.185691576530220E+00 -0.220532735454341E+00  0.957540574074408E+00
-0.201006756699141E-01 -0.102188790348713E+00  0.994561920628716E+00  0.229232817460111E+00 -0.343696671973872E+00  0.910672780461448E+00
-0.494923677431602E-01  0.271618751815133E+00  0.961131499430523E+00  0.387868424882206E+00 -0.555379179098156E+00 -0.735603189500736E+00
 0.147660805678186E+00  0.546504142836878E-01  0.987527021749324E+00  0.716425638853009E+00  0.307859010764598E+00  0.626064799749276E+00
-0.327179063864370E+00 -0.403505554805318E+00  0.854480618510500E+00  0.262620907045653E+00  0.908952868746823E+00 -0.323782244076849E+00
-0.324421383214341E+00  0.394706200101391E+00  0.859626536185810E+00 -0.614583628643971E+00  0.687679213646954E+00  0.386502603510916E+00
-0.283443064839917E-01  0.386110394494652E+00  0.922017008277573E+00  0.417654203073040E+00 -0.186010722527232E+00 -0.889362118464870E+00
-0.366401807756553E-01 -0.717286474089125E-02  0.999302780524570E+00  0.109647507015279E-01 -0.290698430650338E-01 -0.999517242705811E+00
 0.137717433930234E+00 -0.626615000893199E-01  0.988487453030248E+00  0.941568256975375E-01  0.765854349900180E-01  0.992607255324055E+00
-0.183373349586665E+00 -0.856815631851933E-01  0.979302243636513E+00 -0.543117422250094E+00 -0.836993660244452E+00  0.668212418248049E-01
-0.786216923867594E-02 -0.191300824809731E+00  0.981499964708089E+00 -0.346617152357145E+00 -0.861669232626587E+00  0.370651700706381E+00
 0.127876675368758E+00  0.168101202955907E+00  0.977440300714785E+00  0.449482998641441E+00  0.193374496764113E+00  0.872107411924428E+00
-0.162834062362791E-01  0.186588931773440E+00  0.982303120844574E+00  0.112850068445127E+00 -0.303205022965675E-01 -0.993149298540967E+00
 0.854395555663233E-01 -0.729665863397137E-01  0.993667932270413E+00 -0.382672152922446E-01  0.416729351929310E+00 -0.908224789066206E+00
-0.123991993497000E+00 -0.348902119283510E+00  0.928920500747031E+00 -0.440650544966141E+00 -0.820890408309379E+00  0.363271296370500E+00
 0.251773165342378E+00  0.273663114997143E+00  0.928288087127881E+00  0.565334676088716E+00 -0.145912579524741E+00  0.811853572479732E+00
 0.396434428744794E-01  0.169116547250376E+00  0.984798451909409E+00 -0.169786177705116E+00 -0.120570259462629E+00 -0.978077433741011E+00
 0.268968246457236E-01 -0.322827627447927E-01  0.999116802007423E+00  0.700202367665555E+00 -0.629535830753302E+00  0.336751068466458E+00
 0.445694237916849E+00  0.698392285596728E-01  0.892456793599505E+00  0.455791832065163E+00  0.594006558379642E+00  0.662880090532711E+00
 0.520203488173242E+00 -0.115553420059832E-01  0.853964170772706E+00 -0.713544513999796E+00  0.329030636010185E-01 -0.699836848805821E+00
-0.409064661896903E+00  0.390870768751381E+00  0.824552087210309E+00 -0.483407171950846E+00  0.417218094576730E+00  0.769575576317394E+00
 0.208938512114929E+00 -0.544360531130374E-01  0.976412522593127E+00  0.868887967155949E+00  0.111526110477743E+00  0.482281688656441E+00
-0.381759425922589E+00  0.382835906425300E+00  0.841246937272746E+00  0.868303017586374E+00 -0.369301593139743E+00 -0.331158878719632E+00
 0.918569623456491E-01  0.456434201991735E+00  0.885002891362960E+00  0.177294748109146E+00 -0.644000065245865E+00 -0.744197882458850E+00
-0.159673299855312E+00  0.218308651953657E+00  0.962728294897108E+00 -0.424631545431853E+00  0.751667370163112E+00  0.504662476568475E+00
 0.387643963461727E+00 -0.157744191746396E+00  0.908211939781657E+00  0.583316417454430E+00 -0.261312221101191E+00  0.769062988467974E+00
 0.158613002382491E+00  0.104366122068617E+00  0.981809364408168E+00 -0.893955797729421E-01 -0.263277502941814E+00 -0.960569303466326E+00
-0.130146137542939E+00  0.268299239678546E+00  0.954503798248372E+00 -0.117712634438239E+00 -0.241681630415008E+00 -0.963189350654145E+00
-0.668888037758960E-01  0.484539056762217E-01  0.996583216271551E+00 -0.565785942071112E-01  0.771297766858058E-02  0.998368355194129E+00
 0.357262621936911E-01  0.159460078077724E+00  0.986557711281562E+00 -0.925561946649988E+00 -0.559778089057825E-01 -0.374434998128638E+00
 0.192504050114717E-02  0.202657673410213E+00  0.979247752934378E+00 -0.206568101447352E-01 -0.155988589351001E-01  0.999664929761251E+00
-0.259921693335711E+00  0.246465428724297E+00  0.933646349415690E+00 -0.813649537545206E+00  0.229216050328915E+00  0.534260640815028E+00
 0.761516505054061E-01  0.217286479254790E-01  0.996859464510737E+00  0.885005987878149E+00 -0.464890258572131E+00  0.253268415827602E-01
 0.560094396128498E+00 -0.194100863700621E+00  0.805368935417878E+00  0.810713815021270E+00 -0.308307029949950E+00  0.497684523987935E+00
-0.671832437437017E-02  0.248373633103160E+00  0.968641008060642E+00 -0.954106915251466E+00  0.245111351216552E+00  0.172047725280308E+00
 0.259767401975370E+00  0.228656444545581E+00  0.938209532694451E+00  0.884337327366061E+00  0.317706680781712E+00  0.342067181140956E+00
-0.200662321569203E+00 -0.151737896219869E+00  0.967837922150825E+00 -0.243369592740298E+00 -0.333522986337752E+00  0.910787384033051E+00
 0.162548193969322E-01 -0.531054195126555E+00  0.847181930098169E+00 -0.268626263972156E+00 -0.846693459868566E+00  0.459293060387546E+00
 0.579497006965533E+00  0.662300403515894E-01  0.812278770295652E+00  0.764204532616132E+00  0.193897615426007E+00  0.615138315390179E+00
-0.290795860276595E+00 -0.247569469623595E+00  0.924200803589938E+00  0.526256674762789E+00  0.456938425894136E+00 -0.717120064709530E+00
-0.117182147169586E-01 -0.359250412185144E+00  0.933167629522505E+00  0.100244697746748E+00 -0.764619792132070E+00  0.636637710203828E+00
 0.209687704033829E+00 -0.178208212031302E+00  0.961391127451064E+00  0.456559682363356E+00  0.837459818502351E+00  0.300356969012343E+00
 0.820074680319324E-01  0.183173750953704E+00  0.979654098214539E+00 -0.238075392574253E+00 -0.237308879849436E+00 -0.941809217939186E+00
-0.388513499360558E-01 -0.504259116436870E+00  0.862677990966765E+00 -0.292922650900872E-01  0.405887477644691E+00 -0.913453512061299E+00
-0.148239183197758E+00 -0.317908506788197E+00  0.936461064794773E+00 -0.149668447671098E+00  0.956319958651154E+00  0.251100562438992E+00
-0.530731908610909E+00 -0.827019351298133E-01  0.843495128087890E+00  0.960012753595955E+00  0.888657711282442E-01 -0.265477659427106E+00
-0.209838032967293E-01 -0.135012839091684E+00  0.990621629725299E+00 -0.259332077189685E-01 -0.109139126739779E+00  0.993688140088168E+00
 0.340573483324045E-01  0.604190377197275E-02  0.999401617180689E+00  0.885498728142740E-01  0.989160161657745E+00  0.117137076170609E+00
 0.144389667331773E+00  0.597730582153530E+00  0.788587201979732E+00 -0.535417058383880E-01 -0.898567658582634E+00 -0.435556481624643E+00
 0.574560039362964E+00  0.696874112531557E-01  0.815490297845451E+00  0.968818377532945E+00 -0.162969974442657E+00  0.186632630546191E+00
-0.218924630248266E+00 -0.363774040508497E-01  0.975063429088170E+00 -0.392790820018057E+00 -0.142572899585248E+00  0.908508855220133E+00
 0.538724257747338E-01  0.351250725772257E-01  0.997929852753985E+00  0.218692638031693E+00 -0.845970177281239E-01  0.972119784112147E+00
 0.139947503858314E+00  0.149576627988541E+00  0.978795958575333E+00  0.731835067869619E-01  0.282565389634034E-01  0.996918122184652E+00
 0.198346650478013E+00 -0.107389982726257E+00  0.974230977671213E+00 -0.639114625073147E-01  0.121037062775780E+00  0.990588387976958E+00
 0.341529424440473E+00 -0.121674880244974E+00  0.931961842437087E+00  0.456206585938539E+00 -0.876099392798303E+00 -0.155966037600327E+00
-0.187159505831175E+00 -0.138025761291573E+00  0.972584293825945E+00  0.751431033256352E+00  0.487188262588463E+00 -0.444970784496383E+00
-0.305868408518193E+00 -0.410179152663145E+00  0.859184252294636E+00  0.402658553317018E+00  0.417942501830213E+00 -0.814364878051938E+00
 0.477496960787501E+00 -0.855424464035396E-01  0.874459342852483E+00 -0.293364326828841E+00 -0.953219076058879E+00 -0.728749942141933E-01
 0.189863428664766E+00  0.147209487817281E+00  0.970711720930696E+00 -0.243575007641455E+00 -0.194295888673326E+00 -0.950221197036305E+00
 0.124183789776071E+00 -0.420593142636023E+00  0.898710072673277E+00  0.488536496008242E+00 -0.604837728459333E+00  0.628890621889167E+00
 0.343990773671886E-01 -0.128033986929231E-01  0.999326161199734E+00 -0.755055284894915E-01  0.324037657995612E+00 -0.943026251685626E+00
-0.297030959710242E+00 -0.303848467115292E+00  0.905234068075932E+00  0.603977606607893E+00 -0.690077061717498E+00  0.398753933657771E+00
-0.129551646630343E+00 -0.904848168050773E-01  0.987435501074940E+00  0.390862983078044E-01  0.115722120235005E+00  0.992512293209967E+00
-0.514692094677980E+00 -0.235962381904862E+00  0.824265613744609E+00 -0.711102694101035E+00  0.518803717701007E-02  0.703069017033534E+00
 0.786644245609933E-01  0.128890809966864E+00  0.988533796799368E+00  0.250592959855587E+00 -0.162350486362260E+00  0.954382254680353E+00
 0.319847761248857E+00  0.317568267668111E+00  0.892663321187988E+00 -0.519279274758542E+00 -0.662418951581014E+00 -0.539953856725325E+00
 0.424245824163362E-01 -0.405496603628138E+00  0.913111526185517E+00 -0.352983170737107E+00 -0.389419030354771E+00  0.850738326381225E+00
-0.246288569176146E+00  0.685088507186689E-01  0.966772195538522E+00  0.659699511060061E-01  0.187979291056558E+00 -0.979954974315119E+00
 0.430476272665246E+00 -0.182648596340763E+00  0.883928542885106E+00  0.835295825971905E+00 -0.292145644376711E+00  0.465759385934014E+00
-0.201200680665306E+00  0.239032955986510E+00  0.949937646402209E+00 -0.461454460436739E+00  0.858068799078281E+00  0.225339115537883E+00
 0.117407335770069E+00 -0.166352411699444E+00  0.979051782404359E+00 -0.586780255836872E-01  0.272632716920518E-01 -0.997904606327802E+00
-0.183796912662304E+00 -0.153564452842626E+00  0.970894769642391E+00  0.385876891644804E-01 -0.654516991191136E-01  0.997109354748699E+00
-0.342145908550500E-01  0.411912646795735E-01  0.998565291549190E+00 -0.238815825608900E+00 -0.173195691667394E+00 -0.955494769125709E+00
-0.162487225883951E+00 -0.238467952931364E-01  0.986422440832925E+00  0.435992017099659E+00  0.131231992744680E+00 -0.890330907643686E+00
 0.239286760213836E+00 -0.293238453798058E+00  0.925609558939670E+00  0.343410297839193E+00 -0.229170818954912E+00  0.910796411432067E+00
-0.235341083947343E-01  0.146564321742190E+00  0.988921152233239E+00  0.741343322877716E+00 -0.664274326762922E+00 -0.956540455406589E-01
 0.104922637621755E+00  0.221370369601063E+00  0.969528957575369E+00  0.480191714051023E+00 -0.868677384594061E+00  0.121719017624863E+00
 0.245058773591459E+00 -0.544916475707204E+00  0.801880434970632E+00 -0.103149849963871E+00 -0.928686416654223E+00  0.356232575678263E+00
 0.441689234334565E+00  0.541385196015349E-01  0.895533160172364E+00 -0.533046441636076E+00 -0.584526512913221E+00 -0.611710917640537E+00
 0.104201759313591E+00  0.745056758733799E-01  0.991761512470918E+00 -0.394806911789126E+00 -0.286014977055876E+00 -0.873111066991629E+00
 0.382045708169507E-01  0.160347887780711E+00  0.986320924270066E+00 -0.189945969720182E+00 -0.260954430321243E+00 -0.946479431304651E+00
 0.363720041100540E+00  0.182749395567041E+00  0.913405928446768E+00 -0.479514930705850E+00 -0.588704894024461E+00 -0.650762613386642E+00
 0.750609404834492E-01 -0.198423519771307E+00  0.977237924977999E+00 -0.219290637671363E+00  0.926283044097008E+00 -0.306449569175853E+00
-0.278807580635350E-01  0.888873962202276E-01  0.995651391865140E+00 -0.934613752817677E-02  0.513920703369293E-01  0.998634820552432E+00
-0.174537417609384E+00 -0.269781924119888E+00  0.946971173411534E+00  0.796065353486576E+00 -0.721426748808068E-01 -0.600895487950554E+00
 0.184055539815851E+00  0.594466554640875E-01  0.981116534065770E+00  0.254011696416412E+00  0.296448068273324E+00  0.920650096888428E+00
 0.943766024557995E-01  0.440916450783530E+00  0.892572540658380E+00 -0.497352499355415E-01  0.770468761788698E+00  0.635534650527915E+00
 0.469102027335757E+00  0.245296386172324E+00  0.848394348684785E+00 -0.974594597941649E+00 -0.223806161584411E+00  0.872763999077917E-02
-0.326043736093213E+00  0.831247139893995E-01  0.941693030705102E+00  0.104554551652553E+00 -0.175958518596243E+00  0.978829375050703E+00
-0.492331662019396E-01  0.192916843648271E-01  0.998600984507876E+00  0.246375053302012E-01 -0.975184114022208E+00 -0.220020310630237E+00
-0.233171603439191E+00 -0.220806515392694E+00  0.947035102892038E+00 -0.855867542671496E+00  0.119212277821562E+00  0.503268499131477E+00
 0.147786808463653E-01  0.213632517989239E+00  0.976802302336568E+00 -0.621724951937429E+00  0.765388543697030E+00  0.166248191917204E+00
 0.249571929326550E-01  0.101272699789830E+00  0.994545614237075E+00 -0.914730155664481E-02  0.495883783960956E-03  0.999958039606415E+00
 0.426308742388997E+00 -0.145366130260013E-01  0.904460912944525E+00  0.366046175852555E+00  0.701537115393523E+00  0.611437546172178E+00
 0.308432589720261E-02 -0.251011208487637E+00  0.967979266382982E+00  0.226311453220089E+00 -0.269076675545510E+00  0.936152161146246E+00
 0.558394475263376E-01  0.398701537192796E+00  0.915379178450141E+00 -0.529092307892505E+00 -0.610873926675338E+00 -0.588977398069939E+00
-0.212196874877079E-01 -0.522712696939111E+00  0.852244777820061E+00  0.469632115695125E+00  0.805237933844922E+00 -0.361991085256091E+00
 0.282903917864185E+00 -0.453079180696019E-01  0.958077536432878E+00 -0.229919588651057E+00 -0.556716958127470E+00 -0.798250093196252E+00
 0.339596319742019E+00  0.185245412053615E-01  0.940388845632915E+00 -0.696624486126062E+00  0.936532646910099E-01 -0.711296978302535E+00
 0.967524041547151E-01  0.260074425993924E+00  0.960729027996039E+00 -0.533073431760836E-01  0.355739208971314E+00  0.933063739711265E+00
 0.392889649819044E+00 -0.502143601682115E+00  0.770382714210789E+00 -0.545006731409114E+00  0.668019998234514E+00 -0.506672423442912E+00
-0.154680002030821E+00 -0.172588700762803E+00  0.972772962895635E+00 -0.659414022148435E+00 -0.660113220341027E+00  0.359755032939112E+00
 0.530901401813377E-01  0.136816694843076E+00  0.989172699293578E+00  0.560669893985007E+00 -0.498457082438852E+00 -0.661203302279555E+00
 0.763766517204674E-01  0.260571815129165E+00  0.962428665529172E+00 -0.696851993328036E-01 -0.926278704318892E-01 -0.993259306834424E+00
-0.453031709791301E-01 -0.290107541142315E+00  0.955921145948554E+00  0.129376836169888E-01  0.146550873859279E+00 -0.989118525614453E+00
-0.157423255716034E+00 -0.347838185829414E+00  0.924243753042814E+00  0.345804219780711E+00  0.297257495686863E+00 -0.889976079925651E+00
 0.235631157832317E+00  0.147568592970872E+00  0.960573509850859E+00  0.163625021674564E+00 -0.112379971432084E-01  0.986458595026779E+00
-0.249500876161650E-01 -0.221092877084807E+00  0.974933553033389E+00 -0.537096738348211E+00 -0.118218916619306E+00  0.835195415102999E+00
-0.379385361408921E+00 -0.603190143419602E-01  0.923270471778144E+00  0.599881789945950E+00  0.795400274401680E+00  0.864883898160680E-01
 0.371307500736530E+00  0.135626594026240E+00  0.918551123721284E+00  0.426802083101786E+00  0.161933696196387E+00  0.889728868755057E+00
-0.261312933925660E+00  0.399865465742719E-01  0.964425542308076E+00  0.547757072000258E-01 -0.618709734237202E-01  0.996579953916563E+00
 0.797116596454306E-01  0.295075996480837E-01  0.996381128323685E+00  0.806187099997647E-01 -0.972577664093682E+00  0.218158912043608E+00
 0.155533872608315E+00 -0.149827042919258E+00  0.976402105529034E+00 -0.929051478288717E+00 -0.341936898277108E+00 -0.141217946048579E+00
-0.157376394911785E+00 -0.277308559474787E+00  0.947804111178353E+00  0.186028793796611E+00  0.507863735123349E+00 -0.841111000061905E+00
 0.287754356812232E+00 -0.368765848123822E+00  0.883860384559178E+00 -0.965040721667174E-01  0.947636811561553E+00 -0.304419837442789E+00
 0.220839041672579E+00 -0.410557251841864E+00  0.884688001858957E+00  0.865158235045974E+00 -0.499929170770808E+00  0.396491178281170E-01
-0.289462568237462E-01  0.130842080736939E+00  0.990980556885110E+00  0.363182555539636E+00  0.924711608100206E+00 -0.114047679487268E+00
-0.617607464533598E+00  0.272292406754400E+00  0.737846776083136E+00 -0.857251698225253E+00  0.490030048289626E+00  0.158082502710412E+00
-0.226723562586760E+00 -0.255339619919322E+00  0.939892602730452E+00 -0.161409586409461E+00 -0.181414882933726E+00  0.970069887000555E+00
 0.158352974300824E+00 -0.913552259305224E-01  0.983147271890263E+00  0.401083902971784E+00 -0.225615912315893E+00  0.887822709152446E+00
 0.560623427963099E+00 -0.488461470061734E-01  0.826628953002225E+00 -0.498569118791135E+00  0.220821415729750E+00 -0.838252191254482E+00
-0.251067671534124E+00  0.273324221927299E+00  0.928578964880354E+00 -0.230912041440046E+00  0.439171910059087E+00  0.868220975635261E+00
 0.967206341880617E-01  0.544616177113900E+00  0.833089634161955E+00  0.362592773931091E+00  0.928522495480875E+00  0.798276623666535E-01
-0.161470972465905E+00 -0.193258070932408E+00  0.967769829592966E+00 -0.405647891626640E+00 -0.742684765535097E+00  0.532793700282708E+00
 0.306007064829456E-01  0.162231770677003E+00  0.986278079116508E+00 -0.867682368646134E-01  0.719290389615136E-01 -0.993628444855258E+00
-0.223445915296525E+00  0.195435361343076E+00  0.954922479824410E+00 -0.294927702293041E+00  0.379437598067672E+00  0.876951971086663E+00
 0.118562209284365E-01 -0.149938390054568E+00  0.988624250771313E+00 -0.271389503181129E+00 -0.542110870053703E+00  0.795275764834260E+00
 0.282892245983682E+00 -0.294547442415105E+00  0.912805445497028E+00 -0.672354446412940E+00  0.153053049437123E+00 -0.724233568986378E+00
-0.149940559375547E-01  0.176540106447946E+00  0.984179236268420E+00  0.427317717788370E+00 -0.719904265501796E+00 -0.546934563340495E+00
-0.194790285721870E+00 -0.277080293247507E-01  0.980453471460697E+00  0.229194399254112E+00  0.349900114247639E+00 -0.908317035731487E+00
 0.244233836596488E+00  0.161142627487085E+00  0.956233698772386E+00 -0.172577091482514E+00 -0.959539243920943E+00  0.222489520811791E+00
 0.252922730373982E+00  0.208896914911433E+00  0.944665110714191E+00 -0.948293077741978E+00 -0.109753906539858E+00 -0.297815914124627E+00
 0.729400242736506E-01  0.200804566197456E+00  0.976912114293405E+00  0.681525748981070E-01 -0.111421010061270E+00 -0.991433600929323E+00
 0.100626161902671E+00  0.463004517881428E+00  0.880625454981926E+00 -0.135849976766785E-01 -0.993601210895927E+00 -0.112125293954003E+00
 0.547447120528926E+00 -0.548275544094977E-01  0.835042268093095E+00  0.911745063069279E+00  0.245651236005445E+00  0.329205726283418E+00
-0.112541668157927E+00  0.377198554298955E+00  0.919269070274318E+00  0.183575975454484E+00 -0.444977279499647E+00 -0.876524433182001E+00
 0.608739486676236E-01 -0.240104067392181E+00  0.968836621518480E+00 -0.133620826944875E+00  0.373747178796457E-01 -0.990327524140365E+00
 0.147337056795708E+00  0.133032649055634E+00  0.980099028659869E+00  0.649277991495727E+00 -0.760199815026236E+00 -0.231156006487418E-01
 0.195949105176828E-01  0.633351958980923E-01  0.997799926058503E+00  0.719420822828316E-01  0.155463194539191E+00 -0.985218519893166E+00
-0.384419136543600E+00  0.166566578011540E+00  0.908007435293676E+00 -0.845320696549195E+00  0.421395500523194E+00  0.328418562393163E+00
 0.405011511859045E+00  0.328280282188642E-01  0.913722056111656E+00 -0.906386061121544E+00 -0.897897560348907E-01 -0.412797902024427E+00
-0.259991205558081E+00 -0.183825778074620E+00  0.947951821743973E+00  0.662450475285484E+00  0.309359718577456E+00 -0.682243308736489E+00
-0.397176076125508E+00  0.919828692076664E-01  0.913121194763253E+00  0.527784694712830E+00 -0.162431807524786E+00 -0.833702119423428E+00
 0.839987815956513E-01 -0.125777869980073E+00  0.988495893827446E+00  0.202764520837860E+00 -0.621889745553091E+00  0.756399162787285E+00
-0.151053266735293E+00  0.176270462199553E+00  0.972682699941020E+00  0.929043659281436E+00 -0.369011478443786E+00 -0.266159336806147E-01
 0.342923304807770E+00  0.171786373760037E+00  0.923522088967066E+00  0.611603520709883E+00  0.128271876481845E+00  0.780696777986884E+00
-0.557061654255238E-02 -0.282317542470675E+00  0.959304838643408E+00  0.468736307135165E+00 -0.604979597312555E+00  0.643650496161408E+00
-0.104808241742199E+00  0.684737591118424E-01  0.992132338337987E+00 -0.389592188433037E+00 -0.104719793006594E+00  0.915014585492829E+00
 0.179905458555356E+00 -0.458163221909805E-01  0.982616349651724E+00  0.365133366615204E+00 -0.244535473275880E+00  0.898265009278436E+00
-0.234305646190267E+00 -0.630945670341300E-01  0.970113364393119E+00  0.111324964854070E+00 -0.222631071001723E+00 -0.968525765493549E+00
 0.411180222715028E-01 -0.412371975506488E-01  0.998302960920506E+00 -0.645070329670469E+00 -0.355341173789293E+00  0.676473887144862E+00
-0.766000330405003E-01 -0.538403744190532E+00  0.839198333637413E+00  0.258826631496214E+00  0.913214630398028E+00 -0.314718626165208E+00
-0.236946545816461E+00 -0.104808933937802E+00  0.965852691559365E+00  0.543474231437268E+00 -0.120892641408144E+00 -0.830674863600093E+00
-0.211657838676204E+00  0.336261755313479E-01  0.976765191663817E+00  0.100323089513685E+00 -0.647916552628844E-01  0.992843048582567E+00
-0.423887552319096E+00 -0.255260574654516E+00  0.869000219802027E+00  0.915658715563587E+00  0.223320720053775E+00 -0.334210970207599E+00
 0.148401768538600E+00  0.807731235365121E-01  0.985622959152622E+00 -0.845528311177610E-01  0.532048573778568E+00 -0.842481533263586E+00
-0.242718647516153E+00  0.898373768953681E-01  0.965928001385449E+00  0.904440761070808E+00 -0.465617286776476E-01 -0.424050604452119E+00
-0.279404727250043E+00  0.240396555341233E+00  0.929592649804418E+00  0.697645336698187E+00 -0.499317793930372E+00 -0.513782760364515E+00
-0.331167937502445E-01 -0.129048687161707E+00  0.991085119610593E+00  0.304917707361999E-02  0.971148568246502E+00  0.238455783976701E+00
-0.393598898540072E+00 -0.430113216365520E+00  0.812454631456889E+00 -0.539543201814134E+00 -0.469998667264872E+00  0.698565949746620E+00
-0.450757535787633E-01  0.392474307401286E-01  0.998212309891841E+00  0.482280814190294E-01 -0.602532136667113E-02 -0.998818175477933E+00
 0.511818468568740E+00 -0.328670209825393E-01  0.858464684284498E+00 -0.897839213505260E+00  0.385036804476757E+00 -0.213615088162293E+00
-0.158374464859939E+00  0.512618488820788E+00  0.843883767944034E+00  0.299508771776345E+00 -0.714761183439390E+00 -0.631989672603396E+00
 0.240998850937783E-01 -0.157556914401891E+00  0.987215789107236E+00 -0.479847632904989E+00 -0.768238184943836E+00  0.423740888267440E+00
 0.133439727749666E+00  0.658766833075796E-01  0.988865057353372E+00  0.117168900819796E+00 -0.549779470422817E-01  0.991589065096876E+00
-0.127388214796102E+00  0.115125547590370E+00  0.985148897894668E+00  0.160287807228496E+00 -0.341836678441591E+00 -0.925988933047205E+00
-0.268384730959938E-02  0.267817280036367E+00  0.963465983560157E+00  0.588072405821189E-01  0.488372501204519E-01  0.997074035092575E+00
 0.307536521020132E-01  0.495554308432655E-01  0.998297787314149E+00 -0.250037155977882E-01  0.212344771958637E+00 -0.976874870199935E+00
 0.308631560144673E-01  0.160644738326919E+00  0.986529641545910E+00  0.617988360802478E-01 -0.127828227984381E+00 -0.989869106493126E+00
-0.163531905342171E+00  0.679035997235112E-01  0.984198362668699E+00  0.108018743049865E+00 -0.994011680831726E+00 -0.165145245167324E-01
-0.476221022189885E+00  0.121042799109769E+00  0.870954751297731E+00 -0.736072588728880E+00  0.671573565031233E+00  0.847708138052512E-01
-0.586010545992094E-01 -0.273146813123138E+00  0.960185781440516E+00  0.284221062744864E-01 -0.430182849921889E-01  0.998669920960501E+00
 0.200850262298441E+00  0.156502601575908E+00  0.967039868792709E+00  0.409251368058150E+00  0.389935247628621E+00  0.824902309609652E+00
-0.131132470808513E+00 -0.544322710885298E-02  0.991349911170771E+00  0.412193866343216E+00  0.901002870871393E+00  0.135240686298685E+00
-0.767629254783564E-03  0.543794010522141E-01  0.998520050618178E+00 -0.107128368936715E+00  0.189931182437001E+00 -0.975935273728254E+00
 0.156734539848350E+00 -0.153300681288823E+00  0.975670633531064E+00  0.585285459392233E+00 -0.709588150356341E+00  0.392333516154163E+00
-0.185740390017605E+00  0.378470595657366E+00  0.906785815801541E+00  0.107443794185716E+00  0.891651096165351E+00  0.439788760427214E+00
-0.250367655069325E+00  0.300384090969236E+00  0.920372443735509E+00 -0.107644629542784E+00  0.673644163775818E+00  0.731174517021330E+00
 0.518217042227636E-01 -0.856798566766439E-02  0.998619597541049E+00  0.402151414443218E-02 -0.188955618214521E-01  0.999813375169305E+00
-0.980530882047813E-01  0.492275402326280E+00  0.864899138719657E+00 -0.157422271788270E+00  0.953916165328735E+00  0.255464631347555E+00
-0.126928333018718E+00  0.893007445898039E-01  0.987883887556020E+00 -0.549527228717538E+00 -0.766844573256264E+00 -0.331616081282920E+00
 0.743346896630895E-01 -0.645403060353390E+00  0.760216576772153E+00 -0.584126580004058E+00  0.803494219610390E+00 -0.114861558345045E+00
 0.294063016343887E+00 -0.152022296975443E+00  0.943618653716132E+00 -0.947621406919523E+00  0.173159216931543E+00 -0.268383223655130E+00
 0.374641306243977E+00  0.405828329037963E-01  0.926281234468943E+00 -0.325928901925288E+00 -0.111824840312752E+00 -0.938757453221440E+00
 0.101754758239464E+00  0.888677089632340E-02  0.994769819847116E+00 -0.459607874479985E-01 -0.995135561862573E+00  0.871367863397563E-01
 0.201396981639525E+00 -0.899943854608218E-01  0.975366734296397E+00 -0.581332091340038E-01  0.242060982791279E+00 -0.968517945422748E+00
-0.133377340948098E+00  0.299192046913859E+00  0.944825171121679E+00 -0.852097948851893E-01  0.883518208609278E+00  0.460581009065154E+00
 0.161371465104495E+00  0.517635470198217E-01  0.985535278643010E+00 -0.142303642166277E-01  0.103429856844207E-01 -0.999845247716562E+00
-0.237983490003346E+00  0.409145938565631E+00  0.880887881311280E+00  0.682317783554100E+00 -0.589419533236267E+00 -0.432466248492713E+00
 0.107471394110229E+00  0.192741515288201E-01  0.994021331024062E+00 -0.612102823119098E-01 -0.298733241811085E+00 -0.952371645722580E+00
-0.871151600034484E-01 -0.307395224117690E-02  0.996193505156098E+00 -0.680764487996687E+00 -0.187545755953114E+00  0.708086365711545E+00
-0.183746829803059E+00  0.506836701477875E+00  0.842231358103195E+00  0.119998444789962E+00  0.752691927261767E+00  0.647344758133529E+00
 0.692527179791420E-01 -0.225642288328324E+00  0.971745655390576E+00 -0.623319495653193E+00 -0.777025742646937E+00  0.877713028422449E-01
-0.337760744919281E+00 -0.916977816600010E-01  0.936754608224698E+00  0.235609514858969E+00  0.111419420766542E+00 -0.965439728405647E+00
 0.193379319281324E+00 -0.128271858939666E+00  0.972702816423626E+00  0.534402635301694E+00 -0.334813453232188E+00  0.776088767421190E+00
 0.382033368755823E-01 -0.937909393987156E-01  0.994858665709998E+00 -0.391223263450687E-02 -0.330425471629658E+00 -0.943823978363620E+00
-0.270190743898361E+00  0.305596186269201E+00  0.913021321136243E+00 -0.101111564478875E+00  0.988530157909492E+00  0.112181007448095E+00
 0.801971150713495E-01 -0.273039760595353E+00  0.958654114823624E+00 -0.617453891697357E+00  0.617678207896406E+00 -0.487056796603511E+00
 0.449866620070954E+00  0.733771718777397E-01  0.890076297175226E+00 -0.892277075766640E+00 -0.392056488856435E+00 -0.223904733328479E+00
 0.534240832980447E-01  0.196349936028732E+00  0.979077407534908E+00  0.245176289806264E+00  0.429272185412220E+00  0.869260592543025E+00
-0.355644084357249E+00 -0.537971998577233E-01  0.933071887128297E+00 -0.631921655215621E+00 -0.507892917427325E+00  0.585422758437618E+00
-0.648167425245818E-01 -0.483626122825361E-01  0.996724559555804E+00 -0.948974722242118E+00 -0.145262557190301E-01 -0.315017403392704E+00
-0.713916970538624E-01  0.387643157685537E-01  0.996694814582059E+00 -0.320889093640868E+00  0.398290747733867E+00  0.859298940911682E+00
-0.194140003249361E+00 -0.171501134078031E+00  0.965865943155823E+00 -0.698751033268556E+00 -0.398128359455950E+00  0.594340645508145E+00
-0.195374399704264E+00 -0.507991773756878E+00  0.838911915361523E+00 -0.388247104751517E+00 -0.904602374106875E+00  0.175950931831204E+00
-0.101120809569024E+00 -0.480587396255206E-01  0.993712704667557E+00 -0.653542246579022E+00  0.544315079902491E+00 -0.525931198663086E+00
 0.111670079358903E+00 -0.171212912739146E+00  0.978885045287420E+00 -0.470772626527367E+00  0.871553363880946E+00 -0.136995868625049E+00
 0.167732091272151E-01 -0.506117058139580E+00  0.862301677439927E+00  0.743292128743307E-01  0.303804136497641E-01 -0.996770885700396E+00
-0.232228887481333E+00  0.154974132510160E+00  0.960235784623707E+00 -0.653536416314441E+00  0.217601420701700E-01  0.756582215471632E+00
-0.106290203279571E+00  0.374288629050038E-03  0.994335080641737E+00 -0.372553513047569E+00 -0.923592406720993E+00 -0.904485829808240E-01
 0.128380904132065E+00 -0.290687005827789E-01  0.991298821799291E+00 -0.703189788220841E+00  0.701833897742061E+00 -0.113812572776981E+00
-0.108881975843822E-01 -0.371307198247232E+00  0.928446235214056E+00 -0.230508266887832E+00  0.654299135055278E+00 -0.720248971371902E+00
 0.332425056921215E-01  0.394088465915828E-01  0.998670054935878E+00  0.931739192755017E+00  0.250710798601365E+00  0.262690258953191E+00
-0.300610864380066E+00 -0.393935691786774E+00  0.868589534218059E+00 -0.284641744364394E+00  0.925924291834792E+00 -0.248280654009599E+00
 0.150443290353285E+00  0.702549361757955E-01  0.986119191746420E+00 -0.596326317666286E-01 -0.340561547442139E-01  0.997639277270409E+00
-0.229484209667524E+00 -0.289438106052039E+00  0.929280678954578E+00 -0.365924071678110E+00 -0.863251486160136E+00  0.347701661498518E+00
 0.228358302238496E+00 -0.114170717421491E+00  0.966859624290007E+00 -0.354753703412334E+00 -0.183013530506368E+00 -0.916872868813789E+00
 0.460004431859033E-01  0.329084749387364E+00  0.943179297348789E+00  0.424404885112632E-01 -0.616550282082362E-01 -0.997194796632818E+00
 0.189143486550422E+00  0.225610251305756E+00  0.955680258246085E+00 -0.493867351946243E+00 -0.138905743136423E+00  0.858370685196858E+00
-0.179832871070324E+00 -0.101642184491020E+00  0.978431911179566E+00 -0.249084895290574E-01 -0.147042444320997E+00  0.988816508113354E+00
-0.787466900138900E-02 -0.190758426897714E+00  0.981605425899647E+00  0.362125565226245E-01 -0.699732759148346E+00 -0.713486311378669E+00
-0.196632508956082E+00  0.210628373050529E+00  0.957586207548816E+00 -0.880316478045380E+00  0.463458408223158E+00  0.101238344163831E+00
 0.323990538274500E+00  0.269926051320080E+00  0.906735936161874E+00  0.536768485691634E+00  0.643165870776092E+00  0.546092716887106E+00
-0.999708226719055E-02 -0.411482222011085E+00  0.911362956957854E+00  0.195819525803778E+00  0.907938167183371E-01 -0.976427773140287E+00
-0.160206017964202E+00 -0.192286012558847E+00  0.968173600746412E+00  0.197087148164469E+00 -0.159648264764884E+00  0.967299895371626E+00
-0.119508288370344E+00  0.291181547810538E+00  0.949173890931188E+00  0.467151639923656E+00  0.838262056210663E+00  0.281222457200896E+00
-0.161700316163187E+00  0.203464353794593E+00  0.965637232343324E+00  0.383368890995482E+00 -0.295193261877294E+00 -0.875150976437287E+00
 0.387964014691030E-01 -0.281592973694098E+00  0.958749308421739E+00 -0.821529087234152E+00 -0.563121063472009E+00 -0.893567384273519E-01
 0.105899564068929E+00 -0.107189997536730E+00  0.988582615039374E+00 -0.397898199241483E-01  0.642119265145319E-02  0.999187439130085E+00
-0.232173261930446E+00  0.175843807824865E+00  0.956647548313499E+00 -0.703452804537310E+00  0.305600379369011E+00  0.641687275795702E+00
-0.312275934536548E+00  0.443399005138366E+00  0.840167282719122E+00  0.542402273369881E+00 -0.470112110997317E+00 -0.696271769452727E+00
-0.700390687576557E+00  0.430595097500113E+00  0.569245770089604E+00  0.913390203952428E+00 -0.397054850680270E+00 -0.898096925449093E-01
 0.903173962699218E-01  0.802836293256581E-01  0.992671802154832E+00 -0.304038236195173E+00 -0.937406000964254E-01 -0.948036629474247E+00
-0.521117450072993E+00 -0.206407512331779E+00  0.828150072198529E+00  0.686194754863198E+00  0.716772224634995E+00 -0.123993291713848E+00
 0.877738265877868E-01  0.182517501366166E+00  0.979276833720266E+00  0.169716902144405E+00 -0.884870097365726E+00 -0.433821488534717E+00
 0.260515036800812E+00 -0.509921191970417E-01  0.964122253337442E+00 -0.877548737362622E+00  0.120711027237250E+00 -0.464044245149745E+00
 0.946779516716148E-01 -0.340115110408391E+00  0.935605577761888E+00 -0.786462372850959E-02  0.696378450016649E+00 -0.717631661819640E+00
 0.540448846116622E-01 -0.197799391994829E-01  0.998342578703611E+00  0.687753578968807E+00 -0.326511296189199E+00  0.648371335020639E+00
-0.299713249299449E+00  0.128508550249365E+00  0.945334607801477E+00 -0.490224091426545E+00  0.413130263643282E+00  0.767465781287381E+00
-0.462779196321885E-01  0.327794211059172E-01  0.998390636828330E+00 -0.876668581215612E+00  0.288812361298011E+00 -0.384759169703430E+00
-0.312968171311856E+00 -0.244074657014967E+00  0.917866267791087E+00 -0.761361274453234E+00 -0.448048783252054E+00  0.468595025143568E+00
-0.598512579488099E-01 -0.203348314746387E-01  0.998000161097604E+00  0.268054296478757E+00 -0.182124329397530E+00 -0.946032569619449E+00
 0.789918919619817E-01 -0.221414712938342E+00  0.971975208479465E+00 -0.474515196533002E+00  0.545020044200486E+00 -0.691222453106774E+00
-0.524695435853626E-02 -0.286631027693107E+00  0.958026682005023E+00 -0.164946902161682E-01  0.445446667798836E+00 -0.895156517789814E+00
 0.152205742512420E+00 -0.654639030196774E-01  0.986178426730008E+00 -0.457128782248765E-01 -0.208728000690566E+00  0.976904782715346E+00
 0.648614471657078E-01  0.123076954471570E+00  0.990275242520772E+00 -0.255072958565185E+00 -0.216480499004120E+00  0.942376771445334E+00
-0.186037402835178E+00  0.450624412620189E+00  0.873113809017502E+00 -0.449575431462044E+00  0.804968797937788E+00  0.387178467599000E+00
-0.278381355997981E+00  0.120787627520375E+00  0.952845302066776E+00 -0.387466957638326E+00  0.895582880882430E+00  0.218633620947986E+00
-0.159283189481056E-02 -0.195433505596858E+00  0.980715661023458E+00  0.650766377041872E-01  0.985312368627593E+00 -0.157875164147503E+00
-0.342946382119838E+00  0.336944022459610E+00  0.876844629748995E+00 -0.637231078289037E+00  0.333119282411624E+00  0.694959061059107E+00
-0.340274348150534E+00 -0.176282901747892E+00  0.923654538527296E+00  0.580400590600153E+00 -0.100858691665301E+00 -0.808061061273564E+00
-0.500636876890799E-02  0.428157053646418E+00  0.903690474490335E+00 -0.428403607902855E+00  0.687050765862016E+00  0.586882947327859E+00
-0.132631557721125E+00 -0.432930482735321E+00  0.891616547073365E+00  0.355621512044286E+00  0.304109857953952E+00 -0.883770634535094E+00
 0.755710800343369E-01  0.254214965984409E+00  0.964190729540577E+00 -0.751003074265199E+00  0.640041046525272E+00  0.162301698102808E+00
 0.464713072128103E+00  0.349675542974524E+00  0.813491717990253E+00 -0.846795379637819E+00 -0.480268468128079E+00 -0.228647728057704E+00
 0.260174250812567E+00 -0.600753441999758E-01  0.963690983787528E+00  0.147607642955048E+00  0.155751533110113E+00 -0.976705402706007E+00
 0.764768402034480E-01  0.492565412499630E-01  0.995853948155344E+00  0.505105744895794E+00 -0.334181218375879E-01  0.862410236260049E+00
 0.841570788957163E-01  0.188154420391328E+00  0.978527209718229E+00  0.265790973173962E+00  0.111762886127115E+00  0.957530268902125E+00
-0.384610812700834E+00  0.106072676121719E+00  0.916964072433583E+00  0.865700401105992E+00  0.642945407749447E-01 -0.496416183813001E+00
-0.258813331654498E+00 -0.264429650461376E+00  0.929027781777689E+00 -0.311689920347013E-01  0.253911339704408E+00 -0.966725155101001E+00
 0.215854504173750E+00 -0.113343811243153E+00  0.969824733382677E+00  0.204266629521005E-01  0.826427674104041E+00 -0.562672241109890E+00
-0.268969712124440E-01  0.143828132846255E+00  0.989237090459894E+00  0.380855963745469E-01  0.392514731946652E+00  0.918956839331229E+00
-0.107625689060082E+00  0.470220592848651E+00  0.875961931316314E+00 -0.756544847586876E-01 -0.965899909793175E+00 -0.247616161018285E+00
 0.260607563352626E+00  0.628775055891330E+00  0.732615606585242E+00  0.673817011407096E+00  0.716046912768989E+00  0.182338843509573E+00
 0.280375570197475E+00 -0.190703761466024E+00  0.940755874283627E+00  0.753933095303789E-01 -0.544097896184276E-01 -0.995668330154040E+00
-0.280174772820970E+00  0.591922167092285E-01  0.958122318994691E+00  0.742872676254065E+00  0.742548851740634E-01 -0.665301735232151E+00
 0.397834781365901E+00  0.495614712252461E+00  0.772070944754727E+00 -0.504791127338400E+00 -0.856916414022056E+00 -0.104308087605936E+00
 0.312476020342377E+00  0.848832819156511E-01  0.946125554650237E+00  0.995211835481509E+00  0.265932565540286E-01  0.940542461740909E-01
 0.511785573062879E-01 -0.662790230171749E-02  0.998667525347213E+00 -0.260285308620462E+00  0.156225275305251E+00 -0.952809121215865E+00
 0.840640259937744E-01 -0.126316354392191E+00  0.988421680330204E+00  0.100678647239261E+00 -0.233347711336050E+00  0.967167335885730E+00
 0.102944266399094E+00 -0.991439292899498E-01  0.989733782034594E+00  0.748258326504334E-01  0.591875279593663E+00  0.802548907029405E+00
-0.236276182177797E+00 -0.239523371235147E-01  0.971390679017359E+00 -0.847268739899336E+00  0.274693573900105E+00  0.454619756332014E+00
-0.359853442687428E+00  0.767030926804723E-01  0.929850598407753E+00 -0.707076223143238E+00 -0.163929028144814E+00  0.687873889893337E+00
-0.369155792879506E-01 -0.804956408481052E-02  0.999285967340620E+00  0.725808581945959E+00  0.560787808606322E+00 -0.398395451896874E+00
-0.170488025021783E+00 -0.282688109434967E+00  0.943939227974055E+00 -0.185294314184179E-01 -0.833692064564397E+00  0.551918654924495E+00
 0.103851209157876E+00  0.484737926393970E+00  0.868472261544214E+00 -0.646879480882770E+00 -0.407125647390350E+00 -0.644822180488409E+00
 0.696751469040115E-01  0.330986374017040E+00  0.941059718678340E+00  0.364215695886296E+00  0.209013272580889E+00  0.907557369401565E+00
-0.457844873687265E+00  0.548781300433707E-01  0.887336724406938E+00 -0.752458556525701E+00  0.171544799791866E+00  0.635907620944762E+00
-0.996091760356740E-01  0.364566840003216E+00  0.925834235281653E+00  0.947280994111443E-01 -0.990918892795424E+00 -0.954271192221736E-01
 0.203931363168180E+00  0.323390647426993E+00  0.924029484525855E+00 -0.387223834529069E+00 -0.430232271457588E+00 -0.815449504610217E+00
 0.173769685973867E-01 -0.296641448601072E-02  0.999844608600488E+00  0.401049015421448E+00 -0.682234899922352E-01 -0.913512584829988E+00
-0.385840119902623E-01  0.120171276018291E+00  0.992003093966380E+00  0.321304567921825E+00  0.913110574851838E+00  0.250982972980868E+00
 0.867662561785087E-01  0.124118952642852E+00  0.988466540851842E+00  0.793188089010583E-01  0.167697492082598E-01  0.996708233168568E+00
-0.368642080181288E+00  0.163669013460384E+00  0.915049436234195E+00 -0.135361067830858E+00 -0.943392744084646E+00 -0.302799457932361E+00
-0.121638685799210E+00 -0.303547885446052E+00  0.945019952888970E+00 -0.157332722101204E+00 -0.894032016241946E+00  0.419467720439353E+00
-0.209753071295129E+00 -0.242775013752672E+00  0.947134595387398E+00 -0.719742184722303E+00 -0.649583039530427E+00  0.244975636106078E+00
-0.122627530399837E+00  0.132508089173588E+00  0.983567026232377E+00  0.993683192785355E-01  0.321128702851455E+00  0.941807991752406E+00
-0.410352415029926E+00  0.179376972773134E+00  0.894111177157435E+00 -0.542663280941109E+00  0.169802722806428E+00  0.822607803783647E+00
 0.135635774650235E+00  0.175489710321673E+00  0.975092969006672E+00 -0.544520930794272E+00 -0.830360174898679E+00  0.118317098803065E+00
-0.144980156389928E+00  0.316769002447761E-01  0.988927362471094E+00  0.210025628269798E+00  0.400410465154051E-01 -0.976875606238495E+00
-0.109034783744337E+00  0.108287770130588E+00  0.988122044473237E+00 -0.255874427459475E+00  0.960933282010597E+00 -0.105524901784499E+00
 0.873760354424897E-01  0.283718407272373E+00  0.954918474952276E+00  0.294753388917764E+00 -0.889282349208400E+00 -0.349710370317899E+00
-0.186428434864324E+00  0.106659703350401E+00  0.976661735891830E+00  0.178321713720707E+00 -0.393673585965392E+00 -0.901788486358558E+00
-0.879092302765196E-01  0.515845343298224E+00  0.852159344858535E+00  0.115027868011565E+00 -0.813845761324621E+00 -0.569582010209822E+00
 0.782928561647504E-01  0.324489119186148E+00  0.942643644334042E+00 -0.369732961187959E+00 -0.883739558735763E+00 -0.286883129055547E+00
-0.582437607882160E-01  0.331612008240585E+00  0.941616238347604E+00 -0.508176227371858E-01  0.259366104003496E+00  0.964441181883783E+00
-0.149708213047066E+00 -0.256122522189286E+00  0.954980996969915E+00 -0.518411796743804E+00 -0.183243833944029E+00  0.835266967093967E+00
 0.124280616509904E+00 -0.296629097409346E+00  0.946871431045438E+00  0.519853914598150E+00 -0.664667620460300E+00  0.536627302500182E+00
-0.191433080143163E+00 -0.349296005795524E+00  0.917248971742239E+00  0.489128251041309E+00  0.499191524617898E+00 -0.715235189139159E+00
 0.340622046061832E+00  0.806628574278399E-02  0.940165707080921E+00 -0.857290009335621E+00  0.295596419271562E+00 -0.421517018407515E+00
-0.406566942436346E-01  0.350606360051504E-01  0.998557852613505E+00  0.861672970945164E-01 -0.696955676066229E-01 -0.993839888899322E+00
 0.311235429821177E+00 -0.852354005343396E-01  0.946502738358309E+00  0.854167802154277E+00 -0.141542269228026E+00  0.500363020001192E+00
 0.434686736869142E+00  0.142346343574707E+00  0.889260906180502E+00  0.604726953520037E+00 -0.795185487141657E-01  0.792453223917203E+00
-0.291377563710388E+00 -0.266319418205923E+00  0.918788921816462E+00 -0.639194410517846E+00 -0.696197480080061E+00  0.326710229856544E+00
-0.169195827852630E+00  0.286336861271487E-01  0.985166424446162E+00 -0.973918356983383E-01 -0.216348116397539E-01 -0.995010937258792E+00
 0.611778432193331E-01 -0.271848309184503E+00  0.960393548652092E+00  0.184324440889514E+00 -0.982863138027516E+00  0.213363480294655E-02
-0.236367425314104E+00  0.226729878883383E+00  0.944840728520902E+00  0.640059934104513E+00 -0.419920833531258E+00 -0.643420371390695E+00
-0.361440380148383E+00 -0.106483764893266E-01  0.932334416224315E+00  0.500354973680317E+00  0.340292277845910E+00 -0.796144500672969E+00
-0.105614147929878E-01 -0.438829454115588E+00  0.898508300862149E+00  0.439047522992395E+00  0.829349708416538E+00 -0.345566684886789E+00
-0.919827145719954E-01 -0.258868345157642E+00  0.961522937893481E+00  0.308976230428454E+00  0.822263525739721E+00 -0.477929265967576E+00
-0.594304146900043E+00  0.122998910371363E+00  0.794779119645748E+00  0.890943968725734E+00 -0.359983275132790E+00 -0.276822842655566E+00
 0.464621819904187E+00 -0.373883030580592E+00  0.802706698559812E+00 -0.792339574704620E+00  0.587370873289003E+00 -0.164904383109169E+00
-0.106980190084817E+00 -0.141509350391428E+00  0.984139391895890E+00 -0.119037923201378E+00 -0.765621683127686E-01  0.989933435753713E+00
 0.824617602260933E-01 -0.776152747423898E-01  0.993567273629258E+00  0.885969811067142E-02  0.889305185196265E-02 -0.999921206584872E+00
 0.180737695714961E+00  0.231765753270113E+00  0.955833940053806E+00  0.946227511755831E+00 -0.528545454120744E-01  0.319154967101644E+00
 0.894180277391738E-01  0.990694807399784E-01  0.991054819019184E+00  0.266416406969525E+00  0.809912085412778E-01  0.960449229390326E+00
-0.469657295697697E+00 -0.544273528957616E-04  0.882848810179630E+00 -0.811426934044807E+00  0.482870440532825E+00  0.329275672296451E+00
-0.115100870824116E-01 -0.141822035099618E+00  0.989825251372968E+00 -0.936048972133111E+00  0.335480077751672E+00 -0.106138773312484E+00
 0.175651296434332E+00 -0.182392639819011E-01  0.984283471013476E+00 -0.344402919373037E+00  0.120326310027358E-01 -0.938744824176667E+00
 0.153803571649794E-01  0.301779839032032E+00  0.953253572438771E+00  0.384941589377592E+00 -0.873921319063995E+00 -0.296785277351995E+00
-0.234610438398848E+00 -0.103152835661324E+00  0.966600969733286E+00 -0.754435391406123E+00 -0.379298868083229E+00  0.535686110389910E+00
 0.176262765327955E+00 -0.684028338172089E-01  0.981963588879301E+00  0.438321870028144E+00  0.383907684213788E+00 -0.812704637772319E+00
-0.716502289065668E-01 -0.164317125318034E+00  0.983801873867322E+00  0.109153283013413E-01  0.886223919710834E-01  0.996005485551861E+00
-0.488706660279798E+00 -0.100791908164859E+00  0.866606480155008E+00  0.692329823059766E+00  0.335527067701587E+00 -0.638827835133698E+00
-0.564220765214638E-01  0.347755118592533E-01  0.997801189143375E+00  0.496961888244382E-01  0.153942873292856E-01  0.998645735350604E+00
 0.345812598197670E+00  0.648147665963933E-02  0.938281214449105E+00  0.654385434463894E+00  0.241194313583427E+00  0.716662407453133E+00
-0.203891226059233E+00 -0.336400193314976E-01  0.978415411282671E+00 -0.130475721448066E+00 -0.906360305327356E-01  0.987299952436885E+00
-0.114001488314199E+00 -0.374970720517980E-01  0.992772698179039E+00  0.563030392926667E+00 -0.236114944129207E+00 -0.791988958129912E+00
-0.292581593604671E+00 -0.212728914307999E+00  0.932278080886326E+00  0.487404242583816E+00  0.444545425262516E+00 -0.751542726123715E+00
-0.267240916064945E+00  0.377674293975091E+00  0.886535064422827E+00 -0.437561250814569E+00  0.742500049487960E+00  0.507182243671806E+00
 0.111719862739000E+00 -0.856467427660957E-01  0.990042073713606E+00 -0.106791160687558E+00  0.337401845237812E-01 -0.993708834592561E+00
 0.152918666975642E+00 -0.636320094491090E-01  0.986188039201379E+00  0.249745621862629E+00 -0.265741267917036E+00  0.931133021048172E+00
-0.301352319631034E+00 -0.344685458907917E+00  0.889032459402037E+00 -0.579151126447587E+00 -0.541175159269435E+00  0.609683048578680E+00
 0.133291393151974E+00 -0.208410845281086E+00  0.968916056261237E+00 -0.231355613973837E+00  0.205334652430443E-01 -0.972652536462997E+00
-0.189093462167533E+00 -0.172874788281055E+00  0.966621937544496E+00 -0.614523424359469E+00 -0.786362127777815E+00 -0.632104810158875E-01
 0.309450756036626E+00  0.130138650538029E-01  0.950826413655364E+00  0.196588924980472E+00  0.947661118769555E+00  0.251577420583523E+00
-0.126781918957613E+00 -0.111816523140320E+00  0.985608142305164E+00  0.882400354037831E+00  0.933144695310886E-01 -0.461152930132773E+00
 0.248698010952582E-02 -0.229126802576892E+00  0.973393406219101E+00 -0.606205622523234E-01  0.751148515907287E-01 -0.995330551376132E+00
-0.220700547869813E+00 -0.618081754597806E-01  0.973381229332217E+00  0.398627527495209E+00  0.534886830754207E+00 -0.744977967868028E+00
 0.152763726817025E+00 -0.341082768926214E+00  0.927537486310176E+00 -0.107702562344942E+00  0.675099780220010E+00 -0.729822200821013E+00
-0.132738006459213E+00 -0.139699079095844E+00  0.981256739564629E+00 -0.357923204840091E+00  0.132775288215356E+00  0.924262788538156E+00
-0.333144741979872E+00  0.611257639659964E-01  0.940892247747179E+00 -0.235308884628674E+00  0.566463110450286E+00  0.789777989889435E+00
 0.183962515629666E+00 -0.715478034362183E-01  0.980325815566772E+00 -0.391822006581251E-01  0.804092610635223E-01 -0.995991518983372E+00
 0.466472373648848E-01 -0.624106895278326E-01  0.996959849281246E+00  0.113937080736734E+00 -0.284452541940360E-01  0.993080665981887E+00
 0.204828505582148E+00  0.316206309702001E-01  0.978286981921987E+00 -0.392615837286375E+00 -0.416963547974745E+00 -0.819752526054194E+00
 0.214889572698228E+00 -0.441689665095418E-01  0.975639059254524E+00  0.960895941117739E+00  0.385423010606962E-01  0.274214298263970E+00
 0.184751694284450E+00 -0.374627149941030E+00  0.908582032612403E+00 -0.349682110868203E+00  0.551507355904647E+00 -0.757338799825958E+00
-0.785291088709612E-01  0.109143754493540E+00  0.990919179305248E+00 -0.722376901191898E+00  0.622147512995188E+00  0.301834531984485E+00
 0.153346530254118E+00 -0.269208612559493E+00  0.950795227471623E+00  0.437601999460571E+00  0.240378470372056E+00  0.866442543420913E+00
-0.185808934494421E+00  0.151125728398258E+00  0.970894460834000E+00 -0.601830524896122E+00  0.443522979919728E+00  0.664144100016241E+00
 0.970668045330482E-01  0.102822468451421E+00  0.989952309679259E+00 -0.963752078291714E+00  0.567504470807381E-01 -0.260693916968807E+00
-0.211402181123226E+00 -0.529376788470356E-01  0.975964507538379E+00 -0.147885371159253E+00  0.374305969087532E+00  0.915437031424081E+00
 0.582068346905644E+00 -0.826010221955192E-01  0.808933563812744E+00 -0.947169287333104E+00  0.319678611568354E+00  0.259985853197598E-01
-0.159928806225188E+00 -0.388755579552132E+00  0.907354327871131E+00 -0.105264942051605E+00  0.365049304254259E+00 -0.925017998440222E+00
-0.182107382358326E+00 -0.280190420711683E+00  0.942512721098240E+00  0.357230035697597E+00  0.934001405966912E+00 -0.529860805545372E-02
-0.457230549780421E+00  0.306898560202222E+00  0.834717615779910E+00  0.769494714250098E+00 -0.401683316027741E+00 -0.496516261935213E+00
-0.167319327144157E+00  0.190911994972447E-01  0.985717895173758E+00 -0.394912795793454E+00 -0.533471424030309E+00  0.747965322365731E+00
-0.818295621055934E-01  0.294560133883428E+00  0.952123022666810E+00  0.576582315928831E+00 -0.808360012451589E+00 -0.118772569339104E+00
-0.127797076989918E+00  0.525940822128674E-01  0.990404851375951E+00 -0.350529298296079E-01  0.100932369130097E+00  0.994275590051444E+00
 0.369865322062281E+00 -0.124137623954863E+00  0.920754850030455E+00  0.576702544999855E+00 -0.639144841103385E+00  0.508830076431827E+00
 0.503971489444539E-01  0.582154892359021E-01  0.997031135016001E+00  0.313700754154134E+00  0.313632187309670E+00 -0.896229149228299E+00
 0.243059988886595E-01 -0.199631072754570E-01  0.999505223981312E+00  0.533234385482771E-01 -0.473670632029176E-01 -0.997453243127175E+00
 0.292123008197090E+00  0.147678564099969E+00  0.944910149055059E+00 -0.228406344588966E+00  0.135224997218893E-01 -0.973471973789065E+00
-0.899674131395937E-01  0.324198280460465E+00  0.941701300582859E+00  0.372511247193904E+00 -0.886320895477620E+00 -0.275082971035636E+00
-0.848818468599987E-01 -0.182666663521077E+00  0.979503936751514E+00  0.120714894404978E+00  0.161624506965041E+00 -0.979441388250008E+00
 0.462772954275294E+00  0.173511312165783E+00  0.869330211911345E+00 -0.653752507549425E+00 -0.477924406912601E+00 -0.586682128712029E+00
 0.459449466550265E-01  0.315439097358901E+00  0.947832916570356E+00  0.514092578949971E-01  0.715436882953178E+00  0.696783434585616E+00
-0.138564982326433E+00  0.256928008307425E+00  0.956445369176962E+00  0.249303139256126E+00 -0.924382832944990E+00 -0.288728805133181E+00
 0.201601792517514E+00  0.133242167426356E+00  0.970362428205695E+00  0.129097870858324E+00 -0.597464063234151E+00 -0.791435678298360E+00
-0.228276270010003E+00  0.293526125784703E-02  0.973591972435922E+00  0.819743617280853E+00 -0.217704078204051E+00 -0.529740819892735E+00
-0.128269099825777E+00  0.412691575079079E-01  0.990880363448823E+00 -0.931706777866545E-01 -0.678119041464317E-01 -0.993338195408196E+00
-0.387074490706779E+00  0.489580937077099E+00  0.781334656018020E+00 -0.930002858141603E+00  0.277274247447611E+00  0.241275103462440E+00
-0.120034278850877E-01  0.165548350630516E+00  0.986128623112889E+00  0.624195016683157E+00  0.252793512299538E+00  0.739240164822757E+00
-0.553019219293316E-01  0.215803724096501E+00  0.974869452848433E+00  0.989879029234416E-01  0.499163889912487E+00  0.860834947061429E+00
 0.261698142680792E+00 -0.302817886604455E+00  0.916414431177203E+00  0.203320490526683E+00 -0.446350750910417E+00  0.871453834287104E+00
-0.226691029310762E+00 -0.167832158071554E+00  0.959397490067111E+00 -0.705118728609796E+00 -0.325945040329350E+00  0.629735983764945E+00
 0.218603050807284E+00  0.852125597478807E-01  0.972086172023325E+00 -0.830259776736445E+00  0.528417172117763E+00 -0.177324548059807E+00
-0.280733572480206E-01 -0.989415268937910E-02  0.999556898008004E+00  0.727307129434229E+00 -0.237790272727975E+00 -0.643801309155315E+00
-0.123120403367688E+00 -0.150272648992002E+00  0.980948264303222E+00 -0.994368631496201E+00 -0.509786825899232E-01 -0.929096260770020E-01
-0.781536423108868E-02 -0.154457224523189E+00  0.987968565225903E+00 -0.469017884725042E+00 -0.823733654975547E+00  0.318567244814458E+00
 0.157928237496823E-02  0.601780836897398E+00  0.798659708643329E+00  0.924024998408647E-01  0.971976327198713E+00  0.216156881427493E+00
-0.379814573270828E+00 -0.749908943023778E-01  0.922018034369626E+00 -0.595523524001999E+00 -0.277694491004695E+00  0.753815297023007E+00
 0.110972718493354E+00 -0.111286909437189E+00  0.987572923655825E+00 -0.171409267320483E+00 -0.814448257118379E-01 -0.981827685208267E+00
-0.275671943740728E+00  0.118536780101996E+00  0.953915096430107E+00 -0.379122502723290E+00  0.489064594533645E+00  0.785545638586627E+00
-0.204796609454657E+00 -0.283209223912447E+00  0.936936969196320E+00 -0.795531006962636E+00  0.274348840368555E+00  0.540243584644412E+00
-0.655242040341626E-01 -0.561729704434476E-01  0.996268626464393E+00  0.490746585913551E+00  0.511895308558364E+00 -0.705075160170979E+00
-0.379473024465764E+00  0.119286265535851E+00  0.917480795743059E+00  0.972871863116851E+00 -0.205882478701626E+00 -0.105511814121553E+00
-0.493506786594914E+00  0.173387233775307E+00  0.852283942561696E+00  0.710861493511087E+00 -0.140126756297488E+00 -0.689231767414076E+00
 0.115342318396520E+00  0.427019038416000E+00  0.896856114667894E+00  0.171047374972122E+00 -0.631032089358572E+00 -0.756664587327107E+00
-0.441738390416032E-01  0.315111828129102E+00  0.948025953082225E+00  0.329900698423364E-01 -0.443721982398446E+00 -0.895557065534180E+00
-0.314645806402457E+00 -0.156167208513287E+00  0.936274435995406E+00 -0.758729199771968E+00 -0.210108678296355E+00  0.616590905477812E+00
-0.164863727991612E+00  0.204572892414914E+00  0.964867805910065E+00 -0.132870180201585E+00  0.988780657062418E+00  0.682519408691903E-01
-0.171619719000225E+00 -0.286194736566103E+00  0.942676638520412E+00  0.434733734671562E+00 -0.899570275612478E+00  0.421888512880664E-01
 0.212535138294704E+00  0.679830936289337E-01  0.974785675915835E+00 -0.701962548787283E+00  0.650064493934621E-01  0.709240961618346E+00
 0.648244418486795E-01 -0.248968320144250E+00  0.966339778392444E+00  0.502439788800871E+00  0.813351993668029E+00 -0.293279377089454E+00
-0.211800605480448E+00 -0.310469723440805E+00  0.926687139408283E+00 -0.456042153189533E+00 -0.883049316679120E+00  0.110677273307545E+00
-0.141853705338855E+00 -0.164569509282699E+00  0.976111880317051E+00  0.192570260500172E-01  0.462074442607212E-01  0.998746233556153E+00
 0.189363829821384E+00 -0.360298240113073E-01  0.981245734633834E+00 -0.889057807905251E+00  0.455163537169683E+00 -0.490139636623364E-01
 0.174185356950614E+00 -0.556509540226271E-01  0.983139070905210E+00  0.420477852262030E+00 -0.349773854950420E+00  0.837171802051546E+00
-0.117137557352285E+00 -0.937449203515791E-01  0.988681284624027E+00  0.519655836722229E+00  0.388201829922456E+00 -0.761089449805591E+00
 0.391941866283268E+00  0.175616014100552E+00  0.903072859212269E+00  0.739908968831032E+00  0.136553353329423E+00  0.658701677193772E+00
 0.732922714504443E-01 -0.277602204943366E+00  0.957896267221152E+00 -0.517884316539468E+00 -0.744601504622873E+00  0.421146570680330E+00
-0.407930963088561E+00  0.341020788518087E+00  0.846933970951774E+00  0.551996045965654E+00 -0.377263916588576E+00 -0.743621074525549E+00
-0.116087702315320E+00  0.137066843067727E+00  0.983735902517844E+00 -0.416545617885661E+00  0.424356552761400E+00  0.803997054937837E+00
-0.216025808449709E+00 -0.327542961048915E+00  0.919808925131170E+00  0.559908427293770E+00  0.559201091834741E+00 -0.611389149344548E+00
 0.799711159713591E-01 -0.591938129055911E-01  0.995038046068588E+00 -0.119128508307660E+00 -0.184249917766148E-01 -0.992707871524359E+00
-0.777537796513233E-01 -0.327823520269414E+00  0.941533902367887E+00  0.488644633293496E-01 -0.946687429649959E+00  0.318426089958546E+00
 0.768086745535928E-01 -0.126382721770274E+00  0.989003455581050E+00  0.749505178365899E-01  0.161368365100269E+00 -0.984044038964158E+00
 0.199778610771549E+00  0.107676749026630E+00  0.973906681565152E+00  0.861819725053087E+00 -0.503519270218488E+00 -0.611155138083836E-01
-0.153175764076547E+00  0.530400181910588E-02  0.988184726083271E+00  0.159525297512683E+00  0.247904117646620E+00 -0.955560164462364E+00
 0.223207043904400E+00  0.131078506967120E+00  0.965917719354361E+00 -0.727506536229471E+00 -0.616436496330282E+00 -0.301231282796863E+00
-0.248313461992479E+00  0.766546368270719E-02  0.968649402652910E+00 -0.540079714755435E+00  0.335762220714248E+00  0.771736763962120E+00
-0.249343430137951E+00  0.188381097982083E-01  0.968231883107694E+00  0.316038169422673E+00 -0.282238141155565E+00 -0.905793302660722E+00
 0.394558755126997E-01  0.470575692282505E+00  0.881477028470038E+00 -0.139438478924241E+00  0.900067052925032E+00  0.412839206997278E+00
 0.516265250391912E+00 -0.882689171164460E-01  0.851867823966175E+00  0.664533707723030E+00 -0.394453257133747E+00  0.634666510252795E+00
-0.782208188716138E-01  0.189224052453365E+00  0.978813445692375E+00 -0.666483356609832E-01 -0.219992073328615E+00 -0.973222218728178E+00
-0.500081079914380E-01 -0.375645299092481E+00  0.925413312204248E+00  0.411421612587900E+00 -0.903459461209817E+00  0.120387950584926E+00
-0.181516920962512E-01  0.575528702393363E+00  0.817580105430321E+00  0.366482128774562E+00 -0.723070158673835E+00 -0.585542820743505E+00
-0.154892054347635E+00  0.328855625050020E-02  0.987925926827390E+00 -0.547401094782524E+00 -0.841116911981955E-01  0.832632731061345E+00
 0.241959239756332E+00  0.124455547188499E+00  0.962271553705371E+00  0.382684711450644E+00 -0.142879180244444E+00  0.912763907850553E+00
-0.806620940857622E-01  0.432499197479656E+00  0.898018970154391E+00 -0.109244191687427E+00 -0.839095236943052E+00 -0.532902326812375E+00
 0.173508131462776E+00 -0.838169142606799E-01  0.981259218147842E+00 -0.345857298688283E+00 -0.748454838002980E-01  0.935297216129046E+00
 0.218237824804370E-01 -0.201725459467511E+00  0.979198938684509E+00  0.975344778202317E+00  0.685273084328836E-01 -0.209777433563329E+00
 0.249267134078424E+00 -0.498471003814339E+00  0.830296666393798E+00  0.216437002292261E+00 -0.973527663198221E+00  0.734772959937343E-01
-0.257998213062252E+00 -0.501126067548214E-01  0.964844883233010E+00  0.230687008752772E+00  0.124268763986157E+00 -0.965059986886852E+00
 0.874727412908141E-01  0.824435822923293E-03  0.996166572334489E+00  0.391633652164997E-01  0.289735290085845E-01  0.998812677853915E+00
 0.401338656948758E-01 -0.173907803364979E+00  0.983943773166512E+00  0.278955752348203E+00 -0.396016819434707E+00  0.874845338878060E+00
-0.341241504021458E+00  0.149312863402652E+00  0.928040896057752E+00 -0.859847223881169E+00  0.128325862355998E+00  0.494161132257926E+00
-0.625321843989039E-01  0.237691099623535E+00  0.969325882804156E+00 -0.346303052784707E+00 -0.610306626007906E+00 -0.712460537772331E+00
 0.138232679700222E-01 -0.509493614029538E-01  0.998605567696906E+00 -0.412992747107716E+00  0.900519132683956E+00  0.136023095489546E+00
 0.425093596564257E+00 -0.241076952867807E+00  0.872454776453220E+00  0.324336629651988E+00 -0.529890483644611E+00  0.783595447925057E+00
-0.191299552374990E+00 -0.207512332804637E+00  0.959345148002066E+00 -0.295394292591504E-01  0.325277951881599E+00 -0.945156958467088E+00
 0.749310642234444E-01  0.619577087767386E-01  0.995262064954492E+00  0.741437052618001E+00 -0.671007266116612E+00  0.451063452771596E-02
-0.352142628235598E+00 -0.425970816280854E+00  0.833393324341123E+00 -0.437089157605506E+00 -0.897888108370362E+00  0.524405677963352E-01
 0.385282077731485E-01 -0.470409244679611E+00  0.881606896369208E+00  0.212643959171637E+00  0.843014997625513E+00 -0.494073132649678E+00
 0.112191645307627E+00  0.196521183659233E+00  0.974059782095710E+00 -0.117089225748626E+00 -0.376597705641813E+00 -0.918947376795271E+00
-0.124835205579290E+00  0.160107746581698E+00  0.979173978888587E+00  0.110303298511602E+00  0.307245359023442E+00  0.945216097882393E+00
 0.389954807811484E+00 -0.855794727104143E-01  0.916848625300445E+00 -0.200300594961717E+00 -0.208102351297884E+00 -0.957378234055002E+00
-0.496351810423540E+00  0.995564391330385E-01  0.862393991002038E+00  0.835675265241426E+00 -0.479408850613064E+00 -0.267981351995868E+00
 0.106481986605086E-01  0.330345850211308E+00  0.943799891456581E+00  0.505181783592150E-01 -0.172254198117456E+00 -0.983756273111475E+00
-0.715857809812447E-01 -0.257512249933565E-01  0.997101975914523E+00  0.681668780623127E-01  0.115804114902345E+00  0.990930211320112E+00
 0.333183616939568E+00  0.244406455002726E+00  0.910633934221687E+00 -0.791052055683282E+00 -0.547703958673708E+00 -0.272501410734702E+00
 0.186753386100828E+00  0.138541282169654E+00  0.972589063230028E+00 -0.827162373900389E-01 -0.563802977537163E+00 -0.821756792848264E+00
-0.144985690423100E-01  0.163306490981277E+00  0.986468844667234E+00  0.152168753608402E+00  0.522398898571122E-01  0.986972980548598E+00
 0.246219366939842E+00 -0.417266452960217E-02  0.969205144546018E+00  0.779945899779133E+00  0.100336973597012E+00  0.617751475228600E+00
 0.343567885332944E+00 -0.158520813675573E-01  0.938994046671312E+00  0.649758651342348E+00  0.693049421428044E+00  0.312243806125960E+00
-0.398364683734937E+00  0.107957645948887E+00  0.910851648422474E+00 -0.645437540491656E+00  0.309647548741820E+00  0.698232609437760E+00
-0.112592963829500E+00  0.390093337940722E+00  0.913865423457061E+00  0.192954914022904E+00 -0.712809302562120E+00 -0.674293184998423E+00
 0.228602494030629E+00 -0.232736265033573E+00  0.945290818034957E+00 -0.419869656488171E+00 -0.907104372276533E-01 -0.903039915030600E+00
 0.394004047013245E+00 -0.136722777559717E+00  0.908882661862102E+00 -0.982690891680053E+00 -0.144744617767847E+00 -0.115618368074896E+00
-0.148629556048792E+00  0.334450856266806E+00  0.930619084164482E+00 -0.529334739623974E+00  0.432132822076554E+00  0.730113660679879E+00
 0.346109454714928E+00 -0.280500275016056E+00  0.895280872728136E+00  0.274049920392420E+00 -0.611408642940160E+00  0.742345009056423E+00
 0.802954907258114E-01  0.135266714061238E+00  0.987550277320692E+00  0.140646723838314E+00 -0.863383540297825E+00 -0.484548616153574E+00
 0.118220425537406E+00  0.913586346426184E-01  0.988775773804148E+00 -0.531848071356356E+00 -0.846678693177530E+00  0.165172489753642E-01
 0.194431282868316E+00 -0.375659240561343E+00  0.906132777921126E+00  0.479534870669173E+00 -0.183452687083059E+00  0.858132518562434E+00
-0.662238183661849E-01  0.378356590508844E+00  0.923287981238533E+00 -0.301256865199579E+00  0.396350154965882E+00  0.867266311941519E+00
 0.268910817300863E+00  0.205353590601583E+00  0.941019062062836E+00  0.565066495027600E+00  0.754683761467063E+00  0.333395075511244E+00
