#          Em_x [n.u.]            Em_y [n.u.]            Em_z [n.u.]            En_x [n.u.]            En_y [n.u.]            En_z [n.u.]
-0.199581900841484E+00  0.191320291535070E+00  0.961022169829310E+00  0.709996176763471E-01 -0.944256678212337E-01 -0.992996902082945E+00
 0.163770989207792E+00 -0.779924945199565E-02  0.986467553851563E+00 -0.360497957129897E+00  0.614373153781084E-02 -0.932739769425515E+00
 0.919768276809131E-01  0.159298031544586E+00  0.982936620701343E+00  0.426998917591928E+00 -0.110029566398581E+00 -0.897532962566536E+00
 0.304472309705073E+00 -0.339336653789778E+00  0.890026543434304E+00 -0.577243306192366E+00  0.228582838940226E+00 -0.783926049572365E+00
-0.279535225975970E+00  0.964373196398757E-01  0.955280011734381E+00 -0.982582210929812E-01 -0.715521268001597E-01  0.992585318820512E+00
-0.750780107290360E-01 -0.192999119805223E+00  0.978322355902890E+00  0.258239296827987E+00  0.249827714134089E+00 -0.933219469805642E+00
 0.909602755742343E-02  0.153842292514290E+00  0.988053546786115E+00  0.780902548457917E-01  0.146170500192584E+00  0.986172447887067E+00
-0.182163955277236E+00  0.180827119040131E+00  0.966497721889400E+00  0.216971668036398E+00 -0.654261578993865E+00 -0.724475728732134E+00
-0.176031506551967E+00 -0.661416261109727E-01  0.982159963547915E+00 -0.374031131997522E+00 -0.804371139562706E+00  0.461614321848061E+00
 0.358039885949677E+00 -0.984873618192682E-03  0.933705772764150E+00 -0.524359541536874E+00  0.808799258464450E-01 -0.847647042579818E+00
 0.390358802463946E-01  0.341815142461907E+00  0.938956127003352E+00  0.969341334202033E-01  0.602095957618873E+00  0.792517653807842E+00
 0.167910511515903E+00 -0.584558516518568E+00  0.793786747740272E+00  0.422699866302347E+00 -0.728154689694171E+00  0.539551268096335E+00
-0.468588460830168E-02 -0.360387812546790E+00  0.932790794901610E+00  0.344743672674301E+00 -0.811847384083118E+00  0.471227784737310E+00
 0.242164839538220E+00 -0.295132166848052E+00  0.924258186105485E+00 -0.350803504671128E+00  0.312770011360159E+00 -0.882673111125642E+00
 0.162460160483100E+00 -0.271627613813714E+00  0.948591131979249E+00  0.313120929084918E+00 -0.488725245588958E+00  0.814311315218578E+00
-0.241423711546048E+00 -0.916279747713305E-01  0.966084316062855E+00 -0.419156634975753E-01 -0.212739150234266E+00 -0.976209573355619E+00
-0.466901848030312E-01 -0.130427222568913E+00  0.990357898063128E+00 -0.218645966656581E+00  0.325510504745082E-01  0.975261180596160E+00
 0.793188617511564E-01 -0.119633621852476E+00  0.989644539566080E+00 -0.128556050503208E+00 -0.261589240964457E-01 -0.991357177090645E+00
 0.169753260147592E+00 -0.170755889671479E+00  0.970580371124291E+00  0.208125682695345E-01 -0.527335006034215E-01 -0.998391714166406E+00
-0.503877080070931E+00  0.215052647228271E-01  0.863507621140887E+00 -0.838028711311718E+00  0.427865961886573E+00  0.338583221196945E+00
 0.352695379103373E+00 -0.847220912129822E-01  0.931894917262471E+00  0.584797623584031E-01  0.987978401489262E+00  0.143104142446080E+00
-0.496972064159600E-01  0.399180423617680E+00  0.915524536577179E+00 -0.384438730825313E+00  0.905982412703268E+00  0.177208154760968E+00
-0.765694218214006E-01  0.565734671469275E-01  0.995457968202029E+00  0.427120480741529E-01  0.803730942130707E-01  0.995849309220993E+00
-0.323294166666245E+00 -0.129153402934288E+00  0.937443481128368E+00 -0.718571957571432E+00 -0.278936195606821E+00  0.637062744611826E+00
-0.373587435441313E+00 -0.448790814078414E+00  0.811799995860568E+00 -0.803891338348464E+00 -0.499127716146009E+00  0.323465978277752E+00
-0.538004971259922E+00  0.234817178519725E+00  0.809574915354747E+00  0.772462920529794E+00 -0.307591523737486E-03 -0.635059793873014E+00
 0.283927337837429E+00 -0.233859118538935E+00  0.929889874933985E+00 -0.743087514221951E+00  0.543225575082508E+00 -0.390802918084961E+00
-0.733137425720055E-01  0.328979838853925E+00  0.941486782051523E+00 -0.892892276552361E+00  0.450185211969875E+00 -0.875542099392065E-02
-0.218227219666027E+00  0.184749327064210E+00  0.958250784892012E+00 -0.744448028635668E+00  0.350429664911511E+00  0.568327531103742E+00
-0.389608864734201E+00 -0.332543513690811E+00  0.858847916701611E+00 -0.418841754515795E+00 -0.720431415642759E+00  0.552765917933714E+00
-0.146712442583030E-01 -0.336403854680514E+00  0.941603526516338E+00 -0.655545998801764E+00 -0.739725635269946E+00 -0.151873065352196E+00
-0.125546824407038E+00  0.119266954349072E+00  0.984892577127884E+00 -0.630262277929868E-02  0.771159038432280E-02  0.999950402929988E+00
 0.382614815452491E+00 -0.197001285210085E+00  0.902660731738028E+00 -0.438746639342675E+00  0.457653417081628E+00 -0.773339987521025E+00
-0.233453524962602E+00  0.221440446488770E+00  0.946817606691695E+00 -0.236650778908182E+00  0.211440065941791E+00  0.948308761615478E+00
-0.265017328251454E+00  0.166688646633788E+00  0.949726650573657E+00 -0.698464397307602E+00 -0.646898448141935E+00  0.306055360164276E+00
-0.298198810970911E+00 -0.363862047209400E+00  0.882429532447843E+00  0.636886379494520E+00  0.332997350773488E+00 -0.695333376152907E+00
-0.154979880091160E+00 -0.319759962680016E+00  0.934737825828079E+00  0.168402885332220E+00 -0.837620027494648E+00  0.519647147352555E+00
-0.291812321318727E-01 -0.457401603643754E-01  0.998527061937285E+00 -0.928144369568741E-01 -0.756341896003559E-01  0.992806602343012E+00
 0.365245320475151E-01 -0.140876143391745E+00  0.989353258842249E+00  0.531821453805482E-03 -0.142931772770580E-02  0.999998837107711E+00
-0.384370299096547E+00  0.190708473382655E+00  0.903266157537460E+00 -0.895328970821233E+00  0.264431447717220E+00  0.358416020102850E+00
-0.291026999395669E+00 -0.358865378891560E+00  0.886859022311760E+00  0.384515567606758E+00  0.404118157692692E+00 -0.829961621336262E+00
 0.361320158766736E+00 -0.624409697249132E-02  0.932420910384242E+00 -0.352163222147448E+00  0.166186104355894E+00 -0.921066362259386E+00
-0.751608794599682E-01  0.912060214831468E-02  0.997129709122768E+00  0.125440123596884E+00 -0.610387642434493E+00 -0.782107218580202E+00
-0.423124929711884E+00  0.822118896926098E-01  0.902333917709782E+00 -0.955048991373536E+00  0.178291919461413E+00  0.236840485414038E+00
 0.407762585063556E-01 -0.147929328004222E+00  0.988156976729124E+00  0.137007031486726E+00  0.199852259650324E-01 -0.990368448642384E+00
-0.287939145664688E+00  0.177293073874087E+00  0.941094158068239E+00 -0.824462851394342E+00  0.561222349144108E+00  0.727356961324973E-01
 0.100393006063317E+00  0.251547335650242E+00  0.962624112652927E+00 -0.146162246860648E-02 -0.705308452593391E-04 -0.999998929342006E+00
 0.629407385475974E-01  0.199379548129677E+00  0.977898900305491E+00 -0.229275756916909E-01 -0.265284320500861E+00 -0.963897585622714E+00
 0.658030675159560E-01  0.553195629057156E+00  0.830448404356073E+00  0.431936032553921E-01 -0.889356319756366E+00 -0.455169912392316E+00
-0.230203887036519E+00  0.260798937623794E+00  0.937544710681884E+00  0.462605489821182E+00 -0.656593778573670E+00 -0.595718701003800E+00
-0.263430085379258E+00  0.333564384662625E+00  0.905173680241379E+00  0.133552269396698E+00 -0.363449957573395E+00 -0.921991279611087E+00
 0.168715299766152E+00  0.339456118414644E-01  0.985080120122991E+00 -0.216472329110596E+00 -0.216709519347650E-01 -0.976048206069595E+00
 0.238440403762646E+00 -0.579487739360955E+00  0.779320302432726E+00  0.198529559685781E+00  0.973441145110593E+00 -0.114010310659815E+00
-0.848218434702849E-01  0.206049198168942E+00  0.974858442443947E+00 -0.445975885042937E+00 -0.405344503180451E+00 -0.797998335650873E+00
-0.219317520881590E+00  0.179898626241199E+00  0.958924558717151E+00 -0.769251350994908E-01  0.907299006429430E-01  0.992900100070116E+00
-0.359523127513029E+00  0.110285158071747E+00  0.926596084975725E+00  0.956510913335483E+00  0.287842940260509E+00 -0.472579560741347E-01
 0.479321763077667E+00  0.118687849583113E+00  0.869576817654112E+00  0.879673433884666E+00  0.251391048098784E+00  0.403704335688081E+00
 0.148318510443663E-01  0.164411489806368E-02  0.999888650341026E+00  0.228796826685063E+00  0.406863821281485E+00  0.884372004888821E+00
-0.290143786211994E+00  0.245125969386443E+00  0.925056669861325E+00 -0.634187358842840E+00  0.228199526768948E+00  0.738736333116472E+00
-0.580772994006104E+00 -0.125892029872054E+00  0.804272296083782E+00  0.162543976232438E+00  0.945943427086464E+00 -0.280660806922634E+00
 0.448489810559725E+00 -0.278616163678700E+00  0.849252567356181E+00  0.994460308328903E+00  0.603598206735785E-01  0.860545594761630E-01
-0.119000641646641E+00  0.353422497197876E+00  0.927863883208148E+00  0.268830361878673E+00 -0.285069233394448E+00 -0.920035743166581E+00
 0.220725245442640E+00 -0.183357340014071E+00  0.957945954575335E+00  0.203851410845074E+00 -0.630101716969396E+00  0.749277270820817E+00
 0.376507894579970E-01 -0.681274677353635E-02  0.999267734160665E+00 -0.592451966757344E+00  0.789625980263564E+00 -0.159660509764187E+00
 0.324200562394845E+00  0.392726753243829E+00  0.860615879838053E+00  0.884447318370634E+00  0.358051673692746E+00  0.299252301566451E+00
 0.141775494980868E+00  0.213103847451317E+00  0.966688398205117E+00 -0.279291741415610E+00 -0.257304353136839E+00 -0.925089505417648E+00
-0.134777169885325E+00  0.128321692312639E+00  0.982531759160854E+00  0.136004265373005E+00 -0.817762937627147E-01  0.987327441925314E+00
-0.150646759669092E+00  0.179806691813479E+00  0.972098301294831E+00  0.301785151601005E-02  0.113093670542776E-02  0.999994806763713E+00
 0.166941032466202E+00 -0.146468429143917E+00  0.975027020622112E+00 -0.575321075794092E+00  0.208192660407308E+00 -0.790987658500217E+00
 0.187764630533233E-01  0.310359323633923E+00  0.950433866541329E+00 -0.688554711084898E+00  0.622081373166880E+00  0.372702528837143E+00
 0.652141335784133E-01  0.364541826366673E+00  0.928900626337860E+00 -0.948104588241716E+00  0.179447293263878E+00 -0.262481158743393E+00
 0.323050954466433E+00  0.249938057436726E+00  0.912780942101161E+00  0.555867009408746E+00  0.470252468777422E+00  0.685473911582138E+00
-0.538254047658211E-01 -0.737156225336364E+00  0.673575181586762E+00  0.229051615616148E+00 -0.960493657394583E+00  0.158073690057548E+00
-0.383443678583450E+00 -0.125735632486799E+00  0.914965297744967E+00 -0.781776501513233E+00 -0.457679873644433E+00  0.423502815743351E+00
-0.203986919427450E+00 -0.122282985899476E+00  0.971306443951654E+00 -0.167454169378937E-01 -0.749406681452944E+00  0.661898192175550E+00
 0.118823048761404E+00  0.474150757642882E+00  0.872388756294879E+00  0.766327798050763E+00  0.487996458597227E+00  0.417853039155197E+00
 0.453994195372911E+00  0.124684498638658E-01  0.890917397027185E+00  0.541434748165257E+00  0.493066483146799E+00  0.680980070689643E+00
-0.191098944005225E-01  0.413268965357534E+00  0.910408465584714E+00 -0.172602878598197E-01 -0.622007915480103E+00 -0.782820691820990E+00
-0.152846431390138E+00 -0.227219277820279E+00  0.961774073365533E+00  0.291752223898141E-01  0.751943491332173E-01 -0.996742000849235E+00
-0.283264118257355E+00 -0.440237592012615E-01  0.958030974412452E+00  0.905871248472061E+00 -0.232399037459474E+00 -0.354101635945925E+00
 0.503721111332453E-03  0.902145688015876E-01  0.995922224795182E+00 -0.173778890067279E+00  0.818493056390193E-01  0.981377393530845E+00
 0.486746279246518E+00 -0.267439277664181E+00  0.831597434100257E+00  0.934838820051778E+00 -0.247517497087457E+00  0.254580967787777E+00
-0.917967995408523E-01  0.241987439867694E-01  0.995483685644079E+00  0.169148450432476E-01  0.489401255040496E-01 -0.998658476223384E+00
-0.398339556549484E+00 -0.409721258038290E+00  0.820642485129475E+00  0.756256129872565E+00  0.516073159586817E+00 -0.402175533796190E+00
-0.248064704172402E+00 -0.496538713956015E-01  0.967470100622902E+00 -0.395268743205252E+00  0.521782752286533E-01  0.917082356301278E+00
-0.345452217798783E+00 -0.935821624085958E-01  0.933758611257124E+00  0.525130799694151E+00  0.254895457451101E+00 -0.811951937606762E+00
-0.230270687428768E+00 -0.457611013253532E+00  0.858817542357024E+00 -0.446168408198218E+00 -0.892669024085994E+00  0.638417180472666E-01
-0.220222276393491E+00 -0.336852754827960E+00  0.915441079777876E+00 -0.327127921041667E+00 -0.683425337926862E+00  0.652623268627860E+00
 0.341952516427737E-01 -0.136885857455466E+00  0.989996437768222E+00 -0.572885047520402E-01  0.997246859596760E+00 -0.470821436180950E-01
-0.117697394019935E+00 -0.148476389770156E+00  0.981887002216516E+00 -0.378606037357943E+00 -0.146729701929930E+00  0.913853304993569E+00
-0.597325355228013E-01  0.204947278062506E+00  0.976948636016647E+00 -0.774312935223416E-02  0.990669667116413E+00 -0.136064891148639E+00
 0.603061316021290E-01 -0.139597406631628E-01  0.998082309297086E+00  0.144102473695066E+00  0.210526738006608E-01 -0.989338800412076E+00
 0.518507722988644E-01  0.122723671307003E+00  0.991085464484745E+00  0.955501422724437E+00  0.294248383887099E+00 -0.208547297131009E-01
-0.113944683508251E+00  0.335235950730135E+00  0.935218405741817E+00  0.588473911006824E+00  0.808393771622581E+00  0.140700414409883E-01
-0.347413691628596E-01  0.375042693833586E+00  0.926356311076217E+00  0.830093389050041E-02  0.861865411437240E+00  0.507069134403448E+00
-0.269915139369212E+00  0.251119651964350E+00  0.929561583724609E+00 -0.707878037167136E+00  0.853441398665334E-01  0.701159797968226E+00
-0.124253543456649E+00  0.926577596486871E-01  0.987914771888422E+00 -0.950407662211097E-02  0.720283930215808E+00  0.693614253314066E+00
 0.430632121432074E+00 -0.203674378338008E+00  0.879245542268789E+00 -0.667687429797188E+00  0.539466051092294E+00 -0.513000853614992E+00
 0.223609408668434E+00 -0.422382385195990E+00  0.878403069798313E+00  0.607690525738026E+00 -0.476886740814716E+00  0.635052172158602E+00
 0.340114815218705E-01  0.189250877416034E-01  0.999242242991488E+00  0.328073909792429E+00  0.322041860091408E+00  0.888063370521707E+00
 0.122224289719174E+00 -0.810113279114771E-01  0.989190774195081E+00  0.553792513548472E+00 -0.822444917405604E+00  0.129993114322853E+00
-0.126855628659566E+00  0.189749310165508E-01  0.991739684327648E+00  0.404205087706456E+00 -0.743456164212761E-02 -0.914638165814988E+00
-0.214935781942392E-01  0.262274929495515E+00  0.964753796289256E+00 -0.847585921112771E-01  0.300111242356909E+00  0.950131161090040E+00
-0.288163319177585E-01 -0.653986217011131E-01  0.997443050652217E+00  0.370619102096036E-01 -0.109463914002332E+00 -0.993299585393503E+00
-0.225579125861181E+00  0.439836351146223E+00  0.869285938104420E+00  0.543341064362162E+00 -0.518773187102286E+00 -0.660041565449881E+00
-0.323839217308228E+00  0.907775250967901E-01  0.941747101015180E+00 -0.320014816398215E+00 -0.814046016137873E+00 -0.484685053303354E+00
-0.371170246366063E-01  0.393240711004318E+00  0.918686056109999E+00  0.216531276386899E+00  0.961165950462113E+00 -0.171097112829303E+00
-0.353429172480255E+00 -0.117824442182911E+00  0.928011433584850E+00  0.843002116060140E+00 -0.208636070121945E+00 -0.495800789190776E+00
-0.844248755600529E-01  0.416644167186923E-01  0.995558394453163E+00  0.205128633300862E+00 -0.648635834253229E+00 -0.732935057370527E+00
 0.280394150172608E-03 -0.299582932084788E+00  0.954070221829925E+00  0.172250052401575E-01 -0.522809132511749E-01  0.998483853301644E+00
 0.668077115044484E-01 -0.421733944948656E-01  0.996874181870671E+00  0.716448652412827E+00 -0.572978711908687E+00  0.397990859386627E+00
 0.809855854848555E-02 -0.241339897883028E+00  0.970406856446948E+00 -0.551717273623118E-01 -0.250102396900815E+00  0.966646197718858E+00
 0.106221536145913E+00 -0.368880039158623E+00  0.923387514518761E+00  0.570103647432844E+00  0.668780609851105E+00 -0.477194223635357E+00
 0.426200096291424E+00 -0.560987394008576E-01  0.902887816596733E+00 -0.962391667229242E+00 -0.122244342587023E+00 -0.242607913212217E+00
 0.159674182014405E+00  0.554711801402334E-01  0.985610016067146E+00 -0.918319019983867E+00 -0.385433602253092E+00 -0.901726998047377E-01
 0.103290694610657E+00 -0.148475634795986E-01  0.994540387448176E+00 -0.644582203327549E+00 -0.460679933568700E+00 -0.610153900225623E+00
 0.391551924273744E+00  0.949786120639560E-01  0.915241035928751E+00  0.689716374767248E+00 -0.498986508491415E-01  0.722358253930389E+00
-0.254150362781453E+00 -0.111004462475459E+00  0.960773439687313E+00 -0.590888625228604E+00 -0.803478706474254E+00  0.726126767025521E-01
-0.273640308542757E+00 -0.113096409986252E+00  0.955159768619285E+00  0.177521548111253E-01  0.268822197004425E-01 -0.999480968935146E+00
 0.968036452126683E-01  0.625668008694160E-01  0.993335013830936E+00 -0.990783017988150E+00  0.127093807192817E+00  0.468633699122145E-01
-0.183105896192599E+00  0.238223917508458E+00  0.953793266859454E+00  0.598827996199900E-01  0.917944597315990E+00  0.392162933699831E+00
 0.200837159627622E+00  0.246367644768047E+00  0.948138923852488E+00 -0.465227189768490E+00 -0.835273265823339E+00 -0.293056706630179E+00
 0.420734601374685E-01  0.528040673539636E+00  0.848176202825727E+00 -0.477613001564096E+00  0.615912458055275E+00  0.626528263328354E+00
 0.175417010623564E+00 -0.106133406237929E+00  0.978756646191599E+00  0.138346132388528E+00  0.137157888354163E+00 -0.980840487192165E+00
-0.905234826354274E-01  0.762748129806469E-01  0.992969109286045E+00 -0.417126209431341E+00  0.274673248131343E-01  0.908433416092259E+00
 0.390898189679583E+00 -0.148538812954190E+00  0.908369322660879E+00  0.859982549431356E+00 -0.411063563981948E+00  0.302418189003248E+00
 0.109438439971563E+00 -0.252979058494721E+00  0.961262099439958E+00  0.413400914288118E-01  0.657627344780628E-02  0.999123490599734E+00
-0.510531520815041E-01 -0.575688132209300E-01  0.997035309007097E+00  0.358763099786479E-01  0.981435541666420E+00 -0.188406921147437E+00
-0.134392804803745E+00  0.869388816484488E-01  0.987106987552362E+00  0.660744256539223E+00 -0.548557537383758E+00 -0.512349154024769E+00
-0.134689557566949E+00  0.211548746833624E+00  0.968042277380251E+00  0.181037071762189E+00 -0.217410081604416E+00 -0.959144637197401E+00
 0.110700846966016E+00  0.957772488805642E-01  0.989228002574673E+00  0.222608748159651E+00  0.275577217728574E-02 -0.974903970123468E+00
 0.152777924699420E+00  0.209035172182630E+00  0.965900203186187E+00  0.927052363567343E-01  0.286178697945889E+00  0.953681022142120E+00
-0.307915025452104E-01  0.759653029042591E-01  0.996634916168239E+00  0.766766085357106E-01  0.361471389480452E+00  0.929225017038679E+00
-0.208668645757709E+00 -0.208919537482404E+00  0.955410918472142E+00  0.527744428174780E+00  0.827099855916787E+00 -0.193369198356164E+00
-0.153075891192810E+00  0.111863047651921E+00  0.981862734859385E+00  0.195812285212079E+00  0.968416288782603E+00  0.154361396017765E+00
-0.227378845375333E+00  0.300168199784731E+00  0.926389719563950E+00 -0.593719852662615E-01  0.409383128723014E-01  0.997396120859066E+00
 0.258372978178612E+00  0.297508161019733E+00  0.919093193465043E+00 -0.492426100291226E+00 -0.869286050144905E+00 -0.431079896938404E-01
 0.296919272799061E+00 -0.503994092326341E-01  0.953571625516132E+00 -0.167547586071964E-01  0.989031651599458E+00  0.146750366944902E+00
-0.306056632410617E+00 -0.124646564132722E+00  0.943818081945551E+00 -0.145393255957703E+00  0.128871470479623E-01  0.989290009331431E+00
 0.448321383195604E-01 -0.490716462648667E+00  0.870165175503637E+00  0.741453303642031E+00 -0.499358218943424E+00  0.448205720280285E+00
 0.176721546277608E-01 -0.426744222505585E+00  0.904199681214784E+00  0.242114301035547E+00 -0.523564875483685E+00  0.816860138820485E+00
-0.409811799321144E+00  0.456012709651630E-01  0.911029534770156E+00 -0.958180219160966E+00 -0.138678237653248E-01  0.285829234111309E+00
-0.135668725162165E+00 -0.255925765886549E+00  0.957129040081982E+00 -0.167118513615109E+00  0.708544813941690E-01  0.983387535447465E+00
 0.832349960077583E-02 -0.162975661819839E+00  0.986594979213244E+00 -0.715037740175388E+00 -0.103843056858837E+00 -0.691330347711632E+00
 0.334921718089581E-01  0.221405836505602E+00  0.974606448772413E+00  0.123938358429843E+00  0.277780668035314E+00  0.952615968675505E+00
 0.606554234523784E-01  0.120422997913435E+00  0.990867913083956E+00  0.765467302142960E-01  0.282616065692982E+00  0.956174020513902E+00
-0.445009813050984E+00 -0.840264926003942E-01  0.891574907021055E+00  0.834175410097816E+00  0.522914582123231E+00 -0.175247610514458E+00
-0.903626965126644E-01  0.994192463526655E-01  0.990934103022813E+00 -0.884565606368282E+00  0.790682819411126E-01  0.459664981069034E+00
 0.248069871564666E+00 -0.258354229461065E+00  0.933656484442469E+00  0.621256482346661E+00 -0.619595429095518E+00  0.479731057350047E+00
-0.285947837713679E+00  0.111787058386747E+00  0.951702415508182E+00 -0.202585783704777E+00  0.241319716626806E+00  0.949064694637768E+00
 0.130685537848865E-01 -0.157942037058847E+00  0.987361902157296E+00  0.113293821124314E+00 -0.114676401971599E+00  0.986921391462309E+00
 0.324197376587463E+00  0.300900703506741E+00  0.896858309680495E+00 -0.578708700258081E+00 -0.608901098867737E+00 -0.542527134845128E+00
 0.201542986151439E+00 -0.294767500677680E+00  0.934073094183424E+00  0.346428872493026E+00  0.204667082394280E-01  0.937852946978924E+00
-0.232996849163919E+00  0.157623748203293E+00  0.959618269043494E+00 -0.444318272562233E-01  0.533060997525071E+00  0.844909335753990E+00
 0.216947699569242E+00  0.830452021558261E-02  0.976147904057373E+00 -0.960123990588808E+00 -0.279372249040104E+00 -0.106333984264957E-01
 0.108737577677677E+00  0.154906183258456E+00  0.981926786267229E+00 -0.431054715413329E+00  0.902324395758716E+00  0.158654927517092E-02
-0.348591343391533E-01  0.690206694132018E-01  0.997006011991341E+00  0.311621299416256E+00  0.109860596128050E+00 -0.943834103626540E+00
-0.104979852872422E+00 -0.304225819655892E+00  0.946797698109572E+00  0.816954050507029E+00 -0.576484245524056E+00  0.158743195986400E-01
 0.227450354541428E-01 -0.902998683958416E-01  0.995654858437342E+00  0.102501209652750E+00  0.132150615516332E-01 -0.994645094577915E+00
-0.370583676545350E+00 -0.600365184087818E-01  0.926856706905379E+00 -0.886757576779092E+00 -0.108825927448135E+00  0.449241491338373E+00
 0.288151070732378E+00  0.227639711196349E+00  0.930133927089119E+00 -0.735803766513987E+00 -0.203110279744639E+00 -0.646017825950557E+00
 0.951437435848033E-01  0.199579845541058E+00  0.975251533354589E+00 -0.414366812878228E+00 -0.187322413941869E+00 -0.890623634101482E+00
-0.948836903155918E-01 -0.364337599722801E-01  0.994821424400569E+00 -0.320236307471247E+00 -0.234065129057496E+00 -0.917966351636311E+00
 0.414254425041683E+00 -0.270648197543478E+00  0.868989542226977E+00 -0.584180375740964E+00  0.582965991726435E+00 -0.564698097295856E+00
 0.162392130652350E+00  0.179322274614010E+00  0.970294964291502E+00 -0.158745868524541E+00 -0.712712975617245E+00 -0.683256879667670E+00
-0.354396033846382E-01 -0.268280503317607E+00  0.962688737885507E+00  0.101055403164241E+00  0.203673835344182E-01 -0.994672295371332E+00
 0.330606789833304E-01 -0.251754059006799E+00  0.967226387811438E+00 -0.146206916729245E+00 -0.956593031489222E+00  0.252097817536743E+00
 0.517100267531441E+00 -0.187298142568488E+00  0.835180650583637E+00 -0.819007199441325E+00  0.525471410882286E+00 -0.230449568471407E+00
-0.259286238180941E+00  0.245634203785727E+00  0.934042014376510E+00 -0.486387721972848E+00  0.862862067754900E+00  0.137462852959636E+00
 0.266780242998654E-01  0.276323749240768E+00  0.960694263865971E+00 -0.366576347046534E+00 -0.157335887907933E+00  0.916988113424728E+00
-0.493018919961783E-01  0.247525855758321E+00  0.967626102467636E+00 -0.111598776846709E+00  0.771292787632124E+00  0.626620418397762E+00
 0.134489740384691E+00  0.158022938295673E+00  0.978233745432890E+00 -0.206502240471342E-02  0.685138428611949E-02  0.999974396780154E+00
-0.187891055680032E+00 -0.226576822512333E+00  0.955698642196198E+00  0.169726418309529E+00  0.434993709309170E+00 -0.884292607562264E+00
 0.198468549055769E+00 -0.472576053592702E+00  0.858651331220330E+00 -0.128925986091703E+00  0.525352100423785E+00 -0.841060794883818E+00
-0.327608054646290E-02  0.389715480471847E+00  0.920929482412660E+00 -0.224172221592679E+00 -0.805117350479508E+00 -0.549120084337715E+00
 0.129625477249554E-01 -0.128012618408943E+00  0.991687824814122E+00  0.522942346186308E-01 -0.422283807428768E+00  0.904953976182830E+00
-0.112366111261165E+00 -0.105807901014004E+00  0.988017482195054E+00 -0.108715503688031E+00  0.161676312491518E+00 -0.980837249107620E+00
-0.198792828673285E+00 -0.378134038518382E+00  0.904154887274217E+00 -0.293853084873442E+00 -0.528024291234015E+00  0.796768920313273E+00
-0.182922662634913E+00 -0.453106378911435E+00  0.872487196974443E+00 -0.341536881931953E+00 -0.886525587787082E+00  0.312129685353649E+00
-0.375963631823216E+00  0.155410203449751E+00  0.913509176861406E+00  0.328709723432449E+00 -0.231322630788673E+00 -0.915663561689538E+00
-0.611721454653013E-01 -0.180669605157747E+00  0.981639680530140E+00 -0.561064617204722E-01 -0.802363251059189E+00  0.594192963861857E+00
-0.542606936017023E-01  0.410430629705311E+00  0.910276043477781E+00 -0.173782562825238E+00 -0.900075842959878E+00 -0.399578650302988E+00
 0.114980842320870E+00  0.100468264082797E+00  0.988274017573756E+00  0.952676553764710E+00 -0.301918545501035E+00 -0.353917474778462E-01
 0.231096722300474E+00  0.673548615209034E-01  0.970596531815088E+00  0.842005464469062E+00 -0.504084678417913E+00  0.192159919828635E+00
 0.148426196979893E+00 -0.202959472472862E+00  0.967872469173301E+00 -0.733452439947581E+00  0.558588686489346E+00 -0.387332154179132E+00
-0.116661673351562E+00 -0.239736343371435E+00  0.963803164363817E+00  0.110001338346368E+00  0.913397318936885E+00 -0.391924792939816E+00
 0.125307715018303E-01  0.975870286222790E-01  0.995148105364344E+00 -0.270997178019416E+00  0.419934265634621E+00  0.866149953559674E+00
-0.346963422874106E+00 -0.430224420316568E+00  0.833380664132999E+00  0.753390092317564E+00  0.651423258742494E+00 -0.897279597842391E-01
-0.478637712176208E+00  0.652036168827679E-01  0.875588047444762E+00  0.990978627194663E+00  0.119442416859922E-01 -0.133486686729158E+00
 0.500306342025135E-01 -0.190924469434894E+00  0.980328915523917E+00  0.182082850381420E+00 -0.521392638880850E-01  0.981899858823794E+00
 0.341852154481375E+00  0.423634681559990E+00  0.838850857456800E+00  0.615160421604016E+00  0.769666962079979E+00  0.170852050542409E+00
 0.246692555359082E-01 -0.213591771003800E+00  0.976611480165354E+00 -0.375991880587669E+00  0.913472414960817E+00  0.155557876167687E+00
-0.176546635591754E+00  0.196645473174755E+00  0.964448984312343E+00 -0.516091035302219E+00  0.648082498624093E+00  0.560034925926799E+00
 0.116170367200890E+00 -0.780113460816582E-01  0.990160934225815E+00  0.452226468539097E+00  0.584987533886631E+00  0.673261320996457E+00
-0.681040010622740E-01 -0.407010330241498E+00  0.910881131715888E+00  0.514738278558778E+00  0.814904135975118E+00 -0.266412750740260E+00
 0.673273788301025E-02 -0.348084119805559E-01  0.999371324731699E+00  0.122375247709969E+00 -0.238135070091826E+00 -0.963491560492506E+00
-0.198555345817789E+00  0.225488880035547E+00  0.953797955348769E+00  0.725655915794760E+00 -0.565619608556068E+00 -0.391788144650842E+00
 0.696590547115355E-01 -0.177112672580761E+00  0.981722321895553E+00 -0.426977374401376E+00  0.377661412103549E-01 -0.903473320207845E+00
-0.430848336448552E-02  0.474876279907489E+00  0.880042019310625E+00 -0.742125646205734E-01  0.751802130727475E+00  0.655199245639115E+00
-0.167313687134208E+00  0.342456067118817E+00  0.924516074598527E+00 -0.299127982793624E+00  0.323028877433087E+00  0.897872370804524E+00
-0.502831434325965E+00  0.102935910111846E+00  0.858233503810670E+00  0.873433096429256E+00 -0.457953174299611E+00 -0.165509867412525E+00
 0.204272455747944E+00 -0.173596957638000E+00  0.963398598774949E+00  0.279233870754051E+00 -0.797852426178738E-01  0.956902691230470E+00
-0.141320270319524E+00 -0.540102596266014E-01  0.988489490612765E+00  0.127275013609666E+00 -0.907951408323689E-01 -0.987703049155914E+00
 0.619123539290811E-01 -0.445332050968079E+00  0.893222382618978E+00  0.187746158317633E+00 -0.574134793256768E+00  0.796944552154652E+00
 0.203530558985110E+00 -0.417978272902479E+00  0.885364035264969E+00  0.402029438442425E+00 -0.778327676131816E+00  0.482263785902400E+00
-0.171216823283130E+00  0.268409561220103E+00  0.947966827937806E+00  0.847943778881950E-01 -0.331026391361054E-01  0.995848446682917E+00
-0.156854234522357E+00  0.308527345655463E+00  0.938193810518487E+00  0.216836326705714E-01 -0.275539723203092E+00 -0.961045098323367E+00
 0.190961991249132E+00 -0.132930930036738E+00  0.972554824026766E+00 -0.671506428798432E+00  0.569365328296473E+00 -0.474238588704279E+00
 0.268694083793841E+00  0.551615180251810E+00  0.789635474285415E+00  0.836695519844552E+00  0.455577869586304E+00  0.303956266287208E+00
-0.268793868964437E+00 -0.236225719310677E+00  0.933781165768127E+00  0.524085000317334E+00  0.282117975814064E+00 -0.803582204982760E+00
-0.299686853890057E+00 -0.200132464481632E-01  0.953827688616809E+00 -0.965263459704675E+00 -0.258096272038036E+00  0.406542460147688E-01
 0.244161810659853E+00 -0.971503355898791E-01  0.964855855819964E+00 -0.206169941448861E-01  0.510732904123464E-01 -0.998482077234682E+00
-0.179300033631587E+00  0.345964495342540E+00  0.920956060787969E+00 -0.394570339942571E+00  0.329679090071844E+00  0.857686390475566E+00
-0.121332625165365E+00  0.278676713257175E+00  0.952689710009854E+00  0.402872564477041E+00 -0.444324128295019E+00 -0.800168585865856E+00
 0.250554758217933E+00  0.769344467260791E-01  0.965040623000558E+00 -0.272769614147527E+00 -0.593718217912233E-01 -0.960245658347384E+00
 0.309359727330889E+00 -0.150340079071464E+00  0.938985846395218E+00  0.603074308962079E-01  0.146555585150662E-01  0.998072256093370E+00
 0.347082767613733E+00  0.149961504550786E+00  0.925767303148289E+00 -0.517482356098266E+00 -0.527740309392958E+00 -0.673574180746867E+00
 0.198835443683675E+00  0.201591626905242E+00  0.959075222439207E+00  0.247750486790959E+00  0.459640602812118E+00  0.852848293978100E+00
-0.361672076044961E+00  0.279775116061399E+00  0.889336378341828E+00  0.616782380953212E+00 -0.487188589409440E+00 -0.618244913359525E+00
-0.175738082740163E-01 -0.201661225685009E+00  0.979297662265140E+00  0.447660963074135E+00  0.885930962364401E+00  0.121350698653218E+00
-0.615305096895334E-01  0.428720792612597E-01  0.997184025743074E+00  0.824648343234992E+00  0.113090115177176E+00  0.554225347533831E+00
 0.617275598944532E-01  0.160070942942452E+00  0.985173589564292E+00 -0.678338438994593E+00 -0.700402447187242E+00 -0.222021111961234E+00
-0.439060818621512E-01 -0.197699314611604E-01  0.998840030127715E+00  0.649507155027936E+00 -0.213021350575030E+00  0.729905719779415E+00
 0.211261118136655E-01  0.152459949353917E+00  0.988083828044280E+00 -0.566937430549751E+00  0.279095312004378E+00  0.775040487109432E+00
-0.245300362895376E+00  0.308838185250287E+00  0.918937814704949E+00  0.701486160486354E+00  0.226807172199633E+00 -0.675629834513633E+00
-0.323666233374392E+00  0.229200309788078E+00  0.917990951679962E+00 -0.447301485956167E+00  0.854797217027140E+00  0.263140833821097E+00
-0.310394486440146E-01 -0.380885757238590E+00  0.924100964484218E+00 -0.122349800952223E+00 -0.846425881857421E+00  0.518260313673389E+00
 0.187379882405038E+00 -0.199154847422135E+00  0.961886753426899E+00 -0.632702959819405E-01  0.931492794183422E-01 -0.993639814716682E+00
-0.450510286492257E+00  0.193127258115037E+00  0.871632000294638E+00  0.907973914307243E+00 -0.582725179495233E-01 -0.414955039238477E+00
-0.160065585264856E+00 -0.297564644023313E+00  0.941187702342683E+00  0.397346599173552E+00  0.682265207372673E+00 -0.613701773611529E+00
-0.271502813172569E+00 -0.159660099295705E+00  0.949102141569740E+00  0.422566897184807E+00 -0.182959061584373E+00 -0.887672912275558E+00
-0.395262194105225E+00 -0.261443860763907E+00  0.880576462086051E+00  0.950407364769027E+00 -0.157840297498157E+00 -0.267978136194891E+00
-0.113687752048118E+00  0.924543525416078E-01  0.989205381976037E+00 -0.596614960011392E-01  0.126438122888322E+00 -0.990178724764062E+00
-0.427396505792149E+00  0.169067759872446E-01  0.903906183053517E+00 -0.753309014469194E+00 -0.120746222782464E+00  0.646487338161559E+00
-0.126149164742624E+00 -0.772666225080163E-01  0.988997602262484E+00  0.380439161481762E+00  0.433506924985831E+00 -0.816907455223897E+00
-0.116501358584050E+00  0.354370248778260E+00  0.927819573100775E+00  0.789618716860371E-01 -0.961865321869904E+00 -0.261878073545578E+00
-0.157383647495457E+00 -0.629276961586039E-01  0.985530563989365E+00 -0.463963102489650E+00 -0.322293950831110E+00  0.825145350096486E+00
-0.207048548176877E+00 -0.323013747145396E-01  0.977797279546941E+00 -0.667277484053615E+00 -0.478092126705491E+00  0.571111790858233E+00
-0.303692297093588E+00  0.359465019060316E+00  0.882358140869107E+00 -0.274432085286960E-01 -0.947676316734101E+00 -0.318051047800410E+00
 0.275236099542606E+00 -0.349507610993578E+00  0.895594506105377E+00  0.893073901515110E+00 -0.893118302403141E-01  0.440956237524433E+00
 0.321824622407575E+00  0.176052319871437E+00  0.930287317488585E+00  0.950504181322647E+00 -0.259825076286532E+00 -0.170389938144429E+00
-0.193993872306373E+00 -0.391881313365313E+00  0.899330536422875E+00 -0.209300270130900E+00 -0.131393320219026E+00  0.968983587231978E+00
 0.221715566663444E+00  0.288215365069477E+00  0.931543939294855E+00 -0.108984623661540E+00 -0.403049882018282E+00 -0.908665584475610E+00
-0.851430463443742E-01  0.406921563713599E-01  0.995537447848673E+00  0.182335528974932E+00 -0.324679511285787E+00 -0.928082415426913E+00
-0.201850659044201E+00 -0.674603059376394E-01  0.977090281686509E+00  0.302601743055138E+00 -0.202663375505900E-01 -0.952901600723956E+00
 0.727989658023404E-01  0.578481740231578E+00  0.812440266602262E+00 -0.473522348269235E+00 -0.693499991416385E+00 -0.542986507746798E+00
 0.371130394394120E-01 -0.610522599739847E-01  0.997444356270382E+00  0.589908470757970E-01 -0.774376984537874E-01 -0.995250462355813E+00
-0.157879432233267E+00 -0.241308782074705E+00  0.957519794349613E+00 -0.967487914824786E-01 -0.489098917923838E+00  0.866845960844492E+00
 0.982047044103021E-01 -0.507439599569170E-01  0.993871665035067E+00  0.625915935002234E-01 -0.407679406205815E+00 -0.910977384010589E+00
-0.327746861578690E+00  0.221325153530221E+00  0.918475460281951E+00  0.646086090278955E+00 -0.380511759966451E+00 -0.661652147638990E+00
-0.807387880743208E-01  0.213730886469083E+00  0.973550387124072E+00 -0.189912510116267E+00 -0.144632845583086E+00 -0.971089377184139E+00
 0.305738345373854E+00 -0.424047170598911E-01  0.951170807026335E+00 -0.314963972965734E+00 -0.805068549874149E+00 -0.502655275250519E+00
-0.258112916450650E+00  0.980503134614849E-01  0.961126348817597E+00 -0.592654265368150E+00  0.340407612278506E-03  0.805456892616604E+00
-0.234928484267504E+00  0.759339299442140E-01  0.969042127857711E+00 -0.445635095309672E+00 -0.227583403212660E+00  0.865803185724379E+00
 0.349639820702155E+00  0.200897937057808E+00  0.915091260293356E+00 -0.806426356568096E+00 -0.160013087398153E+00 -0.569273522389385E+00
 0.257150354866158E+00  0.262411090415402E-01  0.966015061574342E+00 -0.522190629600248E+00 -0.229148577065701E+00 -0.821466904985503E+00
 0.157658290211912E+00  0.125226860846363E+00  0.979521361099400E+00 -0.993000210856678E+00 -0.116481914606742E+00  0.195587527245770E-01
 0.337382277564568E+00  0.162633674872560E+00  0.927212751520810E+00 -0.647096856491466E+00 -0.761555488934095E+00  0.360401941339700E-01
-0.422005600740426E-01 -0.157076112509099E-02  0.999107924820400E+00 -0.137763099984136E+00  0.148362819532796E+00 -0.979290458476462E+00
 0.262416628826031E+00  0.313114732383899E-01  0.964446527579016E+00  0.704961248404708E+00  0.780688808992756E-01  0.704936087941886E+00
-0.145333596434342E+00  0.515808644925362E-01  0.988037226103178E+00  0.196990186868615E+00  0.272958101011879E+00 -0.941641514255535E+00
 0.265048481023756E+00  0.215801556024110E+00  0.939776032427181E+00  0.819309111787422E+00  0.309947088753807E+00  0.482354000206430E+00
 0.105109361600127E+00  0.184090337643325E+00  0.977273129524382E+00  0.210359451729707E+00  0.963448384824664E+00  0.165879808435877E+00
 0.269336306284162E-01 -0.235274275582025E+00  0.971555760000693E+00  0.912056140388830E-01 -0.715498564616111E+00 -0.692635069860078E+00
-0.234442290185789E+00  0.173542704927703E+00  0.956514371109404E+00  0.436064444231267E+00 -0.747113170005881E+00 -0.501666933015362E+00
 0.175045357091391E+00 -0.377828800101120E+00  0.909177936806044E+00  0.601309485259171E+00 -0.666942157222121E+00  0.440017115413998E+00
-0.896494561572459E-03  0.919982572855263E-01  0.995758764437415E+00  0.633612544373474E+00  0.744810189602040E+00  0.209267592038390E+00
-0.233720976020980E+00  0.257871694229586E-01  0.971961690222898E+00 -0.679645001254209E+00  0.169479603690773E+00  0.713694147519079E+00
-0.433913928230411E-02  0.202704844638877E+00  0.979230268032100E+00  0.159321078579690E+00  0.142581287572974E+00  0.976876333193837E+00
 0.371739979311822E+00  0.107348629174085E+00  0.922109353382608E+00  0.571842282179270E+00 -0.276533682913356E+00  0.772350649981198E+00
 0.978818402323968E-01  0.166701469186996E+00  0.981136975923146E+00 -0.323955002313069E-01  0.216832489710252E+00 -0.975671155139280E+00
 0.170305900706497E+00 -0.214542699807928E-01  0.985157659709419E+00  0.380048613282075E-01 -0.113601815832993E+00  0.992799203240449E+00
-0.280998863617257E+00 -0.186401046943695E+00  0.941432041277598E+00  0.910294713302263E+00  0.154539043805356E+00 -0.384032835671218E+00
-0.118794608594561E+00 -0.411645874443924E-01  0.992065178155850E+00  0.143265325363295E+00 -0.288124177538582E+00 -0.946815454492725E+00
-0.395031194197492E-01 -0.378731749278556E+00  0.924663055196061E+00 -0.414601590448373E+00  0.908683108489601E+00  0.489951991868205E-01
 0.154865045773859E+00  0.198514803809896E+00  0.967785456733970E+00  0.120902953056342E+00  0.453428272722636E+00  0.883054515552705E+00
-0.255789881185504E+00  0.250139015337358E+00  0.933810478463999E+00 -0.283616286897815E+00  0.346091407578638E+00  0.894305618570370E+00
-0.126935622663937E+00  0.132617716651351E+00  0.983005538605506E+00  0.407200299980815E+00 -0.297878027527245E+00 -0.863398283767122E+00
-0.122187875832942E+00 -0.729517475420005E-01  0.989822289873289E+00 -0.178368155966351E+00 -0.145398698974428E+00  0.973161866943885E+00
-0.410908147677324E+00  0.141591709069918E+00  0.900614391454550E+00  0.420654853033661E+00 -0.367338893933728E+00 -0.829524943339725E+00
-0.522071338409093E-01  0.274931118881432E+00  0.960045465093566E+00 -0.307637390479634E-01  0.563652401701557E-02 -0.999510791315829E+00
-0.205473272922381E+00 -0.682483789914314E-03  0.978662489487791E+00 -0.186388317084107E+00  0.103774024608716E+00  0.976980218362206E+00
-0.100101856531793E+00  0.536629587859217E+00  0.837859357978972E+00 -0.394849822492774E+00  0.637266362275593E+00  0.661804503754286E+00
 0.360936399304058E+00 -0.364520157525977E-01  0.931877763553243E+00 -0.902461950745877E+00 -0.228252653782533E+00 -0.365326092001622E+00
 0.114337001954100E-01 -0.448938873041487E+00  0.893489316540540E+00  0.482203535249431E+00  0.589369228206406E+00 -0.648169471231356E+00
-0.153161208014467E+00 -0.152277298254867E+00  0.976398109787062E+00  0.189246025059104E+00 -0.594287725503063E+00  0.781670033528039E+00
 0.690137566016489E-01 -0.293220918569311E-01  0.997184695193855E+00 -0.152738142175528E+00 -0.647090908228696E-01 -0.986145929104636E+00
-0.152638156311069E+00 -0.509867198130327E-02  0.988268990094288E+00  0.569754193207258E-01  0.154281210248785E+00  0.986382841374178E+00
-0.490253339440418E-01 -0.131171701253147E+00  0.990146707019738E+00 -0.309235845822415E+00  0.933998014990946E+00 -0.178943844966702E+00
 0.402023733647354E+00 -0.117900551503592E+00  0.908006815800075E+00  0.969527399934050E+00 -0.228801008902894E+00 -0.875598030042287E-01
 0.977259653625613E-01  0.168791750245031E+00  0.980795075815114E+00  0.937663437269710E-01  0.484770588645231E+00  0.869600683744344E+00
 0.147181502226315E-01 -0.223587441886340E+00  0.974572743249444E+00 -0.331187735946344E+00  0.912465090194825E+00  0.240254329273136E+00
-0.147343063724321E+00 -0.844067123164258E-01  0.985477309981444E+00  0.578034373724350E+00  0.704929099033572E+00 -0.411036772234327E+00
-0.781823338823502E-01 -0.244110552571295E+00  0.966590689377901E+00 -0.425809902401340E+00 -0.834089847195485E+00  0.350685120617306E+00
-0.205430906561938E-01 -0.200688195888425E-01  0.999587526886266E+00 -0.303533843756268E+00 -0.179687124060169E+00 -0.935724181124722E+00
 0.110310311548071E-01 -0.473670031910841E-01  0.998816641511523E+00  0.102967039900144E+00  0.535981746088054E+00  0.837926820524682E+00
-0.134315000001703E-01 -0.135971246886735E+00  0.990621731453440E+00  0.966561703670462E+00 -0.240651492647271E+00  0.885738792437961E-01
-0.697571964712831E-01 -0.269355300820654E-01  0.997200286181099E+00  0.223581604112583E+00 -0.348382020734397E+00 -0.910297332705893E+00
 0.944881261557668E-01 -0.127290044241566E+00  0.987354667104254E+00 -0.254842912475560E+00 -0.391949069889487E+00  0.883985868989850E+00
-0.169868703593440E+00 -0.760918534106128E-01  0.982524632456623E+00 -0.618621735493511E+00  0.203760781537394E+00  0.758807414488200E+00
-0.302872399664616E-01 -0.210526901944156E+00  0.977118778170295E+00  0.383340509504199E+00  0.776810316669330E+00 -0.499615637954974E+00
 0.139661025925218E+00  0.126514086029828E+00  0.982084000416234E+00 -0.765307633254893E+00  0.541665657035407E+00 -0.347710429050085E+00
 0.108477084225867E+00 -0.467803736865301E+00  0.877150150186794E+00  0.657434652466133E+00 -0.737999329475452E+00 -0.152107420695108E+00
-0.619638712324874E-01 -0.278563658978171E-01  0.997689581754190E+00  0.532157702367864E-01  0.345988788152453E-02  0.998577043083784E+00
-0.538086813448314E-01  0.521144137476218E-01  0.997190409947705E+00  0.150133963698172E+00  0.261224209827459E+00  0.953531176807710E+00
 0.137259571458278E+00 -0.316836659092775E+00  0.938495786617083E+00 -0.530912170592226E+00  0.637893638349263E+00 -0.557874513910244E+00
 0.299073467313797E+00  0.140169849203148E+00  0.943878951202573E+00  0.811156650516172E+00  0.128329615880898E+00  0.570575497205450E+00
 0.109323006572749E+00 -0.612635000093068E+00  0.782768699485909E+00  0.287285157251407E+00 -0.800551187516373E+00  0.525913523869809E+00
-0.139764704656030E+00  0.268160638928961E+00  0.953181881416985E+00 -0.325423401065413E-03 -0.339439205131584E+00 -0.940627939261453E+00
 0.966212314366048E-02  0.265811539566718E+00  0.963976591421974E+00 -0.292005325571963E+00 -0.950722133270601E+00 -0.104212835807347E+00
-0.186877957329906E+00  0.890193671047766E-01  0.978341546365310E+00  0.653798296310509E-02 -0.227298803414490E-01 -0.999720264533253E+00
-0.544903346375609E+00  0.721926377524886E-01  0.835385280073213E+00  0.931604295477022E+00 -0.530206553678627E-01 -0.359586216022143E+00
 0.109309967566244E-01 -0.147543450905660E+00  0.988995168544698E+00  0.447704396404012E+00  0.180910419612139E+00 -0.875689553161552E+00
 0.355673257742780E+00  0.186896390552481E+00  0.915732642710247E+00  0.710659173960172E+00  0.440414586731423E+00  0.548633329520214E+00
-0.747624931863756E-01 -0.117017230048911E+00  0.990311838505547E+00  0.107342834533790E+00  0.594351204423522E-03 -0.994221888021430E+00
-0.564447011595838E+00 -0.455527994816236E-02  0.825456734496195E+00 -0.951257421421554E+00 -0.245609498210245E+00  0.186508156870760E+00
-0.181322210641721E+00 -0.158607492100229E+00  0.970549287454107E+00  0.459433068283827E-02  0.111189722263561E+00 -0.993788578012712E+00
 0.144426103770743E+00  0.408550826562239E-02  0.989507154684500E+00  0.244127785962992E+00  0.877276671026872E+00  0.413264160789219E+00
 0.121087317170784E+00  0.239785376932742E+00  0.963244950482277E+00  0.303231660617119E-01 -0.951362913984595E+00 -0.306576436626715E+00
 0.264894563775268E-01 -0.333107447224063E+00  0.942516703992397E+00  0.420165080449317E-01 -0.993487340092659E+00  0.105912785476177E+00
-0.685666748595304E-01 -0.168969851477271E+00  0.983233339747212E+00  0.336206976452788E+00 -0.930311918845514E+00  0.146576269015320E+00
-0.830348203601675E-01 -0.353955061283248E+00  0.931569124219844E+00  0.347401884248167E+00  0.314802074717835E+00 -0.883295864687574E+00
 0.808649738008590E-01 -0.184403561170520E+00  0.979518342166096E+00 -0.232359338488498E+00  0.328400209143161E-01 -0.972075445036822E+00
 0.768732740828303E-01  0.242206536103389E+00  0.967174489738322E+00  0.106420985229371E+00  0.268205720067843E+00  0.957465542787676E+00
-0.103399886010948E+00 -0.153191615302870E+00  0.982771994194900E+00  0.264923733780329E+00  0.530752412853742E+00 -0.805057321890697E+00
-0.359648992922800E+00 -0.716282012102179E-02  0.933060178068666E+00 -0.415966821470937E+00 -0.106900893334657E+00  0.903074638354781E+00
-0.340416125767484E+00 -0.538914891686855E-01  0.938729230775647E+00 -0.229389699505172E+00 -0.813239320362157E-01  0.969931329445078E+00
-0.296829503446846E-01 -0.173393816767206E+00  0.984405153768374E+00 -0.105214751314193E+00  0.168403591693044E+00  0.980086774939227E+00
-0.235425253362780E+00 -0.230744469208320E+00  0.944103776080173E+00 -0.835732961736112E+00 -0.166256860145506E+00  0.523363232489964E+00
-0.721746949777258E-02 -0.843687253140332E-01  0.996408463594591E+00  0.461364649639727E+00  0.160445037466103E+00 -0.872582402994303E+00
 0.280713710165411E+00 -0.232117254292746E+00  0.931300914412075E+00  0.576741037605833E+00 -0.645503636827834E+00  0.500694348263875E+00
-0.481496734242687E+00 -0.438260013729647E+00  0.759005306489564E+00  0.667876872851328E+00  0.671172337863747E+00 -0.321664694358650E+00
-0.149084228404752E+00  0.314797476497789E+00  0.937377427524038E+00  0.232923804912654E-01 -0.925259964037606E+00 -0.378617833653115E+00
-0.228021070345470E+00  0.422807038672409E-01  0.972737751687985E+00 -0.423990618508787E+00  0.529363945051065E-01  0.904118185611447E+00
-0.136340702487516E-01  0.552697536508241E-01  0.998378368385368E+00 -0.115573010142463E+00  0.797870831828587E+00  0.591646021742536E+00
-0.359907953783624E-01 -0.234400851461003E-01  0.999077186736028E+00  0.116904264312618E+00  0.886199791308751E+00 -0.448311635884962E+00
-0.842016520130724E-01 -0.574610281418501E+00  0.814084213264464E+00  0.363943132365809E+00  0.918717526852080E+00 -0.153308519849878E+00
 0.275231117999464E+00  0.698834859958993E-01  0.958834777253008E+00 -0.960792641889650E+00 -0.253461417218281E+00 -0.112404667484970E+00
 0.469294709448868E+00  0.270038954999414E-01  0.882628611201297E+00  0.912642295698326E+00  0.393495736602112E+00  0.110657784987998E+00
 0.487429723397034E+00  0.791797708557512E-01  0.869564735161403E+00  0.836352711628273E+00 -0.639056930120027E-01  0.544454042277849E+00
 0.233462496312549E+00 -0.719316495671733E-01  0.969701552337655E+00  0.432009830859661E+00 -0.413822016279683E+00  0.801323183792173E+00
 0.480819339034692E-01  0.101526723950426E-01  0.998791795558685E+00  0.728993892043591E-01 -0.169131804414812E+00 -0.982893743895555E+00
 0.697367839929139E-02  0.256459657169168E+00  0.966529778151846E+00  0.111423084853948E+00 -0.667603073511641E+00 -0.736132482912852E+00
 0.326029398343897E+00  0.195733243830689E+00  0.924874763778876E+00  0.952045446001894E+00 -0.305106166627997E+00  0.227968382154894E-01
 0.537015119166696E-01  0.366276521712050E+00  0.928955142760072E+00 -0.841837620466745E-02 -0.561189041209590E+00 -0.827644845914199E+00
 0.167008742990057E+00 -0.415428595402029E-01  0.985079829549922E+00  0.376060337581797E+00 -0.498046500475038E+00 -0.781363107564232E+00
 0.251615641136640E+00 -0.350221414922960E+00  0.902238621244268E+00  0.737623422114838E+00 -0.490183201862063E+00  0.464362052454602E+00
 0.107577552576301E+00  0.345627982616667E+00  0.932184728374170E+00  0.237556611535217E+00 -0.923595532905141E+00 -0.300895576427397E+00
-0.337613150451590E+00  0.241093496482495E+00  0.909885315078772E+00  0.467240590470429E+00 -0.851282459470029E+00 -0.238755952418999E+00
 0.629352915224548E+00 -0.170970868124579E+00  0.758079066028795E+00  0.993200084912256E+00 -0.739383752586580E-01  0.899261252050693E-01
 0.297946454915268E+00  0.172019798672622E+00  0.938955323148048E+00 -0.917781204782857E+00 -0.389277545620941E+00 -0.783623163431519E-01
 0.224792028484513E+00 -0.178713012200622E+00  0.957877968845718E+00  0.966399649282639E+00 -0.252336509210650E+00  0.489694188833698E-01
-0.150041688948393E+00 -0.320795915925361E+00  0.935188468653844E+00  0.974423356813346E+00  0.210253043766476E+00 -0.793270400528238E-01
 0.123320353085531E+00  0.119507763123438E+00  0.985144651849713E+00  0.979496901979658E+00  0.154750958084156E+00 -0.128988216455178E+00
 0.211487493320450E+00 -0.106510140694941E+00  0.971559895270578E+00  0.457699154989085E+00 -0.707513854047394E+00  0.538456711215749E+00
 0.345546558434903E+00 -0.634417224516879E-01  0.936254625519232E+00  0.735826907455977E+00 -0.123878492452850E+00  0.665742353595881E+00
 0.244645323523445E+00  0.176437426579222E+00  0.953424616936342E+00  0.118738899926280E+00  0.455929907165271E+00  0.882059518057916E+00
-0.222851244952343E+00  0.155316831768058E+00  0.962400126970442E+00 -0.303342798648889E+00 -0.952468199265266E+00 -0.280620009308234E-01
 0.260070907081263E+00 -0.171973803114192E+00  0.950151637546539E+00  0.654702339370078E+00 -0.727148318296496E+00  0.206446530660909E+00
 0.940015674313242E-01  0.216639959441116E+00  0.971715407562217E+00 -0.777615088093602E-02  0.409659950405025E+00  0.912205161414706E+00
-0.436076217615699E+00 -0.108406781142848E+00  0.893356313142876E+00  0.807655188854458E+00  0.455417690402952E+00 -0.374550161105973E+00
-0.285758129046638E-04  0.818311117524886E-01  0.996646210213421E+00  0.956211662778089E-01 -0.165012824398034E+00 -0.981645231406874E+00
-0.201694362888914E+00 -0.215966425271769E+00  0.955341764571281E+00 -0.479060830589330E+00 -0.302217476950718E+00  0.824114868947651E+00
 0.587237051789941E-01 -0.121235725526948E+00  0.990885172613863E+00 -0.394960610066192E+00  0.645074424365391E+00 -0.654129271265092E+00
-0.196899727993262E+00  0.186623632124050E+00  0.962497853010077E+00 -0.413144949156141E-01 -0.982958315450566E-01  0.994299271854673E+00
 0.244827901154886E+00  0.493510840937076E+00  0.834569558930634E+00  0.325159434220828E+00  0.944596600850858E+00  0.448174519377989E-01
-0.151388416841861E+00 -0.221687611887752E+00  0.963294425386974E+00 -0.677837345049477E+00 -0.476499681603607E+00  0.559896943274330E+00
 0.912183595725264E-02 -0.240366445383098E+00  0.970639358383258E+00 -0.191511536146198E+00  0.383712289719284E+00 -0.903376007120683E+00
-0.315124052353923E+00 -0.588331472550328E-01  0.947225154022057E+00  0.276254192834592E+00  0.652973923816514E+00 -0.705201159781359E+00
-0.306087664921923E+00  0.254956299162679E-01  0.951661869698381E+00  0.785595894680073E+00  0.358268800480517E+00 -0.504462641693185E+00
 0.244765813922218E+00  0.562027609515406E-01  0.967951933722134E+00 -0.505288932161636E-01 -0.407694763516067E+00 -0.911719151247755E+00
 0.190662357085556E+00  0.645166204450656E-01  0.979533292582201E+00  0.475629012986381E+00  0.126562405745416E+00  0.870493537860870E+00
 0.259150383736227E+00 -0.112568255450538E+00  0.959254641101198E+00 -0.973519456106415E+00  0.189347060921157E+00 -0.128091994686589E+00
-0.398930019762980E+00 -0.874396054804120E-01  0.912802911216511E+00  0.783275824475780E+00  0.161634021943578E+00 -0.600294449201498E+00
 0.142254040441500E-01  0.201966840408913E-01  0.999694819349152E+00 -0.415886319913515E-01  0.202815693851076E-01 -0.998928948240246E+00
-0.255993289325886E-01  0.268995962337884E+00  0.962801042066385E+00  0.353911522097165E+00 -0.494498719664112E+00 -0.793862488581884E+00
 0.201579561591195E+00  0.331110810510427E+00  0.921808717420176E+00  0.366862558159117E+00 -0.914936780265470E+00  0.168233621902414E+00
 0.198581901487638E+00  0.114887286372384E+00  0.973327354917935E+00 -0.808849674860738E+00 -0.110619511497013E+00 -0.577516689935313E+00
-0.122943426582602E-01 -0.101300551543045E-01  0.999873107509734E+00 -0.103621187601047E-01 -0.240999444596749E+00  0.970469934721762E+00
-0.372470112147405E-01  0.147680760664874E+00  0.988333472611857E+00 -0.137080009114352E+00 -0.207699367635165E+00 -0.968540161162748E+00
 0.334860280862295E+00 -0.195862366043244E+00  0.921686782952195E+00 -0.819727747060042E+00  0.501496670483331E+00 -0.276672207122438E+00
-0.349921863361584E+00 -0.131314827604046E+00  0.927529571276774E+00 -0.566249363308818E+00 -0.822320469266595E+00  0.561311355445980E-01
 0.120587159208501E+00 -0.130242995923550E+00  0.984121689145647E+00  0.339870706428534E+00 -0.449989647896614E+00  0.825831229548538E+00
-0.168106505861504E+00 -0.105307807250868E+00  0.980127781679027E+00 -0.730612169639563E-01 -0.751370547520689E+00  0.655823420513637E+00
-0.202101518405585E+00  0.971684872026438E-01  0.974532329557571E+00 -0.528482171110001E+00  0.272358331719240E-01  0.848507397852423E+00
 0.504753707066413E-01 -0.914861560323621E-01  0.994526279294041E+00  0.288093780740401E+00 -0.706932506246665E-01 -0.954989234397341E+00
-0.435657230619230E-01 -0.151776459352821E-02  0.999049410271950E+00 -0.379432865536007E-01 -0.283853012610493E+00 -0.958116785281136E+00
-0.626160539887688E-01  0.692836726026895E-01  0.995629952589595E+00 -0.603935763764100E+00  0.611392892274433E+00  0.511331912286899E+00
-0.915632982473297E-01  0.455119271146852E-01  0.994758677722581E+00 -0.911361012521190E+00 -0.275955396631333E+00  0.305400923257275E+00
-0.270351128498681E+00  0.376601577947946E-01  0.962024937220632E+00  0.492415724125526E+00 -0.415531370342544E+00 -0.764761685033437E+00
 0.148262340304343E+00  0.312381480592661E+00  0.938315559409635E+00  0.423354147824796E+00 -0.899384945423984E+00 -0.108986170977044E+00
 0.258909564070951E+00  0.262224032690340E+00  0.929625943222437E+00 -0.638960895685569E+00 -0.250217106205188E+00 -0.727406608127117E+00
 0.406946516768697E+00  0.405464862243676E-01  0.912551650562686E+00 -0.746554859433009E+00  0.705101703576834E-01 -0.661577023280805E+00
 0.392638211414031E-01  0.752886769580506E-01  0.996388462132758E+00 -0.168608213118480E+00 -0.131959011669805E+00 -0.976810160526661E+00
 0.219977155132751E+00 -0.240465444951956E+00  0.945402782418033E+00 -0.772551151112629E+00 -0.513377079718884E-01 -0.632873730419224E+00
-0.570290333803834E-01  0.302978949349977E+00  0.951289359554959E+00  0.106390232781907E+00 -0.187486431891720E+00  0.976488584789972E+00
-0.146300195783207E+00 -0.170867643582684E+00  0.974371849496021E+00 -0.862638698014691E+00 -0.434275447962050E+00  0.259344003178944E+00
 0.815735524030688E-02  0.599052951823876E-01  0.998170733474286E+00  0.347752548839432E+00 -0.269688871160699E+00 -0.897962180466275E+00
-0.335090220320143E+00  0.309130643680978E-01  0.941678781059216E+00  0.495347933562737E+00  0.297872146729303E+00 -0.816028558886270E+00
 0.495463968523913E-01 -0.266008914993090E+00  0.962696427594465E+00  0.785975144275843E-01 -0.308639285709087E-01  0.996428546680080E+00
 0.358036541821028E+00  0.518671330225168E-01  0.932265860810565E+00 -0.958441169824611E+00 -0.152800297166348E+00 -0.240920304605292E+00
 0.135693924004924E+00 -0.232741366342542E-01  0.990477396790091E+00 -0.376593253389809E+00 -0.366133671291175E+00  0.850954555924184E+00
-0.182494860075053E+00 -0.147294114154559E+00  0.972111140755835E+00 -0.287957405180419E+00 -0.232382858802504E+00  0.929020311799767E+00
-0.318701633086786E+00  0.620793732758420E-01  0.945819972553706E+00 -0.682765554897673E+00  0.710069600158015E-02  0.730603022962241E+00
 0.157973254764398E+00  0.221034194475527E-01  0.987195973263601E+00 -0.497498613498050E-01 -0.568989868876140E-01  0.997139637456479E+00
-0.103243094112579E-01 -0.162732200312065E+00  0.986616257527097E+00 -0.195896699654144E+00 -0.261209474071008E+00  0.945195267508339E+00
 0.785899601062500E-01 -0.473342812328582E+00  0.877365488372644E+00  0.103673237140520E+00  0.694424315994461E+00 -0.712058094017918E+00
 0.112490992345932E+00  0.921825426249735E-01  0.989367553276447E+00 -0.927272299023236E-01  0.321879861292458E+00 -0.942228749152237E+00
-0.189024877695462E+00 -0.781430195695784E-02  0.981941206130561E+00  0.924206142653137E+00  0.257310376193058E+00 -0.282195634596987E+00
-0.681495428735660E-02 -0.113513368351534E+00  0.993513095838978E+00 -0.838276426389097E+00 -0.544060661119316E+00 -0.359253390065830E-01
-0.544485464270921E-01  0.474154913459526E-01  0.997390157848171E+00 -0.592206347434795E+00  0.401044990362341E+00  0.698895240907540E+00
 0.203493818503869E+00  0.514683342576353E-01  0.977722494575766E+00  0.199234158603680E+00  0.217911383417060E+00  0.955416338055168E+00
 0.330044600535873E+00  0.168850430940783E+00  0.928741133808678E+00 -0.877176286466580E+00 -0.249229256223410E+00 -0.410422392545809E+00
 0.123926594393425E+00 -0.184836101439409E+00  0.974924517491856E+00  0.757536565264297E+00 -0.622540190454586E+00  0.196423174692651E+00
-0.306376733489145E+00  0.973097944069472E-01  0.946923492732649E+00  0.401564024539253E+00 -0.155021481337457E+00 -0.902615463262058E+00
 0.257978437771915E+00  0.325900889837453E+00  0.909525005509974E+00  0.453326840494165E-01  0.940049404563781E+00 -0.338011929872537E+00
-0.222281679035273E-01 -0.187610083766009E+00  0.981992039184109E+00  0.191539837060782E+00 -0.767327494479902E+00  0.611981214608688E+00
-0.205632206949281E+00 -0.139909822799796E+00  0.968576603552501E+00 -0.970574517765482E+00 -0.241419366802322E-01  0.239587713286031E+00
-0.354808126176072E-01 -0.924091943507479E-01  0.995088766259292E+00  0.560704983608762E-01  0.121036986850391E+00  0.991063139778562E+00
-0.340398696477923E+00 -0.248121069407428E+00  0.906953506169001E+00 -0.586468671667810E+00 -0.556375309597031E+00  0.588643365734298E+00
 0.502612303823404E+00  0.430299398871519E-01  0.863440383766383E+00  0.253595908514894E+00 -0.181462676906976E+00  0.950137049100949E+00
 0.258014947126983E+00 -0.734363964277166E-01  0.963345930981582E+00  0.537366215862042E+00  0.780963274984060E-01  0.839725260833191E+00
-0.262663285243389E+00  0.970205133294314E-01  0.959997405506100E+00 -0.174312861537794E+00  0.302663118585124E-02 -0.984685668528882E+00
 0.173049879205207E+00 -0.480316305567144E-01  0.983741176211063E+00 -0.582101134513432E+00 -0.177399416203878E-01  0.812922852224909E+00
-0.704627592345858E-01  0.254083516313573E+00  0.964612132568723E+00 -0.414137647265343E+00 -0.790621343772666E+00 -0.451007649479065E+00
 0.259079248991224E+00  0.373287401601544E-01  0.965134450685602E+00 -0.121765518397761E+00 -0.163134462018814E-01  0.992424823350536E+00
-0.619128467259283E-01  0.463133076280312E+00  0.884123607345391E+00  0.850652652373368E-01 -0.768382188161897E+00 -0.634312788429839E+00
 0.370031335016667E-01  0.179791094387015E+00  0.983008611605299E+00  0.100851406949413E+00 -0.932756156798343E+00 -0.346114064538134E+00
 0.728188059768097E-01  0.670721356370905E-02  0.997322633244790E+00  0.675648062061330E+00 -0.931789736415689E-02  0.737165431244222E+00
-0.738261797666335E-01  0.323842184382511E-01  0.996745181868068E+00 -0.329506042459407E+00 -0.429438770788056E+00 -0.840837743043676E+00
 0.713385186847807E-01 -0.776895538945556E-03  0.997451859582799E+00  0.322795903010509E+00  0.468549555275168E+00 -0.822352794882508E+00
-0.142045168128610E+00  0.222130356541242E+00  0.964614573243726E+00 -0.982681806199334E+00  0.172917181696510E+00  0.666041743357816E-01
-0.432346331844048E+00  0.134402339278429E+00  0.891634824654960E+00 -0.784318459217629E+00  0.991514929458008E-01  0.612383487675087E+00
 0.226432444498730E-01  0.207625614516253E+00  0.977946260117360E+00  0.620618428315614E+00 -0.782761869534969E+00  0.460067607768401E-01
-0.162313225269268E+00 -0.154824427897442E+00  0.974517220693876E+00 -0.152038474813330E+00 -0.569159207488947E+00  0.808048326962559E+00
 0.167964510627562E+00 -0.168823805229655E-01  0.985648471006536E+00 -0.431998055438540E+00 -0.379819688717115E-01 -0.901074386573023E+00
-0.601412777063729E-01  0.255372731964651E+00  0.964970359381445E+00  0.223120478280129E+00 -0.502839518921806E+00 -0.835086624478283E+00
 0.184961233638161E+00  0.117494283770926E+00  0.975696897264825E+00 -0.205623974519485E+00 -0.933287557669312E-01 -0.974170685480633E+00
-0.410026937334887E-01 -0.325775647680071E+00  0.944557571821447E+00 -0.299037473877848E+00 -0.715387790132047E+00  0.631503680865553E+00
 0.216893068146184E+00  0.234274510914091E+00  0.947667056790568E+00  0.152761550717654E+00  0.158190244525144E+00  0.975520248462026E+00
-0.169462125550245E+00 -0.196771731476285E+00  0.965693260666045E+00 -0.265213111170803E+00 -0.314651549686638E+00  0.911403537376776E+00
 0.246837683572219E+00  0.281805318938579E-01  0.968647002571566E+00  0.719501337546002E+00 -0.227288643199944E+00  0.656245150794917E+00
-0.596950278035901E-01 -0.780048491967373E-01  0.995164181005990E+00 -0.100963282028491E+00  0.433221947836047E+00 -0.895614403409847E+00
-0.574114521201144E-02 -0.351401543651046E+00  0.936207239008179E+00  0.120357769469966E+00 -0.508836852339179E+00  0.852407804416273E+00
 0.217552813718733E+00 -0.128175978142296E+00  0.967595830845880E+00  0.133373837424884E+00  0.130247747605736E+00  0.982469818230664E+00
-0.587450064291486E-02  0.110003627095561E+00  0.993913825373215E+00 -0.572570466217759E+00  0.241788026324179E+00  0.783391097435653E+00
 0.730857168243152E-01  0.679919763396901E-01  0.995005311116327E+00  0.760015878318764E+00  0.449024257792524E+00  0.469843676787536E+00
-0.114955140270394E-01  0.235947016937974E+00  0.971697925466204E+00  0.170400327402377E+00  0.571833901854717E+00  0.802477237752432E+00
-0.240233839990037E+00 -0.982086814527749E-01  0.965734309741012E+00  0.589512160003708E+00  0.117565776829717E+00 -0.799158120353030E+00
-0.220345678167297E+00 -0.163164522548008E+00  0.961678283364387E+00  0.742228967778066E+00  0.444521239847380E+00 -0.501494792311600E+00
-0.353413102927016E+00  0.179234678584423E+00  0.918136214661113E+00 -0.431455004384713E+00 -0.369251720233707E-01  0.901378450409389E+00
-0.414552211011284E+00  0.140163146097423E-01  0.909917582680111E+00 -0.849944391407783E+00  0.122032874096511E+00  0.512545128895201E+00
-0.100213226620199E+00  0.206061038529193E+00  0.973394142991748E+00 -0.416705281223072E+00  0.908759889501173E+00  0.226312137238905E-01
-0.279386822148688E+00  0.285182283447021E+00  0.916850079793638E+00 -0.458803031479370E+00  0.881833898128709E+00 -0.108943813116970E+00
 0.711984978413468E-01 -0.347105836146035E-01  0.996858038684681E+00 -0.450233340268525E-01 -0.242865672691788E+00 -0.969014532616034E+00
 0.164070572425709E-01  0.477343985328112E-01  0.998725305411528E+00  0.448684370263830E+00  0.231729817968650E+00 -0.863124340605203E+00
-0.994050749126044E-02 -0.596913149359301E-01  0.998167387381513E+00  0.404686173696984E-01  0.294545861850859E+00 -0.954780093149580E+00
-0.165680135167472E-01 -0.126996262196194E+00  0.991764816030648E+00  0.409506439447553E+00 -0.870155620042494E+00  0.274105222422796E+00
 0.280291618790088E+00  0.986501936219997E-01  0.954832313934952E+00  0.478868248996937E+00  0.404533589333303E+00  0.779126289637131E+00
 0.257493475522482E+00 -0.975869658407471E-01  0.961339635176533E+00 -0.279202198618575E+00  0.508915616868765E+00 -0.814279452763999E+00
 0.499810142798427E-01 -0.238848882708109E+00  0.969769616682564E+00  0.380157811698939E+00 -0.649791467871025E+00  0.658218114674986E+00
-0.341302729508490E+00  0.363841983499579E+00  0.866678405103731E+00  0.219921617365831E+00 -0.525332030696705E+00 -0.821985851301148E+00
-0.975112812298317E-01  0.122226742867570E+00  0.987700447180673E+00  0.637939210101519E+00  0.714044642708584E+00  0.288398703939910E+00
-0.342146296450713E+00  0.269816928344141E+00  0.900074850778530E+00  0.483474058950440E+00 -0.411141395001841E+00 -0.772797248725645E+00
 0.116736475987542E+00  0.278824134640352E+00  0.953220696961658E+00  0.355017987830984E+00 -0.321008344727512E+00 -0.878018149545749E+00
 0.138537041000643E+00 -0.388253192622060E+00  0.911080098942768E+00  0.621908588324609E-01  0.883622973851240E+00 -0.464050360585973E+00
 0.172242965910389E+00  0.232501001567902E-01  0.984780073690107E+00 -0.408522069510319E+00 -0.141921352529700E+00 -0.901647408036616E+00
-0.326770863591279E+00  0.243343586376315E+00  0.913238578728101E+00  0.545708677713126E+00 -0.365140536288703E+00 -0.754237646784745E+00
-0.100828068472496E-01 -0.487393042425113E-01  0.998760640608167E+00 -0.205924157467430E-01 -0.134092813030239E+00  0.990754798074352E+00
-0.147623053949615E+00 -0.257736202148349E+00  0.954871448963018E+00  0.441812474578929E-01 -0.357409157006713E+00  0.932902305635920E+00
 0.200019851306264E+00 -0.164477220351856E+00  0.965887831514999E+00  0.244306397164278E+00  0.190131222675843E+00  0.950875650370962E+00
-0.598885275333768E-01  0.248930730151067E+00  0.966667913947877E+00  0.623998068644932E-01  0.945394551782578E+00  0.319899055270710E+00
 0.255558389862373E+00  0.136895984376131E+00  0.957052453542982E+00  0.344836265314651E+00  0.938661182357090E+00  0.177055353884539E-02
-0.185773617576277E+00  0.114892259175559E+00  0.975852412916092E+00  0.333454393944043E-02 -0.605851470259929E+00 -0.795570786794361E+00
 0.220763218334960E+00 -0.392853898209462E-01  0.974535920106082E+00  0.223827602070641E+00  0.794186288896826E+00  0.564950743941092E+00
 0.284130990344697E+00 -0.655707975608096E-01  0.956540668676968E+00  0.855936420709361E-02 -0.325586109294982E-01 -0.999433176424873E+00
-0.367967557699393E+00  0.137629789221484E+00  0.919596605909131E+00 -0.893137607071222E+00  0.332860739627723E+00  0.302504450958289E+00
-0.379242483769800E+00  0.148296760198320E+00  0.913336306854597E+00  0.332537300272322E+00 -0.687162533154876E+00 -0.645930798890848E+00
 0.642930795947031E-01 -0.364817120514994E-01  0.997263999451510E+00  0.965182633625905E+00 -0.135443096329455E+00 -0.223780364204845E+00
-0.117040660517216E-01 -0.302684759214353E+00  0.953018862025934E+00  0.116692931487262E+00  0.664672966357991E+00 -0.737965180434537E+00
-0.119907278329067E+00 -0.219309310977030E+00  0.968259092765204E+00  0.907060992377244E+00 -0.416623826169587E+00 -0.605387774523226E-01
 0.554324383175936E-01 -0.358503463195709E+00  0.931881168207004E+00  0.130446887275579E+00 -0.767110584630302E+00  0.628112219709400E+00
 0.590015498322397E-02  0.211608489292173E+00  0.977336705250887E+00 -0.268851159290707E+00 -0.730588874394423E+00 -0.627661493768044E+00
-0.228459421661154E+00 -0.130922805769638E+00  0.964710066073562E+00 -0.569220790426869E+00 -0.398343327961983E+00  0.719242855240136E+00
 0.270665988053677E+00  0.750351657675273E-01  0.959744573732598E+00 -0.522770841158332E+00 -0.366401697895101E+00 -0.769714520724533E+00
 0.130052287465606E+00 -0.154020368260507E+00  0.979471351641211E+00 -0.491121119595493E+00  0.408640942219486E+00  0.769293589099272E+00
-0.143227270053237E+00  0.639910441763097E-01  0.987618901894006E+00 -0.523322540200510E+00 -0.445542205316175E+00  0.726378456591386E+00
 0.378667788608338E+00 -0.266479497795611E+00  0.886340444256647E+00  0.591420064281014E+00 -0.296907757333569E+00  0.749712005506776E+00
 0.325429156563350E+00 -0.248065435048034E+00  0.912446932151616E+00  0.509072374799405E+00 -0.465504529234176E+00  0.723982631337633E+00
-0.798103404564598E-01 -0.963883601752433E-01  0.992138898329741E+00  0.513456920098856E+00 -0.689284581232080E+00  0.511124991834984E+00
 0.354143221190809E+00 -0.109724693841908E+00  0.928731969109440E+00  0.629010856450224E+00 -0.460319032412293E+00  0.626459680160476E+00
-0.338825831140746E+00  0.293883714961836E+00  0.893772576348152E+00  0.440669586267543E+00 -0.741282489802643E+00 -0.506271257381641E+00
-0.469179749318368E-01  0.383420937551847E+00  0.922381205508416E+00 -0.360390138249807E+00  0.853212482894942E+00  0.377024412053827E+00
-0.464216900304027E+00 -0.658435728758887E-01  0.883270792782745E+00 -0.476484319461200E+00 -0.493856611284057E+00  0.727370841317292E+00
 0.250607352526356E+00 -0.574114995085717E-01  0.966384951550834E+00 -0.485724247744726E+00  0.137310270896103E+00 -0.863260009880719E+00
-0.363603186595158E+00 -0.277735325261750E+00  0.889188288159261E+00  0.595246329666799E+00  0.595807621669845E+00 -0.539161464663719E+00
-0.109642532469619E+00 -0.121541346120629E-01  0.993896771342719E+00 -0.216015021325479E+00 -0.113776774470509E+00  0.969738292609320E+00
 0.469004939922203E-01  0.266565573510227E+00  0.962674991200275E+00  0.671377071145223E-02 -0.467885055385853E+00 -0.883763826047102E+00
 0.233935503521710E+00  0.431983589057888E-01  0.971291965363603E+00 -0.350073240269526E+00 -0.962017194736848E-01 -0.931769260931858E+00
 0.125354442781867E+00 -0.309915993730159E+00  0.942463973054194E+00  0.392930103155040E+00 -0.733570338550794E+00  0.554509235660727E+00
 0.159748407394515E+00 -0.119675293312848E+00  0.979876660863703E+00  0.507991675926647E+00 -0.498111919959134E+00  0.702729658107484E+00
 0.227808821413508E+00  0.347949469917309E+00  0.909414266036360E+00 -0.119421696735560E+00 -0.686586570010844E+00 -0.717173159166979E+00
 0.502760542306854E-01  0.242531741524026E+00  0.968839859174010E+00  0.172042385118216E+00  0.888154564773732E+00  0.426125435516842E+00
-0.161503359345845E+00  0.693816101276591E-01  0.984430219515888E+00 -0.996620899838659E+00  0.610781566687675E-01  0.549203130246597E-01
 0.338469267431271E+00  0.272781623942310E-01  0.940581977746189E+00  0.762821775827709E+00 -0.121700429591562E+00  0.635052709434650E+00
 0.427119270421796E+00  0.239960979475777E+00  0.871772824285879E+00  0.980903805779170E+00 -0.173293987530976E+00  0.883001568150052E-01
 0.638161247710543E+00  0.896461713737940E-02  0.769850542352282E+00 -0.645140866722550E+00  0.472109331233179E+00 -0.600754560071780E+00
-0.171240034085951E+00 -0.506534369458518E-01  0.983926359059363E+00 -0.334188456597446E+00  0.118314557968865E+00  0.935050662183418E+00
-0.193814158128719E+00 -0.131398870317772E+00  0.972198749735911E+00  0.940778925680738E+00 -0.200601403370794E+00 -0.273302195308901E+00
-0.122086376488223E-02  0.761289775880183E-01  0.997097231097886E+00 -0.457462973009369E-01  0.215208291399068E-01  0.998721247494207E+00
-0.635893141308839E-01 -0.382433616717054E-01  0.997243122020107E+00  0.955632361900736E-01  0.102819610540135E+00 -0.990098881717001E+00
-0.165172807238201E+00 -0.203671819760172E+00  0.965005561426789E+00  0.276710653817128E+00  0.737251496303910E+00 -0.616353344488162E+00
 0.206962161578308E+00  0.848576874646655E-02  0.978312146200596E+00  0.803314179828515E+00  0.369170320625262E+00  0.467332432916742E+00
-0.276866631909118E-01 -0.189641460596133E-01  0.999436746295424E+00 -0.256245679224066E+00 -0.452306553139147E+00 -0.854258118993540E+00
-0.358435227956546E+00 -0.243434886756115E+00  0.901256702205191E+00 -0.123296174577482E+00  0.314628351393117E+00  0.941173232637971E+00
-0.169481018923716E-01 -0.110411947954847E+00  0.993741396738136E+00  0.251795203943884E+00 -0.497946838856209E+00  0.829848251756890E+00
 0.742482113723714E-02 -0.407049610161678E+00  0.913375873831965E+00  0.404960223320122E+00  0.912974704335560E+00 -0.498438238090982E-01
-0.311870423159092E+00  0.984887046180602E-01  0.945006250890027E+00  0.303687625409174E+00 -0.152688543043085E+00 -0.940457354161643E+00
 0.362739561403767E+00  0.460814492121524E+00  0.809981490185661E+00 -0.410221552248385E+00 -0.798140331620074E+00 -0.441237225438112E+00
 0.183479727117809E-01 -0.207019823825336E+00  0.978164681656772E+00  0.436779139652578E+00 -0.692350658996150E+00  0.574347062456099E+00
-0.249628748627842E-02  0.481023468471705E+00  0.876704164087428E+00 -0.923286689301134E-01  0.493022322717469E+00  0.865103696787770E+00
 0.187679158638782E+00 -0.264527297736553E+00  0.945939660953507E+00 -0.991689207403557E+00 -0.750405710782296E-01 -0.104505639137600E+00
-0.171209326208164E+00  0.614923695648496E-01  0.983313813136298E+00  0.386135143785974E+00 -0.920071943951488E+00 -0.660853136991550E-01
-0.216393561786947E-01  0.203489276345161E+00  0.978838011458839E+00 -0.927505805872874E-01 -0.967137430964289E+00 -0.236733012967173E+00
 0.152299371398380E+00  0.182035143352061E+00  0.971425811915893E+00 -0.258255985410599E+00  0.735019085702189E-01  0.963276344273094E+00
-0.210651174272119E+00  0.296399679218536E+00  0.931543511027223E+00  0.569010713350672E-01  0.576165619508556E+00  0.815349892363544E+00
-0.249671123977142E+00 -0.274426352333523E+00  0.928630446946958E+00 -0.319568453597590E+00 -0.671830352934908E+00  0.668221505446063E+00
-0.603045809372369E-01 -0.163469588760497E+00  0.984703534607477E+00  0.586212131410879E+00 -0.568735994058549E+00  0.576970281772768E+00
 0.132437855417603E+00 -0.159614351283716E+00  0.978255321128725E+00 -0.105788256931555E+00 -0.326714440382670E+00  0.939183964482370E+00
-0.277340536630970E+00  0.367592530645179E+00  0.887669960151361E+00 -0.275195749659403E+00  0.823026983505614E+00  0.496884175428288E+00
-0.108363286574503E+00  0.449937697318453E-01  0.993092623478842E+00 -0.292752861525689E+00 -0.269649967570249E+00  0.917379232955425E+00
-0.147951442989685E-02 -0.563240582886178E-01  0.998411443992381E+00  0.360561645073659E-01  0.408310351398050E-02 -0.999341423772032E+00
-0.133636504260306E+00 -0.224484978014418E+00  0.965270832137256E+00 -0.217774116712922E+00 -0.791376710517633E+00  0.571224418368295E+00
-0.118290068580501E-01 -0.328778625409213E+00  0.944332933911965E+00  0.251822885660638E+00  0.629341469762822E+00 -0.735196945514819E+00
 0.151406940378206E-01 -0.114398361457290E+00  0.993319573088108E+00  0.348906611677466E+00  0.134452946300734E+00 -0.927462442128414E+00
-0.446545372066541E+00  0.421859912338679E-01  0.893765949692407E+00 -0.714267259431977E+00 -0.422717175365063E+00  0.557792498833496E+00
-0.240737606309029E+00  0.305516435462989E-02  0.970585426883881E+00  0.972937499103619E+00 -0.229258741194607E+00  0.288626475545781E-01
-0.270897723395423E-01 -0.161446584322152E-01  0.999502623427622E+00  0.743678940775870E-01  0.125561299792894E+00  0.989294585209473E+00
 0.121445960808388E+00  0.217218895397061E+00  0.968538502118428E+00 -0.606954181204414E+00 -0.344129652159691E+00 -0.716366808571509E+00
 0.236317844336970E+00 -0.423317649527666E+00  0.874617655919602E+00 -0.265427096165151E+00 -0.556475172571872E+00  0.787327021594230E+00
 0.158520434071549E-02 -0.886499431951606E-01  0.996061581780310E+00 -0.970481489030784E+00 -0.184695687856974E+00  0.155090884115193E+00
-0.248425192972267E+00 -0.422127596175825E-01  0.967730854329942E+00 -0.175923874969163E+00  0.171639039339009E+00  0.969324935401239E+00
 0.893141059238600E-01 -0.212851906177779E+00  0.972993862529208E+00 -0.732239980564777E-01  0.406877032350623E+00 -0.910543423815786E+00
 0.208283690475469E+00 -0.782251335241975E-01  0.974935245422505E+00 -0.829181097898381E+00  0.383372653566143E+00 -0.406797388617097E+00
-0.178464142653106E+00 -0.639382251160119E+00  0.747890959089967E+00  0.228050947462033E+00  0.848475195939283E+00 -0.477579948529525E+00
-0.261032018195202E+00 -0.686495968720855E-01  0.962886036001270E+00  0.975521480194227E+00 -0.143399113123622E+00 -0.166716933858033E+00
 0.304105138537947E-01  0.752815703549359E-01  0.996698492931560E+00  0.101071659359079E+00  0.184658575803619E+00 -0.977591801344805E+00
 0.262085359474600E+00 -0.886191224724230E-01  0.960967177109233E+00  0.353985092126381E+00 -0.174393352459143E+00  0.918847927118704E+00
-0.227189211965314E+00  0.116024905177517E+00  0.966914310239086E+00  0.951480065490863E-01 -0.987475051526464E+00  0.125856582913020E+00
-0.275104293845721E-01  0.404141068829575E+00  0.914282873491769E+00 -0.109427431213804E+00 -0.796939622466740E+00 -0.594064706442419E+00
 0.157211783499506E+00  0.227895501088841E+00  0.960910035181427E+00  0.462617410122835E+00 -0.540418005515091E+00 -0.702804034682736E+00
 0.244177372163324E+00  0.734303659975089E-01  0.966946426785313E+00 -0.625480852547607E+00 -0.292462766695100E+00 -0.723352772299496E+00
 0.253868470932000E-02 -0.918838230514428E-01  0.995766497800261E+00 -0.605917093098530E+00 -0.110300531426456E+00  0.787844063922594E+00
-0.468031895092357E+00 -0.496536997716123E-02  0.883697623781600E+00  0.819904697542351E+00  0.312588926671892E+00 -0.479629492285557E+00
 0.270914318790300E-01  0.323944312641573E+00  0.945688181498491E+00 -0.121159128617402E+00  0.312754651709333E+00  0.942074834281675E+00
-0.227946045184665E+00 -0.266937113875480E+00  0.936368078119123E+00 -0.852913944969407E+00 -0.440189139654656E+00  0.280662294950385E+00
 0.351329113272012E+00 -0.159753978857520E+00  0.922521826520486E+00 -0.998106742686170E+00 -0.332924329520962E-01  0.517159947456696E-01
 0.128611595176428E+00 -0.134123680704021E+00  0.982583276806898E+00  0.142672908169775E+00 -0.294455818592746E+00  0.944955137650066E+00
 0.752491747900902E-01 -0.731094447346870E-01  0.994481056020675E+00 -0.410124903711717E+00 -0.578484258264337E-02 -0.912011019095575E+00
 0.284305723479953E-01  0.252192487694529E+00  0.967259350798125E+00 -0.120671433744431E-01 -0.796760661855561E+00 -0.604174504402717E+00
 0.257586219433209E+00 -0.307371170248232E+00  0.916063482111551E+00 -0.964170025712104E+00  0.212148438956539E+00 -0.159277121290612E+00
 0.282408240653518E+00 -0.168470587260057E-01  0.959146371636398E+00  0.735198812597539E+00 -0.498606109721376E+00  0.459210902858026E+00
-0.586466217683367E-01 -0.555805578793930E-01  0.996730342339881E+00 -0.178467888789049E+00  0.629520689123357E-01 -0.981929859863135E+00
 0.263853696685364E+00  0.890307081140595E-01  0.960445084196997E+00  0.714455730343424E+00 -0.133239527900695E+00  0.686877163388218E+00
 0.768887703044609E-01 -0.353898814298452E+00  0.932117882158270E+00  0.511557152825508E-02 -0.942788251199535E+00  0.333352882585499E+00
 0.439195523779057E+00 -0.304544540319315E+00  0.845198151236819E+00 -0.501102418015338E+00  0.563819448693283E+00 -0.656508945814437E+00
-0.142446072318651E+00  0.153375061038482E-01  0.989683725938496E+00  0.459341011664464E+00  0.121695774493973E-01 -0.888176635803808E+00
 0.239305891849620E-01 -0.138190845086113E+00  0.990116466500606E+00  0.811180784189866E+00 -0.544913641300230E+00  0.212261298606315E+00
 0.316014941745141E+00  0.227200409010073E+00  0.921148484631805E+00  0.582093401924072E+00  0.236611872310304E+00  0.777934504517105E+00
 0.671421955229071E-01 -0.461579676865571E+00  0.884554197030933E+00  0.184748280080092E+00  0.619705960419277E+00 -0.762779519670179E+00
-0.100093310021060E-01 -0.230554113149587E-01  0.999684080748507E+00 -0.325980657965214E+00  0.273464763414875E+00 -0.904960570302935E+00
-0.133864577231339E+00 -0.724156765363882E-01  0.988350264205181E+00 -0.206936206897882E+00  0.365259425634719E+00  0.907613881702848E+00
-0.219818587098361E+00 -0.683707106007853E-01  0.973141939646023E+00  0.215242112101016E+00 -0.722665113940106E+00  0.656830241593844E+00
-0.621440523359621E-01  0.543395455078489E-01  0.996586840447568E+00 -0.766361858781009E-01 -0.978624113786001E+00 -0.190844803258095E+00
-0.158104584939483E+00  0.438192636895060E+00  0.884867308240093E+00 -0.734241160063073E+00  0.673190102103670E+00  0.877781595779012E-01
-0.703239777339111E-01  0.372755692805199E+00  0.925260899226265E+00  0.534526110029648E+00 -0.781424275104778E+00 -0.321959531577410E+00
 0.159511588903180E-01 -0.305393181026912E+00  0.952092729471410E+00  0.152321550824998E-01  0.248646072151524E+00 -0.968474631704497E+00
-0.244398793381221E+00  0.544116750373296E-01  0.968146992668693E+00  0.631871010561202E-01 -0.484611987721189E+00  0.872444044977695E+00
-0.242418438393752E+00 -0.119024124134747E+00  0.962842956354094E+00  0.677697026151114E+00  0.204963236120771E+00 -0.706198847765158E+00
-0.280362152051883E+00  0.163355597401834E+00  0.945892178049024E+00  0.704441523349467E+00 -0.206042717908533E-01 -0.709462898371050E+00
-0.204480562868931E+00  0.131275960408503E+00  0.970028000434848E+00 -0.943392570231607E+00  0.284485781889674E+00  0.170523600520349E+00
-0.188161580942245E+00  0.197031921522238E+00  0.962171316013198E+00 -0.252739498225949E+00  0.935291591225653E+00  0.247694136828230E+00
-0.170994100235349E+00  0.476942582095825E-01  0.984117002911006E+00 -0.360497337081127E+00  0.529791533412160E-01  0.931254465368443E+00
-0.297097470605540E+00  0.247552729035202E-01  0.954526201538367E+00  0.361549808707536E+00 -0.192387864413248E+00 -0.912287589222858E+00
 0.173207552712835E+00 -0.117805271453292E+00  0.977814431117197E+00  0.901881821477506E+00  0.372419843208282E-01  0.430374505160638E+00
-0.685694286069078E-01  0.776891571851438E-01  0.994616824870957E+00 -0.265446776238090E+00  0.378406706592526E+00  0.886761734284133E+00
-0.547950085900532E-01 -0.887564366917479E-01  0.994545022600485E+00 -0.277064421260353E-02 -0.484817147789967E+00  0.874611146018302E+00
 0.366400001394834E+00 -0.144761297028834E+00  0.919127415465557E+00 -0.905458120374999E+00 -0.145490561818387E+00 -0.398720564642388E+00
 0.290105415083322E+00  0.102590004992919E+00  0.951479972997270E+00  0.463993679801332E+00  0.589832931009457E+00  0.660913745205236E+00
 0.467156954965764E+00  0.365056884070414E-01  0.883420462826758E+00 -0.865627413594691E+00 -0.383683700638624E+00 -0.321676854463630E+00
-0.353478083758113E-01  0.272043343984501E+00  0.961635560613665E+00 -0.152682060728465E+00  0.136771623895421E-01  0.988180714019799E+00
-0.184122714504536E+00 -0.617759188673317E-01  0.980960020516422E+00  0.139104211481898E+00 -0.143997034674237E+00 -0.979752454629753E+00
 0.175182712456404E-01 -0.215252223857449E+00  0.976401346935258E+00 -0.477880060096997E-01  0.702478946423398E+00 -0.710098328623219E+00
 0.112137213171012E+00 -0.101697972713857E+00  0.988474970734277E+00 -0.923225647365495E-02 -0.128032574568157E-01  0.999875413258521E+00
-0.105578529061542E-01  0.178972358561517E+00  0.983797452026046E+00 -0.296494488496113E+00  0.706490002140404E+00  0.642621891291512E+00
-0.221444763470495E-01 -0.281486345712882E-01  0.999358432465093E+00 -0.110968134776827E+00 -0.618874062484253E-01  0.991895166845768E+00
 0.641575166960142E-01 -0.903742862071153E-02  0.997898861576325E+00  0.238605885788284E-01  0.314694863539929E+00 -0.948892941892950E+00
 0.133042350173539E+00 -0.326340727673139E-01  0.990572940451595E+00 -0.286897683003848E+00  0.176781444941323E+00 -0.941508385629932E+00
-0.227683995300362E+00 -0.359875985938463E+00  0.904792392225357E+00  0.676322759076634E+00  0.280436729601606E+00 -0.681133442318996E+00
 0.422141702732118E+00  0.244069758751307E+00  0.873055746030863E+00  0.706434427867739E+00  0.454870250473589E+00  0.542257737941354E+00
 0.138700204099314E-01  0.132766235010023E+00  0.991050326358400E+00  0.807599397631634E-01  0.181131912112261E+00  0.980137267194757E+00
-0.189065864541290E-02 -0.667367645449655E-01  0.997768825764744E+00  0.104042572701827E+00  0.360234237688193E+00 -0.927041766622622E+00
-0.692240452704398E-01 -0.108660696397067E+00  0.991665712130303E+00 -0.799574421154503E-01 -0.143640783286222E-01  0.996694778106178E+00
-0.125824409923635E+00  0.254013912517907E+00  0.958981308532504E+00 -0.988065267592082E+00 -0.880554575589649E-01 -0.126385376417799E+00
-0.385134451814075E+00  0.146889861611030E+00  0.911095397080769E+00 -0.718682712023437E+00  0.538759625167251E-01  0.693247820120290E+00
 0.154060896676992E+00  0.239662501170155E+00  0.958554706653692E+00 -0.119793331109889E+00 -0.649129641154502E+00 -0.751185906947291E+00
 0.544232984458862E-01  0.264578954011127E-01  0.998167362899235E+00  0.439209798534447E+00 -0.276684151471771E+00 -0.854716697623064E+00
-0.139038284410168E+00  0.137709037721882E+00  0.980665374323979E+00 -0.209581525210511E+00  0.843780768901828E+00  0.494074486612976E+00
 0.905169825175467E-01 -0.173682091662715E+00  0.980633064357705E+00  0.489539952524656E-02 -0.468775269804773E-01  0.998888648713000E+00
-0.327004948806366E+00  0.429446969803167E+00  0.841809398606967E+00  0.295020715671368E+00 -0.915998981887658E+00 -0.271861439901887E+00
-0.325566057513072E+00  0.124731439990153E-01  0.945437022161801E+00 -0.563682915986630E+00  0.311775026454561E+00  0.764890778545583E+00
-0.124687153421293E+00 -0.351546199648166E+00  0.927829932306900E+00  0.116979527553117E+00  0.833641797890883E+00 -0.539775085514981E+00
 0.242836892460788E+00 -0.291614658560851E+00  0.925197889412003E+00 -0.827004735398475E+00  0.543539705640087E+00 -0.143623661077086E+00
-0.314126800875118E+00  0.193039821230250E+00  0.929548266843286E+00 -0.313089342721598E+00  0.820369344742130E+00  0.478507263979896E+00
 0.195172757370536E+00  0.251836267523785E+00  0.947885061144056E+00 -0.801996424762330E+00 -0.336419480023937E+00 -0.493582483612277E+00
-0.447849685076733E+00 -0.139594870932577E+00  0.883144343573568E+00  0.557515859798808E+00  0.591867593393470E+00 -0.582124400762773E+00
 0.458761146770575E+00  0.473590030276186E-01  0.887296644333775E+00  0.636007052755696E+00  0.523678900808646E+00  0.566793999344438E+00
-0.145404353838834E+00  0.981667258820878E-01  0.984490156281058E+00 -0.316395588201304E+00  0.169702713128418E+00  0.933324606406370E+00
-0.855895998146976E-03  0.213926429068090E+00  0.976849400055206E+00  0.168607303940898E+00 -0.780622034850151E+00 -0.601831218668649E+00
-0.156325301373299E-01 -0.232946616158972E+00  0.972363871203363E+00 -0.449793110926780E+00 -0.327816529861926E+00  0.830796292789089E+00
-0.191244096674230E+00 -0.148458769953920E+00  0.970250322912096E+00 -0.145876712324276E+00 -0.988443816083441E-01  0.984352463818690E+00
-0.131780176001868E+00 -0.150427488188564E+00  0.979798732398749E+00  0.479468974230944E+00  0.835581091704042E+00  0.268167376719480E+00
 0.463825208342114E+00  0.689943380805643E-01  0.883236071171926E+00 -0.634053741992932E+00 -0.196887697401784E+00 -0.747804176824778E+00
-0.482233642121063E+00 -0.261958890327780E-02  0.876038727546124E+00 -0.844160887187597E+00 -0.377900247014218E+00  0.380241764998590E+00
-0.237756830467732E+00 -0.187025389458924E+00  0.953149092882995E+00  0.713353317201698E+00  0.250849863747511E+00 -0.654370988580017E+00
-0.355074102800280E-01  0.287786113220747E+00  0.957036246362958E+00 -0.161155565229279E+00  0.973971292070627E+00  0.159401399046260E+00
-0.720617311784229E-01 -0.515302196448327E-01  0.996068141927511E+00 -0.684240337152490E+00  0.728041035750207E+00  0.420881370128568E-01
 0.207335208263986E+00  0.132515119813946E-01  0.978180202643836E+00 -0.651899784962468E+00 -0.671425546394127E+00 -0.352440641832402E+00
 0.819401818762271E-01  0.704346368254696E-02  0.996612360054522E+00  0.270321146979162E+00  0.495292251543108E+00  0.825598003302594E+00
 0.103178966694076E+00 -0.176751770037379E+00  0.978832423155566E+00 -0.445553628000814E-01  0.315761552530843E+00 -0.947791887277510E+00
 0.262918703737077E+00  0.141604682166298E+00  0.954369880713865E+00 -0.610050025452123E-01 -0.924964864341936E+00 -0.375124498529972E+00
 0.671116980691623E-02  0.248927215938438E-01  0.999667601061210E+00  0.614720277241678E+00  0.783049544408662E+00  0.946170795855689E-01
 0.715756633587060E-01 -0.217128670808834E-01  0.997198814589091E+00 -0.773580756076407E+00 -0.601666630151773E+00  0.198922296362333E+00
-0.356932434751165E-01 -0.699970401859760E-01  0.996908424448018E+00 -0.236204592475231E-01 -0.685644783558007E-04 -0.999720995680219E+00
-0.269535449977866E+00  0.439571656027850E-01  0.961986698867193E+00 -0.639998047392757E+00  0.127275650128233E+00  0.757762105292877E+00
 0.649831907155556E-01 -0.343420833753121E-01  0.997295245267854E+00  0.655502021428328E+00  0.729680394125285E+00  0.194637155580697E+00
-0.148624603017572E+00 -0.123278867633955E+00  0.981179416912503E+00  0.874552037681819E-02 -0.425994388978263E-01  0.999053954338267E+00
 0.217257445746077E+00 -0.201225617945761E+00  0.955147869677903E+00 -0.710717975767493E+00  0.353144617066099E+00 -0.608415021476456E+00
-0.193175930267526E+00  0.227873214076706E+00  0.954335820490685E+00  0.154385269523234E+00  0.890224480268207E+00  0.428562204686134E+00
 0.121120105655610E+00  0.193637661305530E+00  0.973567859026837E+00 -0.180353566264177E+00  0.975821870067504E+00  0.123467684167769E+00
 0.210997621318189E+00  0.439440765788879E-03  0.977486475962650E+00  0.943897980451973E-02  0.439560153960982E+00 -0.898163557883556E+00
 0.288092117484470E+00 -0.885537840720316E-01  0.953499427986110E+00 -0.881509633673134E+00 -0.438056754940123E+00 -0.176201717337787E+00
-0.103994510154202E+00  0.183940951349269E+00  0.977420517625097E+00  0.167220969233362E+00 -0.380095435624918E-01  0.985186490998951E+00
 0.388909383755810E-01 -0.115164056831191E+00  0.992584875427008E+00  0.625117075226454E-02 -0.738666939945061E-01  0.997248531902929E+00
-0.196309805151966E+00 -0.160773591924383E+00  0.967271581584474E+00 -0.819337642498768E+00 -0.304438492829919E+00  0.485801432344541E+00
-0.362410933978389E+00  0.228279172441279E-02  0.932015613493065E+00  0.262352240223948E+00 -0.142514823718172E+00 -0.954390290745906E+00
-0.184195619354787E-01 -0.158386279603706E+00  0.987205402219519E+00 -0.113803635688421E+00  0.526714608941434E+00 -0.842389727639036E+00
 0.131895678523894E+00  0.186550891510317E+00  0.973551382754618E+00 -0.616635557991308E+00 -0.366941386242291E-01 -0.786393113405360E+00
 0.293898878256970E+00  0.252010106438334E+00  0.922016461681804E+00  0.272114934679549E+00  0.350711506881456E+00  0.896077508514349E+00
 0.355184380924288E+00  0.173186820855936E+00  0.918613292212367E+00 -0.505234138856169E+00  0.185849962778975E+00 -0.842732612558289E+00
-0.194468911913710E+00  0.889425099368548E-02  0.980868357425378E+00  0.930621432793686E+00 -0.973212426977978E-01 -0.352806355590121E+00
 0.162337040902338E+00 -0.413013701359522E-01  0.985870621316999E+00  0.237005789619489E+00 -0.104244479171743E+00  0.965899241250895E+00
-0.328895834956543E+00 -0.304893183756154E+00  0.893793978636729E+00  0.485404345337121E+00  0.727425622709042E+00 -0.485009881295427E+00
 0.386138944987095E+00 -0.835552985765351E-02  0.922402786360195E+00 -0.441074155072679E+00  0.398189245018522E-01 -0.896586885348229E+00
 0.131360519548681E+00 -0.200663020801681E+00  0.970813455812519E+00 -0.768155154147124E-01  0.376398240823919E+00 -0.923267968087397E+00
 0.867013954776592E-01  0.116217730006786E-01  0.996166553551437E+00  0.201527093236725E+00 -0.228971168576741E+00  0.952343968664766E+00
 0.171679141481116E+00 -0.298743529889187E-01  0.984699850418289E+00  0.152374880566645E+00 -0.209513036653662E+00  0.965860333197539E+00
-0.404827983776779E+00 -0.658727860627993E-01  0.912017039099354E+00  0.744792792113071E+00 -0.367428564799120E+00 -0.557027779007542E+00
 0.289258626947502E+00 -0.379317683060059E+00  0.878889948773107E+00  0.636038338511510E+00 -0.270244944810020E+00  0.722788282796662E+00
-0.382850926433956E+00 -0.401568511875422E+00  0.831966284412308E+00  0.535822791357375E+00  0.662231533103530E+00 -0.523777942285983E+00
 0.120861484742625E-03  0.224208876113094E+00  0.974541104964077E+00 -0.856922213171446E+00 -0.492279166297644E+00 -0.152792483462531E+00
-0.160463334816991E-01  0.157719693107324E+00  0.987353540322779E+00  0.307683824246974E-01 -0.180956658912781E+00 -0.983009661314725E+00
-0.124802298449022E+00 -0.171382698222296E+00  0.977267802115616E+00 -0.131353407828345E+00 -0.578996747685809E+00  0.804679469367236E+00
-0.372067968090333E+00 -0.239126384189035E-01  0.927897415043806E+00  0.531916111921511E+00  0.969917530984303E-01 -0.841224018742449E+00
-0.486143357039380E+00 -0.137713665662453E-02  0.873877989138708E+00 -0.799392593601796E+00 -0.228989023785352E+00  0.555459726965354E+00
 0.605696023270200E+00 -0.469700729238078E-01  0.794308592200914E+00 -0.843858672177487E+00  0.256948503546949E+00 -0.471041407856923E+00
-0.230212548668973E+00 -0.979273417516654E-02  0.973091097889971E+00 -0.519075696588657E+00  0.833430409763337E+00  0.189615857176336E+00
-0.465905040630185E-01 -0.440906667852216E-01  0.997940548346237E+00 -0.872184353702570E+00  0.219719184579203E+00  0.437055983924578E+00
-0.241087250442693E+00  0.372560309749233E-01  0.969788082949042E+00 -0.553262699379420E+00  0.713775850470074E+00  0.429446644836259E+00
 0.546334290722695E-01  0.287869083628075E-01  0.998091429847344E+00  0.169632953340391E+00  0.670782541721686E+00  0.721994073980120E+00
 0.123413385569834E+00  0.807162819451890E-01  0.989067246495978E+00  0.815930299992734E-01  0.290962753605464E-01  0.996240926792149E+00
 0.346037308750659E+00  0.163435420098679E+00  0.923876097975139E+00 -0.930431479160710E+00  0.563218831960479E-01 -0.362112010378093E+00
-0.266142490325441E+00 -0.754418306780245E-01  0.960976953431934E+00  0.234999922496973E+00 -0.299325710346404E+00 -0.924758971598566E+00
 0.103400807701476E+00  0.867579401123346E-01  0.990848794112476E+00  0.610714456676106E-02 -0.129022024532912E+00  0.991622922269685E+00
 0.353710798079767E+00  0.134642977352714E+00  0.925613277763111E+00  0.866584552310046E+00  0.458663500579079E+00  0.196618938391350E+00
-0.101094245208577E-01  0.262472416071676E+00  0.964886537545920E+00 -0.665490060923587E+00  0.619699646276656E+00  0.416047265603931E+00
-0.159776943849980E-01  0.128356827985283E+00  0.991599333396154E+00  0.194798314555002E-01 -0.281456634605340E-02 -0.999806288429288E+00
-0.318792224195933E+00  0.189835009806635E+00  0.928619505957055E+00 -0.515499337892040E+00  0.682541412796171E+00  0.518071088221564E+00
 0.127809819908654E+00 -0.167033150043286E+00  0.977632127500695E+00  0.236022675951645E+00 -0.770012336752337E+00  0.592768333909488E+00
-0.175238573275611E+00 -0.206470254289526E+00  0.962632576079756E+00  0.604245738652039E+00  0.190332799841231E+00 -0.773731550749644E+00
 0.785968662152269E-01 -0.388844369979626E+00  0.917944763347062E+00 -0.402067743135691E-01 -0.778472548342351E+00  0.626389580673772E+00
-0.709586137977889E-01  0.211195934406492E+00  0.974864684157789E+00 -0.538193156349420E+00 -0.470630814104621E+00 -0.699181495231296E+00
 0.358799605767495E-02 -0.137926628022605E+00  0.990435950259583E+00  0.140582573802199E-01 -0.501349031379766E+00  0.865130923117421E+00
 0.345611787122342E-01 -0.154394517975323E+00  0.987404606909037E+00 -0.127423117545840E+00  0.278300183263368E-01 -0.991457936170191E+00
 0.237974090704851E+00  0.261717338311664E+00  0.935346121486724E+00 -0.217513583653892E+00 -0.479195472976049E+00 -0.850329077243217E+00
 0.208824573797230E+00 -0.200212168851329E-01  0.977748151751178E+00  0.245890977510195E+00  0.331587094612397E+00  0.910817010087970E+00
-0.211513494439855E+00  0.586554516758625E+00  0.781802942268637E+00  0.741702750291087E+00 -0.561395386686960E+00 -0.367031674405952E+00
-0.201520400244136E+00 -0.874347503576773E-01  0.975574032411346E+00 -0.251558558808284E+00  0.248782144108904E+00  0.935321194169616E+00
 0.831808344143864E-01 -0.959489008922359E-01  0.991904610939832E+00 -0.122517374443371E+00 -0.542122511507616E+00  0.831319839457821E+00
 0.153698854840447E+00 -0.349685627239115E+00  0.924173481616477E+00 -0.481834306049498E+00  0.252360741589228E+00 -0.839136316469699E+00
 0.487987160873639E-01 -0.277552817181966E+00  0.959470228294020E+00  0.170229883796928E+00 -0.950586470494921E+00  0.259628867375132E+00
 0.140572337574227E+00 -0.113488167338779E+00  0.983544535739487E+00  0.321218441879347E+00 -0.203296600313260E+00  0.924926594329342E+00
 0.338145042395378E+00  0.746823623974247E-01  0.938126044329955E+00 -0.399081903420783E+00 -0.405773154067443E+00 -0.822241924131946E+00
 0.248014032616689E-02 -0.311906067664200E-01  0.999510377611711E+00 -0.581712615896693E+00 -0.429672700936296E+00  0.690645931412569E+00
-0.150459613729410E+00  0.534374221149794E-01  0.987170880118585E+00  0.287096784556786E+00 -0.680606030347347E+00  0.674055537587208E+00
 0.457221573542690E-01  0.131580325283042E+00  0.990250525031560E+00 -0.489229042884750E+00  0.365021711996454E+00  0.792094750247247E+00
-0.274147324188742E-01  0.366282923802845E+00  0.930099592611910E+00 -0.816552973952313E-01  0.650366823088020E+00  0.755218781436011E+00
 0.152907766635967E+00  0.650349462617465E-01  0.986098205386833E+00 -0.187616822274166E+00 -0.114770539042116E+00 -0.975514044679894E+00
 0.115346040075660E+00 -0.577750184199159E-01  0.991643755733601E+00 -0.169562138824698E+00 -0.941829880297522E+00  0.290181249662947E+00
-0.470127019561848E-01  0.216818320338897E+00  0.975079290017073E+00 -0.763267801794623E+00 -0.631866109912349E+00 -0.134786801608465E+00
-0.472178279986438E-01 -0.182311777622124E+00  0.982106354963327E+00 -0.103237792581585E+00 -0.304313048838658E+00 -0.946961206433190E+00
 0.105041949418944E+00  0.121146196951774E+00  0.987061187478461E+00 -0.778351922708311E+00 -0.363120553493678E+00 -0.512163790253391E+00
 0.429528963759452E-01  0.171398276196269E+00  0.984265045406909E+00  0.211590206927046E+00  0.127276315874920E+00 -0.969035770108553E+00
 0.218966231263676E+00  0.339621154298709E-01  0.975141202227508E+00 -0.118959285091981E+00  0.127362533426827E+00 -0.984696640376875E+00
 0.128557360664021E+00 -0.928169320728854E-01  0.987348987004938E+00  0.243663274394286E+00 -0.724472660218507E-01  0.967150248078040E+00
-0.195927123512260E-01  0.423252427018379E-02  0.999799085497194E+00 -0.995853315860520E+00  0.736494864394540E-01  0.534034309460709E-01
 0.248875618696791E+00 -0.399635607332051E+00  0.882242771447085E+00  0.193545349042920E+00 -0.807469686282189E+00  0.557254792351935E+00
-0.476243357128492E-01 -0.281894861801910E+00  0.958262599467177E+00  0.338472401352326E+00 -0.608461522990400E-01 -0.939007017691131E+00
 0.354130722689990E+00  0.215852640830702E+00  0.909944541548262E+00  0.650202145892143E+00  0.396944536217022E+00  0.647821120869570E+00
 0.290044173442553E+00  0.468512221145574E+00  0.834488271990246E+00  0.467521401819204E+00  0.804951341775284E+00  0.365345146697170E+00
 0.229394547082905E+00 -0.141828776940542E+00  0.962944826976177E+00 -0.788150134517081E+00  0.272001944971858E+00 -0.552118019441707E+00
-0.230887639054356E+00  0.280451025545681E+00  0.931685633892828E+00 -0.378565211477444E+00  0.244366347852914E+00  0.892733705365753E+00
-0.116236343821320E+00  0.107984615503431E+00  0.987334003865778E+00  0.348288666567912E+00 -0.250501912981205E+00 -0.903296073462684E+00
-0.579845593141077E-02  0.123011103729907E+00  0.992388354560835E+00  0.535891841725645E+00  0.851137888758258E-01  0.839985462323663E+00
 0.136289592951531E+00  0.760557225146435E-01  0.987745247483318E+00  0.946251703913868E-01  0.540965510668822E-02 -0.995498273609768E+00
 0.135669176296753E+00  0.312268786302351E+00  0.940256390408604E+00 -0.398463197165674E+00 -0.636560489826302E+00 -0.660316456933043E+00
-0.289494955254079E+00  0.182602245772976E+00  0.939600495275042E+00 -0.149177599942063E+00  0.796258060310468E+00  0.586275656211425E+00
-0.133289411761414E+00  0.355069052098168E+00  0.925289090476271E+00 -0.226248387648627E+00  0.924807517680765E+00  0.305847547525785E+00
 0.148543577273753E-01  0.120379914192771E+00  0.992616756011830E+00 -0.178571927654851E+00 -0.685290726989504E-01 -0.981537484179108E+00
 0.115719406073656E+00 -0.322727966324626E+00  0.939391121317384E+00  0.150234131962260E+00 -0.881830963137991E+00  0.446994248335109E+00
 0.253698487251180E+00 -0.218150791706262E-01  0.967037320834745E+00  0.968797287576139E+00 -0.996306333022216E-01  0.226948347632043E+00
-0.197101773551436E+00  0.316072651257811E+00  0.928035004722201E+00  0.660121145138201E+00 -0.750619369218600E+00  0.284716753160095E-01
-0.306368287244057E+00 -0.293736687582241E+00  0.905459679355937E+00  0.571307198122103E+00  0.454200946305341E+00 -0.683600457686509E+00
 0.177125438267077E+00 -0.526920689434144E-01  0.982776742189781E+00  0.907402919296179E+00  0.396375130694476E+00  0.139666380420306E+00
-0.229406649140935E+00  0.140087067274425E+00  0.963196866124666E+00 -0.205662650416152E+00  0.302812511264756E+00  0.930595216646494E+00
 0.123234919116286E+00  0.342161553505698E-01  0.991787481985646E+00  0.652207409957700E+00  0.757784315484216E+00  0.197085159864231E-01
-0.342104952838950E+00  0.109182555618555E+00  0.933297043170962E+00 -0.707170237240338E+00  0.271535058578334E+00  0.652823841112060E+00
-0.179657840694243E+00 -0.262353994411839E-01  0.983379257506098E+00 -0.778212148806289E+00 -0.625300801377820E+00 -0.581786837815557E-01
 0.125939163521458E+00  0.283837484975198E+00  0.950565941539286E+00 -0.336293595292391E+00 -0.674000328115498E+00 -0.657746285026011E+00
 0.140282598309284E-02  0.254965250026853E+00  0.966949198954115E+00  0.198008722468883E+00 -0.704939340737393E+00 -0.681067597017337E+00
 0.723471739274358E-01  0.578071342464476E-01  0.995702878199579E+00 -0.924042459396723E+00  0.156958225869192E+00 -0.348582341153494E+00
-0.762690849029071E-01 -0.209841123175585E+00  0.974756241176471E+00 -0.172977949737968E+00 -0.434502579286561E+00  0.883903918702578E+00
-0.331746379883661E+00 -0.202236432488267E+00  0.921436251082246E+00  0.521677429111733E+00  0.465808280240470E+00 -0.714755416918815E+00
 0.367691936603258E+00 -0.206821260845842E+00  0.906657380612479E+00  0.775733767773037E+00 -0.443357392536702E+00  0.449078327265639E+00
-0.315824199402692E+00 -0.786430429152187E-01  0.945552931819623E+00 -0.382317182981912E+00 -0.782708062334216E-01  0.920710189195463E+00
-0.326400779940566E+00  0.536358624025726E+00  0.778319958171072E+00  0.804821649519469E+00 -0.592097345194916E+00 -0.410225094051300E-01
 0.311358801991832E+00  0.157412356127899E-01  0.950162044034381E+00 -0.804393184392696E+00  0.585470700910883E+00 -0.100874492700069E+00
-0.111887222689083E+00  0.852848459046338E-01  0.990054414897457E+00 -0.641138109468251E+00  0.580409800846855E-01  0.765227527744713E+00
-0.368368332884089E+00  0.453402859911453E+00  0.811622213811520E+00  0.356610116851640E+00 -0.866566753094048E+00 -0.349129327028106E+00
 0.133714709333988E+00 -0.221091769622667E+00  0.966042859252551E+00  0.740148527256651E-01  0.276831825717168E+00 -0.958063641855852E+00
 0.185824564426895E+00  0.340394193172155E+00  0.921738045493530E+00 -0.165326747443290E+00 -0.131090343091180E+00 -0.977487794567308E+00
-0.115308244090914E+00 -0.240927845922633E+00  0.963668917161776E+00 -0.212485307151110E-01 -0.693505758246179E+00  0.720137669631190E+00
-0.131577911944356E+00  0.504903409960554E-01  0.990019180902302E+00  0.133581464321097E+00  0.235739188009077E-01 -0.990757418716711E+00
-0.821967245532874E-01 -0.341181573392368E+00  0.936396728128745E+00 -0.167651093619921E+00  0.806069504129367E+00 -0.567578245989645E+00
 0.544356247282917E+00  0.107556315496739E+00  0.831930234479326E+00  0.759584712762182E+00  0.155693299480878E+00  0.631498741593956E+00
-0.241461189565047E+00 -0.775136635855890E-01  0.967309736274464E+00 -0.469505695790951E+00  0.852918590050467E+00  0.228241714781013E+00
-0.204485307620994E+00  0.486401780293294E-01  0.977660417552241E+00  0.190059670755103E+00  0.223145401142579E+00  0.956077115875795E+00
 0.122116103129275E+00 -0.364821363259013E-01  0.991845104381535E+00  0.116151525288384E+00  0.236599737657260E+00  0.964639511586426E+00
-0.172893620960538E+00 -0.125491277771525E+00  0.976913371304960E+00  0.438393295154365E+00  0.931339292684996E-01 -0.893944847282374E+00
 0.822046469989760E-02  0.105303439785955E+00  0.994406159237443E+00 -0.402417023181095E+00 -0.968399932249819E-01 -0.910320028982254E+00
 0.445797314095549E-01  0.473717993521474E+00  0.879547559920122E+00  0.191292328385045E+00 -0.497157456325404E+00 -0.846310645520356E+00
-0.966202328244978E-01 -0.272684840437716E-01  0.994947717413782E+00 -0.152828567937298E+00 -0.173252153938430E+00 -0.972947645034371E+00
-0.259348048813143E+00 -0.375334832812608E+00  0.889866480352163E+00  0.567461314143845E+00  0.790984337835489E+00 -0.228760648384056E+00
-0.207045565858533E+00  0.952843689044980E-01  0.973680143938856E+00  0.517346938572284E+00 -0.563027991907224E+00 -0.644477792851549E+00
-0.365671954909146E+00  0.340654927717754E+00  0.866162941723170E+00  0.672997455183441E+00 -0.601910343542213E+00 -0.429858539118985E+00
-0.283287575311527E+00  0.211437513307021E+00  0.935436971495493E+00 -0.377013634730165E+00  0.199527948263615E+00  0.904460788032992E+00
-0.219311547295338E+00  0.482369871338148E+00  0.848069426667501E+00  0.735750189917858E-01 -0.925240165395818E+00 -0.372179194634355E+00
 0.533834375553552E+00 -0.173179767581021E-01  0.845411702756920E+00 -0.866529403574670E+00  0.420779190237038E+00 -0.268461665427281E+00
 0.277789367344165E+00  0.618992266043023E-02  0.960622065251463E+00  0.615444430941882E+00 -0.289965876612707E+00  0.732903774599946E+00
 0.144488908934033E+00  0.259709770824297E+00  0.954816102782857E+00  0.460402448180649E+00  0.829807055962954E+00  0.315356679940918E+00
 0.369169178016294E+00 -0.177583755523397E+00  0.912237977600681E+00 -0.423434996018598E+00  0.173048663063629E+00 -0.889245165496344E+00
 0.184188435071180E+00 -0.605885507995722E-01  0.981021736710272E+00 -0.231132431951631E+00  0.131003500831443E+00 -0.964062177284241E+00
 0.709091111289461E-01 -0.222912952888704E+00  0.972255991698350E+00  0.848962325865356E+00 -0.523542926065758E+00 -0.718733179127578E-01
 0.881042811424136E-01 -0.539282507596853E-01  0.994650380492753E+00  0.451069648195335E-01 -0.873203462193538E-02  0.998943999079093E+00
 0.194456595014770E+00 -0.852432130226240E-01  0.977200198162506E+00  0.544792315652716E+00 -0.126142259795612E+00  0.829029229339598E+00
 0.452953546736330E+00  0.289718943593093E-01  0.891063249066088E+00  0.827954605856042E+00  0.549392746813933E-03  0.560794854478334E+00
 0.152854713411685E-02 -0.180192380385631E+00  0.983630199614987E+00  0.233772325719672E+00  0.971581650704622E+00 -0.371429097096204E-01
 0.855370787825937E-01 -0.200827026616718E-01  0.996132568088778E+00  0.142629911149316E-01 -0.144112709541622E-01 -0.999794420045412E+00
 0.345052728229096E+00  0.502440726252516E+00  0.792774830165856E+00  0.125738601321309E+00  0.861716582574661E+00  0.491563155101772E+00
-0.195184086995384E+00 -0.445657963373777E-01  0.979753572068300E+00  0.526638533704651E+00 -0.208611563246137E+00 -0.824095304256381E+00
 0.363163321067597E+00 -0.517563564400567E+00  0.774751804796952E+00 -0.323641983168541E+00  0.637319406660856E+00 -0.699342434451241E+00
 0.100952886433449E+00  0.280173179345341E+00  0.954626368950847E+00 -0.320167208512241E-01 -0.762865671485298E+00 -0.645763808876915E+00
 0.793044527242035E-01  0.313599750228540E+00  0.946237813889675E+00 -0.296329265741672E+00 -0.828136801661045E+00 -0.475792395903525E+00
-0.294483588498395E+00 -0.129835361004294E+00  0.946795751542006E+00 -0.537186139158155E+00 -0.144020595878529E+00  0.831077084186027E+00
 0.753765548976663E-01 -0.580722833114341E-01  0.995462698890700E+00  0.103973792350644E+00  0.295566061007733E-01  0.994140763443502E+00
-0.424608411184502E+00 -0.276628456689990E+00  0.862081431246891E+00  0.543645045645108E+00  0.249779858257280E+00 -0.801286519763375E+00
 0.118311096455737E-01 -0.221308990537792E+00  0.975131968274909E+00 -0.757847492063282E+00  0.417614410848296E+00 -0.501263785471507E+00
-0.121280910894281E+00  0.546919789116123E-02  0.992603157624980E+00 -0.400366252563215E-01  0.999070469865667E+00  0.159770109995397E-01
-0.391854305598230E+00  0.715100629485857E-02  0.919999492550458E+00 -0.837529306995012E+00 -0.742934271504642E-01  0.541317971812034E+00
 0.205642301946427E+00  0.334501719088714E+00  0.919684643547379E+00  0.250242485121735E+00 -0.317704292375183E+00 -0.914572403501485E+00
 0.228456362645308E+00 -0.337020861496648E-01  0.972970636636089E+00 -0.179725717512457E+00 -0.197858080462785E+00 -0.963613432067141E+00
 0.789870572817008E-01 -0.155017439276122E+00  0.984749023001420E+00 -0.506950896333695E+00  0.373132534687204E+00 -0.777028249334840E+00
-0.552830421614731E-01 -0.273180668956464E-01  0.998096943423061E+00 -0.248365184525393E+00 -0.291999782146930E+00  0.923607526139655E+00
-0.454523756485410E+00 -0.161606378710876E+00  0.875951787001059E+00  0.293908523410347E+00  0.910523740655197E+00 -0.290799411227083E+00
-0.381961794537318E+00  0.243284856801774E-01  0.923857842039749E+00 -0.311610247161424E+00 -0.948138204416015E+00  0.627136284293174E-01
-0.233417520175812E+00  0.386858626588460E-01  0.971606744164178E+00 -0.180424077970550E+00  0.463315064076881E+00 -0.867632585538321E+00
 0.506239609550526E-01  0.144298599441247E+00  0.988238396732547E+00 -0.224786418075151E+00 -0.211210861939875E+00 -0.951241839937436E+00
 0.267207427229675E-01 -0.983467415829673E-01  0.994793405852867E+00 -0.735465045001001E+00  0.561234359762771E+00  0.379614489980754E+00
 0.158715446948779E+00  0.304518375840941E+00  0.939190058334864E+00 -0.348660031749816E+00 -0.867238886169952E+00 -0.355433392599679E+00
-0.259042366083486E+00  0.101155426257205E+00  0.960554335950129E+00 -0.363509132569738E-01 -0.500535706867389E-02 -0.999326551986886E+00
 0.276787250455750E+00 -0.490568250700093E+00  0.826275746582336E+00 -0.852349699703688E+00  0.475309464173727E+00 -0.218130471695077E+00
-0.320154965981477E+00  0.520420903553886E+00  0.791620414656896E+00 -0.426092857164384E+00  0.776601062664907E+00  0.464042742149070E+00
 0.143593336764918E-01 -0.390910408589437E+00  0.920316718305609E+00  0.311299231929749E-01 -0.207698915763959E+00  0.977697339810473E+00
 0.247151321418817E+00 -0.124065374353187E+00  0.961001564622834E+00 -0.208474157068529E+00  0.319324162785560E-01 -0.977506443265301E+00
 0.539361494054391E-01  0.460726791993610E+00  0.885901639532624E+00 -0.947307107001237E+00 -0.262351872235011E+00 -0.183795375784407E+00
-0.880086848141337E-01 -0.154022181320884E+00  0.984140050530636E+00 -0.498654869246402E-01  0.584601473669819E+00 -0.809786731304511E+00
-0.767695345899049E-01  0.267447058475725E+00  0.960509505143771E+00  0.235159688021320E-01  0.248991548151060E-01  0.999413343567510E+00
 0.428083908202581E+00  0.247373833339697E+00  0.869223995364157E+00 -0.178568938954038E-03  0.472100079881874E+00  0.881544940821886E+00
 0.326371985566287E+00 -0.405707578646559E-01  0.944370340832349E+00 -0.539587351542758E+00  0.382562654259134E+00 -0.749994203725121E+00
-0.706917448457824E-01 -0.139700535866581E+00  0.987667169389187E+00 -0.695728093756940E+00 -0.527124241443932E+00  0.487957430150924E+00
 0.345221122372810E-01 -0.352782808029322E+00  0.935068186885653E+00  0.563640858614678E-02 -0.753460839298957E-01  0.997141513795649E+00
-0.192954370100005E+00 -0.354480169498490E+00  0.914938479074758E+00 -0.619695031246039E+00 -0.208068153998371E+00  0.756760009210768E+00
 0.340652138065836E+00  0.696134190687582E-01  0.937608709812751E+00  0.762099131642950E+00  0.646869744768378E+00 -0.276486320159723E-01
-0.159596704558287E+00 -0.469485642833539E+00  0.868396293789485E+00  0.503999976941900E+00  0.855507749022008E+00 -0.118703473436382E+00
 0.810879618013479E-01 -0.534381395205025E-01  0.995273383395482E+00  0.603172515396496E+00  0.639028258802488E+00  0.477311010895542E+00
 0.333284320735558E+00  0.460914136379742E-02  0.942815102428746E+00  0.916097470596764E+00 -0.239074314976541E+00  0.321883358197824E+00
-0.227054540239410E+00 -0.737186622407068E-01  0.971087943800205E+00 -0.596876198405277E+00 -0.759202730673852E+00  0.259518819191656E+00
-0.251346262957038E+00 -0.201822133121887E-01  0.967686795592124E+00 -0.673273716756581E-02 -0.566510556128637E-01 -0.998371337803816E+00
-0.210210751016896E+00 -0.160318628593607E+00  0.964421784015053E+00 -0.426324500634090E+00 -0.248821633078397E+00  0.869675350387312E+00
-0.993463227521679E-01 -0.219140089561359E+00  0.970622444260724E+00 -0.259853096572935E+00 -0.533642895801753E+00  0.804799122739194E+00
-0.218112050340497E+00  0.364839959321478E+00  0.905162381884359E+00 -0.439911811739903E+00  0.730619581933151E+00  0.522180643443956E+00
-0.174438450411797E+00  0.621082572851107E+00  0.764086163150846E+00 -0.429581415065825E+00  0.612368368065443E+00  0.663675213958537E+00
-0.167890190420950E+00  0.137221142467225E+00  0.976208605790999E+00  0.932572644535980E+00 -0.289589163400832E+00 -0.215514220189702E+00
 0.395572173157793E+00 -0.256058980329136E+00  0.882018398003139E+00  0.599046788909607E+00 -0.742967465905161E+00  0.298567059977405E+00
 0.147471495788877E+00 -0.411009938349096E-01  0.988211954104773E+00  0.566109305747895E+00  0.823082438355117E+00  0.453382136506422E-01
-0.386979911240293E+00  0.194547304520558E+00  0.901331179201208E+00 -0.293843523423526E+00  0.179702345781201E+00  0.938809379300602E+00
 0.170095422790728E+00 -0.724708220527216E-01  0.982759139920177E+00  0.611727312850004E+00 -0.230752064480741E+00  0.756665830767578E+00
-0.219388590695104E+00  0.197563954730101E-01  0.975437507537377E+00 -0.316559522501972E+00 -0.155773865937831E+00  0.935694699890999E+00
 0.157504469748556E+00  0.256598304619783E+00  0.953598265558133E+00  0.199866552063853E+00 -0.569503320962358E+00 -0.797320091794351E+00
-0.104206177310392E+00  0.424646267842403E+00  0.899342326268409E+00  0.528951643350550E-01  0.956083255136102E+00  0.288282692575053E+00
-0.220512694716078E+00  0.257796229440416E+00  0.940699343868889E+00  0.115469816129525E+00  0.174670638245090E+00  0.977832751393645E+00
 0.802520049643809E-01  0.365154038367532E+00  0.927481613814031E+00 -0.120231005742449E+00  0.678724603359775E+00  0.724484242790880E+00
-0.292571473334277E+00 -0.280832064258051E-01  0.955831191428620E+00 -0.898278150733302E+00 -0.216585884167669E+00  0.382343979545211E+00
-0.321997617399154E-01 -0.396477118754452E-02  0.999473589412608E+00  0.302879752807011E-01  0.178294400216576E+00 -0.983510927953933E+00
-0.318377874383252E+00 -0.109790025700642E+00  0.941584663936204E+00  0.180754979859629E+00  0.203675646189197E-01 -0.983317242586257E+00
-0.128544427988144E+00  0.164324857704685E+00  0.977994719399617E+00  0.682670518180439E-01 -0.126337548898779E+00 -0.989635505312093E+00
-0.153542508065683E+00 -0.245011482015427E+00  0.957284739195974E+00 -0.127028869730735E+00 -0.140146024120264E+00  0.981948449857840E+00
 0.185534035390006E+00  0.210895192979350E+00  0.959739724764012E+00 -0.527394224580844E+00 -0.813195543944522E+00 -0.246106357470794E+00
-0.276538787148841E+00  0.216829775551477E+00  0.936221740634421E+00 -0.578754032365208E+00  0.494882015785576E+00  0.648178648578474E+00
-0.731519598887917E-01  0.271624866189574E+00  0.959619050890469E+00  0.812540192604572E+00 -0.124674198018357E+00  0.569416174472244E+00
-0.213692211272813E+00 -0.258145768652525E+00  0.942176417115252E+00 -0.540467483145965E+00 -0.250288455800048E+00  0.803274914680580E+00
 0.423926771959981E+00 -0.766640089954359E-01  0.902445966105638E+00  0.710724545674232E+00 -0.509633258643564E+00  0.484917066992386E+00
 0.427324208115341E-01 -0.206861398575526E+00  0.977436597427661E+00 -0.765147355487731E-01 -0.287684830734637E+00  0.954663780296018E+00
-0.153759224179311E+00 -0.285454018884962E+00  0.945977856021059E+00 -0.277399233472311E+00 -0.214951443054419E+00  0.936400310976986E+00
 0.464433740450011E-01 -0.749537394547627E-01  0.996104889029797E+00 -0.581442418542917E-01 -0.855980828577713E-01 -0.994631698343796E+00
-0.996407399768115E-01  0.203417691633084E+00  0.974008709235981E+00  0.771870209215149E-01  0.423077063495793E-01  0.996118578174657E+00
-0.328417071270888E+00  0.328950809680640E+00  0.885400244018660E+00 -0.582623346131402E+00  0.752032858909657E+00  0.308215209979678E+00
-0.240945377141765E+00  0.134494847404478E+00  0.961174521747044E+00 -0.998285025229587E+00 -0.580500493412549E-01 -0.756307965318719E-02
-0.107786217822489E+00 -0.122352631283690E+00  0.986616422357483E+00 -0.527170609383093E+00 -0.746660319990801E+00  0.405696333670755E+00
-0.123091651153121E+00 -0.165265921536357E+00  0.978537490643632E+00  0.858399565816969E+00 -0.719877301994001E-01 -0.507905455873411E+00
-0.342450269070269E+00  0.369465613411255E-01  0.938809227063074E+00 -0.329287584885083E+00  0.310355331796222E+00  0.891767489016171E+00
 0.388659225748757E+00  0.319674795053189E+00  0.864148153760730E+00  0.652140699475641E+00  0.550265413948232E+00  0.521459952728685E+00
 0.361952672665079E+00  0.123154082948025E+00  0.924025613608106E+00 -0.966340833240953E+00  0.543405110248634E-01 -0.251460738233103E+00
 0.253017970246586E+00 -0.134681717605489E+00  0.958041096026226E+00  0.839771905516101E+00 -0.481936438029925E+00  0.250040829475678E+00
 0.259899772220903E+00  0.566460723595129E-01  0.963972681607609E+00 -0.306549068078122E+00 -0.221406050571651E+00 -0.925746741625753E+00
 0.249764507759857E+00 -0.227983421670896E+00  0.941085144982486E+00  0.621166065991725E+00 -0.517717003755569E+00  0.588321189897764E+00
 0.179223036340222E+00  0.148964460175732E+00  0.972465265626256E+00  0.144240626660121E+00 -0.607208161878815E+00  0.781340444216506E+00
-0.486903403448095E-01 -0.288412563481412E-02  0.998809757950146E+00 -0.926844236387487E-01  0.461849153305176E-01  0.994623823970985E+00
 0.148730266567476E+00 -0.147435059465865E+00  0.977825245658479E+00  0.387189527726917E-01 -0.212131783489419E+00  0.976473731920006E+00
 0.462083962146723E-01 -0.638420295231871E+00  0.768299623034736E+00 -0.134237821834661E+00 -0.847052095934877E+00  0.514279062340104E+00
-0.246230182894583E+00 -0.117947180690249E+00  0.962007879177152E+00 -0.648923813917243E+00 -0.201569741931864E+00  0.733667174452164E+00
-0.305456082507599E+00  0.228806690654898E+00  0.924307351464146E+00  0.794648837113016E+00 -0.104057390721951E+00 -0.598084680552069E+00
-0.162630957697414E+00 -0.107559746897404E+00  0.980806847674805E+00  0.746879040207614E+00 -0.169191207092875E+00 -0.643075450270814E+00
 0.211305633833671E+00  0.232285365003268E+00  0.949417420482397E+00 -0.543602409680779E+00 -0.837503561320437E+00  0.555356188840558E-01
-0.197834756604338E+00 -0.178716947076054E+00  0.963805821681482E+00  0.140671491689938E+00 -0.104660997894268E+00 -0.984508815067445E+00
 0.256581273858408E+00 -0.195492243012730E+00  0.946545737313865E+00  0.624899478673809E+00 -0.761074863051469E+00  0.173970383641554E+00
 0.134747115382484E+00 -0.169874480844318E+00  0.976209954699281E+00  0.415716785439266E+00 -0.877601209791555E+00  0.238737661202505E+00
-0.935466481358569E-01 -0.114020669488538E+00  0.989064361683269E+00  0.495220868247965E+00  0.337305940630964E+00 -0.800612886523064E+00
 0.398646046835062E+00  0.424575142531703E-01  0.916121546971918E+00  0.909171229699757E+00  0.139704483313438E+00  0.392288583097135E+00
 0.231683310565040E+00 -0.195582636117783E+00  0.952927214458083E+00 -0.924611390905347E+00  0.308818823376363E+00 -0.222990381264569E+00
 0.244598130645632E+00  0.503683255784135E+00  0.828537827939893E+00  0.220060048178992E-03  0.903266571520863E+00  0.429079773872553E+00
-0.479898565352989E+00 -0.270320690219696E-01  0.876907426252358E+00 -0.619562478058772E+00  0.484496482859628E-01  0.783450679598046E+00
-0.210291475874765E-01  0.507202893906749E+00  0.861570078034493E+00  0.506320417692521E+00  0.621583173579809E+00  0.597724010685637E+00
 0.208572884914572E+00 -0.307936782289294E+00  0.928263049890347E+00 -0.728894037529513E+00  0.926266836812289E-01 -0.678331614716683E+00
-0.119126348298220E-01  0.288457417075549E-01  0.999512887519092E+00  0.614883582426748E+00 -0.774269424609098E+00  0.149749918789776E+00
 0.170685916360259E+00  0.776187749425654E-01  0.982263530694627E+00  0.616659947021094E+00  0.776460897499044E+00  0.129765112395132E+00
-0.483777582379338E+00 -0.187855538089869E-01  0.874989344938150E+00 -0.624105560413582E+00 -0.357526677119478E-01  0.780521618030102E+00
-0.156341676254936E+00  0.484823794904038E-02  0.987691133327917E+00 -0.302690974708223E+00 -0.164657744517458E+00  0.938757690248452E+00
-0.334113200589484E+00 -0.170505519915458E+00  0.926982328240517E+00  0.351456228709010E+00  0.573296617388000E+00 -0.740141545782371E+00
 0.620972854539493E-01 -0.275371873957876E+00  0.959330109072043E+00  0.341023397831092E+00  0.772826494734061E+00 -0.535202999962446E+00
 0.585933599071610E+00 -0.126390618695379E+00  0.800441896070407E+00 -0.860547936814726E+00  0.232600480722020E+00 -0.453160308071882E+00
-0.317233468047179E+00  0.297678243642123E+00  0.900416897893915E+00 -0.528425522850690E+00  0.411194953219780E+00  0.742755126031829E+00
-0.518219469592168E-01 -0.162187510473676E+00  0.985398242975756E+00  0.785866554676389E+00  0.614472575450220E+00 -0.695500701698826E-01
 0.274087381825602E+00 -0.156136078536999E+00  0.948945536953030E+00 -0.761234268730058E+00  0.463788292592375E+00 -0.453235929473010E+00
 0.904556270622107E-01 -0.662295728240878E-01  0.993695840393992E+00 -0.419596621108115E+00  0.466586815072353E+00 -0.778611212066261E+00
 0.430168358400927E-01 -0.540927803939012E+00  0.839968251042874E+00 -0.556253023994308E-01  0.773251920154079E+00 -0.631654410030518E+00
-0.498143507804742E+00  0.146751915592352E+00  0.854585818336557E+00  0.622379919193779E+00 -0.595978302967650E+00 -0.507398362803966E+00
-0.160360898053440E+00  0.810137936132675E-01  0.983728187875025E+00  0.233216702462145E+00 -0.176685763053753E+00  0.956238521932052E+00
-0.299868248017861E+00  0.199127334726590E+00  0.932966954610603E+00  0.283880625775071E+00 -0.129019575638113E-01 -0.958772824917653E+00
-0.145011871086438E+00 -0.235727955545698E+00  0.960939065819605E+00  0.434538136381999E+00 -0.190564035529222E+00 -0.880262436090781E+00
 0.323610266244418E+00  0.187474330605475E+00  0.927431814714832E+00  0.604410932504182E+00  0.367822270231294E+00  0.706678287618433E+00
 0.886065901322753E-01 -0.196839172098856E+00  0.976423684940389E+00  0.226519336085318E+00 -0.353034335677943E+00  0.907775163910040E+00
 0.269564467670994E+00  0.171070232599527E+00  0.947665538725344E+00  0.285728333920678E+00 -0.115891601808916E+00  0.951277275995320E+00
-0.308595520935068E+00  0.826013939905226E-01  0.947600028582543E+00 -0.888567996897161E+00  0.169642058655713E+00  0.426225863627748E+00
-0.180108466163034E+00 -0.268619180965793E+00  0.946258250179974E+00  0.942551185989479E+00 -0.320193005227344E+00  0.952559772051583E-01
 0.498500764122331E+00 -0.804863333317040E-02  0.866851894888002E+00 -0.503386063442567E+00  0.633862044810792E+00 -0.587214934483174E+00
-0.285693405119019E+00  0.110559216189501E+00  0.951922233161440E+00  0.923463944020586E+00  0.377637517507117E+00 -0.678546200711878E-01
 0.219663461620075E+00  0.181148267421730E+00  0.958610071321594E+00  0.316490795854959E+00  0.840464344939590E+00  0.439833219555277E+00
 0.880255592196094E-01  0.198519464328032E-01  0.995920378919371E+00  0.385796705717871E-01  0.178565163654191E+00 -0.983171445551448E+00
-0.424414776480132E-01 -0.203964572900432E+00  0.978057858194799E+00  0.258762549897708E+00  0.569213855055881E+00 -0.780408566061944E+00
 0.506054199302981E-01 -0.431259678352972E+00  0.900807516232280E+00 -0.215584342034757E+00  0.877123339749034E+00 -0.429159688620613E+00
-0.551555314516786E+00  0.825768196258669E-01  0.830040844711130E+00 -0.416641829201355E+00  0.121363029546245E+00  0.900933183548651E+00
-0.179095736063580E+00 -0.248680947159797E+00  0.951883660876449E+00  0.102336849237441E+00  0.264345745141114E+00 -0.958983053194342E+00
-0.658145457632536E-01  0.876955086595942E-01  0.993970796013098E+00 -0.261493618048690E+00 -0.103180213660882E+00  0.959674388127921E+00
 0.899278224287304E-01  0.170125631393346E+00  0.981310479051478E+00  0.185794839440402E+00  0.952379339062903E+00  0.241772356077826E+00
-0.181629133838112E+00  0.231611228666514E+00  0.955702410008892E+00 -0.551989873625389E+00  0.735833760549059E+00  0.392244638269610E+00
 0.150645688339040E+00  0.254484614149528E+00  0.955271405280208E+00  0.441475444683410E+00  0.895451954937767E+00 -0.571421747898696E-01
 0.310090471737000E+00  0.232082016827408E+00  0.921944595300199E+00 -0.585078544975868E-01 -0.937258035076921E+00 -0.343692022959275E+00
 0.683735109740067E-01 -0.188022359687191E+00  0.979781942707023E+00  0.166203845925421E+00 -0.117594139388574E+00  0.979054594995121E+00
-0.125369781381119E+00  0.219680486460871E+00  0.967482765626740E+00  0.187835471066018E+00 -0.856959488331564E+00 -0.479935694825788E+00
-0.308802212228576E+00  0.127507261673699E+00  0.942540764075067E+00  0.485936514357417E+00 -0.295806768390473E+00 -0.822413557639068E+00
 0.930777686847330E-01  0.192696400226702E+00  0.976833980938594E+00  0.276525209442877E+00 -0.383480422678856E+00 -0.881179081665367E+00
 0.707508266456390E-01 -0.942177360030996E-01  0.993034409651251E+00  0.103718330049263E-01  0.151603352963159E+00 -0.988386993262480E+00
 0.272344451193127E+00  0.638834043907114E-01  0.960076773257101E+00 -0.276838700485376E+00  0.403916183186634E-01 -0.960067107593614E+00
 0.111245037927863E+00  0.288132812857182E-01  0.993375224352801E+00  0.657396608207996E-01 -0.105401248471856E+00 -0.992254440058466E+00
 0.159657269021124E-01 -0.357886117791734E-01  0.999231840381103E+00 -0.716538404278142E+00  0.746715444130930E-01  0.693539382911668E+00
 0.178296696920184E-01 -0.190500825439352E+00  0.981525108382663E+00  0.338810353148891E+00  0.100910911284065E+00 -0.935427459818742E+00
 0.758140299385886E-01 -0.423883941754694E+00  0.902537886621373E+00  0.186032130645168E+00  0.770392512419375E+00 -0.609825731808508E+00
 0.911455422091702E-01  0.735146222075509E-01  0.993120380647320E+00  0.114492465751116E+00  0.326858891544255E+00  0.938112328191401E+00
-0.381047891156869E-01 -0.247452323716200E+00  0.968150490643837E+00 -0.623260302361240E-01 -0.411768382543091E+00  0.909154698108552E+00
 0.122651386197067E+00 -0.154329656628159E+00  0.980376965533653E+00  0.253797137492517E-01  0.701150730127184E-02  0.999653294345280E+00
-0.656952813375155E-01  0.138759085983750E+00  0.988144749551876E+00  0.221246296435141E+00  0.394563906515773E+00  0.891834850176167E+00
-0.218130590621483E-01  0.970602408082960E-01  0.995039446508824E+00  0.201688706762310E+00  0.318083940686828E+00  0.926360767866216E+00
-0.123315426055689E+00 -0.111923840662535E+00  0.986035678658765E+00 -0.207565193130507E+00 -0.573220144861938E-01  0.976540258901772E+00
 0.543717356501625E+00 -0.380546293663889E+00  0.748034728216252E+00  0.464730593844681E+00 -0.852601888507085E+00  0.238946636006709E+00
 0.106494869384257E-01 -0.108466091085680E+00  0.994043105459990E+00  0.436380737160201E+00 -0.328519899168118E-01 -0.899162165014757E+00
 0.517556304518211E-01 -0.358765100813078E-01  0.998015145546860E+00  0.242306364852926E-01 -0.909683884908339E-01 -0.995558952825446E+00
-0.248174590726790E-01 -0.174352909934277E+00  0.984370436635836E+00  0.627469513138907E+00 -0.778634332865139E+00 -0.325357724399321E-02
 0.425523182494187E-01  0.209578246403481E+00  0.976865527514428E+00  0.424192416413517E-01 -0.615552733054429E-01  0.997201863349074E+00
-0.627975065314937E-01 -0.443893184861471E+00  0.893876565084334E+00 -0.149949847328202E+00 -0.969456560885910E+00  0.194085084026342E+00
-0.109021588300533E+00 -0.179674612346511E+00  0.977666265635958E+00  0.341650388635434E+00  0.491818440236284E-03 -0.939826989429373E+00
 0.216700084792395E+00 -0.794319960513389E-01  0.973001352133834E+00 -0.528893781680015E+00  0.634961895448838E+00 -0.563111675450111E+00
 0.413015621372387E+00 -0.327625079761524E+00  0.849752848546939E+00 -0.504323179046087E+00  0.355601543640208E+00 -0.786896227743881E+00
 0.172433303180569E-01  0.162955450873994E-01  0.999718521769926E+00  0.424923155658338E+00  0.362327864733735E+00 -0.829553392026608E+00
-0.197886273042709E+00 -0.925618195189028E-03  0.980224548852059E+00  0.385236457162565E-01  0.991972763129439E+00  0.120440715416648E+00
 0.466788980066288E+00 -0.138654543505503E+00  0.873431717797079E+00  0.761501639383594E+00 -0.133120722046089E+00  0.634345431589151E+00
-0.408141505133735E+00 -0.105674329153563E-01  0.912857514154728E+00 -0.868925801497813E+00 -0.393413577725679E-01  0.493376336137025E+00
-0.539354383059892E+00  0.773858402991166E-02  0.842043326552319E+00  0.769517715087805E+00 -0.473978296482119E+00 -0.428003575487347E+00
-0.215979306378800E+00 -0.197705593093229E+00  0.956172284515603E+00 -0.842766375668591E+00 -0.503782520819784E+00 -0.189599598519858E+00
 0.153737498512981E+00 -0.208008780047509E+00  0.965969527973899E+00  0.670647693969502E+00  0.544010216431249E+00  0.504266353222001E+00
-0.223272532819439E+00 -0.212573618913805E+00  0.951294818986354E+00  0.905601187454949E+00  0.292209111140614E+00 -0.307409051016067E+00
 0.202318103165061E+00  0.417401582492906E-01  0.978429938381393E+00  0.112060749577645E+00 -0.202887478885813E+00 -0.972768759426132E+00
 0.402691200248494E+00  0.216547026514239E-01  0.915079707509409E+00 -0.411847120144898E+00  0.256258040151854E-02 -0.911249352707611E+00
-0.103292100128546E+00 -0.476274584085878E-01  0.993510124385541E+00 -0.525736015615103E+00  0.350754898933485E+00  0.774966220398875E+00
 0.167141228884581E-01  0.711949224595823E+00  0.702032007598995E+00  0.344029206701682E+00 -0.494351386137045E+00 -0.798286046452394E+00
-0.136163262020968E+00 -0.446256599598811E-01  0.989680815490001E+00 -0.666335381498857E+00  0.720967105917325E+00  0.190272414048828E+00
-0.459740468303952E+00  0.176672410771898E+00  0.870301994181163E+00  0.813231380292857E+00 -0.101996435530335E+00 -0.572932325188657E+00
 0.172238511597276E+00 -0.106116549582098E+00  0.979322813492847E+00 -0.747716175930186E-01  0.667906333522122E-01  0.994961414577939E+00
-0.325858167488704E+00 -0.264194640220743E-01  0.945049451934495E+00  0.783814897821147E+00  0.463503098363224E+00 -0.413278457896509E+00
-0.173524679581901E-01  0.119961518166756E+00  0.992626881569750E+00  0.441294311672067E+00 -0.800151476733820E+00 -0.406222777262137E+00
-0.107384471613087E+00 -0.344126340562419E-01  0.993621832426044E+00 -0.274884813263549E+00  0.251947383757333E-01  0.961147004674749E+00
 0.908014598733625E-01  0.125300016236752E+00  0.987954958900423E+00  0.129141028255081E-01 -0.109819151769605E+00 -0.993867687296864E+00
 0.149051741969854E+00  0.426528364187799E+00  0.892108251704373E+00  0.123016249604866E+00  0.805057148915995E+00  0.580301636489510E+00
 0.277088523808223E+00 -0.640078321770723E-02  0.960823074217090E+00  0.312104767286905E+00 -0.949635265648986E+00  0.279906497346247E-01
-0.186202776739236E-01  0.747611191280958E-01  0.997027612619661E+00 -0.662608919755615E-01 -0.214320853197386E+00 -0.974513245717752E+00
-0.187900480215072E+00  0.202385296818352E+00  0.961110608185495E+00  0.840748695046792E+00 -0.467703590899795E+00 -0.272754436877851E+00
-0.152872687687121E+00 -0.209013263957139E+00  0.965889950692779E+00  0.626114780973393E+00  0.474600814746069E+00 -0.618655273709849E+00
-0.999639186936261E-01 -0.188212191547846E+00  0.977027832721346E+00 -0.945371010253675E+00 -0.295999950755300E+00  0.136593126198961E+00
-0.773100294980252E-01  0.286229777948857E-01  0.996596149140246E+00  0.157344301738334E+00 -0.625801175316094E+00 -0.763947419449449E+00
 0.317742499990236E+00 -0.736450240154425E-01  0.945312707064556E+00 -0.844916387811697E+00 -0.151804307897183E+00 -0.512905205385060E+00
 0.147879886645289E+00 -0.100959649444697E+00  0.983838751173067E+00 -0.200517587984660E+00 -0.207142061603620E+00 -0.957541050411634E+00
 0.301260647062855E+00 -0.306062892631754E+00  0.903087774407977E+00 -0.498591794647979E-01  0.840885734682478E+00 -0.538911164692852E+00
-0.174578385658455E+00  0.539045948639698E+00  0.823985347270215E+00  0.490297637517140E+00  0.861899669000372E+00 -0.129372281506358E+00
-0.516870666809286E-01  0.350979609307249E+00  0.934955486099981E+00  0.172903967497359E+00  0.672834199523330E+00  0.719304078937046E+00
-0.206761858283282E+00 -0.284452230481617E+00  0.936128443395070E+00  0.721688372628223E+00  0.510103498656425E+00 -0.467931953890415E+00
 0.140419547489834E+00 -0.853582450609663E-02  0.990055296628805E+00 -0.721270120915442E-01  0.996214880054352E+00 -0.485139864888468E-01
 0.923422953785559E-01 -0.100201571935750E+00  0.990672774161995E+00  0.183765638007736E+00  0.823148892128096E-01  0.979517457374544E+00
-0.879729380325591E-01 -0.220691957571949E+00  0.971368015757664E+00 -0.859844055085070E-01  0.426273416282459E+00 -0.900498560010081E+00
-0.219546403517328E+00 -0.377060191319670E-01  0.974873136784385E+00  0.319093309074700E-01 -0.693297236513014E-02 -0.999466722054928E+00
 0.414202881803818E-01  0.182981600623379E+00  0.982243398328724E+00 -0.328834969469368E+00 -0.943418425740943E+00 -0.427695782836358E-01
-0.350800447436309E+00 -0.206865065265386E+00  0.913315876819862E+00  0.808698596282959E+00  0.587768204932209E+00  0.231326098990105E-01
 0.131491983156018E+00  0.150919923403658E+00  0.979761723627501E+00 -0.591916288456389E+00  0.729684862974557E+00  0.342337710756227E+00
-0.421269951692998E-01 -0.143216407779122E+00  0.988794405739055E+00 -0.948370201331281E-01 -0.333448729498920E+00 -0.937986079005347E+00
 0.229580236421551E+00 -0.497040840172387E+00  0.836805424364202E+00 -0.478149456463436E+00  0.794990781374747E+00 -0.373313212748878E+00
 0.146733353302228E+00  0.543220285181426E+00  0.826668642683448E+00  0.403773327067374E+00  0.822223592138557E+00  0.401142698898673E+00
 0.521664593031873E-01  0.717931569301449E-01  0.996054417761285E+00 -0.148398796011725E+00  0.237836787897251E-01 -0.988641559902019E+00
 0.249212941415147E-01  0.178958267361661E+00  0.983540984220396E+00 -0.241897262298239E+00  0.392029460670561E+00  0.887580202831815E+00
 0.475119296371962E-01 -0.305783827225389E+00  0.950914753040221E+00 -0.100716615406633E+00 -0.881309573836648E+00  0.461681273656294E+00
-0.126423618406448E+00  0.335469419282065E+00  0.933529505391005E+00 -0.636752339877706E-01  0.873509143377132E+00  0.482625363002352E+00
 0.207005017681494E+00  0.442761066384166E-01  0.977337479602429E+00 -0.669162034215858E+00  0.100711521609918E+00 -0.736260389657837E+00
-0.474771960317850E+00 -0.345728570339109E+00  0.809359834280909E+00 -0.498549523591338E+00 -0.866595804365288E+00  0.214495776958375E-01
-0.202321722867087E-01  0.248977661324705E+00  0.968297879459540E+00  0.302859824955612E-02  0.632878919124505E+00  0.774244858762679E+00
 0.231107481519043E+00 -0.267103643367909E+00  0.935545282541425E+00 -0.142189285429485E+00  0.487286355713041E+00 -0.861588193190318E+00
-0.140854329782281E+00  0.816693083816801E-01  0.986656060565201E+00 -0.346701688665928E-01  0.478539837211044E+00 -0.877381105103586E+00
 0.328046470932195E+00 -0.232699737416584E+00  0.915552480808821E+00 -0.278895953440633E+00  0.945398864495607E+00 -0.168635803330307E+00
-0.154526861825378E+00  0.331924822236153E+00  0.930562927134914E+00  0.860562529769365E+00 -0.426105258266279E+00 -0.279045589885913E+00
 0.515543582500531E-01  0.298759106370621E+00  0.952935015888310E+00 -0.255458221814229E+00 -0.930129084467461E+00 -0.263819982441124E+00
 0.294815822203087E+00 -0.192829839640473E+00  0.935895444973928E+00 -0.808703310368312E+00  0.438285487637081E-01 -0.586581634653355E+00
 0.136637596184075E+00 -0.153331155383010E-01  0.990502429515913E+00 -0.158309463964267E+00 -0.311263561090320E+00  0.937044881079193E+00
-0.455139010637903E+00  0.232168386712630E-01  0.890117666040655E+00  0.875640601968787E+00  0.465067073728599E+00 -0.130254186563267E+00
-0.298261537336798E+00 -0.113336126135040E+00  0.947731490380156E+00 -0.747194397445517E+00  0.240571593013288E+00  0.619536795566720E+00
-0.763217296729918E-01 -0.408087376034810E+00  0.909747045667501E+00  0.498350822234125E+00 -0.858225532697456E+00  0.122863310246549E+00
-0.162506162014355E-01  0.419309319976234E+00  0.907697973807446E+00 -0.552532600025607E+00 -0.517779008240911E+00 -0.653155896041673E+00
 0.297058467002406E+00 -0.229645100922549E+00  0.926832991862316E+00 -0.155158041398148E+00 -0.382834868499010E+00  0.910693936320450E+00
-0.388027794577948E+00 -0.192511321244568E+00  0.901317825091485E+00 -0.341880527875990E+00  0.947199047711090E-01  0.934957669790128E+00
-0.117957741442898E+00  0.332739567487319E-01  0.992460989175884E+00 -0.319956010672465E-01 -0.953936625979162E-01  0.994925288978273E+00
-0.800658524608284E-01 -0.243030084211037E+00  0.966708765574253E+00 -0.133691762464492E+00 -0.990834879790935E+00  0.193068288131586E-01
-0.506980773355004E+00  0.189007393401023E+00  0.840979607771861E+00 -0.692664866494141E+00  0.649258063522720E+00  0.314132694375135E+00
 0.996574381452270E-01 -0.299457009316143E+00  0.948890876019873E+00 -0.546646708680128E+00  0.652664882973149E+00 -0.524600730482554E+00
-0.417024443223980E+00  0.267585625765812E+00  0.868613001651051E+00 -0.728375793511837E+00  0.312670665309934E+00  0.609676765573894E+00
-0.235629918499321E+00 -0.342231479947866E+00  0.909591202486423E+00 -0.558601927512581E+00 -0.825881382782795E+00  0.767061154798492E-01
 0.266254583393924E+00  0.138587677729108E+00  0.953887809128191E+00  0.356471644602788E+00  0.525248701099313E+00  0.772684779575519E+00
-0.367307634607787E+00  0.163883908720293E+00  0.915547467923641E+00  0.647934846855495E+00 -0.589945473910364E+00 -0.481814043011432E+00
-0.120504860561024E+00 -0.150536451210831E+00  0.981232569495131E+00 -0.245130014408315E+00 -0.514954766666956E+00  0.821421246573986E+00
-0.586203841610690E-01  0.343975805566593E+00  0.937146891231904E+00  0.897276147262252E-01 -0.733751644836361E+00 -0.673466761507557E+00
 0.276126642891195E+00 -0.151719266855887E+00  0.949070777734912E+00 -0.743847029639552E+00  0.477156126134841E+00 -0.467988918446160E+00
-0.910967324799386E-01 -0.295812800937141E+00  0.950892303120181E+00  0.172642724459893E+00 -0.525233070104857E-01 -0.983583139298223E+00
-0.693484423859101E-01 -0.193178252980423E+00  0.978709842657199E+00  0.684357937447876E+00  0.729120470240294E+00  0.612807707702206E-02
-0.312063018748143E-01  0.172650467422942E+00  0.984488691058428E+00  0.526576304638321E+00  0.277978834959132E+00 -0.803396018603661E+00
 0.128807437523062E+00 -0.141452002112311E+00  0.981529406149995E+00 -0.115244648242550E-01  0.231289985574267E-01 -0.999666062310932E+00
