#          Em_x [n.u.]            Em_y [n.u.]            Em_z [n.u.]            En_x [n.u.]            En_y [n.u.]            En_z [n.u.]
-0.359639929311928E+00  0.251731405930874E+00  0.898493417066912E+00 -0.476409571378569E+00  0.589567537455218E+00  0.652260714038396E+00
-0.187046338545129E+00 -0.565116552179279E-01  0.980724273209036E+00  0.322035684664056E+00 -0.343761516353135E+00 -0.882111692291597E+00
-0.111224121317512E+00 -0.236241382401930E+00  0.965307828662947E+00  0.936769058164784E+00 -0.310448244132037E+00  0.161510431181391E+00
 0.105459612910937E+00 -0.244820623740738E-01  0.994122174919455E+00  0.275456348220269E+00 -0.243415465476495E+00 -0.929985328589658E+00
 0.473645216193927E+00  0.730423830324070E-01  0.877681616223990E+00 -0.764622191422976E+00  0.625093168406813E-02 -0.644448469807018E+00
-0.779572993563773E-02 -0.444403209859635E-01  0.998981623687561E+00  0.988420829703052E+00 -0.146311860378735E+00 -0.402132182453056E-01
-0.209049572850554E+00  0.120572896675170E-03  0.977905037083447E+00 -0.910476306091948E+00 -0.404120202565975E+00 -0.878621529624468E-01
-0.266355083639947E+00 -0.951194595454020E-01  0.959170088063086E+00 -0.366533294644374E+00 -0.500321344319865E+00  0.784430937900274E+00
 0.311621389275286E+00 -0.134087769415059E+00  0.940697921672752E+00 -0.632193336555107E+00  0.188534323238836E+00 -0.751522717006077E+00
-0.632341078407602E-01  0.209991031964501E-02  0.997996512009051E+00  0.555547701818678E-01  0.441043451277148E+00 -0.895764668646616E+00
 0.918254875376479E-01  0.835643301618926E-01  0.992262607661433E+00 -0.368527925235892E+00  0.928010654454554E+00 -0.546204498348214E-01
 0.334672663438852E+00 -0.122641873874724E+00  0.934319634343216E+00  0.486787859110535E+00 -0.459027117201969E+00  0.743190208423006E+00
-0.208100332660112E+00 -0.350855496912313E+00  0.913014058946063E+00 -0.742115943906859E-01 -0.698689581477344E+00  0.711565533168243E+00
-0.594032039236956E-01  0.517869822626341E+00  0.853394461065082E+00  0.161393722632704E+00 -0.562118915711805E+00 -0.811156206222786E+00
-0.373652230978227E+00 -0.981651647586099E-01  0.922359805451706E+00  0.566085901032786E+00 -0.355443502780025E+00 -0.743778642462504E+00
 0.258682147818855E+00  0.484578016085075E+00  0.835624133643157E+00  0.545314645439162E+00  0.811988175726184E+00  0.208103675965671E+00
-0.275191984745192E+00  0.883870168551632E-01  0.957317662421125E+00 -0.526790488022741E-01  0.112762335732202E-01 -0.998547827784774E+00
 0.173549392412680E-01 -0.519003180532084E-01  0.998501458721973E+00  0.240197891473870E+00 -0.273187572142305E+00 -0.931489948071636E+00
 0.157638413993051E+00  0.800384983373040E-01  0.984247920606219E+00 -0.474307454866690E+00 -0.518080128521194E-01 -0.878833526933399E+00
 0.266412650585357E+00  0.137411407612578E+00  0.954013838823114E+00 -0.815095085676466E+00 -0.122611885438540E+00 -0.566203432394471E+00
-0.532868692071737E-01 -0.164388809667280E-02  0.998577892406007E+00  0.853110782674585E+00  0.521487838920373E+00 -0.158879307185486E-01
-0.189283757213088E+00  0.172856186592854E+00  0.966588018760771E+00 -0.780270416401835E+00  0.117381352595979E+00  0.614328654183447E+00
-0.191948923930589E+00 -0.326491260838890E+00  0.925504763465710E+00 -0.312239999053334E+00 -0.938527942783754E+00  0.147212375856341E+00
-0.622788154943283E-01  0.309298993172552E+00  0.948923327757869E+00 -0.429960115643881E+00 -0.895224756828793E+00  0.117076614728685E+00
-0.302082031013979E+00  0.162004084480758E+00  0.939415309195045E+00 -0.537356843584849E+00  0.244839150749908E+00  0.807032473270185E+00
-0.415676179585307E+00  0.516647654417791E+00  0.748524224664745E+00  0.529004725865119E+00 -0.835659186837064E+00 -0.147742084279286E+00
 0.313632787640352E-01  0.668261690349188E-01  0.997271581805722E+00  0.244111524344550E+00  0.118879037616093E+00  0.962433030448172E+00
 0.201564565955329E+00  0.157608146785747E+00  0.966711641503299E+00  0.803746600235541E+00  0.179288718640442E+00  0.567315571774720E+00
-0.414552551305546E+00  0.396708149779698E+00  0.819004777827597E+00  0.422143192626543E+00 -0.888914158044796E+00 -0.177839097350894E+00
 0.707548694774768E-01  0.392985165041409E+00  0.916818634465183E+00  0.333821055903210E+00 -0.916115241861047E+00 -0.222027850202495E+00
-0.354198249430324E+00 -0.108320903003510E+00  0.928875762453192E+00 -0.556396525815142E+00  0.187743905897530E+00  0.809428892404502E+00
 0.189616217072072E+00 -0.184757875281427E+00  0.964318525044899E+00 -0.202286682740133E+00 -0.819980895440653E-01  0.975887499303642E+00
-0.386287073941803E+00 -0.273035698987635E+00  0.881041317750657E+00 -0.255670475910169E+00 -0.458899786714772E+00  0.850907511719696E+00
 0.279890859591144E-03  0.287577508169241E+00  0.957757327539851E+00 -0.138000325402267E+00 -0.256139040366464E-01 -0.990100923193626E+00
 0.362727279852997E+00 -0.439000796063818E-01  0.930860732580873E+00  0.590375907040662E+00 -0.806998245704856E+00  0.144955101738449E-01
-0.112594046860009E+00  0.267119702857887E+00  0.957063030817093E+00  0.339924813960788E+00 -0.545456443588957E+00 -0.766112517193793E+00
 0.228177808587140E+00 -0.375266539537984E+00  0.898392960775827E+00  0.523060174355636E+00 -0.737481136681935E+00  0.427234861687775E+00
 0.196432319636580E+00  0.185395379477622E+00  0.962830668949915E+00  0.100110845603752E+00  0.192824984852224E+00  0.976112874522840E+00
-0.358202671767428E+00 -0.859920104287602E-01  0.929675330468167E+00 -0.716553820494303E+00 -0.753362667626924E-01  0.693451562292046E+00
-0.241138711532353E+00 -0.119416152720353E-01  0.970417188442791E+00  0.513295414597242E+00 -0.421016026241576E+00 -0.747845788248619E+00
 0.114832794169741E+00 -0.577326345106792E-02  0.993368058079328E+00 -0.633364815634167E+00  0.766011418617880E+00  0.109888656665374E+00
 0.220119495259783E-01 -0.321300570669443E+00  0.946721404303059E+00  0.185214588680014E+00  0.569363026513868E+00 -0.800950248254573E+00
 0.124536645652987E-01 -0.210356235472882E+00  0.977545477426280E+00  0.177880760515946E+00  0.232895066841514E+00  0.956095352399098E+00
 0.481120729499359E+00 -0.126087924635331E+00  0.867539439395789E+00 -0.704983794849677E+00 -0.376324267275001E-01 -0.708224293185392E+00
 0.121495435117638E+00  0.134071118253812E-01  0.992501440098742E+00 -0.404484896223847E-01  0.257090734917294E+00  0.965540405010041E+00
 0.335150704065975E+00 -0.164307405940132E+00  0.927726835829009E+00 -0.645280031499218E+00  0.292087326423760E+00 -0.705902737415707E+00
 0.824318967570582E-01  0.700182992202513E-02  0.996572103148978E+00 -0.149967704234501E+00  0.296945187956663E-01 -0.988244870080350E+00
-0.345299920517093E+00  0.157018837339882E+00  0.925263772991962E+00 -0.717275804762120E+00  0.372720726982635E+00  0.588722922587858E+00
 0.340102021435633E+00  0.406430221948449E+00  0.848024227072747E+00  0.628970530847680E+00  0.749209093053523E+00  0.207561572096343E+00
-0.129691342024457E+00  0.169390557058322E-01  0.991409715604850E+00 -0.339816712678805E+00 -0.938757470760643E+00  0.570877646720371E-01
 0.856893440795523E-01  0.358851837186612E-01  0.995675444058301E+00 -0.311823026603015E-01 -0.100596445956108E+00 -0.994438544638029E+00
-0.147837487870972E+00 -0.163629594100021E+00  0.975381685861828E+00 -0.673909848321925E+00 -0.534061237881427E+00  0.510513575262478E+00
-0.418104653150363E+00 -0.144264140192879E+00  0.896870312179205E+00 -0.244647999586845E+00 -0.240857487324490E+00  0.939220435839153E+00
-0.557669251948600E-03 -0.862199637659845E-01  0.996275969223988E+00  0.596116899886734E-01  0.158589662106453E+00  0.985543385899198E+00
 0.754495481143381E-01  0.156005546820848E+00  0.984870364591437E+00  0.232949051045341E-01  0.653007618734300E-02 -0.999707309916837E+00
-0.455504486596002E+00  0.161372044622136E+00  0.875485423011362E+00 -0.923859130507074E+00  0.334141047940491E+00  0.186638868031136E+00
 0.155096072035121E+00 -0.512203266504454E+00  0.844744353175233E+00 -0.424267940614603E+00  0.538080185581381E+00 -0.728331262854582E+00
 0.142419353602000E+00 -0.249616330330105E-01  0.989491609158923E+00 -0.236813981424697E+00  0.937907230581588E+00 -0.253474190056028E+00
-0.399134008743997E-02 -0.448258476902837E-01  0.998986843048072E+00  0.310178275190938E-01 -0.121148842968620E+00 -0.992149611814347E+00
-0.195730257995480E+00  0.124469088563588E+00  0.972726637908705E+00 -0.370220035383112E+00 -0.872386416558795E-01  0.924838658795665E+00
 0.457409884214158E-01 -0.444605662673530E+00  0.894557749224086E+00 -0.636465328372431E-01  0.651710853755149E+00 -0.755792353729205E+00
-0.124261788000787E+00 -0.170567961915096E+00  0.977479195896761E+00 -0.486316509869579E+00  0.178594957860534E+00 -0.855336245727413E+00
 0.297414410858956E+00  0.498264794527889E+00  0.814418112978524E+00  0.406153018442234E+00  0.692941544904137E+00  0.595711122068516E+00
 0.219012174233933E-01 -0.233501261981185E+00  0.972109817525041E+00  0.349867669950695E+00  0.366834929543357E+00 -0.861988832868612E+00
 0.453366279957671E-01  0.480734964741487E+00  0.875693144792726E+00  0.113374512788997E+00  0.982833523394085E+00  0.145548909795387E+00
-0.465846797491089E+00 -0.122666560764049E+00  0.876321673894704E+00  0.958951672601083E+00  0.271113916585975E+00 -0.831199966855058E-01
 0.301665395963755E+00 -0.269861721344248E+00  0.914424759196267E+00  0.278337522664555E-01 -0.964051768280088E+00  0.264252663772391E+00
 0.355458503348931E+00 -0.514272580944805E-01  0.933276212876885E+00 -0.582265746384119E+00  0.840314900308554E-01 -0.808644117811376E+00
 0.321399434187252E+00  0.176869583118305E+00  0.930279288317047E+00  0.477646105321483E+00  0.240220251427107E+00  0.845073031681592E+00
 0.107872924632023E+00 -0.195736438199095E+00  0.974705431857474E+00 -0.861698320905661E-01  0.647190283057754E+00 -0.757442735494314E+00
-0.222705386533657E+00  0.182151745581400E+00  0.957717626647095E+00  0.896230899841398E-01 -0.848980748250875E+00 -0.520768077786148E+00
 0.387247533461699E+00 -0.651868331046882E-01  0.919668431891414E+00 -0.946139124556972E+00 -0.756395951523741E-01 -0.314800585494612E+00
-0.191142389929475E+00  0.146727707033247E+00  0.970533650504100E+00 -0.509608050801901E+00  0.237278513079267E+00  0.827042043543603E+00
 0.186221182524713E+00 -0.269512103250982E+00  0.944820034387676E+00  0.353666120263710E-01  0.680635452673366E-01  0.997053938640943E+00
 0.419341675421832E+00  0.120681474438929E+00  0.899771382619861E+00  0.403951399697094E+00  0.614773855524266E-01  0.912712330226998E+00
 0.242982428187941E-01  0.173411591852832E+00  0.984549650960776E+00  0.422199071832184E-01  0.191309748204191E+00  0.980621262098415E+00
-0.224844496184086E+00 -0.450330988450489E+00  0.864087352862505E+00 -0.249771643847377E+00 -0.569113387259770E+00  0.783405436776827E+00
-0.302260034660667E+00  0.211759025029399E+00  0.929406792941353E+00  0.443485078196266E+00 -0.127421166210130E+00 -0.887178015856402E+00
 0.155340665297349E+00  0.337356964323304E+00  0.928471623867710E+00  0.970882485376246E+00 -0.706090003371147E-01  0.228913889183328E+00
-0.392721597980475E+00  0.311017377262987E-01  0.919131344471543E+00 -0.706387515402356E+00 -0.648509898000186E-01  0.704848229908853E+00
 0.220309791459265E-01  0.115918424770347E+00  0.993014377920397E+00 -0.126051392348756E+00 -0.742316659776581E-01 -0.989242491127995E+00
-0.239551499299324E+00 -0.267856286052389E+00  0.933203133945481E+00 -0.210387529777219E+00 -0.818012760627925E+00  0.535343077627909E+00
 0.412424391751254E-01  0.477643873868291E-01  0.998006825882693E+00  0.325246941048417E+00  0.368107509849873E-01  0.944912374747293E+00
 0.252689792565822E+00 -0.322249279192961E+00  0.912306566233445E+00 -0.163958348235101E+00 -0.888545729180635E+00  0.428490545051896E+00
-0.310951847600569E+00 -0.229564281021247E+00  0.922284765868433E+00  0.348406601535957E+00  0.210609644505544E+00 -0.913376383342274E+00
-0.165344624129018E+00  0.386225613815885E+00  0.907464010583437E+00  0.199187162207824E-01 -0.996181706778110E+00 -0.850014813092593E-01
-0.295411012938920E+00  0.204738944481636E+00  0.933174312787781E+00 -0.705421209482642E+00 -0.231567537842896E+00  0.669893568135585E+00
 0.898176781068102E-01  0.538615300523700E+00  0.837750764094707E+00 -0.105022789311972E+00 -0.925144139287358E+00 -0.364799308205740E+00
-0.159402608220117E+00 -0.121401546587502E+00  0.979720609652970E+00  0.425572696093808E+00 -0.806959772475597E+00  0.409516551491610E+00
-0.216123200785743E+00 -0.201624622816051E+00  0.955321031672814E+00 -0.103724142265322E+00 -0.298376545774505E-01  0.994158446466478E+00
 0.381752421108097E-01  0.569407297066876E-01  0.997647434813648E+00  0.181870477987399E+00 -0.355681458065414E+00  0.916740873761553E+00
-0.110832021105512E+00 -0.355196332568536E-01  0.993204218049322E+00  0.451743482631327E+00 -0.170542071630828E+00 -0.875695853423999E+00
 0.904699540615156E-01 -0.398506988006110E-01  0.995101557237858E+00 -0.526707531002802E-01 -0.578462407632778E-02  0.998595178183905E+00
-0.848020367322591E-01 -0.328057986842389E+00  0.940843542697180E+00 -0.607931048365020E-01 -0.187266794445407E+00  0.980426104355897E+00
-0.111451779924576E+00  0.453488285404635E-01  0.992734599226627E+00  0.945099573002997E+00 -0.786964801634870E-01  0.317165037668768E+00
 0.672981242936439E-01  0.644893199531887E-01  0.995646568857912E+00  0.867349591736240E+00  0.270029330478919E+00  0.418077560263744E+00
 0.603054570577313E-02 -0.174985374054340E+00  0.984552564054126E+00  0.403405488375086E+00 -0.520031657377664E+00  0.752881854791240E+00
-0.429589662655335E-01 -0.493407727485948E+00  0.868736635393345E+00  0.257766922889432E-01  0.684971064841923E+00 -0.728114141095999E+00
-0.129011430136114E+00  0.127849074045548E+00  0.983367004307105E+00 -0.682412392062372E-01  0.367387583249796E+00  0.927561047557233E+00
 0.221520446689088E+00 -0.115138094559852E+00  0.968334606879148E+00  0.919130893148142E+00 -0.270396170296727E+00  0.286503599191288E+00
-0.225531632947262E+00  0.262395843056973E+00  0.938234461148471E+00  0.769232541007658E+00 -0.623373078032324E+00 -0.140311451561901E+00
 0.285269984484975E-01 -0.477562320578623E+00  0.878134636785886E+00 -0.560624331476435E-01  0.715400739748877E+00 -0.696461617862985E+00
 0.396864017860774E+00 -0.282843330612600E+00  0.873211659138479E+00 -0.526561106237862E+00  0.686654794943779E+00 -0.501237063651798E+00
 0.167828920196650E+00  0.189453666295412E+00  0.967440314372341E+00  0.904935746184648E-01  0.672999672733025E+00  0.734086066789184E+00
-0.386395374119290E+00 -0.299399668581451E+00  0.872386642098864E+00 -0.739518971901928E+00 -0.480477639384987E+00  0.471437088324780E+00
-0.193681027903367E+00 -0.455598105965341E+00  0.868860187412848E+00 -0.410359517312394E+00 -0.554119292020635E+00  0.724262988673099E+00
 0.365529066403843E+00  0.367555282091159E+00  0.855155901704960E+00 -0.364146915411568E+00 -0.743673268679207E+00 -0.560666650914984E+00
 0.236848085588352E+00 -0.430895225591834E+00  0.870765346643569E+00  0.505760478102734E+00 -0.433879422468995E+00  0.745623890139838E+00
-0.207755505496241E+00  0.204998129578986E-01  0.977965954215530E+00 -0.514354751811028E-01  0.387555137763859E+00  0.920410455767279E+00
-0.187422333026702E+00  0.164588757082326E+00  0.968392177851991E+00  0.718223913658331E+00 -0.173556985193450E+00 -0.673819250793468E+00
 0.265125043751956E+00  0.273565398511440E+00  0.924592171669650E+00  0.157905279920316E+00  0.487321761192727E+00  0.858826771614221E+00
-0.115095612237163E+00  0.602051081070423E-01  0.991528287544825E+00  0.246197864437562E-02 -0.382860264346180E-02 -0.999989640177814E+00
-0.365324935545278E+00 -0.377188001873226E+00  0.851038719866330E+00  0.793890797753962E+00  0.498722298343694E+00 -0.347869904384327E+00
 0.204720143404139E-02 -0.490564032190960E-01  0.998793911810386E+00  0.100893041410393E-01 -0.462088359077620E-02  0.999938424792642E+00
-0.145731584115905E+00  0.375871440464481E+00  0.915140953970603E+00  0.464959632685081E+00 -0.856998029115551E+00 -0.222186673915013E+00
 0.449350017111193E-02 -0.241466967326467E+00  0.970398635688639E+00 -0.417270605065329E-01 -0.531528907667294E-01  0.997714198868907E+00
-0.217967970144599E+00  0.827951827789792E-01  0.972437618410373E+00  0.302811125623613E+00 -0.401831552936667E+00 -0.864197214334244E+00
-0.816600958191574E-01 -0.437169425711641E-01  0.995700988089816E+00 -0.301620863285856E+00 -0.141737393960906E+00  0.942833689461649E+00
-0.929480171198260E-01  0.112720151869108E+00  0.989269848664204E+00 -0.399181136110358E+00  0.535926998949666E+00  0.743933244565968E+00
-0.107007164715955E-01 -0.182476893433165E+00  0.983151909945750E+00 -0.248378862153290E+00 -0.196477524610033E+00  0.948527555297447E+00
 0.168782738595140E+00 -0.878143806181650E-01  0.981733681661668E+00  0.227051278081533E+00  0.194100285674750E-01  0.973689359042478E+00
-0.145758813634134E-01  0.142310312241634E+00  0.989714766340367E+00  0.892020145804667E-01 -0.309310725617123E+00 -0.946768121354429E+00
-0.196992361438579E+00  0.316226264734364E+00  0.928005904629385E+00 -0.785319238492033E+00  0.172157336821641E+00  0.594672636862310E+00
 0.900111638393812E-01 -0.407550233923940E+00  0.908735823665394E+00 -0.551238949899789E+00  0.662411744579798E+00 -0.507293111283926E+00
-0.155690033447355E+00 -0.120443763036197E+00  0.980435573319758E+00  0.147670552133609E+00 -0.718498487805951E-01  0.986423340793779E+00
-0.185624060151345E+00 -0.676801675821325E-01  0.980287255455759E+00  0.156182672437701E+00  0.989009492906003E-01  0.982764252025701E+00
-0.992593807352729E-02 -0.131450189022451E+00  0.991273082232804E+00  0.175192514887366E+00  0.254367557055279E+00 -0.951107106820872E+00
-0.256736787372193E+00  0.237137833734940E+00  0.936937495151787E+00 -0.579272329995595E+00  0.158480664217675E+00  0.799579543741958E+00
-0.385290974447362E+00  0.979153047993276E-01  0.917585667987168E+00 -0.921512912345498E+00 -0.352663195784027E+00  0.162611877548704E+00
-0.247711772904980E+00 -0.476638721432906E+00  0.843477567452197E+00 -0.790916105076195E+00 -0.611902851089286E+00 -0.515902703086498E-02
 0.129236951451215E+00 -0.771821284538195E-01  0.988605446792063E+00 -0.770630317639575E-01  0.457886353552808E-01  0.995974241638632E+00
 0.312345169263394E+00 -0.200252114081773E+00  0.928622413063352E+00 -0.382687668606826E+00  0.908497289800298E+00 -0.167877403845144E+00
 0.420623449258081E-01 -0.567827599376688E+00  0.822072123676171E+00 -0.338920059986584E-01 -0.780302155694570E+00  0.624483688936543E+00
 0.301160631912733E+00  0.390948599971512E+00  0.869747932429987E+00  0.281377623143153E+00  0.378196266138807E+00  0.881926424070044E+00
 0.333046436771723E-01 -0.734129376602673E-01  0.996745374352761E+00 -0.363216693528891E+00  0.986191733045613E-01 -0.926470664510574E+00
 0.255449591651519E+00 -0.195555751004775E+00  0.946838663328675E+00  0.105762407639006E+00 -0.856131133161163E+00  0.505819924442072E+00
-0.323245577889661E+00 -0.309907441472669E+00  0.894130680658394E+00 -0.783057561765689E+00 -0.461117301070066E+00  0.417362779384353E+00
-0.523612635479412E-01  0.454222585761885E-02  0.998617878001351E+00  0.258366228723733E-03 -0.981815834810426E-01 -0.995168483178626E+00
-0.305192911251785E+00 -0.165034024987159E+00  0.937881153194901E+00 -0.385551544359923E+00 -0.872462869384694E-01  0.918552171657728E+00
-0.205539103923690E+00 -0.282583517296670E+00  0.936963303716047E+00  0.869233188527787E+00  0.319096013834376E+00 -0.377639243083699E+00
 0.195956623631098E+00 -0.960829616088186E-01  0.975893983045073E+00  0.225956976738988E-02 -0.207430190977888E-02  0.999995295796962E+00
-0.846182272004459E-01  0.312393314976091E+00  0.946176607396157E+00  0.940097159476385E+00 -0.337686358782068E+00 -0.467466986742521E-01
-0.128296885632522E+00 -0.238337670459099E-01  0.991449373737962E+00 -0.483253003449869E+00 -0.212755689147712E-01  0.875222191688507E+00
 0.374376677312300E+00 -0.924916386227314E-01  0.922652372385984E+00 -0.708497764240786E+00  0.705258059648636E+00  0.253374696141669E-01
-0.186443816585726E-01  0.109168589795956E+00  0.993848381814113E+00  0.998895435974939E+00 -0.925387885634008E-03 -0.469792682541800E-01
-0.269990841307393E+00 -0.221704611926070E+00  0.936990934140153E+00 -0.854318595466160E+00 -0.519749563492277E+00  0.358734323838117E-03
 0.125146789924621E+00  0.255853285055089E-01  0.991808283861769E+00  0.287002192536120E+00 -0.547062959320984E+00 -0.786353521018650E+00
 0.208954133815627E-01  0.316422518566426E+00  0.948388196596569E+00 -0.256885100407543E+00 -0.716488228731060E+00 -0.648578956857555E+00
 0.431252407011859E+00 -0.199355656514305E+00  0.879931067562811E+00  0.874574137675152E+00  0.322069178504070E+00  0.362479684903136E+00
-0.155494488362968E+00  0.449141937797843E+00  0.879825541684224E+00 -0.138274363122349E-01 -0.866183197215019E+00 -0.499535254879371E+00
-0.158401591045987E+00  0.285149505685387E+00  0.945303493784657E+00  0.295492987218707E+00 -0.455525796074089E+00 -0.839750048297487E+00
 0.137798842695332E+00  0.311669070512415E+00  0.940145663946686E+00  0.247754524869729E+00  0.934752134817067E+00  0.254668690383231E+00
-0.111414289751037E+00 -0.211201836407382E+00  0.971071902763859E+00 -0.112954682157570E+00  0.856725953235831E+00 -0.503251309815323E+00
-0.100410192898657E+00  0.160231644832892E+00  0.981959068982104E+00 -0.147516099959020E+00  0.642247328122958E-01  0.986972230586084E+00
 0.512827749772810E+00  0.225401533257164E+00  0.828373012518078E+00  0.518032876615771E+00  0.643688361881020E+00  0.563300303145771E+00
-0.467601964011201E-01 -0.246273152691626E+00  0.968071804307850E+00 -0.372557876565461E-01  0.415491198481911E+00 -0.908833906866461E+00
-0.371924984886759E+00  0.147150985790740E+00  0.916525173139176E+00  0.129106338549113E+00 -0.541229800167726E+00 -0.830904240425361E+00
 0.171516662434772E+00  0.338148194533038E+00  0.925331201808997E+00 -0.249100605399785E+00 -0.936801357950394E+00 -0.245666652461742E+00
-0.855912532713329E-01 -0.455382300299454E-01  0.995289107229242E+00  0.935045500519221E-01 -0.102294033033303E+00  0.990349852287246E+00
 0.968261983940040E-01  0.244274718747671E+00  0.964859859816601E+00  0.639427852022273E+00 -0.430848444962696E-01  0.767642962732620E+00
 0.323471820113113E+00 -0.464008029340683E-01  0.945099437667690E+00 -0.754171067688914E-01 -0.233648060227190E+00 -0.969391997057269E+00
 0.263870416975932E+00 -0.401852379407419E+00  0.876862057686124E+00  0.462987291877798E+00 -0.740525418056078E+00  0.487098422059171E+00
 0.203793197224890E+00 -0.175128830704911E+00  0.963222832692824E+00  0.390318110812327E+00 -0.414790591740029E-01  0.919745214731741E+00
 0.940603218570551E-01 -0.828159802329373E-01  0.992116005954044E+00 -0.826612188570700E+00 -0.649058267061489E-01 -0.559016568060330E+00
 0.263888752568498E+00  0.115549731701508E+00  0.957606905662000E+00  0.106143327006194E+00  0.590486526002001E+00  0.800037034606613E+00
-0.337514832278533E+00  0.293381147541980E+00  0.894433474473616E+00  0.711728371875383E+00 -0.651657433093098E+00 -0.262269545624593E+00
 0.130444597466287E+00  0.864916706249673E-01  0.987675755450320E+00  0.913764248227517E-01 -0.117347437462771E+00 -0.988878115799684E+00
 0.832656540429872E-01 -0.676802573993364E-01  0.994226439808937E+00 -0.848225773135627E+00  0.433751565249297E+00 -0.303928638716810E+00
-0.463021763624220E+00 -0.480354035001688E-01  0.885044318902106E+00 -0.699536529563849E+00 -0.318914085289739E-01  0.713884851966901E+00
-0.162366879342162E-01 -0.121914146891798E+00  0.992407834890763E+00  0.136222539629523E-02 -0.985991955364635E+00 -0.166787314560168E+00
 0.201999823382498E-01  0.143011472028324E+00  0.989514870823994E+00  0.605880677720449E-01 -0.558436410950857E+00 -0.827331772004421E+00
 0.274327190003958E+00  0.332504727997807E+00  0.902322114703855E+00  0.173864229451589E+00  0.158940618681366E+00  0.971858585109166E+00
 0.163379438660907E+00  0.125004089551549E+00  0.978611841650322E+00 -0.130940207480651E+00  0.310812229778018E-01  0.990902931493861E+00
-0.431474909302031E+00 -0.134939049943979E+00  0.891975815503437E+00  0.780029157238108E+00  0.827284502451839E-01 -0.620250366689482E+00
 0.602599229473863E-01 -0.187947638929296E-01  0.998005760773245E+00 -0.166940639514195E+00 -0.985673458999607E+00  0.240552510346949E-01
-0.116734659625234E+00 -0.369738458781512E+00  0.921773557518360E+00  0.467160542065080E+00  0.814581940314287E+00 -0.343827413757646E+00
 0.937988001967112E-02  0.170460034669125E+00  0.985319945211411E+00  0.277572666390474E+00  0.638207444010762E+00  0.718084029401945E+00
 0.337373959192304E+00 -0.380370702114477E+00  0.861102166198558E+00 -0.816582602572471E-01  0.705914413760579E+00 -0.703574281065488E+00
-0.412631030088179E+00 -0.190874548892901E+00  0.890675327823388E+00 -0.863246962868919E+00 -0.349046483911308E+00  0.364652208503858E+00
-0.299848714529387E+00  0.381528325498608E+00  0.874372280689011E+00 -0.765173375102267E+00  0.622101761034494E+00  0.165828540825716E+00
 0.101789254274307E+00 -0.479979584750036E-01  0.993647394047059E+00  0.631093780138904E-01  0.968025512471742E-01  0.993300796576112E+00
-0.145059714739594E+00 -0.931927618839146E-02  0.989379012437090E+00  0.784218733206613E-01  0.317923690065528E-01  0.996413194943659E+00
 0.658920886297925E-01 -0.267350223836587E-01  0.997468531450566E+00  0.331509626811260E-01  0.171939925175947E+00 -0.984549478596076E+00
 0.241733933573869E+00 -0.154853577358655E+00  0.957906610760220E+00  0.286970966992219E+00 -0.429687700237698E+00  0.856163620091387E+00
-0.189185098324796E-01 -0.912436569390882E-01  0.995648876388710E+00 -0.215971699075244E+00 -0.194531263438641E+00  0.956824860015415E+00
-0.254957228810711E+00  0.572293817913669E-01  0.965257276241387E+00 -0.299677703311698E+00  0.124045684533033E+00  0.945941828172619E+00
 0.124818606326715E+00  0.283696966938372E+00  0.950755671276604E+00  0.771815722596086E+00  0.180084664088356E+00  0.609811449641334E+00
-0.204394335904636E+00 -0.277223236314685E+00  0.938813204368854E+00  0.120780123909763E+00 -0.513918133106986E+00  0.849294009240718E+00
 0.220023643721907E+00  0.361341306249213E+00  0.906102674425723E+00 -0.750249032083036E+00 -0.559699338433443E+00 -0.351941813963096E+00
-0.120324869536917E+00 -0.534847273916738E+00  0.836337443472883E+00  0.289039073389080E-01 -0.824517699306972E+00  0.565097449711181E+00
-0.487407388041106E+00  0.105606885694177E+00  0.866764803033051E+00 -0.969022423067646E+00 -0.199169083741247E+00 -0.146038418485618E+00
 0.277853930776755E+00 -0.129233299892579E+00  0.951890722378772E+00 -0.315499441570141E+00 -0.111788213904200E+00 -0.942318150945337E+00
 0.280072129615084E+00  0.501820056048819E-01  0.958666453218398E+00 -0.182258541805794E+00 -0.127743226745831E+00 -0.974917171845582E+00
-0.521186724911319E-01  0.173804488654457E+00  0.983400042557110E+00 -0.198309863928170E+00  0.683435152632096E+00  0.702559314232994E+00
 0.651993607948356E+00  0.272535916815297E+00  0.707551064757966E+00 -0.671456947770498E+00 -0.639987022595424E+00 -0.373580216553514E+00
 0.109004035388294E+00 -0.185309713284713E-01  0.993868564434297E+00 -0.948464725992410E-02  0.190660919788586E-01  0.999773237090796E+00
-0.358274762992454E+00  0.230788874823787E+00  0.904641193767049E+00  0.847753181009299E-01 -0.555210070127081E+00 -0.827378343607305E+00
-0.118135146725267E-01 -0.118711422155938E+00  0.992858519186292E+00  0.110234480544250E-01  0.369175229299510E-01 -0.999257514404424E+00
 0.180669886160738E+00  0.743392132945439E-01  0.980730377627518E+00 -0.615100707629332E+00 -0.715545123794968E+00 -0.331128819777348E+00
 0.426668323426734E-01 -0.318806596696747E+00  0.946858962739689E+00  0.150401857980763E+00  0.766139087793729E+00 -0.624828119782174E+00
-0.447196602046984E+00  0.736782743874165E-01  0.891395933915409E+00 -0.748363264834976E+00 -0.576180347590598E+00  0.328585804465002E+00
-0.434901291675778E-01  0.504386493369444E+00  0.862382092793828E+00  0.261308103878035E+00  0.957241721008108E+00  0.124122368689536E+00
-0.367258330404170E+00 -0.232616034231094E+00  0.900561546684811E+00  0.412939675086740E+00  0.558797964687155E+00 -0.719184023321396E+00
 0.100016279629566E+00  0.168965256373376E-01  0.994842324808533E+00 -0.275396251480647E+00  0.326416824984471E-01 -0.960776469962748E+00
-0.114559660091585E+00 -0.151998549339185E+00  0.981719168234217E+00 -0.758196582197601E+00 -0.393741433981943E+00  0.519716870911192E+00
-0.195599089500579E+00 -0.176530458270854E+00  0.964664705215873E+00  0.274234149198543E-01  0.283400027593840E-01  0.999222097712882E+00
-0.292284271078337E+00  0.363351713388051E+00  0.884615982931675E+00 -0.294143983508629E+00  0.326341033560057E+00  0.898321126758482E+00
-0.320102393217682E+00 -0.279690398968862E+00  0.905156195681691E+00 -0.576040460192102E+00 -0.441698215415767E+00  0.687808167093266E+00
 0.216904493885907E+00 -0.175324472510208E+00  0.960319618601597E+00 -0.599990777106044E+00  0.544634431756371E+00 -0.585990104978831E+00
 0.139911217165181E+00  0.250122592711826E+00  0.958051950536333E+00  0.782641008427116E+00  0.524224789466412E+00  0.335650744133069E+00
-0.234004306344462E-01  0.597829649968898E+00  0.801281554426525E+00 -0.105395594781664E-01 -0.992747350044117E+00 -0.119756489036668E+00
-0.305302047845325E+00  0.469635677223931E-01  0.951096778928536E+00 -0.786618745344975E-02  0.218949323920524E+00  0.975704523229083E+00
 0.487745862617990E-01  0.147105228905326E+00  0.987917552918108E+00  0.695240523250201E+00 -0.554386376529701E+00 -0.457489191510636E+00
-0.294726417300826E-02 -0.150180749385518E+00  0.988654164077560E+00  0.193433717170863E+00 -0.143833163565428E+00  0.970512966487426E+00
-0.348830496314735E+00  0.487964533032847E-01  0.935914628043518E+00  0.363912205634362E+00  0.145787671527402E+00 -0.919953184363722E+00
-0.385864958049436E-01  0.176106286562959E+00  0.983614588227778E+00 -0.505696273407378E+00 -0.304756964248201E+00  0.807090126196642E+00
 0.202855863806051E+00  0.204342281713430E-01  0.978995373246749E+00  0.572401624380267E+00  0.139560342500916E+00  0.808009462325695E+00
 0.718553345103838E-01  0.152321241267534E+00  0.985715501735221E+00  0.164176692777205E+00 -0.330682020548317E+00 -0.929352147915322E+00
-0.320537090008872E-01 -0.344304401936206E+00  0.938310736668103E+00  0.597326251480504E+00  0.771387690519132E+00 -0.219459290547950E+00
-0.605519963799433E-01 -0.544500357639038E-01  0.996678809516744E+00 -0.691407588168890E-01 -0.991010698549454E+00  0.114531003796997E+00
-0.170137196835977E+00  0.415500832913437E+00  0.893539250453519E+00  0.455171946703151E+00 -0.875326124505045E+00 -0.163164563228179E+00
 0.987940634387997E-01 -0.100455417258775E+00  0.990024465441443E+00  0.283723211775418E+00 -0.380360142329737E+00  0.880242751305993E+00
 0.533184492953581E+00 -0.185389492642209E+00  0.825436267976939E+00  0.346315130634216E+00  0.728561057150830E-01  0.935284886092916E+00
-0.213693972340637E+00 -0.275895183218130E+00  0.937132186013432E+00  0.853995830254078E+00  0.415657765696592E+00 -0.312921305961682E+00
 0.981003080074780E-01  0.110304896452813E+00  0.989044568959039E+00  0.170062256483424E+00 -0.972340486330135E+00 -0.160102490808368E+00
-0.176860552097287E+00  0.331605762965953E+00  0.926691946160973E+00 -0.258031750198729E-01  0.492916216007525E+00  0.869694084236358E+00
-0.382996000856749E+00  0.154599881709979E+00  0.910721109837143E+00  0.820251309070817E+00 -0.107261189614753E+00 -0.561856589504865E+00
 0.341537317116411E+00  0.259945434215953E+00  0.903205752997180E+00 -0.840972162072669E+00 -0.377378545378322E+00 -0.387751539141965E+00
 0.247916178117633E+00  0.756264742013816E-01  0.965825142055959E+00 -0.336517664318907E-01  0.498319180367927E-02 -0.999421195700522E+00
-0.205205668593734E+00  0.156331426688847E+00  0.966152740826433E+00 -0.221914609867526E+00 -0.507053462882608E-01  0.973746822220813E+00
-0.194723055375339E-01  0.646735791923728E-01  0.997716471484510E+00 -0.187914214418113E+00 -0.639945685562949E+00 -0.745089100409468E+00
-0.786480496468197E-01  0.295330643021957E-01  0.996464892708054E+00 -0.471977415231318E+00 -0.149408732504446E+00 -0.868858072508381E+00
-0.574809071804685E+00 -0.494776996000300E-01  0.816790357566325E+00 -0.767652800347649E+00 -0.950062981564440E-01  0.633784649095433E+00
-0.101626373423377E+00  0.264197179775317E+00  0.959099541457289E+00 -0.143408836752863E+00 -0.511469366502236E-01  0.988340981854182E+00
-0.288380170169326E+00  0.112787947875670E+00  0.950850017756274E+00  0.487351879735463E+00 -0.192813258715375E+00 -0.851652037267492E+00
 0.142042403801377E+00  0.252357995231943E+00  0.957151710944948E+00 -0.381691150163110E+00 -0.472289926558408E+00 -0.794515003734112E+00
 0.438094528694948E-01 -0.494947063963439E+00  0.867818031452013E+00  0.251475537543098E+00  0.681277031558591E+00 -0.687474843385650E+00
 0.808429642721019E-01  0.171527685045496E+00  0.981856745350682E+00 -0.420428029547253E-01  0.784996305833095E-01  0.996027213844077E+00
 0.520969671826988E+00  0.299021128677842E+00  0.799485438041688E+00  0.675992375875800E+00  0.523352690499937E+00  0.518783451070163E+00
 0.233629211000449E+00  0.492629720052225E-01  0.971077005883941E+00  0.419289044307899E+00 -0.261189210296941E+00  0.869469317312479E+00
-0.267697644302235E+00 -0.196377523094258E+00  0.943278240848584E+00  0.221664860351000E+00 -0.974975017050700E+00  0.169825149067546E-01
 0.279051987074299E+00 -0.244909069599859E+00  0.928520078478445E+00 -0.962923534992670E+00  0.259114394234024E+00  0.750865930639739E-01
 0.228051671080305E+00  0.774926683947312E-02  0.973618192199042E+00 -0.921932768879462E-01  0.166532034071586E+00 -0.981716599291589E+00
-0.121332328893568E+00 -0.912195353245768E-01  0.988411585494844E+00  0.657478862682888E-01  0.212074736156917E+00 -0.975039241125826E+00
 0.888431676053750E-01 -0.159343757816911E+00  0.983217401399420E+00 -0.752202187700049E-01 -0.360730147249203E+00  0.929632012978125E+00
 0.393132903249840E+00  0.518178993300753E-01  0.918020384137177E+00 -0.780824051024651E+00  0.621860398708004E+00  0.600287086332553E-01
 0.242776958740364E+00  0.347680307458170E+00  0.905636655679623E+00  0.104607813913617E+00  0.950305611230229E+00  0.293217411714507E+00
-0.231450140398187E+00  0.132036329717063E-01  0.972757162186950E+00 -0.965236396808364E+00 -0.281450774154172E-01  0.259858717178558E+00
-0.329573520105947E+00  0.282728523726550E-01  0.943706490739408E+00  0.807426843892353E+00  0.469610864925805E+00 -0.357109965284744E+00
 0.132538540320823E+00 -0.298803724686280E+00  0.945066066179096E+00  0.584185138875950E+00 -0.742017546362251E+00  0.328842947935685E+00
-0.300883222384325E+00  0.155832961220170E+00  0.940842906485976E+00 -0.675958262771005E+00  0.609017416565919E-01  0.734419093471023E+00
 0.134343827201566E+00  0.196834809755258E+00  0.971188855867615E+00 -0.720726415769830E-02 -0.907219648904861E-02 -0.999932873044099E+00
-0.142288922987249E+00  0.544211802205120E+00  0.826793430510780E+00  0.339506427439853E+00 -0.648551564903418E+00 -0.681260782218055E+00
 0.517346930551032E-02  0.116312795179342E+00  0.993199158725436E+00  0.766390097714321E+00 -0.619200603243964E+00  0.170987809705092E+00
 0.333653688886764E+00  0.119799142484236E+00  0.935052608868772E+00  0.729895707419225E+00  0.373947824102535E+00  0.572202133113788E+00
-0.751528548537367E-01  0.232070058256164E+00  0.969791491233200E+00  0.199770133130946E+00 -0.665228338670158E+00 -0.719418620372719E+00
-0.199521775324094E+00  0.163332613174945E+00  0.966185033337282E+00  0.325733296014921E+00 -0.125442004867269E+00 -0.937103048379492E+00
 0.394654236211753E+00 -0.263431315375313E+00  0.880256767040021E+00  0.538810631660089E+00 -0.106112856387467E-01  0.842360079673264E+00
 0.235037401226963E+00  0.187248588837188E+00  0.953779526936366E+00  0.115884424301248E-01 -0.945966464604691E+00 -0.324057334194654E+00
 0.915158419140159E-01 -0.647661117377635E-01  0.993695225634671E+00  0.305185733271469E+00 -0.418062203671061E+00 -0.855620045387701E+00
-0.218258051239539E+00 -0.241305944027049E+00  0.945587047524623E+00  0.732373454801881E+00  0.304337568912652E+00 -0.609104068981561E+00
-0.129740595109877E+00  0.262760804441102E+00  0.956098393278642E+00 -0.606054717204922E-01 -0.255204048124718E-01 -0.997835500338480E+00
 0.432671642023988E+00 -0.149935190778127E+00  0.888996450361076E+00 -0.429631606254545E+00  0.902902331729291E+00 -0.135669548885839E-01
 0.368053866119563E+00 -0.104110877427865E+00  0.923957399903071E+00  0.642893825096047E+00 -0.200771988353374E+00  0.739173956755787E+00
-0.292037787283606E-01 -0.768715001553788E-01  0.996613220749076E+00  0.162258640472113E+00  0.180616939029385E-01  0.986582945730108E+00
-0.353956292911733E-01  0.455401128449682E+00  0.889582464774255E+00 -0.370531867986858E-01  0.940054544011357E+00  0.339005185257780E+00
-0.253085462081014E+00  0.401651997048488E-01  0.966609800082696E+00  0.885450517197854E+00  0.200597483086415E+00 -0.419211201393103E+00
 0.103111070637382E+00  0.270602428532341E-01  0.994301689814885E+00 -0.606618943227755E+00  0.253997647605876E-01 -0.794586879873654E+00
 0.597852151582501E-01 -0.879510068506126E-02  0.998172517279664E+00  0.827699340095124E+00 -0.285651735205841E+00  0.483028869302849E+00
-0.748016459554292E-01  0.103044373916429E+00  0.991860156860094E+00  0.729808706507390E+00 -0.681358776867200E+00  0.559416579307735E-01
-0.248157026396414E+00 -0.264530720557760E+00  0.931902134417172E+00  0.818671705011634E+00  0.140649525973109E+00 -0.556771362640792E+00
 0.146626643589500E+00 -0.391627344242988E+00  0.908365923310018E+00  0.223329939677572E+00 -0.833781246385515E+00  0.504908478062538E+00
 0.886546465917869E-01  0.378024615314009E-01  0.995344828458888E+00  0.770766830235739E-01  0.285860807797180E+00 -0.955166364304997E+00
-0.404224979141123E-01  0.226096305154625E+00  0.973265884770349E+00 -0.280055107005661E+00  0.532994668863881E-01  0.958503157986282E+00
 0.144979037144046E+00 -0.191165635838385E+00  0.970791830653355E+00  0.978765355419306E+00 -0.204655764656997E+00 -0.115929730259140E-01
-0.195021240425179E+00 -0.693321730429071E-01  0.978345422416936E+00  0.298563210688216E+00 -0.931218545778769E+00  0.209026384031344E+00
 0.216242290065949E-01  0.644954398119361E-02  0.999745365631822E+00 -0.374264798569359E-01  0.152275168647612E+00 -0.987629248057620E+00
 0.425224635385363E-01  0.870056130680691E-01  0.995299886159575E+00  0.588786738070811E-01 -0.345162954761042E-01  0.997668245018015E+00
-0.531067456619029E-01  0.127273453660543E+00  0.990444921012027E+00  0.385109819028114E+00 -0.244874761764264E+00 -0.889790300205070E+00
 0.392214057037586E+00  0.110090282367378E+00  0.913262428434668E+00 -0.381816242939874E+00 -0.110400135195935E+00 -0.917620927603550E+00
-0.142158512338143E+00 -0.160506807326190E+00  0.976743836515880E+00  0.672547799427084E+00  0.739747371221760E+00  0.212904733691679E-01
 0.194213596371748E+00  0.171500493491940E+00  0.965851261694249E+00 -0.502091341578989E+00 -0.451442898701485E+00 -0.737633780356764E+00
 0.243001468235732E+00  0.240265509882095E+00  0.939799324960587E+00 -0.179354638058223E+00 -0.673088040472250E+00 -0.717484775852582E+00
 0.218750318311802E+00  0.337092799923197E+00  0.915705598147366E+00 -0.549714309662263E+00 -0.510663751101404E+00 -0.661087521485306E+00
-0.218445532973875E+00  0.282239267910087E+00  0.934142679023573E+00  0.379171026495607E+00 -0.758253571181312E+00 -0.530359174953215E+00
-0.237767661771702E+00  0.269517741582234E+00  0.933180971724150E+00  0.264246286550282E-01 -0.995833538898157E+00 -0.872771551210040E-01
 0.175209051838800E+00  0.396487464100674E-01  0.983732567856660E+00 -0.229890261732319E-01 -0.867348938355981E-01  0.995966145442170E+00
 0.244477746772387E+00 -0.438609685432857E-01  0.968662400824736E+00  0.923436127137299E+00 -0.354318632386645E+00  0.147390725085819E+00
 0.260399076525120E+00  0.252599372234054E+00  0.931872243438888E+00 -0.881473167963288E-01 -0.689643837888183E+00 -0.718763818931132E+00
-0.912054936236452E-01  0.110179597441316E+00  0.989718148889135E+00 -0.265261120515945E-01  0.354638782210175E-01 -0.999018858040703E+00
 0.427406000128770E+00 -0.368368519057653E-01  0.903309004380892E+00  0.674634172992064E+00 -0.276444995868993E+00  0.684431805872803E+00
-0.158859134549468E+00 -0.671799359099850E-01  0.985013010869057E+00 -0.185328078730994E+00 -0.885789614306584E-01  0.978676285002219E+00
 0.389001249300905E-02 -0.925260228196428E-01  0.995702667920491E+00  0.154797033780346E+00  0.634078528957221E+00 -0.757616194024555E+00
 0.246068159554288E+00 -0.162769514622848E+00  0.955487595923154E+00  0.982122206540029E-01 -0.110541853051801E-01  0.995104097419686E+00
 0.194341176656657E+00 -0.284631381498154E+00  0.938731316044244E+00 -0.805911848568756E+00  0.553962460764915E-01 -0.589438163217418E+00
 0.960609543364277E-01  0.123007773771852E-01  0.995299444352247E+00  0.255147702733591E-01  0.258461475555706E+00  0.965684556235350E+00
 0.340408752583388E+00 -0.352282496092893E+00  0.871790642362708E+00  0.573481935526424E+00 -0.221982439873618E+00  0.788569759762966E+00
 0.209989323666127E+00 -0.221757512673864E+00  0.952222710041587E+00  0.775634835899391E-01 -0.780741020064500E-01  0.993925721877284E+00
-0.118593247143435E+00  0.159357717551164E+00  0.980071813485552E+00  0.394741991490858E+00 -0.378223390291908E+00 -0.837332566660300E+00
 0.347396173076056E+00  0.366733507935129E+00  0.863030957202409E+00  0.252687900753527E+00  0.443646246826057E+00  0.859841167012797E+00
-0.494450962668168E+00  0.141689650905886E+00  0.857579318980285E+00  0.782102575192117E+00 -0.381048613351424E+00 -0.493069484090038E+00
 0.526696794250035E-01 -0.219581360146637E+00  0.974171407476846E+00  0.606771207923325E+00  0.605694988690923E+00 -0.514744870698069E+00
-0.223071477183287E+00  0.229485786788962E+00  0.947404554416495E+00  0.467416358763773E+00 -0.148059780428670E-01 -0.883913304897155E+00
 0.514280450484275E+00  0.475691463408598E-01  0.856301812777535E+00  0.550554271007925E+00  0.762029937386400E+00  0.340881752521033E+00
-0.342831172813516E+00 -0.247639864960986E-01  0.939070568125809E+00 -0.573202954993668E+00  0.242349713339243E+00  0.782754743729422E+00
 0.730979887140789E-01 -0.293989214381588E+00  0.953009457389198E+00  0.147850842321087E+00  0.710075106474930E+00 -0.688428261759758E+00
-0.131878637781116E+00 -0.197106659190287E+00  0.971471558924831E+00  0.431162024730390E+00  0.527282896511631E+00 -0.732169417195703E+00
 0.629475633916210E-01 -0.741825616437115E-01  0.995256023247805E+00  0.215250540650804E+00 -0.314722908166629E+00  0.924454810050051E+00
-0.997518782954212E-01  0.119545472996540E+00  0.987804860619024E+00 -0.151905590831009E+00 -0.206072173830436E+00  0.966674169845807E+00
 0.143977173412666E-01  0.498626070673528E-01  0.998652304934910E+00 -0.296441727366737E-01 -0.177668580059939E-01  0.999402602447759E+00
-0.288318155529833E+00 -0.232759829137085E+00  0.928814030434484E+00  0.790879113353166E+00 -0.510526759217475E+00 -0.337450227714567E+00
 0.425354970697589E+00 -0.212136534933095E-01  0.904777945027574E+00  0.806401860226218E+00  0.399417189248299E+00  0.436098553949316E+00
-0.456727625893506E-01 -0.110582390512719E+00  0.992816968864830E+00  0.209895297511300E+00 -0.358958494254473E-02 -0.977717279668608E+00
 0.303633350405591E+00  0.327214161843778E+00  0.894839472090022E+00  0.405119911772824E+00  0.723043779874626E+00  0.559540480635488E+00
-0.355255815148584E+00 -0.218186392236737E+00  0.908948845670554E+00 -0.189013249398210E+00 -0.679999612584658E-01  0.979617270581107E+00
 0.186094648422032E+00  0.304968569841119E+00  0.934003722282595E+00 -0.631492170591502E+00 -0.211448561135465E+00 -0.745994064638168E+00
-0.407830312533955E+00  0.305821706203508E+00  0.860318266802020E+00 -0.811971028058539E+00  0.107915440558374E+00  0.573635169147300E+00
 0.303047285474370E+00 -0.124352643492027E+00  0.944827371969695E+00 -0.112962568032295E+00 -0.106951244022282E-01 -0.993541681328755E+00
 0.116316487025548E-01 -0.978780840576908E-01  0.995130436379903E+00  0.165118234246588E+00 -0.266567633431494E-01  0.985913477789687E+00
 0.133275743161850E+00  0.188627806673933E+00  0.972963065503536E+00  0.244175506215224E+00  0.947798500738495E+00  0.205076386164764E+00
-0.214605106832742E+00  0.293041055902721E+00  0.931703594324250E+00  0.229878059349777E+00 -0.646060546773095E+00 -0.727847406901220E+00
-0.176420537198221E+00 -0.111417629342092E+00  0.977988704396160E+00  0.711360822905005E-01 -0.574256893512191E+00  0.815578738105700E+00
 0.217071167316756E+00 -0.264391985062062E+00  0.939668551434325E+00 -0.432211193873012E+00  0.896045631838836E+00 -0.101467775936039E+00
-0.191406520336605E+00 -0.220719034938748E+00  0.956371607477104E+00 -0.339865859551805E+00  0.266230971176850E-01  0.940097020637219E+00
 0.280774520236161E+00  0.241603544158944E+00  0.928866726842980E+00  0.573593820945215E+00  0.397154878140294E+00  0.716420359386050E+00
-0.370346740267871E-01 -0.197503641654839E+00  0.979602339958826E+00 -0.616580976959946E+00 -0.739915405138189E+00  0.268985300881496E+00
 0.316914195363258E-01  0.144692504703723E+00  0.988969025303794E+00 -0.207590060360883E+00  0.499831034193670E+00  0.840877698655549E+00
 0.210982065426646E+00 -0.110725575881889E+00  0.971198442602711E+00  0.741905160315583E+00 -0.113311454753374E+00  0.660860989406080E+00
 0.184663845426344E+00  0.848412758022237E-01  0.979132892978582E+00 -0.691167131143775E-01 -0.163922662145133E+00  0.984048901632189E+00
-0.254275053735408E+00  0.247301429759272E+00  0.934979251046180E+00  0.125253784843360E+00  0.978245494476808E+00 -0.165370015172757E+00
-0.918218145617984E-01 -0.377370009774825E+00  0.921499121048483E+00  0.154976477527110E+00  0.706594340625720E+00 -0.690439518863885E+00
-0.146587292920202E+00  0.342138720150363E+00  0.928145065023889E+00 -0.406834177294027E+00  0.662842780415089E+00  0.628590009972387E+00
 0.189814090003948E+00 -0.113588298710175E+00  0.975227311775107E+00  0.574629266209537E+00 -0.671661018675337E+00  0.467624510058548E+00
-0.252855854429660E+00 -0.242940064140417E+00  0.936506295822989E+00 -0.356037916632085E+00 -0.567612396673649E+00  0.742329555563216E+00
 0.117439941502918E+00  0.261714349816750E+00  0.957973621369496E+00 -0.375715249878284E-01 -0.761780913495587E+00 -0.646744323781754E+00
 0.926097096703377E-02 -0.303232132185238E+00  0.952871716668693E+00 -0.897840446869809E+00 -0.437983929293221E+00  0.453057352384083E-01
 0.177505334752452E+00  0.136693849580064E+00  0.974580241756113E+00  0.279013524470100E+00 -0.158880749114733E+00  0.947052459330271E+00
-0.149901815904173E+00  0.362145922809493E+00  0.919989008728415E+00 -0.421263146514497E+00  0.696955618013685E+00  0.580336305867440E+00
 0.179904250849193E+00 -0.166819212025081E+00  0.969435820993696E+00  0.736364634299927E+00  0.313314874308406E+00  0.599667336853895E+00
-0.139543802924298E+00  0.225374223882384E+00  0.964227144543669E+00  0.512624810557314E+00 -0.804917061962933E+00 -0.298871756715215E+00
 0.123460828138261E+00  0.124203507025509E-01  0.992271716216803E+00 -0.353905655945244E-01  0.485716988670093E-01  0.998192515467869E+00
 0.420814915450996E+00  0.258194304761663E-01  0.906779005019336E+00  0.976488309129782E+00 -0.796794467529974E-01  0.200304188418502E+00
-0.240381615979005E+00  0.893474879724011E-01  0.966557657407122E+00  0.289383480995469E-01  0.984861858069556E+00  0.170908433171249E+00
-0.323752507338408E-01 -0.125384473362641E+00  0.991579838933555E+00 -0.347526403694011E+00  0.165470993918870E+00 -0.922954359059541E+00
 0.195126612895703E-01  0.144744409579700E+00  0.989276660972461E+00  0.320291479772505E-01 -0.477857497530604E+00 -0.877853259795531E+00
-0.349220006066792E+00  0.156848567227391E+00  0.923820282479999E+00 -0.320304993288801E+00  0.352483875320862E+00  0.879295074996470E+00
-0.305617811884192E+00 -0.211598480159721E+00  0.928344675351356E+00 -0.563588761662691E-01 -0.704435345259067E+00  0.707527046427919E+00
 0.556040640167281E-01  0.184154930272721E+00  0.981323162735433E+00  0.779096274581893E+00  0.401283839310542E+00  0.481643307065309E+00
 0.268972516151409E+00 -0.337369315534361E+00  0.902128444563775E+00  0.542738885911939E+00 -0.704711216514418E+00  0.456964553371306E+00
-0.701106241725062E-01 -0.651648260244943E-01  0.995408481894413E+00  0.827327204323058E+00  0.354400900804185E+00 -0.435809245537741E+00
-0.108727444932002E+00  0.561815373538278E-01  0.992482734146604E+00 -0.100643122196770E+00 -0.169881091366743E+00 -0.980311877287290E+00
-0.841013537206624E-01 -0.227432273590478E+00  0.970155411896371E+00  0.179407724737996E+00 -0.511270841622167E+00  0.840484975958105E+00
 0.401474333502122E+00 -0.328002346997844E+00  0.855121523470748E+00 -0.494190372198384E+00  0.768118162810090E+00 -0.407149068508911E+00
 0.154049410781955E+00  0.164074485612614E-01  0.987926907554118E+00 -0.146182255829320E+00 -0.370159292982426E-01  0.988564903817063E+00
 0.163347587464218E+00  0.320651189584035E+00  0.933006098741033E+00 -0.478892211761063E-01 -0.126331446016443E+00 -0.990831463086705E+00
 0.181401706513326E+00  0.791109118221180E-02  0.983377260012840E+00  0.260864250576754E+00 -0.165346441206526E+00  0.951110086767755E+00
 0.136576793212159E-01 -0.314056426663886E+00  0.949306077441133E+00  0.468930238320878E+00 -0.877019912744000E+00  0.104596865339415E+00
 0.283781563175387E+00  0.230467792652442E-01  0.958611949835403E+00  0.206373374202294E-03 -0.438373817052375E+00  0.898792720226951E+00
 0.279480283444887E+00  0.765988649468947E-01  0.957091105932143E+00 -0.807007582746335E+00  0.274843347640035E+00 -0.522685273991851E+00
-0.188523558666356E+00 -0.102973110302166E+00  0.976655213666763E+00  0.260131019026973E-01  0.237374113928871E+00 -0.971069950397953E+00
-0.408076311798283E+00  0.156137059551258E+00  0.899497049680430E+00  0.486210468336382E+00 -0.433671652446265E+00 -0.758635800858780E+00
-0.191627690059712E+00  0.198050931741977E+00  0.961277616944509E+00  0.149647461513768E+00 -0.339156608312683E+00  0.928751006621432E+00
-0.625875698718606E-01 -0.118042340494716E+00  0.991034208263299E+00 -0.571352042110616E+00 -0.523185365975834E-01  0.819035783531047E+00
-0.346216890940069E-01  0.149955199814808E+00  0.988086421672102E+00 -0.480043229917377E-01  0.210561286235624E+00  0.976401315911088E+00
 0.585750989705760E-01  0.176462398790771E-01  0.998127029991031E+00  0.439867083526978E+00 -0.379630192179017E+00  0.813878286978829E+00
-0.341332217832800E-01 -0.212471804594047E+00  0.976570865540869E+00  0.777245105149465E-01 -0.326395747048310E+00  0.942032227035778E+00
-0.173061843705988E+00 -0.237942648633539E+00  0.955736833136790E+00 -0.896621082291745E+00  0.351851128816498E-02  0.442784659702992E+00
-0.190202892212456E+00  0.244990127303302E+00  0.950685382930614E+00  0.418799975991791E+00 -0.663695994623868E+00 -0.619769478781836E+00
-0.136486462288503E+00 -0.271190851749575E+00  0.952799542159477E+00 -0.351954899347043E+00 -0.933432851876952E+00  0.695043873613211E-01
-0.217273980990238E+00  0.136106628355186E+00  0.966574882201290E+00 -0.367885276184413E+00  0.299150899830125E+00  0.880436915796666E+00
 0.358446532271971E+00  0.591688525290118E-01  0.931673295953361E+00  0.895871878529575E+00 -0.256840723913508E+00  0.362555402386277E+00
-0.377774815427904E+00 -0.492738094240930E+00  0.783897543887101E+00 -0.479374352588718E+00 -0.586771804105451E+00  0.652609439088174E+00
-0.368003495234753E+00 -0.991720665729303E-01  0.924520593987316E+00  0.680370731727985E+00  0.457260320914379E+00 -0.572720408511174E+00
 0.206824906908035E+00 -0.434822442000607E+00  0.876443324930432E+00  0.181412774689358E+00 -0.661154512644893E+00  0.727986342996077E+00
-0.111480351636742E+00  0.940418856275051E-01  0.989306956887786E+00  0.499685179820211E+00 -0.345798598581491E+00 -0.794190185212031E+00
 0.130372028299856E+00  0.437407956483062E+00  0.889762560373436E+00 -0.606495761145021E+00 -0.788506237378040E+00 -0.102082345824571E+00
-0.280265974633757E+00  0.169324406178308E+00  0.944870482624446E+00 -0.948196469653093E+00 -0.108294084354920E+00  0.298656736456991E+00
 0.379714325458219E+00 -0.932872481279429E-01  0.920388244372192E+00 -0.858443051666202E+00 -0.258851766207239E+00 -0.442799379152017E+00
-0.403855180854062E-01 -0.771290330499324E-01  0.996202851928138E+00 -0.232840062564819E-01  0.210235135548538E-01 -0.999507812340883E+00
 0.104408285677600E+00  0.230344856055437E+00  0.967491683256587E+00 -0.292475261538086E+00 -0.519218034383308E+00 -0.803038513496932E+00
 0.195824355694272E-01 -0.242818111015534E+00  0.969874163580006E+00  0.977150096135928E-01  0.366791356273143E+00 -0.925157217914622E+00
 0.170254909359416E+00  0.252996512528495E+00  0.952368642116820E+00 -0.577183851918379E+00 -0.165591578203757E+00 -0.799648816864411E+00
 0.103235844090116E+00 -0.148736462694432E+00  0.983473347457952E+00  0.268037100467075E+00 -0.355450347743567E+00  0.895439089532158E+00
 0.281529617857576E+00  0.801381322757975E-01  0.956200268784900E+00  0.509028017647106E+00  0.748308893698669E+00  0.425351944701951E+00
-0.283104698978527E+00 -0.918805722842046E-01  0.954677793736193E+00 -0.377495525219777E+00  0.440889552732360E-01  0.924961238356483E+00
 0.130440938880535E+00 -0.145886319752115E-01  0.991348744529924E+00 -0.653184215736950E-02  0.470520704433977E-02 -0.999967597507390E+00
-0.156602045177160E+00  0.259231551090257E+00  0.953034523176191E+00 -0.178967556677165E-02 -0.143526951035599E+00  0.989644790512126E+00
 0.160200839944902E+00 -0.103387874254933E+00  0.981655050584468E+00 -0.237242039556733E+00 -0.161519491640500E+00  0.957928843123097E+00
 0.663677038074535E-01 -0.422673186516709E+00  0.903848828782301E+00  0.226427751270767E-01 -0.604445758505401E+00  0.796324450057497E+00
 0.416474632085612E+00  0.265188565112491E+00  0.869611353285324E+00  0.377884522499617E+00  0.610526316070425E+00  0.696032258620757E+00
 0.141275076055436E+00 -0.411636943711429E+00  0.900331260957568E+00  0.347639803563436E+00 -0.520654637433134E+00  0.779785429139163E+00
-0.927221336637404E-01  0.107745445083843E+00  0.989845202540543E+00  0.400518578626795E+00 -0.112408823001703E-01 -0.916219684759002E+00
 0.170703815846273E+00  0.397602994929277E+00  0.901538721120059E+00  0.212436503896320E+00  0.450964962628787E+00  0.866891766193177E+00
-0.210629614500266E+00  0.914187225816696E-01  0.973281964621252E+00  0.585363493723377E+00  0.170978701136666E-01 -0.810590675405003E+00
-0.315722230033643E+00  0.124269679993618E+00  0.940678754993897E+00 -0.734468777309710E+00  0.269625471107116E-01  0.678106655483105E+00
-0.314051244998315E+00  0.429235183599946E+00  0.846834678479175E+00 -0.384101722444121E+00  0.685359798900416E+00  0.618666156231809E+00
 0.188357734180231E+00 -0.320718388344651E+00  0.928257011474785E+00 -0.466139887554254E+00  0.572095209403146E+00 -0.674848632367939E+00
-0.261004048156246E+00 -0.111389777412797E-01  0.965273437954724E+00  0.511127065046480E-01 -0.134544211682558E+00 -0.989588473223334E+00
 0.137225691521777E+00 -0.145111227194475E+00  0.979852969240020E+00 -0.632465033342773E+00  0.482321476375356E+00 -0.606097331313892E+00
 0.134493105841929E+00  0.421871789065773E+00  0.896624669564381E+00 -0.170023187707065E+00  0.684032016563087E+00  0.709360497884232E+00
-0.152851760009925E+00  0.147260113706128E+00  0.977215840218079E+00 -0.829778864967140E+00 -0.116877509861270E+00  0.545716669108132E+00
 0.317983720825781E+00  0.414443463256085E+00  0.852715057363298E+00  0.296334651913386E+00  0.764251320973249E+00  0.572805108624230E+00
-0.172945458449614E+00 -0.341458324529027E+00  0.923848516268486E+00 -0.166813786994696E+00 -0.927925915902739E+00  0.333356648448101E+00
 0.171582943676019E-01  0.393584431598014E+00  0.919128330614427E+00 -0.669744501976952E-01 -0.109041489558561E+00 -0.991778390859352E+00
-0.351171921904266E-01  0.226718318660041E-01  0.999126003491302E+00  0.453287700982895E-01 -0.267728517141298E+00 -0.962427526471837E+00
-0.172269397754745E+00  0.100816752144163E+00  0.979877154078163E+00 -0.335296343133627E+00 -0.637999549075695E+00 -0.693204830955777E+00
-0.225894012644634E+00 -0.757584805790834E-01  0.971201599912013E+00 -0.696205789527816E+00  0.366974157805756E+00  0.616950132612601E+00
 0.795001013395934E-01 -0.333619284977644E-01  0.996276425302689E+00  0.687343723098308E+00  0.702580575481434E-02  0.726298316376165E+00
 0.898061054210401E-01  0.184997823821386E+00  0.978626930249958E+00 -0.117008127753793E+00 -0.796565562177311E-01 -0.989931275943479E+00
 0.183491293982598E+00 -0.444528761050151E-01  0.982015726370298E+00  0.165445370460596E+00  0.453298458964216E-01  0.985176651400226E+00
-0.244255249543061E+00  0.945454726867961E-01  0.965090942173372E+00  0.220061411645135E+00 -0.158383375428558E+00 -0.962542301144530E+00
 0.182165273419008E+00  0.495138237529261E+00  0.849502171213585E+00 -0.239422216536177E+00 -0.928798236019850E+00 -0.282861872643378E+00
 0.193517502146110E-01  0.411586021522156E+00  0.911165438683445E+00 -0.138069447229637E+00 -0.676407274567267E+00 -0.723470819490451E+00
 0.258485307827021E+00  0.131903843224463E+00  0.956967461191961E+00 -0.347416731573230E+00  0.162204694256217E+00 -0.923575255073576E+00
-0.355474243281970E+00  0.772817035357997E-01  0.931485695360758E+00 -0.512347059230705E+00  0.409659395205111E+00  0.754771270530239E+00
 0.199052641630180E+00  0.227158392611357E+00  0.953298017687161E+00 -0.536702476987331E+00 -0.833394154262459E+00 -0.131926626716615E+00
-0.307808710110495E+00 -0.282543606967205E-01  0.951028647876463E+00 -0.111674638680900E+00 -0.956867348375448E+00  0.268204497890004E+00
 0.834356603246213E-01  0.466005469161676E+00  0.880839028028164E+00 -0.524000652835028E+00  0.750185746438377E+00  0.403292278216630E+00
-0.253799482350126E-02  0.342532932262884E+00  0.939502394301189E+00 -0.724414834622107E-01 -0.816473365205468E+00 -0.572820631073858E+00
-0.299704899173877E+00  0.115238093653664E+00  0.947046543303044E+00  0.688605348619306E+00  0.233583572074529E+00 -0.686484805884141E+00
 0.871955567577203E-01  0.324869912945263E-01  0.995661353211191E+00 -0.465282616604218E-01  0.784920830215807E-01  0.995828355576297E+00
-0.830229543544834E-01 -0.340829890985317E+00  0.936451907180070E+00 -0.629708458001119E-01  0.986506136314918E-01 -0.993127750598758E+00
 0.132134310411700E+00  0.241281291743725E+00  0.961417631555873E+00 -0.121139165845290E-01 -0.981009067706840E+00 -0.193583217511074E+00
 0.302372251936923E+00 -0.234522703519404E+00  0.923888587867901E+00  0.756633571072307E+00 -0.649916620979639E+00 -0.715124108164174E-01
 0.366229464416019E+00 -0.193476544203822E+00  0.910188335585829E+00  0.739084305616245E+00 -0.673054650113355E+00 -0.274194666713617E-01
 0.240478607115209E+00  0.136082443552838E+00  0.961067951851802E+00 -0.589343031681557E+00 -0.397459896057677E+00 -0.703349430961746E+00
 0.314763034299338E+00  0.186157196581921E+00  0.930736122861595E+00 -0.639099732678923E+00 -0.234373723347661E+00 -0.732543848171482E+00
-0.248941020765915E-01  0.436903753417525E-01  0.998734917174871E+00 -0.289854819223586E-01  0.872577047946375E-02  0.999541746385447E+00
 0.461544033162794E+00 -0.150084252761864E+00  0.874329355863529E+00 -0.858061609133230E+00  0.353267906685414E+00 -0.372735913265408E+00
 0.349614603907970E+00  0.461952303380681E+00  0.815088767028203E+00  0.468170413454820E+00  0.730376689626999E+00  0.497359382353494E+00
-0.693612996898221E-01 -0.196162512691257E+00  0.978115166388903E+00 -0.381930258947380E+00 -0.576206766936468E+00  0.722575282608677E+00
 0.450180780182242E+00  0.103280632863117E+00  0.886944404136980E+00 -0.618312595804238E+00 -0.295682099328893E+00 -0.728190654984176E+00
-0.372423115303488E-01  0.277841608006707E-01  0.998919942057660E+00 -0.572621322168373E+00  0.815463032832482E+00  0.844089064127347E-01
 0.972567075526707E-01  0.626163016066416E-01  0.993287637902093E+00 -0.104124522155658E-01 -0.108291833208724E-01 -0.999887148445994E+00
 0.235762191938574E+00  0.395335951149302E-01  0.971006325267559E+00  0.224734800859318E+00  0.512868579801424E+00  0.828528870429506E+00
 0.173416082492586E+00  0.106703521124043E+00  0.979051184010650E+00  0.302670775155288E+00 -0.126081229113873E+00  0.944718966429717E+00
-0.459294108180417E+00 -0.219270623870579E+00  0.860795745632006E+00  0.369610881973691E-01  0.987312127070880E+00  0.154430054387223E+00
-0.142929559713842E+00 -0.137448379806166E+00  0.980142379375909E+00  0.806181987440206E+00 -0.238602445221469E+00 -0.541423564560405E+00
-0.152396189949777E+00 -0.184692024673937E+00  0.970908985080802E+00 -0.504592002510833E+00 -0.236837022387704E+00  0.830237999508956E+00
 0.213356519310981E-01  0.407352133415826E-03  0.999772286083643E+00 -0.259491223081229E+00  0.136686152401266E-02  0.965744498733170E+00
 0.163219077304719E+00  0.400632264816724E+00  0.901583784898341E+00 -0.178317369842806E+00 -0.286709556040111E+00 -0.941276020138422E+00
-0.189555539208175E+00  0.482481851433978E-02  0.981858145905915E+00  0.708842203248576E-01 -0.911172275143527E+00  0.405882387297977E+00
 0.103116082934994E+00  0.329070243015079E+00  0.938658536743869E+00 -0.642248148377920E+00 -0.766385239341780E+00  0.130759636041398E-01
-0.131826011221457E+00 -0.184898917295074E+00  0.973875912603115E+00  0.426119099751476E+00  0.900018736476970E+00 -0.915903205442037E-01
-0.311403065126577E+00  0.619639479363531E-01  0.948255556369650E+00 -0.778842577400488E+00  0.214085425524388E+00  0.589552092868990E+00
-0.270545436655619E+00 -0.122585995212718E+00  0.954870588343011E+00  0.103272852273099E+00  0.354395667523689E+00 -0.929375289548747E+00
-0.116696733945608E+00 -0.187251116187532E+00  0.975355777023416E+00  0.386573611388641E+00  0.481101138545274E+00 -0.786830691742756E+00
-0.383569233117262E+00 -0.430953793019703E-01  0.922506060515948E+00  0.795974111574027E+00 -0.142819514835123E+00 -0.588241276931667E+00
-0.162367610209519E+00 -0.438306675589570E+00  0.884038470479916E+00 -0.257536439774627E+00 -0.872573188078453E+00  0.415079526879868E+00
-0.134564577573367E+00  0.745912929033636E-01  0.988093372857801E+00  0.420451240171781E+00 -0.874352339625708E+00 -0.242340134581669E+00
-0.114028149892345E+00 -0.389519779417365E-01  0.992713616531251E+00 -0.141167973133820E-01 -0.110448336296791E-01  0.999839350937792E+00
 0.238535073207964E+00 -0.140615658075634E-02  0.971132865046458E+00  0.958474717684831E+00 -0.277698818497467E+00  0.648812897844553E-01
 0.113008252498245E-01 -0.206623115129987E+00  0.978355344260281E+00 -0.126566839178491E-01  0.365232039111122E-02 -0.999913230689526E+00
 0.699548804633685E-01 -0.754523044861829E-01  0.994692547698574E+00 -0.504922804288112E+00  0.339654554849922E+00 -0.793528666829076E+00
 0.346137468434470E-01  0.260679382064872E+00  0.964804720290969E+00  0.603202169346872E-01  0.336392448138141E+00  0.939788057098291E+00
 0.258797885145841E+00 -0.185866996039041E+00  0.947880327060048E+00 -0.277736179990224E+00  0.265930479718238E+00 -0.923116240936788E+00
-0.523487131817935E-01  0.585671274715938E-01  0.996909977785325E+00 -0.274659191873484E+00 -0.144884276364647E+00 -0.950563451212857E+00
 0.434969444360731E-01 -0.289656648756885E+00  0.956141747679525E+00 -0.249763506606841E+00 -0.962507054105911E+00  0.105822311276095E+00
-0.208128846330788E+00 -0.796787160212213E-01  0.974850596521449E+00  0.663325300260326E+00  0.242678640524596E+00 -0.707888849656274E+00
-0.358184142724653E-01  0.817906645118232E-01  0.996005686930411E+00 -0.427532552769167E-01 -0.836102486273472E-02 -0.999050675604832E+00
-0.421523890869859E+00 -0.492630788950805E+00  0.761336006769444E+00  0.734089153655464E+00  0.461413599287131E+00 -0.498207391432824E+00
 0.278720432489960E+00  0.152579071480220E+00  0.948174323349269E+00 -0.293701724274540E+00 -0.862729383321482E+00 -0.411627633076179E+00
 0.945465957164017E-01  0.210280943145644E-01  0.995298327381261E+00 -0.285690487112547E+00 -0.534083415289194E+00  0.795698341764280E+00
-0.180364241183047E+00 -0.487708527009898E+00  0.854171606402542E+00  0.142107454316064E+00  0.387245862826602E+00 -0.910958897619145E+00
-0.211722034016779E+00 -0.185495355082864E-01  0.977153874803874E+00 -0.444293770978021E+00 -0.126473015004795E+00  0.886909026645758E+00
 0.134773518008004E+00  0.153975828815489E-01  0.990756788160017E+00 -0.501593056454335E+00 -0.734371936003673E-01 -0.861981081180382E+00
-0.356835133084018E-01 -0.229285065490755E+00  0.972705014699148E+00 -0.223122560967151E+00 -0.540262051703084E+00  0.811377371065421E+00
 0.353064734616436E+00 -0.469957710042250E+00  0.809002499342289E+00  0.231492728531065E+00 -0.831605194120449E+00  0.504820678804993E+00
 0.180514898143896E+00 -0.183216494084664E-01  0.983401590760892E+00  0.329956450688036E+00 -0.907883508742067E+00  0.258604476379561E+00
 0.503369097281056E+00  0.132858931248671E+00  0.853796261581132E+00 -0.743045563101066E+00 -0.629965924202595E+00 -0.225889852581719E+00
 0.683616400964413E-01  0.158923636606494E+00  0.984921298323420E+00 -0.954385529873941E-01 -0.179298737935036E+00  0.979154454199426E+00
 0.134781849840015E+00 -0.694027601424526E-02  0.990850990574541E+00  0.365192846422475E-01  0.221282008461459E-01 -0.999087926349093E+00
-0.150980524627734E+00 -0.830477677372499E-01  0.985042105423415E+00  0.192735411957605E-01 -0.423580107376651E-02 -0.999805275340673E+00
-0.179914029508055E+00  0.285801285669287E+00  0.941248408814569E+00 -0.390655718283663E+00 -0.509518741349699E+00 -0.766667308541126E+00
-0.213392513985807E+00  0.575086729355919E-01  0.975272468345131E+00 -0.910323989165690E+00 -0.346011216328815E+00 -0.227126557064819E+00
 0.334515397059491E+00  0.559282078022516E-01  0.940729230279446E+00  0.975731314294942E+00  0.216300621808103E+00  0.340946228853354E-01
-0.599631707358985E-02  0.377775654663311E-01  0.999268182085765E+00  0.445089604029353E+00 -0.892766772601467E+00  0.697333071333505E-01
 0.137544003940988E+00 -0.185272092272883E+00  0.973013822514721E+00 -0.874366575997730E-01  0.517063938340074E+00 -0.851469150689579E+00
 0.232505823949186E+00  0.100814810259608E+00  0.967355888937484E+00  0.723061358015270E+00  0.514123925836739E+00  0.461366298538735E+00
-0.166417843409993E-01 -0.105651545741420E+00  0.994263949812320E+00 -0.293405013830300E-01  0.458441747146556E+00 -0.888240001042402E+00
 0.873907190303196E-01  0.357863958667042E+00  0.929675346190549E+00  0.415506017479175E+00 -0.757004642390840E+00 -0.504280399021529E+00
 0.218609997750045E+00  0.175799156550009E+00  0.959845990479739E+00 -0.310550911380124E+00 -0.422548486698112E+00 -0.851475723570620E+00
-0.218714166374893E+00  0.271907088762791E+00  0.937139609934123E+00  0.476267189357090E+00 -0.370252563251235E+00 -0.797547869251613E+00
-0.255303488021292E+00  0.403507604409616E+00  0.878636296875888E+00  0.541687689041029E+00 -0.669366951965123E+00 -0.508450913223991E+00
 0.109418158291694E+00  0.404165336502221E+00  0.908117859865172E+00 -0.248094881914814E+00 -0.618774659512439E+00 -0.745363569215011E+00
 0.177954291979382E-01 -0.489028059978660E-01  0.998645001121618E+00 -0.237838729601493E-01  0.101688993526846E+00 -0.994531887866102E+00
-0.502219849738080E-01 -0.282658969556883E+00  0.957904827816590E+00 -0.221596416324266E+00  0.409372132423393E+00 -0.885047730615342E+00
-0.600487733043204E-01 -0.124355345455993E+00  0.990419049130804E+00  0.476815895208724E-01 -0.580357500323759E-02 -0.998845726094848E+00
 0.640687975755387E-01  0.306468134463051E+00  0.949722312960984E+00  0.535101390469516E+00  0.753222190693207E+00  0.382521676986960E+00
 0.895498817880454E-01 -0.475838888678163E-01  0.994845009130549E+00 -0.301525396156480E+00  0.497019883467359E+00 -0.813666805830722E+00
-0.298361516084676E+00 -0.400219535421422E+00  0.866489889835256E+00 -0.186027837002028E+00 -0.938334229527977E+00  0.291414683151834E+00
-0.134152967769692E+00 -0.291834464461947E+00  0.947014058285722E+00 -0.501758028335034E-02 -0.230407230469708E-01 -0.999721935824944E+00
 0.107789443705084E+00  0.116784336815096E+00  0.987290663634781E+00  0.629347528533696E+00 -0.240046076277835E+00 -0.739120808523305E+00
 0.219265121364565E+00 -0.453607283220924E+00  0.863807408605596E+00  0.653029830316608E+00 -0.698466978177694E+00  0.292738656675169E+00
-0.295902881440204E+00 -0.284686975067603E+00  0.911808538555240E+00 -0.800735504635146E+00 -0.471119290156560E+00  0.369958465316146E+00
-0.839931789662265E-01 -0.266560005853333E+00  0.960151503236140E+00  0.377087971608096E+00 -0.229083473740094E+00  0.897399255475323E+00
-0.111193295156657E+00  0.790138498419621E-01  0.990652745741593E+00  0.179340935984737E+00 -0.292851063274799E+00 -0.939188523896527E+00
 0.435118879595698E+00 -0.181075587456350E+00  0.881976866049627E+00 -0.588561518244854E+00  0.802269458599291E+00 -0.997950652092249E-01
-0.547227106402274E-01  0.286188829320944E+00  0.956609313623955E+00 -0.742551901014146E+00  0.250506934722446E+00  0.621178677963307E+00
-0.558691781948417E-01 -0.246863254922731E+00  0.967438457110729E+00 -0.335701733759313E-01 -0.434528975078416E+00  0.900032006806875E+00
 0.230876055220989E+00  0.811488648954884E-01  0.969593269805318E+00 -0.183106604287626E+00 -0.796733007689193E-01 -0.979859243264480E+00
-0.372025136157208E+00 -0.147881542113822E+00  0.916366928456745E+00 -0.879347844535621E+00 -0.167804103636639E+00  0.445633426835624E+00
 0.313670061980995E+00 -0.115144286835579E+00  0.942524739954323E+00  0.922560342927829E+00  0.264991953305378E+00  0.280466893483502E+00
-0.205327503612960E+00 -0.119973263204936E+00  0.971312015974285E+00 -0.584083952852877E+00 -0.703641144919151E+00  0.404641909837111E+00
 0.200210370886660E+00 -0.493696887872166E+00  0.846273708852381E+00  0.674454946515677E-01  0.893081596493725E+00 -0.444810484650963E+00
-0.340930953271601E+00 -0.423457458453093E+00  0.839315117212698E+00 -0.136718102671745E+00 -0.774248894780092E+00  0.617937544848704E+00
-0.346797406284154E+00 -0.215687109709738E+00  0.912803719153051E+00  0.877246045966837E+00  0.228697201297111E+00 -0.422062750019969E+00
-0.312166369593777E+00  0.695375768450095E-01  0.947479120139946E+00  0.355150771168801E+00 -0.148644380433831E+00 -0.922915368765548E+00
 0.262743577505993E+00 -0.133070286908683E+00  0.955645389891770E+00  0.236010419059276E+00 -0.769305715890449E-01  0.968700557061081E+00
 0.907028224179156E-01 -0.260091660053737E-01  0.995538307293662E+00  0.488464085109119E-01  0.212115787710488E+00  0.976023012525598E+00
-0.151056895236868E+00 -0.866455127291885E-01  0.984720452476384E+00 -0.582118859260539E-01 -0.104755437721338E+00 -0.992792865911487E+00
-0.178872867505379E+00  0.214988223141290E+00  0.960096120802992E+00 -0.700641387901479E+00 -0.833118115972098E-01  0.708633041572209E+00
 0.152588595642496E+00  0.424973320056704E+00  0.892252429371774E+00 -0.615886843583434E+00 -0.626862924536648E+00 -0.477206736899422E+00
 0.133969323644046E+00 -0.215800092250850E+00  0.967203463862119E+00  0.179374598186440E+00 -0.983720801592885E+00 -0.108691323897347E-01
-0.184580452863970E+00 -0.111820117688397E+00  0.976435516406836E+00  0.758410900433221E-03 -0.217473473141859E-01  0.999763210814292E+00
-0.285890866946994E-01  0.851885459886141E-01  0.995954605267885E+00  0.299474451644739E-01  0.881801732134537E-01 -0.995654261066645E+00
 0.151957150949830E+00 -0.390925371392416E+00  0.907792034706690E+00 -0.179101676884425E+00 -0.928307973492528E+00  0.325832619127343E+00
-0.410147271328178E-01  0.896366725964630E-01  0.995129669482352E+00 -0.112435731606177E+00  0.433962925598105E-01  0.992710918671819E+00
 0.167759624447063E+00  0.249376580809672E-01  0.985512466493863E+00 -0.604889525965511E+00 -0.792647448664741E+00 -0.762802956371850E-01
 0.247914269889077E-02 -0.706408501863233E-02  0.999971975884488E+00  0.512194334079016E-02 -0.286003590212795E-02 -0.999982792797482E+00
 0.270435649225997E+00  0.395678363897682E+00  0.877669181395227E+00 -0.680861453993835E+00 -0.361827997041236E+00 -0.636795242619265E+00
-0.178455687395979E+00 -0.158315844346001E+00  0.971128035361477E+00  0.574763451274740E-01  0.313989219840549E+00 -0.947685200673046E+00
 0.186891565000992E+00  0.340128172759852E-01  0.981791561988812E+00  0.736022712703458E+00 -0.643273429513181E+00  0.210878783349567E+00
-0.173405865382202E+00  0.173158496942299E-01  0.984698211230434E+00 -0.667960760635457E-02 -0.622447424287294E-02  0.999958318512639E+00
-0.308029159726271E+00  0.136057055585592E+00  0.941597851730613E+00 -0.754425072721174E+00 -0.104536613797386E+00  0.648008415088437E+00
-0.155612045690626E+00 -0.194467625995638E+00  0.968487084929685E+00  0.344960138706651E+00 -0.136221874501784E+00 -0.928679763756435E+00
-0.315751717474467E+00  0.656384328910220E-02  0.948819144449141E+00  0.894836788563495E+00 -0.135895283936181E+00 -0.425205354666749E+00
 0.235037906189995E+00  0.494468919637552E-01  0.970727658784351E+00 -0.461277614321045E+00  0.467151924167556E+00 -0.754315611844826E+00
-0.135185686670569E+00 -0.895618005571782E-02  0.990779802457749E+00  0.164649713505452E+00  0.333968507022051E+00 -0.928092402813446E+00
-0.254991975877399E+00 -0.824040688278577E-01  0.963425483199792E+00 -0.153931202131837E+00 -0.741492124297626E-01  0.985295427425853E+00
 0.114114075116704E+00  0.244341397765739E+00  0.962951327533300E+00  0.130792449845699E+00 -0.257856052641806E+00  0.957289711205206E+00
-0.569935011338123E-02 -0.146658697171967E+00  0.989170735491152E+00  0.491805928382532E-01 -0.131859222611026E+00  0.990047683043849E+00
-0.259358321200083E+00  0.152473272140180E+00  0.953669315070555E+00 -0.727243086216939E+00  0.356065731627874E+00  0.586800381995419E+00
 0.704664013992332E-01 -0.659789370961392E-01  0.995329727343410E+00  0.218299211022639E+00 -0.678249857382777E+00 -0.701657028345855E+00
 0.157974551263177E+00 -0.112901816036933E+00  0.980967492371057E+00 -0.696071228555212E+00  0.298136980294062E+00 -0.653145608389718E+00
 0.352065345652203E+00 -0.543404645680768E+00  0.762077019364417E+00  0.833782048949057E+00 -0.486461296515829E+00  0.261080259388661E+00
 0.135529106338431E-01 -0.455689798659670E-01  0.998869254050462E+00  0.148272290002989E+00 -0.625039603088171E+00 -0.766381642909492E+00
 0.204353674348648E+00 -0.365739091781002E-01  0.978213639726843E+00  0.857744335276405E+00 -0.504648839954563E+00  0.980010389422057E-01
 0.254788695996252E+00  0.559163230537833E-01  0.965378726308320E+00  0.457113297809622E+00  0.599556646389626E+00  0.656946923834519E+00
 0.253745952055060E+00 -0.131554055264841E+00  0.958283111798933E+00 -0.735179425802114E+00  0.530560828131513E+00 -0.421919920754729E+00
-0.102999352818485E+00  0.252971450687265E+00  0.961975352312186E+00 -0.689572353142556E-01 -0.237151744225999E+00 -0.969022161722002E+00
-0.210643247937384E+00 -0.120218528886027E+00  0.970142735586300E+00  0.393451224971455E+00 -0.902842904211056E-01 -0.914901568733828E+00
-0.274964570602193E+00 -0.329292096580532E+00  0.903305706858508E+00  0.188263400055004E+00  0.801846268893779E+00 -0.567097393100034E+00
-0.194186360063399E+00  0.412754945730661E+00  0.889901686895922E+00 -0.535389486161291E+00  0.559588181753641E+00  0.632628773412657E+00
 0.674889075068459E-01  0.327638029290380E+00  0.942389818029805E+00 -0.725212674370328E+00 -0.666055351713382E+00 -0.174461587137681E+00
 0.293912044172293E-01 -0.869850373266511E-01  0.995775958930615E+00  0.382219488430567E+00 -0.534950146202514E-01 -0.922521840432331E+00
 0.223778665311460E+00  0.446812097133071E-01  0.973615272297008E+00  0.115494944329293E+00  0.503215125024880E-01  0.992032591810287E+00
 0.451719425457493E+00 -0.830394859670743E-01  0.888287118242000E+00  0.398681442910284E+00  0.156650256733178E+00  0.903611533870835E+00
 0.371080685913709E+00  0.751144986757394E-01  0.925557635499002E+00 -0.762398781404293E+00  0.504181216875329E+00 -0.405646889133101E+00
 0.118546240182336E+00 -0.117340996538401E+00  0.985990811047449E+00  0.704350841644679E-02 -0.762889550581509E-02  0.999946093018293E+00
-0.870201590535098E-01  0.340742469862438E+00  0.936120751372571E+00  0.484018597972501E+00 -0.550422703205329E+00 -0.680265275177906E+00
 0.115316274333318E+00  0.282488992661834E+00  0.952314089940281E+00 -0.181785903594129E+00 -0.500689150284666E-02 -0.983325386783004E+00
 0.249863029363267E+00 -0.118973215859500E+00  0.960944244202264E+00  0.719154439909523E+00 -0.572902960426103E-01  0.692484450033190E+00
 0.845019012391518E-01  0.155412986033851E+00  0.984228750067285E+00  0.427363249574106E+00  0.204725794693323E+00  0.880595254302820E+00
-0.100480825101639E+00 -0.173168001551906E-01  0.994788285123663E+00 -0.568027554819473E-02  0.193283986836671E-01 -0.999797053143298E+00
-0.862000723637918E-01  0.223581511050246E+00  0.970866033725027E+00 -0.462207106046674E+00  0.440368430539490E+00  0.769701394375861E+00
-0.837745158917809E-02 -0.388721269490041E+00  0.921317313932025E+00  0.718726272828201E-01 -0.574229275137749E-01  0.995759475397153E+00
-0.996493305763615E-01  0.905551920041651E-01  0.990893419151006E+00  0.543265302282360E-01  0.338657148299323E-01 -0.997948766957712E+00
 0.310684141359136E+00  0.263384363960182E+00  0.913292965662841E+00  0.321658655660429E+00  0.464034981099967E+00  0.825352800658167E+00
 0.371445787295836E-01 -0.555128585074752E-01  0.997766807832036E+00  0.866270731291591E+00  0.234742979642143E+00  0.440988382631857E+00
 0.246427928073568E+00  0.337920614393470E-01  0.968571821213609E+00  0.278914963733847E+00 -0.937773127705089E-01  0.955726037426463E+00
-0.443655897004998E+00 -0.869275279891633E-01  0.891971440086724E+00 -0.944993025913184E+00  0.747626161016735E-01  0.318431675888375E+00
-0.108135548096929E+00  0.392702581239329E-01  0.993360231771263E+00 -0.538635919940669E+00 -0.199345330870206E+00  0.818616384401093E+00
 0.135109035004794E+00 -0.582569705388778E+00  0.801472449322686E+00 -0.493885134281091E+00  0.594384504249619E+00 -0.634653082592437E+00
-0.169714417881958E+00  0.117337169608270E+00  0.978483012111763E+00 -0.409919747591947E+00  0.383528485861791E+00  0.827569756012577E+00
-0.645700981052055E-01 -0.191082790279173E+00  0.979447839187881E+00 -0.151850750644401E+00  0.662500218914722E+00 -0.733508561277016E+00
-0.320669308933835E+00  0.128656325551869E+00  0.938412885782899E+00 -0.770738391089676E-01 -0.189668675212316E-02 -0.997023583424369E+00
-0.702650825271617E+00 -0.302743430638352E+00  0.643916324494446E+00 -0.853398979986299E+00 -0.216506296728702E+00  0.474167907428548E+00
 0.420384862379223E+00  0.977081340830411E-01  0.902069669158880E+00 -0.723352811336590E+00  0.881986650013480E-01 -0.684822389984024E+00
 0.246318250097564E+00 -0.693031684175036E-01  0.966708017198662E+00 -0.409307086796932E+00  0.480141924159364E-01 -0.911132452514152E+00
-0.878007309780546E-01 -0.227734494081346E+00  0.969756686929888E+00  0.175327933664392E-01  0.855342935293293E+00 -0.517765452884434E+00
 0.337616703207550E-01 -0.844753019193945E-01  0.995853439509439E+00 -0.100326995140951E+00 -0.316880030983072E+00 -0.943144495827736E+00
-0.264264555897894E+00  0.275493962613629E+00  0.924265828135785E+00  0.824276741947618E+00 -0.485822132261278E+00 -0.290765727845160E+00
-0.261463447065044E+00  0.165105351091277E+00  0.950987428355334E+00  0.547009157133500E+00 -0.407459268979797E+00 -0.731271444905753E+00
 0.242873077860035E-01  0.134078339422732E-01  0.999615104262378E+00 -0.196538889727666E+00 -0.171290935567996E+00  0.965417982128392E+00
-0.166433006320986E+00  0.208249494031035E+00  0.963811289953991E+00  0.193577891850258E+00  0.155526926127415E+00 -0.968678984512500E+00
 0.546287204983391E-01  0.154344905958647E+00  0.986505627404796E+00  0.124323115448903E+00  0.145681283401790E+00  0.981489035410731E+00
 0.128022871814830E+00 -0.131362087823036E+00  0.983033135847951E+00 -0.635641311171977E+00  0.462631987648353E+00 -0.618006284382371E+00
-0.175062876597592E+00 -0.161206911227551E+00  0.971269952695876E+00  0.462821146451779E-01 -0.991682544885717E+00  0.120098692886134E+00
-0.232479765698318E+00  0.215984402083463E+00  0.948316348376165E+00 -0.323352532158955E+00  0.273687072284801E-01  0.945882706159191E+00
 0.468922562233147E-02 -0.325820417064587E+00  0.945420047908294E+00  0.387746967128465E+00 -0.822342010006039E+00  0.416420350201458E+00
-0.311215985092396E+00  0.219357302813666E-01  0.950086014190290E+00 -0.798695273666715E+00  0.988698352646043E-01  0.593557592401278E+00
-0.128196499970799E+00 -0.195054404704577E+00  0.972378237416171E+00 -0.104196891101860E+00  0.477523486596931E+00 -0.872418665339651E+00
 0.472819651821479E+00 -0.209046353995988E-01  0.880911217473262E+00  0.732051249479288E+00 -0.207865543038910E+00  0.648762579186679E+00
-0.128291202270979E+00  0.320710598582310E-01  0.991217844138934E+00  0.415042107156975E-01  0.137393143411375E-01  0.999043858764120E+00
-0.225378823926973E+00  0.810810389574716E-01  0.970891472228936E+00 -0.147808523143099E+00 -0.240379705881881E+00  0.959359284880485E+00
-0.371769474362327E+00 -0.122654561206009E+00  0.920186566163471E+00 -0.677273330753176E+00 -0.523675434601340E+00  0.516783198880920E+00
 0.181906460599246E+00 -0.153508116959155E+00  0.971259644801486E+00  0.970820735810965E+00  0.174029876139493E+00  0.164986972607926E+00
-0.111001839356066E-01  0.460828933572900E+00  0.887419562494911E+00  0.128523146266651E+00 -0.991105881107416E+00 -0.345099015937895E-01
-0.161852364785630E+00 -0.323364483781564E+00  0.932329996643883E+00  0.470496681344578E+00  0.877422551634944E+00 -0.936084329863683E-01
 0.317561870715120E+00  0.723512775271512E-01  0.945473294656228E+00 -0.943793872472280E-01  0.150261356694476E-01 -0.995422898324969E+00
 0.272441328488148E+00 -0.402678560409435E+00  0.873856795772739E+00  0.488151476608944E+00 -0.842940059791745E+00  0.226186187648134E+00
 0.249042043496792E+00 -0.150027512110451E+00  0.956801863596058E+00 -0.170161791367191E+00 -0.924990059510741E+00  0.339762202967051E+00
 0.102279292784507E+00 -0.954565300003070E-01  0.990165136301921E+00  0.263811048078800E+00 -0.844901272738082E+00  0.465344571513555E+00
 0.354321296962233E+00 -0.513282737060498E-01  0.933713996273676E+00  0.695687802732786E+00 -0.117879991859767E+00  0.708606229614142E+00
-0.281752941504653E+00  0.579681087791821E-01  0.957734294216324E+00 -0.467089533533533E+00  0.636239193954672E+00  0.614025289169213E+00
-0.366636003375497E+00  0.195204679994584E+00  0.909655524875793E+00 -0.494380230197682E+00  0.316240727278705E+00  0.809678942791476E+00
 0.102554587296915E+00  0.324066371546679E-01  0.994199359531420E+00  0.262504705013796E+00  0.800969009812197E-01 -0.961600627235041E+00
-0.148060941070242E+00  0.991798487346111E-01  0.983992538251370E+00 -0.369992430778424E+00 -0.114618959065025E+00 -0.921937142862529E+00
-0.346120514398330E+00  0.243076612971961E+00  0.906153601625417E+00  0.478375687988372E+00 -0.495247977212625E+00 -0.725180075711168E+00
-0.210311900586480E+00  0.155437879382905E+00  0.965198409719291E+00  0.113529097786174E+00 -0.927678320602963E-01 -0.989194254578286E+00
-0.306573527417019E+00  0.130725647851482E-01  0.951757206611552E+00  0.104770436316720E+00 -0.523925670056143E-01 -0.993115388359563E+00
 0.434255265578472E+00  0.828641600831411E-01  0.896970398224538E+00  0.850313681450305E+00  0.422903762956986E+00  0.313239605438473E+00
 0.718172718490461E-01 -0.245667942488977E+00  0.966689992447110E+00 -0.134171081852002E+00 -0.627315350612002E+00  0.767120311086341E+00
 0.960227200674331E-01  0.103477122935773E+00  0.989985920233104E+00 -0.840232113106471E+00  0.522845909362094E+00 -0.143673766457069E+00
 0.189467852084995E+00 -0.327979910247738E+00  0.925489660396152E+00 -0.476275365129776E+00  0.557762844923664E+00 -0.679751708635704E+00
-0.113981017483580E+00 -0.164826389580202E+00  0.979714544625813E+00  0.658508624528346E+00  0.477655565610371E+00 -0.581559585995470E+00
-0.782980185696488E-01  0.148044847829541E+00  0.985876332670175E+00  0.373882051823905E+00 -0.926803286930388E+00 -0.353253260278833E-01
 0.304541699786456E-01 -0.580043806937541E+00  0.814015801790307E+00 -0.241159111735817E+00 -0.948285169647407E+00  0.206391666143718E+00
-0.142722570075756E+00 -0.113606615272182E+00  0.983221137362989E+00 -0.182811518800431E+00 -0.975468267974470E+00  0.122644228436431E+00
-0.585503370107699E-01  0.281323843816307E+00  0.957825011646879E+00 -0.283181580278684E+00  0.888817971669706E+00  0.360292666908191E+00
 0.310562890185001E+00  0.898154367584559E-01  0.946300099630042E+00  0.435641182079077E+00  0.562707749741180E+00  0.702550175331244E+00
-0.380261120810945E+00  0.136258107563517E+00  0.914786974176400E+00  0.923130143342318E+00 -0.511224894787113E-01 -0.381073784879372E+00
-0.446984399846661E+00 -0.391812775587347E+00  0.804168946913682E+00  0.389472672986096E+00  0.771613459675250E+00 -0.502915207410809E+00
-0.180593475003763E+00  0.118785008559905E-01  0.983486094463709E+00  0.859194670443937E+00 -0.320599593653367E+00 -0.398748565928494E+00
-0.284722893207898E+00  0.246560244992172E+00  0.926358958327022E+00 -0.110679589283056E+00 -0.797562787238733E+00 -0.592995471254308E+00
 0.353722201841787E-01  0.187167899046698E+00  0.981690879862743E+00  0.751824260852087E+00  0.190647943676322E+00  0.631200160302739E+00
 0.115584665653170E+00 -0.213047244717302E+00  0.970180940126228E+00 -0.731446783030118E+00  0.373358533257830E+00 -0.570604073976391E+00
 0.104151449546811E+00 -0.657293106894192E-01  0.992387088425475E+00 -0.172960880056210E+00  0.306713213360216E+00  0.935954880707629E+00
 0.177905912334838E+00 -0.210877530657656E+00  0.961186846258332E+00 -0.175311304349481E+00  0.184570136382211E+00 -0.967057294746871E+00
 0.233955440334059E+00 -0.285651480899240E+00  0.929337443234785E+00 -0.459284243938160E-01 -0.947060460818724E+00  0.317753148507654E+00
 0.967241182089519E-01  0.719849532656353E-01  0.992704694992446E+00 -0.204006455591406E+00  0.457026582527415E+00 -0.865741340667260E+00
-0.172588808614512E+00 -0.104664351269651E+00  0.979417416995597E+00 -0.175450733304921E+00 -0.246513754624066E+00  0.953125389948202E+00
-0.174483692241507E+00 -0.256799623542944E-01  0.984325139715152E+00  0.535847221306984E+00 -0.838510157982365E+00  0.988355724320634E-01
 0.141126299641692E+00 -0.354847862708999E+00  0.924211210644136E+00 -0.747739110121744E+00  0.464437110848331E+00 -0.474535976782791E+00
 0.964133727584692E-01 -0.129202440635372E+00  0.986920052936001E+00  0.382520812341508E+00  0.482346901674872E-01  0.922686969014974E+00
 0.321771118466044E+00 -0.406602382921363E-01  0.945944021780960E+00 -0.834044734368185E+00 -0.550680728836623E+00 -0.334681335103844E-01
 0.276531037958866E+00 -0.975001830656477E-01  0.956046180551733E+00 -0.532888229095526E+00  0.500890409961619E+00 -0.682010947492718E+00
 0.365934453191521E+00 -0.195747898043726E+00  0.909821266172035E+00 -0.353816380848281E+00  0.431256447409813E+00 -0.829958941882604E+00
 0.124499086759779E+00 -0.186989000119075E+00  0.974440912128821E+00 -0.199609135710614E-02 -0.388779076434166E-01  0.999241974657072E+00
 0.703463446991118E-01  0.658474649937595E-01  0.995346926021962E+00 -0.137601292229743E+00 -0.593103924668255E+00 -0.793280290263043E+00
-0.367019067456109E-01  0.157316844043012E+00  0.986865938525382E+00  0.103356421858701E+00  0.110317908282820E+00  0.988507667735900E+00
-0.821117164392027E-01  0.937974091714781E-01  0.992199431594337E+00  0.292391257710411E+00  0.107200247665026E+00 -0.950271255650239E+00
-0.142879983322779E+00 -0.244898461834959E+00  0.958963009587207E+00  0.441332508277794E-01 -0.126625187892282E-01  0.998945402306495E+00
 0.252203107425249E+00 -0.194564868105177E+00  0.947912498442901E+00  0.758142134416403E+00 -0.509465901529057E+00  0.407019654564403E+00
-0.133572260072888E+00 -0.493703762106557E+00  0.859310797453897E+00  0.511390098227583E+00  0.790351915116054E+00 -0.337378152385672E+00
 0.148432500452262E+00  0.428506525836578E-01  0.987993731955139E+00 -0.239203881030088E+00  0.603616697387963E-01 -0.969091312584365E+00
 0.887158074116336E-01  0.365058549164542E+00  0.926747949119490E+00  0.216076243899380E+00  0.653027885207983E+00  0.725855108105691E+00
 0.103516677479981E+00 -0.586113857330553E-01  0.992899291441965E+00 -0.871872131825841E+00  0.394011383608175E+00 -0.290850503407911E+00
 0.287459139042392E+00 -0.960832395501577E-01  0.952961307954606E+00  0.769815755303178E+00 -0.191621341260373E+00  0.608822605083430E+00
 0.322966055356690E-01  0.151957467372124E+00  0.987859229536640E+00 -0.389173688770460E+00  0.180175676367442E+00 -0.903371775967308E+00
 0.783661283472561E-01  0.177274267613461E+00  0.981036484525409E+00 -0.514376962943728E+00 -0.853337724223476E+00 -0.850356890363444E-01
 0.213861961695892E-01  0.179316597753169E+00  0.983558939964263E+00 -0.187947922084965E+00  0.458711475548429E+00  0.868481065299714E+00
 0.134115798716081E+00  0.522751365999157E-01  0.989585904622842E+00 -0.922741964497831E+00 -0.377348529751501E+00 -0.784560644505244E-01
-0.147304721309881E+00  0.462106686251654E-01  0.988011079484959E+00 -0.104449156147811E-02  0.334709690025921E-02  0.999993852970966E+00
-0.456195047623181E+00  0.480176740573971E+00  0.749210502019187E+00 -0.638067184952308E+00  0.768941398352567E+00 -0.399924166141022E-01
-0.408832878030423E+00 -0.480607794274989E+00  0.775803986792728E+00  0.999213454463331E+00  0.367882499962747E-01  0.148019283091259E-01
 0.329512579421434E-01  0.443703578565003E+00  0.895567612728732E+00  0.111451471193360E+00 -0.867722346839151E-02 -0.993731993729554E+00
 0.172360715710474E+00  0.448519983979766E-01  0.984012236671618E+00 -0.609702305018556E-02 -0.148550127394456E-01  0.999871069141635E+00
 0.435227035818079E-01  0.407591459801108E+00  0.912126622882005E+00 -0.370169614061882E+00 -0.599527811659788E+00 -0.709606130097326E+00
-0.138228211207393E+00  0.300136729395155E-01  0.989945524290647E+00  0.476627175760675E+00  0.874589763571043E+00 -0.889903409542262E-01
 0.660277807122978E+00 -0.123659511910542E+00  0.740770910967027E+00  0.919122968724073E+00 -0.169885290630581E+00  0.355460203667316E+00
 0.442497146067473E+00  0.109520427487907E+00  0.890057049679967E+00 -0.961888060832191E+00 -0.867741579737464E-01 -0.259309860854604E+00
-0.276005522345693E-01  0.261621195430582E+00  0.964775911607364E+00  0.745163241058584E+00  0.666671037740995E+00  0.167771157357923E-01
-0.575428166981635E-01 -0.372079632886789E+00  0.926415441925098E+00 -0.144062642777415E+00 -0.546061684315124E+00  0.825265164585854E+00
-0.556901160008476E-01  0.760681579041091E-01  0.995546205021589E+00 -0.355459824414986E+00  0.663884360838557E+00  0.657955825767086E+00
-0.213746558055398E+00  0.417133472702104E+00  0.883352746568976E+00 -0.565934733658255E+00  0.673222870683068E+00  0.475908440383663E+00
-0.453895070514426E+00  0.326398721061112E+00  0.829121908920742E+00  0.644697600684949E-01  0.828771120137385E+00  0.555861565916312E+00
-0.241269588936114E+00 -0.235670045893962E+00  0.941407783547032E+00  0.423503629522013E+00  0.583602058293436E+00 -0.692858797546330E+00
-0.866608040447884E-01  0.348546368957678E+00  0.933276665158156E+00 -0.235801617548602E+00  0.444868839142615E+00  0.863996130269902E+00
 0.156305039630731E+00  0.349380537195055E+00  0.923851706073724E+00  0.376751085115182E-01  0.414348899420042E-01  0.998430636596323E+00
 0.288716012666270E+00 -0.151601724015742E+00  0.945335909243664E+00 -0.479255584707498E+00  0.697276231795957E+00 -0.533029024631028E+00
 0.308955804424826E+00  0.480591465629458E-01  0.949861373750849E+00  0.497541938556651E-01  0.713261097310603E-01  0.996211376297423E+00
-0.263632712640555E-02  0.148940386064910E+00  0.988842662499004E+00  0.191946218369194E-01 -0.110647922849658E+00 -0.993674294556116E+00
-0.113691137403519E+00  0.116234262544778E+00  0.986693428318323E+00  0.706121292195034E+00 -0.541669170864117E+00 -0.456056169834588E+00
 0.376706044437000E+00 -0.370462110473615E+00  0.849029081238131E+00 -0.702612879147050E+00  0.438800073211911E+00 -0.560169293879908E+00
-0.639065006326845E-02  0.933203549114599E-01  0.995615624099465E+00  0.323534132010421E+00  0.833882668531696E+00  0.447174865736796E+00
-0.178609071242656E+00 -0.358377861663752E+00  0.916331876526814E+00 -0.259406515577689E+00  0.932736776534245E+00 -0.250420377318518E+00
 0.121477728942583E-01 -0.106869532121861E+00  0.994198840633887E+00  0.626187761501473E-01  0.387501426745732E+00 -0.919739926905144E+00
 0.556675116465920E-02 -0.825666288150434E-01  0.996569999090676E+00  0.214674768654829E+00 -0.328990767017932E-01 -0.976131340781129E+00
-0.124171679172501E+00  0.119862234385821E+00  0.984994639000396E+00  0.995313438200411E+00 -0.648210520427608E-02 -0.964838952872303E-01
 0.162075259509214E+00  0.359865697277326E+00  0.918818964855496E+00  0.862085627615669E+00  0.405906498172246E+00  0.303394603445812E+00
 0.152372468653411E+00 -0.102415759242032E+00  0.983002361673330E+00 -0.111002245255760E+00 -0.565291175016493E-01 -0.992211147096557E+00
-0.862977784328729E-01  0.211816654212176E+00  0.973491858433295E+00 -0.964167262349785E-01  0.901626753060308E+00  0.421631371067258E+00
-0.104495141036754E+00  0.143433140914441E+00  0.984127887821053E+00  0.139724555394596E+00 -0.393793906946722E+00 -0.908517147593494E+00
 0.203477027052491E+00 -0.177106787951163E+00  0.962927975044604E+00 -0.692219528432527E+00  0.133593389510451E+00 -0.709214305224986E+00
-0.361718409383007E+00 -0.102435197666070E+00  0.926642769675856E+00 -0.719876807036973E+00  0.564627969079782E-01  0.691801514349008E+00
 0.172057880699775E+00 -0.141382028225974E-01  0.984985379033643E+00  0.218121630983175E+00 -0.436917042497908E+00  0.872654829856640E+00
-0.260353493380307E+00  0.744933650914340E-01  0.962635339597516E+00  0.737799223492151E+00 -0.979759531110540E-01 -0.667872007518177E+00
-0.787598418006596E-01 -0.880274917543297E-01  0.992999520651937E+00  0.150653821900845E+00 -0.594426012222955E-01 -0.986797853213411E+00
-0.413774747721565E-01  0.379382914562867E+00  0.924314074716632E+00  0.981154886553731E+00 -0.164506615949100E+00 -0.101354141014122E+00
-0.128883940527613E+00  0.129945793867272E-01  0.991574541212428E+00  0.583912766516016E-02  0.149903950470970E+00  0.988683321504569E+00
-0.134543951188548E+00 -0.391828621188090E+00  0.910147381920320E+00 -0.103829247209464E+00  0.873737579447331E+00 -0.475186415720646E+00
 0.417324382618060E+00 -0.791984105443360E-01  0.905299934518779E+00 -0.850929806102647E+00  0.250299454017701E+00 -0.461810186553472E+00
 0.242920913402417E+00 -0.530148549660755E-02  0.970031609837156E+00  0.256952725123406E+00 -0.615950073538677E+00  0.744701822180767E+00
 0.149783578226623E+00 -0.315687829291637E+00  0.936966421026262E+00  0.187782925280449E-02 -0.315960093803862E+00  0.948770621847426E+00
 0.105606533361306E+00 -0.745955664643421E-01  0.991606152449283E+00 -0.123116780441051E-01 -0.725237630376568E+00  0.688388554574754E+00
 0.288105090175706E+00  0.181734470315301E+00  0.940195745211637E+00 -0.980794141776893E+00  0.112663349698328E+00  0.159216271438823E+00
-0.169392944308901E+00  0.232364123276249E+00  0.957764555949123E+00 -0.759845708906266E-01 -0.118290867428059E+00 -0.990067480361659E+00
-0.248539183970909E+00 -0.165979369929921E-01  0.968479624214496E+00  0.769877900086845E-02 -0.120641888515166E+00  0.992666239748985E+00
 0.243991756004743E+00  0.197651000185076E+00  0.949421984750491E+00  0.719643300118295E+00  0.600674326264767E+00  0.348287057412729E+00
 0.351662269366042E-01  0.539771574301093E+00  0.841076681438478E+00 -0.717865097912655E-01  0.722128505699943E+00  0.688024068087415E+00
 0.363549367640277E-01 -0.377934975751090E+00  0.925118085801433E+00  0.321570629343574E+00 -0.374037662644545E+00  0.869878242782853E+00
 0.417936336132306E+00 -0.418905852729552E+00  0.806130948102869E+00  0.824045246089474E+00 -0.522082675390358E+00  0.219952523183036E+00
-0.343633613350565E+00  0.310415197995716E-01  0.938590626324473E+00 -0.446227465645088E+00 -0.141354974350455E-01  0.894807932808056E+00
 0.503137444254754E+00 -0.366621672191467E-01  0.863428397542952E+00  0.865573762683048E+00 -0.188525049035765E+00  0.463940047032775E+00
 0.841458935287678E-01 -0.521529478124665E-01  0.995087703992324E+00 -0.281575826870458E-01  0.798994302861246E+00  0.600678994582376E+00
 0.166654419750846E+00 -0.236978260707723E+00  0.957114208613294E+00 -0.781901741730006E+00 -0.614751965603881E+00  0.103487617934456E+00
-0.393724376318974E-01  0.990622988129460E-01  0.994302002466462E+00 -0.127547936887903E+00  0.111169054481364E+00 -0.985582551144935E+00
-0.145519397350527E+00 -0.364477384923013E-01  0.988683805548334E+00  0.380094369283119E+00  0.162058666575897E+00 -0.910640027138556E+00
 0.745685509964259E-01 -0.537279019498935E-01  0.995767464699644E+00 -0.224734481236523E-02  0.108652952728370E-01  0.999938445505486E+00
-0.487416041163177E+00 -0.421262303155701E-01  0.872153073454549E+00 -0.846024596618139E+00 -0.401103773775119E+00  0.351223781342428E+00
 0.147079890450626E+00 -0.310748239057702E+00  0.939043682555593E+00 -0.296476648668983E+00  0.690581424725651E+00 -0.659696060787010E+00
 0.910948120517906E-01 -0.373814474822593E+00  0.923019216284449E+00 -0.255745728055431E+00  0.273452441613570E+00 -0.927263654392306E+00
-0.157142499050256E+00 -0.420971646384638E+00  0.893358331204477E+00 -0.448953430194367E+00 -0.767591585282474E+00  0.457431935614742E+00
 0.104435583391894E+00 -0.134061382736901E+00  0.985454592855635E+00  0.903710022123469E+00 -0.351062384675171E+00  0.245078350695818E+00
 0.576185172552583E+00  0.319571945321473E-01  0.816694180613640E+00  0.834914528895581E+00 -0.320158107543196E+00  0.447679031911736E+00
-0.230346655240219E+00 -0.370890778394619E+00  0.899655739114400E+00  0.349981688462890E+00  0.323216563996923E+00 -0.879229134241290E+00
-0.166829107595700E+00  0.286889714976843E+00  0.943325150888774E+00 -0.554008381947525E+00  0.416843558608068E+00  0.720635941636862E+00
 0.108298057263645E+00  0.745639797540658E-02  0.994090505397850E+00  0.341649102557410E+00  0.258227508871703E+00  0.903656153845937E+00
 0.239810402924082E+00  0.141746664680442E+00  0.960415979511669E+00  0.915062387687285E+00 -0.382287178414787E+00 -0.128519803375612E+00
 0.248079898172545E+00  0.157497321756156E+00  0.955850907705975E+00  0.730926841087802E+00  0.414527431551116E+00  0.542137400913313E+00
-0.130863660338927E+00 -0.148951625757664E+00  0.980146986725382E+00  0.259555356292311E+00 -0.659221007880417E+00  0.705732725462763E+00
 0.206362026556044E+00  0.378574283929834E+00  0.902272811040373E+00  0.512678211049110E+00 -0.101679823730514E+00  0.852538717807945E+00
 0.227850169156197E-01 -0.951580261308829E-02  0.999695099770317E+00  0.368479735243130E+00  0.143707502479996E+00 -0.918461125168678E+00
-0.158114742563012E+00  0.121074362264837E+00  0.979969758199913E+00 -0.480428736663643E+00  0.549850748030508E+00  0.683265968622810E+00
 0.336340028552697E+00 -0.580150261424606E+00  0.741822795121673E+00  0.671832926116083E+00 -0.729558312391304E+00  0.128004641349660E+00
 0.195439165237310E+00  0.755748023441064E-01  0.977799561230211E+00  0.655428350952536E+00  0.118893922150432E+00  0.745840406550441E+00
 0.249257525880820E+00 -0.696505436039012E-01  0.965929338806651E+00  0.509333317351838E+00 -0.886921902939524E-01  0.855986721401818E+00
-0.351670340527803E+00  0.161370558547313E+00  0.922110359136686E+00 -0.906107946770947E+00  0.348563813348244E+00  0.239732469270789E+00
 0.352877950910360E+00 -0.151246560972726E+00  0.923364299480562E+00 -0.699973690190358E+00  0.170211927093749E+00 -0.693588302176676E+00
-0.751766515710812E-01  0.770057920420497E-02  0.997140497692517E+00  0.331522351659457E+00 -0.911869688405755E+00  0.242046693257675E+00
-0.576941054564523E-01 -0.271490468388281E+00  0.960710318342575E+00 -0.174930349571626E+00 -0.236645326767113E+00  0.955718767273111E+00
 0.228257714244065E+00  0.210482679005604E+00  0.950576381847718E+00  0.834606568349399E+00  0.403505791813619E-02  0.550831729637679E+00
 0.229954384086422E+00 -0.553518244406558E+00  0.800461450882250E+00  0.384807746845553E+00 -0.857935024688430E+00  0.340397549022481E+00
-0.235204493585453E+00 -0.178278530125687E+00  0.955455709017135E+00 -0.423988200465475E+00 -0.144988310215476E+00  0.893986798429881E+00
 0.154034323701904E+00  0.188932079679216E-01  0.987884848458755E+00  0.834181102660428E+00 -0.232250189453894E+00  0.500201696781272E+00
 0.524922476670994E+00 -0.248737427210704E+00  0.813993910167754E+00  0.613339258738861E+00 -0.343985316620862E+00  0.710977535256150E+00
 0.319202583014687E+00  0.392494729931358E+00  0.862587733493157E+00  0.599294314117966E+00  0.766882490156843E+00  0.229646622785347E+00
 0.120799646343127E+00  0.132937838302390E-01  0.992587890695253E+00 -0.168966737628021E+00 -0.715562931809542E-01 -0.983020823015232E+00
 0.982483730580214E-01 -0.107776917734655E+00  0.989308542970831E+00  0.282812953440721E+00  0.936580180478722E+00 -0.206964728638919E+00
 0.238519628109933E+00 -0.241856387549251E-01  0.970836465056971E+00  0.164107007444732E-01  0.408142790368651E-01  0.999031973225970E+00
 0.943965577104775E-01 -0.254620606859528E-01  0.995209009885882E+00 -0.739423182392354E+00  0.348139079323301E+00 -0.576240001031418E+00
 0.263822592416945E+00 -0.153855658981912E+00  0.952221652730941E+00  0.235950400875208E+00 -0.301081110953542E+00  0.923946737076229E+00
 0.348715992885398E+00 -0.234943033986991E+00  0.907303106512338E+00 -0.676085611670807E+00  0.454397213464738E+00 -0.580027083925564E+00
 0.156220895136305E+00  0.332932171340928E+00  0.929919997208914E+00  0.301632301169280E+00  0.876485289924544E+00  0.375221922916577E+00
-0.215774443878053E+00  0.279971905785682E+00  0.935444878835653E+00 -0.408217490753604E+00  0.721755224059190E+00  0.558952481688828E+00
-0.130238897669279E+00 -0.266338085813216E+00  0.955040236628407E+00 -0.491817869809629E+00 -0.357804729422198E+00  0.793782689745138E+00
 0.309853170567488E+00  0.271048936418298E+00  0.911330613309892E+00  0.643763084231691E+00  0.724954450685155E+00  0.244969663044805E+00
-0.769425949655700E-02  0.397344755448616E+00  0.917637152521779E+00 -0.320605107646463E+00 -0.583153767147435E+00 -0.746420825548668E+00
-0.186810916700521E+00  0.125988814245446E+00  0.974283582991388E+00 -0.584845857462642E+00  0.451435819757011E+00  0.673914700573525E+00
-0.301365066070803E+00  0.139493852567973E-01  0.953406792299645E+00  0.524321945208791E+00 -0.665557721424937E-01 -0.848915088196096E+00
-0.341170992252201E-01 -0.235090267023900E+00  0.971374587834728E+00 -0.203675315355271E+00  0.610778202778229E+00 -0.765157730749633E+00
 0.156907682245718E+00 -0.155041863495728E+00  0.975367622907409E+00  0.369858539216327E-02 -0.164026055087975E-02 -0.999991814972214E+00
-0.282175066282240E+00  0.646717764243742E-01  0.957180648207395E+00 -0.877490151332430E-01  0.471977410743208E-01  0.995023860809693E+00
 0.438134508084867E+00 -0.108023489080767E+00  0.892395135930295E+00 -0.923600723257058E+00 -0.151824595450819E-01 -0.383055083403420E+00
-0.178843733435902E+00 -0.253517056096612E+00  0.950654522567907E+00 -0.529414781029919E+00 -0.668574246600533E+00  0.522234110729635E+00
 0.109196719423851E+00 -0.173429696580143E-01  0.993868853456285E+00  0.933118286109231E+00  0.140915146963855E+00  0.330806870371107E+00
-0.819355006730896E-01 -0.156801498724882E+00  0.984225514669824E+00 -0.677460592381674E-01 -0.142778251374442E+00 -0.987433462260701E+00
 0.131048873980349E+00  0.291147444642494E+00  0.947659938008687E+00  0.164195037590536E+00  0.694007594903427E+00  0.700994613279591E+00
-0.178141409181136E+00 -0.298209797771853E+00  0.937729467835916E+00  0.211711817710638E+00 -0.924816262586788E+00 -0.316058517835958E+00
 0.111332883271326E-01 -0.986503796744056E-01  0.995059873817209E+00 -0.869017893609236E+00 -0.268787352491143E+00 -0.415404934645423E+00
 0.498752374754997E+00 -0.217820014173386E+00  0.838928191266545E+00  0.433652377615560E+00  0.614401051504399E-01  0.898983163839832E+00
 0.332869738569488E+00  0.227374610923962E+00  0.915149454161372E+00 -0.950744407103274E+00 -0.821229517429785E-01 -0.298899469987592E+00
-0.325067964001433E+00 -0.252974159606938E+00  0.911227135982641E+00  0.732833110079430E+00  0.590881207480941E+00 -0.337364834292455E+00
 0.450722479516232E-01  0.175879099466710E+00  0.983379395165145E+00 -0.192002748606960E+00  0.572980480745543E+00  0.796761139371128E+00
-0.126952560283233E+00  0.152556193371148E+00  0.980106961153545E+00 -0.174652313396517E+00  0.415768563881569E+00  0.892543035776484E+00
 0.106256970854733E-01 -0.264928057312640E-01  0.999592529887020E+00 -0.139664066698261E+00 -0.722247775314440E+00  0.677386226259913E+00
-0.404301784006946E-01 -0.122948915198609E+00  0.991589110935560E+00 -0.506023654170045E-01  0.191194587753479E+00 -0.980246923090290E+00
-0.217140780277085E+00 -0.741197617609679E-01  0.973322219235314E+00  0.247715187694802E+00  0.183988544966858E+00 -0.951202082160414E+00
-0.183049745686229E+00  0.471672462080090E+00  0.862564710105574E+00  0.286265601128369E+00  0.864724766314029E+00  0.412677942388203E+00
 0.117041517557080E-01 -0.304749907211399E+00  0.952360492086018E+00 -0.992909541406859E+00  0.387905790676960E-02 -0.118809071593781E+00
 0.116591536253623E+00 -0.207394326024420E+00  0.971284719949252E+00  0.769423588610490E+00  0.597544754677705E+00  0.225671459088022E+00
-0.696807118584295E-01  0.228660827016458E+00  0.971009178423691E+00  0.172783841433642E+00  0.309939832453424E+00  0.934924084831585E+00
-0.774903101017414E-01  0.263388515444580E+00  0.961572535887042E+00  0.167614249188362E+00 -0.645213227833758E+00 -0.745389397628760E+00
 0.187800310088288E+00  0.239210693393943E+00  0.952632818926963E+00 -0.808592140789566E-01  0.693357810475838E+00  0.716042410860338E+00
 0.187357168772468E+00  0.177756744239039E+00  0.966074443915737E+00  0.358915488251932E+00  0.703247089531457E+00  0.613696344586157E+00
 0.156676551133342E+00 -0.174310343870997E+00  0.972146265921202E+00  0.294901547153076E+00  0.217316030926639E+00 -0.930487410011019E+00
-0.278927738202506E+00 -0.145047739221155E+00  0.949294722521971E+00  0.305432571281656E+00 -0.228805643728213E+00 -0.924315380050767E+00
 0.184726412006974E+00 -0.167544042743816E+00  0.968403400679742E+00 -0.350396509797522E-01 -0.245498353149699E-01  0.999084345010583E+00
-0.327490573340789E+00  0.209070697348827E+00  0.921433322537771E+00 -0.695782225009349E+00  0.586955248367194E+00  0.413969360913637E+00
 0.161677238346963E+00 -0.232233581941526E+00  0.959128789068031E+00 -0.144780227713593E+00  0.633206390652284E+00 -0.760321216658004E+00
 0.142312684942472E+00  0.107728690315403E+00  0.983941882931809E+00 -0.455424171535314E+00  0.191206954794475E+00 -0.869499122725030E+00
-0.381571334378191E+00  0.218534852167692E+00  0.898134642004690E+00  0.497089339960485E+00 -0.285729119895833E+00 -0.819305228923386E+00
 0.892149134030913E-01 -0.420838725904349E+00  0.902737761482084E+00 -0.857077938261848E-01 -0.967808494327296E+00  0.236645076824726E+00
 0.214240504926821E+00  0.678124779276308E-01  0.974424175544724E+00 -0.329071755274675E+00 -0.304931806177403E+00 -0.893716047445625E+00
-0.250665005489781E+00 -0.228738661865205E+00  0.940662362163451E+00 -0.862313090720219E-01  0.580581352559552E-01  0.994582029933342E+00
-0.358450582729893E+00 -0.219424990140095E+00  0.907395092251782E+00  0.939676170874806E+00 -0.733628768437608E-01 -0.334105645255014E+00
-0.212791993440526E+00  0.120726798098297E+00  0.969610544367449E+00  0.569078137594193E+00 -0.196202395124271E+00 -0.798532838059791E+00
-0.616521310502545E-01  0.164957607761488E+00  0.984371882155606E+00 -0.296485866680899E+00 -0.883866768584625E-01  0.950938445017549E+00
-0.240651888939156E+00 -0.128354859843943E+00  0.962087157332670E+00 -0.210224447244016E+00 -0.688709268702465E+00  0.693891363964320E+00
-0.200549325804235E+00  0.202904600415797E+00  0.958441282004053E+00  0.501863156726346E+00 -0.318773366308339E-01 -0.864359420224013E+00
 0.300200979257124E+00  0.367755386895481E-01  0.953166791179360E+00  0.296306634297013E-01  0.195212717357749E+00  0.980313224824861E+00
-0.154619327667111E+00  0.241924395788672E-01  0.987677877336024E+00  0.539264223865434E+00  0.743542168837390E+00 -0.395397445640967E+00
-0.158638875945955E+00  0.850440405771160E-01  0.983667229402770E+00  0.241111684021884E+00 -0.182883496058246E+00 -0.953110058019348E+00
-0.365211171855384E+00 -0.438283515643351E-01  0.929892399985703E+00 -0.189735066547952E-01  0.333587060137368E-02 -0.999814421786639E+00
-0.159474722232382E+00  0.202711561316548E+00  0.966165532337762E+00  0.486195301512842E+00 -0.197605970995001E+00 -0.851214431864239E+00
 0.711039377850031E-01 -0.224103680857303E-01  0.997217130535636E+00 -0.213607232931856E+00 -0.975000554708396E+00 -0.612034995528571E-01
 0.187250472363016E-02 -0.253452943927801E-01  0.999677002725482E+00  0.444471227097092E-01 -0.928420532202479E-02  0.998968596510604E+00
 0.673453434389489E-01 -0.221951601677973E+00  0.972729197274181E+00  0.255146749242460E+00 -0.364145196381097E+00  0.895711121011444E+00
 0.127786164874185E-01 -0.382143721215238E+00  0.924014547123820E+00  0.222725830699065E+00  0.797045618313483E+00 -0.561347919446300E+00
-0.413826327957225E+00  0.119721823373002E-01  0.910277121067822E+00 -0.593578414097150E+00 -0.147089162817566E+00  0.791220225031906E+00
-0.199830687243272E+00  0.419740942508835E+00  0.885372937025792E+00  0.489351293069783E+00 -0.828685276960168E+00 -0.271691044608358E+00
 0.326762966989295E+00  0.461855978607120E-01  0.943977146945095E+00  0.674298752953095E+00 -0.180389305726716E+00  0.716087208477664E+00
-0.915339650673549E-01 -0.355200794295549E+00  0.930297763606287E+00 -0.197117457602953E+00  0.948302056556504E+00 -0.248732622385670E+00
-0.171415084141788E+00  0.363570217861523E+00  0.915660180204856E+00  0.304874659249908E-01 -0.970410494339205E+00 -0.239528676566735E+00
-0.349416764119394E-02  0.392563287441641E-01  0.999223063908167E+00  0.357633738099409E-01  0.114208177466551E-01  0.999295024512645E+00
 0.414860522673292E+00  0.233297436331971E+00  0.879467482587147E+00  0.561990283754256E+00  0.747878758968360E+00  0.353333104661531E+00
 0.244531631273385E+00  0.441355115899780E+00  0.863371266012408E+00 -0.184940319191864E+00 -0.872623962562364E+00 -0.452022674540968E+00
-0.448881048958689E-01 -0.394332557934528E+00  0.917870847010444E+00 -0.150851253924186E+00 -0.938475098813594E+00  0.310657992165525E+00
-0.249138482127213E-01 -0.326177761552536E-02  0.999684280647655E+00  0.546153343405119E+00 -0.117444090459965E+00 -0.829411484791139E+00
-0.215752680670087E+00 -0.143239290981996E+00  0.965884716880150E+00 -0.260577237508534E+00 -0.196251391636807E+00 -0.945296194096347E+00
-0.184832229418876E+00  0.330732354359621E+00  0.925447544028180E+00 -0.572434381285142E+00  0.450478613053653E+00  0.685118893553487E+00
-0.212587167482532E+00  0.672353844681529E-01  0.974826189275387E+00 -0.314921756175732E+00  0.674110293426309E+00  0.668131424035637E+00
 0.120728588932660E+00 -0.256389098268177E+00  0.959004295143437E+00 -0.804254697019629E+00 -0.589969069890076E+00  0.714904112095046E-01
 0.243286552097498E+00  0.131923731829946E-01  0.969864740496484E+00 -0.255479136278241E+00  0.405237587454953E+00 -0.877788646907793E+00
 0.247149626257774E+00 -0.127906212644378E+00  0.960498340970776E+00 -0.788575094816922E+00 -0.184560318130331E+00 -0.586589131169436E+00
-0.991526373837672E-01 -0.380416129963673E-01  0.994344804472009E+00  0.214226905157757E+00  0.976609720202244E-01 -0.971889483249301E+00
 0.144832097811932E+00  0.592966910497638E-01  0.987677865436876E+00 -0.814454770242742E+00 -0.562925671912845E+00 -0.140634686796378E+00
-0.230597859250620E+00 -0.860138023319986E-01  0.969240038957029E+00 -0.282487250215446E+00  0.946118441940736E+00  0.158306182081908E+00
-0.727679851046380E-01 -0.383525707851544E+00  0.920658922598800E+00 -0.435426555829002E+00 -0.759858751403794E+00  0.482719786619485E+00
 0.465201377082631E-01 -0.181983427993653E-01  0.998751569263829E+00  0.570971521389635E+00 -0.819757446382381E+00 -0.446010186278794E-01
-0.449345389283158E+00 -0.107582272130740E+00  0.886856682814735E+00  0.925341709385167E+00  0.157508342708374E+00 -0.344867862882871E+00
 0.214462965465260E+00 -0.307779802240058E+00  0.926972076050254E+00 -0.818206825631509E+00  0.420751518035200E+00 -0.391798099231077E+00
-0.707284490077629E-02  0.165190032100108E+00  0.986236395677920E+00 -0.961597305650472E+00 -0.272255151551693E+00  0.347527584418562E-01
 0.466623630732504E-01 -0.436567908935658E+00  0.898460396878998E+00 -0.320352037005257E+00 -0.626998919020623E+00  0.710103462837320E+00
-0.307025557091729E+00 -0.393262393332527E+00  0.866648716195257E+00 -0.839474396826493E+00 -0.295764899610154E+00  0.455857281647876E+00
 0.321158758699726E+00  0.329160482616232E-01  0.946453160741349E+00  0.505793722769726E+00  0.314694591039310E+00  0.803206090849256E+00
 0.148725722745323E+00 -0.165156172305584E+00  0.974989281040181E+00 -0.360458534358555E+00  0.625142021419620E+00 -0.692291194558672E+00
 0.908683600812095E-01  0.163158198873524E+00  0.982406404334021E+00 -0.730428821101156E+00  0.666557974735213E+00  0.148910052117601E+00
-0.529844499620016E-01  0.612379553252752E+00  0.788786365767173E+00 -0.156192430367211E-01 -0.989807037998777E+00 -0.141555878631187E+00
 0.129756255475238E+00  0.189794626091989E+00  0.973211854670732E+00  0.549769614119079E+00 -0.833043225193992E+00  0.615821106308568E-01
-0.162038274408705E+00 -0.733583715676685E-01  0.984053934978967E+00 -0.304071578150209E+00 -0.658509187623132E+00  0.688408399990270E+00
-0.430666655071594E-03  0.235225200198628E+00  0.971940800521178E+00 -0.685650038008464E-02  0.689774805632189E-01  0.997594654946431E+00
-0.254302357103188E-01  0.238883942119796E-01  0.999391138510689E+00  0.299234216674787E-03 -0.529592994968862E-02 -0.999985931693467E+00
-0.106796075816433E-01 -0.213313443524017E+00  0.976925442801972E+00  0.214510485503300E+00  0.415955894087373E+00 -0.883722776544269E+00
 0.248758395492429E+00  0.416765273079690E+00  0.874314570293120E+00  0.729806571851558E+00  0.439335976045519E+00  0.523799835657103E+00
 0.100908811584823E+00 -0.210357052129227E+00  0.972402860117164E+00 -0.293986495418642E+00 -0.720123723942759E+00  0.628485292370695E+00
-0.284003190170893E+00  0.967292933246590E-01  0.953931670396611E+00  0.554383406741365E+00 -0.113849956485853E+00 -0.824437520821322E+00
-0.228784222684356E+00  0.258641716235621E+00  0.938489340415440E+00  0.382072622180085E+00 -0.337566712870475E+00 -0.860272762408677E+00
-0.264388666830983E+00  0.261327479702616E+00  0.928335381854863E+00  0.510242742063506E+00 -0.850296018542826E+00 -0.129031100986287E+00
 0.254915643815299E+00  0.268346792632803E+00  0.928982246020837E+00  0.253279473444918E+00  0.561556590759656E+00  0.787720574636626E+00
 0.265723070362391E+00  0.386323120032518E+00  0.883258567354727E+00  0.711295551175983E+00  0.526094732998950E+00  0.466136214842848E+00
-0.384559756844601E+00  0.240412340570104E+00  0.891243905963584E+00  0.801711416368857E+00 -0.738537913877476E-01 -0.593131033045395E+00
 0.474271767654969E+00  0.227046692010018E+00  0.850597490034352E+00 -0.694309931228357E+00 -0.269601243394498E+00 -0.667269727290108E+00
-0.126191633039914E+00  0.299571287374838E+00  0.945691659861343E+00  0.157382327240448E+00 -0.187318205051402E+00 -0.969609557053096E+00
 0.161425741820004E+00 -0.898370024499885E-01  0.982787384365847E+00  0.835709221480307E+00  0.523699887129330E+00  0.165313415527918E+00
-0.468238010636663E+00  0.146211761027939E+00  0.871421417186959E+00 -0.598370477379597E+00  0.598132038478019E+00  0.533095522722376E+00
 0.300635429680531E+00  0.325618325480647E+00  0.896432398194076E+00  0.372794676011527E+00  0.856399181515745E+00  0.357217820715349E+00
-0.118210475391617E+00  0.379162691757814E+00  0.917748297021932E+00 -0.316827942182515E+00 -0.922517135213059E+00 -0.220413679908222E+00
-0.962343929480371E-01 -0.434502347211040E+00  0.895514741297998E+00 -0.159452017028728E+00 -0.224306584726500E+00  0.961385255926990E+00
-0.188796678875374E+00  0.184824812466651E+00  0.964466486064859E+00  0.353947792683067E+00 -0.349493141889267E+00 -0.867511097235737E+00
 0.238200344203834E+00  0.849485522888950E-01  0.967493844675611E+00  0.584524603557351E+00  0.417825735020698E+00  0.695523287166242E+00
 0.149780616664348E+00  0.293745426615431E+00  0.944075945681366E+00 -0.579475797950081E-01 -0.528240652943622E+00 -0.847115039751743E+00
-0.122865310037397E+00  0.200956516816395E+00  0.971864493609287E+00 -0.848023965751025E+00  0.250953664813805E+00  0.466773619250729E+00
 0.111260889986275E-01 -0.373119420778137E+00  0.927716609736929E+00 -0.123008950493143E+00  0.950656551892368E+00 -0.284817342243565E+00
-0.138600061060682E+00  0.105303722013289E+00  0.984734049987164E+00  0.423682716018782E+00  0.283396481175976E-01 -0.905367229631998E+00
-0.411366235411313E+00 -0.918777432660129E-01  0.906827602499984E+00 -0.859809794077604E+00 -0.117274876867733E-01  0.510479758698408E+00
 0.351138093491218E+00  0.371951296357507E+00  0.859275434559445E+00  0.524520689650025E+00  0.683726478981513E+00  0.507342239586460E+00
 0.194296204634674E+00  0.408911912721770E+00  0.891650173834326E+00  0.578458621525420E+00  0.490902778803514E+00  0.651459964192658E+00
 0.112577520477846E+00 -0.995584321816951E-01  0.988642716285607E+00 -0.529097737922361E+00 -0.280105505175194E+00 -0.800997184574322E+00
-0.450074886580301E+00  0.262494474471130E+00  0.853539247686862E+00 -0.644464281870964E+00  0.330811765542890E+00  0.689368816506040E+00
 0.204757464412635E+00 -0.230116541304106E+00  0.951378346498145E+00 -0.359263514990813E-01  0.458179657420910E-01  0.998303566698638E+00
 0.176258130720114E+00  0.187268756801601E+00  0.966366123206435E+00  0.212674807414258E+00  0.797407266575673E+00  0.564722124149233E+00
 0.309015360556840E+00  0.935557475654482E-01  0.946444308471130E+00 -0.300426203833296E+00 -0.293702218185443E-01 -0.953352760587939E+00
 0.126636346457345E+00 -0.124471465108916E+00  0.984108779622240E+00 -0.225042879971073E+00  0.156544917896945E+00 -0.961690901930014E+00
 0.234613234621251E+00 -0.211218203443114E+00  0.948864321531175E+00 -0.440757390142284E+00  0.580447518351520E-01 -0.895747581531403E+00
-0.107908472361071E+00  0.284055751793614E-01  0.993754942071449E+00 -0.241915260094739E+00 -0.962475966151262E+00  0.122951297327398E+00
 0.479436034143188E+00  0.445868897265401E-01  0.876443437096522E+00  0.950186622861242E+00  0.691333314700274E-01  0.303917693159518E+00
 0.477278251289230E+00 -0.528600703595239E+00  0.701987725679668E+00 -0.731196730096135E+00  0.638304673442295E+00 -0.240662597340020E+00
 0.689266515135249E-01  0.164039743200776E-01  0.997486855220478E+00 -0.432369746413435E+00 -0.410495670141421E+00 -0.802838531201342E+00
-0.227575974816628E+00 -0.238399880452838E+00  0.944126407154431E+00 -0.353472065243850E-01 -0.665061661079731E+00  0.745951447450028E+00
 0.366771237027853E-02 -0.279058021238559E-01  0.999603828570996E+00  0.206609793929503E+00  0.975987262447926E+00 -0.690018593358965E-01
 0.596541566085951E-02  0.173957401490013E+00  0.984735109703536E+00 -0.605309931627764E+00  0.747085221455650E+00  0.274706313279025E+00
-0.243025052269845E+00  0.128009329108718E+00  0.961536497295019E+00  0.415564770101492E+00  0.208737896884209E+00 -0.885287756751923E+00
-0.798760729532837E-01  0.431767310585454E+00  0.898441318328229E+00 -0.194641408656504E+00  0.970401295843535E+00  0.142954702830648E+00
-0.146212887070925E+00  0.238710020365806E-02  0.989250268338100E+00  0.370151509810703E+00  0.307904363098520E+00 -0.876460360181652E+00
 0.153485351102283E-01  0.476075310865509E-01  0.998748189211782E+00  0.820734658481518E-01  0.213996009436087E+00 -0.973380528955199E+00
 0.762889844757117E-01 -0.303059625396940E-01  0.996625074680648E+00 -0.286952397592961E+00  0.383919560633859E+00 -0.877646906493925E+00
-0.311198401197418E+00 -0.336532214452938E+00  0.888764099031668E+00 -0.698181035131785E+00 -0.519968222496246E+00  0.492114102395373E+00
-0.378025366977599E+00  0.355122530631597E+00  0.854976496846119E+00  0.240768964527726E+00  0.956328482657933E+00  0.165729113246349E+00
-0.147954800575897E+00  0.641242698372531E-01  0.986913093947175E+00 -0.172215393123833E+00  0.685102478828703E-01  0.982674007138802E+00
-0.337161625444701E+00 -0.455032441186955E-01  0.940346475030433E+00  0.656107028962938E+00  0.742128295586093E+00 -0.137000581881635E+00
 0.175718691369426E+00 -0.189177576261886E+00  0.966092534979489E+00  0.471183792332031E+00 -0.618808910402971E+00  0.628539072969607E+00
-0.498927965970758E-01 -0.467225235218639E+00  0.882729453696097E+00 -0.263311245089218E+00 -0.810952043112950E+00  0.522516958557804E+00
 0.180950945645702E-01 -0.336532500990441E+00  0.941497978399220E+00  0.200158812126485E+00  0.195608761498469E-01  0.979568181420959E+00
-0.836015073919183E-01 -0.163979222996157E+00  0.982914850018747E+00 -0.339011166610738E+00 -0.351625494943954E+00  0.872600103265319E+00
-0.356534356143382E+00  0.174737667961410E+00  0.917796273845581E+00  0.590230683510859E+00 -0.770333805972175E+00 -0.241274879792174E+00
-0.287787218186720E-01  0.629903907929893E-02  0.999565959442978E+00 -0.129892718713217E+00  0.292732808110775E+00 -0.947330662799885E+00
 0.170622801028780E-01 -0.266674161594041E+00  0.963635704058233E+00 -0.603368958509948E-01 -0.962887188117108E+00  0.263073605591657E+00
 0.239031826509537E+00 -0.132041384538614E+00  0.961992130261283E+00 -0.227727577011077E+00  0.270604465419497E+00 -0.935368041983311E+00
 0.256850246379916E+00  0.432674791830596E+00  0.864187754743682E+00  0.404248759386768E+00  0.784224769183446E+00  0.470716955221957E+00
 0.183930112129220E+00 -0.154938821360364E+00  0.970651160555425E+00  0.175117168231733E+00 -0.143390746620506E+00  0.974049829923558E+00
 0.299770330467026E+00  0.225019391618111E+00  0.927094397765138E+00  0.483740430781280E+00  0.100140597831372E+00  0.869463660133946E+00
 0.922654425129820E-02  0.180048232122972E+00  0.983614510359913E+00 -0.272126572455632E+00  0.208090046229485E+00  0.939492235850707E+00
 0.312430216232544E+00  0.269827486086483E+00  0.910813091549048E+00 -0.835996963514750E+00 -0.402967521585225E+00 -0.372459734121124E+00
 0.127586680647442E-01 -0.301067392764260E+00  0.953517509751837E+00 -0.355338663248587E+00  0.765338341210698E+00 -0.536648542226255E+00
 0.576123838118713E+00 -0.174645062353348E+00  0.798486333851092E+00 -0.993637558600775E+00 -0.810421077199178E-01  0.782085603639721E-01
-0.213648664089171E+00  0.260894028273024E+00  0.941428995912271E+00  0.373996114897325E+00  0.784465043505474E-01 -0.924106623716596E+00
-0.708673678594753E-01 -0.527508958561789E+00  0.846588515637749E+00 -0.276878336603253E+00  0.900221913954093E+00 -0.336063821850323E+00
-0.152226658460815E+00 -0.582741635746048E-01  0.986626153268569E+00 -0.136067006140730E+00 -0.235643377606331E+00  0.962267098278944E+00
 0.103366442876407E+00  0.173811429154212E+00  0.979339045265963E+00 -0.299277958851025E+00 -0.661406061488744E-01 -0.951870854456750E+00
-0.572246720869559E-01  0.380128436611445E-01  0.997637389346116E+00 -0.145345474206470E+00 -0.516361539861738E+00 -0.843946356873060E+00
-0.217373202991437E+00 -0.138853976943295E+00  0.966161717161405E+00  0.678877479260248E+00  0.289283194929058E+00 -0.674863394536174E+00
-0.786964145878287E-01  0.106899106710025E+00  0.991150571465112E+00 -0.583942836386645E+00 -0.826517700776858E-01  0.807576280443987E+00
 0.282857762325240E-01  0.163888411370557E+00  0.986073274904740E+00  0.965302429359132E+00  0.261114263002829E+00 -0.324985074226306E-02
-0.222759478656399E+00  0.577452691220015E-01  0.973161702166067E+00 -0.801807121288781E+00  0.138381849776681E+00  0.581339663108395E+00
 0.213348896441067E+00 -0.144130629911105E+00  0.966285987639688E+00  0.970548424460678E+00 -0.216297848765717E+00  0.106070714130807E+00
 0.304448861445219E+00  0.724570188798539E-01  0.949768851447422E+00 -0.561745858234591E+00 -0.177256133862146E-01 -0.827119938936528E+00
 0.198338504373576E+00  0.107277401034393E-01  0.980074871259908E+00 -0.565682164882773E+00  0.308157759669954E-01 -0.824047375024695E+00
-0.124489674955671E+00 -0.421746171549313E-01  0.991324176290111E+00  0.348142057669020E+00 -0.559084842625215E+00  0.752476741453661E+00
 0.146261642585187E+00 -0.218601795703488E+00  0.964790540388687E+00  0.773261848546456E-01  0.321661314083391E+00 -0.943692036714293E+00
 0.391668675706272E+00 -0.150014416049639E+00  0.907794758438151E+00 -0.999645789706569E+00  0.163797613402852E-02  0.265633611599600E-01
 0.236519526293153E+00  0.135052194086985E+00  0.962195104204108E+00  0.545215094531620E+00 -0.124106989770890E+00  0.829058475491859E+00
-0.816066158650638E-01 -0.266182772286648E+00  0.960461915947138E+00 -0.864769694980767E+00 -0.433814128941505E+00  0.252940064389954E+00
-0.162512918811775E+00 -0.274112619681661E-01  0.986325592254703E+00  0.213537717148309E+00 -0.418623254256217E+00 -0.882698257815786E+00
 0.813070034291943E-01  0.223516076419222E-01  0.996438446081436E+00  0.228975077169707E-01 -0.171948398952333E+00  0.984839810445374E+00
-0.228077754514106E+00  0.274903784070418E+00  0.934028076344372E+00 -0.413844830972539E+00  0.612049160652696E+00  0.673890407129854E+00
 0.176765543113803E-01  0.527311193452149E+00  0.849488342879258E+00 -0.256292339288294E+00  0.461067951659708E+00  0.849547279893506E+00
-0.101376456011410E-01  0.225903594244821E+00  0.974096912144237E+00  0.406122443272893E+00  0.812470042721896E+00  0.418278604221559E+00
 0.153739311741639E+00 -0.205318005258032E+00  0.966544743269586E+00  0.393098144340983E+00  0.918733467427167E+00  0.374521660913133E-01
 0.205793512104194E+00  0.985428492879984E-01  0.973621249372683E+00  0.772716245338834E-01  0.104988079775931E-01  0.996954798911638E+00
 0.169527439838021E+00  0.160341088120873E+00  0.972394561174722E+00 -0.387728031712276E-03 -0.132387541189075E+00 -0.991197956315934E+00
 0.745303112683048E-01 -0.227166713702869E+00  0.970999751229468E+00 -0.101482107494621E+00  0.926483404242149E+00 -0.362394651619377E+00
-0.240400953307515E+00  0.186861575950468E-01  0.970493796560891E+00  0.383831307120473E+00  0.979293671792177E-01 -0.918195712644133E+00
 0.393423790004430E-01  0.410496585960191E+00  0.911013024127325E+00  0.115861077602491E+00 -0.920927881191789E+00 -0.372112951051683E+00
 0.877061939203795E-01 -0.241019256904490E+00  0.966549192410406E+00 -0.458904575769651E-02  0.847375035809307E+00 -0.530975036462365E+00
 0.376892279241624E-01  0.291574464259946E+00  0.955805343095552E+00 -0.272171465949962E-01 -0.322331285142191E+00 -0.946235578251954E+00
-0.742907053006649E-01 -0.235717200273979E+00  0.968977962907788E+00  0.561967438892249E-01 -0.104327281012630E+00 -0.992954049497136E+00
-0.303868898027075E+00 -0.293647990954780E+00  0.906330265532401E+00 -0.477667568408745E+00 -0.842357209077230E+00  0.249535621517442E+00
-0.122655251480944E+00  0.235927533057758E+00  0.963998904786425E+00  0.265080440181379E+00 -0.466674534225378E+00 -0.843769660119853E+00
-0.121355909777860E+00 -0.201479065959891E+00  0.971945949701895E+00 -0.178830965951441E+00 -0.608386955045357E+00  0.773230107113991E+00
 0.658642257955863E-01  0.452155718308530E+00  0.889503856181211E+00 -0.304812493884697E+00  0.881607046556309E+00  0.360358653335888E+00
 0.150029387310439E+00 -0.269349098039791E+00  0.951284524381851E+00  0.173851911367272E+00  0.518503760347315E+00 -0.837215243183998E+00
 0.350804720504896E+00  0.171852366124488E+00  0.920544845365448E+00  0.707259244435322E+00 -0.118132064949953E+00  0.697014473588201E+00
-0.615880940440969E-01 -0.115878722375986E+00  0.991352121283111E+00  0.323797761112670E+00  0.408571535299024E+00  0.853360598130603E+00
 0.256574571929824E+00 -0.260041700266008E+00  0.930885494119331E+00 -0.447512312576915E+00  0.679653803273516E+00 -0.581208600923891E+00
 0.127196042166316E+00  0.529075540662003E-01  0.990465525689793E+00 -0.219731857598675E+00 -0.971756559783190E+00 -0.860645064737753E-01
-0.527381635525438E+00 -0.105480175987149E+00  0.843055480371389E+00  0.640839832890018E+00  0.744537988359293E+00 -0.187049438575450E+00
-0.230630819872775E-01  0.105053216401853E+00  0.994199132957213E+00 -0.298960012154355E+00  0.642341433397390E+00  0.705705600143328E+00
-0.110350696216967E+00 -0.630769051434148E+00  0.768084062845530E+00  0.194258727966334E-01  0.951094920412521E+00 -0.308287346207380E+00
-0.181873518490913E+00 -0.251378114283123E+00  0.950647709160021E+00 -0.699309790659507E+00 -0.331104999668563E+00  0.633510296587386E+00
-0.253421200650980E+00  0.428442815522518E+00  0.867302974102910E+00  0.332561613746764E+00  0.543650529660961E+00  0.770614608388334E+00
-0.271951349021679E+00 -0.264330912045591E+00  0.925295429958689E+00 -0.616499198841576E+00 -0.101494340611482E+00  0.780786549994001E+00
 0.111890509521172E+00  0.103636099532063E+00  0.988301610214651E+00  0.199558441510535E+00 -0.600278705385915E-01  0.978045542487919E+00
 0.186372082743580E+00 -0.306998717813094E+00  0.933283040687517E+00 -0.338963538676459E+00  0.153518511258952E+00 -0.928189520598443E+00
 0.108427224861643E+00  0.355218913892245E+00  0.928473510727159E+00  0.169611347401196E+00  0.420325967798443E+00  0.891379869431127E+00
 0.324329689215677E+00 -0.227648774460465E+00  0.918142847371754E+00 -0.872534232930788E+00  0.347465625513007E+00 -0.343440899501990E+00
-0.102667378522198E+00 -0.354838675067539E+00  0.929273331191471E+00  0.330018703753827E-01  0.489929409319802E+00 -0.871137216766266E+00
-0.119232957312444E+00  0.173111015528501E+00  0.977658467049317E+00  0.515398885694265E-03  0.212952942736248E+00  0.977062320706290E+00
-0.428192844199489E+00 -0.985776177239614E-01  0.898294685200921E+00  0.414826013669890E+00 -0.332676252960875E-01 -0.909292386138753E+00
-0.331604743271798E+00 -0.231418806799778E+00  0.914594790111452E+00 -0.662764786102188E+00 -0.451670464559623E+00  0.597274333742390E+00
-0.224689681723244E+00  0.370147279954852E-01  0.973727095668251E+00 -0.263173034021611E-01 -0.354273728060993E+00  0.934771375870808E+00
-0.140359009532003E+00 -0.280905234638500E+00  0.949416451087658E+00 -0.298396636448934E-01 -0.366233945132653E+00  0.930044241907950E+00
-0.168818772547437E+00 -0.324817184563411E+00  0.930587996187290E+00  0.183338745049954E-01  0.889968466674978E+00 -0.455653374145110E+00
-0.317554923385033E+00  0.520238351139700E+00  0.792786811593994E+00 -0.314497631731237E+00  0.855758848065929E+00  0.410813867332052E+00
-0.525970958579651E+00  0.197181359660403E+00  0.827329476166103E+00 -0.779378808568979E+00  0.404255150569871E+00  0.478692433605681E+00
-0.436866020251609E+00  0.218055829881568E+00  0.872696817574226E+00 -0.990048105222423E+00  0.245870557703768E-01  0.138564880233175E+00
 0.180679231733252E+00 -0.157134932572770E+00  0.970908661093119E+00  0.370557200984926E+00 -0.480048204135500E+00  0.795135889332446E+00
 0.422886193291089E-01  0.141337168263640E+00  0.989057873707324E+00 -0.291976797773647E+00  0.716329683942104E-01 -0.953739098181930E+00
-0.676929431965122E-01 -0.158626943210768E+00  0.985015308677485E+00  0.740263552170495E-01 -0.194357042569535E+00 -0.978133650753773E+00
-0.310789137167849E+00 -0.185249116227796E+00  0.932251509602041E+00  0.314707228786139E+00  0.226723376314435E+00 -0.921713551371755E+00
-0.903010322140353E-01 -0.815489176016647E-01  0.992570147455119E+00  0.643206232112233E-01 -0.190728341353363E+00  0.979533336458905E+00
-0.191174927776219E+00  0.190483795984666E-01  0.981371135821933E+00 -0.851384247924489E-01 -0.186764324607240E+00  0.978708606112086E+00
 0.130646737589747E+00  0.243296169099648E+00  0.961113106797837E+00  0.632675080983454E-01  0.608310378003310E+00  0.791173625971250E+00
 0.248629811720694E+00  0.206193034803138E+00  0.946397194164482E+00 -0.387250448813246E+00 -0.306420749517882E+00 -0.869565071836972E+00
-0.204922638726737E-01 -0.949021559314858E-01  0.995275664286497E+00 -0.647055939066084E+00  0.650309934373482E+00 -0.398014573821694E+00
 0.731690389047335E-01  0.106746070198956E+00  0.991590423634091E+00 -0.236876204694185E+00  0.459496209757572E-02  0.971528975364606E+00
-0.208665597285112E+00  0.400655157299508E+00  0.892151396030379E+00 -0.200674088061049E+00  0.945761419686309E+00  0.255470639044496E+00
-0.888079051224289E-01 -0.109393329760492E+00  0.990023361033303E+00 -0.214667764879054E+00 -0.344219843660637E+00  0.914018845512541E+00
-0.160347087494231E+00  0.245154763261746E+00  0.956131765805422E+00 -0.387174612029622E+00  0.303463081216863E-02  0.922001415842484E+00
-0.895516815310825E-01 -0.105044611717804E+00  0.990427244114383E+00  0.515786676151187E+00 -0.992669071009213E-02 -0.856659538858032E+00
-0.896263083207104E-01  0.670639415326927E+00  0.736349033724333E+00 -0.244762097391027E+00  0.947138635502670E+00  0.207412441330999E+00
 0.469827666593179E+00 -0.129759380312599E+00  0.873169208644292E+00 -0.929324581130978E+00  0.367099946979109E+00  0.399180640020017E-01
-0.158807958924044E-01  0.187123909057974E+00  0.982207942841376E+00 -0.418721140848151E-01 -0.725019067897546E-01  0.996488936001759E+00
 0.889288038360052E-01 -0.182703659883898E+00  0.979137906790114E+00  0.217189819340542E+00 -0.369376170777894E+00  0.903542930267446E+00
 0.163472161080172E+00  0.279375905830633E+00  0.946163810232188E+00 -0.617880569588890E-01 -0.761358775413134E+00 -0.645379772783946E+00
-0.186892898673475E+00 -0.677489206944156E-01  0.980041391049464E+00  0.154164917999882E+00  0.225273130296844E+00 -0.962021410793102E+00
-0.337616971566961E+00  0.361998879825347E+00  0.868891012449287E+00  0.480320743438242E+00 -0.524185850844115E+00 -0.703221997094634E+00
 0.143227804254149E+00 -0.258888954977891E+00  0.955228928099956E+00  0.702704312348651E+00 -0.495640314801255E-01  0.709753517913118E+00
 0.613181609801867E-01  0.176631442453206E+00  0.982365215523691E+00 -0.800695929168937E+00 -0.558516338099238E+00 -0.216669169676975E+00
 0.713005376298784E-01 -0.156668412166781E+00  0.985074231701769E+00  0.540464058708487E+00 -0.105208016623490E+00  0.834763364362920E+00
-0.442375399946877E+00 -0.316254589183987E+00  0.839218112496333E+00 -0.412309363837821E+00 -0.635289924234575E+00  0.652999005097006E+00
 0.215870156207923E+00 -0.941624632398741E-01  0.971871136609873E+00 -0.462533486534457E+00  0.274193140689619E-01 -0.886177722045791E+00
-0.379519457775480E+00 -0.982492453276676E-01  0.919952209064335E+00  0.586667225066621E+00  0.431566857158962E+00 -0.685252956822929E+00
-0.119119014501208E+00  0.129323014658381E+00  0.984421768483372E+00 -0.182825626115336E-01 -0.188239932207327E-01 -0.999655643301023E+00
-0.253461000939379E-01  0.213958416497628E+00  0.976513886854588E+00  0.831309474147354E+00  0.555795109924524E+00 -0.404400504894509E-02
 0.352803786336840E+00 -0.449946901948227E+00  0.820412867874208E+00  0.512366166231098E+00 -0.386314817743715E+00  0.766969212741481E+00
 0.416624749432401E+00  0.264088213189338E+00  0.869874263221330E+00  0.693521829475101E+00  0.628554098082717E+00  0.352061383603670E+00
-0.172164797865093E+00  0.195942513149499E+00  0.965383765099005E+00 -0.502943716414464E+00  0.664583492197238E+00  0.552608722350752E+00
-0.748158815328457E-01  0.771057005572974E-01  0.994211896333992E+00 -0.431125663508494E+00  0.880845302488847E+00  0.195556169290800E+00
 0.463199966414743E+00  0.284227404674267E-01  0.885797910890346E+00  0.889568542091260E+00 -0.204955824488461E+00  0.408241250892026E+00
-0.161989704493444E+00 -0.553919677838656E-01  0.985236553089236E+00  0.619070074071372E-01 -0.238676279522552E+00  0.969123911596017E+00
 0.339980265785668E+00  0.525890853840852E+00  0.779648785494370E+00 -0.721375229447649E+00 -0.549863436301022E+00 -0.421032041249338E+00
-0.497462981126727E-01  0.345027223580381E+00  0.937273450393480E+00 -0.508889800853880E+00  0.278815067364250E+00  0.814428222004596E+00
-0.521374621454847E-01  0.755869157765848E-02  0.998611311383294E+00  0.802478318212066E-03 -0.215488091554351E-03  0.999999654796656E+00
-0.780015726011541E-01  0.144811273829822E+00  0.986379972243725E+00 -0.259605474646621E+00  0.792748835690481E-01  0.962455448511055E+00
-0.324663811003429E+00  0.296882327743842E+00  0.898028002513356E+00  0.494789970875755E+00 -0.868914798070708E+00  0.130368099821042E-01
-0.213115090706552E+00 -0.442392522364456E+00  0.871131915538142E+00 -0.289545300633219E+00 -0.903398651010793E+00  0.316282146560786E+00
 0.375164357253247E+00 -0.172618058346842E-01  0.926797569648347E+00  0.834647513314447E+00 -0.157303648346672E+00  0.527843812822351E+00
 0.112935786418573E-01 -0.420470004272881E+00  0.907236149295333E+00 -0.309065961604404E+00 -0.706587388823155E+00  0.636563031705126E+00
-0.637357035646631E-01 -0.433979292664179E+00  0.898665529343268E+00 -0.165652114109146E+00 -0.937484371842859E+00  0.306075856025220E+00
-0.476867589603540E+00  0.186711351033498E+00  0.858915696317721E+00  0.611321289508846E+00 -0.640667333357198E+00 -0.464576849361027E+00
-0.220318116269334E+00  0.106428880426834E+00  0.969604466292634E+00 -0.655181683870489E+00 -0.347300729758686E+00  0.670909207143347E+00
 0.104386305333442E+00  0.286877634942715E+00  0.952262947839780E+00  0.546578879830396E+00  0.540787219663857E+00  0.639375250671767E+00
-0.597474020030942E-01  0.205893704686176E+00  0.976748703774150E+00 -0.238597279451950E+00  0.624583046934756E+00  0.743617748389469E+00
-0.161921167775826E+00 -0.142180341701017E+00  0.976507186793776E+00  0.845973115659482E-01  0.758157991646257E-02 -0.996386378129380E+00
 0.292918430384255E+00 -0.170061276160878E+00  0.940892106190586E+00  0.754090578535022E+00 -0.520763416857431E+00  0.400191033167523E+00
 0.172707317072497E+00 -0.215003332319338E+00  0.961220968207207E+00  0.236058859392786E+00  0.285041897358778E+00 -0.928992643486634E+00
-0.142453965360446E+00  0.147973353366258E+00  0.978678064762171E+00  0.614217852889308E+00  0.291634787550229E+00 -0.733270468437520E+00
