#          Em_x [n.u.]            Em_y [n.u.]            Em_z [n.u.]            En_x [n.u.]            En_y [n.u.]            En_z [n.u.]
-0.691577053448967E-02  0.270383715950627E-01  0.999610473424224E+00  0.382814582557882E+00  0.425679276372476E+00  0.819908622376933E+00
 0.315574193095224E-01 -0.100111651624715E+00  0.994475633937551E+00  0.125877638136912E+00  0.278350561414343E+00 -0.952195245302870E+00
-0.226071546830430E+00 -0.138782068521773E+00  0.964173839704498E+00 -0.315696132225729E+00 -0.772854947740397E+00  0.550482680791052E+00
 0.343947522954302E-01  0.319275090260062E+00  0.947037706616778E+00  0.608038778728256E+00  0.746025497270042E-01  0.790394397207420E+00
 0.254366324893848E+00 -0.428766191502244E+00  0.866866382889923E+00 -0.212796362818289E+00  0.537842335665879E+00 -0.815747099251220E+00
-0.178876166751913E+00  0.151685429039215E+00  0.972108454641421E+00 -0.691070502771427E-01  0.429397399026697E-01 -0.996684701567694E+00
-0.330868530590623E-03  0.238891996626939E+00  0.971046087718606E+00  0.772727926651054E-01  0.307666223542354E+00  0.948351417147105E+00
-0.838796314555437E-01 -0.695259160492770E-01  0.994047460851036E+00 -0.214913321404292E+00 -0.173093998769577E+00  0.961171541335330E+00
 0.264303311200103E+00 -0.168426530257110E+00  0.949619009705583E+00  0.772985995012413E+00 -0.629531698766227E+00 -0.786288227253762E-01
 0.126759235333809E+00  0.179842408345108E+00  0.975494133461714E+00  0.198500787289871E+00  0.415248846508056E+00  0.887787042549636E+00
-0.294424438341393E+00  0.336289095613891E+00  0.894552342950678E+00  0.652438095129938E+00 -0.610473798498917E+00 -0.449050412948838E+00
-0.369602588164772E+00 -0.401139676553338E+00  0.838141328605496E+00 -0.624912775219146E+00 -0.308116877011461E+00  0.717320021656032E+00
-0.965148052144578E-01  0.689834367114309E-01  0.992938154083070E+00 -0.498966101815584E+00 -0.910674174505330E-01 -0.861823389516582E+00
 0.276594293631042E+00  0.147012500415959E+00  0.949675166281709E+00 -0.375291588624203E+00 -0.564879842404650E+00 -0.734892500405889E+00
 0.149820989376386E+00  0.155757205485914E+00  0.976367432927532E+00  0.389306578432860E+00  0.381904314003008E+00  0.838206110055749E+00
-0.151681293796128E+00 -0.207692018833970E+00  0.966362670235664E+00  0.163236022219016E+00 -0.972483547434730E+00  0.166221993186452E+00
 0.405656314148280E-01 -0.114249635508691E+00  0.992623518930540E+00  0.680152028197770E-01  0.701841067248017E-01  0.995212602084914E+00
 0.405365772932258E+00  0.179737336586040E-01  0.913977863535766E+00 -0.760283396629244E+00  0.103122932989787E+00 -0.641353894118905E+00
-0.451792375587063E+00  0.169093884439008E+00  0.875951429935887E+00  0.596378724170482E+00  0.188525485326244E+00 -0.780250318000123E+00
-0.929734594321614E-01 -0.876574549824683E-01  0.991802453327886E+00 -0.315737464531858E+00  0.370843725517314E-01  0.948121618150034E+00
 0.466013648719158E+00  0.204177965605504E+00  0.860896415121271E+00  0.820011140813954E+00  0.343741752189104E+00  0.457627945762672E+00
-0.302742527309570E+00  0.300205235088452E+00  0.904557228141869E+00  0.111110444607410E+00  0.573888963112158E+00  0.811360540769143E+00
 0.116239262532238E+00 -0.284744911690483E-01  0.992812992057732E+00 -0.642964878941815E+00 -0.765880078616854E+00 -0.488565504097494E-02
 0.187094976279883E+00 -0.103991777110315E+00  0.976821979761036E+00 -0.897258293785399E+00  0.974500404481909E-01 -0.430617050115251E+00
-0.228520305989941E+00 -0.272506016705931E+00  0.934622351866962E+00 -0.658051345179298E+00 -0.699639435191306E-01  0.749715595219260E+00
-0.274571442973858E+00 -0.344712680330234E-01  0.960948622135153E+00  0.620079174224067E+00 -0.172707787215133E+00 -0.765293301897287E+00
-0.226488718129074E+00 -0.162495307625652E+00  0.960363543435450E+00  0.707440768540457E+00  0.449651287354068E-01 -0.705340836904185E+00
 0.194624834436164E+00  0.197939325602813E+00  0.960698286248393E+00 -0.625539250541421E+00 -0.306364723107926E+00 -0.717524426390545E+00
 0.112643615486009E+00 -0.115514127745354E+00  0.986898121480363E+00  0.607419497184539E+00 -0.106805706966086E+00  0.787168403456056E+00
 0.303595439889988E-01  0.176879470352938E+00  0.983764174513610E+00 -0.415701030987900E-02 -0.648129282507286E-01 -0.997888773159038E+00
 0.190225988808766E+00 -0.484887802962791E+00  0.853638033196533E+00  0.308762345772389E-01  0.686850564469841E+00 -0.726142520601701E+00
 0.199815548390282E+00 -0.143091744691947E+00  0.969328891152278E+00  0.864163303520827E-01 -0.158616719808214E+00  0.983551195437107E+00
-0.787068381540988E-01 -0.498258487524383E-01  0.995651856033967E+00  0.169357893633436E+00  0.739173630894265E-01  0.982778778412493E+00
-0.185620019471377E+00 -0.118274491651981E-01  0.982550415916502E+00  0.331371332786001E-01 -0.480932254906219E+00  0.876131323825884E+00
-0.327287910159029E+00 -0.926675832335772E-01  0.940369790498070E+00  0.844173660501556E+00  0.373385790993764E+00 -0.384647737546140E+00
-0.143515880341908E+00 -0.107441188279387E+00  0.983798548052801E+00 -0.582899406293863E+00  0.632096782978463E-01  0.810081982710234E+00
 0.255987422673869E+00 -0.384173243142603E+00  0.887063334089559E+00  0.406062614858870E+00 -0.471585227161063E+00  0.782764668554621E+00
-0.246097674617859E-01  0.120618893673160E+00  0.992393793730362E+00  0.337176073404625E-01 -0.602219868126637E+00 -0.797617924440500E+00
 0.419116493992639E-02 -0.254212583290379E+00  0.967139285022213E+00 -0.927925210427582E-02  0.618431019442317E+00 -0.785784302255983E+00
-0.163246587257383E+00  0.616914458863518E-01  0.984654618256203E+00  0.147899586105955E-02  0.117225714983816E+00 -0.993104196103196E+00
 0.727704496993013E-02 -0.211291913872063E+00  0.977395913511401E+00  0.420562650041258E+00 -0.347023622520961E+00  0.838273024021830E+00
-0.613599495815303E+00  0.102390439721833E+00  0.782950737012729E+00 -0.986218967312041E+00  0.117852064751843E+00  0.116116490421035E+00
 0.122577245907186E+00  0.392234367307204E+00  0.911661680607958E+00  0.827240877309659E-01 -0.399065276125201E+00 -0.913183240483637E+00
 0.417186613054391E+00 -0.607223594122972E-02  0.908800559990409E+00 -0.685171149608493E+00  0.728034882349436E+00 -0.224879040068009E-01
-0.207930587342167E+00  0.946574090391580E-01  0.973552692853106E+00 -0.104778387473638E+00 -0.126958520501356E+00 -0.986358466071302E+00
-0.244211240747149E+00 -0.216732953493345E+00  0.945191883567982E+00  0.140730764932033E-02  0.871372001596363E-02  0.999961044525567E+00
-0.219851827976348E-01  0.888649814526466E-01  0.995801017678118E+00  0.229157402434693E-03 -0.207383727340409E-01 -0.999784910559881E+00
-0.302588996351586E+00 -0.474022180807889E+00  0.826887459929749E+00 -0.169687831041798E-01 -0.999128918062417E+00  0.381243425043322E-01
 0.969171237921096E-01 -0.184173103732661E+00  0.978103951007940E+00  0.100266223102287E-01 -0.363401148931973E+00  0.931578806006218E+00
-0.410477143004819E-01  0.403193034915297E-01  0.998343347209097E+00  0.683804249710786E-01  0.295226594250348E+00 -0.952977111754587E+00
 0.275887157820539E+00 -0.348570828498991E-01  0.960557785833263E+00 -0.978880981750758E+00  0.204037835648285E+00 -0.126722212194644E-01
 0.119816417783474E+00 -0.112983025962774E+00  0.986346218056232E+00 -0.959937493876171E+00 -0.220391604973515E+00 -0.173053599523196E+00
-0.261511134564742E-01  0.100972935040676E+00  0.994545416587025E+00  0.185304039605913E-01  0.592860473529072E-01  0.998069030036663E+00
-0.137879589805778E+00 -0.676804188851249E-02  0.990425874219765E+00 -0.198783239039513E-02 -0.104796031142062E-02 -0.999997475147599E+00
-0.339685999452016E+00 -0.526688201191922E-03  0.940538752192499E+00  0.605384678592187E+00  0.290465654058701E-01 -0.795402846338858E+00
-0.364611747830662E+00 -0.210919880126579E+00  0.906957042814741E+00 -0.553060551796373E+00 -0.391022185346571E+00  0.735680417445974E+00
 0.672396402243982E-01  0.196736053160840E+00  0.978148125883390E+00  0.190062148972003E+00 -0.537237099795779E+00 -0.821737596883071E+00
-0.241524049692325E+00 -0.615435695581630E-01  0.968441284986477E+00  0.655714796549530E+00 -0.972712104252426E-01 -0.748716513246780E+00
 0.132280717064313E+00  0.243775578762852E+00  0.960768067273152E+00  0.221730464231001E+00  0.873725215438038E+00  0.432943240090036E+00
 0.121516991457138E+00  0.752581057784019E-01  0.989732205347413E+00 -0.147590971182106E-01 -0.176957157741607E-01 -0.999734480097338E+00
-0.852324321042314E-01 -0.129950070522298E+00  0.987850399447633E+00  0.690713358160914E-01 -0.224521587128691E-01 -0.997359038229319E+00
-0.393368313407865E+00  0.281414235633645E-02  0.919376664164068E+00  0.482498137018023E+00  0.201992593298142E+00 -0.852287826985009E+00
 0.627657989548151E-01  0.218225751839681E+00  0.973877803276967E+00 -0.457521422652700E+00  0.673786699895423E+00  0.580246181252306E+00
 0.103695991011802E+00 -0.270766037575755E+00  0.957043830941721E+00  0.538425818544789E+00 -0.731528244217891E+00  0.418287061520988E+00
 0.288168659196567E+00 -0.237102981213030E+00  0.927761284036334E+00  0.366367356697738E+00 -0.510688176589856E+00  0.777799811158142E+00
 0.287002840230672E+00  0.169449229195881E-01  0.957779849071161E+00 -0.502139485180032E+00 -0.385374067944221E+00 -0.774172309747162E+00
 0.333715655741037E+00 -0.978776179023665E-02  0.942622968547058E+00  0.442634621128190E+00  0.173627038888184E+00  0.879731915725253E+00
-0.492089084741590E-01 -0.141778853154321E+00  0.988674486433744E+00  0.865949497248191E+00 -0.482252321797986E+00  0.132529869599486E+00
-0.302739454073772E+00  0.255293455109894E+00  0.918245106017542E+00 -0.612983615438217E+00  0.472265256451976E+00  0.633416620205565E+00
-0.618735722435440E-01  0.412598173450414E+00  0.908809335517195E+00  0.116223318252562E+00  0.886416356455060E+00  0.448060468355889E+00
-0.931337400404270E-01 -0.914653627573562E-01  0.991443490009263E+00  0.221795315158263E+00 -0.168162807817354E-02 -0.975091795833015E+00
-0.761796873782138E-01  0.159923529193370E+00  0.984185510989313E+00 -0.164017007350025E+00  0.283993564049934E+00  0.944693641811015E+00
 0.243468607677485E+00  0.424155345881873E+00  0.872247258313499E+00 -0.441035023494052E+00 -0.721364884838279E+00 -0.533967050457102E+00
-0.325265659687800E-01 -0.257853314708254E+00  0.965636417395411E+00 -0.354778955217189E+00 -0.237688665614790E+00  0.904232266164651E+00
 0.776465144222638E-01 -0.362900586403374E+00  0.928587197405909E+00  0.118432330827665E+00 -0.940718240331989E+00  0.317841116473958E+00
 0.278672867236643E+00  0.248629764739595E-01  0.960064198617449E+00 -0.908447617153735E+00 -0.168258095935447E-01 -0.417659932264542E+00
 0.440515250069180E+00  0.809013255464424E-01  0.894092439282045E+00 -0.548970274185920E+00 -0.137055446436367E+00 -0.824528618461703E+00
 0.399261108705246E+00  0.749212794843556E-01  0.913770960884556E+00  0.506525075246062E-01 -0.140242988273818E+00 -0.988820624644075E+00
 0.358543136220885E+00 -0.265283270327359E+00  0.895026036466712E+00  0.884113464607410E+00 -0.283280676014034E+00  0.371611948538949E+00
 0.585959208606312E-01  0.376351753794286E-01  0.997572108487729E+00 -0.270834096627765E+00 -0.185523546099970E+00  0.944579221635917E+00
 0.146777346401811E+00 -0.135777584434242E+00  0.979806541184761E+00 -0.112774567836443E+00 -0.126704479051196E+00 -0.985508940516355E+00
 0.110348803212549E+00  0.492528022699874E-01  0.992671800293587E+00  0.606652138563127E+00  0.154261385667706E+00 -0.779856786640126E+00
-0.122807018371273E+00 -0.310208427608100E-01  0.991945635381883E+00  0.397401105292010E+00 -0.302179413277297E+00 -0.866464057941284E+00
 0.274617334673963E+00  0.501237037483392E-01  0.960246288104837E+00  0.116309557958497E+00 -0.321211073777175E+00  0.939838035413769E+00
 0.297682749234881E-01 -0.229143472235671E-01  0.999294142132034E+00 -0.694831529624660E-04  0.975497105246077E-02  0.999952416723844E+00
-0.782573055453728E-01 -0.260936572879495E+00  0.962178725114353E+00 -0.523256431119637E+00 -0.208271955464480E+00  0.826332560086399E+00
-0.361696899754321E-01  0.584596463558511E+00  0.810517568176017E+00 -0.441067786102427E+00 -0.756739689164030E+00 -0.482497928396207E+00
-0.320419276982004E-01 -0.377335931702697E+00  0.925521965982137E+00  0.699971435665430E+00  0.641356833922139E+00 -0.314167790891821E+00
 0.777317773578105E-01  0.310816946098759E+00  0.947285910803405E+00  0.225990306652348E+00  0.829971627140409E+00  0.509975959669747E+00
 0.225447707543817E+00  0.393674399008621E+00  0.891175515108241E+00  0.462630359064541E+00  0.786717465401199E+00  0.408716014494816E+00
-0.288015423357552E+00  0.194948996414139E+00  0.937572399713905E+00 -0.411065483773914E+00  0.564072309776665E+00  0.716133784563286E+00
-0.953774107483273E-01 -0.219407906139893E+00  0.970959999300822E+00  0.122955358556724E+00  0.745513034607881E+00 -0.655051368239115E+00
 0.653022583893893E-01 -0.791309837126427E-01  0.994723028016299E+00  0.185636214929647E-01  0.107394524636125E+00 -0.994043162058493E+00
-0.344000422206697E+00  0.704260505075642E-01  0.936324666411988E+00  0.757930339854770E+00  0.649785561921079E+00 -0.576222478435280E-01
 0.342489456615018E+00 -0.538685867775902E+00  0.769752238039015E+00 -0.280563978854773E+00  0.930328348636250E+00 -0.236163116283906E+00
 0.170209960420346E+00 -0.383093201287379E+00  0.907892156867264E+00  0.318879861166154E+00 -0.896225602718904E+00  0.308375263556906E+00
-0.378683083070404E+00 -0.135975654498904E+00  0.915483338996340E+00  0.915455356223058E+00  0.887883995563809E-02 -0.402321584014027E+00
-0.196309409116083E+00  0.260149856357191E-01  0.980196835546243E+00 -0.106830036698463E+00 -0.703349196200360E-01 -0.991786439885648E+00
 0.572727983520385E-01  0.427115063998125E+00  0.902381598147260E+00 -0.234600744886493E+00 -0.414774539226474E+00 -0.879161289018215E+00
 0.353217569531427E+00 -0.919410908201022E-01  0.931012451255686E+00  0.630418800465498E+00 -0.377713358994694E-01  0.775335709356929E+00
 0.133788694722162E+00  0.108835035922309E+00  0.985015492325034E+00 -0.298358567803279E+00  0.160939670187378E+00 -0.940787216950971E+00
 0.285542160365580E+00 -0.213743606774463E+00  0.934226602713068E+00 -0.311335692524156E-03  0.195871492460238E-02  0.999998033251031E+00
-0.211611870406011E+00 -0.619436792484730E+00  0.755988410241519E+00 -0.612559751283798E+00 -0.711318239718396E+00  0.344669280544486E+00
 0.200361326133630E+00 -0.259371134180573E+00  0.944765554909712E+00 -0.449396605606214E+00  0.501195904553353E-01 -0.891925286961976E+00
-0.194298823598917E+00  0.196352746249819E-01  0.980745850431435E+00 -0.649298961805596E+00 -0.423210993981650E+00  0.631904512383983E+00
-0.831767997495559E-02 -0.186337183494070E+00  0.982450645196659E+00 -0.105950062815717E+00 -0.441770135915085E+00  0.890850004884612E+00
-0.401722406447556E+00 -0.810661399849538E-01  0.912166316581535E+00  0.899246724964166E+00  0.435873742547784E+00 -0.370055157862983E-01
 0.188699032543721E+00  0.367724491046560E+00  0.910588476646620E+00 -0.132040870367968E+00 -0.941094625348616E+00 -0.311297469781586E+00
-0.745275489843302E-01  0.386698831274064E+00  0.919189674840651E+00 -0.454173350145274E+00 -0.513079333409221E+00 -0.728337947416010E+00
 0.187612859210576E+00  0.338615485015184E+00  0.922030893390652E+00 -0.909078590185774E+00 -0.137579448799521E+00 -0.393253114588893E+00
 0.681569460232555E-01 -0.137355322778670E+00  0.988174147614250E+00  0.815762412281126E+00  0.527618504772623E+00 -0.236960756520525E+00
-0.174975524173934E+00  0.386818429564584E+00  0.905403262910647E+00  0.190693791175557E+00 -0.660489855617465E+00 -0.726215552459126E+00
-0.357851176330851E+00  0.918377601189560E-01  0.929251506006291E+00  0.641117538203443E+00  0.278637356974907E+00 -0.715073091023565E+00
-0.957843923470463E-01 -0.184835901778288E-01  0.995230479374926E+00 -0.797779428216865E+00  0.600494729241240E+00 -0.543513023529485E-01
-0.284871344189957E-01 -0.140564482508442E+00  0.989661613598167E+00  0.226578313742042E+00  0.159924277975983E+00 -0.960773903192459E+00
-0.483960001993224E-01 -0.393206820801838E-01  0.998053962030839E+00  0.109870806661726E-01 -0.338924851488471E-01  0.999365090199207E+00
 0.878732765679732E-02 -0.298845233814816E+00  0.954261132551683E+00  0.903165132881315E-01  0.259325636503731E+00 -0.961557664250777E+00
 0.132766162424870E+00  0.993597831565527E-01  0.986154541441683E+00 -0.567999427347806E+00 -0.821375117700656E+00  0.521494636098748E-01
-0.774913756084656E-01  0.261997819144401E+00  0.961952301036743E+00  0.137595561353408E+00 -0.276276859157196E+00 -0.951177459042252E+00
 0.514108626970491E+00 -0.142120425709157E+00  0.845868845785660E+00 -0.373173838396200E+00  0.612562060446634E+00 -0.696784764786101E+00
-0.203088716305535E+00  0.314798196148719E+00  0.927176935115883E+00 -0.240251786012761E+00 -0.793395788634462E+00 -0.559287226650831E+00
 0.272421533404029E+00  0.405806202980531E+00  0.872414943567751E+00 -0.428298327728067E+00 -0.600562490150838E+00 -0.675192741288861E+00
-0.881045679973052E-01 -0.942667845785931E-01  0.991640740602776E+00 -0.119229575745244E+00  0.323232060626674E+00 -0.938778644436825E+00
-0.242812811611323E+00 -0.204126446724936E+00  0.948353484869886E+00  0.372415431063430E+00  0.101481259792893E+00 -0.922501111444689E+00
 0.142588870995727E+00 -0.826967914946567E-01  0.986321273492899E+00 -0.262141411913102E+00  0.207827572154247E+00 -0.942385048911896E+00
-0.834602384070700E-01 -0.662226352000495E-01  0.994308277744984E+00  0.229339271392041E+00  0.521378823705665E-01  0.971949144667189E+00
 0.275609652622436E+00 -0.297810469714900E+00  0.913973874631836E+00 -0.330132233001724E+00  0.942191995369362E+00  0.573319509104223E-01
-0.180492712013407E+00  0.296882035579821E-01  0.983128166354492E+00  0.622907829625908E-02  0.132448627380047E-01 -0.999892880360007E+00
 0.368769623668197E+00 -0.362501748565008E-01  0.928813700094098E+00 -0.688995815758711E+00 -0.718597495330675E+00 -0.943525599624515E-01
-0.117051702291169E+00  0.571195812769118E-01  0.991481846745310E+00  0.475167984076279E-01 -0.154783955625306E-01 -0.998750505952262E+00
 0.110605378436451E+00 -0.497548000070820E-02  0.993851948159127E+00 -0.245039528908480E-01  0.148392451303041E+00  0.988624922146411E+00
 0.381485571284171E-01 -0.465343905569719E-01  0.998187977329176E+00  0.136985863964828E+00  0.138973809021813E-01  0.990475509983901E+00
-0.171754012346309E+00  0.185715933410499E+00  0.967476176099655E+00  0.345993636427818E-01  0.380330654180020E-01 -0.998677310231100E+00
 0.437720718988159E-01 -0.139474918421472E+00  0.989257677682114E+00  0.761350861354286E-01  0.752244369960958E-01 -0.994255868847537E+00
 0.248902612994956E+00  0.419531202524969E+00  0.872949631623862E+00 -0.462288973026672E+00 -0.765485961633796E+00 -0.447571388673949E+00
-0.410649148014362E+00  0.162836898415561E+00  0.897135119003530E+00 -0.662651705301256E+00  0.506980200447264E+00  0.551238418305355E+00
 0.108696515316183E+00  0.496844324216467E-01  0.992832576385897E+00 -0.569054357200223E-01  0.159746080981387E+00  0.985516596002626E+00
 0.220655827346423E+00  0.370531537386290E+00  0.902229120379196E+00  0.796967418739111E+00  0.437887015801034E+00  0.416050351353276E+00
-0.127605739351497E+00 -0.253203344637365E-01  0.991501717571484E+00 -0.601904845754213E+00 -0.798536106067028E+00 -0.711645732823364E-02
-0.104830151405361E+00  0.254974382934275E+00  0.961248512822577E+00 -0.149279363202386E+00  0.919702792971876E+00  0.363128688375926E+00
-0.121044945886019E+00 -0.127268039809965E+00  0.984454654678609E+00 -0.640507026463700E+00 -0.754171302133354E+00  0.144832303334271E+00
 0.406973346577563E+00 -0.328175559726828E-02  0.913434138433449E+00  0.843408247909645E+00  0.470619983545505E+00  0.259189811616142E+00
 0.168516010163271E+00 -0.288800533113255E+00  0.942441831834810E+00  0.583593467841070E+00 -0.326607364061291E-01  0.811388896023752E+00
-0.502856277880040E-01  0.309765735963657E-02  0.998730073722049E+00 -0.698450516591062E+00 -0.656664536363048E+00  0.284532181935157E+00
 0.223579099509962E+00 -0.768382617971728E-01  0.971652338949639E+00 -0.581166979534902E-01  0.441961203824987E-01 -0.997331014439097E+00
-0.113022391300415E+00 -0.165593829773081E+00  0.979696188930946E+00 -0.564133254063273E-01 -0.838065433317386E-02  0.998372326013471E+00
 0.385531904154062E+00 -0.460105060380386E-01  0.921546626174426E+00  0.481794808124171E+00 -0.145580668075446E+00  0.864106493406513E+00
 0.219677274565837E+00 -0.704856562578044E-01  0.973022953121473E+00  0.591006939734147E-01 -0.518934614811238E-01  0.996902290411336E+00
 0.106966214908929E+00  0.134200518784989E+00  0.985164173945590E+00 -0.353039207811397E+00 -0.384989525988053E+00 -0.852728786090510E+00
 0.995694299028683E-01  0.748910122204222E-01  0.992208276984938E+00  0.352136454197188E-01 -0.658174804934793E-01 -0.997210137552635E+00
-0.644075919015656E-01  0.116597263934729E+00  0.991088664120611E+00  0.189815955051965E+00 -0.712411925722298E-01 -0.979231635359376E+00
-0.248762295181501E-01  0.404991970621704E+00  0.913981770571442E+00  0.218744897393949E-02 -0.620777058529119E-01 -0.998068922220818E+00
-0.116294968489741E+00 -0.107975549179744E+00  0.987328091914386E+00 -0.387353687596579E+00 -0.483875963214272E+00  0.784742743151405E+00
-0.195864229136341E+00 -0.343071660965737E+00  0.918661547680666E+00  0.693016612462865E-01 -0.978361509177121E+00  0.194951371139502E+00
 0.293872063753166E-01  0.254358998039453E+00  0.966663277577989E+00 -0.171533453393898E+00 -0.118179146855247E+00  0.978064396456250E+00
-0.265640262902985E-01 -0.739274546129155E-01  0.996909767211508E+00 -0.138869442496963E+00  0.100613353086461E+00  0.985186394100772E+00
 0.429188812643605E+00 -0.520513732639905E-01  0.901713711575301E+00  0.661730875993335E+00 -0.683054021134417E+00  0.309110743859214E+00
-0.306843317451983E+00 -0.600725235085418E-01  0.949862342897315E+00  0.487519431901470E+00  0.794406163632026E-01 -0.869490650892983E+00
 0.162144499188782E+00 -0.164060006879828E+00  0.973033131771683E+00 -0.181443403268773E+00  0.244793473573452E+00 -0.952446558451491E+00
-0.190690113352030E+00  0.768426340730839E-01  0.978638079301281E+00  0.240940184460549E+00 -0.798249527779070E+00 -0.552037606429678E+00
-0.290782913865124E+00 -0.196419898745055E+00  0.936410444399832E+00 -0.377838048044892E+00 -0.543581107642301E+00  0.749505162666672E+00
-0.315366038511050E+00 -0.160403293713024E+00  0.935315478926688E+00  0.661711417168950E+00  0.520993213132997E+00 -0.539169799096366E+00
-0.729038437672438E-01 -0.690317139998631E-02  0.997315083506002E+00  0.544231442758979E-01  0.980576256674998E-01  0.993691513204967E+00
 0.980943895601857E-01  0.835376557716804E-01  0.991664737098676E+00  0.374190777861903E-01  0.314199433909847E-01 -0.998805586575755E+00
 0.119017869371460E+00 -0.230393285592541E-01  0.992624771053905E+00  0.130778393906938E-02  0.168527961839686E-02 -0.999997724764300E+00
-0.287875999757706E+00  0.483987200221486E+00  0.826367835037926E+00 -0.351142336347294E+00  0.857496525830740E+00  0.376030275127914E+00
-0.307130305446899E+00 -0.579064766886881E+00  0.755218492375773E+00 -0.312457459520429E+00 -0.839092000090154E+00  0.445303212850237E+00
-0.408259625980067E+00 -0.256775295437983E+00  0.876008290741219E+00 -0.915049166322052E+00 -0.370427284804562E+00  0.159589003022255E+00
 0.277049450106691E+00  0.162533939975145E+00  0.947009144914523E+00 -0.509740570450598E+00 -0.515126916763066E+00 -0.689063720176064E+00
-0.197444184261504E+00  0.157445609445533E+00  0.967588070496755E+00 -0.466549273029318E+00  0.443565779044547E+00  0.765232759032452E+00
 0.458788180864156E+00 -0.236310248225343E+00  0.856545895841569E+00 -0.917516980143363E+00  0.694964631704785E-01 -0.391577364968147E+00
 0.711160760838550E-01  0.271451921090596E+00  0.959821003238969E+00 -0.318696194376014E-01  0.324081947608888E+00  0.945492051045873E+00
 0.457256298569761E-01  0.110389858770946E+00  0.992835961201403E+00  0.213667121724379E-02  0.358713704973130E+00  0.933445184518384E+00
 0.113092533715408E+00  0.555940681417103E-01  0.992027912109979E+00 -0.193539940404082E-01  0.201957327274613E+00 -0.979203074379762E+00
-0.102205650370806E+00 -0.148854093215016E+00  0.983563146913006E+00  0.190719397969447E+00  0.392864783794355E+00 -0.899601785732102E+00
-0.787403826283484E-01  0.569331343805858E-01  0.995268089688976E+00 -0.193679976653559E+00  0.203103205269468E-01  0.980854503748425E+00
-0.921298624868278E-01 -0.222536130492193E+00  0.970561568919623E+00 -0.973911558488798E-02  0.695975026414342E-01 -0.997527612276322E+00
-0.112104297579619E+00  0.151290016512852E+00  0.982111988200796E+00 -0.504458742911614E+00  0.798051020226781E-01  0.859739799236480E+00
 0.135202026311519E+00  0.143727412030553E+00  0.980338126929815E+00 -0.237317947814895E-01 -0.495089651859067E+00 -0.868517724942052E+00
 0.160622397466138E+00  0.255638148942941E+00  0.953336027976105E+00 -0.600901605244645E-01 -0.775355213623152E+00 -0.628660055447728E+00
 0.349708964720921E+00  0.391051527758763E+00  0.851341495894191E+00 -0.799880329662533E+00 -0.358397921654365E-02 -0.600148825968969E+00
 0.305512991586023E+00  0.329626542214956E+00  0.893313021644469E+00 -0.519235176189245E+00 -0.669381311675427E+00 -0.531341219356647E+00
-0.146568248526851E+00  0.247118108065065E+00  0.957836306051360E+00 -0.152657824385649E+00  0.110800866345043E+00  0.982048245592358E+00
-0.740579547519136E-01 -0.150712349627574E+00  0.985799780385297E+00 -0.509076066524416E+00  0.642470248253284E+00 -0.572777040916788E+00
-0.203682573161227E+00  0.343257791157655E+00  0.916890123297219E+00  0.769847776283048E-01 -0.499237243473375E-01 -0.995781585369408E+00
 0.220352054818003E+00 -0.151615579414324E+00  0.963565092775959E+00  0.188249528461945E+00  0.978160563167430E+00 -0.881137202587123E-01
-0.232205760791362E+00 -0.351037211944772E+00  0.907112650383262E+00 -0.572840424500607E-01  0.970157150854435E+00 -0.235613329687828E+00
 0.459872017996139E-01 -0.447675100883496E+00  0.893012979367933E+00 -0.112629182895663E+00  0.924575577738824E+00 -0.363970696910032E+00
 0.132546745621659E+00  0.604018153470960E-01  0.989334615247987E+00  0.481091047063172E-01 -0.546321589805217E-01 -0.997346901158009E+00
 0.336879593118009E+00  0.731446899670248E-01  0.938702292566857E+00  0.288019911428920E-01 -0.581435127251362E+00  0.813082799045951E+00
-0.157220597578847E+00  0.257017511939464E+00  0.953532213537329E+00 -0.623909158693727E+00  0.313547154297661E+00  0.715839048760212E+00
-0.195501671496007E+00 -0.730736757929348E-01  0.977977164533189E+00 -0.808483095886436E+00 -0.528829244117079E+00  0.258253197913294E+00
-0.469851489700098E-01  0.178022909287350E+00  0.982903982871742E+00 -0.302860688618178E-01  0.739436420242252E-04  0.999541269065582E+00
-0.480203476642361E-01  0.599552367036086E-01  0.997045342901726E+00  0.359848089906434E-01 -0.536968188855815E+00 -0.842834656192312E+00
 0.153497984996371E+00  0.158594286155625E+00  0.975339028748897E+00 -0.109357023171964E+00 -0.729881243816698E+00 -0.674769895155049E+00
-0.284865213445404E+00  0.105438654240668E+00  0.952751016982202E+00  0.101763303852503E-01  0.105318300923927E+00 -0.994386493165704E+00
 0.149632361026350E-01  0.852360853804854E-01  0.996248418475205E+00  0.134169209661287E+00 -0.705271632890849E-01  0.988445518183607E+00
-0.121861405159916E+00  0.167818459883561E+00  0.978257002251842E+00  0.891168759161774E+00 -0.252092435807323E+00 -0.377183836481357E+00
-0.459839732880522E+00  0.249654452600749E+00  0.852185469461308E+00 -0.265366763002979E+00  0.931033438846326E+00  0.250513905488907E+00
 0.720260016239300E-01 -0.164901645976960E+00  0.983676624833669E+00  0.840069672132446E-03 -0.902501571826293E-02  0.999958920843367E+00
-0.416310541877528E+00 -0.895134845929360E-01  0.904805431458979E+00  0.854274065148933E+00  0.249434469356151E+00 -0.456068270230380E+00
-0.292994904776284E+00  0.349448312866896E-01  0.955475193053949E+00  0.341226349047563E+00 -0.489334511352165E+00 -0.802568573216899E+00
-0.620520181168340E+00  0.341064262808702E+00  0.706137290756952E+00  0.636862375829519E+00 -0.436370042373595E+00 -0.635600110424509E+00
 0.442162516257008E+00 -0.306353375955171E+00  0.842994613421783E+00 -0.608692318726755E+00  0.412203534041245E-01 -0.792334868340581E+00
 0.243848077816974E-01 -0.348915590844481E+00  0.936836854321550E+00 -0.692176388618520E+00  0.171408694189375E+00 -0.701078388338506E+00
 0.860656368666658E-01 -0.764165621566562E-01  0.993354526429962E+00  0.489164641580064E+00 -0.293441010740144E+00  0.821346654369305E+00
 0.115609249791284E+00  0.176537283760607E+00  0.977480991531356E+00 -0.117763228628574E+00  0.186237927336694E+00  0.975421578808008E+00
-0.105308370200644E+00  0.245719406365277E+00  0.963603715487430E+00  0.165125036735931E+00 -0.629738857312771E+00 -0.759053814846723E+00
-0.246657194911053E+00 -0.398001439585229E-01  0.968285173251915E+00 -0.899448283767308E+00  0.267969643637378E+00  0.345231885718718E+00
-0.768301424671757E-01  0.264448355294804E-02  0.997040689197393E+00 -0.854376206099476E-01  0.315416011186766E+00  0.945099546540755E+00
-0.378331608259631E+00  0.203373873820306E+00  0.903052745767933E+00  0.947180757224121E+00 -0.316169650261133E+00  0.537155973446602E-01
 0.118558839781508E+00 -0.223155289833319E+00  0.967546132300197E+00  0.636451183973954E-02  0.231434563755155E+00 -0.972829653993186E+00
 0.163400878675032E+00  0.860468799960679E-01  0.982800125809500E+00 -0.773661259907049E+00 -0.625937891508524E+00  0.982344689653299E-01
-0.273334578558441E+00 -0.144573966830806E+00  0.950992416520281E+00  0.226768682567840E+00 -0.300249397552522E-01 -0.973485730557536E+00
-0.672491129310042E-01 -0.500542993420970E-01  0.996479866293025E+00 -0.171019411546619E-03 -0.443149428553259E-02 -0.999990166257028E+00
-0.921609628994013E-01  0.286874589241779E+00  0.953524686080447E+00 -0.342401805340799E+00  0.434568940223250E+00  0.833013109076083E+00
 0.149893247450944E+00  0.919270375784513E-01  0.984419338559874E+00  0.581930690969283E+00  0.335788627217959E+00  0.740677169041339E+00
 0.303504516346017E-01  0.243941467341954E+00  0.969314918175012E+00  0.788433305486838E+00 -0.608339992014657E+00 -0.910789597805398E-01
 0.654320127743784E-01  0.200587308976590E+00  0.977488303347832E+00 -0.766583860675403E+00 -0.430794072646504E+00 -0.476199172116702E+00
 0.927947274457377E-01  0.126674668611322E+00  0.987594383788447E+00 -0.635247365219601E+00  0.302363718127661E+00  0.710659529550945E+00
 0.238681841984387E+00 -0.137803501198958E+00  0.961270603609748E+00 -0.796305119399908E+00 -0.595626639708756E+00  0.105484894116430E+00
 0.395114859259018E+00 -0.286697006131966E+00  0.872748001812490E+00 -0.867409374959627E+00  0.467448192171543E+00 -0.170567182856803E+00
 0.374489302007783E+00  0.387905094927335E-01  0.926419483309271E+00 -0.129763812324726E+00 -0.221398979040587E+00 -0.966511171736126E+00
 0.176095144413033E+00 -0.571130134363930E-01  0.982714914820350E+00 -0.642191121098506E+00 -0.567443630312643E+00 -0.515362290432519E+00
-0.291988127775255E+00 -0.167593421461514E+00  0.941623798722783E+00  0.996550248418730E+00 -0.573657795875073E-01 -0.599730748660110E-01
-0.446987247422730E+00 -0.188851824391828E+00  0.874378287164846E+00 -0.824350382111928E+00 -0.436715813147764E+00  0.360174604960712E+00
-0.118040392618574E+00 -0.307046554755814E+00  0.944345741200244E+00 -0.478841413910221E+00 -0.768901630733120E+00  0.423675798908090E+00
-0.249991420115738E+00 -0.459080772130143E-01  0.967159107032096E+00 -0.195340330453536E+00  0.406771949988035E+00  0.892400546840507E+00
-0.927127048545652E-01  0.288725356668967E+00  0.952912389873764E+00 -0.984707428599156E-02 -0.999951207950695E+00  0.785395411803455E-03
-0.257054517639154E+00 -0.234014334570816E+00  0.937635465507081E+00  0.624250456379557E+00  0.524439077465988E+00 -0.579029378992584E+00
 0.115099291150460E+00  0.115441503772581E+00  0.986623237301548E+00 -0.533646759046322E+00  0.773096437204110E+00  0.342845497770742E+00
 0.367639744568506E-01 -0.206296449719327E+00  0.977798642367301E+00 -0.759518610023784E-01  0.541300357539881E+00 -0.837391926004468E+00
 0.142559309575251E+00  0.111835076786267E+00  0.983447893308861E+00 -0.840076468274624E+00  0.504481705897470E+00  0.199423508809804E+00
-0.340437475063268E+00 -0.460838013921553E+00  0.819591758436715E+00  0.741024489989777E+00  0.615358448754370E+00 -0.268731622221884E+00
-0.873139152800394E-02  0.694358277586344E-01  0.997548208672372E+00 -0.643505023945469E-01 -0.571707388477005E+00 -0.817930116087170E+00
 0.457471601478714E-01  0.809359805746486E-02  0.998920262588005E+00  0.254930883140012E+00  0.715425482303075E+00  0.650520271853895E+00
-0.330443705798327E+00  0.322186464549327E-02  0.943820203686314E+00 -0.523501016173163E+00  0.527140086755382E+00  0.669380321641736E+00
-0.228215081462455E+00 -0.417227021682640E+00  0.879681470175949E+00 -0.478569081676776E+00 -0.427681657194796E+00  0.766850724823391E+00
 0.113231930684403E+00 -0.115147143049103E+00  0.986873682555732E+00 -0.432338463788707E-01  0.404448965208978E-01  0.998245984150551E+00
-0.275598606015317E+00  0.151640205143459E+00  0.949236881155839E+00 -0.820474074682473E+00  0.253790579720416E+00  0.512262271125949E+00
-0.334285965611586E+00 -0.250254446404697E+00  0.908639425322173E+00 -0.678328613656122E+00 -0.424555911500534E+00  0.599685392439498E+00
 0.258315576286678E+00 -0.472855063910588E+00  0.842425754343844E+00  0.268149595284388E+00 -0.690570250936023E+00  0.671720569188540E+00
-0.198116254176941E+00 -0.167176244502489E+00  0.965816780297869E+00  0.334639388790115E+00  0.441607604462452E+00 -0.832465736923216E+00
-0.299516187628059E+00 -0.500038566418235E+00  0.812558604313036E+00  0.378182655620583E+00  0.881380643472275E+00 -0.283100759978071E+00
 0.130524647622619E+00  0.399704754565143E-02  0.991437007567253E+00  0.936937666929984E-02  0.220940643194527E-01  0.999711992077057E+00
-0.234225999672893E+00 -0.353017241555078E+00  0.905823938876688E+00 -0.419759759318782E+00 -0.739964393333851E+00  0.525599125812347E+00
 0.124265088741411E+00 -0.190873671679339E-01  0.992065451537692E+00  0.443883075722094E-01  0.218019567632250E+00  0.974934431785195E+00
-0.924033266435391E-01  0.981407461595947E-01  0.990873361822007E+00 -0.182490673716103E+00  0.180183320830244E+00 -0.966556322674074E+00
 0.167469733619125E+00 -0.128692346833327E+00  0.977441644390124E+00  0.340811688855903E+00 -0.352092478534390E+00  0.871709974302633E+00
-0.995970837312063E-01 -0.184825043745446E+00  0.977711677396119E+00  0.456371719659944E+00  0.797530754790865E+00 -0.394549805040301E+00
-0.185048751261442E+00 -0.531805984162133E-01  0.981289347546724E+00  0.136895382506522E-01 -0.237522673443447E+00  0.971285527609035E+00
 0.924081885646468E-01 -0.121226581806853E+00  0.988314141631914E+00 -0.317112134022660E+00  0.574201502527798E-01 -0.946648203294414E+00
 0.198444777245896E+00 -0.289494084398906E+00  0.936382851979822E+00 -0.267344080791074E+00 -0.681997865270565E+00  0.680739343825791E+00
-0.295118292015255E+00  0.742899234884880E-01  0.952568213298173E+00 -0.853065011202433E+00  0.138733122034375E+00  0.503024062558431E+00
-0.184689177642191E-01 -0.104824368663644E+00  0.994319239887717E+00 -0.892902996418877E+00 -0.373823437690126E+00 -0.250958714572193E+00
 0.321773630227527E+00  0.405601120430742E+00  0.855540450239219E+00 -0.109782079026966E+00 -0.741162795502265E+00 -0.662288159102806E+00
-0.501929709338308E-01 -0.884568452480055E-01  0.994814581817942E+00 -0.284512955747491E+00  0.292806202405498E+00  0.912861931424844E+00
 0.211478458203770E+00  0.348794588593259E+00  0.913027489555389E+00  0.449491718515388E+00  0.868458706690746E+00  0.209133138835338E+00
 0.164105051995368E-01 -0.355500772845328E+00  0.934531912684350E+00  0.297395492872635E+00 -0.836377834159259E+00  0.460465025106260E+00
-0.406722023177598E+00 -0.935566233281177E-01  0.908748784920102E+00  0.615491823344721E+00 -0.277672485058277E+00 -0.737609521655837E+00
-0.154253432131310E+00  0.274450659558863E+00  0.949148415235160E+00 -0.540716768097265E+00 -0.796290161042862E+00 -0.271196158019949E+00
-0.133206785785920E+00  0.357992856399532E+00  0.924173721216681E+00 -0.245367004340461E+00  0.244543359259191E+00  0.938079729353118E+00
 0.208033682615206E-01  0.206265942234162E+00  0.978274798276655E+00 -0.677912949009748E+00  0.400861660265055E+00  0.616233691787824E+00
 0.483811602356440E-01 -0.140260657351401E+00  0.988931853735942E+00  0.343562554249384E+00 -0.699220225024663E-01  0.936523188226967E+00
 0.139605826186188E-01  0.579600302762583E-01  0.998221286600984E+00 -0.169531066285855E+00  0.165695189077139E+00  0.971495919641803E+00
 0.192541375234543E+00  0.106124481353766E+00  0.975533399366821E+00 -0.654565229100927E+00 -0.671983368046671E+00 -0.346385210308846E+00
-0.331855004012715E+00 -0.188171003635978E+00  0.924372181376284E+00  0.526584887482381E+00  0.474259341318405E+00 -0.705539817053156E+00
-0.195800888352772E+00  0.682895451993246E+00  0.703786767257815E+00  0.287975483509965E+00 -0.864458399204104E+00 -0.412045867522877E+00
-0.266536817806107E-01  0.417839510839045E+00  0.908129794924341E+00  0.569720544518673E+00  0.639752076158442E+00  0.515883496735755E+00
 0.249631531145306E+00  0.620481950529529E-01  0.966350930122552E+00 -0.129827302898387E+00  0.378697985087947E+00 -0.916369307382378E+00
-0.346879293316801E+00  0.430362425907398E+00  0.833344429533873E+00 -0.654789560308839E+00  0.735594306833252E+00  0.173642297453892E+00
 0.353722412284957E+00 -0.100054954823411E+00  0.929983581071513E+00 -0.965713676451322E+00  0.215709771245077E+00 -0.144452032537684E+00
-0.545641949595735E-01  0.201859332941190E+00  0.977893428924109E+00  0.312472773515151E+00 -0.348783189363589E+00 -0.883578549212866E+00
-0.837379134637052E-01 -0.555475530838251E+00  0.827305805907772E+00  0.317165441327134E+00  0.678164296029820E+00 -0.662947411502709E+00
 0.242301324810774E+00  0.787534627645981E-01  0.966999462304674E+00 -0.620285842768472E-01 -0.341182970078192E-01 -0.997491050858050E+00
 0.125228569804108E+00  0.289553431274938E+00  0.948934463354413E+00 -0.488185837176241E+00 -0.854877092564110E+00 -0.175669419620112E+00
-0.214743571386383E-01 -0.850747503456207E-01  0.996143131703026E+00  0.302985104604039E+00 -0.509986284841089E+00  0.805055287332530E+00
-0.171801681361411E+00  0.220768638451432E+00  0.960075721262492E+00  0.940559886603552E+00 -0.116552809363045E+00 -0.319002417454626E+00
-0.146274285707577E+00 -0.834883377239042E-01  0.985714730946453E+00 -0.129579284461760E+00  0.120756702753190E-01  0.991495530613114E+00
-0.105880133153573E+00 -0.195443530491701E+00  0.974982678713997E+00 -0.419022552210194E+00 -0.899449711500294E+00  0.124138298769124E+00
-0.126911966429689E+00  0.213084727657748E+00  0.968756033073329E+00  0.486085448385935E+00  0.628063271379426E-01 -0.871651479743416E+00
-0.745763989499689E-01 -0.243269615748822E+00  0.967087511434759E+00 -0.556003693467410E-01 -0.405356419368804E+00  0.912466312915172E+00
 0.264200040219631E+00 -0.285520631859527E+00  0.921236292994627E+00  0.601336100788513E+00  0.364546011207809E+00  0.710986005207517E+00
-0.439596670797222E+00  0.881833520325788E-01  0.893855952292257E+00  0.738271500157897E+00 -0.586145511969615E+00 -0.333749353336432E+00
 0.400016345543022E-01  0.163778915398680E+00  0.985685718727737E+00 -0.149759691320452E+00  0.761730473926736E+00  0.630348094267726E+00
 0.222680229507099E+00  0.729291528043624E-01  0.972159891199952E+00 -0.559563218419437E-01 -0.293153175486669E+00  0.954426584786909E+00
-0.464430394306974E-01 -0.115274572266416E-01  0.998854424737823E+00  0.227911180120994E+00 -0.806454601494021E+00  0.545607431863768E+00
-0.397833907855934E+00  0.301811496850630E+00  0.866393676182403E+00 -0.601574747353569E+00  0.553607803573004E+00  0.575869970713497E+00
 0.356185721378407E+00 -0.714204507200733E-01  0.931681732731240E+00 -0.996086295874762E+00  0.365012850398407E-02 -0.883106320462042E-01
-0.279856940078314E+00 -0.163162396643244E+00  0.946075116157082E+00 -0.625316884077341E+00 -0.495641626796201E+00  0.602758801076036E+00
-0.351509412341684E-01  0.192412144357757E+00  0.980684443658612E+00 -0.114278736319112E+00 -0.348744311166636E-01 -0.992836413755859E+00
 0.416609745872597E+00  0.217339802695760E+00  0.882722906584019E+00 -0.975135601054255E+00  0.745826438983335E-01 -0.208681548742793E+00
-0.333684257409597E+00 -0.128605550255487E+00  0.933871205681217E+00 -0.852123878258308E-01 -0.727621603895315E-01 -0.993702428786641E+00
-0.495508791768145E-01 -0.244580354899806E+00  0.968362101886422E+00  0.174671039846051E+00 -0.560087582294357E+00  0.809809809769406E+00
 0.105677761626337E+00 -0.852584043533023E-01  0.990738721956892E+00  0.384900592481760E+00 -0.144039206390568E+00 -0.911649187423301E+00
-0.261324258432733E+00  0.132695588051492E+00  0.956086561387750E+00  0.593641278213061E+00 -0.544468629020593E+00 -0.592573999441420E+00
-0.145048132492431E-02 -0.144225580201903E+00  0.989543772715159E+00  0.322010155765234E+00 -0.946730239088405E+00 -0.336362596919009E-02
-0.164807444229571E+00  0.594813569348689E+00  0.786787979092963E+00 -0.465190884309192E-01 -0.959550415743560E+00 -0.277667020112072E+00
-0.147514325882832E+00  0.162582156424041E+00  0.975605743152346E+00 -0.349023629719453E+00  0.209317699067649E+00  0.913437795777295E+00
 0.150986960500986E+00  0.351718635499398E+00  0.923848980732844E+00 -0.108529383700775E+00 -0.871640894287692E+00 -0.477978581401807E+00
 0.336610015778437E-01 -0.830743942018979E-01  0.995974689437821E+00 -0.892038207765527E-01 -0.471391113869403E-01  0.994897272353540E+00
-0.187193678871367E+00 -0.446925943220434E-01  0.981305812987658E+00 -0.389317875769045E+00 -0.170051959398176E-01  0.920946477770411E+00
-0.248494114537244E+00 -0.166374926850814E+00  0.954237946612760E+00  0.620764386290232E+00 -0.550553702836566E+00 -0.558159651897786E+00
-0.143462951229597E+00 -0.330207000050181E+00  0.932942505593112E+00 -0.641640041753121E+00 -0.686006736434798E+00  0.343063863420690E+00
 0.426556522953299E-01 -0.324082605716394E+00  0.945066643152393E+00 -0.304376987633565E-01 -0.534525063124732E+00  0.844604347245202E+00
 0.111507311092503E+00 -0.394323307657237E+00  0.912181587520366E+00 -0.194015671458675E+00  0.744066644819429E+00 -0.639314278970521E+00
-0.841604823234569E-01 -0.329409690225564E+00  0.940428768807389E+00 -0.274346424515412E-01 -0.561098766459259E-02  0.999607851715353E+00
-0.460043526983040E-02 -0.290962523952764E-01  0.999566027880039E+00 -0.985800759199120E+00 -0.156825287035831E+00  0.600224333775915E-01
-0.262360304227125E+00 -0.567599664199504E-01  0.963299214666895E+00  0.795479689950072E+00  0.234622515363045E+00 -0.558716688637143E+00
 0.583158545830290E+00  0.296018736613530E+00  0.756504473217992E+00  0.924183669722161E+00  0.955199425346055E-01  0.369811418424399E+00
 0.288465952139433E+00 -0.162227117104990E+00  0.943647051037672E+00  0.858059226545522E+00  0.185393789471644E+00  0.478919102318381E+00
 0.311031027824972E+00  0.342073587621736E+00  0.886704776338628E+00  0.676944351601794E+00  0.731162316316407E+00  0.845459167154278E-01
-0.332186001812541E+00 -0.115457747220618E+00  0.936120702049975E+00  0.634540869098663E+00  0.253682049024694E+00 -0.730070752356336E+00
 0.254181835772614E+00 -0.201145854933126E+00  0.946008424595936E+00 -0.677076769434379E+00  0.674324084613242E+00 -0.294710157956623E+00
 0.120823010122146E+00 -0.336523189471964E+00  0.933891826269317E+00  0.436837765817285E+00 -0.752442548772908E+00  0.492953321473639E+00
 0.475245714402621E+00  0.826959801387564E-02  0.879814255789613E+00 -0.659708169867537E+00 -0.606826556924229E-01 -0.749067918087632E+00
-0.193072395517376E+00 -0.468322595312782E-01  0.980066216924335E+00 -0.666056942323456E+00 -0.105842800152502E+00  0.738353202226825E+00
 0.161752339681499E+00  0.789645418828819E-01  0.983667007545128E+00 -0.412751841650465E+00 -0.910714491839718E+00  0.153307392931244E-01
 0.476053689651800E-01 -0.237226682405868E-01  0.998584480080297E+00  0.394321914866056E+00  0.125287693614570E+00  0.910391795484290E+00
 0.128664153264391E+00 -0.297339054603892E+00  0.946062906086070E+00  0.862770595349974E+00 -0.464312392424247E+00  0.200102228974900E+00
 0.789130017252392E-01  0.151593761251229E+00  0.985287810595675E+00  0.501326860852721E-01  0.193298384018546E-01 -0.998555492265319E+00
 0.334124508993148E+00 -0.748554624754337E-01  0.939551740048241E+00 -0.194566698914351E+00  0.980815965537727E+00  0.119933906744249E-01
-0.133834589860903E+00 -0.283508710328522E-01  0.990598067163692E+00 -0.990787571490965E+00 -0.520431968190576E-01  0.125025972677236E+00
 0.292785977112966E+00  0.193971779756429E+00  0.936296598447377E+00  0.841175273213123E+00  0.341799161381514E+00  0.419043545486292E+00
 0.930614000423890E-01  0.718276533724297E-01  0.993066142828946E+00 -0.170593031920230E+00 -0.783194787229237E-01 -0.982224046087670E+00
 0.472950168831427E+00 -0.283525280076219E+00  0.834225121510990E+00  0.715342781523444E+00 -0.282802663005716E+00  0.638989325982193E+00
-0.632973520688623E-01  0.835445103666098E-01  0.994491709371513E+00 -0.907662542180043E+00 -0.415348858044239E+00  0.602829631372593E-01
-0.312059031787025E+00 -0.485642988064509E+00  0.816559886857002E+00  0.140804689834067E+00  0.641401998129500E+00 -0.754173399236686E+00
-0.152002273639563E+00 -0.427903819149046E-01  0.987453437901747E+00  0.270671642623800E+00 -0.595988287556026E-01 -0.960825083712064E+00
 0.281208109704896E-01  0.232251337317552E+00  0.972249215121602E+00 -0.383010935342249E+00 -0.832255320938349E+00 -0.400816297295984E+00
-0.225788224939748E+00  0.153366776234182E+00  0.962028226938322E+00 -0.848206721602499E+00  0.526802613314522E+00 -0.549942181809228E-01
 0.466780095350985E+00  0.472852960997722E-01  0.883108398418270E+00  0.422635982860045E+00 -0.325379681921388E-01  0.905715245879107E+00
 0.839295198466143E-01 -0.374910873997318E+00  0.923253850388334E+00 -0.214527976473142E+00 -0.950500903234909E+00  0.224779403549259E+00
 0.541634394669616E+00  0.483167460112100E-01  0.839224448265043E+00 -0.741728499530877E+00 -0.577756250715005E+00 -0.340641377027827E+00
 0.986931661632383E-01  0.106512601618377E-01  0.995060907487396E+00  0.635755023453792E-01 -0.381687882940167E+00  0.922102226175702E+00
 0.101721854808881E+00 -0.262216759892078E+00  0.959632760531830E+00  0.553353215234877E+00 -0.524114828363009E+00  0.647382318170058E+00
 0.138709581488695E+00 -0.371265008422032E+00  0.918107807136297E+00  0.587448847073022E+00 -0.807601829557830E+00  0.517990054675129E-01
-0.689779104254698E-01 -0.176704485749361E+00  0.981843965500318E+00 -0.581849109308845E-01  0.225998459448840E+00 -0.972388406176624E+00
-0.132242372380853E+00 -0.202660118977460E+00  0.970278738880290E+00 -0.238001496028409E-01  0.118855145426327E+00 -0.992626318049531E+00
 0.222790554131140E+00 -0.168316456454231E+00  0.960225983545869E+00  0.824188331585924E+00 -0.198659849916677E+00  0.530328066491576E+00
-0.391570675862604E+00  0.202702069777157E+00  0.897543467868025E+00 -0.877400944218215E+00  0.471152758355061E+00  0.904580642032657E-01
-0.316597984763334E+00 -0.357252782768279E+00  0.878712788826996E+00 -0.588707263654318E+00 -0.260547229026100E+00  0.765205135350951E+00
 0.406601489483036E+00  0.141070455027917E-01  0.913496699510928E+00  0.415043301120622E+00  0.242047263439744E-01  0.909479625619788E+00
 0.174935099996084E+00  0.451884330717358E+00  0.874756115978326E+00  0.168149165746629E+00  0.468449514079310E+00  0.867341288546539E+00
-0.533080128545966E-01 -0.395502175235550E-01  0.997794586104441E+00 -0.363001739059215E+00  0.420750225484719E+00 -0.831383777322208E+00
-0.293492780220543E+00 -0.406012439717314E-01  0.955098700107148E+00 -0.200481077222534E+00  0.956093967310197E-01  0.975021118198177E+00
-0.484806128260461E+00  0.632067639534817E-01  0.872334753974430E+00 -0.266372002101797E+00  0.365676094210154E+00  0.891811050962863E+00
-0.781466192205665E-01 -0.133657734631142E-01  0.996852276921776E+00 -0.106208428801848E+00  0.144150170317759E+00  0.983839670906192E+00
 0.384490076841256E+00 -0.109278591196853E+00  0.916638189427342E+00  0.257267200245007E+00 -0.295029932966455E-01  0.965889828637114E+00
-0.168754152829629E+00 -0.421675926924766E+00  0.890904848204843E+00  0.462694547333775E+00  0.885668230817524E+00 -0.388012987946421E-01
 0.194311216662588E+00  0.316807876143226E+00  0.928372727245218E+00  0.495599513324177E+00  0.527107705157961E+00  0.690317745357851E+00
 0.279004650298644E+00 -0.964526438973034E-01  0.955433562628481E+00  0.782630187543291E+00 -0.587117370119342E+00  0.206840961248250E+00
-0.140976333935398E+00 -0.653785815475183E-01  0.987851868624527E+00  0.290110275387356E+00  0.894340598430156E+00  0.340574400262649E+00
-0.176175373842974E+00  0.229924147092960E+00  0.957129627707169E+00  0.404703483675106E+00 -0.487892578584410E+00 -0.773418335743011E+00
 0.399762107217984E-01  0.327749298863414E+00  0.943918587416768E+00 -0.256576237682033E+00  0.825911038932602E+00  0.502035446981787E+00
-0.769372508009723E-02  0.443731008494093E+00  0.896126999200006E+00  0.484196734295463E-01 -0.805257112143250E+00 -0.590945444662779E+00
-0.145767589940930E+00 -0.435261697925881E-01  0.988360906888774E+00  0.714419749906518E+00  0.512416972203068E+00 -0.476480080949612E+00
 0.326920231878160E+00  0.204922647646838E-01  0.944829735493938E+00 -0.638584614907901E+00 -0.680886674200072E+00 -0.358612641299344E+00
 0.281234145639474E-01 -0.429173807466369E+00  0.902783981104054E+00 -0.520120939022700E-02  0.991409339382954E+00 -0.130692269110053E+00
 0.184769840198934E+00 -0.186085965713377E-01  0.982605631108689E+00 -0.167721893008458E+00 -0.403684414748456E-01 -0.985007490092614E+00
-0.134944202543784E+00 -0.182274594972408E+00  0.973943547762121E+00  0.301486695725326E+00  0.743951988333413E+00 -0.596356614246363E+00
 0.141914126635530E-01  0.448054015625811E-01  0.998894929308097E+00  0.270803055360348E+00  0.454306321951309E+00  0.848688088194110E+00
-0.114978976678092E+00 -0.644835644515198E-01  0.991272770148401E+00  0.186542185129859E+00 -0.738918789718929E-01  0.979664229922161E+00
-0.189141737324033E+00 -0.194003535994052E+00  0.962594427172655E+00  0.342761712839110E+00  0.318615107875214E+00 -0.883741376900089E+00
 0.849464028697147E-01 -0.968203138828053E-01  0.991670275575068E+00  0.775008049144287E+00 -0.387119261385961E+00  0.499500952176824E+00
 0.216916825687076E+00  0.140822438843276E+00  0.965979363885210E+00 -0.549641987679486E+00  0.671608251992398E-01 -0.832696288534001E+00
-0.804192242140319E-01 -0.766123435162833E-01  0.993812506058238E+00 -0.477364718036672E+00 -0.115484909101165E-01  0.878629363458488E+00
-0.123760335479475E+00  0.483963708467400E+00  0.866292391891150E+00  0.141529564584490E+00 -0.152599790811016E+00 -0.978101572533732E+00
-0.467422055678701E+00 -0.189785326062755E+00  0.863422348492527E+00  0.512321721785781E+00  0.296629190924266E+00 -0.805938940911821E+00
 0.468474134911216E+00  0.325900372023878E+00  0.821170464905969E+00  0.520803226315892E+00  0.248878803830072E+00  0.816592518005810E+00
 0.184715734715377E+00 -0.290495143298388E-01  0.982362572101441E+00 -0.919561404668667E+00  0.580686099629799E-01 -0.388632036225471E+00
-0.682451413798689E+00 -0.224267979407285E+00  0.695675169325989E+00 -0.902180398446672E+00 -0.622811442808839E-01  0.426839065369687E+00
 0.863156467988254E-01  0.234363819409079E+00  0.968309459454822E+00 -0.431059920468606E+00 -0.341447565308124E+00 -0.835225062549462E+00
-0.134388372053618E+00  0.589689373145848E-01  0.989172598634216E+00 -0.657879697263230E+00  0.334435727494860E+00  0.674794078296353E+00
 0.690065170912028E-01  0.456747855870022E-01  0.996570075087810E+00 -0.645649094249487E+00  0.939539677932968E-01 -0.757832368687636E+00
-0.275031879229232E+00 -0.881405524440028E-01  0.957386394525483E+00  0.802325199867024E+00  0.224565069351383E+00 -0.553032370920138E+00
 0.114303324771389E+00  0.261789168703357E+00  0.958332500281511E+00 -0.189541598100220E+00  0.778370410899032E+00  0.598509386748851E+00
 0.701917213078522E-02  0.251835497550272E+00  0.967744601326303E+00 -0.348831587882960E+00 -0.529735860061122E+00 -0.773108298920892E+00
 0.828067065422571E-01 -0.515774438942594E-01  0.995230032019211E+00  0.156447513315081E-01 -0.108328627790440E+00  0.993992027209884E+00
 0.199621482595405E+00  0.344787259156083E+00  0.917209359748388E+00 -0.283960952671214E+00 -0.580718419068773E+00 -0.762975946614519E+00
 0.248445563658557E+00 -0.387962243867165E+00  0.887558504681205E+00  0.171936422864069E+00 -0.979734756836448E+00  0.102750536443050E+00
 0.777224732351082E-01  0.401260498524117E-01  0.996167213512601E+00  0.160293673936257E+00  0.556261376431836E-01  0.985500720906341E+00
 0.413279845857207E-01  0.226970404373699E+00  0.973024374426726E+00 -0.272162800410705E+00 -0.513349400714758E+00 -0.813879476862761E+00
-0.388450653922276E-02  0.127745921466767E+00  0.991799319498432E+00  0.827910213763582E+00 -0.560636824498723E+00 -0.158438935217150E-01
-0.278989291597717E+00  0.393588972479294E+00  0.875929618129503E+00 -0.116161674441108E+00  0.961468269162962E+00  0.249169084727252E+00
 0.488203229387611E+00 -0.924600284707888E-01  0.867818385349543E+00 -0.828069746569582E+00  0.272844988400852E+00 -0.489751066482481E+00
-0.107278927099994E+00 -0.271199088437015E+00  0.956526155539516E+00 -0.275852954681503E+00 -0.852621578084879E+00  0.443781018045540E+00
-0.189179815614305E+00 -0.327217428764641E+00  0.925818422627674E+00 -0.240152344884118E+00 -0.572936502882805E+00  0.783626578742121E+00
-0.275027072232855E+00 -0.234317907587052E+00  0.932445830985934E+00  0.939764964476608E+00  0.341338181271180E+00  0.181674860331151E-01
-0.486967833101879E+00  0.128217626187583E+00  0.863957504660317E+00 -0.969718753131220E+00 -0.181975266680801E+00  0.162881988390624E+00
-0.286008856016464E+00  0.116519176957602E+00  0.951116299766373E+00 -0.999294062514339E+00  0.316634627564876E-01 -0.202188464027189E-01
 0.398740997756563E+00  0.238908778089049E+00  0.885397206038114E+00 -0.740583039880972E+00 -0.234160522486411E+00 -0.629845703922436E+00
-0.242014994567775E+00  0.710256195604856E-02  0.970246513015131E+00 -0.306289669513036E+00 -0.974728108612649E-01 -0.946934891897220E+00
 0.300255841293311E+00 -0.240343092623615E-01  0.953555861891440E+00 -0.755568534080371E+00  0.422543853356832E+00 -0.500572554479368E+00
-0.141522009269387E+00  0.405362219958782E+00  0.903135090405884E+00  0.477094889258177E+00 -0.695312511090696E+00 -0.537513700815595E+00
 0.112194015287305E+00  0.426318235629621E+00  0.897588583318303E+00  0.539629543259808E+00  0.775354233772138E+00  0.328063664877462E+00
-0.179662276693170E+00  0.519073182525147E-01  0.982357926951912E+00  0.459833545229459E-01 -0.682366726782557E-01  0.996608894004372E+00
-0.941798651822703E-01  0.319538133739030E+00  0.942881505853640E+00  0.115784430794937E+00 -0.242046347890475E+00 -0.963331475172682E+00
 0.859984499798304E-01  0.369541241556960E-01  0.995609692253421E+00  0.317031816165309E+00 -0.333584871135334E+00 -0.887813021580867E+00
 0.128532865092134E-01  0.323290833176386E+00  0.946212359996439E+00  0.336430082212588E+00 -0.674420891256251E+00 -0.657245206311583E+00
-0.138580661171336E+00  0.787567583784240E-02  0.990319834235088E+00 -0.340464220279990E-01 -0.503891887587540E-01  0.998149172620669E+00
-0.230470089910068E+00 -0.362315775366234E-01  0.972404653653022E+00  0.428787695849832E-01  0.356100561450179E-02 -0.999073936382033E+00
-0.671942541986575E-01  0.246895492406782E-02  0.997736857324750E+00  0.115856373404335E+00 -0.345028746924030E+00  0.931414228223742E+00
-0.158341921033831E-01 -0.231188861923933E+00  0.972780030881982E+00  0.361046051837463E+00  0.264197610604382E+00 -0.894340746585727E+00
-0.323218962150932E+00 -0.311794761731210E+00  0.893483927702705E+00 -0.523284167409361E+00 -0.685705946702697E-01  0.849394933870728E+00
 0.755227466826975E-01 -0.158766963839099E+00  0.984423367219011E+00  0.105999651339807E+00 -0.637814284683954E+00 -0.762861070031061E+00
-0.189722873768901E+00 -0.121572598473585E-01  0.981762411279773E+00  0.161338447428583E+00 -0.672995317520028E+00 -0.721835997978385E+00
 0.158318250199909E-01 -0.981272627014943E-01  0.995047935343443E+00  0.226496006413561E+00 -0.334374645994290E+00 -0.914818646068663E+00
 0.124856911774307E+00  0.544824510396239E-01  0.990677754928866E+00 -0.720579692742323E+00  0.387328554145904E+00 -0.575101293295906E+00
-0.268860479508590E+00 -0.611182515951920E+00  0.744425936378557E+00  0.257127932274780E+00  0.781606304177484E+00 -0.568310488829927E+00
 0.250407819050218E+00  0.271750530563974E+00  0.929218797322090E+00  0.928181391780483E+00  0.301193383706652E+00  0.218544845658238E+00
 0.161295489693513E+00 -0.689538434427129E-01  0.984494353706007E+00 -0.399087757999681E+00  0.879387566530120E+00 -0.259627558720221E+00
-0.332024234761144E+00  0.559763441683116E+00  0.759226446382335E+00 -0.361133063636436E+00  0.930081908546636E+00  0.673093882219149E-01
-0.288057028438243E+00 -0.101978525210648E+00  0.952167804939440E+00 -0.286132684912675E-01  0.996577597586245E-01 -0.994610281359558E+00
-0.206528849885282E+00  0.106217542533074E+00  0.972658042594260E+00 -0.180272576652973E+00  0.592778536071041E+00  0.784930191342116E+00
 0.315965297434311E+00 -0.214582426220035E+00  0.924186297872226E+00 -0.624587650198198E+00 -0.643967852787393E-02 -0.780928164276555E+00
-0.302415088979155E+00 -0.305268117947262E+00  0.902970924295276E+00 -0.604049662625012E+00 -0.719496981709840E+00  0.342707015383459E+00
 0.289575847905676E-01 -0.164070946757510E-01  0.999445979294228E+00 -0.380847117249144E+00 -0.115340929476388E-01 -0.924566080917363E+00
-0.188838352172904E-01  0.443013393765007E-01  0.998839722927024E+00  0.835388309421823E+00 -0.492658672659451E+00 -0.243749471250250E+00
-0.137766222192249E+00 -0.205532355890880E+00  0.968905010155702E+00 -0.225459265335792E+00  0.487540597660452E+00 -0.843488165481374E+00
 0.895739296196739E-02 -0.457290002489058E-01  0.998913721823642E+00  0.399459249604016E-01 -0.327655450899727E+00 -0.943952450378066E+00
 0.448603544416324E+00 -0.145449530257883E-01  0.893612502306558E+00  0.835880221742843E+00  0.219765155892652E+00  0.502998539913004E+00
 0.920767214235912E-01  0.554869088077705E-01  0.994204747686733E+00  0.765201440599372E+00  0.447078207305759E+00 -0.463236259220838E+00
-0.109721412440440E+00  0.269785362186416E-01  0.993596180666761E+00 -0.462943199005051E+00  0.878850230405000E+00  0.115351059865304E+00
 0.511505274691991E+00  0.558809498476258E-01  0.857461178950043E+00 -0.802219101987044E+00 -0.131590901520711E-01 -0.596884704740765E+00
-0.211189944878686E-01  0.126342014117615E-01  0.999697136650150E+00  0.185819465968218E-01 -0.405527391616652E-01  0.999004597890900E+00
 0.110190859805835E+00  0.314157473801411E+00  0.942954429476826E+00  0.163495823742623E+00 -0.983898694996937E+00 -0.721974625734509E-01
 0.338527148446252E+00 -0.100105540853588E+00  0.935616508220788E+00 -0.619268458474460E+00  0.202134997219296E+00 -0.758714715316516E+00
-0.344736420090949E+00 -0.718148632811292E-02  0.938672055042119E+00  0.566538749686898E+00 -0.104720278266644E-01 -0.823968556278942E+00
-0.140371798931233E+00 -0.204603434844755E+00  0.968727615232753E+00  0.138588514852984E+00 -0.710959046293527E+00  0.689442135385010E+00
 0.144914906324249E+00 -0.309264435366486E-01  0.988960679205806E+00 -0.140937243224944E+00  0.101626487980363E+00 -0.984788683125944E+00
-0.163503703722785E+00 -0.401175513069148E+00  0.901290600518300E+00  0.345746967528880E+00  0.937552390142740E+00 -0.381385655500974E-01
 0.955121763743693E-01  0.671012467829439E-01  0.993164058373241E+00  0.857566134611695E-02 -0.939001214291922E-02 -0.999919139583013E+00
 0.102276621404648E+00  0.226255409361923E+00  0.968683633829187E+00 -0.718872818388925E+00 -0.153084831521442E+00 -0.678075884646856E+00
 0.416435546314378E-01  0.337317418820544E-01  0.998562959430832E+00  0.509375020041071E+00 -0.218281747335307E+00 -0.832400244917314E+00
-0.111685923062502E+00 -0.204146621482755E+00  0.972548410891125E+00 -0.470659999662786E-01 -0.633560556870043E-01 -0.996880535397777E+00
-0.309574388161549E+00 -0.163975072037026E+00  0.936630062481904E+00 -0.341306907100538E-01  0.246106545753380E+00  0.968641659278081E+00
-0.886190737194400E-01 -0.175270780557124E+00  0.980523744361147E+00  0.107746375613217E+00  0.665054669626367E+00 -0.738981058587011E+00
 0.493812631782076E+00  0.530473025869150E-01  0.867948770596924E+00 -0.574286288352982E+00  0.571811328462428E+00 -0.585855838625671E+00
 0.422322943733150E+00 -0.242113402386299E+00  0.873512696863358E+00 -0.593948650679879E+00  0.801811755472863E+00 -0.657488337621036E-01
-0.477809498138098E+00  0.716479105944874E-01  0.875536784148138E+00 -0.673410080957001E+00 -0.598724354880558E+00  0.433645027341885E+00
 0.389963560217678E-01 -0.278369849978889E+00  0.959681984221729E+00  0.533078278201161E+00 -0.995249517056735E-01  0.840191843151354E+00
 0.643620884778283E-01  0.304197576928047E-01  0.997462861418250E+00  0.249721223179263E+00 -0.513494258489165E+00 -0.820952469508750E+00
 0.229913946414272E+00  0.151286816948903E+00  0.961380193399929E+00  0.567986128627415E+00  0.822805820047842E+00 -0.195535209678465E-01
 0.377275221783872E+00  0.292686129283900E+00  0.878634302057880E+00 -0.417968519383619E+00 -0.505637384346955E+00 -0.754740453636238E+00
-0.227338554704943E+00  0.295738860011145E+00  0.927823101794720E+00  0.326131919507850E+00 -0.473221221242448E+00 -0.818351786729846E+00
 0.684586783316328E-01 -0.682732381392490E-01  0.995315113074783E+00  0.144762878506822E-01 -0.336538768954428E+00  0.941558332808277E+00
 0.117969194624548E+00 -0.151425161967844E+00  0.981403937959619E+00  0.744768467761899E-01  0.246166679464707E+00 -0.966361818997210E+00
 0.210385567488611E+00 -0.420790091949553E+00  0.882424847513703E+00 -0.366568407193163E+00  0.465982379818417E+00 -0.805287541531987E+00
-0.130484971289009E+00 -0.254026690434519E+00  0.958354899196843E+00 -0.186984524870050E-01  0.799434789853542E+00 -0.600461809482014E+00
-0.100661446121686E-01  0.122139392635426E+00  0.992461909344281E+00 -0.301430696663064E+00  0.157893861662773E+00  0.940323914169174E+00
 0.110770320074693E+00  0.682689994418182E-01  0.991498502220635E+00  0.530604660207315E+00  0.565301106516269E+00  0.631580045233984E+00
-0.320427167069509E+00  0.611633558574616E-01  0.945296500841964E+00 -0.899290117537233E+00  0.292840588470439E+00  0.324840998404074E+00
-0.321567872581336E+00 -0.162408970690077E+00  0.932854452507412E+00  0.872021601845085E+00  0.114458358868127E+00 -0.475896637938058E+00
 0.260692812616090E+00  0.263939445303182E+00  0.928641602914365E+00  0.801905815616605E+00  0.443898464838471E+00  0.399876500677793E+00
-0.120657601058859E+00  0.264404267904699E+00  0.956834429993247E+00 -0.760510333498234E+00  0.201824085927310E+00  0.617163731097357E+00
 0.307208409855574E-01 -0.263959455160586E+00  0.964044415968718E+00 -0.144973433260366E-01 -0.100115337191430E-01  0.999844786068857E+00
-0.180587696424046E+00 -0.238604015272307E+00  0.954178289312951E+00 -0.142861290798618E+00  0.454401755002512E-01  0.988699065460193E+00
-0.477105088932954E-02 -0.106002703127659E+00  0.994354395576869E+00  0.101792104799169E+00  0.449355644558119E+00 -0.887534715999500E+00
 0.942209499406598E-01  0.175702734388334E+00  0.979923957111337E+00  0.296562291294096E+00 -0.331844073667224E+00 -0.895505621509066E+00
-0.479715721192773E+00  0.247525592676490E+00  0.841786141374785E+00 -0.464207480578527E+00 -0.216407794509782E+00  0.858882460788639E+00
 0.105320857105602E+00 -0.271168213594905E-01  0.994068506219717E+00 -0.125429724774623E+00 -0.379875328236651E+00  0.916494473054835E+00
-0.366511830314014E+00  0.249364249189758E-01  0.930079164884437E+00 -0.857564036553381E+00  0.505593484841195E+00  0.946527933893478E-01
 0.868687866155298E-01  0.249983200911423E-01  0.995906068816013E+00 -0.228428105844438E+00  0.398240542890791E+00 -0.888383402849451E+00
-0.410809233395820E-01 -0.231174557759347E+00  0.972044588268634E+00  0.484717331237517E+00  0.814122586330366E+00 -0.319771048134029E+00
-0.194523834594783E+00  0.476555686443387E+00  0.857353576707425E+00 -0.628111249293699E+00  0.672643188812037E+00  0.391187166271446E+00
-0.255303182104823E+00 -0.556112040424792E-01  0.965260420400680E+00  0.415811128744349E-01 -0.101072271547005E+00  0.994009762012653E+00
 0.277589504975616E+00  0.168457229076308E+00  0.945815113380689E+00 -0.740403122866993E+00 -0.886353619365002E-01 -0.666293470073953E+00
 0.552194098678371E+00 -0.975212267534089E-01  0.827992323465195E+00 -0.640718687670032E+00 -0.739426547951170E+00 -0.206707386068830E+00
-0.130445035981054E+00  0.156703554146984E+00  0.978993405853995E+00  0.354954438385770E+00 -0.901197325445224E+00 -0.248698064489088E+00
-0.135773138731783E-01 -0.909480013533866E-02  0.999866461663000E+00  0.653492332424471E+00 -0.148210894163465E+00  0.742281147755815E+00
-0.201786970476558E+00  0.323708831057941E-01  0.978894347962457E+00 -0.932077553203053E+00  0.220122552243977E+00  0.287710786743577E+00
-0.280313561376872E+00 -0.335198645923521E+00  0.899481058766249E+00  0.212360391234075E+00  0.885281674416024E+00 -0.413738348691624E+00
 0.404748012282295E-01  0.150449949559500E-02  0.999179426803216E+00 -0.802990085257952E+00  0.595782811216928E+00  0.158039500088386E-01
-0.203292368231277E+00  0.207513022557812E+00  0.956875414297933E+00 -0.421109642807732E+00  0.895149788086214E+00  0.146196872824113E+00
-0.373863081447634E+00  0.255650832874544E+00  0.891554287736328E+00 -0.527004054651705E+00  0.603642262981512E+00  0.598233018750404E+00
 0.229611776916221E+00 -0.392411889187304E+00  0.890669041297510E+00 -0.345800964945702E+00  0.459877046539446E+00 -0.817884340667296E+00
-0.809534874761484E-01 -0.129833240135236E+00  0.988225613218680E+00 -0.135063221438975E-01 -0.166040939639405E+00  0.986026361526815E+00
-0.571572691688487E-01 -0.253039860364362E+00  0.965765952831194E+00 -0.692629153489554E+00  0.583483869109975E+00 -0.424041778867126E+00
-0.166561311750053E+00 -0.332177243576229E-01  0.985471416235196E+00  0.243804817495089E+00 -0.164019859595289E+00  0.955853909666393E+00
-0.240808420837631E+00  0.102238214857198E+00  0.965172861137579E+00 -0.568451797986918E+00 -0.532465608345225E-01  0.820991691264129E+00
 0.832012140050377E-01 -0.263600902994660E+00  0.961037003412714E+00 -0.397830776803761E+00  0.304875965121672E+00 -0.865321511878010E+00
 0.456167837209899E-01 -0.199236366216473E-01  0.998760310458281E+00  0.461877362392090E+00  0.113751207582496E+00 -0.879619215844703E+00
 0.293921528290666E+00  0.214326435501535E-01  0.955589230264621E+00  0.900748250318916E+00  0.126069615977185E+00  0.415642925447765E+00
 0.329938706597387E+00 -0.764826599584937E-01  0.940898959832838E+00 -0.527357437599481E+00  0.570310662006763E+00 -0.629793523156532E+00
 0.295771092281880E+00  0.315275170542876E+00  0.901732237313020E+00 -0.642569374447163E+00 -0.510744870587554E+00 -0.571177972431609E+00
-0.455721379788103E+00 -0.412413111550084E-01  0.889166563844054E+00  0.986551662916223E+00 -0.163361596080479E+00  0.536705908988392E-02
 0.203360268890519E+00  0.220001518962550E+00  0.954067048320477E+00  0.320413835829698E+00  0.861772287857849E-01  0.943349595350367E+00
 0.239061431532132E-01  0.271255831700267E-01  0.999346135759389E+00 -0.955035831461801E-01 -0.104739160228101E+00 -0.989903416460895E+00
-0.148137488471980E+00 -0.101335524190528E+00  0.983761351165131E+00 -0.344431770492020E+00 -0.484222476903384E+00  0.804298046956030E+00
-0.281388598299409E+00  0.936944141103349E-01  0.955008802845091E+00 -0.437056863651418E+00  0.732972216934515E+00  0.521280181032512E+00
-0.166561154861579E+00 -0.328619422105128E+00  0.929659430709154E+00 -0.983408915063782E+00  0.399040562367056E-01  0.176959238439063E+00
-0.202652267144492E+00  0.100653609413910E+00  0.974064119826385E+00 -0.290812758930779E+00  0.485171250327326E+00  0.824643436340148E+00
 0.289140564887963E+00  0.319563084279645E+00  0.902373076339244E+00  0.366714854548298E+00  0.822956310501473E+00  0.433892989640792E+00
 0.432585048001907E+00 -0.313376678035536E-03  0.901593077857325E+00 -0.926792166428819E+00 -0.360028419386388E+00  0.106938381698600E+00
-0.305267324614404E+00 -0.279850296220688E+00  0.910217376360151E+00  0.330703936331681E+00  0.453352945453423E+00 -0.827711310387527E+00
-0.132680376849973E-02  0.451927912654667E+00  0.892053474493181E+00  0.203066885562783E-01  0.895480204444387E+00  0.444637877208091E+00
 0.262875537717039E+00  0.210155209834315E+00  0.941664079940120E+00  0.924793067711518E+00  0.368645031578464E+00  0.941202560835521E-01
 0.926881255076623E-01 -0.218106929682824E+00  0.971513396003476E+00  0.720681686270334E+00 -0.522923973187027E+00  0.455157582976315E+00
-0.344484644036522E+00 -0.222941632874091E+00  0.911936049487279E+00 -0.893751523160628E+00  0.140184707387953E-01  0.448343280674755E+00
-0.109412191112434E-01  0.202206046827504E+00  0.979281881967982E+00 -0.145768382177950E+00 -0.623218185051513E+00 -0.768342809283929E+00
-0.216718447641441E+00  0.179271997313832E+00  0.959632567929514E+00 -0.268455556027197E-01  0.535445769455683E+00  0.844142845800634E+00
-0.479914206850734E+00  0.489425025959464E+00  0.728110910526280E+00  0.473855742718650E+00 -0.874353005734769E+00  0.104726102071696E+00
-0.981093529991664E-01 -0.315813761142396E-01  0.994674404786217E+00  0.463454866475462E+00  0.195773227192202E+00 -0.864223599686425E+00
-0.218961950466027E+00 -0.337952396705244E+00  0.915338102456843E+00  0.273932026958292E+00 -0.846823244064930E+00  0.455907488332743E+00
-0.127420908058529E+00 -0.399413154223288E+00  0.907872812911007E+00  0.384001374524783E+00  0.291375807252109E+00 -0.876152431550161E+00
 0.372866894066897E+00  0.219026444857862E+00  0.901663848538817E+00 -0.548579325501125E+00 -0.351748395624621E+00 -0.758507606954760E+00
-0.327044846784984E-01  0.328979466069113E-01  0.998923491460163E+00 -0.533578521233634E+00  0.797997483606182E-01  0.841977411715843E+00
 0.366042807420918E+00  0.234254343114534E+00  0.900631759304207E+00  0.578865261753796E+00  0.157662107284701E+00  0.800036042101390E+00
-0.214396410591654E-01  0.599467501138517E-01  0.997971306672713E+00  0.164973032877330E+00 -0.206443422113801E+00 -0.964450626983672E+00
 0.973959256534318E-02  0.177540683935405E-01  0.999794945672431E+00  0.703044515718472E-01  0.359093975071719E+00 -0.930649666177544E+00
 0.259490806882581E+00  0.158861304263044E+00  0.952589947013547E+00 -0.192955429422969E+00  0.441727786638724E+00  0.876153391117932E+00
-0.308358341885800E-01  0.193951004858579E+00  0.980526470343479E+00  0.138773158669739E+00 -0.297029323276002E+00 -0.944730433270266E+00
-0.940269145798131E-01 -0.239429332338503E+00  0.966350109510285E+00  0.225202091824199E+00 -0.950850664671770E+00  0.212525366324254E+00
 0.199680961210321E-01  0.230630145272618E+00  0.972836579919172E+00 -0.201035950900804E+00 -0.194411924294028E+00 -0.960098198174386E+00
 0.298055697300716E+00 -0.356690181889302E+00  0.885400991331250E+00 -0.158948228014651E-02 -0.786514731759879E+00  0.617569469995698E+00
-0.101208794438015E+00 -0.484398009800582E+00  0.868973732646528E+00 -0.852418441442561E+00 -0.513584862671778E+00 -0.980478940265762E-01
 0.128572788146473E+00 -0.823478321970897E-01  0.988275200883176E+00 -0.674463839168053E+00 -0.737643473060251E-01 -0.734613742534950E+00
-0.884973246869967E-01  0.351152317682287E+00  0.932126747448866E+00 -0.665465177853271E+00  0.112771190392434E+00  0.737860932481309E+00
-0.317393573612754E-01 -0.680057598005123E+00  0.732471348647711E+00 -0.282574883873221E-01 -0.823246026949709E+00  0.566981034481365E+00
 0.583487106132593E-01 -0.316684532334279E+00  0.946734564146672E+00  0.796570567087310E-01 -0.922769037005601E+00  0.377030579211101E+00
-0.226190012540412E+00 -0.227165065153377E+00  0.947224425044472E+00 -0.433678961318199E+00 -0.290532197702161E+00  0.852944078242132E+00
 0.414368565177516E+00 -0.115061525725201E+00  0.902806478427418E+00 -0.802735219384979E+00  0.343628207551864E+00 -0.487376468998702E+00
 0.301168142235325E+00 -0.111286442468529E+00  0.947054949739043E+00 -0.560887769509303E+00  0.350419865766232E+00 -0.750073881488520E+00
 0.213732457167865E+00 -0.155255008866150E+00  0.964476188910311E+00 -0.877416994212651E+00 -0.254647363694556E+00 -0.406563818397861E+00
-0.238671751135497E+00 -0.125709030124721E+00  0.962929402892557E+00  0.698145865866544E+00  0.711468861951410E+00 -0.800275480507782E-01
-0.242660476587537E-01 -0.126897548679377E+00  0.991618964658395E+00 -0.115564268659631E+00  0.376415504992806E+00  0.919215027841786E+00
-0.169859219173931E+00  0.901972479256836E-01  0.981331902124992E+00 -0.805755143828042E-01  0.156201094858481E-01  0.996626107756363E+00
-0.574059717758741E+00  0.575475057952311E-02  0.818793211557425E+00 -0.945377299075807E+00  0.139359678064114E+00  0.294687364035173E+00
-0.820798213543986E-01 -0.896930315933265E-02  0.996585397508546E+00 -0.208643122537565E-01  0.143984875541393E-01  0.999678630375948E+00
 0.943672377866532E-01 -0.371561744507125E+00  0.923599856242593E+00 -0.910009758308156E+00  0.413174004477576E+00 -0.341976871717480E-01
 0.711106674003410E-01  0.398918936005786E+00  0.914224783889548E+00 -0.234137383912882E+00 -0.712080700301587E+00 -0.661906913177701E+00
 0.130863257720938E+00  0.169206519725785E+00  0.976854114727962E+00  0.698331454826809E-02 -0.552276494556727E+00 -0.833631757359359E+00
-0.145201410517968E+00 -0.748179212670022E-01  0.986569221616445E+00  0.215520485217512E+00 -0.797977915541734E+00  0.562834049040459E+00
-0.402401199435136E+00  0.207148741637455E-01  0.915229025261734E+00 -0.553815778545967E+00  0.681963184589411E+00  0.477717801948173E+00
-0.158901723763266E+00  0.600239978238469E-01  0.985468092771301E+00  0.519493076789301E+00 -0.493782750220649E-01 -0.853046733258987E+00
-0.163729440691290E-01 -0.408586614480494E+00  0.912572684869473E+00 -0.333267602728201E+00 -0.467919820791310E+00  0.818525348588806E+00
-0.570924078304367E+00  0.974373539975306E-02  0.820945038618767E+00 -0.602546414185494E+00 -0.615991223442324E+00  0.507437317699666E+00
 0.584117066882448E-01  0.241150805981301E+00  0.968728218488723E+00  0.109092863556492E-01 -0.742604925153020E+00 -0.669640883317086E+00
 0.150363025272369E+00  0.134322564545194E+00  0.979463327177155E+00  0.208327000709664E+00  0.965177298633633E+00  0.158217075493128E+00
-0.275851199932639E+00  0.367052643960183E+00  0.888357175947582E+00  0.781368410206748E+00 -0.431309991957401E+00 -0.451037801485292E+00
 0.408857922880406E-01  0.282472081479763E+00  0.958403816339162E+00 -0.178154560654246E+00 -0.935228664452312E+00 -0.305954731463393E+00
-0.218355432527638E+00  0.351624973856162E+00  0.910319055521921E+00  0.277329710698333E+00 -0.655276275378286E+00 -0.702638765291483E+00
-0.220190573093003E+00  0.392383273568869E-01  0.974667361301900E+00 -0.185691576530220E+00 -0.220532735454341E+00  0.957540574074408E+00
-0.636988410864041E-01 -0.155861670745845E+00  0.985722880548363E+00  0.229232817460111E+00 -0.343696671973872E+00  0.910672780461448E+00
-0.309612019015026E+00  0.120167013867975E+00  0.943239251971361E+00  0.387868424882206E+00 -0.555379179098156E+00 -0.735603189500736E+00
 0.382237380943286E+00  0.209532279358659E+00  0.899994893605726E+00  0.716425638853009E+00  0.307859010764598E+00  0.626064799749276E+00
-0.314989335075056E+00 -0.212521536285038E+00  0.924995305611883E+00  0.262620907045653E+00  0.908952868746823E+00 -0.323782244076849E+00
-0.246775360680789E+00 -0.210074115147797E-01  0.968844987612732E+00 -0.614583628643971E+00  0.687679213646954E+00  0.386502603510916E+00
-0.132627490082527E-01  0.247839889010353E+00  0.968710219262747E+00  0.417654203073040E+00 -0.186010722527232E+00 -0.889362118464870E+00
 0.706571985264836E-01 -0.464203269666298E-01  0.996419948385569E+00  0.109647507015279E-01 -0.290698430650338E-01 -0.999517242705811E+00
-0.165802219313089E+00  0.187939768874666E+00  0.968084845117509E+00  0.941568256975375E-01  0.765854349900180E-01  0.992607255324055E+00
-0.638188885023733E-01 -0.297018847510514E+00  0.952736560489755E+00 -0.543117422250094E+00 -0.836993660244452E+00  0.668212418248049E-01
-0.199505090212227E+00 -0.161246238313403E+00  0.966538860889301E+00 -0.346617152357145E+00 -0.861669232626587E+00  0.370651700706381E+00
 0.408162888080637E+00  0.145287711778732E-01  0.912793498882269E+00  0.449482998641441E+00  0.193374496764113E+00  0.872107411924428E+00
 0.124491962879769E+00 -0.635745139428878E-01  0.990181817827043E+00  0.112850068445127E+00 -0.303205022965675E-01 -0.993149298540967E+00
-0.118046886434917E+00 -0.297087057515020E+00  0.947525309878364E+00 -0.382672152922446E-01  0.416729351929310E+00 -0.908224789066206E+00
-0.732892632061940E-02 -0.729160006449443E-01  0.997311156905874E+00 -0.440650544966141E+00 -0.820890408309379E+00  0.363271296370500E+00
 0.396877695306375E+00 -0.264850763695793E+00  0.878829999452713E+00  0.565334676088716E+00 -0.145912579524741E+00  0.811853572479732E+00
 0.105796312356223E+00 -0.207331738549095E-02  0.994385660418956E+00 -0.169786177705116E+00 -0.120570259462629E+00 -0.978077433741011E+00
-0.153156831584925E-01 -0.424518051331992E+00  0.905289928112909E+00  0.700202367665555E+00 -0.629535830753302E+00  0.336751068466458E+00
 0.760254698760476E-01  0.267239935753280E+00  0.960626329364706E+00  0.455791832065163E+00  0.594006558379642E+00  0.662880090532711E+00
 0.403610921745036E+00  0.136379188748743E+00  0.904709312831673E+00 -0.713544513999796E+00  0.329030636010185E-01 -0.699836848805821E+00
-0.249995607116575E+00  0.119865216037226E+00  0.960798900086154E+00 -0.483407171950846E+00  0.417218094576730E+00  0.769575576317394E+00
 0.686587069267589E+00 -0.191421871935587E+00  0.701395653863936E+00  0.868887967155949E+00  0.111526110477743E+00  0.482281688656441E+00
-0.221615207531951E+00  0.273725310191948E+00  0.935927964295806E+00  0.868303017586374E+00 -0.369301593139743E+00 -0.331158878719632E+00
-0.523649785042857E-01  0.482257686895149E+00  0.874462939441567E+00  0.177294748109146E+00 -0.644000065245865E+00 -0.744197882458850E+00
-0.540815490590887E+00  0.383702975710901E+00  0.748525638550570E+00 -0.424631545431853E+00  0.751667370163112E+00  0.504662476568475E+00
 0.275752102790340E+00 -0.192348990086582E+00  0.941786941839489E+00  0.583316417454430E+00 -0.261312221101191E+00  0.769062988467974E+00
 0.521407552870090E-01  0.137004901608579E+00  0.989197148486248E+00 -0.893955797729421E-01 -0.263277502941814E+00 -0.960569303466326E+00
 0.598677143086882E-01  0.257117541636177E+00  0.964523937788183E+00 -0.117712634438239E+00 -0.241681630415008E+00 -0.963189350654145E+00
-0.164105770192884E+00  0.643677835939993E-01  0.984340431265828E+00 -0.565785942071112E-01  0.771297766858058E-02  0.998368355194129E+00
 0.236719070861993E+00 -0.203204761175103E-01  0.971365615893723E+00 -0.925561946649988E+00 -0.559778089057825E-01 -0.374434998128638E+00
-0.589528108209720E-01 -0.175228696396581E-01  0.998106965778668E+00 -0.206568101447352E-01 -0.155988589351001E-01  0.999664929761251E+00
-0.493969715308956E+00 -0.478574572825989E-01  0.868161035833809E+00 -0.813649537545206E+00  0.229216050328915E+00  0.534260640815028E+00
-0.208345949319955E+00 -0.602241463305599E-02  0.978036653670993E+00  0.885005987878149E+00 -0.464890258572131E+00  0.253268415827602E-01
 0.464729112333312E+00 -0.277908985716071E+00  0.840710085468324E+00  0.810713815021270E+00 -0.308307029949950E+00  0.497684523987935E+00
-0.305518026649303E+00  0.189884856223065E+00  0.933060810863612E+00 -0.954106915251466E+00  0.245111351216552E+00  0.172047725280308E+00
 0.171441292833122E+00  0.150897681686546E+00  0.973569603455928E+00  0.884337327366061E+00  0.317706680781712E+00  0.342067181140956E+00
-0.188836088847895E+00  0.241252906616791E-01  0.981712229677883E+00 -0.243369592740298E+00 -0.333522986337752E+00  0.910787384033051E+00
 0.112247971512698E-01 -0.223857210460871E+00  0.974557311425854E+00 -0.268626263972156E+00 -0.846693459868566E+00  0.459293060387546E+00
 0.367387100992346E+00  0.222198600815565E+00  0.903135925439823E+00  0.764204532616132E+00  0.193897615426007E+00  0.615138315390179E+00
-0.198479287816644E+00 -0.185455917687826E+00  0.962399124533249E+00  0.526256674762789E+00  0.456938425894136E+00 -0.717120064709530E+00
-0.115074851542244E+00 -0.306282555394037E+00  0.944959668347718E+00  0.100244697746748E+00 -0.764619792132070E+00  0.636637710203828E+00
 0.116756169034647E+00  0.472273130138999E+00  0.873685348132304E+00  0.456559682363356E+00  0.837459818502351E+00  0.300356969012343E+00
 0.199378092177734E+00  0.912137562637445E-02  0.979880184954390E+00 -0.238075392574253E+00 -0.237308879849436E+00 -0.941809217939186E+00
 0.127586546752491E+00  0.586434367893773E-02  0.991810104082929E+00 -0.292922650900872E-01  0.405887477644691E+00 -0.913453512061299E+00
 0.783695331505900E-02  0.472436796212852E+00  0.881329708875670E+00 -0.149668447671098E+00  0.956319958651154E+00  0.251100562438992E+00
-0.416278658231821E+00 -0.198412847265018E+00  0.887324304153168E+00  0.960012753595955E+00  0.888657711282442E-01 -0.265477659427106E+00
-0.190438049850652E+00  0.749971644996473E-01  0.978830309341764E+00 -0.259332077189685E-01 -0.109139126739779E+00  0.993688140088168E+00
-0.696185854646948E-03 -0.462617897415607E-01  0.998929107662382E+00  0.885498728142740E-01  0.989160161657745E+00  0.117137076170609E+00
 0.230479353576817E+00  0.444319726342884E+00  0.865713144382940E+00 -0.535417058383880E-01 -0.898567658582634E+00 -0.435556481624643E+00
 0.804926563852318E-01 -0.149959564227529E+00  0.985410098063105E+00  0.968818377532945E+00 -0.162969974442657E+00  0.186632630546191E+00
-0.215966244112100E+00  0.130320146425956E+00  0.967664839104754E+00 -0.392790820018057E+00 -0.142572899585248E+00  0.908508855220133E+00
 0.677524061553162E-01 -0.253127238809701E+00  0.965057621301828E+00  0.218692638031693E+00 -0.845970177281239E-01  0.972119784112147E+00
-0.687381599628302E-01 -0.350796675348312E+00  0.933925456302319E+00  0.731835067869619E-01  0.282565389634034E-01  0.996918122184652E+00
-0.246935471607139E+00  0.175096147777904E+00  0.953081429834565E+00 -0.639114625073147E-01  0.121037062775780E+00  0.990588387976958E+00
-0.503351782899022E+00  0.302568387865622E+00  0.809375903592870E+00  0.456206585938539E+00 -0.876099392798303E+00 -0.155966037600327E+00
-0.334343691423340E+00 -0.785509982469659E-01  0.939171995259558E+00  0.751431033256352E+00  0.487188262588463E+00 -0.444970784496383E+00
-0.378833704650419E+00 -0.265711963283121E+00  0.886499958707878E+00  0.402658553317018E+00  0.417942501830213E+00 -0.814364878051938E+00
-0.948312551989644E-01  0.515094913841313E+00  0.851871036467492E+00 -0.293364326828841E+00 -0.953219076058879E+00 -0.728749942141933E-01
 0.148810646265945E+00 -0.151935937092913E+00  0.977123770347242E+00 -0.243575007641455E+00 -0.194295888673326E+00 -0.950221197036305E+00
 0.154367349591043E+00 -0.324952133548678E+00  0.933047068631802E+00  0.488536496008242E+00 -0.604837728459333E+00  0.628890621889167E+00
-0.151877423532152E+00 -0.187576785073778E+00  0.970437116933715E+00 -0.755055284894915E-01  0.324037657995612E+00 -0.943026251685626E+00
 0.431151658834635E+00 -0.487771744809004E+00  0.759069807099533E+00  0.603977606607893E+00 -0.690077061717498E+00  0.398753933657771E+00
-0.962433551954715E-02 -0.271319842823172E+00  0.962441122903742E+00  0.390862983078044E-01  0.115722120235005E+00  0.992512293209967E+00
-0.109814782550554E+00 -0.320686853807928E-01  0.993434604265083E+00 -0.711102694101035E+00  0.518803717701007E-02  0.703069017033534E+00
 0.674870615335790E-01 -0.159056129293374E+00  0.984960224709492E+00  0.250592959855587E+00 -0.162350486362260E+00  0.954382254680353E+00
 0.229649253119694E+00  0.329106561733992E+00  0.915942187894627E+00 -0.519279274758542E+00 -0.662418951581014E+00 -0.539953856725325E+00
-0.177582819284452E+00  0.179031825100787E+00  0.967683805742386E+00 -0.352983170737107E+00 -0.389419030354771E+00  0.850738326381225E+00
 0.927610849902795E-01 -0.484842571906138E-01  0.994507243772563E+00  0.659699511060061E-01  0.187979291056558E+00 -0.979954974315119E+00
 0.340160855742865E+00  0.404816382597403E-01  0.939495518448113E+00  0.835295825971905E+00 -0.292145644376711E+00  0.465759385934014E+00
 0.221922025038409E+00  0.398686900796033E+00  0.889831090677611E+00 -0.461454460436739E+00  0.858068799078281E+00  0.225339115537883E+00
-0.227020218527495E+00  0.396776771315946E-01  0.973081446908310E+00 -0.586780255836872E-01  0.272632716920518E-01 -0.997904606327802E+00
 0.178258698072409E-01  0.543309142639073E-01  0.998363856577783E+00  0.385876891644804E-01 -0.654516991191136E-01  0.997109354748699E+00
 0.122309689847749E+00 -0.128290549442478E-01  0.992409066423007E+00 -0.238815825608900E+00 -0.173195691667394E+00 -0.955494769125709E+00
-0.138795632143678E+00 -0.338143970065775E+00  0.930803109151443E+00  0.435992017099659E+00  0.131231992744680E+00 -0.890330907643686E+00
 0.254260346292036E+00 -0.158960421218824E+00  0.953982840930270E+00  0.343410297839193E+00 -0.229170818954912E+00  0.910796411432067E+00
 0.154528940250974E-01  0.249019316398773E+00  0.968375231057950E+00  0.741343322877716E+00 -0.664274326762922E+00 -0.956540455406589E-01
-0.670331284722429E-01 -0.145634607131463E+00  0.987064902067178E+00  0.480191714051023E+00 -0.868677384594061E+00  0.121719017624863E+00
-0.238505025337414E+00 -0.210917551465450E+00  0.947960515724478E+00 -0.103149849963871E+00 -0.928686416654223E+00  0.356232575678263E+00
 0.852674715662837E-01  0.220141942897787E+00  0.971734008497120E+00 -0.533046441636076E+00 -0.584526512913221E+00 -0.611710917640537E+00
 0.787511184362079E-01  0.117130742736588E+00  0.989989217340786E+00 -0.394806911789126E+00 -0.286014977055876E+00 -0.873111066991629E+00
 0.370306179148426E-01 -0.550492726880231E-01  0.997796728253488E+00 -0.189945969720182E+00 -0.260954430321243E+00 -0.946479431304651E+00
 0.172189892206484E+00  0.385494703344998E+00  0.906501227089556E+00 -0.479514930705850E+00 -0.588704894024461E+00 -0.650762613386642E+00
 0.139509906179640E+00 -0.602852908400162E+00  0.785560536757807E+00 -0.219290637671363E+00  0.926283044097008E+00 -0.306449569175853E+00
 0.515640207777437E-01  0.108916899081027E+00  0.992712577162094E+00 -0.934613752817677E-02  0.513920703369293E-01  0.998634820552432E+00
 0.106507644413823E+00 -0.858688723101389E-01  0.990597122169050E+00  0.796065353486576E+00 -0.721426748808068E-01 -0.600895487950554E+00
 0.104474095790487E+00  0.300800157515893E+00  0.947947481956239E+00  0.254011696416412E+00  0.296448068273324E+00  0.920650096888428E+00
-0.883383262909453E-01  0.427664528830881E+00  0.899610688513634E+00 -0.497352499355415E-01  0.770468761788698E+00  0.635534650527915E+00
 0.475164039821035E+00  0.258568543286313E+00  0.841047824849305E+00 -0.974594597941649E+00 -0.223806161584411E+00  0.872763999077917E-02
 0.197255736671182E-01 -0.249552967565179E-02  0.999802317498385E+00  0.104554551652553E+00 -0.175958518596243E+00  0.978829375050703E+00
-0.131439693415804E+00  0.356123757204890E+00  0.925148353805503E+00  0.246375053302012E-01 -0.975184114022208E+00 -0.220020310630237E+00
-0.308772618035183E+00 -0.280835223741377E+00  0.908730459188988E+00 -0.855867542671496E+00  0.119212277821562E+00  0.503268499131477E+00
-0.429723208148438E+00  0.201668544622329E+00  0.880152124628763E+00 -0.621724951937429E+00  0.765388543697030E+00  0.166248191917204E+00
 0.272500713759873E+00  0.101487234271125E+00  0.956788222273016E+00 -0.914730155664481E-02  0.495883783960956E-03  0.999958039606415E+00
 0.140785275325404E+00  0.271273693687207E+00  0.952150245163467E+00  0.366046175852555E+00  0.701537115393523E+00  0.611437546172178E+00
 0.351048820943343E+00  0.128913525355202E+00  0.927440579387587E+00  0.226311453220089E+00 -0.269076675545510E+00  0.936152161146246E+00
 0.167214341017572E+00  0.361760865419228E+00  0.917152353978983E+00 -0.529092307892505E+00 -0.610873926675338E+00 -0.588977398069939E+00
-0.180963277344999E+00 -0.578688056954111E+00  0.795218476263745E+00  0.469632115695125E+00  0.805237933844922E+00 -0.361991085256091E+00
 0.302600248297550E+00  0.365177118354723E+00  0.880385575733952E+00 -0.229919588651057E+00 -0.556716958127470E+00 -0.798250093196252E+00
 0.252858739140456E+00  0.514759086436670E-01  0.966132852598237E+00 -0.696624486126062E+00  0.936532646910099E-01 -0.711296978302535E+00
 0.417006897748845E-02 -0.282091197154134E-01  0.999593345360804E+00 -0.533073431760836E-01  0.355739208971314E+00  0.933063739711265E+00
 0.221823284137793E+00 -0.175656399539619E+00  0.959134641181884E+00 -0.545006731409114E+00  0.668019998234514E+00 -0.506672423442912E+00
-0.157640836634832E+00 -0.106642227572743E+00  0.981721346372479E+00 -0.659414022148435E+00 -0.660113220341027E+00  0.359755032939112E+00
-0.880536816939284E-01  0.628833525636653E-01  0.994128881539259E+00  0.560669893985007E+00 -0.498457082438852E+00 -0.661203302279555E+00
 0.325265211489978E-02 -0.621996566020148E-01  0.998058426632835E+00 -0.696851993328036E-01 -0.926278704318892E-01 -0.993259306834424E+00
 0.615218315278037E-01 -0.125998281617385E+00  0.990120950831226E+00  0.129376836169888E-01  0.146550873859279E+00 -0.989118525614453E+00
-0.188871186163230E+00 -0.131707726646468E+00  0.973129359221534E+00  0.345804219780711E+00  0.297257495686863E+00 -0.889976079925651E+00
 0.128608633881654E+00  0.651707111512334E-01  0.989551715525337E+00  0.163625021674564E+00 -0.112379971432084E-01  0.986458595026779E+00
-0.387038549097948E+00 -0.704695973979047E-01  0.919366737137434E+00 -0.537096738348211E+00 -0.118218916619306E+00  0.835195415102999E+00
 0.504439039283960E+00  0.371984717921476E+00  0.779210257426810E+00  0.599881789945950E+00  0.795400274401680E+00  0.864883898160680E-01
 0.336701398180454E+00  0.132831625792516E+00  0.932195219711325E+00  0.426802083101786E+00  0.161933696196387E+00  0.889728868755057E+00
 0.111984996070482E-01 -0.790937944124315E-01  0.996804276321082E+00  0.547757072000258E-01 -0.618709734237202E-01  0.996579953916563E+00
 0.266382541526970E+00  0.124762940922185E+00  0.955758625460466E+00  0.806187099997647E-01 -0.972577664093682E+00  0.218158912043608E+00
 0.301064912034209E+00 -0.124429279862647E+00  0.945450830585439E+00 -0.929051478288717E+00 -0.341936898277108E+00 -0.141217946048579E+00
 0.146041158861942E+00 -0.231582778061560E+00  0.961790724026569E+00  0.186028793796611E+00  0.507863735123349E+00 -0.841111000061905E+00
 0.934440638669143E-01 -0.137653732014408E+00  0.986062704390822E+00 -0.965040721667174E-01  0.947636811561553E+00 -0.304419837442789E+00
 0.400134728467042E+00 -0.299673420235227E+00  0.866076232371682E+00  0.865158235045974E+00 -0.499929170770808E+00  0.396491178281170E-01
-0.114662813247115E+00 -0.350830116499728E+00  0.929392634259087E+00  0.363182555539636E+00  0.924711608100206E+00 -0.114047679487268E+00
 0.395807989055731E-01  0.325985299556221E-01  0.998684482808624E+00 -0.857251698225253E+00  0.490030048289626E+00  0.158082502710412E+00
 0.144152906851550E+00 -0.163749671147214E+00  0.975912898083342E+00 -0.161409586409461E+00 -0.181414882933726E+00  0.970069887000555E+00
 0.194507105800263E+00 -0.262799884621928E+00  0.945041378160717E+00  0.401083902971784E+00 -0.225615912315893E+00  0.887822709152446E+00
 0.111216506025250E+00  0.545057464641997E-01  0.992300363997674E+00 -0.498569118791135E+00  0.220821415729750E+00 -0.838252191254482E+00
-0.650207501241100E-01  0.351028654911464E+00  0.934104483173240E+00 -0.230912041440046E+00  0.439171910059087E+00  0.868220975635261E+00
 0.215596635967316E+00  0.194773967338999E-01  0.976288236934179E+00  0.362592773931091E+00  0.928522495480875E+00  0.798276623666535E-01
-0.238261237088437E+00 -0.311597051724352E+00  0.919858065278431E+00 -0.405647891626640E+00 -0.742684765535097E+00  0.532793700282708E+00
 0.737982873851096E-01  0.723279436365255E-01  0.994646912903437E+00 -0.867682368646134E-01  0.719290389615136E-01 -0.993628444855258E+00
-0.110190655846460E+00  0.408516431639600E-01  0.993070572826993E+00 -0.294927702293041E+00  0.379437598067672E+00  0.876951971086663E+00
-0.246426155682778E+00 -0.203304479227440E+00  0.947597719774307E+00 -0.271389503181129E+00 -0.542110870053703E+00  0.795275764834260E+00
 0.159692623722159E+00 -0.353909095499731E-01  0.986532183686857E+00 -0.672354446412940E+00  0.153053049437123E+00 -0.724233568986378E+00
-0.424162667137389E+00  0.332008315594187E+00  0.842529827473905E+00  0.427317717788370E+00 -0.719904265501796E+00 -0.546934563340495E+00
 0.564222332649498E-01 -0.277937289676624E+00  0.958940766992731E+00  0.229194399254112E+00  0.349900114247639E+00 -0.908317035731487E+00
 0.198787459470697E-02 -0.414753687883148E+00  0.909931550580550E+00 -0.172577091482514E+00 -0.959539243920943E+00  0.222489520811791E+00
 0.387132671465458E+00  0.217472165234324E-02  0.922021455970387E+00 -0.948293077741978E+00 -0.109753906539858E+00 -0.297815914124627E+00
-0.786982091447045E-01  0.147948205773353E-01  0.996788696345169E+00  0.681525748981070E-01 -0.111421010061270E+00 -0.991433600929323E+00
 0.135034038922229E+00 -0.406879972635231E-01  0.990005199587878E+00 -0.135849976766785E-01 -0.993601210895927E+00 -0.112125293954003E+00
 0.873208273241661E-01 -0.717700838316744E-01  0.993591529846253E+00  0.911745063069279E+00  0.245651236005445E+00  0.329205726283418E+00
 0.251768884212314E+00  0.212322369466190E+00  0.944209532024936E+00  0.183575975454484E+00 -0.444977279499647E+00 -0.876524433182001E+00
 0.189186270076283E+00 -0.139818167647359E+00  0.971935921349941E+00 -0.133620826944875E+00  0.373747178796457E-01 -0.990327524140365E+00
-0.131064241321844E+00 -0.103924859085722E+00  0.985911653400416E+00  0.649277991495727E+00 -0.760199815026236E+00 -0.231156006487418E-01
-0.494783926851274E-01  0.688237347219891E-01  0.996401115111888E+00  0.719420822828316E-01  0.155463194539191E+00 -0.985218519893166E+00
-0.414473222849885E+00  0.400253575132555E+00  0.817318189650786E+00 -0.845320696549195E+00  0.421395500523194E+00  0.328418562393163E+00
 0.383951461945353E+00  0.890056385977782E-01  0.919053464803777E+00 -0.906386061121544E+00 -0.897897560348907E-01 -0.412797902024427E+00
-0.130781902027028E+00 -0.114903560238520E+00  0.984730047244779E+00  0.662450475285484E+00  0.309359718577456E+00 -0.682243308736489E+00
-0.194733731589112E+00  0.275700724052657E-01  0.980468594544949E+00  0.527784694712830E+00 -0.162431807524786E+00 -0.833702119423428E+00
 0.148675807545593E+00 -0.379268975193517E+00  0.913263679725809E+00  0.202764520837860E+00 -0.621889745553091E+00  0.756399162787285E+00
 0.599528752265334E-01 -0.126862915335547E+00  0.990106788919578E+00  0.929043659281436E+00 -0.369011478443786E+00 -0.266159336806147E-01
 0.213783503788593E+00 -0.718788761669102E-01  0.974233052543823E+00  0.611603520709883E+00  0.128271876481845E+00  0.780696777986884E+00
 0.151921344242760E+00 -0.360342411460864E+00  0.920365824912052E+00  0.468736307135165E+00 -0.604979597312555E+00  0.643650496161408E+00
 0.137890302425214E-02 -0.172000011618855E+00  0.985095982445144E+00 -0.389592188433037E+00 -0.104719793006594E+00  0.915014585492829E+00
 0.311287589683946E+00 -0.171913444851619E+00  0.934636723004189E+00  0.365133366615204E+00 -0.244535473275880E+00  0.898265009278436E+00
-0.228793748034632E-01 -0.885003078122488E-01  0.995813350847306E+00  0.111324964854070E+00 -0.222631071001723E+00 -0.968525765493549E+00
-0.260072461559109E+00 -0.246683579734295E+00  0.933546745604129E+00 -0.645070329670469E+00 -0.355341173789293E+00  0.676473887144862E+00
-0.238930215044683E+00 -0.112004909007169E+00  0.964555468958109E+00  0.258826631496214E+00  0.913214630398028E+00 -0.314718626165208E+00
-0.369633047020687E+00 -0.754687374809718E-02  0.929147165548512E+00  0.543474231437268E+00 -0.120892641408144E+00 -0.830674863600093E+00
-0.943413801737823E-01  0.190558954328754E-01  0.995357512070993E+00  0.100323089513685E+00 -0.647916552628844E-01  0.992843048582567E+00
-0.624307029231837E-01  0.180511858341764E+00  0.981589464251996E+00  0.915658715563587E+00  0.223320720053775E+00 -0.334210970207599E+00
 0.736032785900700E-01 -0.451130852871274E-01  0.996266714748952E+00 -0.845528311177610E-01  0.532048573778568E+00 -0.842481533263586E+00
-0.154499524464017E+00  0.147735149842214E+00  0.976884958652497E+00  0.904440761070808E+00 -0.465617286776476E-01 -0.424050604452119E+00
-0.869829329972991E-01  0.137087087325696E+00  0.986732537142535E+00  0.697645336698187E+00 -0.499317793930372E+00 -0.513782760364515E+00
 0.299396804365589E+00  0.535498498483304E+00  0.789685324453861E+00  0.304917707361999E-02  0.971148568246502E+00  0.238455783976701E+00
-0.429571962245294E+00 -0.226717933547739E+00  0.874109208200309E+00 -0.539543201814134E+00 -0.469998667264872E+00  0.698565949746620E+00
 0.160761543501150E-01 -0.297562747021394E-01  0.999427897037681E+00  0.482280814190294E-01 -0.602532136667113E-02 -0.998818175477933E+00
 0.166375168819954E+00 -0.739791860975394E-01  0.983283470431837E+00 -0.897839213505260E+00  0.385036804476757E+00 -0.213615088162293E+00
-0.190026560828539E+00  0.218606442185274E+00  0.957131720096442E+00  0.299508771776345E+00 -0.714761183439390E+00 -0.631989672603396E+00
-0.251465862546545E+00 -0.348220041611394E+00  0.903054662018796E+00 -0.479847632904989E+00 -0.768238184943836E+00  0.423740888267440E+00
 0.142364246220261E+00 -0.635296485789299E-01  0.987773458415225E+00  0.117168900819796E+00 -0.549779470422817E-01  0.991589065096876E+00
 0.190991986525018E+00  0.228059021241059E+00  0.954730927494128E+00  0.160287807228496E+00 -0.341836678441591E+00 -0.925988933047205E+00
 0.357998081531887E-01  0.644464874741741E-01  0.997278809555501E+00  0.588072405821189E-01  0.488372501204519E-01  0.997074035092575E+00
 0.144375430392304E+00  0.329152430635260E-01  0.988975389922877E+00 -0.250037155977882E-01  0.212344771958637E+00 -0.976874870199935E+00
-0.698947760390883E-01  0.335350717967470E+00  0.939497001720148E+00  0.617988360802478E-01 -0.127828227984381E+00 -0.989869106493126E+00
 0.178879638148944E+00 -0.939825016764715E-01  0.979371923446009E+00  0.108018743049865E+00 -0.994011680831726E+00 -0.165145245167324E-01
-0.143685948145720E+00 -0.336957062025382E+00  0.930491422129558E+00 -0.736072588728880E+00  0.671573565031233E+00  0.847708138052512E-01
 0.537861545475493E-01 -0.106834300645710E+00  0.992820971668371E+00  0.284221062744864E-01 -0.430182849921889E-01  0.998669920960501E+00
 0.790557609902803E-02  0.424857716893667E+00  0.905225619534955E+00  0.409251368058150E+00  0.389935247628621E+00  0.824902309609652E+00
 0.347112913968750E-01  0.303869515953106E+00  0.952081111840785E+00  0.412193866343216E+00  0.901002870871393E+00  0.135240686298685E+00
 0.160246940841262E+00 -0.155261903680518E+00  0.974789546115734E+00 -0.107128368936715E+00  0.189931182437001E+00 -0.975935273728254E+00
 0.290279503741137E+00 -0.866489942385494E-01  0.953010892647743E+00  0.585285459392233E+00 -0.709588150356341E+00  0.392333516154163E+00
 0.311082192679024E-01  0.278921895472509E+00  0.959809801429431E+00  0.107443794185716E+00  0.891651096165351E+00  0.439788760427214E+00
-0.167495083256762E+00  0.243638064372205E+00  0.955293614902652E+00 -0.107644629542784E+00  0.673644163775818E+00  0.731174517021330E+00
 0.435637045154790E-01 -0.767458207052948E-01  0.996098530594820E+00  0.402151414443218E-02 -0.188955618214521E-01  0.999813375169305E+00
 0.859754637763002E-01  0.400479973046880E+00  0.912263125867104E+00 -0.157422271788270E+00  0.953916165328735E+00  0.255464631347555E+00
 0.135119294039918E+00  0.127850005648793E+00  0.982546259691501E+00 -0.549527228717538E+00 -0.766844573256264E+00 -0.331616081282920E+00
-0.210795679667290E+00 -0.669254171794164E-01  0.975236468744359E+00 -0.584126580004058E+00  0.803494219610390E+00 -0.114861558345045E+00
 0.181463729972760E+00 -0.344066955913329E+00  0.921243097424837E+00 -0.947621406919523E+00  0.173159216931543E+00 -0.268383223655130E+00
 0.273851400541297E+00  0.139856383577162E-02  0.961770998960131E+00 -0.325928901925288E+00 -0.111824840312752E+00 -0.938757453221440E+00
 0.276858904851459E-01 -0.205259856068269E+00  0.978315840081759E+00 -0.459607874479985E-01 -0.995135561862573E+00  0.871367863397563E-01
 0.124745934742580E+00  0.210880768513558E+00  0.969519341342054E+00 -0.581332091340038E-01  0.242060982791279E+00 -0.968517945422748E+00
-0.157503414908136E+00  0.464879827949145E+00  0.871251639802330E+00 -0.852097948851893E-01  0.883518208609278E+00  0.460581009065154E+00
-0.901533101216056E-01 -0.515641364094109E-01  0.994592137768276E+00 -0.142303642166277E-01  0.103429856844207E-01 -0.999845247716562E+00
-0.462044684862072E+00  0.889173446247450E-01  0.882387905071003E+00  0.682317783554100E+00 -0.589419533236267E+00 -0.432466248492713E+00
 0.160157381006519E+00  0.215900100718387E+00  0.963190925942994E+00 -0.612102823119098E-01 -0.298733241811085E+00 -0.952371645722580E+00
-0.218286297796173E+00 -0.318625840374228E-01  0.975364479532087E+00 -0.680764487996687E+00 -0.187545755953114E+00  0.708086365711545E+00
-0.425435178439132E-01  0.324461930806765E+00  0.944941534988600E+00  0.119998444789962E+00  0.752691927261767E+00  0.647344758133529E+00
-0.260893621295467E+00 -0.214287368867675E+00  0.941283932674465E+00 -0.623319495653193E+00 -0.777025742646937E+00  0.877713028422449E-01
-0.684110322046425E-01 -0.131654668223936E+00  0.988932241868744E+00  0.235609514858969E+00  0.111419420766542E+00 -0.965439728405647E+00
 0.266876295509295E+00  0.337469344204527E-01  0.963139754818820E+00  0.534402635301694E+00 -0.334813453232188E+00  0.776088767421190E+00
-0.534552968327091E-01  0.215006454921513E+00  0.975148581285237E+00 -0.391223263450687E-02 -0.330425471629658E+00 -0.943823978363620E+00
-0.118664715926209E-02  0.194763825293092E+00  0.980849450336657E+00 -0.101111564478875E+00  0.988530157909492E+00  0.112181007448095E+00
 0.601767267622021E+00 -0.132387675156063E+00  0.787622789846447E+00 -0.617453891697357E+00  0.617678207896406E+00 -0.487056796603511E+00
 0.381493443763019E+00  0.174641129981657E+00  0.907724202654398E+00 -0.892277075766640E+00 -0.392056488856435E+00 -0.223904733328479E+00
 0.849530907631032E-01  0.137665874356214E+00  0.986828799441694E+00  0.245176289806264E+00  0.429272185412220E+00  0.869260592543025E+00
 0.488747881605259E-01 -0.938096811136323E-01  0.994389762020719E+00 -0.631921655215621E+00 -0.507892917427325E+00  0.585422758437618E+00
 0.502726387263859E+00 -0.672396344789731E-01  0.861826555116378E+00 -0.948974722242118E+00 -0.145262557190301E-01 -0.315017403392704E+00
-0.457147498198046E+00  0.271642638806935E+00  0.846892225535972E+00 -0.320889093640868E+00  0.398290747733867E+00  0.859298940911682E+00
-0.930576412503918E-01 -0.169718338844530E+00  0.981089170699976E+00 -0.698751033268556E+00 -0.398128359455950E+00  0.594340645508145E+00
-0.228148733190622E+00 -0.275810568352760E+00  0.933743372628926E+00 -0.388247104751517E+00 -0.904602374106875E+00  0.175950931831204E+00
 0.111198403322584E+00 -0.291759238346762E+00  0.950006032579702E+00 -0.653542246579022E+00  0.544315079902491E+00 -0.525931198663086E+00
-0.994302699673820E-01 -0.296946189488859E+00  0.949703417895429E+00 -0.470772626527367E+00  0.871553363880946E+00 -0.136995868625049E+00
-0.129371431549957E+00  0.147058709196543E+00  0.980630801447804E+00  0.743292128743307E-01  0.303804136497641E-01 -0.996770885700396E+00
-0.447912114250566E-01  0.104286863811119E+00  0.993538120766142E+00 -0.653536416314441E+00  0.217601420701700E-01  0.756582215471632E+00
 0.431143841932083E-01  0.287483493824205E+00  0.956814710722128E+00 -0.372553513047569E+00 -0.923592406720993E+00 -0.904485829808240E-01
 0.917081604073120E-01 -0.423472385948619E-01  0.994885081151636E+00 -0.703189788220841E+00  0.701833897742061E+00 -0.113812572776981E+00
 0.271084535717604E-01 -0.268593183913906E+00  0.962872179107870E+00 -0.230508266887832E+00  0.654299135055278E+00 -0.720248971371902E+00
 0.477044931595287E+00  0.243952266900595E+00  0.844343191311038E+00  0.931739192755017E+00  0.250710798601365E+00  0.262690258953191E+00
 0.262397708297635E+00 -0.560746634287425E-01  0.963329162229351E+00 -0.284641744364394E+00  0.925924291834792E+00 -0.248280654009599E+00
 0.733977078053030E-01 -0.803732712790756E-01  0.994058807995195E+00 -0.596326317666286E-01 -0.340561547442139E-01  0.997639277270409E+00
-0.869772547539656E-01  0.349548328006663E+00  0.932872404749551E+00 -0.365924071678110E+00 -0.863251486160136E+00  0.347701661498518E+00
 0.498257928780019E+00  0.139366079519131E+00  0.855754715024880E+00 -0.354753703412334E+00 -0.183013530506368E+00 -0.916872868813789E+00
 0.191725208877885E+00  0.821500320721213E-02  0.981414264214168E+00  0.424404885112632E-01 -0.616550282082362E-01 -0.997194796632818E+00
-0.179787139845911E+00  0.206111989339627E+00  0.961870278258190E+00 -0.493867351946243E+00 -0.138905743136423E+00  0.858370685196858E+00
-0.110886452727062E+00 -0.182131996181100E+00  0.977001602132103E+00 -0.249084895290574E-01 -0.147042444320997E+00  0.988816508113354E+00
-0.936081843100498E-01 -0.151249055470512E-01  0.995494221511290E+00  0.362125565226245E-01 -0.699732759148346E+00 -0.713486311378669E+00
 0.434420214871415E-01  0.220202544585115E+00  0.974486341683326E+00 -0.880316478045380E+00  0.463458408223158E+00  0.101238344163831E+00
 0.191170806667726E+00  0.341771910964163E+00  0.920133513982571E+00  0.536768485691634E+00  0.643165870776092E+00  0.546092716887106E+00
 0.627886839287603E-01  0.275517397402721E-01  0.997646471856528E+00  0.195819525803778E+00  0.907938167183371E-01 -0.976427773140287E+00
 0.200118942633009E-01 -0.216375243267815E+00  0.976105157341558E+00  0.197087148164469E+00 -0.159648264764884E+00  0.967299895371626E+00
 0.113802642435364E+00  0.349763672943672E+00  0.929900172956044E+00  0.467151639923656E+00  0.838262056210663E+00  0.281222457200896E+00
 0.608045572955596E-02 -0.887043748715916E-01  0.996039437942475E+00  0.383368890995482E+00 -0.295193261877294E+00 -0.875150976437287E+00
-0.216266853877417E+00 -0.103075461114527E+00  0.970878003268171E+00 -0.821529087234152E+00 -0.563121063472009E+00 -0.893567384273519E-01
 0.124944219532014E+00  0.315251756111930E-01  0.991662798187075E+00 -0.397898199241483E-01  0.642119265145319E-02  0.999187439130085E+00
-0.349161574598696E+00 -0.195145625660164E+00  0.916517528260896E+00 -0.703452804537310E+00  0.305600379369011E+00  0.641687275795702E+00
-0.211052949740355E+00  0.627252971315436E-01  0.975459988674910E+00  0.542402273369881E+00 -0.470112110997317E+00 -0.696271769452727E+00
 0.941085234813221E-01 -0.354915523536969E+00  0.930149749750353E+00  0.913390203952428E+00 -0.397054850680270E+00 -0.898096925449093E-01
 0.125768924102479E+00 -0.107162555805757E+00  0.986254715762253E+00 -0.304038236195173E+00 -0.937406000964254E-01 -0.948036629474247E+00
-0.139175201005412E+00 -0.115537762833993E+00  0.983504595202493E+00  0.686194754863198E+00  0.716772224634995E+00 -0.123993291713848E+00
-0.142208514729791E+00  0.279389499675679E+00  0.949588461286952E+00  0.169716902144405E+00 -0.884870097365726E+00 -0.433821488534717E+00
 0.423847596001595E+00  0.132166287123884E+00  0.896038664294993E+00 -0.877548737362622E+00  0.120711027237250E+00 -0.464044245149745E+00
-0.238445035206500E-01 -0.285374598345971E+00  0.958119396667623E+00 -0.786462372850959E-02  0.696378450016649E+00 -0.717631661819640E+00
 0.242414523558094E+00 -0.105944953220904E+00  0.964370709662588E+00  0.687753578968807E+00 -0.326511296189199E+00  0.648371335020639E+00
-0.637263969798440E-01  0.233184962889922E+00  0.970342063094243E+00 -0.490224091426545E+00  0.413130263643282E+00  0.767465781287381E+00
 0.102038269724735E+00 -0.544347158526276E-01  0.993290014659176E+00 -0.876668581215612E+00  0.288812361298011E+00 -0.384759169703430E+00
-0.331162468240748E+00 -0.246609813295746E+00  0.910777151456344E+00 -0.761361274453234E+00 -0.448048783252054E+00  0.468595025143568E+00
-0.361874731513900E+00  0.245605247116347E+00  0.899291243858552E+00  0.268054296478757E+00 -0.182124329397530E+00 -0.946032569619449E+00
 0.152193252174956E+00 -0.241968028616001E+00  0.958273805924015E+00 -0.474515196533002E+00  0.545020044200486E+00 -0.691222453106774E+00
-0.106144821472496E+00 -0.237034076461665E+00  0.965685312858458E+00 -0.164946902161682E-01  0.445446667798836E+00 -0.895156517789814E+00
-0.257175994951181E+00  0.787888435705385E-01  0.963147354120691E+00 -0.457128782248765E-01 -0.208728000690566E+00  0.976904782715346E+00
 0.615309783817434E-01 -0.666520213277098E-01  0.995877224738228E+00 -0.255072958565185E+00 -0.216480499004120E+00  0.942376771445334E+00
-0.158913569042966E+00  0.287324296496679E+00  0.944558746831935E+00 -0.449575431462044E+00  0.804968797937788E+00  0.387178467599000E+00
-0.139051288828824E+00  0.870896376086070E-01  0.986448241975343E+00 -0.387466957638326E+00  0.895582880882430E+00  0.218633620947986E+00
-0.994693968698430E-01 -0.200115974912076E+00  0.974709923860088E+00  0.650766377041872E-01  0.985312368627593E+00 -0.157875164147503E+00
-0.192766714169101E+00  0.160607505665410E+00  0.968011478770982E+00 -0.637231078289037E+00  0.333119282411624E+00  0.694959061059107E+00
-0.240754868519787E+00  0.244693535820259E+00  0.939234883728133E+00  0.580400590600153E+00 -0.100858691665301E+00 -0.808061061273564E+00
-0.269021501155388E-01  0.224938977744973E+00  0.974001401749611E+00 -0.428403607902855E+00  0.687050765862016E+00  0.586882947327859E+00
 0.418373278191930E-01 -0.114427777735145E+00  0.992550211164929E+00  0.355621512044286E+00  0.304109857953952E+00 -0.883770634535094E+00
-0.400094452257083E+00  0.344870718250638E+00  0.849110485723968E+00 -0.751003074265199E+00  0.640041046525272E+00  0.162301698102808E+00
 0.411036764552387E+00 -0.403238544150805E-02  0.911609849691170E+00 -0.846795379637819E+00 -0.480268468128079E+00 -0.228647728057704E+00
 0.148554273211584E+00 -0.103476795529764E+00  0.983475561820155E+00  0.147607642955048E+00  0.155751533110113E+00 -0.976705402706007E+00
 0.243091308460739E+00  0.470662230139301E-01  0.968860870508273E+00  0.505105744895794E+00 -0.334181218375879E-01  0.862410236260049E+00
 0.263589061053270E+00  0.873010810344019E-01  0.960676495050899E+00  0.265790973173962E+00  0.111762886127115E+00  0.957530268902125E+00
-0.434281211973277E+00  0.582798778751794E-01  0.898890029292725E+00  0.865700401105992E+00  0.642945407749447E-01 -0.496416183813001E+00
-0.161127813230611E+00 -0.740943767019911E-01  0.984148287172550E+00 -0.311689920347013E-01  0.253911339704408E+00 -0.966725155101001E+00
-0.112017602444769E+00 -0.794006297797192E-01  0.990528947953117E+00  0.204266629521005E-01  0.826427674104041E+00 -0.562672241109890E+00
 0.120982904059330E+00  0.179877706690078E+00  0.976220849788248E+00  0.380855963745469E-01  0.392514731946652E+00  0.918956839331229E+00
 0.136565954179929E+00  0.522179128851907E+00  0.841830563445156E+00 -0.756544847586876E-01 -0.965899909793175E+00 -0.247616161018285E+00
 0.367079834032443E+00  0.211049692725880E+00  0.905930694174243E+00  0.673817011407096E+00  0.716046912768989E+00  0.182338843509573E+00
-0.117340059875619E+00  0.148336390495562E+00  0.981950928307079E+00  0.753933095303789E-01 -0.544097896184276E-01 -0.995668330154040E+00
-0.439637277797259E+00  0.461048249847668E-01  0.896991309369349E+00  0.742872676254065E+00  0.742548851740634E-01 -0.665301735232151E+00
 0.233140794787215E+00  0.988869619241509E-01  0.967402056317536E+00 -0.504791127338400E+00 -0.856916414022056E+00 -0.104308087605936E+00
 0.381398688165744E+00  0.103093520314173E+00  0.918643982582306E+00  0.995211835481509E+00  0.265932565540286E-01  0.940542461740909E-01
-0.129104449535092E-01  0.545304362470919E-01  0.998428641382951E+00 -0.260285308620462E+00  0.156225275305251E+00 -0.952809121215865E+00
 0.294746173597730E+00  0.285029884830096E+00  0.912076015419350E+00  0.100678647239261E+00 -0.233347711336050E+00  0.967167335885730E+00
-0.255931155002892E+00  0.387813105226549E+00  0.885494347420370E+00  0.748258326504334E-01  0.591875279593663E+00  0.802548907029405E+00
-0.424664697669578E+00 -0.532035342263208E-01  0.903786080053812E+00 -0.847268739899336E+00  0.274693573900105E+00  0.454619756332014E+00
-0.292348149685859E+00  0.243224864850214E+00  0.924864435738476E+00 -0.707076223143238E+00 -0.163929028144814E+00  0.687873889893337E+00
-0.118222913371778E+00 -0.209948046057143E+00  0.970538593107290E+00  0.725808581945959E+00  0.560787808606322E+00 -0.398395451896874E+00
-0.274695289320667E+00 -0.124868295031890E+00  0.953388906438954E+00 -0.185294314184179E-01 -0.833692064564397E+00  0.551918654924495E+00
 0.292604197802175E+00  0.289581365048065E+00  0.911331672030247E+00 -0.646879480882770E+00 -0.407125647390350E+00 -0.644822180488409E+00
 0.553719922166388E-01  0.406074121148277E-01  0.997639704782893E+00  0.364215695886296E+00  0.209013272580889E+00  0.907557369401565E+00
-0.491698470107041E+00  0.103780426304944E+00  0.864558984459915E+00 -0.752458556525701E+00  0.171544799791866E+00  0.635907620944762E+00
 0.151358110381892E+00  0.123681715581283E-01  0.988401614099214E+00  0.947280994111443E-01 -0.990918892795424E+00 -0.954271192221736E-01
 0.487841629604978E-01  0.219402841888916E+00  0.974413925606213E+00 -0.387223834529069E+00 -0.430232271457588E+00 -0.815449504610217E+00
 0.366886446398941E-01 -0.154944534436876E+00  0.987241679935884E+00  0.401049015421448E+00 -0.682234899922352E-01 -0.913512584829988E+00
-0.263350527360842E-01  0.269772761225757E+00  0.962563827648857E+00  0.321304567921825E+00  0.913110574851838E+00  0.250982972980868E+00
-0.752020058772164E-01  0.861331556484371E-01  0.993441361032490E+00  0.793188089010583E-01  0.167697492082598E-01  0.996708233168568E+00
 0.946670877632133E-01  0.445848516237633E+00  0.890088334415822E+00 -0.135361067830858E+00 -0.943392744084646E+00 -0.302799457932361E+00
 0.759163845830102E-01 -0.169996033368648E+00  0.982516183678808E+00 -0.157332722101204E+00 -0.894032016241946E+00  0.419467720439353E+00
-0.465150285982349E+00 -0.134304850426561E+00  0.874984239059446E+00 -0.719742184722303E+00 -0.649583039530427E+00  0.244975636106078E+00
-0.189460529199996E+00  0.388318813431815E+00  0.901838792140904E+00  0.993683192785355E-01  0.321128702851455E+00  0.941807991752406E+00
-0.215119968659101E+00  0.110003710401595E+00  0.970372393868451E+00 -0.542663280941109E+00  0.169802722806428E+00  0.822607803783647E+00
-0.367175084047271E+00 -0.111085158134820E+00  0.923494745679173E+00 -0.544520930794272E+00 -0.830360174898679E+00  0.118317098803065E+00
-0.975399958966093E-01 -0.182297491093942E+00  0.978393363602464E+00  0.210025628269798E+00  0.400410465154051E-01 -0.976875606238495E+00
-0.290105772683842E+00  0.216559089623428E+00  0.932169942315769E+00 -0.255874427459475E+00  0.960933282010597E+00 -0.105524901784499E+00
 0.525862713905205E-01  0.407152317528489E+00  0.911845203086808E+00  0.294753388917764E+00 -0.889282349208400E+00 -0.349710370317899E+00
 0.184582432765342E+00  0.201667021183427E+00  0.961904225004460E+00  0.178321713720707E+00 -0.393673585965392E+00 -0.901788486358558E+00
 0.214865574349140E+00  0.487722113354501E+00  0.846144151492305E+00  0.115027868011565E+00 -0.813845761324621E+00 -0.569582010209822E+00
 0.812982794096670E-01  0.353228164168568E+00  0.931998097531927E+00 -0.369732961187959E+00 -0.883739558735763E+00 -0.286883129055547E+00
-0.161362058601021E+00  0.254749019634230E+00  0.953449119271416E+00 -0.508176227371858E-01  0.259366104003496E+00  0.964441181883783E+00
-0.278853173010918E+00 -0.344429916026424E+00  0.896442380104697E+00 -0.518411796743804E+00 -0.183243833944029E+00  0.835266967093967E+00
 0.116639931596954E+00 -0.454876682107148E+00  0.882882965308682E+00  0.519853914598150E+00 -0.664667620460300E+00  0.536627302500182E+00
-0.190772440863951E+00 -0.135717394056824E+00  0.972207110011666E+00  0.489128251041309E+00  0.499191524617898E+00 -0.715235189139159E+00
 0.315319944729894E-01 -0.148994916564336E+00  0.988335089007034E+00 -0.857290009335621E+00  0.295596419271562E+00 -0.421517018407515E+00
-0.828240278796659E-01 -0.190000328373455E+00  0.978284240711138E+00  0.861672970945164E-01 -0.696955676066229E-01 -0.993839888899322E+00
 0.307372514914677E+00  0.318989903384256E+00  0.896530857591600E+00  0.854167802154277E+00 -0.141542269228026E+00  0.500363020001192E+00
 0.171574324721894E+00  0.734196663244503E-02  0.985143820273057E+00  0.604726953520037E+00 -0.795185487141657E-01  0.792453223917203E+00
-0.209813644765640E+00 -0.260888159189163E+00  0.942292737351322E+00 -0.639194410517846E+00 -0.696197480080061E+00  0.326710229856544E+00
-0.276287862492542E-01 -0.161630388899989E+00  0.986464529293594E+00 -0.973918356983383E-01 -0.216348116397539E-01 -0.995010937258792E+00
 0.230193752526065E+00 -0.229671402567472E+00  0.945654209074680E+00  0.184324440889514E+00 -0.982863138027516E+00  0.213363480294655E-02
-0.152549331031631E+00  0.161675175837416E+00  0.974981968612621E+00  0.640059934104513E+00 -0.419920833531258E+00 -0.643420371390695E+00
-0.112025224151707E+00 -0.111897121699692E+00  0.987385124107652E+00  0.500354973680317E+00  0.340292277845910E+00 -0.796144500672969E+00
-0.999761555902262E-01 -0.223595349756225E+00  0.969541070755020E+00  0.439047522992395E+00  0.829349708416538E+00 -0.345566684886789E+00
-0.263765676080118E+00 -0.296590878527259E+00  0.917857025302104E+00  0.308976230428454E+00  0.822263525739721E+00 -0.477929265967576E+00
 0.173521674301873E+00 -0.109301554104954E+00  0.978745829527624E+00  0.890943968725734E+00 -0.359983275132790E+00 -0.276822842655566E+00
 0.481750689492151E-01  0.636782153125075E-01  0.996807026272564E+00 -0.792339574704620E+00  0.587370873289003E+00 -0.164904383109169E+00
-0.154245316391184E+00 -0.262782656753393E+00  0.952446144241769E+00 -0.119037923201378E+00 -0.765621683127686E-01  0.989933435753713E+00
 0.668875568679717E-02  0.220773972324912E-01  0.999733889131904E+00  0.885969811067142E-02  0.889305185196265E-02 -0.999921206584872E+00
 0.491454715291899E+00 -0.378394092841572E+00  0.784404343001721E+00  0.946227511755831E+00 -0.528545454120744E-01  0.319154967101644E+00
 0.119048789716566E+00  0.852169258083275E-01  0.989224676816545E+00  0.266416406969525E+00  0.809912085412778E-01  0.960449229390326E+00
-0.121254682862838E+00  0.313253592383640E+00  0.941896750574381E+00 -0.811426934044807E+00  0.482870440532825E+00  0.329275672296451E+00
-0.276464947204205E+00 -0.122362387319383E+00  0.953202276086706E+00 -0.936048972133111E+00  0.335480077751672E+00 -0.106138773312484E+00
 0.118609571691947E+00 -0.191903173542293E+00  0.974220170950822E+00 -0.344402919373037E+00  0.120326310027358E-01 -0.938744824176667E+00
-0.146970559776988E+00  0.114418190751508E+00  0.982500957853981E+00  0.384941589377592E+00 -0.873921319063995E+00 -0.296785277351995E+00
-0.240270835739216E+00 -0.316289290803421E+00  0.917731447655711E+00 -0.754435391406123E+00 -0.379298868083229E+00  0.535686110389910E+00
-0.182670757886317E+00 -0.213288595372154E+00  0.959760058190281E+00  0.438321870028144E+00  0.383907684213788E+00 -0.812704637772319E+00
-0.776338671017506E-01  0.514362354863337E-01  0.995654205212745E+00  0.109153283013413E-01  0.886223919710834E-01  0.996005485551861E+00
-0.148950152833012E+00 -0.167209040121799E-01  0.988703324228273E+00  0.692329823059766E+00  0.335527067701587E+00 -0.638827835133698E+00
-0.165174550375024E+00  0.159542657837022E+00  0.973274631457487E+00  0.496961888244382E-01  0.153942873292856E-01  0.998645735350604E+00
-0.303871890065408E-01  0.316132944374977E+00  0.948228126678959E+00  0.654385434463894E+00  0.241194313583427E+00  0.716662407453133E+00
-0.327206735425578E+00  0.742778052919082E-01  0.942028959179681E+00 -0.130475721448066E+00 -0.906360305327356E-01  0.987299952436885E+00
-0.254079147926402E+00  0.533961925440006E-01  0.965708358258743E+00  0.563030392926667E+00 -0.236114944129207E+00 -0.791988958129912E+00
-0.458968594345235E+00 -0.255869888776234E+00  0.850810454462330E+00  0.487404242583816E+00  0.444545425262516E+00 -0.751542726123715E+00
-0.283132442086565E+00  0.286157300494515E+00  0.915396099845192E+00 -0.437561250814569E+00  0.742500049487960E+00  0.507182243671806E+00
 0.917361148424197E-01  0.426341893645430E-01  0.994870248389631E+00 -0.106791160687558E+00  0.337401845237812E-01 -0.993708834592561E+00
 0.184105158760865E+00  0.292361616792207E-01  0.982471647106370E+00  0.249745621862629E+00 -0.265741267917036E+00  0.931133021048172E+00
 0.162759550230199E-01 -0.894799591878983E-02  0.999827498450171E+00 -0.579151126447587E+00 -0.541175159269435E+00  0.609683048578680E+00
-0.105256740561640E+00 -0.390291543977761E-01  0.993678893643884E+00 -0.231355613973837E+00  0.205334652430443E-01 -0.972652536462997E+00
-0.362595005148436E-01 -0.194365817351697E+00  0.980258729962463E+00 -0.614523424359469E+00 -0.786362127777815E+00 -0.632104810158875E-01
-0.371330229002438E-01  0.845353991110777E-01  0.995728328866574E+00  0.196588924980472E+00  0.947661118769555E+00  0.251577420583523E+00
-0.286529529742886E+00 -0.191432402551924E+00  0.938751545318845E+00  0.882400354037831E+00  0.933144695310886E-01 -0.461152930132773E+00
-0.255109553483881E-01  0.994556366451363E-01  0.994714917700908E+00 -0.606205622523234E-01  0.751148515907287E-01 -0.995330551376132E+00
 0.468665273025562E-01 -0.120041990759858E+00  0.991661963106889E+00  0.398627527495209E+00  0.534886830754207E+00 -0.744977967868028E+00
-0.778972722045369E-01 -0.122887740218789E+00  0.989358690408596E+00 -0.107702562344942E+00  0.675099780220010E+00 -0.729822200821013E+00
-0.177652683356139E-01 -0.204050230322433E-03  0.999842164346187E+00 -0.357923204840091E+00  0.132775288215356E+00  0.924262788538156E+00
-0.289605591542655E+00  0.123637698884648E+00  0.949127136247689E+00 -0.235308884628674E+00  0.566463110450286E+00  0.789777989889435E+00
 0.221094008278727E+00 -0.227855437319177E-01  0.974986286313857E+00 -0.391822006581251E-01  0.804092610635223E-01 -0.995991518983372E+00
-0.105020719428481E+00 -0.235347022485144E+00  0.966220692956895E+00  0.113937080736734E+00 -0.284452541940360E-01  0.993080665981887E+00
 0.220879102327288E+00  0.242635811621848E+00  0.944637647499663E+00 -0.392615837286375E+00 -0.416963547974745E+00 -0.819752526054194E+00
 0.256997542337630E+00 -0.709863147629904E-01  0.963801435124885E+00  0.960895941117739E+00  0.385423010606962E-01  0.274214298263970E+00
 0.148192546826298E+00  0.187697449938113E-01  0.988780393079274E+00 -0.349682110868203E+00  0.551507355904647E+00 -0.757338799825958E+00
-0.561736186105221E+00  0.409688440175450E+00  0.718754366391306E+00 -0.722376901191898E+00  0.622147512995188E+00  0.301834531984485E+00
 0.117499744183575E+00 -0.943366058387957E-01  0.988582022351009E+00  0.437601999460571E+00  0.240378470372056E+00  0.866442543420913E+00
-0.169462751619449E+00  0.129649684014639E+00  0.976971511994321E+00 -0.601830524896122E+00  0.443522979919728E+00  0.664144100016241E+00
 0.417084314539576E+00 -0.173469566231287E+00  0.892159730180970E+00 -0.963752078291714E+00  0.567504470807381E-01 -0.260693916968807E+00
 0.178506412107039E+00 -0.222667316796323E+00  0.958412607840380E+00 -0.147885371159253E+00  0.374305969087532E+00  0.915437031424081E+00
-0.289873995552823E+00  0.211599506607535E+00  0.933380263079143E+00 -0.947169287333104E+00  0.319678611568354E+00  0.259985853197598E-01
-0.276901464897873E-01 -0.187414892445636E+00  0.981890479573443E+00 -0.105264942051605E+00  0.365049304254259E+00 -0.925017998440222E+00
 0.511346062522680E-01  0.729675861495701E-01  0.996022581779615E+00  0.357230035697597E+00  0.934001405966912E+00 -0.529860805545372E-02
-0.506860365842929E+00  0.151580796415887E+00  0.848596389160063E+00  0.769494714250098E+00 -0.401683316027741E+00 -0.496516261935213E+00
-0.255143700101945E+00 -0.899509848760074E-01  0.962709983649347E+00 -0.394912795793454E+00 -0.533471424030309E+00  0.747965322365731E+00
-0.406566752656523E+00  0.451302821651742E+00  0.794373488230508E+00  0.576582315928831E+00 -0.808360012451589E+00 -0.118772569339104E+00
 0.915207425681473E-01 -0.776021566593443E-01  0.992774827925040E+00 -0.350529298296079E-01  0.100932369130097E+00  0.994275590051444E+00
 0.840913676074791E-01 -0.429669805270112E+00  0.899062011394680E+00  0.576702544999855E+00 -0.639144841103385E+00  0.508830076431827E+00
-0.444527593949955E+00 -0.272127088151795E+00  0.853429590599652E+00  0.313700754154134E+00  0.313632187309670E+00 -0.896229149228299E+00
-0.356944945309669E+00 -0.158906674208500E+00  0.920510170997513E+00  0.533234385482771E-01 -0.473670632029176E-01 -0.997453243127175E+00
 0.253512211521015E+00 -0.180385333014912E+00  0.950364503884075E+00 -0.228406344588966E+00  0.135224997218893E-01 -0.973471973789065E+00
-0.192792002719979E+00  0.460389949323653E+00  0.866528902142902E+00  0.372511247193904E+00 -0.886320895477620E+00 -0.275082971035636E+00
-0.361010262225950E-01 -0.280733493338198E-02  0.999344202352847E+00  0.120714894404978E+00  0.161624506965041E+00 -0.979441388250008E+00
 0.372944649692802E+00  0.100362925523824E+00  0.922409654896246E+00 -0.653752507549425E+00 -0.477924406912601E+00 -0.586682128712029E+00
-0.141490662046776E+00  0.208162552914227E-01  0.989720706092990E+00  0.514092578949971E-01  0.715436882953178E+00  0.696783434585616E+00
-0.317921133527489E+00  0.236396390804521E+00  0.918173675984665E+00  0.249303139256126E+00 -0.924382832944990E+00 -0.288728805133181E+00
-0.147086437635290E-01  0.347601630684390E+00  0.937526939423178E+00  0.129097870858324E+00 -0.597464063234151E+00 -0.791435678298360E+00
-0.375681760688972E+00  0.212627057083009E-01  0.926504782519549E+00  0.819743617280853E+00 -0.217704078204051E+00 -0.529740819892735E+00
 0.161812587636970E+00 -0.649538587985216E-01  0.984681513337896E+00 -0.931706777866545E-01 -0.678119041464317E-01 -0.993338195408196E+00
-0.961863875164558E-01  0.327666412335690E-01  0.994823866862273E+00 -0.930002858141603E+00  0.277274247447611E+00  0.241275103462440E+00
 0.332619771425772E+00  0.146178651763107E-03  0.943061008783880E+00  0.624195016683157E+00  0.252793512299538E+00  0.739240164822757E+00
 0.424196934301528E+00  0.145486589851471E+00  0.893806809720409E+00  0.989879029234416E-01  0.499163889912487E+00  0.860834947061429E+00
-0.100097973960758E+00  0.582085946511769E-01  0.993273454350657E+00  0.203320490526683E+00 -0.446350750910417E+00  0.871453834287104E+00
-0.192155591721636E+00 -0.114961896816675E+00  0.974607608656130E+00 -0.705118728609796E+00 -0.325945040329350E+00  0.629735983764945E+00
 0.203778462763359E+00 -0.132820630281964E+00  0.969965472728439E+00 -0.830259776736445E+00  0.528417172117763E+00 -0.177324548059807E+00
-0.230779909155176E+00 -0.261376807499622E-01  0.972654848944548E+00  0.727307129434229E+00 -0.237790272727975E+00 -0.643801309155315E+00
 0.347955060556792E+00 -0.180276276819421E-01  0.937337868899513E+00 -0.994368631496201E+00 -0.509786825899232E-01 -0.929096260770020E-01
-0.259165263365042E+00 -0.525950065064169E+00  0.810067833779323E+00 -0.469017884725042E+00 -0.823733654975547E+00  0.318567244814458E+00
-0.146629360662126E+00 -0.730190113568121E-01  0.986492805129510E+00  0.924024998408647E-01  0.971976327198713E+00  0.216156881427493E+00
-0.256576218040396E+00 -0.182798525215946E+00  0.949080261893040E+00 -0.595523524001999E+00 -0.277694491004695E+00  0.753815297023007E+00
 0.384668128667188E-01 -0.184389310596947E+00  0.982100242564607E+00 -0.171409267320483E+00 -0.814448257118379E-01 -0.981827685208267E+00
-0.326687095472594E+00 -0.863506605284141E-01  0.941179634861479E+00 -0.379122502723290E+00  0.489064594533645E+00  0.785545638586627E+00
-0.409541477589269E+00 -0.601338987731818E-01  0.910307471326219E+00 -0.795531006962636E+00  0.274348840368555E+00  0.540243584644412E+00
-0.199687686657428E+00 -0.154229661358961E+00  0.967645616615145E+00  0.490746585913551E+00  0.511895308558364E+00 -0.705075160170979E+00
-0.133467353980943E+00  0.102898231623176E+00  0.985696920635420E+00  0.972871863116851E+00 -0.205882478701626E+00 -0.105511814121553E+00
-0.198953222636806E+00  0.135782061068073E+00  0.970556977768197E+00  0.710861493511087E+00 -0.140126756297488E+00 -0.689231767414076E+00
 0.745684918793291E-01  0.268537904082110E+00  0.960378536874929E+00  0.171047374972122E+00 -0.631032089358572E+00 -0.756664587327107E+00
 0.616550447382889E-01  0.215874303529644E+00  0.974472647401614E+00  0.329900698423364E-01 -0.443721982398446E+00 -0.895557065534180E+00
-0.186992202181947E+00  0.906619428924194E-01  0.978168864989127E+00 -0.758729199771968E+00 -0.210108678296355E+00  0.616590905477812E+00
 0.158287981331634E+00 -0.225013812539456E+00  0.961412346047426E+00 -0.132870180201585E+00  0.988780657062418E+00  0.682519408691903E-01
-0.164131047603798E+00  0.204915453997575E+00  0.964920025662981E+00  0.434733734671562E+00 -0.899570275612478E+00  0.421888512880664E-01
-0.282450076585445E+00  0.765465765061276E-01  0.956223078503164E+00 -0.701962548787283E+00  0.650064493934621E-01  0.709240961618346E+00
-0.101555905182644E+00 -0.468784917769045E+00  0.877454898553084E+00  0.502439788800871E+00  0.813351993668029E+00 -0.293279377089454E+00
-0.297686107301331E+00 -0.300559550363104E+00  0.906116404335177E+00 -0.456042153189533E+00 -0.883049316679120E+00  0.110677273307545E+00
 0.967934860539747E-01  0.537968683491599E-01  0.993849544958060E+00  0.192570260500172E-01  0.462074442607212E-01  0.998746233556153E+00
 0.317333487195472E+00 -0.211703197528169E+00  0.924381530570960E+00 -0.889057807905251E+00  0.455163537169683E+00 -0.490139636623364E-01
 0.121945408247000E+00 -0.238337386707510E+00  0.963496033985043E+00  0.420477852262030E+00 -0.349773854950420E+00  0.837171802051546E+00
-0.127539685765094E+00 -0.599999205050884E-01  0.990016988790760E+00  0.519655836722229E+00  0.388201829922456E+00 -0.761089449805591E+00
 0.180672529692800E+00  0.422821765640475E+00  0.888019814821198E+00  0.739908968831032E+00  0.136553353329423E+00  0.658701677193772E+00
-0.141543092508219E+00 -0.206755354327729E+00  0.968100085951874E+00 -0.517884316539468E+00 -0.744601504622873E+00  0.421146570680330E+00
 0.199008089680830E+00  0.104571876242782E+00  0.974402639025906E+00  0.551996045965654E+00 -0.377263916588576E+00 -0.743621074525549E+00
-0.948769466699872E-01  0.210818983721567E+00  0.972909924449939E+00 -0.416545617885661E+00  0.424356552761400E+00  0.803997054937837E+00
-0.187883792533234E+00 -0.122623207761605E+00  0.974506659506020E+00  0.559908427293770E+00  0.559201091834741E+00 -0.611389149344548E+00
-0.257330970365090E+00  0.133384566263581E+00  0.957073314419349E+00 -0.119128508307660E+00 -0.184249917766148E-01 -0.992707871524359E+00
 0.364130440022702E-01 -0.128555804809005E+00  0.991033549016580E+00  0.488644633293496E-01 -0.946687429649959E+00  0.318426089958546E+00
 0.497975583699049E-01  0.508812869229014E-01  0.997462429278148E+00  0.749505178365899E-01  0.161368365100269E+00 -0.984044038964158E+00
-0.384427647858542E-01 -0.101783470504941E+00  0.994063518577957E+00  0.861819725053087E+00 -0.503519270218488E+00 -0.611155138083836E-01
-0.289978039887163E-01 -0.938353445968353E-01  0.995165340769173E+00  0.159525297512683E+00  0.247904117646620E+00 -0.955560164462364E+00
 0.343571052707040E+00  0.370751801795201E+00  0.862845312444466E+00 -0.727506536229471E+00 -0.616436496330282E+00 -0.301231282796863E+00
-0.641367176678272E+00  0.608398065684274E-01  0.764818058505720E+00 -0.540079714755435E+00  0.335762220714248E+00  0.771736763962120E+00
-0.578574067116748E-01  0.279040112338212E+00  0.958534890442115E+00  0.316038169422673E+00 -0.282238141155565E+00 -0.905793302660722E+00
 0.135787669195119E+00  0.195824791583928E+00  0.971192236323823E+00 -0.139438478924241E+00  0.900067052925032E+00  0.412839206997278E+00
 0.253005631874850E+00 -0.347768268290003E+00  0.902798638573509E+00  0.664533707723030E+00 -0.394453257133747E+00  0.634666510252795E+00
-0.113121947853612E+00 -0.103676106668696E+00  0.988157219181151E+00 -0.666483356609832E-01 -0.219992073328615E+00 -0.973222218728178E+00
-0.352408008378282E+00  0.202915881789808E+00  0.913582913888125E+00  0.411421612587900E+00 -0.903459461209817E+00  0.120387950584926E+00
-0.311405817222015E+00  0.709246800210094E+00  0.632451890179824E+00  0.366482128774562E+00 -0.723070158673835E+00 -0.585542820743505E+00
-0.233457927500372E+00  0.159140805621970E+00  0.959255753213512E+00 -0.547401094782524E+00 -0.841116911981955E-01  0.832632731061345E+00
-0.375426707856251E-01 -0.761794485195577E-01  0.996387093198993E+00  0.382684711450644E+00 -0.142879180244444E+00  0.912763907850553E+00
-0.176465702309850E-01  0.444907251676065E+00  0.895402778622634E+00 -0.109244191687427E+00 -0.839095236943052E+00 -0.532902326812375E+00
-0.886494404975940E-01  0.594675477700682E-01  0.994286119515745E+00 -0.345857298688283E+00 -0.748454838002980E-01  0.935297216129046E+00
 0.423579273480227E-01  0.915893020032556E-01  0.994895575298903E+00  0.975344778202317E+00  0.685273084328836E-01 -0.209777433563329E+00
-0.505643819693701E-01  0.765189076378696E-02  0.998691489822455E+00  0.216437002292261E+00 -0.973527663198221E+00  0.734772959937343E-01
-0.399963585442855E+00  0.368282803841143E-01  0.915790810220131E+00  0.230687008752772E+00  0.124268763986157E+00 -0.965059986886852E+00
 0.190977872040015E+00  0.611930881365191E-01  0.979685081215073E+00  0.391633652164997E-01  0.289735290085845E-01  0.998812677853915E+00
 0.289201567767785E-01 -0.247858990199210E+00  0.968364366088217E+00  0.278955752348203E+00 -0.396016819434707E+00  0.874845338878060E+00
-0.518081964074457E+00  0.257820052377675E+00  0.815548833052151E+00 -0.859847223881169E+00  0.128325862355998E+00  0.494161132257926E+00
 0.187960625505459E+00 -0.202102108524389E+00  0.961158436986116E+00 -0.346303052784707E+00 -0.610306626007906E+00 -0.712460537772331E+00
 0.757202130376233E-01 -0.369637844102330E+00  0.926085478530421E+00 -0.412992747107716E+00  0.900519132683956E+00  0.136023095489546E+00
 0.322930189661155E+00 -0.176904695400112E+00  0.929742341377870E+00  0.324336629651988E+00 -0.529890483644611E+00  0.783595447925057E+00
 0.109768871413236E+00  0.150846974483731E+00  0.982443883973924E+00 -0.295394292591504E-01  0.325277951881599E+00 -0.945156958467088E+00
 0.484938682063876E-01 -0.242629164556631E+00  0.968906307778483E+00  0.741437052618001E+00 -0.671007266116612E+00  0.451063452771596E-02
 0.399877988547092E-01 -0.147275238194917E-01  0.999091625420262E+00 -0.437089157605506E+00 -0.897888108370362E+00  0.524405677963352E-01
-0.250976253774268E+00 -0.305757321805111E+00  0.918435289067226E+00  0.212643959171637E+00  0.843014997625513E+00 -0.494073132649678E+00
-0.153811893289938E-01  0.160364445805387E+00  0.986938024161779E+00 -0.117089225748626E+00 -0.376597705641813E+00 -0.918947376795271E+00
 0.343786451459774E+00 -0.259671271288309E-01  0.938688757843286E+00  0.110303298511602E+00  0.307245359023442E+00  0.945216097882393E+00
 0.137438032685405E+00  0.104529843182876E+00  0.984979339405517E+00 -0.200300594961717E+00 -0.208102351297884E+00 -0.957378234055002E+00
-0.872405463313634E-01 -0.103440534367041E+00  0.990802272366019E+00  0.835675265241426E+00 -0.479408850613064E+00 -0.267981351995868E+00
 0.179024899831661E+00  0.226963651115780E+00  0.957307466967880E+00  0.505181783592150E-01 -0.172254198117456E+00 -0.983756273111475E+00
-0.988191398471749E-01 -0.125836146364964E+00  0.987117035547396E+00  0.681668780623127E-01  0.115804114902345E+00  0.990930211320112E+00
 0.431959947715789E+00  0.141577086622853E+00  0.890711250693937E+00 -0.791052055683282E+00 -0.547703958673708E+00 -0.272501410734702E+00
-0.240527771714728E+00  0.159698700510702E+00  0.957414599893453E+00 -0.827162373900389E-01 -0.563802977537163E+00 -0.821756792848264E+00
 0.814920809410655E-01  0.226813311215502E+00  0.970522932546859E+00  0.152168753608402E+00  0.522398898571122E-01  0.986972980548598E+00
 0.328500282905719E+00  0.182137751282411E+00  0.926775810910411E+00  0.779945899779133E+00  0.100336973597012E+00  0.617751475228600E+00
 0.197689113876459E+00  0.527207390983339E+00  0.826420825697950E+00  0.649758651342348E+00  0.693049421428044E+00  0.312243806125960E+00
-0.247926618798012E+00  0.691239362548388E-01  0.966309615562228E+00 -0.645437540491656E+00  0.309647548741820E+00  0.698232609437760E+00
-0.608571465492734E-01  0.658417246611405E-01  0.995972527235328E+00  0.192954914022904E+00 -0.712809302562120E+00 -0.674293184998423E+00
 0.137427841744453E+00  0.432109473825242E-01  0.989568796163140E+00 -0.419869656488171E+00 -0.907104372276533E-01 -0.903039915030600E+00
 0.732293091099656E-01  0.662163295095478E-01  0.995114498936459E+00 -0.982690891680053E+00 -0.144744617767847E+00 -0.115618368074896E+00
-0.221354097038426E+00  0.174058992568460E+00  0.959534173873112E+00 -0.529334739623974E+00  0.432132822076554E+00  0.730113660679879E+00
 0.114186252053268E+00 -0.140584121494166E+00  0.983462050424794E+00  0.274049920392420E+00 -0.611408642940160E+00  0.742345009056423E+00
-0.359576055368534E-01  0.303826549707079E+00  0.952048569295258E+00  0.140646723838314E+00 -0.863383540297825E+00 -0.484548616153574E+00
 0.825256377460503E-01  0.253697941768932E-01  0.996265974857131E+00 -0.531848071356356E+00 -0.846678693177530E+00  0.165172489753642E-01
 0.165864841157843E+00 -0.314225853121919E+00  0.934746472417781E+00  0.479534870669173E+00 -0.183452687083059E+00  0.858132518562434E+00
-0.124321443401895E+00  0.244588802109293E+00  0.961623885203155E+00 -0.301256865199579E+00  0.396350154965882E+00  0.867266311941519E+00
-0.544153705384713E-01  0.398797079371216E-01  0.997721692830225E+00  0.565066495027600E+00  0.754683761467063E+00  0.333395075511244E+00
