#          Em_x [n.u.]            Em_y [n.u.]            Em_z [n.u.]            En_x [n.u.]            En_y [n.u.]            En_z [n.u.]
 0.770452939211179E-01  0.966843823938526E-01  0.992328651650111E+00  0.709996176763471E-01 -0.944256678212337E-01 -0.992996902082945E+00
 0.101106117785621E+00 -0.102394538033775E-01  0.994822952354904E+00 -0.360497957129897E+00  0.614373153781084E-02 -0.932739769425515E+00
 0.125329806265939E+00 -0.206395525445230E+00  0.970408845145967E+00  0.426998917591928E+00 -0.110029566398581E+00 -0.897532962566536E+00
 0.427243563076142E+00 -0.362297639300940E-01  0.903410395122600E+00 -0.577243306192366E+00  0.228582838940226E+00 -0.783926049572365E+00
-0.152577018777747E+00  0.370881344199865E-02  0.988284624004516E+00 -0.982582210929812E-01 -0.715521268001597E-01  0.992585318820512E+00
 0.290600828248991E-01  0.294093880711262E-01  0.999144934170960E+00  0.258239296827987E+00  0.249827714134089E+00 -0.933219469805642E+00
 0.244440579945957E+00  0.100281278437632E+00  0.964464860982814E+00  0.780902548457917E-01  0.146170500192584E+00  0.986172447887067E+00
-0.694570831504651E-01  0.241271766380910E+00  0.967968826123892E+00  0.216971668036398E+00 -0.654261578993865E+00 -0.724475728732134E+00
-0.170020961232705E+00 -0.496943705459656E+00  0.850964057023288E+00 -0.374031131997522E+00 -0.804371139562706E+00  0.461614321848061E+00
 0.168659374402704E+00 -0.562614295185675E-01  0.984067409771615E+00 -0.524359541536874E+00  0.808799258464450E-01 -0.847647042579818E+00
-0.695359041892763E-01  0.409793241092371E+00  0.909524192962226E+00  0.969341334202033E-01  0.602095957618873E+00  0.792517653807842E+00
 0.311668149498019E+00 -0.410162768105324E+00  0.857105284226307E+00  0.422699866302347E+00 -0.728154689694171E+00  0.539551268096335E+00
-0.374853821395638E-01 -0.301981185390805E+00  0.952576616233999E+00  0.344743672674301E+00 -0.811847384083118E+00  0.471227784737310E+00
 0.488279930787550E-01 -0.883722280172402E-01  0.994890032318733E+00 -0.350803504671128E+00  0.312770011360159E+00 -0.882673111125642E+00
-0.302564704360471E+00 -0.142669246097623E+00  0.942390622774440E+00  0.313120929084918E+00 -0.488725245588958E+00  0.814311315218578E+00
-0.241921404217924E+00  0.208385123422442E+00  0.947654828783899E+00 -0.419156634975753E-01 -0.212739150234266E+00 -0.976209573355619E+00
-0.523323507423782E-01  0.667307652397179E-01  0.996397676651395E+00 -0.218645966656581E+00  0.325510504745082E-01  0.975261180596160E+00
-0.433216382390355E-01  0.126088701205317E+00  0.991072588203630E+00 -0.128556050503208E+00 -0.261589240964457E-01 -0.991357177090645E+00
-0.293582360224192E+00 -0.862771155985905E-01  0.952032382374245E+00  0.208125682695345E-01 -0.527335006034215E-01 -0.998391714166406E+00
-0.284302115733672E+00  0.219828115837710E+00  0.933192320198039E+00 -0.838028711311718E+00  0.427865961886573E+00  0.338583221196945E+00
-0.261169836159400E+00  0.391094766473952E+00  0.882516402293553E+00  0.584797623584031E-01  0.987978401489262E+00  0.143104142446080E+00
 0.130897004459937E+00  0.201033035335165E+00  0.970799512220389E+00 -0.384438730825313E+00  0.905982412703268E+00  0.177208154760968E+00
-0.115821013681929E+00  0.690930174082567E-01  0.990864091455086E+00  0.427120480741529E-01  0.803730942130707E-01  0.995849309220993E+00
-0.270763072415024E+00 -0.101478198575258E+00  0.957282368912275E+00 -0.718571957571432E+00 -0.278936195606821E+00  0.637062744611826E+00
-0.512737131262590E+00 -0.143012986277576E+00  0.846550600956954E+00 -0.803891338348464E+00 -0.499127716146009E+00  0.323465978277752E+00
-0.381237030379528E+00 -0.846553061239732E-01  0.920593181493571E+00  0.772462920529794E+00 -0.307591523737486E-03 -0.635059793873014E+00
 0.347502199723960E+00 -0.126299805193959E+00  0.929134317736126E+00 -0.743087514221951E+00  0.543225575082508E+00 -0.390802918084961E+00
 0.236780241664509E+00 -0.253087840310526E+00  0.938020075608326E+00 -0.892892276552361E+00  0.450185211969875E+00 -0.875542099392065E-02
-0.201845133596249E+00  0.312024906157615E-01  0.978920296358639E+00 -0.744448028635668E+00  0.350429664911511E+00  0.568327531103742E+00
-0.282841002563514E+00 -0.248353500222052E+00  0.926456424337551E+00 -0.418841754515795E+00 -0.720431415642759E+00  0.552765917933714E+00
-0.107132706939516E+00 -0.867380940302153E-01  0.990453979823302E+00 -0.655545998801764E+00 -0.739725635269946E+00 -0.151873065352196E+00
 0.701540061308737E-01 -0.151227595432162E+00  0.986006404544918E+00 -0.630262277929868E-02  0.771159038432280E-02  0.999950402929988E+00
 0.223115988722445E+00 -0.333996470761942E+00  0.915786881919026E+00 -0.438746639342675E+00  0.457653417081628E+00 -0.773339987521025E+00
-0.358341688095906E+00 -0.205126366049242E-01  0.933365130220800E+00 -0.236650778908182E+00  0.211440065941791E+00  0.948308761615478E+00
-0.219772445528137E+00 -0.325071158912949E+00  0.919798246263589E+00 -0.698464397307602E+00 -0.646898448141935E+00  0.306055360164276E+00
-0.324800641896704E+00 -0.106300149746727E+00  0.939789774996149E+00  0.636886379494520E+00  0.332997350773488E+00 -0.695333376152907E+00
 0.235108283720122E+00 -0.579166073940202E+00  0.780570787131360E+00  0.168402885332220E+00 -0.837620027494648E+00  0.519647147352555E+00
-0.175322556387694E+00  0.569093046049967E-01  0.982864859617567E+00 -0.928144369568741E-01 -0.756341896003559E-01  0.992806602343012E+00
-0.689280296522701E-01  0.523709706773480E-01  0.996246058039161E+00  0.531821453805482E-03 -0.142931772770580E-02  0.999998837107711E+00
-0.490570293452873E+00  0.144268383437252E+00  0.859376181146513E+00 -0.895328970821233E+00  0.264431447717220E+00  0.358416020102850E+00
-0.358144941814119E+00 -0.325741951238222E+00  0.874999646775059E+00  0.384515567606758E+00  0.404118157692692E+00 -0.829961621336262E+00
 0.956106541898922E-01  0.907997573993753E-01  0.991268887266011E+00 -0.352163222147448E+00  0.166186104355894E+00 -0.921066362259386E+00
-0.286455771681236E+00  0.337541054693501E+00  0.896665560433157E+00  0.125440123596884E+00 -0.610387642434493E+00 -0.782107218580202E+00
 0.126406415171000E+00 -0.250925768614524E+00  0.959717498459222E+00 -0.955048991373536E+00  0.178291919461413E+00  0.236840485414038E+00
 0.638632318634227E-01 -0.562142007120595E-01  0.996374152241146E+00  0.137007031486726E+00  0.199852259650324E-01 -0.990368448642384E+00
 0.146584344145712E+00  0.345741867234725E-01  0.988593776868832E+00 -0.824462851394342E+00  0.561222349144108E+00  0.727356961324973E-01
-0.220451451935576E-01  0.741540346195866E-01  0.997003104670709E+00 -0.146162246860648E-02 -0.705308452593391E-04 -0.999998929342006E+00
-0.926754246967729E-01  0.262234256240120E+00  0.960543835809414E+00 -0.229275756916909E-01 -0.265284320500861E+00 -0.963897585622714E+00
-0.210340489987034E+00  0.373970772310806E+00  0.903273347181945E+00  0.431936032553921E-01 -0.889356319756366E+00 -0.455169912392316E+00
-0.492179555632752E+00  0.296441217129705E+00  0.818463126722155E+00  0.462605489821182E+00 -0.656593778573670E+00 -0.595718701003800E+00
-0.143872854800168E+00  0.693938716507274E-01  0.987160114788362E+00  0.133552269396698E+00 -0.363449957573395E+00 -0.921991279611087E+00
-0.735431858955220E-01  0.191354295520844E+00  0.978761939081234E+00 -0.216472329110596E+00 -0.216709519347650E-01 -0.976048206069595E+00
-0.123912554288870E+00 -0.258646464070216E+00  0.957991485094509E+00  0.198529559685781E+00  0.973441145110593E+00 -0.114010310659815E+00
 0.257537224627768E+00  0.382592668355314E-01  0.965510645426675E+00 -0.445975885042937E+00 -0.405344503180451E+00 -0.797998335650873E+00
-0.208408598681397E+00 -0.222313607251652E-01  0.977789150377505E+00 -0.769251350994908E-01  0.907299006429430E-01  0.992900100070116E+00
 0.367416591517761E+00 -0.226035661429212E+00  0.902171229889165E+00  0.956510913335483E+00  0.287842940260509E+00 -0.472579560741347E-01
 0.448660436360557E+00  0.261816237695457E+00  0.854491703016331E+00  0.879673433884666E+00  0.251391048098784E+00  0.403704335688081E+00
-0.951462887855197E-01  0.276808313212800E+00  0.956203085890559E+00  0.228796826685063E+00  0.406863821281485E+00  0.884372004888821E+00
-0.253874506883462E+00  0.163671435897440E-01  0.967098677160398E+00 -0.634187358842840E+00  0.228199526768948E+00  0.738736333116472E+00
 0.226192746901035E+00 -0.291262559275281E+00  0.929517596828472E+00  0.162543976232438E+00  0.945943427086464E+00 -0.280660806922634E+00
-0.111061701666373E+00 -0.158436025981395E-01  0.993687213704434E+00  0.994460308328903E+00  0.603598206735785E-01  0.860545594761630E-01
 0.117915659999696E+00  0.143677323708224E+00  0.982574538535819E+00  0.268830361878673E+00 -0.285069233394448E+00 -0.920035743166581E+00
 0.890618641133313E-01 -0.227656507813540E+00  0.969659991342740E+00  0.203851410845074E+00 -0.630101716969396E+00  0.749277270820817E+00
-0.625110293442861E-01 -0.333961091023173E-01  0.997485373881314E+00 -0.592451966757344E+00  0.789625980263564E+00 -0.159660509764187E+00
 0.468530970515225E+00 -0.167299321338491E+00  0.867461622636841E+00  0.884447318370634E+00  0.358051673692746E+00  0.299252301566451E+00
 0.941422504154446E-01  0.257355193359833E+00  0.961720095005526E+00 -0.279291741415610E+00 -0.257304353136839E+00 -0.925089505417648E+00
-0.732647428130508E-01 -0.982670093450823E-01  0.992459506647456E+00  0.136004265373005E+00 -0.817762937627147E-01  0.987327441925314E+00
 0.651616113809640E-01 -0.667063929605137E-01  0.995642617378562E+00  0.301785151601005E-02  0.113093670542776E-02  0.999994806763713E+00
 0.223999372830532E+00  0.273955863232516E+00  0.935292716732069E+00 -0.575321075794092E+00  0.208192660407308E+00 -0.790987658500217E+00
-0.142199733983230E+00  0.277409692247657E+00  0.950170036520916E+00 -0.688554711084898E+00  0.622081373166880E+00  0.372702528837143E+00
 0.127495976523389E+00 -0.637212781614690E-01  0.989790065963392E+00 -0.948104588241716E+00  0.179447293263878E+00 -0.262481158743393E+00
 0.239205580226677E+00  0.171834180692196E+00  0.955643084385724E+00  0.555867009408746E+00  0.470252468777422E+00  0.685473911582138E+00
 0.301163026658745E-01 -0.254991230906372E+00  0.966474252359881E+00  0.229051615616148E+00 -0.960493657394583E+00  0.158073690057548E+00
 0.554267279476184E-01 -0.898973671279414E-01  0.994407532761335E+00 -0.781776501513233E+00 -0.457679873644433E+00  0.423502815743351E+00
-0.281854436098395E-01 -0.477657777760317E+00  0.878093746768300E+00 -0.167454169378937E-01 -0.749406681452944E+00  0.661898192175550E+00
 0.465013218751097E+00  0.102579117704789E+00  0.879340793434293E+00  0.766327798050763E+00  0.487996458597227E+00  0.417853039155197E+00
 0.932054578682806E-01  0.158097900737328E+00  0.983014647096377E+00  0.541434748165257E+00  0.493066483146799E+00  0.680980070689643E+00
-0.601413472414613E-02  0.307864797424396E+00  0.951411108139040E+00 -0.172602878598197E-01 -0.622007915480103E+00 -0.782820691820990E+00
 0.182546746288450E+00  0.639829701957128E-01  0.981113074494696E+00  0.291752223898141E-01  0.751943491332173E-01 -0.996742000849235E+00
-0.269254831459300E+00  0.322831304930174E+00  0.907348766623345E+00  0.905871248472061E+00 -0.232399037459474E+00 -0.354101635945925E+00
-0.236372853423549E-01  0.131446093939145E+00  0.991041473970583E+00 -0.173778890067279E+00  0.818493056390193E-01  0.981377393530845E+00
 0.179647332718654E+00 -0.204604857913915E+00  0.962218108312819E+00  0.934838820051778E+00 -0.247517497087457E+00  0.254580967787777E+00
 0.506105290342565E-01  0.580226822672107E-01  0.997031565545139E+00  0.169148450432476E-01  0.489401255040496E-01 -0.998658476223384E+00
 0.101244045878314E+00 -0.248195691082539E+00  0.963404661656902E+00  0.756256129872565E+00  0.516073159586817E+00 -0.402175533796190E+00
 0.154639392696025E-01  0.144051067834078E+00  0.989449420858958E+00 -0.395268743205252E+00  0.521782752286533E-01  0.917082356301278E+00
 0.174821400265227E-01 -0.232585214908978E+00  0.972418887406984E+00  0.525130799694151E+00  0.254895457451101E+00 -0.811951937606762E+00
 0.379344735275217E+00  0.999929350914760E-01  0.919836390207937E+00 -0.446168408198218E+00 -0.892669024085994E+00  0.638417180472666E-01
-0.116965425849267E+00 -0.110168957737600E+00  0.987006529819793E+00 -0.327127921041667E+00 -0.683425337926862E+00  0.652623268627860E+00
 0.308161867524043E+00  0.126630695057362E+00  0.942868458732916E+00 -0.572885047520402E-01  0.997246859596760E+00 -0.470821436180950E-01
-0.257893190616389E+00 -0.119060250066147E+00  0.958809553085432E+00 -0.378606037357943E+00 -0.146729701929930E+00  0.913853304993569E+00
 0.176518655325361E+00 -0.294507454913531E+00  0.939205261549615E+00 -0.774312935223416E-02  0.990669667116413E+00 -0.136064891148639E+00
 0.454950070723694E-01 -0.183846030647358E+00  0.981901645454725E+00  0.144102473695066E+00  0.210526738006608E-01 -0.989338800412076E+00
 0.139156547246491E+00  0.535333836658670E-01  0.988822346122759E+00  0.955501422724437E+00  0.294248383887099E+00 -0.208547297131009E-01
 0.335838726318350E+00  0.590026916892574E+00  0.734221075185882E+00  0.588473911006824E+00  0.808393771622581E+00  0.140700414409883E-01
-0.247685020375838E+00  0.256845847592776E+00  0.934174684550898E+00  0.830093389050041E-02  0.861865411437240E+00  0.507069134403448E+00
-0.805826775638856E-02  0.737106536554572E-01  0.997247112735079E+00 -0.707878037167136E+00  0.853441398665334E-01  0.701159797968226E+00
 0.230479991652284E+00  0.405187081258826E+00  0.884704697980584E+00 -0.950407662211097E-02  0.720283930215808E+00  0.693614253314066E+00
 0.547005398389023E+00 -0.199053422065816E+00  0.813119197471781E+00 -0.667687429797188E+00  0.539466051092294E+00 -0.513000853614992E+00
 0.538422841789134E+00 -0.134169689871619E+00  0.831925079414887E+00  0.607690525738026E+00 -0.476886740814716E+00  0.635052172158602E+00
 0.101559767093769E+00  0.116811445103181E+00  0.987947721289323E+00  0.328073909792429E+00  0.322041860091408E+00  0.888063370521707E+00
-0.161706837649359E+00  0.816354837906211E-01  0.983456428340227E+00  0.553792513548472E+00 -0.822444917405604E+00  0.129993114322853E+00
-0.300371205048123E+00 -0.196727691322396E+00  0.933314177887006E+00  0.404205087706456E+00 -0.743456164212761E-02 -0.914638165814988E+00
-0.927925245568312E-01 -0.273242164120392E-01  0.995310471452922E+00 -0.847585921112771E-01  0.300111242356909E+00  0.950131161090040E+00
-0.135605208057395E+00 -0.103373966023785E+00  0.985355291606141E+00  0.370619102096036E-01 -0.109463914002332E+00 -0.993299585393503E+00
-0.203065702630485E+00  0.406903376820668E+00  0.890614373534991E+00  0.543341064362162E+00 -0.518773187102286E+00 -0.660041565449881E+00
 0.676986657261256E-01  0.435296625387216E+00  0.897738123611448E+00 -0.320014816398215E+00 -0.814046016137873E+00 -0.484685053303354E+00
 0.955113652327271E-01 -0.233294984776174E+00  0.967703998746345E+00  0.216531276386899E+00  0.961165950462113E+00 -0.171097112829303E+00
-0.367134114976783E+00 -0.136778362718767E+00  0.920056640165260E+00  0.843002116060140E+00 -0.208636070121945E+00 -0.495800789190776E+00
-0.172734096773307E+00  0.490005900494282E+00  0.854433817971115E+00  0.205128633300862E+00 -0.648635834253229E+00 -0.732935057370527E+00
 0.372654393328373E+00 -0.514148271921173E-01  0.926544774243461E+00  0.172250052401575E-01 -0.522809132511749E-01  0.998483853301644E+00
 0.174862211333433E+00 -0.110997965824983E+00  0.978316236515728E+00  0.716448652412827E+00 -0.572978711908687E+00  0.397990859386627E+00
 0.460406875509585E-01  0.106389448227061E-01  0.998882910026443E+00 -0.551717273623118E-01 -0.250102396900815E+00  0.966646197718858E+00
-0.301658714155501E+00  0.281888066495720E-01  0.952999166502113E+00  0.570103647432844E+00  0.668780609851105E+00 -0.477194223635357E+00
-0.115939249554259E+00  0.115556719896143E+00  0.986511396234042E+00 -0.962391667229242E+00 -0.122244342587023E+00 -0.242607913212217E+00
 0.306012005680425E+00  0.321157930223208E+00  0.896222202488975E+00 -0.918319019983867E+00 -0.385433602253092E+00 -0.901726998047377E-01
 0.508758522704815E+00  0.259756959450877E+00  0.820786870991519E+00 -0.644582203327549E+00 -0.460679933568700E+00 -0.610153900225623E+00
 0.222823384002019E+00 -0.217616822565884E+00  0.950259258349119E+00  0.689716374767248E+00 -0.498986508491415E-01  0.722358253930389E+00
 0.134966622201028E+00 -0.203053627500287E+00  0.969821238811885E+00 -0.590888625228604E+00 -0.803478706474254E+00  0.726126767025521E-01
 0.955560757618097E-01  0.143791180557351E+00  0.984983823612818E+00  0.177521548111253E-01  0.268822197004425E-01 -0.999480968935146E+00
-0.373295911031929E+00 -0.223893937870808E+00  0.900289768569845E+00 -0.990783017988150E+00  0.127093807192817E+00  0.468633699122145E-01
 0.410988188240428E+00  0.489749756453934E+00  0.768917346130364E+00  0.598827996199900E-01  0.917944597315990E+00  0.392162933699831E+00
 0.236223835604292E+00  0.187596084122650E+00  0.953418066072929E+00 -0.465227189768490E+00 -0.835273265823339E+00 -0.293056706630179E+00
-0.195907161561065E+00  0.364461697467341E+00  0.910377973771505E+00 -0.477613001564096E+00  0.615912458055275E+00  0.626528263328354E+00
-0.891992561795753E-01  0.970005059603662E-02  0.995966566565085E+00  0.138346132388528E+00  0.137157888354163E+00 -0.980840487192165E+00
-0.220709243309866E+00  0.117495571209822E-01  0.975268874631528E+00 -0.417126209431341E+00  0.274673248131343E-01  0.908433416092259E+00
 0.329140117301669E+00  0.200754070579252E+00  0.922694199791298E+00  0.859982549431356E+00 -0.411063563981948E+00  0.302418189003248E+00
 0.874085345883619E-01  0.106785952651560E+00  0.990432485532161E+00  0.413400914288118E-01  0.657627344780628E-02  0.999123490599734E+00
 0.188888255325190E-01 -0.265405055773816E+00  0.963951953491303E+00  0.358763099786479E-01  0.981435541666420E+00 -0.188406921147437E+00
-0.216325766620942E+00  0.308007655704619E+00  0.926463408194412E+00  0.660744256539223E+00 -0.548557537383758E+00 -0.512349154024769E+00
-0.781431564960337E-02  0.154071705559377E+00  0.988028767808384E+00  0.181037071762189E+00 -0.217410081604416E+00 -0.959144637197401E+00
 0.239643106146006E-01  0.277878572102163E-01  0.999326546634498E+00  0.222608748159651E+00  0.275577217728574E-02 -0.974903970123468E+00
 0.200795125340761E+00  0.111994565845612E+00  0.973210426814490E+00  0.927052363567343E-01  0.286178697945889E+00  0.953681022142120E+00
-0.111945156941336E+00  0.104350378694971E+00  0.988220259002818E+00  0.766766085357106E-01  0.361471389480452E+00  0.929225017038679E+00
-0.989604215316475E-01 -0.134068374923633E+00  0.986018511903106E+00  0.527744428174780E+00  0.827099855916787E+00 -0.193369198356164E+00
-0.195358415778674E+00  0.162849344915349E+00  0.967116942383437E+00  0.195812285212079E+00  0.968416288782603E+00  0.154361396017765E+00
 0.180025039744526E+00 -0.146286942187760E+00  0.972723555595492E+00 -0.593719852662615E-01  0.409383128723014E-01  0.997396120859066E+00
-0.263300095725287E-01  0.180899435316381E+00  0.983149085794278E+00 -0.492426100291226E+00 -0.869286050144905E+00 -0.431079896938404E-01
 0.303558019618989E+00  0.226204272222567E+00  0.925572339665170E+00 -0.167547586071964E-01  0.989031651599458E+00  0.146750366944902E+00
-0.964684217061852E-01 -0.266581930451313E-01  0.994978986892229E+00 -0.145393255957703E+00  0.128871470479623E-01  0.989290009331431E+00
 0.211770232046577E-01  0.412994125883186E-01  0.998922365455919E+00  0.741453303642031E+00 -0.499358218943424E+00  0.448205720280285E+00
 0.170262904531483E+00 -0.166375457344408E+00  0.971251641200128E+00  0.242114301035547E+00 -0.523564875483685E+00  0.816860138820485E+00
-0.207715551443750E-01 -0.270371823376835E+00  0.962531879794519E+00 -0.958180219160966E+00 -0.138678237653248E-01  0.285829234111309E+00
-0.135976990791653E+00 -0.383591166880036E-02  0.990704569363095E+00 -0.167118513615109E+00  0.708544813941690E-01  0.983387535447465E+00
 0.865730572994629E-01  0.370884404423423E+00  0.924634989769102E+00 -0.715037740175388E+00 -0.103843056858837E+00 -0.691330347711632E+00
-0.130483566972669E+00  0.904889313883008E-01  0.987312408534549E+00  0.123938358429843E+00  0.277780668035314E+00  0.952615968675505E+00
 0.123178005997866E+00 -0.181436468299218E-01  0.992218719294340E+00  0.765467302142960E-01  0.282616065692982E+00  0.956174020513902E+00
-0.471590876513685E+00 -0.297892035028593E+00  0.829977337434931E+00  0.834175410097816E+00  0.522914582123231E+00 -0.175247610514458E+00
-0.226558417110419E+00 -0.131876011630654E+00  0.965028497606580E+00 -0.884565606368282E+00  0.790682819411126E-01  0.459664981069034E+00
 0.184835326591816E+00 -0.111509294695401E+00  0.976422848585709E+00  0.621256482346661E+00 -0.619595429095518E+00  0.479731057350047E+00
-0.223272391247568E+00  0.763240657060819E-01  0.971763384935184E+00 -0.202585783704777E+00  0.241319716626806E+00  0.949064694637768E+00
 0.824258970023176E-01 -0.960381649179925E-01  0.991958992288768E+00  0.113293821124314E+00 -0.114676401971599E+00  0.986921391462309E+00
 0.198380450356412E+00  0.137911581835266E+00  0.970373944679102E+00 -0.578708700258081E+00 -0.608901098867737E+00 -0.542527134845128E+00
 0.380940484682505E+00  0.125995051254136E+00  0.915974668967066E+00  0.346428872493026E+00  0.204667082394280E-01  0.937852946978924E+00
-0.316546112901281E-01  0.456354110512805E-01  0.998456506234624E+00 -0.444318272562233E-01  0.533060997525071E+00  0.844909335753990E+00
 0.702789544991107E-02 -0.273129882862818E-01  0.999602225565959E+00 -0.960123990588808E+00 -0.279372249040104E+00 -0.106333984264957E-01
 0.110543334920837E+00 -0.242940107291341E-01  0.993574341530251E+00 -0.431054715413329E+00  0.902324395758716E+00  0.158654927517092E-02
-0.335425872784903E+00 -0.180185575967608E+00  0.924674343798782E+00  0.311621299416256E+00  0.109860596128050E+00 -0.943834103626540E+00
 0.764513550366792E-01  0.488716738633398E+00  0.869086382181075E+00  0.816954050507029E+00 -0.576484245524056E+00  0.158743195986400E-01
-0.845630865466663E-01 -0.360068801088768E-01  0.995767336770255E+00  0.102501209652750E+00  0.132150615516332E-01 -0.994645094577915E+00
-0.873583642078277E-02 -0.121257389193316E+00  0.992582656874504E+00 -0.886757576779092E+00 -0.108825927448135E+00  0.449241491338373E+00
 0.408550013404214E+00  0.388837080372673E-02  0.912727652216098E+00 -0.735803766513987E+00 -0.203110279744639E+00 -0.646017825950557E+00
 0.958202651808258E-01  0.224777247629884E+00  0.969687406192640E+00 -0.414366812878228E+00 -0.187322413941869E+00 -0.890623634101482E+00
 0.443254743079292E-01  0.135316450456907E-02  0.999016226731679E+00 -0.320236307471247E+00 -0.234065129057496E+00 -0.917966351636311E+00
 0.318518625745151E+00 -0.297336067466589E+00  0.900076190128883E+00 -0.584180375740964E+00  0.582965991726435E+00 -0.564698097295856E+00
-0.323512813606596E-01  0.263104358732322E+00  0.964224813521399E+00 -0.158745868524541E+00 -0.712712975617245E+00 -0.683256879667670E+00
 0.676955352069537E-01 -0.426743200810214E-01  0.996792965925556E+00  0.101055403164241E+00  0.203673835344182E-01 -0.994672295371332E+00
-0.285964114634732E+00  0.228222036626360E+00  0.930666012670115E+00 -0.146206916729245E+00 -0.956593031489222E+00  0.252097817536743E+00
 0.308975388326708E+00  0.788722726152006E-01  0.947793951247250E+00 -0.819007199441325E+00  0.525471410882286E+00 -0.230449568471407E+00
 0.507721715764926E+00 -0.345924649295031E+00  0.789021416915175E+00 -0.486387721972848E+00  0.862862067754900E+00  0.137462852959636E+00
 0.104317455647485E+00 -0.181584702325523E+00  0.977826602383360E+00 -0.366576347046534E+00 -0.157335887907933E+00  0.916988113424728E+00
-0.249629219229947E-01  0.465640797371992E+00  0.884621670745094E+00 -0.111598776846709E+00  0.771292787632124E+00  0.626620418397762E+00
 0.263471021625786E+00  0.331803956708956E+00  0.905808564253919E+00 -0.206502240471342E-02  0.685138428611949E-02  0.999974396780154E+00
-0.816498226968545E-01 -0.429604670467858E+00  0.899318149247404E+00  0.169726418309529E+00  0.434993709309170E+00 -0.884292607562264E+00
 0.192885533717899E-01 -0.180771948966575E+00  0.983335880650986E+00 -0.128925986091703E+00  0.525352100423785E+00 -0.841060794883818E+00
 0.217068288841813E+00  0.117409078362078E+00  0.969069897529304E+00 -0.224172221592679E+00 -0.805117350479508E+00 -0.549120084337715E+00
 0.225833407434218E+00 -0.760625672641162E-01  0.971191926422292E+00  0.522942346186308E-01 -0.422283807428768E+00  0.904953976182830E+00
 0.123629104081380E+00 -0.434169655720542E-02  0.992318998253606E+00 -0.108715503688031E+00  0.161676312491518E+00 -0.980837249107620E+00
 0.858705335087256E-01 -0.187490277681856E+00  0.978505823820026E+00 -0.293853084873442E+00 -0.528024291234015E+00  0.796768920313273E+00
-0.902871856875479E-01 -0.336024754126239E+00  0.937515647184100E+00 -0.341536881931953E+00 -0.886525587787082E+00  0.312129685353649E+00
-0.222987923649112E+00  0.181404950444776E-01  0.974652403858011E+00  0.328709723432449E+00 -0.231322630788673E+00 -0.915663561689538E+00
-0.671158560488467E-01 -0.307340719548643E+00  0.949229763531545E+00 -0.561064617204722E-01 -0.802363251059189E+00  0.594192963861857E+00
 0.329749972552695E+00  0.190538703895510E+00  0.924640447914386E+00 -0.173782562825238E+00 -0.900075842959878E+00 -0.399578650302988E+00
-0.287137740119425E+00  0.821597463362854E-01  0.954359310889283E+00  0.952676553764710E+00 -0.301918545501035E+00 -0.353917474778462E-01
 0.198087816247105E+00 -0.274781083030816E-01  0.979799046038797E+00  0.842005464469062E+00 -0.504084678417913E+00  0.192159919828635E+00
 0.279557733433371E+00 -0.149217615216438E+00  0.948462744121621E+00 -0.733452439947581E+00  0.558588686489346E+00 -0.387332154179132E+00
-0.254518052771089E+00 -0.248370073482888E+00  0.934629802334442E+00  0.110001338346368E+00  0.913397318936885E+00 -0.391924792939816E+00
-0.327341025972027E+00  0.568032087141440E-01  0.943197353789417E+00 -0.270997178019416E+00  0.419934265634621E+00  0.866149953559674E+00
 0.151780756566200E+00  0.754743904621969E-02  0.988385369226010E+00  0.753390092317564E+00  0.651423258742494E+00 -0.897279597842391E-01
-0.187370330709821E+00  0.396005553713361E-01  0.981490782016813E+00  0.990978627194663E+00  0.119442416859922E-01 -0.133486686729158E+00
-0.182202947267420E+00 -0.576165567308222E-01  0.981571402597666E+00  0.182082850381420E+00 -0.521392638880850E-01  0.981899858823794E+00
 0.396448374183103E-01  0.396116090161856E+00  0.917344172042838E+00  0.615160421604016E+00  0.769666962079979E+00  0.170852050542409E+00
-0.278972202043209E+00  0.415859368852145E-01  0.959398311620644E+00 -0.375991880587669E+00  0.913472414960817E+00  0.155557876167687E+00
-0.175224631196114E+00  0.312561276305678E+00  0.933596153149932E+00 -0.516091035302219E+00  0.648082498624093E+00  0.560034925926799E+00
 0.319777612525628E+00  0.359592146507922E+00  0.876604680969270E+00  0.452226468539097E+00  0.584987533886631E+00  0.673261320996457E+00
-0.528336700342289E+00 -0.369461318668315E+00  0.764433558315759E+00  0.514738278558778E+00  0.814904135975118E+00 -0.266412750740260E+00
-0.140944954966704E+00  0.340552719456931E+00  0.929601185960906E+00  0.122375247709969E+00 -0.238135070091826E+00 -0.963491560492506E+00
-0.359917466088644E+00  0.192064879257797E+00  0.913000821335894E+00  0.725655915794760E+00 -0.565619608556068E+00 -0.391788144650842E+00
 0.154791219902867E+00 -0.656260032042119E-01  0.985765137314372E+00 -0.426977374401376E+00  0.377661412103549E-01 -0.903473320207845E+00
-0.809906579625278E-01  0.167764999735842E+00  0.982494487611218E+00 -0.742125646205734E-01  0.751802130727475E+00  0.655199245639115E+00
-0.680365573649019E-01 -0.165095012294149E-01  0.997546221100099E+00 -0.299127982793624E+00  0.323028877433087E+00  0.897872370804524E+00
-0.180784752319224E+00  0.189336334576342E+00  0.965126222697359E+00  0.873433096429256E+00 -0.457953174299611E+00 -0.165509867412525E+00
 0.206532451632297E+00 -0.109547018049144E+00  0.972287918910491E+00  0.279233870754051E+00 -0.797852426178738E-01  0.956902691230470E+00
-0.139432615592578E+00 -0.267920698915526E+00  0.953297983214917E+00  0.127275013609666E+00 -0.907951408323689E-01 -0.987703049155914E+00
-0.818853422957387E-01 -0.815840915318638E-01  0.993296947909350E+00  0.187746158317633E+00 -0.574134793256768E+00  0.796944552154652E+00
-0.462854034555826E-01 -0.366332704902743E+00  0.929332023953546E+00  0.402029438442425E+00 -0.778327676131816E+00  0.482263785902400E+00
 0.159754872924076E+00  0.696552794612078E-01  0.984696157512658E+00  0.847943778881950E-01 -0.331026391361054E-01  0.995848446682917E+00
-0.348015962663616E-01 -0.140120216801747E+00  0.989522699962333E+00  0.216836326705714E-01 -0.275539723203092E+00 -0.961045098323367E+00
 0.375623028358636E+00 -0.850318564710376E-01  0.922863437325251E+00 -0.671506428798432E+00  0.569365328296473E+00 -0.474238588704279E+00
 0.426691655075845E+00 -0.233321012934543E-01  0.904096147839303E+00  0.836695519844552E+00  0.455577869586304E+00  0.303956266287208E+00
-0.467351253978320E+00 -0.119135301927423E+00  0.876007754097847E+00  0.524085000317334E+00  0.282117975814064E+00 -0.803582204982760E+00
-0.418935620330220E+00 -0.265921375537043E+00  0.868204335425147E+00 -0.965263459704675E+00 -0.258096272038036E+00  0.406542460147688E-01
-0.716161631964002E-01 -0.134780504006344E+00  0.988284038578395E+00 -0.206169941448861E-01  0.510732904123464E-01 -0.998482077234682E+00
-0.187443398372127E+00  0.221573089260172E+00  0.956958901166822E+00 -0.394570339942571E+00  0.329679090071844E+00  0.857686390475566E+00
-0.223058350934889E+00  0.534058302495854E-01  0.973341044738975E+00  0.402872564477041E+00 -0.444324128295019E+00 -0.800168585865856E+00
 0.285805811835022E-01  0.409431095561677E-01  0.998752628111228E+00 -0.272769614147527E+00 -0.593718217912233E-01 -0.960245658347384E+00
-0.125410629900262E+00 -0.118404113613206E-01  0.992034262798828E+00  0.603074308962079E-01  0.146555585150662E-01  0.998072256093370E+00
 0.307503510152991E+00  0.303976611315242E+00  0.901687202424928E+00 -0.517482356098266E+00 -0.527740309392958E+00 -0.673574180746867E+00
 0.166159494501855E+00  0.160977109199857E+00  0.972870696804332E+00  0.247750486790959E+00  0.459640602812118E+00  0.852848293978100E+00
-0.325549661790670E+00  0.976531232702073E-01  0.940468651909012E+00  0.616782380953212E+00 -0.487188589409440E+00 -0.618244913359525E+00
-0.255197842919347E+00 -0.404794761434696E+00  0.878074747435741E+00  0.447660963074135E+00  0.885930962364401E+00  0.121350698653218E+00
 0.651923970062155E+00 -0.154849223771618E+00  0.742305095736063E+00  0.824648343234992E+00  0.113090115177176E+00  0.554225347533831E+00
 0.408297683139337E+00  0.738989493987516E-01  0.909852706332629E+00 -0.678338438994593E+00 -0.700402447187242E+00 -0.222021111961234E+00
 0.269094526350830E+00 -0.203177449332837E+00  0.941438824337846E+00  0.649507155027936E+00 -0.213021350575030E+00  0.729905719779415E+00
-0.146454641443270E+00  0.105675063768338E+00  0.983556718698663E+00 -0.566937430549751E+00  0.279095312004378E+00  0.775040487109432E+00
-0.276546973301308E+00 -0.151720881531429E+00  0.948948125908478E+00  0.701486160486354E+00  0.226807172199633E+00 -0.675629834513633E+00
-0.325895033668347E-01  0.158010909956668E+00  0.986899425780038E+00 -0.447301485956167E+00  0.854797217027140E+00  0.263140833821097E+00
-0.120880324641835E+00 -0.384002888036291E+00  0.915385016861360E+00 -0.122349800952223E+00 -0.846425881857421E+00  0.518260313673389E+00
-0.803273224732228E-01  0.571814950203305E-01  0.995127026007998E+00 -0.632702959819405E-01  0.931492794183422E-01 -0.993639814716682E+00
-0.428222180153406E+00  0.144240421276401E+00  0.892087700450281E+00  0.907973914307243E+00 -0.582725179495233E-01 -0.414955039238477E+00
-0.156783350621501E+00 -0.150231736545399E+00  0.976140054655299E+00  0.397346599173552E+00  0.682265207372673E+00 -0.613701773611529E+00
-0.103031883991323E+00 -0.143331693958504E-01  0.994574779056994E+00  0.422566897184807E+00 -0.182959061584373E+00 -0.887672912275558E+00
-0.188943852803489E+00  0.212741195925660E+00  0.958666471742855E+00  0.950407364769027E+00 -0.157840297498157E+00 -0.267978136194891E+00
 0.424014990480973E-01 -0.141051080378527E+00  0.989093881086383E+00 -0.596614960011392E-01  0.126438122888322E+00 -0.990178724764062E+00
-0.400410502455888E+00  0.856971789353314E-01  0.912319803054581E+00 -0.753309014469194E+00 -0.120746222782464E+00  0.646487338161559E+00
-0.269265239368493E+00 -0.155963848187210E+00  0.950353360033238E+00  0.380439161481762E+00  0.433506924985831E+00 -0.816907455223897E+00
-0.191293293905568E+00 -0.319188227353776E-01  0.981013794226129E+00  0.789618716860371E-01 -0.961865321869904E+00 -0.261878073545578E+00
-0.249718124831461E+00 -0.280993320687257E+00  0.926651828822351E+00 -0.463963102489650E+00 -0.322293950831110E+00  0.825145350096486E+00
-0.392757950287899E+00 -0.132925564441108E+00  0.909984608003707E+00 -0.667277484053615E+00 -0.478092126705491E+00  0.571111790858233E+00
-0.164632880662613E+00  0.288325976622858E+00  0.943273102451885E+00 -0.274432085286960E-01 -0.947676316734101E+00 -0.318051047800410E+00
 0.455981009932255E+00 -0.558204044752384E-01  0.888237243660376E+00  0.893073901515110E+00 -0.893118302403141E-01  0.440956237524433E+00
-0.265155213842572E+00  0.348289154387959E+00  0.899103652260306E+00  0.950504181322647E+00 -0.259825076286532E+00 -0.170389938144429E+00
-0.352327948966468E+00 -0.241019478246490E+00  0.904308922593862E+00 -0.209300270130900E+00 -0.131393320219026E+00  0.968983587231978E+00
 0.105870810990256E-01  0.519463802378407E-01  0.998593754884331E+00 -0.108984623661540E+00 -0.403049882018282E+00 -0.908665584475610E+00
 0.960046061467828E-01 -0.386193788069360E+00  0.917408019179710E+00  0.182335528974932E+00 -0.324679511285787E+00 -0.928082415426913E+00
-0.230876090131565E+00  0.306907980961144E-01  0.972499000471355E+00  0.302601743055138E+00 -0.202663375505900E-01 -0.952901600723956E+00
 0.403115772449643E+00  0.207122818569817E+00  0.891402160660396E+00 -0.473522348269235E+00 -0.693499991416385E+00 -0.542986507746798E+00
-0.868166681721839E-01 -0.508382613575798E-01  0.994926297425905E+00  0.589908470757970E-01 -0.774376984537874E-01 -0.995250462355813E+00
 0.113217575360832E+00 -0.186919973350708E+00  0.975829239258583E+00 -0.967487914824786E-01 -0.489098917923838E+00  0.866845960844492E+00
-0.135677689612532E+00 -0.790549188261798E-01  0.987593987603606E+00  0.625915935002234E-01 -0.407679406205815E+00 -0.910977384010589E+00
-0.327400967783623E+00  0.154195342747953E+00  0.932219074343144E+00  0.646086090278955E+00 -0.380511759966451E+00 -0.661652147638990E+00
 0.266548260809450E+00  0.761660573750038E-01  0.960807346122731E+00 -0.189912510116267E+00 -0.144632845583086E+00 -0.971089377184139E+00
 0.263339576761418E+00  0.171448694239770E+00  0.949345886679136E+00 -0.314963972965734E+00 -0.805068549874149E+00 -0.502655275250519E+00
-0.126085526851604E+00 -0.288039941313871E-01  0.991601114279644E+00 -0.592654265368150E+00  0.340407612278506E-03  0.805456892616604E+00
-0.191805192277532E+00 -0.921514771922959E-01  0.977097166850184E+00 -0.445635095309672E+00 -0.227583403212660E+00  0.865803185724379E+00
 0.114148175531208E+00 -0.159838632511295E+00  0.980521190785704E+00 -0.806426356568096E+00 -0.160013087398153E+00 -0.569273522389385E+00
 0.322783052248028E+00  0.145978173069013E+00  0.935147835461795E+00 -0.522190629600248E+00 -0.229148577065701E+00 -0.821466904985503E+00
 0.911519419580751E-01 -0.501433435047215E-01  0.994573762261724E+00 -0.993000210856678E+00 -0.116481914606742E+00  0.195587527245770E-01
-0.875526427019896E-01  0.214482814773500E-01  0.995928966331217E+00 -0.647096856491466E+00 -0.761555488934095E+00  0.360401941339700E-01
-0.195796155803213E+00 -0.495059942405568E-01  0.979394211697689E+00 -0.137763099984136E+00  0.148362819532796E+00 -0.979290458476462E+00
 0.330282190605919E+00 -0.165960504968629E+00  0.929177477858301E+00  0.704961248404708E+00  0.780688808992756E-01  0.704936087941886E+00
-0.214835711640278E+00 -0.478451895409031E-01  0.975477552197799E+00  0.196990186868615E+00  0.272958101011879E+00 -0.941641514255535E+00
 0.315103376015499E+00  0.213787658696342E+00  0.924664641593249E+00  0.819309111787422E+00  0.309947088753807E+00  0.482354000206430E+00
-0.297160429679535E-01  0.192295320131095E+00  0.980887081496135E+00  0.210359451729707E+00  0.963448384824664E+00  0.165879808435877E+00
 0.543179220223993E-01  0.398728587507670E+00  0.915458943290909E+00  0.912056140388830E-01 -0.715498564616111E+00 -0.692635069860078E+00
-0.184600070737149E+00  0.307807166135858E+00  0.933368931537392E+00  0.436064444231267E+00 -0.747113170005881E+00 -0.501666933015362E+00
 0.410805552432592E+00 -0.974784300959880E-01  0.906496968421061E+00  0.601309485259171E+00 -0.666942157222121E+00  0.440017115413998E+00
-0.857640430702710E-01  0.257656090259790E-01  0.995982260036674E+00  0.633612544373474E+00  0.744810189602040E+00  0.209267592038390E+00
-0.406425734672666E+00  0.154051706979095E+00  0.900603238819743E+00 -0.679645001254209E+00  0.169479603690773E+00  0.713694147519079E+00
-0.110316148545252E+00  0.167718603234492E+00  0.979643209285510E+00  0.159321078579690E+00  0.142581287572974E+00  0.976876333193837E+00
 0.203811521669910E+00 -0.561948965052351E-02  0.978994016820667E+00  0.571842282179270E+00 -0.276533682913356E+00  0.772350649981198E+00
-0.797193209771952E-01 -0.194280358246979E+00  0.977701371719586E+00 -0.323955002313069E-01  0.216832489710252E+00 -0.975671155139280E+00
 0.107534667139325E+00  0.169747998298461E+00  0.979602936110800E+00  0.380048613282075E-01 -0.113601815832993E+00  0.992799203240449E+00
-0.393851665071502E+00 -0.184321193109263E+00  0.900503505651801E+00  0.910294713302263E+00  0.154539043805356E+00 -0.384032835671218E+00
-0.274124389776074E+00  0.206365846389683E+00  0.939291731238897E+00  0.143265325363295E+00 -0.288124177538582E+00 -0.946815454492725E+00
 0.375427757757374E+00 -0.995905333328841E-01  0.921485607253712E+00 -0.414601590448373E+00  0.908683108489601E+00  0.489951991868205E-01
 0.217976086860508E+00 -0.182337917264208E+00  0.958769685317976E+00  0.120902953056342E+00  0.453428272722636E+00  0.883054515552705E+00
-0.430554228633677E+00 -0.865534063074461E-03  0.902564295247959E+00 -0.283616286897815E+00  0.346091407578638E+00  0.894305618570370E+00
 0.600254119159100E-01  0.186722173101177E+00  0.980577268753819E+00  0.407200299980815E+00 -0.297878027527245E+00 -0.863398283767122E+00
 0.116640829776605E+00  0.709479584907242E-01  0.990636817413437E+00 -0.178368155966351E+00 -0.145398698974428E+00  0.973161866943885E+00
-0.384092327964645E+00  0.118692378805171E+00  0.915633771118273E+00  0.420654853033661E+00 -0.367338893933728E+00 -0.829524943339725E+00
-0.361854578053126E+00 -0.181264018929587E-01  0.932058312497887E+00 -0.307637390479634E-01  0.563652401701557E-02 -0.999510791315829E+00
 0.154367403284207E+00  0.170892220485681E+00  0.973122065200849E+00 -0.186388317084107E+00  0.103774024608716E+00  0.976980218362206E+00
-0.221385370910275E+00  0.260535624079314E+00  0.939739169202030E+00 -0.394849822492774E+00  0.637266362275593E+00  0.661804503754286E+00
 0.728892327953862E-01  0.894032893153838E-01  0.993324826832638E+00 -0.902461950745877E+00 -0.228252653782533E+00 -0.365326092001622E+00
-0.173432624513852E+00 -0.287765174020329E+00  0.941866407392942E+00  0.482203535249431E+00  0.589369228206406E+00 -0.648169471231356E+00
 0.172147583886365E+00 -0.384909141151233E+00  0.906758050650948E+00  0.189246025059104E+00 -0.594287725503063E+00  0.781670033528039E+00
 0.301251746493018E-01 -0.270825684007518E+00  0.962156911701106E+00 -0.152738142175528E+00 -0.647090908228696E-01 -0.986145929104636E+00
 0.654568025917366E-01  0.799133672649420E-01  0.994650320829810E+00  0.569754193207258E-01  0.154281210248785E+00  0.986382841374178E+00
-0.923667752315700E-01 -0.421266731210242E+00  0.902220992888527E+00 -0.309235845822415E+00  0.933998014990946E+00 -0.178943844966702E+00
-0.660665598315510E+00  0.549291883024352E-03  0.750680135264572E+00  0.969527399934050E+00 -0.228801008902894E+00 -0.875598030042287E-01
 0.213319514259301E+00  0.891667261318440E-01  0.972904969556177E+00  0.937663437269710E-01  0.484770588645231E+00  0.869600683744344E+00
-0.364259204308667E+00  0.331724808052018E+00  0.870214849217863E+00 -0.331187735946344E+00  0.912465090194825E+00  0.240254329273136E+00
-0.322120759285081E+00 -0.300775507773929E+00  0.897648210804733E+00  0.578034373724350E+00  0.704929099033572E+00 -0.411036772234327E+00
-0.266806203826905E+00 -0.414102563666247E+00  0.870249111671203E+00 -0.425809902401340E+00 -0.834089847195485E+00  0.350685120617306E+00
 0.828211189137634E-02 -0.361573559922240E-01  0.999311789298150E+00 -0.303533843756268E+00 -0.179687124060169E+00 -0.935724181124722E+00
 0.134741240978811E+00  0.218611409698795E+00  0.966464613697261E+00  0.102967039900144E+00  0.535981746088054E+00  0.837926820524682E+00
-0.126112341732667E+00  0.134918879050228E+00  0.982798338082912E+00  0.966561703670462E+00 -0.240651492647271E+00  0.885738792437961E-01
-0.196441737667106E+00  0.163125184691123E+00  0.966850980152482E+00  0.223581604112583E+00 -0.348382020734397E+00 -0.910297332705893E+00
-0.503203818757032E-01 -0.118501884902313E+00  0.991677952988006E+00 -0.254842912475560E+00 -0.391949069889487E+00  0.883985868989850E+00
-0.291899643130663E+00  0.660525153882898E-01  0.954165427769772E+00 -0.618621735493511E+00  0.203760781537394E+00  0.758807414488200E+00
-0.212693161306788E+00 -0.182616617410672E+00  0.959902489932602E+00  0.383340509504199E+00  0.776810316669330E+00 -0.499615637954974E+00
 0.350129175074496E+00 -0.358439005525624E+00  0.865408019421738E+00 -0.765307633254893E+00  0.541665657035407E+00 -0.347710429050085E+00
 0.195528976963919E+00  0.232774038386346E+00  0.952672381367674E+00  0.657434652466133E+00 -0.737999329475452E+00 -0.152107420695108E+00
-0.927652506668328E-02  0.121906037464286E+00  0.992498294261730E+00  0.532157702367864E-01  0.345988788152453E-02  0.998577043083784E+00
 0.128098584530459E-01  0.620094149148826E-01  0.997993356685467E+00  0.150133963698172E+00  0.261224209827459E+00  0.953531176807710E+00
 0.169111837687806E+00 -0.232303874148840E+00  0.957828845049726E+00 -0.530912170592226E+00  0.637893638349263E+00 -0.557874513910244E+00
-0.133215205513221E-01 -0.244030856809480E-02  0.999908286786490E+00  0.811156650516172E+00  0.128329615880898E+00  0.570575497205450E+00
 0.489589653616170E+00 -0.211630340564642E+00  0.845880943173738E+00  0.287285157251407E+00 -0.800551187516373E+00  0.525913523869809E+00
-0.270437156460673E+00  0.252300632296870E+00  0.929089950084525E+00 -0.325423401065413E-03 -0.339439205131584E+00 -0.940627939261453E+00
 0.137953102312554E-01 -0.254407736605583E+00  0.966998652000533E+00 -0.292005325571963E+00 -0.950722133270601E+00 -0.104212835807347E+00
 0.123213259975403E+00 -0.165651712370944E+00  0.978456949873017E+00  0.653798296310509E-02 -0.227298803414490E-01 -0.999720264533253E+00
-0.419461498466093E+00  0.103744549765346E+00  0.901825437486970E+00  0.931604295477022E+00 -0.530206553678627E-01 -0.359586216022143E+00
-0.248365770613847E+00 -0.173478222464975E+00  0.953005640233982E+00  0.447704396404012E+00  0.180910419612139E+00 -0.875689553161552E+00
-0.115097361366061E-01  0.773838855877242E-01  0.996934932794218E+00  0.710659173960172E+00  0.440414586731423E+00  0.548633329520214E+00
 0.246126694712814E-01 -0.282457648232513E+00  0.958963968799900E+00  0.107342834533790E+00  0.594351204423522E-03 -0.994221888021430E+00
-0.346854889038736E+00  0.837928810403842E-01  0.934168314083109E+00 -0.951257421421554E+00 -0.245609498210245E+00  0.186508156870760E+00
 0.789852500183204E-01 -0.154094820855779E+00  0.984893962041076E+00  0.459433068283827E-02  0.111189722263561E+00 -0.993788578012712E+00
 0.116644800457501E+00  0.337832872305765E+00  0.933950181174492E+00  0.244127785962992E+00  0.877276671026872E+00  0.413264160789219E+00
-0.122942408094828E+00  0.263172202271842E+00  0.956883251103934E+00  0.303231660617119E-01 -0.951362913984595E+00 -0.306576436626715E+00
 0.867010835800035E-01  0.120689224959885E+00  0.988896876870706E+00  0.420165080449317E-01 -0.993487340092659E+00  0.105912785476177E+00
 0.344644931598414E-01 -0.932300288175730E-01  0.995047918664177E+00  0.336206976452788E+00 -0.930311918845514E+00  0.146576269015320E+00
-0.576558696950630E-01 -0.328002662819701E+00  0.942915719390069E+00  0.347401884248167E+00  0.314802074717835E+00 -0.883295864687574E+00
 0.466547116932946E-01 -0.946339220768244E-01  0.994418301656387E+00 -0.232359338488498E+00  0.328400209143161E-01 -0.972075445036822E+00
 0.118360358422205E+00  0.267095854286602E+00  0.956373687518157E+00  0.106420985229371E+00  0.268205720067843E+00  0.957465542787676E+00
 0.268205975325512E-01  0.635823398051713E-01  0.997616129386898E+00  0.264923733780329E+00  0.530752412853742E+00 -0.805057321890697E+00
 0.156413157224828E+00 -0.118605881376288E-01  0.987620499329571E+00 -0.415966821470937E+00 -0.106900893334657E+00  0.903074638354781E+00
-0.117822088376304E-01 -0.609737603065985E-01  0.998069827271108E+00 -0.229389699505172E+00 -0.813239320362157E-01  0.969931329445078E+00
-0.193910866351200E+00 -0.194948785208060E+00  0.961453871517936E+00 -0.105214751314193E+00  0.168403591693044E+00  0.980086774939227E+00
-0.435808456138053E+00 -0.153507136712444E-01  0.899908520433244E+00 -0.835732961736112E+00 -0.166256860145506E+00  0.523363232489964E+00
-0.310423432840292E+00 -0.308244582786730E+00  0.899234435242714E+00  0.461364649639727E+00  0.160445037466103E+00 -0.872582402994303E+00
 0.299807369506211E-01 -0.253668996461976E+00  0.966826352374547E+00  0.576741037605833E+00 -0.645503636827834E+00  0.500694348263875E+00
-0.211856227588208E+00 -0.457163296727065E+00  0.863781603738894E+00  0.667876872851328E+00  0.671172337863747E+00 -0.321664694358650E+00
 0.929434746716684E-01  0.258269161942417E+00  0.961591675559600E+00  0.232923804912654E-01 -0.925259964037606E+00 -0.378617833653115E+00
-0.133102816831939E+00  0.669682189104038E-01  0.988837144229206E+00 -0.423990618508787E+00  0.529363945051065E-01  0.904118185611447E+00
 0.792292778540326E-01  0.483390426803640E+00  0.871812145364656E+00 -0.115573010142463E+00  0.797870831828587E+00  0.591646021742536E+00
 0.489202346944571E-01 -0.485140501831996E+00  0.873066723750046E+00  0.116904264312618E+00  0.886199791308751E+00 -0.448311635884962E+00
-0.433299017648923E-01 -0.537393488148434E-01  0.997614455589934E+00  0.363943132365809E+00  0.918717526852080E+00 -0.153308519849878E+00
 0.319997106237970E+00 -0.156265475156610E-01  0.947289640507098E+00 -0.960792641889650E+00 -0.253461417218281E+00 -0.112404667484970E+00
 0.512148611326292E+00  0.112220194500581E+00  0.851534161301120E+00  0.912642295698326E+00  0.393495736602112E+00  0.110657784987998E+00
 0.554156745893478E+00  0.235536922396217E-01  0.832079037449347E+00  0.836352711628273E+00 -0.639056930120027E-01  0.544454042277849E+00
 0.159769344358923E+00 -0.254525470115851E+00  0.953776987385115E+00  0.432009830859661E+00 -0.413822016279683E+00  0.801323183792173E+00
-0.957108394694886E-01 -0.113785586162215E+00  0.988884359058109E+00  0.728993892043591E-01 -0.169131804414812E+00 -0.982893743895555E+00
-0.120109950387706E+00  0.146777394467483E+00  0.981850292198968E+00  0.111423084853948E+00 -0.667603073511641E+00 -0.736132482912852E+00
-0.154127740330217E+00 -0.245675340255628E-01  0.987745450980466E+00  0.952045446001894E+00 -0.305106166627997E+00  0.227968382154894E-01
-0.114206717212237E+00  0.348536634443019E+00  0.930311259845186E+00 -0.841837620466745E-02 -0.561189041209590E+00 -0.827644845914199E+00
-0.232331969296997E+00  0.181333480786773E+00  0.955583604290243E+00  0.376060337581797E+00 -0.498046500475038E+00 -0.781363107564232E+00
 0.212922239919472E+00 -0.164015049018120E+00  0.963204642556948E+00  0.737623422114838E+00 -0.490183201862063E+00  0.464362052454602E+00
-0.152529091537931E+00  0.116416558032442E+00  0.981418392557676E+00  0.237556611535217E+00 -0.923595532905141E+00 -0.300895576427397E+00
 0.374751211202680E-01  0.113992193971451E+00  0.992774594261253E+00  0.467240590470429E+00 -0.851282459470029E+00 -0.238755952418999E+00
 0.630206461922055E-02 -0.210440427735242E+00  0.977586369767983E+00  0.993200084912256E+00 -0.739383752586580E-01  0.899261252050693E-01
 0.162554817321908E+00  0.274561727455230E+00  0.947729808111068E+00 -0.917781204782857E+00 -0.389277545620941E+00 -0.783623163431519E-01
 0.138441534392424E+00 -0.260306440286541E+00  0.955549317775080E+00  0.966399649282639E+00 -0.252336509210650E+00  0.489694188833698E-01
 0.701825356649705E-01  0.205922207884606E+00  0.976048388138398E+00  0.974423356813346E+00  0.210253043766476E+00 -0.793270400528238E-01
-0.316603719665176E+00 -0.301743915576850E+00  0.899284545684248E+00  0.979496901979658E+00  0.154750958084156E+00 -0.128988216455178E+00
 0.109545018706138E+00 -0.539242292898122E+00  0.834995591860609E+00  0.457699154989085E+00 -0.707513854047394E+00  0.538456711215749E+00
 0.476892110398638E+00  0.148268861101642E-01  0.878836775793895E+00  0.735826907455977E+00 -0.123878492452850E+00  0.665742353595881E+00
-0.982483450198118E-01  0.109488779943783E+00  0.989120553707833E+00  0.118738899926280E+00  0.455929907165271E+00  0.882059518057916E+00
-0.337239171207410E+00  0.253330873599222E+00  0.906693558973920E+00 -0.303342798648889E+00 -0.952468199265266E+00 -0.280620009308234E-01
 0.418700209090387E+00 -0.347053329246390E+00  0.839192541415058E+00  0.654702339370078E+00 -0.727148318296496E+00  0.206446530660909E+00
 0.492806962022733E-01  0.296126966541883E-01  0.998345882537053E+00 -0.777615088093602E-02  0.409659950405025E+00  0.912205161414706E+00
-0.430796851914637E-01 -0.125722182981035E+00  0.991129695564757E+00  0.807655188854458E+00  0.455417690402952E+00 -0.374550161105973E+00
 0.112667853594324E+00  0.345987452986863E-01  0.993030151400351E+00  0.956211662778089E-01 -0.165012824398034E+00 -0.981645231406874E+00
-0.298568570079060E+00 -0.364629358188181E+00  0.881987664374180E+00 -0.479060830589330E+00 -0.302217476950718E+00  0.824114868947651E+00
 0.262116107797147E+00 -0.176415249975304E+00  0.948774370232157E+00 -0.394960610066192E+00  0.645074424365391E+00 -0.654129271265092E+00
 0.104660332933208E+00 -0.259656942743420E+00  0.960012753454583E+00 -0.413144949156141E-01 -0.982958315450566E-01  0.994299271854673E+00
-0.255414388102768E+00 -0.302478280495257E+00  0.918297544469504E+00  0.325159434220828E+00  0.944596600850858E+00  0.448174519377989E-01
-0.323046214661521E+00 -0.701473898259928E-01  0.943779893244957E+00 -0.677837345049477E+00 -0.476499681603607E+00  0.559896943274330E+00
 0.961652203626322E-01 -0.334658815804283E+00  0.937419717840990E+00 -0.191511536146198E+00  0.383712289719284E+00 -0.903376007120683E+00
-0.698850103722858E-01 -0.416611375511808E+00  0.906394531713108E+00  0.276254192834592E+00  0.652973923816514E+00 -0.705201159781359E+00
-0.454352483841093E+00 -0.348991889344190E+00  0.819614837347032E+00  0.785595894680073E+00  0.358268800480517E+00 -0.504462641693185E+00
 0.112992089624205E+00  0.175718313639367E+00  0.977934487547143E+00 -0.505288932161636E-01 -0.407694763516067E+00 -0.911719151247755E+00
 0.104838343802191E+00 -0.157125238054752E+00  0.981998259283106E+00  0.475629012986381E+00  0.126562405745416E+00  0.870493537860870E+00
-0.273078517886130E+00 -0.269123105312261E+00  0.923580466042997E+00 -0.973519456106415E+00  0.189347060921157E+00 -0.128091994686589E+00
-0.481268710994838E+00  0.224959969120271E-01  0.876284404711337E+00  0.783275824475780E+00  0.161634021943578E+00 -0.600294449201498E+00
-0.983301674520739E-01 -0.217842412525964E-01  0.994915385850423E+00 -0.415886319913515E-01  0.202815693851076E-01 -0.998928948240246E+00
-0.615250082680216E-01 -0.872716120318990E-01  0.994282826509124E+00  0.353911522097165E+00 -0.494498719664112E+00 -0.793862488581884E+00
 0.258596837754183E+00  0.139123791421225E+00  0.955914350851644E+00  0.366862558159117E+00 -0.914936780265470E+00  0.168233621902414E+00
 0.616167406731540E+00 -0.134695657824031E-01  0.787500030272610E+00 -0.808849674860738E+00 -0.110619511497013E+00 -0.577516689935313E+00
 0.693798292996699E-01 -0.319467285645342E+00  0.945054015751876E+00 -0.103621187601047E-01 -0.240999444596749E+00  0.970469934721762E+00
-0.412959605471767E+00  0.401712658692742E-01  0.909862975203993E+00 -0.137080009114352E+00 -0.207699367635165E+00 -0.968540161162748E+00
 0.310499646714982E+00 -0.269267862909385E+00  0.911638517941231E+00 -0.819727747060042E+00  0.501496670483331E+00 -0.276672207122438E+00
 0.386555735005283E-01 -0.236867796827552E+00  0.970772575562066E+00 -0.566249363308818E+00 -0.822320469266595E+00  0.561311355445980E-01
 0.101073692823913E+00 -0.248612777975294E+00  0.963315003125325E+00  0.339870706428534E+00 -0.449989647896614E+00  0.825831229548538E+00
-0.959001678820477E-01 -0.250891335500504E+00  0.963253183524959E+00 -0.730612169639563E-01 -0.751370547520689E+00  0.655823420513637E+00
-0.176082139652162E+00 -0.974574195997321E-02  0.984327232483774E+00 -0.528482171110001E+00  0.272358331719240E-01  0.848507397852423E+00
 0.848096217550085E-01  0.336374067761846E-02  0.996391496002664E+00  0.288093780740401E+00 -0.706932506246665E-01 -0.954989234397341E+00
-0.873003198425435E-01  0.317425737248512E+00  0.944256085756204E+00 -0.379432865536007E-01 -0.283853012610493E+00 -0.958116785281136E+00
-0.232177863265332E+00  0.335164923603639E+00  0.913103451858173E+00 -0.603935763764100E+00  0.611392892274433E+00  0.511331912286899E+00
-0.151149705023587E+00  0.871354845019482E-01  0.984662974835498E+00 -0.911361012521190E+00 -0.275955396631333E+00  0.305400923257275E+00
-0.937983201477123E-01  0.150216963491739E-01  0.995477887135752E+00  0.492415724125526E+00 -0.415531370342544E+00 -0.764761685033437E+00
 0.279527992257569E+00  0.393021783958954E+00  0.876012544931963E+00  0.423354147824796E+00 -0.899384945423984E+00 -0.108986170977044E+00
 0.272329968455392E+00  0.183143270472044E+00  0.944613640999265E+00 -0.638960895685569E+00 -0.250217106205188E+00 -0.727406608127117E+00
 0.337891647053426E+00  0.166796662502734E-01  0.941037206270455E+00 -0.746554859433009E+00  0.705101703576834E-01 -0.661577023280805E+00
 0.549943072682660E-01  0.524905350474412E-01  0.997105997323513E+00 -0.168608213118480E+00 -0.131959011669805E+00 -0.976810160526661E+00
 0.319143121301097E+00  0.942060985408783E-01  0.943012661168396E+00 -0.772551151112629E+00 -0.513377079718884E-01 -0.632873730419224E+00
 0.329338609524228E-01 -0.102363444612151E+00  0.994201733055169E+00  0.106390232781907E+00 -0.187486431891720E+00  0.976488584789972E+00
-0.433458655936401E+00 -0.681799241635270E-01  0.898590613981063E+00 -0.862638698014691E+00 -0.434275447962050E+00  0.259344003178944E+00
-0.389545235748127E+00 -0.179996551217644E-01  0.920831429590364E+00  0.347752548839432E+00 -0.269688871160699E+00 -0.897962180466275E+00
 0.264192615125277E-01 -0.163096518212293E+00  0.986256329950870E+00  0.495347933562737E+00  0.297872146729303E+00 -0.816028558886270E+00
-0.390972413807076E-01  0.104580877045059E+00  0.993747576536871E+00  0.785975144275843E-01 -0.308639285709087E-01  0.996428546680080E+00
 0.376114073177808E+00  0.249686511902807E+00  0.892297511893543E+00 -0.958441169824611E+00 -0.152800297166348E+00 -0.240920304605292E+00
-0.215004568301862E+00 -0.250855215470057E-02  0.976609821154496E+00 -0.376593253389809E+00 -0.366133671291175E+00  0.850954555924184E+00
-0.584646030859119E-01 -0.184867193550072E+00  0.981022941084930E+00 -0.287957405180419E+00 -0.232382858802504E+00  0.929020311799767E+00
-0.549969169444598E+00  0.587030534339398E-01  0.833119357702095E+00 -0.682765554897673E+00  0.710069600158015E-02  0.730603022962241E+00
 0.105494741695453E+00  0.180087988536343E+00  0.977977083504283E+00 -0.497498613498050E-01 -0.568989868876140E-01  0.997139637456479E+00
-0.822321281021187E-01 -0.815793849496274E-01  0.993268685230254E+00 -0.195896699654144E+00 -0.261209474071008E+00  0.945195267508339E+00
-0.440059983532536E+00 -0.378462512880284E+00  0.814317712712725E+00  0.103673237140520E+00  0.694424315994461E+00 -0.712058094017918E+00
 0.126041835273429E+00 -0.166217618755306E+00  0.978000592523451E+00 -0.927272299023236E-01  0.321879861292458E+00 -0.942228749152237E+00
-0.258948205990307E+00 -0.568861039569910E-01  0.964214601523435E+00  0.924206142653137E+00  0.257310376193058E+00 -0.282195634596987E+00
-0.147776457315611E-01  0.541379527526813E-01  0.998424109914410E+00 -0.838276426389097E+00 -0.544060661119316E+00 -0.359253390065830E-01
-0.331647997190258E+00  0.272697716599457E-02  0.943399263066930E+00 -0.592206347434795E+00  0.401044990362341E+00  0.698895240907540E+00
 0.167888677730900E+00 -0.102906990886385E+00  0.980420085022986E+00  0.199234158603680E+00  0.217911383417060E+00  0.955416338055168E+00
 0.381847570173753E+00 -0.782541156975639E-02  0.924192185687677E+00 -0.877176286466580E+00 -0.249229256223410E+00 -0.410422392545809E+00
-0.263179971816759E+00 -0.300306651170203E-01  0.964279244610792E+00  0.757536565264297E+00 -0.622540190454586E+00  0.196423174692651E+00
-0.222269512999093E+00  0.131931202164810E+00  0.966017816340100E+00  0.401564024539253E+00 -0.155021481337457E+00 -0.902615463262058E+00
 0.122830766821964E+00 -0.481418009304970E+00  0.867841749997526E+00  0.453326840494165E-01  0.940049404563781E+00 -0.338011929872537E+00
 0.683944754834421E-01 -0.348342161756946E+00  0.934868939512830E+00  0.191539837060782E+00 -0.767327494479902E+00  0.611981214608688E+00
-0.292120555933842E-01 -0.297141922873798E+00  0.954386364885245E+00 -0.970574517765482E+00 -0.241419366802322E-01  0.239587713286031E+00
-0.185572768457408E-01  0.157404833769254E-01  0.999703888488552E+00  0.560704983608762E-01  0.121036986850391E+00  0.991063139778562E+00
-0.258030836069382E+00 -0.124293352644708E+00  0.958108162018086E+00 -0.586468671667810E+00 -0.556375309597031E+00  0.588643365734298E+00
 0.336203265723168E+00  0.980648369008477E-01  0.936669980238871E+00  0.253595908514894E+00 -0.181462676906976E+00  0.950137049100949E+00
 0.133202626725906E+00  0.110342995742380E+00  0.984927146302667E+00  0.537366215862042E+00  0.780963274984060E-01  0.839725260833191E+00
 0.130693155865073E+00 -0.230095300774233E+00  0.964352348248110E+00 -0.174312861537794E+00  0.302663118585124E-02 -0.984685668528882E+00
-0.206828224170098E+00 -0.213540401714382E+00  0.954789286975039E+00 -0.582101134513432E+00 -0.177399416203878E-01  0.812922852224909E+00
 0.217712253703053E+00  0.242750039753291E+00  0.945343214281096E+00 -0.414137647265343E+00 -0.790621343772666E+00 -0.451007649479065E+00
-0.108266783873508E-01  0.123632586803889E+00  0.992268999069948E+00 -0.121765518397761E+00 -0.163134462018814E-01  0.992424823350536E+00
 0.837970128843555E-01  0.454653346896506E+00  0.886717765011767E+00  0.850652652373368E-01 -0.768382188161897E+00 -0.634312788429839E+00
 0.157660451442038E-01  0.312297350444854E+00  0.949853565938263E+00  0.100851406949413E+00 -0.932756156798343E+00 -0.346114064538134E+00
 0.350515380327765E+00 -0.785808192621150E-01  0.933254532803231E+00  0.675648062061330E+00 -0.931789736415689E-02  0.737165431244222E+00
 0.264544025135723E-01  0.224036599035069E+00  0.974221621029040E+00 -0.329506042459407E+00 -0.429438770788056E+00 -0.840837743043676E+00
-0.348116296903433E+00 -0.463189315089986E+00  0.815028037687484E+00  0.322795903010509E+00  0.468549555275168E+00 -0.822352794882508E+00
 0.354574700577381E-01  0.122355702938332E+00  0.991852735931888E+00 -0.982681806199334E+00  0.172917181696510E+00  0.666041743357816E-01
-0.329206563529747E+00 -0.873349749445824E-01  0.940210423618226E+00 -0.784318459217629E+00  0.991514929458008E-01  0.612383487675087E+00
-0.144420666044683E+00 -0.120914994577382E+00  0.982100929286579E+00  0.620618428315614E+00 -0.782761869534969E+00  0.460067607768401E-01
-0.241718226278726E+00 -0.180498284708303E+00  0.953411069949383E+00 -0.152038474813330E+00 -0.569159207488947E+00  0.808048326962559E+00
 0.166406201340662E+00  0.298372318010427E+00  0.939831333804346E+00 -0.431998055438540E+00 -0.379819688717115E-01 -0.901074386573023E+00
 0.383820837173926E-01  0.190141768534362E+00  0.981006077202448E+00  0.223120478280129E+00 -0.502839518921806E+00 -0.835086624478283E+00
 0.160312339850791E+00 -0.343879346464323E-02  0.987060346884157E+00 -0.205623974519485E+00 -0.933287557669312E-01 -0.974170685480633E+00
-0.577803828857688E-01 -0.406227072078712E+00  0.911943525260162E+00 -0.299037473877848E+00 -0.715387790132047E+00  0.631503680865553E+00
-0.285045685325774E-01  0.635127536478846E-01  0.997573866787234E+00  0.152761550717654E+00  0.158190244525144E+00  0.975520248462026E+00
-0.138448697692762E+00 -0.242662948808901E+00  0.960180530620439E+00 -0.265213111170803E+00 -0.314651549686638E+00  0.911403537376776E+00
 0.448408751847477E+00 -0.233832616775976E+00  0.862700352728737E+00  0.719501337546002E+00 -0.227288643199944E+00  0.656245150794917E+00
-0.399839631567546E-01 -0.185022529450011E+00  0.981920539700743E+00 -0.100963282028491E+00  0.433221947836047E+00 -0.895614403409847E+00
-0.195269821110929E+00 -0.333867702474532E+00  0.922172464459703E+00  0.120357769469966E+00 -0.508836852339179E+00  0.852407804416273E+00
 0.634600347980301E-01 -0.773316578270873E-01  0.994983737897835E+00  0.133373837424884E+00  0.130247747605736E+00  0.982469818230664E+00
-0.339006801092142E+00  0.619639817865246E-01  0.938741100503452E+00 -0.572570466217759E+00  0.241788026324179E+00  0.783391097435653E+00
 0.125519287875515E+00  0.224713552326470E+00  0.966306746210561E+00  0.760015878318764E+00  0.449024257792524E+00  0.469843676787536E+00
 0.288930888785517E+00  0.385757490326352E+00  0.876190675688075E+00  0.170400327402377E+00  0.571833901854717E+00  0.802477237752432E+00
-0.275180459785465E+00 -0.107115854674535E+00  0.955406671648050E+00  0.589512160003708E+00  0.117565776829717E+00 -0.799158120353030E+00
-0.280152769345914E+00 -0.326343222851026E+00  0.902781549837512E+00  0.742228967778066E+00  0.444521239847380E+00 -0.501494792311600E+00
 0.214898324044047E-01  0.121718673927076E+00  0.992331976467888E+00 -0.431455004384713E+00 -0.369251720233707E-01  0.901378450409389E+00
-0.452091937610786E+00  0.398640753892862E-01  0.891080094851570E+00 -0.849944391407783E+00  0.122032874096511E+00  0.512545128895201E+00
-0.760277587338373E-01 -0.658272045088317E-01  0.994930429250439E+00 -0.416705281223072E+00  0.908759889501173E+00  0.226312137238905E-01
 0.241386688692314E+00 -0.120622200080228E+00  0.962903292844077E+00 -0.458803031479370E+00  0.881833898128709E+00 -0.108943813116970E+00
 0.800904638623592E-02  0.371443164999278E+00  0.928421149237404E+00 -0.450233340268525E-01 -0.242865672691788E+00 -0.969014532616034E+00
 0.414809451808769E-01  0.237142290186910E+00  0.970588927091077E+00  0.448684370263830E+00  0.231729817968650E+00 -0.863124340605203E+00
-0.116556593987262E+00 -0.779084265489776E-01  0.990123647566682E+00  0.404686173696984E-01  0.294545861850859E+00 -0.954780093149580E+00
 0.148712421889207E+00  0.743586007892165E-02  0.988852528722425E+00  0.409506439447553E+00 -0.870155620042494E+00  0.274105222422796E+00
 0.168947916235142E+00  0.130731137709435E+00  0.976916563086633E+00  0.478868248996937E+00  0.404533589333303E+00  0.779126289637131E+00
 0.902300903372263E-01  0.573421605334774E-01  0.994268780271758E+00 -0.279202198618575E+00  0.508915616868765E+00 -0.814279452763999E+00
 0.167661026856092E+00  0.466366724908307E-02  0.985833672726465E+00  0.380157811698939E+00 -0.649791467871025E+00  0.658218114674986E+00
-0.181175765687674E+00 -0.309488173625109E-01  0.982963637491920E+00  0.219921617365831E+00 -0.525332030696705E+00 -0.821985851301148E+00
 0.102306114035472E+00  0.244814138081077E+00  0.964157402516093E+00  0.637939210101519E+00  0.714044642708584E+00  0.288398703939910E+00
-0.249318059751692E+00  0.211004336855871E+00  0.945154841763859E+00  0.483474058950440E+00 -0.411141395001841E+00 -0.772797248725645E+00
-0.147258148790354E+00  0.807592893564705E-01  0.985795604979793E+00  0.355017987830984E+00 -0.321008344727512E+00 -0.878018149545749E+00
-0.290585785326959E+00 -0.317171307366430E+00  0.902752603512936E+00  0.621908588324609E-01  0.883622973851240E+00 -0.464050360585973E+00
 0.153476301519402E+00  0.515370438981613E-01  0.986807457398942E+00 -0.408522069510319E+00 -0.141921352529700E+00 -0.901647408036616E+00
-0.735742429027158E-01  0.244616741989237E+00  0.966824430969689E+00  0.545708677713126E+00 -0.365140536288703E+00 -0.754237646784745E+00
-0.239173802988728E+00 -0.362444765019095E+00  0.900793918870549E+00 -0.205924157467430E-01 -0.134092813030239E+00  0.990754798074352E+00
-0.137986309038498E+00  0.450014404605979E-01  0.989411263769724E+00  0.441812474578929E-01 -0.357409157006713E+00  0.932902305635920E+00
-0.104081767811951E+00  0.113851825748274E+00  0.988030742124416E+00  0.244306397164278E+00  0.190131222675843E+00  0.950875650370962E+00
 0.101515186046105E+00  0.736330882034829E-01  0.992105254155850E+00  0.623998068644932E-01  0.945394551782578E+00  0.319899055270710E+00
-0.137726860892489E+00 -0.384845272842200E+00  0.912647482744413E+00  0.344836265314651E+00  0.938661182357090E+00  0.177055353884539E-02
 0.803607084264754E-01  0.266621176539766E+00  0.960445367921438E+00  0.333454393944043E-02 -0.605851470259929E+00 -0.795570786794361E+00
 0.258968523309272E+00  0.548519572542819E+00  0.795023007511392E+00  0.223827602070641E+00  0.794186288896826E+00  0.564950743941092E+00
 0.267749591905318E+00  0.257219981262582E+00  0.928519271352950E+00  0.855936420709361E-02 -0.325586109294982E-01 -0.999433176424873E+00
-0.122693363744170E+00 -0.422185058048029E-01  0.991546235059541E+00 -0.893137607071222E+00  0.332860739627723E+00  0.302504450958289E+00
 0.507596394458816E-01  0.379859702730068E+00  0.923650402070582E+00  0.332537300272322E+00 -0.687162533154876E+00 -0.645930798890848E+00
-0.170294990379452E+00 -0.381496877311650E+00  0.908548154394208E+00  0.965182633625905E+00 -0.135443096329455E+00 -0.223780364204845E+00
-0.183999581116330E-01 -0.116114257383002E+00  0.993065416160428E+00  0.116692931487262E+00  0.664672966357991E+00 -0.737965180434537E+00
-0.401176584647954E+00  0.398801684244593E+00  0.824629956146319E+00  0.907060992377244E+00 -0.416623826169587E+00 -0.605387774523226E-01
-0.200818550053970E+00 -0.191043073572658E+00  0.960819678188438E+00  0.130446887275579E+00 -0.767110584630302E+00  0.628112219709400E+00
 0.262117245513142E+00  0.151984860944685E+00  0.952992734310303E+00 -0.268851159290707E+00 -0.730588874394423E+00 -0.627661493768044E+00
-0.267748969486682E-01  0.186489528365832E-01  0.999467518957713E+00 -0.569220790426869E+00 -0.398343327961983E+00  0.719242855240136E+00
 0.373870028845620E+00  0.192571407528397E+00  0.907269229354499E+00 -0.522770841158332E+00 -0.366401697895101E+00 -0.769714520724533E+00
-0.312265104170350E+00  0.267503672560706E+00  0.911554874861637E+00 -0.491121119595493E+00  0.408640942219486E+00  0.769293589099272E+00
-0.206946292736373E+00 -0.200258875863520E+00  0.957637517310465E+00 -0.523322540200510E+00 -0.445542205316175E+00  0.726378456591386E+00
 0.243709571726051E+00 -0.317938406683141E+00  0.916253684415452E+00  0.591420064281014E+00 -0.296907757333569E+00  0.749712005506776E+00
 0.306377648909117E+00 -0.633800161162511E-01  0.949797720467903E+00  0.509072374799405E+00 -0.465504529234176E+00  0.723982631337633E+00
 0.356936483085372E+00 -0.410099066278357E+00  0.839294407749906E+00  0.513456920098856E+00 -0.689284581232080E+00  0.511124991834984E+00
 0.360781709499832E+00 -0.320922097184283E+00  0.875697188318668E+00  0.629010856450224E+00 -0.460319032412293E+00  0.626459680160476E+00
-0.290400706874202E+00  0.387265986209334E+00  0.875038562220132E+00  0.440669586267543E+00 -0.741282489802643E+00 -0.506271257381641E+00
-0.433224943558033E-01  0.208342307396614E+00  0.977096026207991E+00 -0.360390138249807E+00  0.853212482894942E+00  0.377024412053827E+00
-0.413662219432686E+00 -0.258599088534788E+00  0.872931887161307E+00 -0.476484319461200E+00 -0.493856611284057E+00  0.727370841317292E+00
 0.305795758191888E+00 -0.122507720455373E+00  0.944182616182207E+00 -0.485724247744726E+00  0.137310270896103E+00 -0.863260009880719E+00
-0.807129703978995E-01 -0.202227563915818E+00  0.976006879485089E+00  0.595246329666799E+00  0.595807621669845E+00 -0.539161464663719E+00
 0.136934058956543E+00  0.351328958626241E-01  0.989956940036279E+00 -0.216015021325479E+00 -0.113776774470509E+00  0.969738292609320E+00
-0.129710610845754E+00  0.291040431666550E+00  0.947876903700776E+00  0.671377071145223E-02 -0.467885055385853E+00 -0.883763826047102E+00
 0.240214821548879E+00  0.142225139194694E+00  0.960244161288831E+00 -0.350073240269526E+00 -0.962017194736848E-01 -0.931769260931858E+00
 0.289273216047496E+00 -0.420059853728416E+00  0.860157384298478E+00  0.392930103155040E+00 -0.733570338550794E+00  0.554509235660727E+00
 0.108646933760351E+00 -0.426852616689047E+00  0.897770954871111E+00  0.507991675926647E+00 -0.498111919959134E+00  0.702729658107484E+00
 0.224340265587097E+00  0.410788121216484E+00  0.883699363303913E+00 -0.119421696735560E+00 -0.686586570010844E+00 -0.717173159166979E+00
-0.190173469572110E+00  0.355237811049464E+00  0.915226829300633E+00  0.172042385118216E+00  0.888154564773732E+00  0.426125435516842E+00
-0.113534654839203E+00  0.147320319974457E+00  0.982551070160308E+00 -0.996620899838659E+00  0.610781566687675E-01  0.549203130246597E-01
 0.462335987938092E+00 -0.261240451865835E+00  0.847348134220075E+00  0.762821775827709E+00 -0.121700429591562E+00  0.635052709434650E+00
-0.448011642803879E+00 -0.331373979957271E-01  0.893413387389199E+00  0.980903805779170E+00 -0.173293987530976E+00  0.883001568150052E-01
 0.257545198106369E+00 -0.260249749211733E+00  0.930559261394771E+00 -0.645140866722550E+00  0.472109331233179E+00 -0.600754560071780E+00
-0.359084557832087E+00 -0.694593167328252E-01  0.930716758012632E+00 -0.334188456597446E+00  0.118314557968865E+00  0.935050662183418E+00
-0.319102039358264E+00  0.252957486191815E+00  0.913338052780522E+00  0.940778925680738E+00 -0.200601403370794E+00 -0.273302195308901E+00
 0.252828930753459E-01 -0.687247281260183E-01  0.997315239561567E+00 -0.457462973009369E-01  0.215208291399068E-01  0.998721247494207E+00
-0.481255692538212E-01  0.827587667573863E-01  0.995406909815675E+00  0.955632361900736E-01  0.102819610540135E+00 -0.990098881717001E+00
-0.182142876015287E-01 -0.527158547088380E+00  0.849571719137847E+00  0.276710653817128E+00  0.737251496303910E+00 -0.616353344488162E+00
 0.186952370524687E+00  0.500655775634304E-01  0.981092375415506E+00  0.803314179828515E+00  0.369170320625262E+00  0.467332432916742E+00
-0.104905041466966E+00  0.202464300544500E+00  0.973654527684148E+00 -0.256245679224066E+00 -0.452306553139147E+00 -0.854258118993540E+00
 0.547319108660936E-01  0.756434032249523E-01  0.995631705743391E+00 -0.123296174577482E+00  0.314628351393117E+00  0.941173232637971E+00
 0.265459616160478E+00 -0.624671846379418E-01  0.962096171404575E+00  0.251795203943884E+00 -0.497946838856209E+00  0.829848251756890E+00
-0.432052671899512E+00 -0.304266200569095E+00  0.848971476491254E+00  0.404960223320122E+00  0.912974704335560E+00 -0.498438238090982E-01
-0.486430443426487E-01  0.308428206156034E+00  0.950003103092011E+00  0.303687625409174E+00 -0.152688543043085E+00 -0.940457354161643E+00
 0.149923571978630E+00  0.255376579310069E+00  0.955146965291235E+00 -0.410221552248385E+00 -0.798140331620074E+00 -0.441237225438112E+00
 0.508251985758495E-01 -0.249756318037617E+00  0.966973929736484E+00  0.436779139652578E+00 -0.692350658996150E+00  0.574347062456099E+00
-0.275107190449521E+00  0.237865046696292E+00  0.931523619305030E+00 -0.923286689301134E-01  0.493022322717469E+00  0.865103696787770E+00
 0.649689589701566E+00  0.148299872384906E+00  0.745594115376477E+00 -0.991689207403557E+00 -0.750405710782296E-01 -0.104505639137600E+00
 0.134729669851156E-01  0.228072603314877E+00  0.973550906104962E+00  0.386135143785974E+00 -0.920071943951488E+00 -0.660853136991550E-01
 0.352101084697843E-01  0.264878878764073E+00  0.963638639660238E+00 -0.927505805872874E-01 -0.967137430964289E+00 -0.236733012967173E+00
-0.341391711354602E-01  0.139545759505492E+00  0.989626948904596E+00 -0.258255985410599E+00  0.735019085702189E-01  0.963276344273094E+00
 0.335013379826499E-01  0.410812481368912E+00  0.911104146354790E+00  0.569010713350672E-01  0.576165619508556E+00  0.815349892363544E+00
-0.259880508442141E+00 -0.356093321543580E+00  0.897585465392524E+00 -0.319568453597590E+00 -0.671830352934908E+00  0.668221505446063E+00
 0.751998822033614E-01 -0.334528142122634E+00  0.939380593712995E+00  0.586212131410879E+00 -0.568735994058549E+00  0.576970281772768E+00
-0.539788208769907E-01 -0.143953214493208E+00  0.988111207776636E+00 -0.105788256931555E+00 -0.326714440382670E+00  0.939183964482370E+00
 0.563798316286022E-01  0.157471708676523E+00  0.985912762647906E+00 -0.275195749659403E+00  0.823026983505614E+00  0.496884175428288E+00
-0.281162745976375E+00 -0.193822550780377E+00  0.939883146504933E+00 -0.292752861525689E+00 -0.269649967570249E+00  0.917379232955425E+00
-0.991475027103899E-01  0.267993378926822E-01  0.994711801576118E+00  0.360561645073659E-01  0.408310351398050E-02 -0.999341423772032E+00
 0.981528411919138E-01 -0.619103354652766E+00  0.779151497478922E+00 -0.217774116712922E+00 -0.791376710517633E+00  0.571224418368295E+00
-0.144001670266320E+00 -0.102260165832551E+00  0.984279623605208E+00  0.251822885660638E+00  0.629341469762822E+00 -0.735196945514819E+00
-0.118728648419166E+00  0.106869430698351E+00  0.987158767791062E+00  0.348906611677466E+00  0.134452946300734E+00 -0.927462442128414E+00
-0.256139560131676E+00 -0.369729316400008E+00  0.893136472399338E+00 -0.714267259431977E+00 -0.422717175365063E+00  0.557792498833496E+00
-0.295844438634128E+00 -0.165795789634868E+00  0.940737914760859E+00  0.972937499103619E+00 -0.229258741194607E+00  0.288626475545781E-01
-0.683677428282922E-01  0.856320225101351E-01  0.993978374242311E+00  0.743678940775870E-01  0.125561299792894E+00  0.989294585209473E+00
 0.418213231569796E+00  0.147750487898664E+00  0.896251910048539E+00 -0.606954181204414E+00 -0.344129652159691E+00 -0.716366808571509E+00
 0.510298257657156E-02 -0.241147989201046E+00  0.970474938817647E+00 -0.265427096165151E+00 -0.556475172571872E+00  0.787327021594230E+00
-0.411471905374700E+00  0.145769541663045E+00  0.899690008731152E+00 -0.970481489030784E+00 -0.184695687856974E+00  0.155090884115193E+00
-0.479423629547925E-01  0.871068545331353E-01  0.995044685291899E+00 -0.175923874969163E+00  0.171639039339009E+00  0.969324935401239E+00
-0.270903058157946E+00 -0.293830806755494E+00  0.916665146104120E+00 -0.732239980564777E-01  0.406877032350623E+00 -0.910543423815786E+00
 0.456746321655627E+00 -0.800885724362132E-01  0.885984547393003E+00 -0.829181097898381E+00  0.383372653566143E+00 -0.406797388617097E+00
 0.525711603067870E-01 -0.223728238825821E+00  0.973232730777122E+00  0.228050947462033E+00  0.848475195939283E+00 -0.477579948529525E+00
-0.445016332987501E+00 -0.226807744564412E-01  0.895235190240204E+00  0.975521480194227E+00 -0.143399113123622E+00 -0.166716933858033E+00
 0.120297539401010E+00  0.135412068220488E-02  0.992736958298239E+00  0.101071659359079E+00  0.184658575803619E+00 -0.977591801344805E+00
 0.414279576226743E+00  0.145623916415389E+00  0.898424235920444E+00  0.353985092126381E+00 -0.174393352459143E+00  0.918847927118704E+00
 0.148026842237307E+00  0.103260510304027E+00  0.983577816438030E+00  0.951480065490863E-01 -0.987475051526464E+00  0.125856582913020E+00
-0.202354963481627E+00  0.262204089376103E+00  0.943557886019082E+00 -0.109427431213804E+00 -0.796939622466740E+00 -0.594064706442419E+00
-0.337550975183934E+00  0.480814779676909E-02  0.941294970169893E+00  0.462617410122835E+00 -0.540418005515091E+00 -0.702804034682736E+00
 0.769226582448921E-01  0.292350358009378E+00  0.953212553851620E+00 -0.625480852547607E+00 -0.292462766695100E+00 -0.723352772299496E+00
-0.212159134392117E+00  0.690601311312478E-01  0.974791875213434E+00 -0.605917093098530E+00 -0.110300531426456E+00  0.787844063922594E+00
-0.219757929970309E+00 -0.195159026163749E-02  0.975552481166757E+00  0.819904697542351E+00  0.312588926671892E+00 -0.479629492285557E+00
 0.293214206218342E-01  0.187360237570534E+00  0.981853551030005E+00 -0.121159128617402E+00  0.312754651709333E+00  0.942074834281675E+00
-0.309682091518107E+00 -0.200357332375250E+00  0.929491227261691E+00 -0.852913944969407E+00 -0.440189139654656E+00  0.280662294950385E+00
-0.159569032830447E+00 -0.235396225021150E+00  0.958710770257301E+00 -0.998106742686170E+00 -0.332924329520962E-01  0.517159947456696E-01
-0.382746378412151E-01 -0.361189228366385E-01  0.998614277642396E+00  0.142672908169775E+00 -0.294455818592746E+00  0.944955137650066E+00
-0.130286959426434E+00  0.429682630947412E-01  0.990544818052185E+00 -0.410124903711717E+00 -0.578484258264337E-02 -0.912011019095575E+00
 0.143263055087253E+00  0.223647677331548E+00  0.964083717044983E+00 -0.120671433744431E-01 -0.796760661855561E+00 -0.604174504402717E+00
 0.308411736617472E+00 -0.164082551199321E+00  0.936994726297068E+00 -0.964170025712104E+00  0.212148438956539E+00 -0.159277121290612E+00
 0.327831981259717E+00  0.217488361068506E+00  0.919361193907522E+00  0.735198812597539E+00 -0.498606109721376E+00  0.459210902858026E+00
-0.364011105984877E-01  0.242514758911824E-01  0.999042954564165E+00 -0.178467888789049E+00  0.629520689123357E-01 -0.981929859863135E+00
 0.382660611285156E+00 -0.139108308126020E+00  0.913356302425941E+00  0.714455730343424E+00 -0.133239527900695E+00  0.686877163388218E+00
 0.176480340607781E+00  0.175661242855414E+00  0.968502874098706E+00  0.511557152825508E-02 -0.942788251199535E+00  0.333352882585499E+00
 0.210773970752953E+00 -0.183591720776576E+00  0.960139788424232E+00 -0.501102418015338E+00  0.563819448693283E+00 -0.656508945814437E+00
-0.201116061555839E+00 -0.424238761858926E-02  0.979558233047715E+00  0.459341011664464E+00  0.121695774493973E-01 -0.888176635803808E+00
 0.289835637359868E+00 -0.206694113856165E+00  0.934490688350298E+00  0.811180784189866E+00 -0.544913641300230E+00  0.212261298606315E+00
 0.359882998855064E+00 -0.319663729602954E-01  0.932449665201747E+00  0.582093401924072E+00  0.236611872310304E+00  0.777934504517105E+00
 0.212634621553942E+00 -0.146226288830431E+00  0.966128557786950E+00  0.184748280080092E+00  0.619705960419277E+00 -0.762779519670179E+00
 0.241416257076055E+00 -0.285358616396429E+00  0.927517466610578E+00 -0.325980657965214E+00  0.273464763414875E+00 -0.904960570302935E+00
-0.907207928176872E-01  0.148516192531551E+00  0.984739903886535E+00 -0.206936206897882E+00  0.365259425634719E+00  0.907613881702848E+00
 0.118665599187925E+00 -0.418459024284111E-01  0.992052113560232E+00  0.215242112101016E+00 -0.722665113940106E+00  0.656830241593844E+00
 0.340164094379061E-01  0.566774034675767E+00  0.823170746264895E+00 -0.766361858781009E-01 -0.978624113786001E+00 -0.190844803258095E+00
 0.208393580371012E+00  0.137658145253466E+00  0.968309016123224E+00 -0.734241160063073E+00  0.673190102103670E+00  0.877781595779012E-01
-0.305935849146128E+00 -0.781432220174057E-01  0.948839761529826E+00  0.534526110029648E+00 -0.781424275104778E+00 -0.321959531577410E+00
 0.661041784171166E-01 -0.367785873451405E+00  0.927557970633310E+00  0.152321550824998E-01  0.248646072151524E+00 -0.968474631704497E+00
 0.488405632396996E-01 -0.130698883327567E+00  0.990218360403076E+00  0.631871010561202E-01 -0.484611987721189E+00  0.872444044977695E+00
-0.444525624919543E+00 -0.377006145662675E+00  0.812565895741671E+00  0.677697026151114E+00  0.204963236120771E+00 -0.706198847765158E+00
-0.335150220810110E+00  0.839653257510549E-01  0.938415767963462E+00  0.704441523349467E+00 -0.206042717908533E-01 -0.709462898371050E+00
-0.134137925441695E+00  0.209023604589810E+00  0.968667202749469E+00 -0.943392570231607E+00  0.284485781889674E+00  0.170523600520349E+00
-0.146871075978962E+00  0.371677734885501E+00  0.916670359742893E+00 -0.252739498225949E+00  0.935291591225653E+00  0.247694136828230E+00
-0.319986904716597E+00  0.709289870926711E-01  0.944763176462705E+00 -0.360497337081127E+00  0.529791533412160E-01  0.931254465368443E+00
-0.120504258616569E+00 -0.183085121553473E-01  0.992543964788426E+00  0.361549808707536E+00 -0.192387864413248E+00 -0.912287589222858E+00
 0.181936805613159E+00 -0.673947293369668E-01  0.980997935380537E+00  0.901881821477506E+00  0.372419843208282E-01  0.430374505160638E+00
 0.879569483172076E-01  0.360587908720168E+00  0.928568756381314E+00 -0.265446776238090E+00  0.378406706592526E+00  0.886761734284133E+00
-0.264793680221734E+00 -0.126757240540068E+00  0.955937711822950E+00 -0.277064421260353E-02 -0.484817147789967E+00  0.874611146018302E+00
 0.481726254505476E+00  0.483780750543537E-01  0.874985358491307E+00 -0.905458120374999E+00 -0.145490561818387E+00 -0.398720564642388E+00
 0.321516634826199E+00  0.212983545249377E+00  0.922640267375668E+00  0.463993679801332E+00  0.589832931009457E+00  0.660913745205236E+00
 0.136159013458562E+00  0.406659242772043E-02  0.990678649149167E+00 -0.865627413594691E+00 -0.383683700638624E+00 -0.321676854463630E+00
-0.835348353476599E-01 -0.114507224599045E+00  0.989904049288649E+00 -0.152682060728465E+00  0.136771623895421E-01  0.988180714019799E+00
-0.356083229195613E-01 -0.745450153154287E-01  0.996581701633378E+00  0.139104211481898E+00 -0.143997034674237E+00 -0.979752454629753E+00
 0.249173979641303E+00 -0.218647022470626E+00  0.943454189367160E+00 -0.477880060096997E-01  0.702478946423398E+00 -0.710098328623219E+00
-0.272961166394846E+00 -0.324650582092042E-01  0.961477104062202E+00 -0.923225647365495E-02 -0.128032574568157E-01  0.999875413258521E+00
-0.977844832102467E-03  0.250972282704119E+00  0.967993779491257E+00 -0.296494488496113E+00  0.706490002140404E+00  0.642621891291512E+00
-0.512489439677002E-01 -0.924592150906251E-01  0.994396721277288E+00 -0.110968134776827E+00 -0.618874062484253E-01  0.991895166845768E+00
-0.475256073115163E-01 -0.844272392573418E-01  0.995295613333574E+00  0.238605885788284E-01  0.314694863539929E+00 -0.948892941892950E+00
 0.105335972870989E+00  0.963026870260601E-01  0.989762661091478E+00 -0.286897683003848E+00  0.176781444941323E+00 -0.941508385629932E+00
 0.426258094610959E-01  0.999786988859762E-01  0.994076103795305E+00  0.676322759076634E+00  0.280436729601606E+00 -0.681133442318996E+00
 0.377306145035333E+00  0.432983151925065E-01  0.925075850306377E+00  0.706434427867739E+00  0.454870250473589E+00  0.542257737941354E+00
-0.243835094435628E+00  0.240900994171442E+00  0.939420650043834E+00  0.807599397631634E-01  0.181131912112261E+00  0.980137267194757E+00
-0.922615752466059E-02 -0.290283390880513E+00  0.956896248815012E+00  0.104042572701827E+00  0.360234237688193E+00 -0.927041766622622E+00
-0.201595079031972E+00  0.704675429167307E-01  0.976930780303995E+00 -0.799574421154503E-01 -0.143640783286222E-01  0.996694778106178E+00
 0.798071431635375E-01 -0.114855671803734E+00  0.990171194569195E+00 -0.988065267592082E+00 -0.880554575589649E-01 -0.126385376417799E+00
-0.481820850774620E+00  0.298614957096266E-01  0.875760788590586E+00 -0.718682712023437E+00  0.538759625167251E-01  0.693247820120290E+00
 0.193444262327303E+00  0.327836928629407E+00  0.924717397694821E+00 -0.119793331109889E+00 -0.649129641154502E+00 -0.751185906947291E+00
-0.781607344098531E-01 -0.208084782175068E+00  0.974982883451636E+00  0.439209798534447E+00 -0.276684151471771E+00 -0.854716697623064E+00
 0.261534030557967E-01  0.107159651925243E+00  0.993897785744521E+00 -0.209581525210511E+00  0.843780768901828E+00  0.494074486612976E+00
-0.249283856697911E+00 -0.147767895363766E+00  0.957090490961841E+00  0.489539952524656E-02 -0.468775269804773E-01  0.998888648713000E+00
-0.163639278821444E+00  0.402878959434067E+00  0.900505819232792E+00  0.295020715671368E+00 -0.915998981887658E+00 -0.271861439901887E+00
-0.372872848025270E+00  0.360415477045242E+00  0.855024282176696E+00 -0.563682915986630E+00  0.311775026454561E+00  0.764890778545583E+00
 0.185464376507609E+00 -0.121387520136256E+00  0.975124625369401E+00  0.116979527553117E+00  0.833641797890883E+00 -0.539775085514981E+00
 0.129547677276202E+00 -0.273005647571487E+00  0.953249870551480E+00 -0.827004735398475E+00  0.543539705640087E+00 -0.143623661077086E+00
-0.322417900409450E+00  0.614947525318053E+00  0.719643132810120E+00 -0.313089342721598E+00  0.820369344742130E+00  0.478507263979896E+00
 0.192604655516375E+00  0.178700333558610E+00  0.964867678730850E+00 -0.801996424762330E+00 -0.336419480023937E+00 -0.493582483612277E+00
-0.413308420614013E+00 -0.169407947926337E+00  0.894693856371517E+00  0.557515859798808E+00  0.591867593393470E+00 -0.582124400762773E+00
 0.197549925676088E+00  0.130283461481557E+00  0.971596750987649E+00  0.636007052755696E+00  0.523678900808646E+00  0.566793999344438E+00
-0.561567613459078E-01  0.672526332610712E-01  0.996154356249367E+00 -0.316395588201304E+00  0.169702713128418E+00  0.933324606406370E+00
 0.874607339063829E-01  0.191231999487974E+00  0.977640497522677E+00  0.168607303940898E+00 -0.780622034850151E+00 -0.601831218668649E+00
-0.123282302517286E+00 -0.746981854019990E-01  0.989556291973168E+00 -0.449793110926780E+00 -0.327816529861926E+00  0.830796292789089E+00
-0.521507670789597E-01 -0.214373091741765E+00  0.975358639183635E+00 -0.145876712324276E+00 -0.988443816083441E-01  0.984352463818690E+00
-0.352448683148335E-02  0.374453520023434E+00  0.927238987173552E+00  0.479468974230944E+00  0.835581091704042E+00  0.268167376719480E+00
 0.323223406254946E+00  0.100427930516284E+00  0.940978671608006E+00 -0.634053741992932E+00 -0.196887697401784E+00 -0.747804176824778E+00
-0.361824416501608E+00 -0.748843463177068E-01  0.929233784523486E+00 -0.844160887187597E+00 -0.377900247014218E+00  0.380241764998590E+00
-0.380900137131344E+00 -0.217803680458829E-01  0.924359616762388E+00  0.713353317201698E+00  0.250849863747511E+00 -0.654370988580017E+00
-0.161586925434342E+00  0.221988324240882E+00  0.961566872052798E+00 -0.161155565229279E+00  0.973971292070627E+00  0.159401399046260E+00
-0.300592253583766E+00  0.395543318145924E-01  0.952932186422588E+00 -0.684240337152490E+00  0.728041035750207E+00  0.420881370128568E-01
-0.154023843660277E-01  0.812784105144945E-01  0.996572419114677E+00 -0.651899784962468E+00 -0.671425546394127E+00 -0.352440641832402E+00
 0.231544290076031E+00  0.200710587342237E+00  0.951894165263093E+00  0.270321146979162E+00  0.495292251543108E+00  0.825598003302594E+00
-0.637390465284728E-01 -0.185253831522015E+00  0.980621411072619E+00 -0.445553628000814E-01  0.315761552530843E+00 -0.947791887277510E+00
-0.189136279770772E+00  0.339533064011851E+00  0.921381987080926E+00 -0.610050025452123E-01 -0.924964864341936E+00 -0.375124498529972E+00
 0.156954622696433E+00  0.512952729805448E+00  0.843945936301229E+00  0.614720277241678E+00  0.783049544408662E+00  0.946170795855689E-01
-0.116945508545872E+00 -0.243038462682564E+00  0.962941355269283E+00 -0.773580756076407E+00 -0.601666630151773E+00  0.198922296362333E+00
 0.218356551748037E+00  0.776481101614092E-01  0.972774993149530E+00 -0.236204592475231E-01 -0.685644783558007E-04 -0.999720995680219E+00
-0.519912647372590E+00  0.170438059553202E+00  0.837043431942312E+00 -0.639998047392757E+00  0.127275650128233E+00  0.757762105292877E+00
 0.170020873608604E+00  0.365584785153041E+00  0.915117843450762E+00  0.655502021428328E+00  0.729680394125285E+00  0.194637155580697E+00
 0.172204185631475E+00  0.299753103229283E-01  0.984605098108904E+00  0.874552037681819E-02 -0.425994388978263E-01  0.999053954338267E+00
 0.364883807224288E+00 -0.983961073773409E-01  0.925839086061123E+00 -0.710717975767493E+00  0.353144617066099E+00 -0.608415021476456E+00
 0.187190488814546E+00  0.208651780869636E+00  0.959908409816947E+00  0.154385269523234E+00  0.890224480268207E+00  0.428562204686134E+00
-0.610268187445872E-02 -0.189992841827079E+00  0.981766508559143E+00 -0.180353566264177E+00  0.975821870067504E+00  0.123467684167769E+00
-0.260750135305453E+00 -0.179081852989384E+00  0.948651177655980E+00  0.943897980451973E-02  0.439560153960982E+00 -0.898163557883556E+00
 0.209109033738205E+00  0.295947212426017E+00  0.932034687909385E+00 -0.881509633673134E+00 -0.438056754940123E+00 -0.176201717337787E+00
 0.125217960926919E+00 -0.309459292906754E-01  0.991646515509252E+00  0.167220969233362E+00 -0.380095435624918E-01  0.985186490998951E+00
-0.670184851551408E-01 -0.309131498523878E-01  0.997272730908508E+00  0.625117075226454E-02 -0.738666939945061E-01  0.997248531902929E+00
-0.189477354418641E+00 -0.175869196726423E+00  0.966006396358386E+00 -0.819337642498768E+00 -0.304438492829919E+00  0.485801432344541E+00
-0.268185896499831E+00  0.166087099282288E-01  0.963224000777131E+00  0.262352240223948E+00 -0.142514823718172E+00 -0.954390290745906E+00
-0.119469314098477E-01 -0.220811518153054E+00  0.975243325678690E+00 -0.113803635688421E+00  0.526714608941434E+00 -0.842389727639036E+00
 0.636400938472817E-01  0.971680530010012E-01  0.993231245949856E+00 -0.616635557991308E+00 -0.366941386242291E-01 -0.786393113405360E+00
-0.718793732119858E-01 -0.256696431377723E-01  0.997082957996892E+00  0.272114934679549E+00  0.350711506881456E+00  0.896077508514349E+00
 0.342792519921282E+00  0.176052592053967E+00  0.922766911585530E+00 -0.505234138856169E+00  0.185849962778975E+00 -0.842732612558289E+00
 0.520292774655510E-01  0.226405537281274E-01  0.998388881955972E+00  0.930621432793686E+00 -0.973212426977978E-01 -0.352806355590121E+00
 0.249951754448894E+00 -0.100770743517572E+00  0.963000196105295E+00  0.237005789619489E+00 -0.104244479171743E+00  0.965899241250895E+00
-0.645553597851681E-02  0.238627024016631E-01  0.999694402049606E+00  0.485404345337121E+00  0.727425622709042E+00 -0.485009881295427E+00
 0.602358040107448E-01 -0.168493241189097E-01  0.998041957130017E+00 -0.441074155072679E+00  0.398189245018522E-01 -0.896586885348229E+00
-0.851282042131246E-01 -0.339997574269131E-01  0.995789739524544E+00 -0.768155154147124E-01  0.376398240823919E+00 -0.923267968087397E+00
 0.836512668199636E-01 -0.318202353767311E-01  0.995986916671090E+00  0.201527093236725E+00 -0.228971168576741E+00  0.952343968664766E+00
-0.290390459850461E-02 -0.972626481903279E-01  0.995254512476626E+00  0.152374880566645E+00 -0.209513036653662E+00  0.965860333197539E+00
-0.352163443920357E+00  0.202812954155139E+00  0.913700068071038E+00  0.744792792113071E+00 -0.367428564799120E+00 -0.557027779007542E+00
 0.384246540937290E+00 -0.169607167373495E+00  0.907517495452989E+00  0.636038338511510E+00 -0.270244944810020E+00  0.722788282796662E+00
-0.165355274086431E+00 -0.463138425523109E+00  0.870724084963645E+00  0.535822791357375E+00  0.662231533103530E+00 -0.523777942285983E+00
 0.328038340698862E+00  0.172272443336038E+00  0.928823477469518E+00 -0.856922213171446E+00 -0.492279166297644E+00 -0.152792483462531E+00
 0.275607893081535E-01  0.512571918326628E-01  0.998305115271950E+00  0.307683824246974E-01 -0.180956658912781E+00 -0.983009661314725E+00
 0.393503933485099E+00 -0.363109949456703E+00  0.844574341865359E+00 -0.131353407828345E+00 -0.578996747685809E+00  0.804679469367236E+00
-0.269030867371952E+00  0.178194526992860E+00  0.946503620146741E+00  0.531916111921511E+00  0.969917530984303E-01 -0.841224018742449E+00
-0.518966118612955E+00 -0.927053958254932E-01  0.849752833073620E+00 -0.799392593601796E+00 -0.228989023785352E+00  0.555459726965354E+00
 0.382772901529771E+00 -0.368083860620772E+00  0.847348321179070E+00 -0.843858672177487E+00  0.256948503546949E+00 -0.471041407856923E+00
-0.339241213909288E+00  0.117054720138771E+00  0.933388231808494E+00 -0.519075696588657E+00  0.833430409763337E+00  0.189615857176336E+00
-0.415889029353644E+00  0.169550242573818E+00  0.893470218029926E+00 -0.872184353702570E+00  0.219719184579203E+00  0.437055983924578E+00
-0.158681888618279E+00  0.401689187570079E+00  0.901923419594938E+00 -0.553262699379420E+00  0.713775850470074E+00  0.429446644836259E+00
 0.344679849687401E+00  0.411153685020017E+00  0.843888883985286E+00  0.169632953340391E+00  0.670782541721686E+00  0.721994073980120E+00
 0.197508531203256E+00 -0.325245480932220E+00  0.924773354522664E+00  0.815930299992734E-01  0.290962753605464E-01  0.996240926792149E+00
 0.581411522306600E+00 -0.447294483055086E+00  0.679623636402977E+00 -0.930431479160710E+00  0.563218831960479E-01 -0.362112010378093E+00
 0.538136690392787E-01  0.759884047092395E-01  0.995655488296165E+00  0.234999922496973E+00 -0.299325710346404E+00 -0.924758971598566E+00
-0.353757625769876E-01  0.293434049912870E+00  0.955324559390068E+00  0.610714456676106E-02 -0.129022024532912E+00  0.991622922269685E+00
 0.196091923642315E+00  0.207905045745432E+00  0.958291943739404E+00  0.866584552310046E+00  0.458663500579079E+00  0.196618938391350E+00
-0.125186647519786E+00  0.210764047012261E+00  0.969487916257738E+00 -0.665490060923587E+00  0.619699646276656E+00  0.416047265603931E+00
 0.164860651927995E+00  0.133507641391308E+00  0.977239313134713E+00  0.194798314555002E-01 -0.281456634605340E-02 -0.999806288429288E+00
-0.248685093755418E+00  0.571244122514095E+00  0.782199384196229E+00 -0.515499337892040E+00  0.682541412796171E+00  0.518071088221564E+00
-0.597031975743641E-01 -0.497497635977722E+00  0.865408360484214E+00  0.236022675951645E+00 -0.770012336752337E+00  0.592768333909488E+00
-0.292637312623537E+00 -0.102120120902372E+00  0.950754902257863E+00  0.604245738652039E+00  0.190332799841231E+00 -0.773731550749644E+00
-0.209468294443331E+00 -0.136903220643662E+00  0.968184146637609E+00 -0.402067743135691E-01 -0.778472548342351E+00  0.626389580673772E+00
 0.191361785047415E+00  0.243360011623811E+00  0.950871480256888E+00 -0.538193156349420E+00 -0.470630814104621E+00 -0.699181495231296E+00
-0.135734655601185E+00 -0.220349666278202E+00  0.965930705506307E+00  0.140582573802199E-01 -0.501349031379766E+00  0.865130923117421E+00
 0.224170709100087E+00 -0.110323153977167E-01  0.974487445377584E+00 -0.127423117545840E+00  0.278300183263368E-01 -0.991457936170191E+00
 0.288291945183067E+00  0.118015742961290E+00  0.950242094813663E+00 -0.217513583653892E+00 -0.479195472976049E+00 -0.850329077243217E+00
-0.790582907002948E-01  0.130414382893127E+00  0.988302522209750E+00  0.245890977510195E+00  0.331587094612397E+00  0.910817010087970E+00
-0.389019676322590E+00  0.253999818758468E+00  0.885521193142509E+00  0.741702750291087E+00 -0.561395386686960E+00 -0.367031674405952E+00
-0.922647145770082E-01  0.256603153387756E+00  0.962102928025626E+00 -0.251558558808284E+00  0.248782144108904E+00  0.935321194169616E+00
-0.228149903614954E+00 -0.105323655000294E+00  0.967912469791492E+00 -0.122517374443371E+00 -0.542122511507616E+00  0.831319839457821E+00
 0.140902722522067E+00 -0.346667315182617E+00  0.927344701483728E+00 -0.481834306049498E+00  0.252360741589228E+00 -0.839136316469699E+00
 0.959327419917601E-01 -0.328993472295532E+00  0.939446754319196E+00  0.170229883796928E+00 -0.950586470494921E+00  0.259628867375132E+00
 0.533017466925902E-02 -0.348327094200535E+00  0.937357895728098E+00  0.321218441879347E+00 -0.203296600313260E+00  0.924926594329342E+00
 0.640240516474983E-01  0.117985944523929E+00  0.990949160000368E+00 -0.399081903420783E+00 -0.405773154067443E+00 -0.822241924131946E+00
-0.155399720800456E+00 -0.627879681158686E-02  0.987831718201911E+00 -0.581712615896693E+00 -0.429672700936296E+00  0.690645931412569E+00
-0.204718223471203E-01 -0.153044760390501E+00  0.988007189147327E+00  0.287096784556786E+00 -0.680606030347347E+00  0.674055537587208E+00
-0.385500448578430E+00 -0.795911715964621E-01  0.919268540498222E+00 -0.489229042884750E+00  0.365021711996454E+00  0.792094750247247E+00
-0.998164552542209E-01  0.264650614643115E+00  0.959164598715728E+00 -0.816552973952313E-01  0.650366823088020E+00  0.755218781436011E+00
 0.353663967787218E+00  0.643802679611628E-01  0.933154316812739E+00 -0.187616822274166E+00 -0.114770539042116E+00 -0.975514044679894E+00
-0.338250938584137E-02 -0.471233274234351E+00  0.882002131451295E+00 -0.169562138824698E+00 -0.941829880297522E+00  0.290181249662947E+00
 0.187164418751577E+00 -0.182990973750609E+00  0.965134075597369E+00 -0.763267801794623E+00 -0.631866109912349E+00 -0.134786801608465E+00
-0.271957425139625E+00  0.168416149593255E+00  0.947457207195981E+00 -0.103237792581585E+00 -0.304313048838658E+00 -0.946961206433190E+00
 0.362019827530217E+00  0.300463086198475E+00  0.882419162477266E+00 -0.778351922708311E+00 -0.363120553493678E+00 -0.512163790253391E+00
 0.123679791573506E+00 -0.131145884760531E+00  0.983617845540997E+00  0.211590206927046E+00  0.127276315874920E+00 -0.969035770108553E+00
 0.626315951813206E-02 -0.121747179005855E+00  0.992541383135719E+00 -0.118959285091981E+00  0.127362533426827E+00 -0.984696640376875E+00
 0.145671715952138E+00  0.380140903500981E-01  0.988602387265181E+00  0.243663274394286E+00 -0.724472660218507E-01  0.967150248078040E+00
 0.123447978055310E+00  0.199650093969260E+00  0.972059893572470E+00 -0.995853315860520E+00  0.736494864394540E-01  0.534034309460709E-01
 0.778049270100360E-01  0.190221201308948E+00  0.978653303221086E+00  0.193545349042920E+00 -0.807469686282189E+00  0.557254792351935E+00
-0.709126332960416E-02 -0.231904648217314E-01  0.999705914919854E+00  0.338472401352326E+00 -0.608461522990400E-01 -0.939007017691131E+00
 0.345577045350489E+00  0.152788926616516E+00  0.925868267968073E+00  0.650202145892143E+00  0.396944536217022E+00  0.647821120869570E+00
 0.433397507108999E+00  0.189279694736212E+00  0.881101468613162E+00  0.467521401819204E+00  0.804951341775284E+00  0.365345146697170E+00
 0.402199575047256E+00  0.100265949412216E-01  0.915497115902443E+00 -0.788150134517081E+00  0.272001944971858E+00 -0.552118019441707E+00
-0.590889092778352E-01  0.196757897390967E+00  0.978669929350361E+00 -0.378565211477444E+00  0.244366347852914E+00  0.892733705365753E+00
-0.290392057742835E-01  0.288829836519711E+00  0.956939940677572E+00  0.348288666567912E+00 -0.250501912981205E+00 -0.903296073462684E+00
 0.373320785642821E+00  0.624662283425092E-01  0.925596867606891E+00  0.535891841725645E+00  0.851137888758258E-01  0.839985462323663E+00
-0.470470012685546E-01 -0.291601148927818E-01  0.998466958577537E+00  0.946251703913868E-01  0.540965510668822E-02 -0.995498273609768E+00
 0.574788796251202E-01  0.374069172987101E+00  0.925617865113778E+00 -0.398463197165674E+00 -0.636560489826302E+00 -0.660316456933043E+00
-0.593777217314178E-01  0.326306092977294E+00  0.943397381726216E+00 -0.149177599942063E+00  0.796258060310468E+00  0.586275656211425E+00
-0.213350808652277E+00  0.685196436294146E-01  0.974569900460874E+00 -0.226248387648627E+00  0.924807517680765E+00  0.305847547525785E+00
 0.123576923921248E-01 -0.284098234010735E-01  0.999519969471877E+00 -0.178571927654851E+00 -0.685290726989504E-01 -0.981537484179108E+00
 0.372992817011921E+00 -0.280315800521991E+00  0.884476913455194E+00  0.150234131962260E+00 -0.881830963137991E+00  0.446994248335109E+00
 0.358202937750241E+00 -0.184893532465168E-01  0.933460657555326E+00  0.968797287576139E+00 -0.996306333022216E-01  0.226948347632043E+00
-0.480756446485767E-01  0.144485666433796E+00  0.988338314843053E+00  0.660121145138201E+00 -0.750619369218600E+00  0.284716753160095E-01
 0.409820704386971E-01 -0.166251135627589E+00  0.985231460015917E+00  0.571307198122103E+00  0.454200946305341E+00 -0.683600457686509E+00
 0.315696733753631E+00 -0.130670669069757E+00  0.939819529772685E+00  0.907402919296179E+00  0.396375130694476E+00  0.139666380420306E+00
-0.239754984045178E+00 -0.104673949773026E+00  0.965174031905340E+00 -0.205662650416152E+00  0.302812511264756E+00  0.930595216646494E+00
-0.307836782133427E+00 -0.719483622706422E-01  0.948714893280542E+00  0.652207409957700E+00  0.757784315484216E+00  0.197085159864231E-01
-0.547705030853196E+00  0.144156922191182E+00  0.824158953699143E+00 -0.707170237240338E+00  0.271535058578334E+00  0.652823841112060E+00
-0.148885635923233E+00 -0.126946255472938E+00  0.980672073446131E+00 -0.778212148806289E+00 -0.625300801377820E+00 -0.581786837815557E-01
 0.262684468215627E+00  0.525034045384111E+00  0.809528332639364E+00 -0.336293595292391E+00 -0.674000328115498E+00 -0.657746285026011E+00
-0.159040000567364E+00  0.390522866330546E+00  0.906751437325857E+00  0.198008722468883E+00 -0.704939340737393E+00 -0.681067597017337E+00
 0.436087675466061E+00 -0.306164612684618E-01  0.899383217325076E+00 -0.924042459396723E+00  0.156958225869192E+00 -0.348582341153494E+00
 0.100105674256044E+00 -0.264079412985534E+00  0.959291883432232E+00 -0.172977949737968E+00 -0.434502579286561E+00  0.883903918702578E+00
 0.189436373176785E-01 -0.467496569303224E-01  0.998726993818668E+00  0.521677429111733E+00  0.465808280240470E+00 -0.714755416918815E+00
 0.152271436928035E+00 -0.574247614072407E+00  0.804396100952770E+00  0.775733767773037E+00 -0.443357392536702E+00  0.449078327265639E+00
-0.153377623230270E+00 -0.495567482624232E-01  0.986924228800716E+00 -0.382317182981912E+00 -0.782708062334216E-01  0.920710189195463E+00
-0.497815155671748E+00  0.131368382693007E+00  0.857276162512488E+00  0.804821649519469E+00 -0.592097345194916E+00 -0.410225094051300E-01
 0.446854076270986E+00 -0.259775774532791E+00  0.856059566552405E+00 -0.804393184392696E+00  0.585470700910883E+00 -0.100874492700069E+00
-0.365946277077881E+00 -0.186326358330226E+00  0.911792635682168E+00 -0.641138109468251E+00  0.580409800846855E-01  0.765227527744713E+00
-0.403189787912664E+00  0.496392023637961E+00  0.768786676387898E+00  0.356610116851640E+00 -0.866566753094048E+00 -0.349129327028106E+00
 0.527558954426160E-02 -0.154175790128725E+00  0.988029348700302E+00  0.740148527256651E-01  0.276831825717168E+00 -0.958063641855852E+00
-0.274417658781969E+00 -0.115518914585170E+00  0.954646703719071E+00 -0.165326747443290E+00 -0.131090343091180E+00 -0.977487794567308E+00
-0.108486701216285E+00 -0.471504029253086E+00  0.875165462102632E+00 -0.212485307151110E-01 -0.693505758246179E+00  0.720137669631190E+00
-0.168871629682277E+00 -0.291931463908461E+00  0.941412976896280E+00  0.133581464321097E+00  0.235739188009077E-01 -0.990757418716711E+00
 0.539019584964054E-02 -0.589998754400306E+00  0.807386162622812E+00 -0.167651093619921E+00  0.806069504129367E+00 -0.567578245989645E+00
 0.222335875494358E+00 -0.832848544420906E-01  0.971406398727493E+00  0.759584712762182E+00  0.155693299480878E+00  0.631498741593956E+00
-0.441459062284454E-01  0.164370888020113E+00  0.985410244585852E+00 -0.469505695790951E+00  0.852918590050467E+00  0.228241714781013E+00
-0.358823980274007E-01  0.190763430434296E+00  0.980980003425525E+00  0.190059670755103E+00  0.223145401142579E+00  0.956077115875795E+00
 0.509169011601192E-01 -0.949117205722860E-02  0.998657792654336E+00  0.116151525288384E+00  0.236599737657260E+00  0.964639511586426E+00
-0.523075593554073E-01  0.146784927930534E-01  0.998523139984049E+00  0.438393295154365E+00  0.931339292684996E-01 -0.893944847282374E+00
 0.200526978069903E+00  0.311367044847840E-01  0.979193258095653E+00 -0.402417023181095E+00 -0.968399932249819E-01 -0.910320028982254E+00
-0.266753252750758E+00  0.190253771438663E+00  0.944799557895883E+00  0.191292328385045E+00 -0.497157456325404E+00 -0.846310645520356E+00
 0.106000993698634E+00  0.370470714656008E+00  0.922775833513844E+00 -0.152828567937298E+00 -0.173252153938430E+00 -0.972947645034371E+00
-0.324990791093477E-01  0.119561093472793E+00  0.992294792279308E+00  0.567461314143845E+00  0.790984337835489E+00 -0.228760648384056E+00
-0.240101317222020E+00  0.274824324427742E+00  0.931033269100029E+00  0.517346938572284E+00 -0.563027991907224E+00 -0.644477792851549E+00
-0.200737032124866E+00  0.234298804198158E+00  0.951214336669193E+00  0.672997455183441E+00 -0.601910343542213E+00 -0.429858539118985E+00
-0.147348243478071E+00  0.289645440749266E+00  0.945724068530082E+00 -0.377013634730165E+00  0.199527948263615E+00  0.904460788032992E+00
 0.248122934405264E-03  0.427766375039977E+00  0.903889300091647E+00  0.735750189917858E-01 -0.925240165395818E+00 -0.372179194634355E+00
-0.383236241455691E+00  0.578279800747282E-01  0.921838330704138E+00 -0.866529403574670E+00  0.420779190237038E+00 -0.268461665427281E+00
 0.223490530655113E+00 -0.177338165944026E+00  0.958437873629327E+00  0.615444430941882E+00 -0.289965876612707E+00  0.732903774599946E+00
-0.136899648284199E+00 -0.222718789690967E-01  0.990334514044042E+00  0.460402448180649E+00  0.829807055962954E+00  0.315356679940918E+00
 0.247168013994896E+00 -0.409357079055568E-01  0.968107556357293E+00 -0.423434996018598E+00  0.173048663063629E+00 -0.889245165496344E+00
-0.302262772095234E-01 -0.646062092015668E-01  0.997452961246121E+00 -0.231132431951631E+00  0.131003500831443E+00 -0.964062177284241E+00
 0.101742211823576E+00 -0.216515583422700E+00  0.970963194188314E+00  0.848962325865356E+00 -0.523542926065758E+00 -0.718733179127578E-01
 0.620727880328624E-01 -0.256730092067465E+00  0.964487754620482E+00  0.451069648195335E-01 -0.873203462193538E-02  0.998943999079093E+00
 0.196331304276724E+00 -0.127232945405039E+00  0.972247806150551E+00  0.544792315652716E+00 -0.126142259795612E+00  0.829029229339598E+00
 0.434857351245162E+00 -0.135408363413368E+00  0.890260444581110E+00  0.827954605856042E+00  0.549392746813933E-03  0.560794854478334E+00
 0.122614013213091E+00  0.146329755414555E+00  0.981607562340519E+00  0.233772325719672E+00  0.971581650704622E+00 -0.371429097096204E-01
 0.562345859155630E-03  0.145845883182834E+00  0.989307162677878E+00  0.142629911149316E-01 -0.144112709541622E-01 -0.999794420045412E+00
-0.499669783165363E-01  0.195783400244494E+00  0.979373351315329E+00  0.125738601321309E+00  0.861716582574661E+00  0.491563155101772E+00
-0.262895456579063E+00  0.879239638460043E-01  0.960809739486280E+00  0.526638533704651E+00 -0.208611563246137E+00 -0.824095304256381E+00
 0.211199133241488E+00 -0.496787340090137E+00  0.841782195608942E+00 -0.323641983168541E+00  0.637319406660856E+00 -0.699342434451241E+00
 0.866100144482525E-01  0.279142759798034E+00  0.956335728209299E+00 -0.320167208512241E-01 -0.762865671485298E+00 -0.645763808876915E+00
 0.244429347930025E+00  0.270478082335931E+00  0.931179843449363E+00 -0.296329265741672E+00 -0.828136801661045E+00 -0.475792395903525E+00
-0.119252552532172E+00  0.518451969558198E-01  0.991509407049259E+00 -0.537186139158155E+00 -0.144020595878529E+00  0.831077084186027E+00
-0.476686391700362E-01  0.279799493454489E-01  0.998471243088304E+00  0.103973792350644E+00  0.295566061007733E-01  0.994140763443502E+00
-0.278571732507274E+00  0.331709993135708E-01  0.959842421782052E+00  0.543645045645108E+00  0.249779858257280E+00 -0.801286519763375E+00
 0.157468709294292E+00 -0.269485853598854E+00  0.950042620256211E+00 -0.757847492063282E+00  0.417614410848296E+00 -0.501263785471507E+00
-0.121923652196435E+00  0.138588451039368E+00  0.982816292230441E+00 -0.400366252563215E-01  0.999070469865667E+00  0.159770109995397E-01
-0.150586956808834E+00 -0.603824517531752E-01  0.986750995925178E+00 -0.837529306995012E+00 -0.742934271504642E-01  0.541317971812034E+00
-0.339819056017702E+00  0.103276063364328E+00  0.934803222022264E+00  0.250242485121735E+00 -0.317704292375183E+00 -0.914572403501485E+00
-0.137262084922628E+00  0.156664574723310E+00  0.978067140368931E+00 -0.179725717512457E+00 -0.197858080462785E+00 -0.963613432067141E+00
 0.565140564611526E-01 -0.286151384182543E+00  0.956516359898105E+00 -0.506950896333695E+00  0.373132534687204E+00 -0.777028249334840E+00
-0.509843423125155E-01 -0.159980425471054E+00  0.985802647747033E+00 -0.248365184525393E+00 -0.291999782146930E+00  0.923607526139655E+00
 0.123215327028668E+00 -0.319664773720872E+00  0.939485186486302E+00  0.293908523410347E+00  0.910523740655197E+00 -0.290799411227083E+00
 0.216958248411686E-01 -0.254419352632266E+00  0.966850600760345E+00 -0.311610247161424E+00 -0.948138204416015E+00  0.627136284293174E-01
 0.136378622507130E+00 -0.236722949069232E-01  0.990373916143240E+00 -0.180424077970550E+00  0.463315064076881E+00 -0.867632585538321E+00
 0.316074100709873E+00  0.747227059478057E-01  0.945787333429816E+00 -0.224786418075151E+00 -0.211210861939875E+00 -0.951241839937436E+00
-0.425381141978233E+00  0.250467385045504E-01  0.904667643358366E+00 -0.735465045001001E+00  0.561234359762771E+00  0.379614489980754E+00
 0.263156338287718E+00 -0.151079419537934E-01  0.964634900731319E+00 -0.348660031749816E+00 -0.867238886169952E+00 -0.355433392599679E+00
 0.939784469547965E-01 -0.116110669682313E+00  0.988780240444705E+00 -0.363509132569738E-01 -0.500535706867389E-02 -0.999326551986886E+00
 0.542021967664639E+00 -0.100087850377466E+00  0.834382771140303E+00 -0.852349699703688E+00  0.475309464173727E+00 -0.218130471695077E+00
-0.249345086027275E+00  0.325557283174716E+00  0.912052346878154E+00 -0.426092857164384E+00  0.776601062664907E+00  0.464042742149070E+00
-0.433905487713952E-01 -0.252774995769647E+00  0.966551634311883E+00  0.311299231929749E-01 -0.207698915763959E+00  0.977697339810473E+00
 0.242866324473176E-01 -0.193565746872604E+00  0.980786654233233E+00 -0.208474157068529E+00  0.319324162785560E-01 -0.977506443265301E+00
-0.558123808184900E-01  0.155924617798627E+00  0.986190900237740E+00 -0.947307107001237E+00 -0.262351872235011E+00 -0.183795375784407E+00
 0.247103638031262E-01  0.205191339103250E+00  0.978409889707648E+00 -0.498654869246402E-01  0.584601473669819E+00 -0.809786731304511E+00
-0.116502792161025E+00  0.104338625186288E+00  0.987694563472393E+00  0.235159688021320E-01  0.248991548151060E-01  0.999413343567510E+00
-0.320205589470856E+00  0.189180837922204E+00  0.928266659443650E+00 -0.178568938954038E-03  0.472100079881874E+00  0.881544940821886E+00
 0.174701238808273E+00 -0.377273751215508E+00  0.909474570179196E+00 -0.539587351542758E+00  0.382562654259134E+00 -0.749994203725121E+00
-0.295148444024836E+00 -0.380540440915757E+00  0.876399662720929E+00 -0.695728093756940E+00 -0.527124241443932E+00  0.487957430150924E+00
 0.430664206440372E-01  0.206377771352428E+00  0.977524167938837E+00  0.563640858614678E-02 -0.753460839298957E-01  0.997141513795649E+00
-0.398120354436558E+00 -0.139951018173568E+00  0.906594670123033E+00 -0.619695031246039E+00 -0.208068153998371E+00  0.756760009210768E+00
-0.185736521188767E+00 -0.357598915038795E+00  0.915218531641362E+00  0.762099131642950E+00  0.646869744768378E+00 -0.276486320159723E-01
-0.266828094186889E+00 -0.637828564525820E-01  0.961631174294668E+00  0.503999976941900E+00  0.855507749022008E+00 -0.118703473436382E+00
 0.217173438821347E+00  0.219548506624164E+00  0.951122573966999E+00  0.603172515396496E+00  0.639028258802488E+00  0.477311010895542E+00
 0.410647704751158E+00 -0.208085854503679E+00  0.887732358167753E+00  0.916097470596764E+00 -0.239074314976541E+00  0.321883358197824E+00
 0.726872227506508E-01  0.156460185055041E+00  0.985005978733804E+00 -0.596876198405277E+00 -0.759202730673852E+00  0.259518819191656E+00
-0.380604655191819E-01  0.311860106256564E-01  0.998788683208675E+00 -0.673273716756581E-02 -0.566510556128637E-01 -0.998371337803816E+00
-0.189391771850112E+00 -0.748871463406899E-01  0.979041711097348E+00 -0.426324500634090E+00 -0.248821633078397E+00  0.869675350387312E+00
-0.534274552557478E-01 -0.313457857763419E+00  0.948097926604243E+00 -0.259853096572935E+00 -0.533642895801753E+00  0.804799122739194E+00
-0.210388130094839E+00  0.403525392669740E+00  0.890451622597168E+00 -0.439911811739903E+00  0.730619581933151E+00  0.522180643443956E+00
-0.302556343683836E+00  0.207812010189013E+00  0.930200960716484E+00 -0.429581415065825E+00  0.612368368065443E+00  0.663675213958537E+00
-0.888923100618509E-01 -0.391876657581977E-01  0.995270055846297E+00  0.932572644535980E+00 -0.289589163400832E+00 -0.215514220189702E+00
 0.145648644582088E+00 -0.354922309544212E+00  0.923480712586464E+00  0.599046788909607E+00 -0.742967465905161E+00  0.298567059977405E+00
 0.484920705168245E-01  0.310438461204486E+00  0.949355824178681E+00  0.566109305747895E+00  0.823082438355117E+00  0.453382136506422E-01
-0.162599475887746E+00  0.823928517455941E-01  0.983246067076934E+00 -0.293843523423526E+00  0.179702345781201E+00  0.938809379300602E+00
-0.285643816574045E-01 -0.376179259576515E+00  0.926106495369185E+00  0.611727312850004E+00 -0.230752064480741E+00  0.756665830767578E+00
-0.206624605653130E+00 -0.159099249479979E-01  0.978290931485536E+00 -0.316559522501972E+00 -0.155773865937831E+00  0.935694699890999E+00
-0.164294629624499E-01  0.705729795204640E-01  0.997371308645065E+00  0.199866552063853E+00 -0.569503320962358E+00 -0.797320091794351E+00
-0.785814393943517E-01  0.589989399146108E+00  0.803577915499129E+00  0.528951643350550E-01  0.956083255136102E+00  0.288282692575053E+00
-0.169039264604195E+00  0.965675610977290E-01  0.980867184263858E+00  0.115469816129525E+00  0.174670638245090E+00  0.977832751393645E+00
 0.501362696749998E-01  0.479004765032784E+00  0.876379363939477E+00 -0.120231005742449E+00  0.678724603359775E+00  0.724484242790880E+00
-0.707886388815148E+00 -0.146839665547681E+00  0.690894328499007E+00 -0.898278150733302E+00 -0.216585884167669E+00  0.382343979545211E+00
-0.583003838534377E-01 -0.509964523105555E-01  0.996995700639817E+00  0.302879752807011E-01  0.178294400216576E+00 -0.983510927953933E+00
-0.143942959049823E+00  0.276068943149950E+00  0.950298039126700E+00  0.180754979859629E+00  0.203675646189197E-01 -0.983317242586257E+00
-0.291055474276289E-01  0.292431341647116E-01  0.999148490572429E+00  0.682670518180439E-01 -0.126337548898779E+00 -0.989635505312093E+00
 0.781630083202473E-02  0.183077224852134E+00  0.983067462172228E+00 -0.127028869730735E+00 -0.140146024120264E+00  0.981948449857840E+00
 0.266096486157666E+00  0.582504227639487E+00  0.768037424112046E+00 -0.527394224580844E+00 -0.813195543944522E+00 -0.246106357470794E+00
-0.357300528408320E+00  0.185441851839682E+00  0.915394806619201E+00 -0.578754032365208E+00  0.494882015785576E+00  0.648178648578474E+00
 0.350710834901567E+00 -0.150404475566541E+00  0.924327000585939E+00  0.812540192604572E+00 -0.124674198018357E+00  0.569416174472244E+00
-0.304937970704439E+00 -0.613893214964695E-01  0.950391595727183E+00 -0.540467483145965E+00 -0.250288455800048E+00  0.803274914680580E+00
 0.431886024366931E+00 -0.180415776447045E+00  0.883699388686864E+00  0.710724545674232E+00 -0.509633258643564E+00  0.484917066992386E+00
 0.314732385144144E-01 -0.243750017313602E+00  0.969327274101494E+00 -0.765147355487731E-01 -0.287684830734637E+00  0.954663780296018E+00
 0.715235481956583E-03  0.155439718442393E+00  0.987845120638228E+00 -0.277399233472311E+00 -0.214951443054419E+00  0.936400310976986E+00
-0.501214476680479E-01 -0.832788469752851E-01  0.995265027080790E+00 -0.581442418542917E-01 -0.855980828577713E-01 -0.994631698343796E+00
-0.177993989070778E+00 -0.436339964245243E-01  0.983063687769361E+00  0.771870209215149E-01  0.423077063495793E-01  0.996118578174657E+00
 0.548628852774557E-01  0.369813548875704E+00  0.927484772320813E+00 -0.582623346131402E+00  0.752032858909657E+00  0.308215209979678E+00
 0.150159884377052E-01  0.533188967470073E-01  0.998464628988389E+00 -0.998285025229587E+00 -0.580500493412549E-01 -0.756307965318719E-02
-0.260293546929880E+00 -0.198085018415936E+00  0.944991849121367E+00 -0.527170609383093E+00 -0.746660319990801E+00  0.405696333670755E+00
-0.630296407748380E+00 -0.158559055554139E+00  0.759990436966984E+00  0.858399565816969E+00 -0.719877301994001E-01 -0.507905455873411E+00
-0.359739728213100E+00  0.135897904439911E+00  0.923102966907812E+00 -0.329287584885083E+00  0.310355331796222E+00  0.891767489016171E+00
 0.101239900753314E+00  0.209296671908334E+00  0.972597237104627E+00  0.652140699475641E+00  0.550265413948232E+00  0.521459952728685E+00
 0.720151765095093E+00 -0.161716195471348E-01  0.693628080423252E+00 -0.966340833240953E+00  0.543405110248634E-01 -0.251460738233103E+00
 0.459539737171025E+00 -0.124239979064193E+00  0.879424617328236E+00  0.839771905516101E+00 -0.481936438029925E+00  0.250040829475678E+00
 0.890924586286489E-01  0.646948782526443E-01  0.993920070500329E+00 -0.306549068078122E+00 -0.221406050571651E+00 -0.925746741625753E+00
 0.250078416577505E+00 -0.232259533544026E-01  0.967946972025259E+00  0.621166065991725E+00 -0.517717003755569E+00  0.588321189897764E+00
-0.393892618307838E-01 -0.350543327108265E+00  0.935717832400502E+00  0.144240626660121E+00 -0.607208161878815E+00  0.781340444216506E+00
 0.324589702489956E-01  0.254315211959639E+00  0.966576529932472E+00 -0.926844236387487E-01  0.461849153305176E-01  0.994623823970985E+00
 0.183166277777006E+00 -0.772547821042282E-01  0.980041740604626E+00  0.387189527726917E-01 -0.212131783489419E+00  0.976473731920006E+00
-0.298950271567461E-01 -0.403034062317350E+00  0.914696579179824E+00 -0.134237821834661E+00 -0.847052095934877E+00  0.514279062340104E+00
-0.202473565094537E+00  0.321571596197440E-01  0.978759609160032E+00 -0.648923813917243E+00 -0.201569741931864E+00  0.733667174452164E+00
-0.126933214491815E+00  0.128530575833113E+00  0.983548600799566E+00  0.794648837113016E+00 -0.104057390721951E+00 -0.598084680552069E+00
-0.106603759197779E+00  0.639025922485812E-01  0.992245986249787E+00  0.746879040207614E+00 -0.169191207092875E+00 -0.643075450270814E+00
 0.962268240118188E-01 -0.998361311236436E-01  0.990339914000673E+00 -0.543602409680779E+00 -0.837503561320437E+00  0.555356188840558E-01
 0.895797251356140E-01 -0.158904288139646E-01  0.995852884273945E+00  0.140671491689938E+00 -0.104660997894268E+00 -0.984508815067445E+00
 0.435005522169770E+00 -0.252643630160424E+00  0.864257711461789E+00  0.624899478673809E+00 -0.761074863051469E+00  0.173970383641554E+00
 0.259877359046744E+00 -0.508029786338221E+00  0.821200033151504E+00  0.415716785439266E+00 -0.877601209791555E+00  0.238737661202505E+00
-0.166233938301034E+00 -0.380706128776133E-01  0.985351158822098E+00  0.495220868247965E+00  0.337305940630964E+00 -0.800612886523064E+00
 0.553242132755125E+00  0.230086364246022E+00  0.800614393783054E+00  0.909171229699757E+00  0.139704483313438E+00  0.392288583097135E+00
 0.356436633207149E+00 -0.314803970501151E+00  0.879688232651013E+00 -0.924611390905347E+00  0.308818823376363E+00 -0.222990381264569E+00
 0.869169936294768E-01  0.243110767694211E+00  0.966096574287242E+00  0.220060048178992E-03  0.903266571520863E+00  0.429079773872553E+00
-0.354906126279113E+00  0.275807232138981E+00  0.893292791994533E+00 -0.619562478058772E+00  0.484496482859628E-01  0.783450679598046E+00
 0.115144276060464E+00  0.247811837502212E+00  0.961941312598793E+00  0.506320417692521E+00  0.621583173579809E+00  0.597724010685637E+00
 0.293848427654024E+00 -0.838734595553579E-01  0.952165082508004E+00 -0.728894037529513E+00  0.926266836812289E-01 -0.678331614716683E+00
 0.394859502107554E+00  0.655395628187599E-01  0.916400861687122E+00  0.614883582426748E+00 -0.774269424609098E+00  0.149749918789776E+00
 0.137488482253711E-01  0.200937632183659E+00  0.979507548283780E+00  0.616659947021094E+00  0.776460897499044E+00  0.129765112395132E+00
-0.301155413848161E+00  0.256868562211771E+00  0.918326716619527E+00 -0.624105560413582E+00 -0.357526677119478E-01  0.780521618030102E+00
 0.127029123666924E+00  0.126529464068613E+00  0.983795657879685E+00 -0.302690974708223E+00 -0.164657744517458E+00  0.938757690248452E+00
-0.747410018090616E-01 -0.157005486949615E+00  0.984765484628849E+00  0.351456228709010E+00  0.573296617388000E+00 -0.740141545782371E+00
-0.300278434987071E+00 -0.283683536412923E-01  0.953429650259209E+00  0.341023397831092E+00  0.772826494734061E+00 -0.535202999962446E+00
 0.746583436646945E-01 -0.149467647430298E+00  0.985943991356962E+00 -0.860547936814726E+00  0.232600480722020E+00 -0.453160308071882E+00
-0.221658306885535E+00  0.188014100652249E+00  0.956827201193906E+00 -0.528425522850690E+00  0.411194953219780E+00  0.742755126031829E+00
 0.113538756690164E-01 -0.301912386954812E-01  0.999479653926644E+00  0.785866554676389E+00  0.614472575450220E+00 -0.695500701698826E-01
 0.407866013597183E+00 -0.130977077021731E+00  0.903598539312224E+00 -0.761234268730058E+00  0.463788292592375E+00 -0.453235929473010E+00
 0.259180335947206E+00 -0.187256539914012E+00  0.947502264755987E+00 -0.419596621108115E+00  0.466586815072353E+00 -0.778611212066261E+00
-0.421171441255443E-01 -0.316683521132803E+00  0.947595743771381E+00 -0.556253023994308E-01  0.773251920154079E+00 -0.631654410030518E+00
-0.231508837714932E+00  0.469536782558500E+00  0.852020462127814E+00  0.622379919193779E+00 -0.595978302967650E+00 -0.507398362803966E+00
-0.491732389770856E-01 -0.291531429695739E-01  0.998364706319038E+00  0.233216702462145E+00 -0.176685763053753E+00  0.956238521932052E+00
-0.139085800770094E-01 -0.143261524927902E-01  0.999800636504596E+00  0.283880625775071E+00 -0.129019575638113E-01 -0.958772824917653E+00
-0.189668868367279E+00  0.424293196625244E-01  0.980930921729584E+00  0.434538136381999E+00 -0.190564035529222E+00 -0.880262436090781E+00
 0.314441392903899E+00  0.354329824046372E+00  0.880668488263275E+00  0.604410932504182E+00  0.367822270231294E+00  0.706678287618433E+00
-0.552742725769598E-01 -0.443262489655004E-01  0.997486811162802E+00  0.226519336085318E+00 -0.353034335677943E+00  0.907775163910040E+00
-0.955429521302161E-01 -0.259736891378268E-01  0.995086384074677E+00  0.285728333920678E+00 -0.115891601808916E+00  0.951277275995320E+00
-0.611895200378091E+00  0.597004897407520E-01  0.788682518684782E+00 -0.888567996897161E+00  0.169642058655713E+00  0.426225863627748E+00
-0.493882335928284E+00  0.160404187834826E+00  0.854605601890762E+00  0.942551185989479E+00 -0.320193005227344E+00  0.952559772051583E-01
 0.177286736617249E+00 -0.308071173776036E+00  0.934698649248977E+00 -0.503386063442567E+00  0.633862044810792E+00 -0.587214934483174E+00
-0.355064717345892E-01 -0.143188076919799E+00  0.989058372945182E+00  0.923463944020586E+00  0.377637517507117E+00 -0.678546200711878E-01
 0.311652976967989E+00  0.376244960089341E+00  0.872532034915831E+00  0.316490795854959E+00  0.840464344939590E+00  0.439833219555277E+00
-0.157504085387099E+00 -0.184703795150448E+00  0.970091217949835E+00  0.385796705717871E-01  0.178565163654191E+00 -0.983171445551448E+00
-0.225453596827819E+00 -0.244581821855626E+00  0.943053767340538E+00  0.258762549897708E+00  0.569213855055881E+00 -0.780408566061944E+00
 0.414253320652735E-02 -0.519205760082184E+00  0.854639232726952E+00 -0.215584342034757E+00  0.877123339749034E+00 -0.429159688620613E+00
-0.253981209776477E+00  0.343039441172699E-01  0.966600633404756E+00 -0.416641829201355E+00  0.121363029546245E+00  0.900933183548651E+00
 0.357475259884572E-01  0.857077087761694E-01  0.995678815201993E+00  0.102336849237441E+00  0.264345745141114E+00 -0.958983053194342E+00
-0.657261695171017E-02 -0.176054877345590E+00  0.984358410777922E+00 -0.261493618048690E+00 -0.103180213660882E+00  0.959674388127921E+00
 0.265875339443200E+00  0.143364973838108E+00  0.953287358645000E+00  0.185794839440402E+00  0.952379339062903E+00  0.241772356077826E+00
 0.148959097880606E+00  0.542118594350920E-01  0.987356197861332E+00 -0.551989873625389E+00  0.735833760549059E+00  0.392244638269610E+00
 0.238862313588117E-01  0.513272859261066E-01  0.998396192736597E+00  0.441475444683410E+00  0.895451954937767E+00 -0.571421747898696E-01
-0.155014155044891E+00  0.368458562942813E+00  0.916629095725111E+00 -0.585078544975868E-01 -0.937258035076921E+00 -0.343692022959275E+00
 0.115635240323888E+00 -0.262676390021320E+00  0.957929854071061E+00  0.166203845925421E+00 -0.117594139388574E+00  0.979054594995121E+00
-0.190058907116090E-01  0.491160777637820E+00  0.870861565708620E+00  0.187835471066018E+00 -0.856959488331564E+00 -0.479935694825788E+00
-0.182224803209672E+00  0.533930888034405E-01  0.981806141335052E+00  0.485936514357417E+00 -0.295806768390473E+00 -0.822413557639068E+00
-0.365787532868758E+00  0.353052139731731E+00  0.861135104050830E+00  0.276525209442877E+00 -0.383480422678856E+00 -0.881179081665367E+00
 0.476458671830222E-01 -0.550804213902358E-02  0.998849104125429E+00  0.103718330049263E-01  0.151603352963159E+00 -0.988386993262480E+00
 0.214202967222954E+00 -0.854463778036033E-01  0.973044708815132E+00 -0.276838700485376E+00  0.403916183186634E-01 -0.960067107593614E+00
 0.200079877139956E+00  0.179778973048795E+00  0.963144622376713E+00  0.657396608207996E-01 -0.105401248471856E+00 -0.992254440058466E+00
-0.369792276098635E+00  0.144244366127917E+00  0.917849244363227E+00 -0.716538404278142E+00  0.746715444130930E-01  0.693539382911668E+00
 0.983965612333109E-01 -0.834223883564128E-01  0.991644503770566E+00  0.338810353148891E+00  0.100910911284065E+00 -0.935427459818742E+00
 0.174740133683858E+00 -0.459201055723972E+00  0.870976622018144E+00  0.186032130645168E+00  0.770392512419375E+00 -0.609825731808508E+00
-0.671459252135824E-01  0.111162709929923E+00  0.991531278703929E+00  0.114492465751116E+00  0.326858891544255E+00  0.938112328191401E+00
-0.282378962523085E+00 -0.423498807129250E+00  0.860761803221128E+00 -0.623260302361240E-01 -0.411768382543091E+00  0.909154698108552E+00
-0.147377574705581E+00  0.277685489419453E+00  0.949300068176433E+00  0.253797137492517E-01  0.701150730127184E-02  0.999653294345280E+00
 0.330598205628087E+00  0.282577285251210E+00  0.900474821577786E+00  0.221246296435141E+00  0.394563906515773E+00  0.891834850176167E+00
 0.458866014893181E-01 -0.856511547941641E-01  0.995267953611582E+00  0.201688706762310E+00  0.318083940686828E+00  0.926360767866216E+00
 0.253637999356893E-01  0.696230670523769E-01  0.997250874247319E+00 -0.207565193130507E+00 -0.573220144861938E-01  0.976540258901772E+00
 0.199562145907368E+00 -0.200796249594182E+00  0.959091140648144E+00  0.464730593844681E+00 -0.852601888507085E+00  0.238946636006709E+00
-0.987667802040443E-01 -0.256542174632038E-03  0.995110575420761E+00  0.436380737160201E+00 -0.328519899168118E-01 -0.899162165014757E+00
 0.174184950471499E-01 -0.132570842382890E-03  0.999848277717807E+00  0.242306364852926E-01 -0.909683884908339E-01 -0.995558952825446E+00
 0.100328436357165E+00  0.918406642992077E-02  0.994911984942355E+00  0.627469513138907E+00 -0.778634332865139E+00 -0.325357724399321E-02
 0.403637412846588E-01  0.963969906940582E-01  0.994524202106029E+00  0.424192416413517E-01 -0.615552733054429E-01  0.997201863349074E+00
 0.380993666429156E-01 -0.233490828890998E+00  0.971612304926818E+00 -0.149949847328202E+00 -0.969456560885910E+00  0.194085084026342E+00
-0.760962497800246E-01  0.111056140580316E+00  0.990896510443357E+00  0.341650388635434E+00  0.491818440236284E-03 -0.939826989429373E+00
 0.996932387114466E-01 -0.525932203464457E+00  0.844663587183823E+00 -0.528893781680015E+00  0.634961895448838E+00 -0.563111675450111E+00
 0.387618821095485E+00 -0.121167991359419E+00  0.913821627782179E+00 -0.504323179046087E+00  0.355601543640208E+00 -0.786896227743881E+00
-0.850026244066516E-01 -0.469532909741694E+00  0.878813632412174E+00  0.424923155658338E+00  0.362327864733735E+00 -0.829553392026608E+00
 0.222254316285952E+00  0.124495092977267E+00  0.967007751115184E+00  0.385236457162565E-01  0.991972763129439E+00  0.120440715416648E+00
 0.505990366946515E+00 -0.137688442282382E+00  0.851478503204386E+00  0.761501639383594E+00 -0.133120722046089E+00  0.634345431589151E+00
-0.118301464484737E+00  0.255486398195322E+00  0.959547530786228E+00 -0.868925801497813E+00 -0.393413577725679E-01  0.493376336137025E+00
-0.425354881310440E+00  0.100465096808462E+00  0.899433148860241E+00  0.769517715087805E+00 -0.473978296482119E+00 -0.428003575487347E+00
 0.221562875721905E-01 -0.448907561802089E-01  0.998746173424753E+00 -0.842766375668591E+00 -0.503782520819784E+00 -0.189599598519858E+00
 0.257097208699601E+00 -0.415073797049727E-01  0.965493740377897E+00  0.670647693969502E+00  0.544010216431249E+00  0.504266353222001E+00
-0.249775959186699E+00 -0.785428135434885E-01  0.965112945024072E+00  0.905601187454949E+00  0.292209111140614E+00 -0.307409051016067E+00
-0.203284410238222E+00  0.450976403802818E-01  0.978080595547335E+00  0.112060749577645E+00 -0.202887478885813E+00 -0.972768759426132E+00
 0.135132661676813E+00 -0.217596311843451E-01  0.990588553436219E+00 -0.411847120144898E+00  0.256258040151854E-02 -0.911249352707611E+00
-0.284698566516620E+00  0.354105129096761E+00  0.890817761256896E+00 -0.525736015615103E+00  0.350754898933485E+00  0.774966220398875E+00
-0.233331167857299E+00  0.261659258629164E+00  0.936531365454455E+00  0.344029206701682E+00 -0.494351386137045E+00 -0.798286046452394E+00
-0.289398105515941E+00  0.290917252219614E+00  0.911929760938184E+00 -0.666335381498857E+00  0.720967105917325E+00  0.190272414048828E+00
-0.269367210837647E+00 -0.106474887843598E+00  0.957133430606329E+00  0.813231380292857E+00 -0.101996435530335E+00 -0.572932325188657E+00
 0.398999502588937E-01  0.138144056345979E+00  0.989608111155935E+00 -0.747716175930186E-01  0.667906333522122E-01  0.994961414577939E+00
-0.221618412085022E+00  0.118372515416864E+00  0.967922118260967E+00  0.783814897821147E+00  0.463503098363224E+00 -0.413278457896509E+00
-0.264127302435240E+00  0.453204309655464E+00  0.851376897629949E+00  0.441294311672067E+00 -0.800151476733820E+00 -0.406222777262137E+00
-0.257937145309472E+00 -0.900442209706103E-01  0.961956582876481E+00 -0.274884813263549E+00  0.251947383757333E-01  0.961147004674749E+00
-0.174372293966539E+00  0.103748742817752E+00  0.979198908016437E+00  0.129141028255081E-01 -0.109819151769605E+00 -0.993867687296864E+00
-0.276762484752183E+00  0.296458717493546E+00  0.914064962601608E+00  0.123016249604866E+00  0.805057148915995E+00  0.580301636489510E+00
 0.227614840090492E+00 -0.362172532647355E-01  0.973077486707270E+00  0.312104767286905E+00 -0.949635265648986E+00  0.279906497346247E-01
 0.370191114514000E-01 -0.262035101568581E-01  0.998970951250740E+00 -0.662608919755615E-01 -0.214320853197386E+00 -0.974513245717752E+00
-0.471288754871495E+00 -0.180728543582526E+00  0.863263634740984E+00  0.840748695046792E+00 -0.467703590899795E+00 -0.272754436877851E+00
-0.900585708305553E-01 -0.160229232725921E+00  0.982962891873351E+00  0.626114780973393E+00  0.474600814746069E+00 -0.618655273709849E+00
-0.104366120899146E-01  0.518190516368517E-01  0.998601954241800E+00 -0.945371010253675E+00 -0.295999950755300E+00  0.136593126198961E+00
 0.183897251394379E+00  0.283577535020692E+00  0.941151200690506E+00  0.157344301738334E+00 -0.625801175316094E+00 -0.763947419449449E+00
 0.200337495616972E+00 -0.952475306481353E-01  0.975086045308491E+00 -0.844916387811697E+00 -0.151804307897183E+00 -0.512905205385060E+00
-0.128649226461127E+00  0.126435708564369E-01  0.991609558569779E+00 -0.200517587984660E+00 -0.207142061603620E+00 -0.957541050411634E+00
 0.758274501061867E-01 -0.424804057546559E+00  0.902104046383993E+00 -0.498591794647979E-01  0.840885734682478E+00 -0.538911164692852E+00
-0.260833384832226E+00  0.465629472025551E-01  0.964260253927733E+00  0.490297637517140E+00  0.861899669000372E+00 -0.129372281506358E+00
 0.149365762961350E+00  0.254316376926547E+00  0.955517163258687E+00  0.172903967497359E+00  0.672834199523330E+00  0.719304078937046E+00
-0.485741367073320E+00 -0.171559015381156E+00  0.857101410893245E+00  0.721688372628223E+00  0.510103498656425E+00 -0.467931953890415E+00
 0.196952348112599E+00  0.407725028513507E-01  0.979564890951166E+00 -0.721270120915442E-01  0.996214880054352E+00 -0.485139864888468E-01
 0.156646819721125E+00 -0.325693130686134E+00  0.932408579162119E+00  0.183765638007736E+00  0.823148892128096E-01  0.979517457374544E+00
-0.108006546886781E+00 -0.394911438707038E+00  0.912348366254871E+00 -0.859844055085070E-01  0.426273416282459E+00 -0.900498560010081E+00
 0.837618468357754E-01  0.125008396113417E+00  0.988613601927371E+00  0.319093309074700E-01 -0.693297236513014E-02 -0.999466722054928E+00
 0.552702046311310E-01 -0.332229964460131E+00  0.941577641617967E+00 -0.328834969469368E+00 -0.943418425740943E+00 -0.427695782836358E-01
 0.207426569817210E+00 -0.111636105793443E+00  0.971859865421523E+00  0.808698596282959E+00  0.587768204932209E+00  0.231326098990105E-01
-0.227694789829259E+00  0.162178933105638E+00  0.960131801546708E+00 -0.591916288456389E+00  0.729684862974557E+00  0.342337710756227E+00
 0.185490447236811E+00  0.660811894661553E-01  0.980421628883526E+00 -0.948370201331281E-01 -0.333448729498920E+00 -0.937986079005347E+00
 0.124515058668728E+00 -0.221148181446757E+00  0.967258746151988E+00 -0.478149456463436E+00  0.794990781374747E+00 -0.373313212748878E+00
 0.584732475386469E-01  0.167401461557725E+00  0.984153255337105E+00  0.403773327067374E+00  0.822223592138557E+00  0.401142698898673E+00
 0.115106858890024E+00 -0.125292499829289E+00  0.985419809280796E+00 -0.148398796011725E+00  0.237836787897251E-01 -0.988641559902019E+00
-0.111632992487218E+00  0.334124430077459E-01  0.993187637680113E+00 -0.241897262298239E+00  0.392029460670561E+00  0.887580202831815E+00
-0.265064409388174E+00 -0.199842009648949E+00  0.943294243624527E+00 -0.100716615406633E+00 -0.881309573836648E+00  0.461681273656294E+00
-0.846029858972522E-01  0.406667838792776E+00  0.909650264480191E+00 -0.636752339877706E-01  0.873509143377132E+00  0.482625363002352E+00
-0.442067616509294E-01  0.234608108936255E+00  0.971084341056786E+00 -0.669162034215858E+00  0.100711521609918E+00 -0.736260389657837E+00
-0.220012730855914E-01  0.467742761106046E+00  0.883590772595270E+00 -0.498549523591338E+00 -0.866595804365288E+00  0.214495776958375E-01
-0.187269243520225E+00  0.353131828643110E+00  0.916639592222884E+00  0.302859824955612E-02  0.632878919124505E+00  0.774244858762679E+00
 0.997426202598673E-01 -0.356659685390882E+00  0.928894654156527E+00 -0.142189285429485E+00  0.487286355713041E+00 -0.861588193190318E+00
 0.286755921318475E+00 -0.274609237444076E+00  0.917802161851439E+00 -0.346701688665928E-01  0.478539837211044E+00 -0.877381105103586E+00
 0.142549252367974E+00 -0.443080319189731E+00  0.885076008824134E+00 -0.278895953440633E+00  0.945398864495607E+00 -0.168635803330307E+00
-0.293160404581348E+00  0.218524313586483E+00  0.930754587180346E+00  0.860562529769365E+00 -0.426105258266279E+00 -0.279045589885913E+00
 0.121472004669314E+00  0.320011091677625E+00  0.939594302497047E+00 -0.255458221814229E+00 -0.930129084467461E+00 -0.263819982441124E+00
 0.416998288659897E+00  0.441347322442002E-01  0.907835091117572E+00 -0.808703310368312E+00  0.438285487637081E-01 -0.586581634653355E+00
 0.194741838928871E+00  0.211252538458860E+00  0.957835049037823E+00 -0.158309463964267E+00 -0.311263561090320E+00  0.937044881079193E+00
-0.132074358769555E+00 -0.100228410026943E+00  0.986159535561606E+00  0.875640601968787E+00  0.465067073728599E+00 -0.130254186563267E+00
-0.378858040970252E+00  0.422075314812046E+00  0.823601246610576E+00 -0.747194397445517E+00  0.240571593013288E+00  0.619536795566720E+00
 0.577733571980229E-01 -0.400753954676916E-01  0.997525038220183E+00  0.498350822234125E+00 -0.858225532697456E+00  0.122863310246549E+00
 0.210920236599288E+00  0.345290163785930E+00  0.914487483011980E+00 -0.552532600025607E+00 -0.517779008240911E+00 -0.653155896041673E+00
-0.197249175805384E-01 -0.219989883707215E+00  0.975302711312199E+00 -0.155158041398148E+00 -0.382834868499010E+00  0.910693936320450E+00
-0.205585305595738E+00 -0.263434344687423E-01  0.978284572904785E+00 -0.341880527875990E+00  0.947199047711090E-01  0.934957669790128E+00
-0.207335458256214E-01 -0.206050140082582E+00  0.978321756810838E+00 -0.319956010672465E-01 -0.953936625979162E-01  0.994925288978273E+00
-0.967270841885162E-01  0.128093833903771E+00  0.987033860057608E+00 -0.133691762464492E+00 -0.990834879790935E+00  0.193068288131586E-01
-0.132120087951305E-01  0.604409923820311E+00  0.796563925125362E+00 -0.692664866494141E+00  0.649258063522720E+00  0.314132694375135E+00
 0.172666033008960E+00 -0.314277482833097E+00  0.933496708526088E+00 -0.546646708680128E+00  0.652664882973149E+00 -0.524600730482554E+00
-0.549482444347681E+00 -0.109057841553031E-01  0.835434083112280E+00 -0.728375793511837E+00  0.312670665309934E+00  0.609676765573894E+00
 0.662768268940187E-01 -0.257476922369203E+00  0.964008826030210E+00 -0.558601927512581E+00 -0.825881382782795E+00  0.767061154798492E-01
-0.741876610421387E-01  0.200800844524962E+00  0.976818924769150E+00  0.356471644602788E+00  0.525248701099313E+00  0.772684779575519E+00
-0.620344704489252E+00  0.453302965052803E+00  0.640069425520763E+00  0.647934846855495E+00 -0.589945473910364E+00 -0.481814043011432E+00
-0.213023905421062E+00 -0.162177979433719E-01  0.976912380282401E+00 -0.245130014408315E+00 -0.514954766666956E+00  0.821421246573986E+00
 0.119338832452170E+00  0.254687289017325E+00  0.959631506299141E+00  0.897276147262252E-01 -0.733751644836361E+00 -0.673466761507557E+00
 0.301176819351399E+00 -0.157914434313765E+00  0.940401805039069E+00 -0.743847029639552E+00  0.477156126134841E+00 -0.467988918446160E+00
 0.925164932866849E-02 -0.213743234687537E+00  0.976846065974577E+00  0.172642724459893E+00 -0.525233070104857E-01 -0.983583139298223E+00
-0.851586952219086E-01  0.849904197944684E-02  0.996331151231122E+00  0.684357937447876E+00  0.729120470240294E+00  0.612807707702206E-02
-0.233923438531661E+00 -0.310263150483906E+00  0.921420969132636E+00  0.526576304638321E+00  0.277978834959132E+00 -0.803396018603661E+00
-0.670705238092424E-01 -0.157742725155472E+00  0.985199866776523E+00 -0.115244648242550E-01  0.231289985574267E-01 -0.999666062310932E+00
