#          Em_x [n.u.]            Em_y [n.u.]            Em_z [n.u.]            En_x [n.u.]            En_y [n.u.]            En_z [n.u.]
 0.761373155164104E+00  0.129485467281613E+00  0.635251471748252E+00 -0.499155523025536E-01 -0.190116571640273E-01  0.998572478356082E+00
-0.912315068476956E+00  0.983952390322571E-01  0.397491626032137E+00  0.316894661115300E+00 -0.498530439700777E+00 -0.806873704149769E+00
 0.348794941387764E+00 -0.168729502774353E-01 -0.937047166588343E+00 -0.123752672462008E+00  0.172619330217060E+00  0.977183628032073E+00
-0.718216337239062E+00  0.675694043006327E+00 -0.166141064065058E+00  0.387093000953617E+00 -0.899111102251801E+00  0.204348316411647E+00
-0.413112307780139E+00  0.428008484263600E+00 -0.803832668258104E+00 -0.115448761512268E-01 -0.262911808675308E+00  0.964750795124695E+00
 0.521942352607779E+00  0.479088814794685E-01 -0.851634264006354E+00  0.112953115282081E+00  0.869123724907219E-01 -0.989791813088039E+00
-0.501131668570764E+00  0.225682329448513E-01  0.865076716607971E+00  0.652328168492213E+00 -0.146447691689846E-01 -0.757795151295904E+00
 0.252781695899122E+00  0.661925446987809E+00  0.705660057569048E+00  0.778381695820712E-01 -0.749190349741866E+00 -0.657765185464976E+00
-0.606486226041352E+00 -0.792361072616683E+00 -0.658664423197200E-01 -0.507326589441602E+00 -0.858112290929668E+00 -0.791392936599004E-01
 0.440369511623176E+00 -0.456603506992220E+00  0.773038117194211E+00 -0.676976170879873E-01 -0.533937682308145E+00  0.842809340273359E+00
 0.575706474127362E-01  0.605132758598625E+00  0.794040279222217E+00  0.523424522008220E+00  0.672196004547214E+00  0.523621333819802E+00
 0.234196038735088E+00 -0.100340703329595E+00 -0.966997393324364E+00  0.543933843784896E+00  0.228523723931757E+00  0.807411221860181E+00
-0.163965122916658E+00 -0.463222203080924E+00 -0.870942379862055E+00  0.437099565236385E-01  0.306767244748471E+00  0.950780362255202E+00
-0.183110233347337E+00 -0.120811161016639E-01 -0.983018152974411E+00 -0.703453375818107E+00  0.701958978778999E+00 -0.111386445143268E+00
 0.458566232153795E+00 -0.642629531875464E+00  0.613794994676393E+00  0.628276114153409E+00 -0.389621277132539E+00  0.673397642400018E+00
 0.833827364468331E+00  0.527840889364988E+00 -0.161604213367648E+00  0.475794892593270E+00  0.187403154650629E+00 -0.859359806954660E+00
-0.183331918839673E-02 -0.344742093752220E+00  0.938695652347495E+00  0.246134877082707E+00 -0.964506061837457E+00  0.956330432553585E-01
 0.498339256762020E+00 -0.798457914171072E+00 -0.337820876304970E+00 -0.179344274537975E-01  0.321143703184173E+00  0.946860643504133E+00
-0.829562993961535E-02  0.206146565473795E+00  0.978485961098709E+00 -0.256088292064975E+00 -0.105526728057163E+00 -0.960876108732439E+00
 0.496349181041364E+00 -0.270584134368767E+00 -0.824876788803923E+00 -0.398440960743011E+00 -0.280971349863664E+00  0.873097876161646E+00
 0.885519413329280E-01  0.953909751250270E+00  0.286731128682983E+00 -0.389548135894197E+00 -0.806501986122421E+00 -0.444754759616968E+00
-0.686054125143851E-01  0.835970550245873E+00 -0.544469040897040E+00  0.541991652202740E+00 -0.372226363349949E+00  0.753453769895549E+00
 0.323272345952614E+00  0.145207208936090E+00  0.935098848686750E+00 -0.482560242952505E+00 -0.356882833804073E+00 -0.799856396397249E+00
-0.332635519588270E+00  0.869328978613097E+00 -0.365541704941790E+00 -0.422251048714192E+00  0.792921445644419E+00 -0.439294471734997E+00
 0.516878252977910E+00  0.463618062803636E+00  0.719649333662380E+00 -0.305571316809836E+00 -0.349969551485691E+00 -0.885521023678155E+00
 0.519119199599266E+00  0.536727005894454E+00 -0.665161166749077E+00  0.969013164949916E+00 -0.238217461503728E+00  0.653140657781031E-01
 0.388027482311950E-01 -0.683480705987564E-03  0.999246656028346E+00 -0.220074513771132E+00  0.302086084731579E+00 -0.927529625295033E+00
-0.744263218309830E-01  0.767465049284329E+00 -0.636755934990569E+00  0.159680137326314E+00 -0.665873181796680E+00  0.728776481170609E+00
 0.121094919249760E+00 -0.553608762466124E+00  0.823925578345897E+00 -0.300792006624169E+00 -0.691853487010179E+00  0.656401493952338E+00
-0.637326116692171E+00  0.179876890573427E+00  0.749306162539528E+00  0.367270123695569E+00 -0.242609698201221E+00 -0.897916026463140E+00
 0.368817528649536E+00 -0.536347108357962E+00  0.759147818225740E+00  0.887563385199640E+00  0.211555991178988E+00 -0.409237461444124E+00
-0.731593216637279E+00 -0.474725427472207E+00  0.489292482960498E+00  0.453342517744737E+00  0.395777869822074E+00 -0.798649134078267E+00
 0.878850114360305E+00  0.418998253496333E+00  0.228173048487112E+00  0.612230731829077E+00  0.717705425007068E+00  0.331771689448417E+00
 0.815703892389724E+00 -0.574817331989377E+00 -0.649014235966198E-01  0.705872288909526E+00 -0.632266849234685E+00  0.319347683737443E+00
-0.733337983321205E+00 -0.384853900482377E+00  0.560448817914615E+00  0.606616399420955E+00  0.792175969875234E+00  0.668862968461293E-01
-0.269280945527717E+00  0.141784284474758E+00  0.952567577157484E+00 -0.299908817248731E-01  0.961260577818502E-01 -0.994917246824421E+00
-0.860773826139905E+00  0.496710202805798E+00 -0.111118831262262E+00 -0.974552846430326E+00  0.169002874148777E+00 -0.147257522877448E+00
 0.453687021085528E+00  0.741553705696540E+00 -0.494232929362532E+00  0.697511883807538E+00  0.644535719637995E+00 -0.313130768302944E+00
-0.585784347717132E+00 -0.249591064143124E+00 -0.771077816221889E+00  0.812090968496742E+00  0.665136334080852E-02  0.583492946188497E+00
-0.278669128781893E+00  0.752483116365150E-01 -0.957434701825558E+00  0.737691651581452E+00 -0.414788287873844E+00  0.532692879086735E+00
-0.461474087999893E+00  0.529026803842186E+00  0.712160309846869E+00  0.281890596127017E+00 -0.109802471178698E+00 -0.953142753808791E+00
 0.791451435287225E+00  0.598081903695105E+00 -0.126105757419044E+00 -0.777171182355334E+00 -0.622531680522940E+00  0.919742358581784E-01
-0.325584588636522E+00 -0.861975137009951E+00 -0.388578870783092E+00 -0.715092634742220E+00 -0.572513367263923E+00 -0.401087232458919E+00
-0.981910946551732E+00 -0.119064378597502E+00  0.147222847381350E+00  0.907472898119600E+00  0.202381801667664E+00 -0.368150167095120E+00
-0.263016827241064E+00  0.113720916343204E+00  0.958065604107624E+00 -0.139746998707259E-01 -0.123098856844537E+00 -0.992296013902652E+00
-0.245325402133181E+00 -0.633902171678337E+00  0.733473574036367E+00 -0.204360387929361E+00 -0.919541366641861E+00  0.335679172543933E+00
 0.940064099005133E+00 -0.262560336910667E+00  0.217581155532883E+00  0.718517376733314E+00 -0.110388623590609E-01  0.695421399476673E+00
 0.311327027611956E+00 -0.153646754795591E+00 -0.937799635646702E+00  0.391098517720404E+00 -0.392555569142815E+00 -0.832431423344808E+00
-0.277408832215586E+00 -0.891485355956508E+00  0.358187381022676E+00  0.247522497331592E+00 -0.965012042407974E+00 -0.865122611097558E-01
 0.154405000499636E+00  0.409633251293227E-01 -0.987158093627893E+00  0.162316259020281E+00 -0.107176569492211E+00  0.980900920077834E+00
 0.130633447494846E+00  0.390943737348686E-01  0.990659645053683E+00  0.438529792481630E+00 -0.128451488250983E+00  0.889489649333890E+00
 0.713768309562210E+00  0.767955090046718E-01  0.696158925864934E+00  0.595116032694392E+00 -0.425801978883471E+00  0.681564070655875E+00
 0.119795659253645E+00 -0.210058477022321E+00  0.970321820972324E+00  0.200078944498174E+00 -0.261707296644928E-01  0.979430196020791E+00
 0.312127784867905E-02  0.841355823334669E+00  0.540472604454133E+00  0.534474073499365E+00 -0.744016557457497E+00 -0.400969857952055E+00
 0.957059955706861E-01  0.654727816898358E+00 -0.749781200211991E+00 -0.337652346802907E+00 -0.537798293451775E+00  0.772504943841039E+00
-0.269636621755418E+00  0.534237057298720E+00  0.801178418841352E+00  0.819271706892747E-01  0.374374685808606E-01  0.995934924906797E+00
-0.107721027718867E+00 -0.763193145908331E+00 -0.637128246294053E+00  0.721295254451191E-01  0.293326615942735E+00  0.953287379512939E+00
 0.257515794724282E+00 -0.492763436625085E+00  0.831185786086936E+00 -0.675674919136029E-01  0.758610582361348E-01 -0.994826484307590E+00
 0.662166023226403E+00  0.610393134665824E+00  0.434691130387268E+00 -0.740275375753705E+00 -0.671762731193360E+00  0.269666652063015E-01
 0.164917967851377E+00 -0.132251979729944E+00  0.977400367166538E+00 -0.411664220276741E-01  0.688343852690395E+00 -0.724215483237402E+00
-0.258085300891047E+00 -0.246829731237189E+00  0.934059452733794E+00 -0.239531865640485E+00 -0.188500426525719E+00  0.952413814758275E+00
-0.534266618198813E+00 -0.667981831615670E+00  0.518034220211154E+00 -0.311821985230348E+00 -0.941407641069825E+00 -0.128525105961257E+00
-0.790291272431206E+00 -0.178436232555473E-01  0.612471476746616E+00 -0.188049935581351E+00 -0.124202779601824E+00  0.974274546145505E+00
 0.783275576111093E-01 -0.370216217171311E+00  0.925637481016214E+00  0.912258804841203E-01 -0.952331909941963E-01  0.991266098513895E+00
 0.246826285853571E+00 -0.934595122139888E+00 -0.256142035371120E+00  0.292725273892010E+00 -0.952557876187933E+00  0.833391056898430E-01
 0.556625965038000E+00  0.374022408669910E+00 -0.741805077401249E+00 -0.577990933058612E+00 -0.609157330535372E+00  0.543004445614448E+00
 0.941234363197678E-01 -0.217033282090187E+00 -0.971615836223618E+00  0.890162277608842E-02  0.417562809017548E-01  0.999088171342853E+00
-0.303308434768986E+00  0.226079875804177E+00  0.925684548404237E+00  0.143262678758573E+00 -0.192167649339075E-02 -0.989682834060677E+00
 0.237736631057333E+00  0.500181377036872E+00  0.832646314060783E+00 -0.199637361254876E+00 -0.792048203133974E-01 -0.976663463241209E+00
-0.244534146290515E+00 -0.393747237431762E+00  0.886096024318372E+00 -0.519584545781598E+00 -0.223981756299190E+00 -0.824538702930348E+00
 0.468900488012566E+00 -0.360256244517982E+00 -0.806441424176225E+00 -0.724535702301731E+00  0.360021578654500E+00  0.587735041488305E+00
-0.189540979725958E+00  0.183302241468882E+00 -0.964611064251809E+00 -0.450345316384298E+00  0.393560639236956E+00 -0.801435661331667E+00
 0.331705744926703E+00 -0.890231594090991E+00  0.312184252749614E+00  0.308218200184889E+00  0.940822757317845E+00 -0.140904508045820E+00
-0.408481654380695E+00 -0.904331055639457E+00  0.123806622764845E+00  0.593858027016802E+00 -0.799943979502149E+00  0.861526169421250E-01
-0.520646565591162E+00 -0.412631322571291E+00  0.747437318690467E+00  0.259862291318285E+00  0.665361474568505E+00 -0.699832621210840E+00
-0.219230084490159E+00  0.175640104181542E+00 -0.959733673399832E+00  0.334829788487066E+00 -0.275747846257922E+00  0.901028378035800E+00
 0.122110960976467E+00  0.989336932563149E+00  0.793810246591882E-01  0.108479560736314E+00 -0.847501435992725E+00  0.519589742867125E+00
-0.233980349237917E+00 -0.807779938585942E+00  0.541058931160547E+00 -0.315439817797199E+00  0.144482376750101E+00 -0.937881956408541E+00
 0.302755625960713E+00 -0.262561888170450E+00  0.916187909672194E+00 -0.556089918400803E+00  0.633740145165730E+00 -0.537715009143605E+00
-0.789999578079133E+00 -0.427760529980370E+00  0.439228409401880E+00 -0.371229817952216E+00 -0.261610933213812E+00  0.890925441261031E+00
-0.404130593912429E+00 -0.306074697433784E+00  0.861972588111017E+00  0.486811375593116E-01  0.238708444085365E-01 -0.998529083018194E+00
 0.576128622475300E+00 -0.117543854222036E+00 -0.808862938141773E+00  0.329154114272592E+00 -0.260036155349252E+00 -0.907765810640941E+00
-0.837741558503982E+00 -0.407829026884621E+00 -0.363131609730773E+00  0.975219999689934E+00  0.218215240619647E+00  0.364425707939962E-01
-0.681324550584235E-01 -0.970037582019122E+00  0.233206042027662E+00 -0.936237025380013E-03 -0.935521985133463E+00  0.353267234246509E+00
-0.685199153519786E+00  0.488712940235156E+00  0.540057202583650E+00 -0.695073901882332E+00  0.110367054308326E+00  0.710416345705371E+00
-0.809783312136354E+00  0.424774255403663E+00 -0.404744140577402E+00 -0.214781170347777E+00  0.602861589152486E+00 -0.768392447378667E+00
 0.612075527196550E+00  0.171061739923513E+00  0.772076052045008E+00 -0.533347589061541E+00  0.451440301030408E+00 -0.715361449791513E+00
 0.237302897654887E+00 -0.202124044253258E+00  0.950175355131515E+00 -0.185823819628403E+00  0.512912370375925E+00 -0.838087351279125E+00
-0.154251720203385E+00 -0.818019667575506E+00 -0.554121133213628E+00 -0.523425273161242E-01 -0.903137828499303E+00 -0.426148240132145E+00
 0.465630090458865E+00 -0.881647195031235E+00 -0.767257606858587E-01 -0.318878653086349E+00  0.893628160251949E+00 -0.315824501599468E+00
 0.243903976193136E+00  0.694655964317892E+00  0.676730331546294E+00  0.207377106101029E+00 -0.100757483746680E+00  0.973058407976726E+00
-0.449649042007618E+00 -0.883959949126352E+00  0.128181696673781E+00  0.665681071102917E+00  0.588207985603870E+00 -0.459216808541575E+00
-0.139259245082482E+00  0.385277483104148E+00 -0.912232494308326E+00  0.351185850019341E-01  0.140799633468703E-01  0.999283963455640E+00
 0.633404825366995E+00  0.768632043275581E+00 -0.894600986575078E-01 -0.384552605116197E+00 -0.911684640489283E+00 -0.144742565246968E+00
 0.538871882634773E+00 -0.732625627516162E+00  0.415784540371819E+00  0.578397169601842E+00 -0.162753364927336E+00  0.799354775053860E+00
 0.687066658582678E+00 -0.713987595177002E+00 -0.134763201941019E+00 -0.247558471965878E+00  0.947165766828423E+00  0.203940709781654E+00
-0.781556519229454E+00  0.217858812398264E+00 -0.584557050346976E+00  0.912272440512279E+00  0.984007845932126E-01  0.397588078132646E+00
-0.622775132126738E+00 -0.697959702950727E+00 -0.353558181720429E+00 -0.585594978411188E+00 -0.773609726082434E+00 -0.242087820780521E+00
 0.158684418372305E+00  0.323824547589714E+00 -0.932714810509708E+00 -0.135314389022685E-01 -0.112590489132692E+00 -0.993549335422301E+00
 0.594452988844520E+00  0.268273956308035E+00  0.758059844880766E+00 -0.364962955244078E+00 -0.216482651556700E+00 -0.905503894455728E+00
 0.275590891896875E+00  0.872117908618192E+00  0.404301884451355E+00 -0.500884195388838E+00 -0.856513730662658E+00 -0.124495991887339E+00
-0.733980237976135E+00  0.641390328342525E+00 -0.223363956289202E+00  0.416441227567497E+00 -0.281227020032124E+00  0.864573922337430E+00
 0.302989704780326E+00  0.785234480332544E+00 -0.540003749703657E+00  0.878537248089145E-01  0.666685123422469E+00 -0.740143681486484E+00
 0.977722871738777E+00  0.197498030377930E+00 -0.710810387917747E-01 -0.977721537908917E+00 -0.354783646328598E-01 -0.206886152151371E+00
-0.464762842112353E+00 -0.529517004630804E+00 -0.709652902761955E+00  0.836233927673201E-01 -0.511138298995264E+00 -0.855420813098624E+00
-0.128003432141567E+00 -0.688122600014264E+00  0.714214539693493E+00 -0.293631073275100E+00 -0.605890956765681E+00  0.739376048649725E+00
-0.208904331129920E+00 -0.493875838113387E+00  0.844064948308458E+00 -0.214526062213011E+00 -0.480688711474546E+00  0.850245218329583E+00
 0.119058071608557E+00  0.149652365378374E+00  0.981544367372922E+00  0.549682783440576E+00  0.186624902188665E+00  0.814260390460012E+00
-0.884219451886695E+00  0.596680889314290E-01  0.463244730211218E+00 -0.953749991792733E+00 -0.230168345014174E+00 -0.193348095694782E+00
 0.231389002635993E+00 -0.160282366601233E+00 -0.959566929617642E+00  0.757842302721514E+00  0.201866361737125E+00 -0.620423255693055E+00
-0.475613868471110E+00 -0.872253400309057E+00  0.113865946477576E+00  0.813023948814658E+00  0.532675195132678E+00 -0.235051473392921E+00
 0.367534493654818E+00 -0.722772981068761E+00 -0.585250043836712E+00  0.446301975994132E+00  0.226712265102541E+00  0.865688220478833E+00
-0.209112807083749E+00 -0.358376084271227E+00  0.909856261250082E+00 -0.412396771296692E+00 -0.413941977592427E+00  0.811530000807693E+00
-0.328005981878431E+00 -0.884337200818375E+00  0.332204441723297E+00  0.711094372519927E+00  0.522263275154744E+00 -0.470729077915451E+00
-0.468907181222312E+00  0.472532254576006E+00  0.746216673482617E+00  0.530741745065338E+00 -0.215405550802595E+00 -0.819703390702045E+00
 0.695578510127172E-01 -0.327257913815954E+00  0.942371457126818E+00  0.185009941289656E+00 -0.155519115017040E-01 -0.982613586142916E+00
-0.404014892872482E+00 -0.480005443858668E+00  0.778695537551924E+00  0.677611367170802E-02 -0.400509256610586E-02  0.999969021278682E+00
-0.544525878628160E+00 -0.276515709919294E+00  0.791852656541644E+00 -0.687372610835618E+00 -0.440709003991057E+00  0.577316609560332E+00
-0.444012372618426E+00 -0.789631504590134E+00 -0.423479751488164E+00  0.550148982235216E+00  0.643915639797267E+00  0.531703626252476E+00
-0.213815441603853E+00 -0.298084181125620E+00 -0.930284245752027E+00  0.343527538494326E-01 -0.979896388702153E-01 -0.994594348956923E+00
 0.540433133728909E+00  0.481664310334080E+00  0.689877902326452E+00  0.701422458764132E+00  0.540549181030255E+00  0.464556904188066E+00
 0.719043566022962E+00  0.641596376236901E+00  0.267077592022730E+00  0.748585713974514E+00  0.649445406049297E+00  0.133566812475000E+00
-0.185481173316155E+00  0.947576671759294E+00  0.260182984614371E+00 -0.685641631993236E-01  0.698405880550775E+00  0.712410121725451E+00
-0.444045454190894E-02 -0.130122017739395E+00  0.991488044740273E+00  0.127300033740106E+00  0.311433127884354E-01 -0.991375204187763E+00
-0.285021798794460E+00  0.775308824080539E+00 -0.563612279421609E+00 -0.215331687068896E+00  0.831788895226340E+00 -0.511624372291048E+00
 0.368854967968666E-01  0.931083444997209E+00 -0.362936741841023E+00 -0.921249991259817E-01 -0.778378005188553E+00  0.620999730736437E+00
-0.484253542293184E+00  0.789837947569645E-01  0.871355304650344E+00  0.246512193801552E+00  0.109774882030223E+00  0.962902494327643E+00
-0.233007271945915E+00  0.297726798213647E+00  0.925778788288959E+00 -0.251366138376199E-01  0.173769882867013E+00  0.984465427759230E+00
-0.809728266296241E+00  0.582578300345785E+00 -0.703040448843427E-01 -0.843304157224800E+00  0.534126018543419E+00  0.595608489053400E-01
 0.273775427590062E-01  0.886930048379490E+00  0.461091703931045E+00  0.781485365961732E-01 -0.385631797368415E+00 -0.919337219461000E+00
 0.924176038312645E+00 -0.378659824231058E+00 -0.501536411644212E-01  0.279225444478491E+00 -0.959290511382648E+00  0.423658580346018E-01
-0.428770575653569E+00 -0.852883639393612E+00  0.297901478862414E+00 -0.744187149471743E+00 -0.659807159050421E+00  0.104115317926494E+00
 0.898858427833880E-01  0.154132830982035E-01  0.995832800208577E+00  0.116596376808987E+00  0.876452452881600E-01  0.989304602179427E+00
-0.167437064715575E-01  0.898122559050442E+00  0.439426350163800E+00 -0.140356949811247E-01 -0.364506036119001E+00 -0.931095241583379E+00
-0.440991735797423E+00  0.112727933556681E+00  0.890403673596654E+00  0.324490172476224E+00 -0.696886867024791E-01 -0.943318405901228E+00
 0.967422189023506E+00 -0.893632501089449E-01 -0.236872365874398E+00 -0.832982529492315E+00 -0.447980408391321E+00  0.324736291871004E+00
 0.541747628345116E+00 -0.659079991680243E+00 -0.521654168725998E+00 -0.256862334265448E-01  0.706665755560612E+00  0.707081132070646E+00
 0.678981083497693E+00  0.702070455472298E+00 -0.214666634121883E+00  0.183066582905690E+00  0.835898030187318E+00 -0.517456384009508E+00
 0.548893710746982E-01 -0.864243060699286E+00 -0.500071083923231E+00  0.416549572929183E+00  0.782568779334297E+00  0.462679758476360E+00
 0.568336708823954E+00 -0.380534059153547E+00 -0.729511627890386E+00 -0.412846956504500E+00  0.341245057687897E+00  0.844457933297186E+00
 0.520479277970045E-01 -0.232314244876863E+00 -0.971247190389414E+00 -0.343499353810648E+00 -0.333257723304008E+00  0.878036151755665E+00
-0.951971311073894E-02  0.996775060035416E+00 -0.796797010140169E-01 -0.233439720455733E-01  0.977019055431513E+00 -0.211869828651580E+00
-0.401338830690974E+00 -0.566694978463433E+00  0.719572056408482E+00 -0.165707897815029E-01 -0.766878373698231E-01  0.996917441178334E+00
 0.125624254876168E+00  0.518803833490642E+00  0.845612871793128E+00 -0.540225224462810E+00  0.401122939852230E+00 -0.739768270459345E+00
-0.191575960915254E-01 -0.328947878579650E+00  0.944153737317150E+00 -0.475503896801046E-01 -0.396862087346400E-01  0.998080139706998E+00
 0.155272511353299E+00  0.287803457827319E+00  0.945018315632389E+00  0.303125506708085E+00  0.109924379911044E-01  0.952887240700587E+00
 0.482296302593208E+00  0.802762381891136E+00 -0.350660569105496E+00 -0.468533099330721E+00 -0.749856774033745E+00  0.467109787167057E+00
 0.536267307122649E+00 -0.816697416157255E+00 -0.213126032556996E+00 -0.485441806154683E+00 -0.792890705508259E+00 -0.368334877463286E+00
-0.989914655515278E+00  0.940509394255266E-01 -0.105940528549018E+00  0.933700427188425E+00  0.347869065164080E-01  0.356361310193982E+00
-0.953487652049925E+00 -0.104990764811156E+00  0.282556607943770E+00  0.175652189650352E+00  0.381415813955148E+00 -0.907561725248464E+00
 0.100327748608945E+00  0.272965483727090E+00 -0.956778024179431E+00 -0.125762281665395E+00  0.243915307441637E-01  0.991760506240428E+00
-0.116674834411590E-01  0.124944569377216E+00  0.992095118631925E+00  0.561385793046827E+00 -0.521862986407143E+00  0.642265532924975E+00
 0.130551398810324E+00  0.185574716661613E+00  0.973919070972855E+00  0.769171987120780E-02 -0.397913648968790E-03  0.999970339115191E+00
 0.343943455585014E+00 -0.838401134554345E+00  0.422831452162947E+00 -0.799241649781985E+00  0.430578848841288E+00 -0.419302564008716E+00
-0.609535375440734E+00  0.183879141017176E-01 -0.792545589036562E+00  0.119056496132993E-02 -0.903032265013347E-02  0.999958517053536E+00
 0.128932379268169E+00  0.989666440907036E+00 -0.627437432629701E-01  0.549300706052215E+00  0.276267535676726E+00 -0.788634885775190E+00
-0.525617599320519E+00  0.648457994109765E+00  0.550661755671914E+00  0.461577254357140E-01 -0.644316619455946E+00 -0.763364629960980E+00
 0.156410319094909E-02 -0.964183139233351E+00  0.265232780024131E+00 -0.176068998554868E-01  0.992093103662763E+00 -0.124262909760978E+00
 0.323922929526732E+00  0.747372434697691E+00 -0.580093423149121E+00  0.217298202248777E+00  0.540925405702043E+00 -0.812515351710680E+00
-0.270642070963838E+00 -0.111032612219499E+00  0.956255524662796E+00  0.651111959420983E-02  0.191278244967074E+00 -0.981514257830189E+00
 0.461460714049983E+00 -0.115840085303494E+00 -0.879565281275562E+00  0.733298664118700E+00 -0.404214821180084E+00  0.546702339065860E+00
 0.389432809639152E+00  0.244472829452142E+00 -0.888017523721362E+00  0.250731662144946E+00  0.704021714981536E-01 -0.965493225168555E+00
 0.130517511758745E+00 -0.623080015076007E+00  0.771191593533792E+00  0.187434669077922E+00  0.759474994347146E+00  0.622949418323071E+00
 0.428506583410933E+00 -0.214902013239380E+00 -0.877609954751626E+00  0.501936314505549E+00 -0.201274333160972E+00 -0.841159068780211E+00
 0.259312254895850E+00 -0.472558407141556E+00  0.842286000299581E+00 -0.352142988937299E+00 -0.809356524366493E+00  0.470039713011248E+00
 0.919343434983371E-01 -0.485508682215463E+00  0.869384492603206E+00 -0.496663564091943E+00  0.638822050079504E+00 -0.587564202820175E+00
-0.116490891912937E+00 -0.968056594457112E+00  0.222027705544660E+00  0.478647083114312E-01 -0.908410383774582E+00  0.415330644605932E+00
 0.111459892170368E+00 -0.986719512163531E+00 -0.118157931401718E+00 -0.401060052536100E-01 -0.998340353566937E+00 -0.413285226259200E-01
-0.194601592814414E+00  0.754755472303422E+00  0.626477770636861E+00 -0.145557846637371E+00  0.711303971787588E+00  0.687647855374750E+00
 0.655452031073484E+00  0.745104473960953E+00 -0.123296219913736E+00 -0.304017621535554E+00 -0.896133732682205E+00 -0.323291847940716E+00
 0.556924347434559E+00  0.548720137677599E+00 -0.623491364608739E+00 -0.115258226829778E+00  0.182569065725795E+00 -0.976413886314644E+00
 0.991482784200288E+00  0.120911337345132E+00 -0.483976976297066E-01  0.959845802658790E+00 -0.280332388080561E+00 -0.104779440422565E-01
-0.585489704006080E+00 -0.352703683087037E+00 -0.729932817757711E+00 -0.876229647704018E+00 -0.615403096788484E-01 -0.477948108866562E+00
-0.205945516598141E+00  0.324219250021913E+00 -0.923292110931504E+00  0.103364811901861E+00 -0.670510109586183E-01  0.992380913555838E+00
 0.118391221007626E+00 -0.307326015033969E+00  0.944210908257082E+00  0.366029383661807E+00  0.606881900767723E-01 -0.928622331134333E+00
 0.191076994856247E+00  0.692493605896187E+00  0.695659534420109E+00 -0.214721736411843E+00 -0.680094726550567E+00 -0.700974848928542E+00
-0.323249467075751E+00 -0.419595696278205E+00 -0.848203533180599E+00  0.210542642190220E+00 -0.129752954370256E-01 -0.977498561394278E+00
-0.728536261405344E+00  0.682546275165004E+00 -0.580129130099715E-01 -0.150550861559313E+00  0.986048234919774E+00 -0.710163114738186E-01
 0.197091568378180E+00  0.397119121198596E+00  0.896354459604394E+00 -0.735460654696148E-02  0.156447152049402E+00  0.987658948411936E+00
 0.574950646053533E-01 -0.942133312412500E-01 -0.993890419393634E+00  0.655807466936445E-01 -0.773101237046862E-01 -0.994847883063471E+00
 0.708910538866411E+00  0.467121981757807E+00  0.528434387642207E+00  0.697734606114429E+00  0.369003285240036E+00  0.614005696156317E+00
-0.474369716161659E+00  0.108088850448909E+00 -0.873664794298901E+00  0.839382307560174E+00 -0.543069638226100E+00  0.226430958998818E-01
 0.983654412142834E+00 -0.137800331657137E+00 -0.115909732408970E+00 -0.718503182870874E+00  0.114983992965043E-01  0.695428618204659E+00
 0.834587588706303E+00  0.550478668109536E+00  0.208995869277153E-01 -0.871216205088870E+00 -0.113203206142388E+00 -0.477668669801184E+00
 0.318147163814392E+00  0.923802735220594E+00  0.213004433183459E+00  0.270260293471353E+00 -0.958947166100318E+00 -0.859052175420584E-01
 0.610370537922971E+00  0.609219308110749E+00  0.506260447853358E+00  0.278990348914845E+00  0.951673839061455E-01  0.955566614241432E+00
 0.426144078472581E+00  0.682342485611927E+00 -0.593978077635608E+00  0.723247238941101E+00  0.339253711281627E+00 -0.601515046150731E+00
-0.709613221126775E-01 -0.995290856053384E+00  0.660348591316958E-01  0.870554887789203E-01  0.917157892358101E+00  0.388899398763626E+00
-0.145294989816509E+00 -0.957588555736570E+00  0.248824283092648E+00  0.269020461844309E+00 -0.946231887759266E+00  0.179647448344278E+00
 0.789413714323556E+00 -0.322083389318205E-01  0.613015995338735E+00  0.998337735306014E+00  0.294305116945725E-01  0.495541244040704E-01
-0.152934023491183E+00 -0.225862753013755E-01 -0.987978261211657E+00 -0.778235881132277E-01 -0.454620181571044E+00  0.887278975092667E+00
 0.921685230241120E+00  0.298589441058681E+00  0.247670511049736E+00 -0.639545838267392E+00 -0.768032740952029E+00  0.332690483869419E-01
 0.682799325573948E+00 -0.499354221725701E+00 -0.533320206105564E+00  0.541471340375821E+00 -0.323817970573493E+00 -0.775854825006120E+00
 0.762501538292576E+00  0.639708170334428E+00  0.967722114495365E-01  0.841449220577644E+00  0.468190873181831E+00 -0.269741571617188E+00
 0.333025286315214E+00 -0.334594563244862E+00  0.881555804768847E+00  0.604024650318167E-01  0.196504151760881E-01 -0.997980662839460E+00
 0.426465684780499E+00 -0.201283859097303E+00 -0.881823013859129E+00  0.347349183277952E-01 -0.127240773108829E-01 -0.999315557421853E+00
-0.288582500879672E+00  0.334977885148632E+00  0.896944790189109E+00 -0.173622057203261E+00  0.138133778487841E+00 -0.975076633138739E+00
 0.892995593354197E-01  0.100761364191027E+00 -0.990894916824616E+00  0.178084447411839E+00  0.133209547306707E+00 -0.974956997049799E+00
-0.596408645242856E+00 -0.680798772966562E+00  0.425217307510883E+00  0.714482767013938E+00  0.361704413064298E+00 -0.598902574055178E+00
-0.126677529134348E+00 -0.774033738822318E+00  0.620342304519981E+00 -0.825274262849844E-01 -0.605046537846957E+00  0.791901452802170E+00
-0.415844591038006E+00  0.737341895306294E+00  0.532353459207843E+00  0.453025466456385E+00 -0.839718809546804E+00 -0.299399812350095E+00
 0.547506735644475E-01 -0.499977603656717E+00 -0.864305940964151E+00 -0.991846566131985E-01 -0.306834342870035E+00 -0.946580736085431E+00
-0.220938908934306E+00 -0.567688076817850E-02  0.975271127196772E+00 -0.435592594385625E+00 -0.426414593499112E+00  0.792735571402840E+00
-0.905982379142296E+00 -0.298618441101322E+00  0.300038256423879E+00 -0.845451742668827E+00 -0.512777623670447E+00  0.149232903480208E+00
 0.405511454444844E+00  0.355423790815898E+00  0.842160548373102E+00 -0.260871710356144E+00 -0.410101818578717E+00 -0.873935037136222E+00
 0.129903206873303E+00  0.336059845958477E+00 -0.932839180554931E+00 -0.542286135209642E-01  0.495625581175702E-01 -0.997297754087733E+00
 0.813304455686298E+00 -0.482337163262407E-01  0.579835641341729E+00  0.512257357028748E+00  0.421011755544756E+00  0.748559618108701E+00
 0.979301881651623E+00  0.492886851555799E-01 -0.196312124203335E+00  0.840745969905998E+00  0.148212908937755E+00 -0.520748641583473E+00
-0.277150786322776E+00  0.487711417528636E+00  0.827843593230555E+00 -0.211825525806520E+00  0.526029174503946E+00  0.823664527697708E+00
 0.802323923913827E+00  0.333440771169601E+00 -0.495069261050755E+00 -0.514819137347652E+00 -0.517937647552357E+00  0.683155801460069E+00
-0.452156184942662E+00  0.831222714305372E+00  0.323455690382634E+00  0.217332933968695E+00 -0.974763571857844E+00  0.510134765674260E-01
-0.868416525946960E+00 -0.412778171917901E+00  0.274712428277879E+00  0.271049396719315E+00  0.957516075842758E+00 -0.984641510438230E-01
 0.941718873014139E+00 -0.704786908361560E-01 -0.328935127870225E+00 -0.942041551203366E+00  0.313044833137737E+00  0.120667511170665E+00
 0.645865821741991E+00 -0.762413857862879E+00 -0.397800156383147E-01  0.429879074053429E+00 -0.899112194022620E+00 -0.824696565458939E-01
-0.232625580700127E+00  0.212127474597343E+00  0.949150817164945E+00  0.234618142274035E+00 -0.593390159320116E+00 -0.769962626455290E+00
-0.902063842615705E+00 -0.148507706604585E+00 -0.405248423716163E+00  0.911613173656467E+00 -0.616155882949175E-01  0.406404897725232E+00
 0.172637978996890E+00 -0.612095078170618E+00  0.771709623814019E+00  0.525712377055019E+00  0.235907821700862E+00 -0.817296761446854E+00
 0.296245963683084E+00 -0.954332153233564E+00 -0.385806986208100E-01  0.262383115013334E+00  0.696509720666092E+00 -0.667854258033548E+00
 0.163254763363928E+00  0.477859733037106E+00 -0.863132642054912E+00  0.228878845271622E+00  0.764791800585093E+00 -0.602252418795426E+00
-0.495427490008624E+00  0.323476126217186E+00  0.806172933005864E+00  0.756296438649026E+00 -0.542025954538578E+00 -0.366365338826346E+00
-0.898518845703326E+00 -0.422825056018261E+00  0.117825531694613E+00  0.311422136118758E-01  0.546178647956300E+00  0.837089629040989E+00
 0.136410873789762E+00  0.519210628487122E+00 -0.843689751495134E+00  0.618451563757183E-02  0.615547341358854E+00 -0.788075645044545E+00
 0.702129866025186E+00  0.336949965024985E+00  0.627278544432308E+00 -0.340422145460918E+00  0.309704659077896E+00 -0.887803912485876E+00
-0.395726397947654E+00 -0.441615857265068E+00 -0.805218015558155E+00  0.143424783848487E+00  0.442388003347223E+00  0.885280851409581E+00
 0.594108662584526E-01 -0.834553429867376E+00 -0.547714270096205E+00  0.650090423197447E+00  0.410938116484998E+00  0.639149674244403E+00
 0.635714348742607E+00  0.168748580726424E+00 -0.753253731026657E+00 -0.698328503515082E+00 -0.168398986822898E+00  0.695686051617688E+00
 0.987500528528453E-01 -0.991034702522656E+00  0.899924744486487E-01 -0.321347318466609E+00  0.514046884995807E+00 -0.795293468438178E+00
 0.406312086989937E+00 -0.682168052007768E+00  0.607912194963886E+00 -0.289432562009483E+00  0.205315657903919E+00 -0.934919393674186E+00
-0.210393264017745E+00 -0.358379280497289E+00  0.909559764812739E+00  0.136895838031429E+00 -0.137059529334486E+00 -0.981057702150226E+00
 0.263227349218318E+00 -0.479880510772642E+00 -0.836914606160082E+00  0.981548733004351E+00  0.165122024400170E-01  0.190497852765151E+00
-0.930778195503598E+00  0.351626512671301E+00  0.100053717380641E+00 -0.817609418777841E+00  0.390386348184872E+00  0.423217836907472E+00
-0.209930714456825E+00  0.283182161895285E-01  0.977306079874412E+00  0.215382706782166E-01  0.561427333670191E-01 -0.998190410886756E+00
-0.392247246034420E+00  0.499042395517596E-01  0.918505125109911E+00 -0.238246158426014E+00 -0.342036824074788E-01  0.970602326447354E+00
-0.865855761070441E+00  0.213316508112412E+00 -0.452537145865237E+00 -0.716185426609670E+00  0.166012959315034E+00 -0.677877667467656E+00
-0.230816336589528E+00  0.804423058681424E+00  0.547382280883308E+00  0.802309277259064E+00 -0.574560184314934E+00 -0.161803640947994E+00
-0.779158608725102E+00 -0.548543737580724E+00 -0.303334189320185E+00  0.394712111067529E+00  0.772223345948732E+00  0.497868911811493E+00
-0.510901267441415E+00  0.751706930462781E+00 -0.417033074972453E+00  0.239389668280182E+00  0.389029117529837E+00  0.889577951859566E+00
-0.924916329334274E+00 -0.378832363986545E+00  0.318719896959421E-01 -0.956920975383608E+00 -0.259636761506556E+00  0.129965375947876E+00
-0.586105376345239E+00 -0.808858668625111E+00  0.472031991417795E-01 -0.983717218418862E+00 -0.179280891803756E+00 -0.126014292962216E-01
-0.809040795850347E+00  0.539023995441981E+00 -0.234320556050038E+00  0.549356304961341E+00 -0.797439887410275E+00 -0.249594223022708E+00
 0.170244203806485E+00  0.274465477873765E+00  0.946406684531455E+00  0.354954350248431E+00  0.647221016188692E+00  0.674620163828054E+00
-0.872982478005127E-01 -0.921597532882222E+00 -0.378202331188428E+00  0.380173975831459E+00  0.896976664035788E+00  0.225611640381720E+00
-0.366553150747691E+00 -0.580992352278600E+00  0.726695723305649E+00 -0.155445749061226E-01 -0.167296058464378E+00 -0.985784152344351E+00
 0.692299874884747E+00 -0.950260415615366E-01 -0.715325754226498E+00  0.528676983586711E-01  0.166183140070417E+00  0.984676683194333E+00
 0.236301513226510E+00 -0.952389934199947E+00 -0.192652557941707E+00  0.179506026353775E+00 -0.492867584345191E+00 -0.851386593037742E+00
 0.665239447294945E+00 -0.566404511124865E+00 -0.486459050219151E+00 -0.398417747024856E+00  0.835746157550137E+00  0.377877836073803E+00
-0.569955559879610E+00  0.173180697329936E+00  0.803217969068569E+00 -0.299820293881225E+00  0.161660645440390E+00  0.940198716810852E+00
-0.198798964610116E-01  0.467738280987437E+00  0.883643418023139E+00  0.774980056888862E-01  0.554535681592503E-01  0.995449125215675E+00
 0.890620525149771E+00 -0.162464684154924E+00 -0.424735572544127E+00  0.706135832345591E+00  0.119230159456368E+00 -0.697965869762704E+00
-0.662566062698934E+00 -0.596038321158961E+00 -0.453590710078633E+00 -0.659117483292953E+00 -0.725626878736560E+00 -0.197559550699534E+00
 0.981066591135598E+00 -0.175557961944287E-01  0.192873372391205E+00  0.692474824134329E+00  0.411368432409784E+00  0.592667386277368E+00
-0.330656543919459E+00  0.540287121601421E+00 -0.773793303276069E+00  0.629647844164340E+00 -0.576208772342490E+00  0.521082568327477E+00
-0.313728448778224E+00 -0.291700712761849E-01  0.949064574920459E+00  0.196549815525648E-01  0.437063713920564E-01  0.998851057365365E+00
 0.633284358859520E+00  0.179414572030929E+00 -0.752835527965335E+00 -0.970810864697691E-01  0.823957173083167E-01  0.991859974199532E+00
 0.921553664408666E+00  0.339782682116463E+00 -0.187847205325768E+00  0.634600921734923E+00  0.530549906497413E+00 -0.561959488618862E+00
-0.667563835733843E+00 -0.653101699581073E+00 -0.357514608407311E+00 -0.781036570545216E+00  0.622430056595389E+00  0.506231184107463E-01
-0.764887752622879E-01  0.919562746120600E+00 -0.385426806548295E+00 -0.566287166812773E-01 -0.383969376306839E+00  0.921607674938511E+00
-0.436774355279509E+00 -0.312373597310047E+00  0.843594036414287E+00  0.442005730292212E+00  0.155313399438568E+00 -0.883464024363010E+00
-0.599592179487940E+00  0.639577968793244E+00 -0.481070930457465E+00  0.248975930648626E+00 -0.919544870207858E+00  0.304052984908986E+00
 0.121163434950528E+00 -0.992631325922733E+00  0.157252277128899E-02 -0.326650292469059E+00  0.620018293339005E+00 -0.713356083842331E+00
-0.535651463058846E+00 -0.134545122300937E+00  0.833651677973447E+00 -0.203555283616929E+00 -0.105678306236176E+00  0.973343383448352E+00
 0.683292268185306E+00 -0.722025237883433E+00 -0.108587439870144E+00 -0.909818905566860E+00  0.414734868981132E+00  0.149849098871202E-01
 0.885325937038404E+00  0.463290857052533E+00  0.394913532131016E-01  0.517459386425682E+00  0.582103169833825E+00  0.627209441151335E+00
-0.343777965335888E+00 -0.921056615397061E+00 -0.182951965780167E+00 -0.640351384764614E-01 -0.840710858925014E+00 -0.537684621991243E+00
 0.194052907960675E+00 -0.347261230472680E-01  0.980376236600068E+00 -0.105990021779953E+00 -0.993929889202756E-01  0.989387259386626E+00
 0.207696983048574E+00 -0.354322986298798E+00  0.911765970308621E+00 -0.215207233238560E-01  0.675522697803018E-01 -0.997483608544595E+00
 0.336158033044224E+00 -0.640592235494646E-01  0.939624495582186E+00 -0.350622837106724E+00 -0.302676087906038E+00 -0.886256628696862E+00
-0.237730861751482E+00  0.358979128302605E+00  0.902561921872400E+00 -0.428895858125369E-02  0.855853327675814E+00  0.517200818193981E+00
-0.153741984501340E+00 -0.400007877802387E+00 -0.903524819746320E+00  0.342116406866403E+00 -0.102403300824418E+00  0.934060987373461E+00
 0.582640336758075E+00  0.220564862841770E+00  0.782228469989445E+00 -0.489280556440189E+00 -0.210567194912196E+00 -0.846324992846358E+00
 0.638694539365130E+00  0.396441551126161E+00  0.659472047873030E+00  0.234160256242381E+00 -0.551012324223095E-01  0.970635270625401E+00
 0.271757241434432E+00 -0.128650957278175E+00  0.953727913463456E+00  0.442443228701858E+00  0.142842506487398E+00  0.885347393804417E+00
-0.581846802186604E+00  0.252190842388528E+00 -0.773210241655261E+00 -0.862274040977838E+00  0.320845028730601E+00 -0.391844287689140E+00
-0.483228103298925E+00  0.551256682751052E+00  0.680151946188813E+00 -0.426183155650854E+00  0.697600880122374E+00  0.575952194102921E+00
 0.401063842737551E+00  0.162554051457140E+00 -0.901512048950794E+00  0.383336667183932E-01 -0.169434531061434E-01  0.999121338673518E+00
 0.694048717777634E+00  0.520244600151965E+00  0.497636346506105E+00 -0.889919837083109E+00  0.367737458949628E+00 -0.269836700341602E+00
 0.966574971635768E+00 -0.246238932801418E+00 -0.714087682300523E-01 -0.806049885696309E+00  0.526361624693118E+00 -0.270604918320765E+00
 0.486991447965421E+00  0.784492299458332E+00  0.383941612356777E+00 -0.803524466149761E+00 -0.594862807177452E+00  0.220606648971094E-01
-0.815354553139416E+00 -0.674523731601390E-02  0.578922667070806E+00 -0.376570259120564E+00  0.342749480539987E+00  0.860649541645983E+00
-0.783999047700683E+00  0.609230625110247E+00 -0.119094662484096E+00 -0.888007246758240E+00  0.380289117730752E+00 -0.258502063126034E+00
 0.702646974885253E+00 -0.144510691941240E-01  0.711391871814508E+00 -0.209470466477617E+00 -0.922728392307113E+00 -0.323565198536524E+00
 0.647929609136988E+00 -0.449199942468304E+00  0.615147651617124E+00  0.498858162718637E+00 -0.211212415533286E+00  0.840553299329424E+00
-0.605132720388398E+00 -0.758411195306276E+00 -0.242129819620473E+00  0.807606199034022E+00  0.585747050673523E+00  0.683565644915635E-01
-0.285032274140920E+00  0.908039015718595E+00  0.306955613453901E+00  0.160449085950049E+00  0.470681091805547E+00  0.867591724623127E+00
 0.378127198560341E+00 -0.620213706752321E+00  0.687280713875673E+00  0.270557471165336E+00 -0.903882267567572E+00  0.331354042035891E+00
-0.362256352522964E+00 -0.113182132957381E+00  0.925181138932250E+00 -0.528365785006767E+00 -0.295570229216609E+00  0.795906927244024E+00
-0.528355399340015E+00 -0.730461354485172E+00  0.432743320678600E+00 -0.351325207215880E+00 -0.497918785466586E+00  0.792872929197485E+00
-0.472447434677095E+00 -0.946943266402856E-01  0.876257043320723E+00 -0.356183130282672E+00  0.437129818426767E+00  0.825863850488819E+00
-0.835188895394164E+00 -0.132419165420760E+00  0.533783358338892E+00 -0.830311893068496E+00  0.175318911546687E+00  0.529004196092143E+00
 0.562296614589380E+00  0.419247178871804E+00  0.712779292789399E+00 -0.404917949847358E+00 -0.573172221098974E+00 -0.712400911602365E+00
 0.701918916659565E-01 -0.233084628310627E+00 -0.969919921637684E+00 -0.327065299882803E+00  0.440685183176976E+00  0.835957450436831E+00
 0.431751417993101E+00 -0.392311921045377E+00 -0.812208144299620E+00  0.575704089288574E+00 -0.766341456689095E+00 -0.285106249205537E+00
 0.560856789683909E+00 -0.341436349950354E+00 -0.754228665855414E+00  0.650233259883758E+00 -0.136823198838750E+00 -0.747312598582730E+00
 0.683256308410050E-01 -0.574721897545401E+00 -0.815491476750059E+00 -0.281153635345477E+00 -0.766627283656394E+00 -0.577265312733791E+00
 0.231894026372547E+00 -0.882290829783542E+00 -0.409619399214194E+00 -0.317362945390539E+00  0.894888351193862E+00  0.313776353141171E+00
 0.224271400700780E+00 -0.332249624603335E+00  0.916140014287474E+00 -0.278289470640445E+00 -0.430045072823765E-01 -0.959534044671715E+00
-0.960007336148210E+00 -0.278033263404982E+00  0.329153305010667E-01 -0.669588007618691E+00 -0.352174805144353E+00 -0.653930276615763E+00
-0.815785256916659E+00 -0.502130433310598E+00 -0.286983348891066E+00 -0.797422033376510E+00 -0.500186985169320E+00 -0.337536783999758E+00
 0.261933527652557E+00 -0.170775806591277E+00  0.949856015917458E+00 -0.662931699821783E+00  0.271910756626823E+00 -0.697557239086536E+00
 0.334520449214899E+00  0.163281443323053E+00  0.928135356143382E+00 -0.569978809476823E+00 -0.178694881871157E+00 -0.801992703171567E+00
 0.822589255960107E+00 -0.426247881591720E+00  0.376377017653270E+00 -0.454873530212087E+00  0.419206414099600E+00 -0.785720086220372E+00
 0.764908124300086E+00 -0.642824600763207E+00 -0.411350706009701E-01  0.477944003230664E+00 -0.484354264482503E+00  0.732782693745875E+00
-0.646552891191052E+00 -0.531770758423680E+00  0.546981918693841E+00  0.468484243030165E+00  0.402595362347296E+00 -0.786409237133506E+00
-0.527127417731356E+00  0.644246973503900E+00  0.554150270781254E+00 -0.975551361710569E+00 -0.175346436304429E+00 -0.132488369074387E+00
 0.167650766044689E+00  0.385739639207469E-01  0.985091503339700E+00  0.197648608330887E+00  0.122530936511371E+00 -0.972584802072554E+00
-0.924532472682667E+00  0.368254121474826E+00  0.981254756527480E-01 -0.930034715915511E+00  0.233522339683250E-01  0.366728919449563E+00
-0.333833110179296E+00  0.749604315893136E+00 -0.571531997479057E+00  0.236600624942129E+00 -0.688487093562518E+00  0.685569592583299E+00
-0.690575424016409E-01  0.162485735350395E+00 -0.984291339820222E+00  0.361173386917946E+00  0.452746926510944E+00  0.815214085450634E+00
-0.494329747611357E+00  0.608720008526650E+00 -0.620562689698476E+00 -0.321617826427717E+00  0.924463500107343E+00  0.204766234260415E+00
 0.568687961773829E-01 -0.989523622306250E+00  0.132698684693004E+00  0.187115098385897E+00  0.734282655933758E+00  0.652546489647215E+00
-0.161952508258100E+00  0.243314475856362E+00  0.956331245389198E+00  0.361055826079635E-01  0.270247164445405E+00  0.962113744322239E+00
-0.390601580610938E+00  0.829476930240516E+00 -0.399247326131317E+00 -0.130580686396245E+00  0.634873227662689E+00 -0.761501588401131E+00
-0.877278083880070E-01  0.369525544310796E-01  0.995458859198337E+00 -0.861259638228025E-01 -0.139327842943180E+00  0.986493826912462E+00
-0.743894586258601E-01 -0.779325024743738E+00 -0.622188648444765E+00  0.253677255352031E+00  0.764971775790589E+00  0.592001716518503E+00
-0.148911614254886E+00  0.273317664360532E+00  0.950327725307700E+00 -0.219155240210994E-01 -0.529964765152906E-01 -0.998354187292188E+00
 0.635910237717643E+00  0.798426848222468E-02  0.771721725120328E+00  0.565172809523240E+00 -0.300660591629605E+00  0.768233625934549E+00
-0.578947286152732E+00 -0.476462473544706E+00  0.661667251086260E+00 -0.273486203453874E+00  0.130864681266602E-01  0.961786899927607E+00
-0.235480422172167E+00 -0.145372594322766E+00  0.960945253171837E+00 -0.850082837536151E+00  0.262895250536418E+00  0.456338971129883E+00
 0.164895095240786E+00  0.964733155691192E+00  0.205181738650512E+00 -0.569109303936082E+00 -0.591302144522081E+00  0.571381111043213E+00
 0.827573697554053E+00 -0.100841479368591E+00  0.552225290217196E+00  0.610068453722878E+00 -0.342255266545390E-01  0.791609180781398E+00
-0.248543135364015E+00 -0.534042646779352E-01  0.967147503940135E+00 -0.174005432450431E+00  0.347959375936871E+00 -0.921220050897375E+00
 0.803610910808342E+00  0.468588693248792E+00  0.366925252046214E+00  0.911484703108775E+00  0.699094176164820E-02  0.411274558819280E+00
 0.817476042594286E+00 -0.575432103583815E+00 -0.247146505031176E-01 -0.775953148561674E-01 -0.777335769087694E+00 -0.624282042997567E+00
 0.730199057205053E+00 -0.649170706479490E+00  0.213041617309321E+00 -0.131174541230308E+00 -0.754683762087286E+00 -0.642841861560679E+00
 0.457552428051080E+00 -0.841890781458641E+00  0.286121805669403E+00  0.498653243851262E+00 -0.864329690601407E+00  0.654150467514186E-01
-0.380970141086450E+00 -0.459178937904134E+00  0.802506357972198E+00 -0.270072249892346E+00  0.216119681266552E+00  0.938271422994077E+00
 0.390967486371734E+00  0.741970181482666E+00  0.544632604964804E+00 -0.140097785944527E+00 -0.572321898261221E+00 -0.807972929709971E+00
-0.990649218743573E+00 -0.132782521386372E+00 -0.313516732731378E-01 -0.876934175004523E+00  0.383797910105698E+00 -0.289284664141802E+00
 0.143723471489242E-01 -0.412318669406191E+00  0.910926314526339E+00  0.770580864547923E-01 -0.200905652365861E+00 -0.976575122640022E+00
-0.722314522439217E+00  0.614891730422507E+00 -0.316496272539538E+00 -0.535920563950883E+00  0.636620480859632E+00 -0.554529992412150E+00
-0.683588931200873E+00  0.650401120054647E+00  0.331186588151314E+00 -0.383482071154363E+00  0.904125173150970E+00  0.188412240520326E+00
-0.222742064723178E+00 -0.279740630898503E+00  0.933879623949127E+00 -0.199119132355082E+00 -0.222115027713199E+00  0.954471835935521E+00
-0.752807393205996E+00  0.639119104068416E+00 -0.157504919126921E+00  0.168031429427972E+00 -0.878753732163578E+00  0.446718386607239E+00
-0.548138209217010E+00 -0.835083862470582E+00  0.466845395991427E-01 -0.522198621560410E+00 -0.794014967072538E+00  0.311205449350111E+00
-0.595375044057417E+00 -0.891255386137352E-03 -0.803447423654756E+00 -0.655245203227042E+00  0.260756235213381E+00 -0.708985126392152E+00
-0.168422174150430E+00 -0.127047778298135E+00  0.977493137205551E+00 -0.212117114599995E+00 -0.673236773955821E+00  0.708349190644932E+00
 0.521386169951550E+00 -0.452427812767111E+00  0.723509181709549E+00  0.134706909121338E+00 -0.180133974342469E+00  0.974374568593907E+00
 0.164114142722466E+00 -0.921765096673518E+00  0.351305642870890E+00  0.125319777652654E-01  0.202871599720538E+00 -0.979125152143545E+00
 0.297202646431525E+00  0.954431059333049E+00  0.270543884516448E-01  0.633968703997218E+00  0.771299872786423E+00  0.563931608595819E-01
 0.435527229067973E-02  0.623114466059669E+00 -0.782118529246334E+00 -0.321411138502099E-02  0.243159254695592E-02  0.999991878389865E+00
 0.765406951494357E+00  0.141916332792562E+00 -0.627703714415349E+00  0.247405749512101E+00 -0.425012829714917E+00 -0.870720672596025E+00
 0.523210935213186E+00 -0.437405369041427E+00 -0.731386943011069E+00  0.487145640923918E-02  0.222018784792933E-04 -0.999988134139365E+00
 0.833200744858488E+00  0.536649711819444E+00  0.133355185768565E+00 -0.967191531096827E+00 -0.251068868712860E+00 -0.387938827371125E-01
 0.978173193162196E+00  0.206160421635617E+00  0.259823926899901E-01 -0.115190108385579E-01 -0.119720930911975E+00  0.992740757242731E+00
-0.713644831981198E+00 -0.368053303272237E+00  0.596026693812385E+00 -0.595629435378506E+00 -0.621066994314629E+00  0.509412764154644E+00
 0.579071213258815E+00  0.976796406281414E-01  0.809404236325534E+00  0.477149345059690E+00  0.110942287277932E+00  0.871791438018663E+00
-0.497315254428659E+00  0.778292523877497E+00  0.383325299176762E+00 -0.613683743107540E+00  0.756409999260778E+00 -0.226354095310488E+00
-0.204387348977299E+00 -0.756946337238298E+00  0.620691593401713E+00  0.476276577449832E-01 -0.532570761888340E-01 -0.997444379428519E+00
-0.925583540530255E+00  0.243341131069074E+00  0.289965865973050E+00  0.699573077387674E+00  0.681183027313033E+00 -0.215840665063354E+00
-0.784952079818594E-01 -0.476346607777150E+00  0.875746773664103E+00 -0.238990755706706E+00  0.198377035877190E+00 -0.950541935068263E+00
-0.126320288835826E+00 -0.304695767806838E+00 -0.944035843445065E+00  0.209138891845874E+00 -0.172234727281297E+00 -0.962598630082038E+00
-0.491869848209865E-01 -0.686348008149626E+00  0.725608056896601E+00 -0.407246409189483E+00 -0.534893619360880E+00  0.740296682532950E+00
-0.118930013470166E-01 -0.664818068747600E+00  0.746910631860112E+00 -0.398773395056819E+00 -0.261010663820434E+00  0.879120704321582E+00
 0.209323548368855E-01 -0.261073493011480E+00  0.965091947830759E+00  0.457690811366971E-01 -0.341826095050086E-01 -0.998367036925464E+00
-0.655988709615647E+00  0.353560651656266E+00 -0.666838570013159E+00 -0.836684488307253E+00  0.965996226049095E-01 -0.539098859151659E+00
 0.915808637453327E+00  0.370043699470270E+00 -0.156083951924076E+00 -0.387231937408792E+00 -0.885684820177621E+00  0.256151958722882E+00
-0.513912309187131E+00  0.775578402651628E+00  0.366568247133190E+00  0.625782058875479E+00 -0.768501771136677E+00 -0.133423545708232E+00
 0.404492887561860E+00  0.831466387792648E+00 -0.380853186783192E+00 -0.423366555206257E+00 -0.852143668203117E+00  0.307590521105776E+00
-0.613230255804559E+00  0.126807442521216E+00 -0.779659237030579E+00  0.147363786239388E+00  0.187048215976410E-01  0.988905477866410E+00
 0.628110366478161E+00  0.521468710227340E+00  0.577535931156240E+00 -0.842675532560411E+00  0.309309940478117E+00  0.440710003908978E+00
 0.985749753394051E+00  0.160167841593316E+00 -0.514167891150910E-01  0.871831133777356E+00 -0.255549423519876E+00 -0.417857590950731E+00
-0.141995048228068E+00 -0.753502370299914E+00 -0.641928021067097E+00  0.446351815552815E+00  0.282249875469848E+00  0.849179053292037E+00
-0.410482909699896E+00 -0.871844986035666E+00 -0.267189260953309E+00 -0.666876158946821E-01 -0.997179093854262E+00 -0.344473027431279E-01
 0.753858782931584E-01  0.416302329552282E+00  0.906095657071213E+00  0.253125717245062E+00  0.208119060123611E+00 -0.944782423673534E+00
-0.198285266917588E+00 -0.764116666835021E-01  0.977161301995771E+00  0.376230117201406E+00  0.387315130907071E-01  0.925716354400375E+00
 0.849075741230046E+00 -0.469633622203581E+00  0.241898008570951E+00 -0.820607239232246E+00 -0.463918619440291E+00  0.333741327162588E+00
-0.728305071307047E+00  0.296738617971102E+00  0.617671365463089E+00 -0.858657616850176E+00 -0.148834475447435E-01  0.512333465639675E+00
 0.497268323930402E+00 -0.180248015527837E+00  0.848666522795453E+00 -0.292669554378294E+00  0.758344159446138E-01 -0.953201800931130E+00
-0.159544703642594E-01  0.614040666853268E+00  0.789113118840252E+00  0.732865281447326E+00  0.570073577678812E+00 -0.371382007213073E+00
-0.347890027134041E+00  0.699998344030230E+00 -0.623678480770030E+00  0.628044896901894E+00 -0.119625122255084E+00  0.768927459257989E+00
 0.466750528913208E+00 -0.706467885167292E+00 -0.532021682816119E+00  0.653216808614067E-01 -0.797284356212539E+00 -0.600058941561742E+00
-0.522468784811214E+00  0.258957898833693E+00 -0.812383638147355E+00 -0.147430350326330E-01  0.796546693411190E-01 -0.996713487703554E+00
-0.563007695982798E+00  0.823820887114444E+00  0.658899098353682E-01  0.512614234189891E-01 -0.398756192455724E+00 -0.915623156897680E+00
 0.603425219765237E+00  0.108896112365278E+00  0.789949138149415E+00 -0.100199580706677E+00 -0.758194502325697E+00 -0.644283431937602E+00
-0.329846977479156E-01 -0.788334408347915E+00  0.614362165444147E+00 -0.179207143638945E+00  0.229428887213595E+00 -0.956685520628750E+00
-0.283196629674658E+00 -0.778894295853951E+00  0.559574253184590E+00  0.555742944135548E+00 -0.649465195466539E+00  0.518984334947755E+00
-0.357096742792841E+00  0.914605865072481E+00  0.189678749104274E+00 -0.715373862524511E+00  0.558757609956960E+00  0.419559495342374E+00
 0.288795030602138E+00  0.247370668068648E+00  0.924881172302032E+00 -0.435155444359685E-01  0.851854419495648E-01  0.995414405095837E+00
 0.434783615110778E+00 -0.604185560175965E+00  0.667774675250610E+00  0.270354053836461E+00 -0.871664508609807E+00  0.408790496470032E+00
-0.458433958406722E+00 -0.556752682321329E+00 -0.692722712567987E+00 -0.335459482788656E+00 -0.361534016824592E+00 -0.869919588287241E+00
-0.108109253218447E+00 -0.445500766470060E+00 -0.888730249537585E+00 -0.300718553136953E+00  0.424130314994704E+00  0.854214157984818E+00
-0.675525468162233E-01  0.500712814225744E+00  0.862973540202003E+00  0.456077485352371E+00 -0.617991244925333E+00 -0.640375006188011E+00
 0.714579517079305E-01 -0.544100571756929E+00 -0.835971488121150E+00  0.120287431998477E+00 -0.830984991371283E+00 -0.543134309189615E+00
 0.993394504076319E+00  0.661594638874437E-02 -0.114558232023477E+00 -0.976759843562384E+00 -0.209499577506066E+00 -0.452784168094136E-01
-0.690386008613916E+00 -0.626319019132747E+00  0.362065802559065E+00 -0.673114504348634E+00 -0.567928696349597E+00  0.473681179590386E+00
 0.811703624674675E+00  0.552916303973006E+00 -0.188204108591773E+00 -0.585319334064902E+00 -0.797977961308020E+00  0.143640002911849E+00
 0.254213505758999E+00 -0.583213474620321E+00 -0.771516387713839E+00 -0.199220359035508E+00 -0.827098314119988E+00 -0.525566006630602E+00
-0.288085989018942E+00 -0.922765082737841E+00 -0.255951294215918E+00  0.835910120232820E+00 -0.991828858135562E-01 -0.539830553094253E+00
 0.832728573044979E+00 -0.189840463024911E-01  0.553355879719786E+00  0.373975590274695E-01 -0.523976213247478E-01 -0.997925804786255E+00
-0.195712301495266E+00  0.841025216793031E+00 -0.504354319661942E+00  0.402031532272115E-01 -0.120855246439151E+00 -0.991855693071689E+00
-0.744101901542096E+00 -0.116459029157233E+00  0.657837103430015E+00 -0.149915317059096E+00 -0.128691799570844E-01  0.988615082789203E+00
-0.197366517468961E+00  0.582693628086328E+00  0.788361968622134E+00 -0.312013379800515E-01  0.257571712981209E-01 -0.999181187090196E+00
 0.535454500684677E+00  0.311423262296954E+00 -0.785050335581641E+00  0.569304502987725E+00  0.405935895230953E+00 -0.714918479157549E+00
-0.552968497239975E+00 -0.630921955831640E+00  0.544208899881050E+00  0.294109430965874E+00  0.729029777300527E-01 -0.952987302357708E+00
-0.939785917225591E+00 -0.319482569407816E+00  0.121380878350073E+00  0.928690645531606E+00  0.302982214757117E+00 -0.213858510335600E+00
 0.672686300272890E+00  0.739926504609587E+00 -0.138173854618292E-02 -0.634095600425519E+00 -0.727737638445527E+00 -0.261382285380490E+00
-0.181560358280308E+00  0.786163589154255E+00 -0.590747532698382E+00  0.572817907309834E+00  0.545778626288339E-01 -0.817863620645918E+00
 0.251648025428359E+00 -0.505917156445205E+00 -0.825058241648677E+00 -0.174791237474984E-01  0.414162279958146E+00  0.910035211457716E+00
 0.857194151024854E+00 -0.333001815302037E+00 -0.392845998394190E+00  0.800437153530749E+00  0.805376037684406E-01 -0.593981529701749E+00
 0.741433791075584E+00  0.627142013732708E+00  0.238681436359367E+00 -0.585286788152663E+00 -0.782645986213675E+00 -0.211907139751269E+00
 0.486206002856160E+00  0.378867293315207E-01  0.873022518911853E+00  0.736853880571862E+00  0.699308028097851E-01  0.672425491414898E+00
 0.893086611765775E+00 -0.351233721492549E+00 -0.281124841967446E+00 -0.919037301215460E+00  0.393726875488331E+00  0.186972322229884E-01
-0.275514336180929E+00  0.137984554175366E+00 -0.951342269305746E+00 -0.132709678048793E+00  0.113523509311125E+00  0.984632192336749E+00
-0.396992768646255E-01 -0.149879821698856E+00  0.987906881474132E+00  0.588779480774663E+00 -0.102830652307028E+00 -0.801726000554322E+00
 0.414098820954116E+00  0.105785537638138E+00  0.904063928331963E+00 -0.545555883206163E+00  0.341940846686656E+00 -0.765143931339951E+00
 0.455093068998599E+00 -0.883849114056409E+00 -0.108171355409540E+00 -0.814851291924325E+00  0.533488550017804E+00 -0.226731865976442E+00
-0.834359426662518E-02 -0.579480247319792E+00 -0.814943573139212E+00  0.301065967666660E+00  0.709503700106694E+00  0.637152872274659E+00
 0.722691552969250E+00  0.568106697966693E+00 -0.393664449744036E+00 -0.740057281942304E+00 -0.578045297123337E+00  0.343771514116225E+00
-0.804680545788505E-01  0.403168815326195E+00 -0.911580933620689E+00  0.246030492260627E+00  0.101961469999417E+00  0.963884254209784E+00
-0.365288726123507E+00  0.193742640536186E+00  0.910509712087209E+00  0.892688440326546E-03  0.181045895957473E+00  0.983474243010108E+00
-0.358188898693785E+00  0.139769900554549E+00  0.923127882663884E+00  0.287338255642214E-01 -0.212110780020366E-01 -0.999362025213304E+00
-0.695287134169200E-02  0.943366242013113E+00  0.331680254175859E+00  0.217190355954729E-01  0.892353376994074E+00  0.450814522902794E+00
-0.895440223532365E+00  0.441872510073719E+00 -0.541801709249723E-01 -0.950691602073505E+00 -0.632457640176604E-01 -0.303620570911681E+00
 0.645934267849134E+00  0.241080025564753E+00 -0.724326820497420E+00  0.115902167649521E+00 -0.361423991540212E+00  0.925169922702464E+00
-0.202284013713796E+00  0.297208118386963E+00  0.933139063677391E+00  0.213540392622433E+00 -0.547329948880198E-01 -0.975399815454793E+00
 0.940688649836127E+00  0.182545241908627E+00 -0.285975696040776E+00  0.217741246543713E+00 -0.867891737887316E-01 -0.972140107631950E+00
 0.393206246855466E+00  0.283506562621080E+00  0.874650145134967E+00  0.502998978374914E+00  0.264118007666430E+00  0.822942103540770E+00
-0.934512391439579E+00  0.589163282023160E-01 -0.351020592725038E+00 -0.858361324736421E+00  0.274289462307599E+00 -0.433567903636494E+00
 0.367256636697886E+00  0.425046411064439E+00  0.827319836123006E+00 -0.643244930779530E+00 -0.235170582582464E+00 -0.728649954446071E+00
 0.910751169132490E+00 -0.174005036623284E+00  0.374505747824425E+00  0.556654911738699E+00  0.405741048289647E-01  0.829752403584654E+00
-0.907584815805269E+00 -0.342977727240392E+00 -0.242190174732030E+00 -0.551472136411190E+00 -0.463502157117735E+00 -0.693573523939088E+00
-0.964813307058168E+00 -0.343868939516854E-01  0.260677624754862E+00 -0.651787387900248E+00 -0.498474988533657E+00  0.571573168352523E+00
-0.503819956926224E+00  0.695935545251751E-01  0.861000689994735E+00 -0.854778242189406E+00 -0.288718868599597E-01  0.518189705444574E+00
 0.154672831793658E+00 -0.127093413207330E+00 -0.979756898125367E+00  0.335755174867574E+00  0.328571236411150E+00 -0.882785027712236E+00
 0.770762501983454E+00  0.476136710281145E+00  0.423342649232102E+00 -0.948095772673761E+00  0.266898155390649E+00 -0.172857688539484E+00
 0.969912344568980E+00 -0.609153402828859E-01  0.235710341671560E+00  0.987022133052302E+00 -0.139828680571230E+00  0.789635925891935E-01
-0.801885132037037E+00 -0.760585950250288E-01 -0.592617351366598E+00  0.633125472715637E+00  0.318633534876988E+00  0.705425266240440E+00
 0.578062802199190E+00 -0.177105400548343E+00  0.796540691873448E+00 -0.202188164112583E+00 -0.121487872066134E+00  0.971782199483828E+00
 0.661967196206386E+00 -0.111150691349973E+00  0.741245542960684E+00 -0.689780421221580E+00 -0.147406120117260E+00 -0.708854291269620E+00
-0.263368789286082E+00 -0.915124741437605E+00  0.305259870337946E+00 -0.168227781729005E+00 -0.889421860810160E+00  0.425003725827823E+00
 0.546994189345093E+00  0.511533390750864E+00  0.662669560919791E+00  0.401280230505181E+00  0.963415769840951E-01  0.910874567188000E+00
-0.132448741588961E+00  0.597906149602411E+00  0.790547637476148E+00  0.818607017310341E+00  0.111914286694760E+00 -0.563345137232824E+00
 0.425568388107630E+00 -0.343922701855148E+00  0.837023728571734E+00  0.531128335338648E+00 -0.821822446069845E-01  0.843296371432816E+00
 0.137791522554040E+00  0.223730097951814E+00 -0.964861824088150E+00 -0.138726114224743E+00 -0.130592792723698E+00 -0.981682528988231E+00
 0.441137086457276E+00 -0.502575922349413E+00  0.743515644237983E+00 -0.900113657163903E-01  0.423729369437895E+00 -0.901305373065996E+00
-0.186677276937944E+00 -0.784296019611442E+00  0.591634471525014E+00  0.236653288331468E+00  0.811198908975540E+00 -0.534744379305473E+00
 0.591193451372117E+00 -0.792929951296245E+00 -0.147486932953597E+00  0.580956224520642E+00 -0.801171272316495E+00 -0.143577357565492E+00
-0.230750116490585E+00  0.692766278334755E+00  0.683249052207022E+00  0.204489653774189E+00 -0.364190046439633E+00 -0.908597596064182E+00
 0.560084462538925E+00  0.539781704514235E+00 -0.628443399435614E+00 -0.148316376222231E+00 -0.430335435610240E-01  0.988003221995195E+00
-0.528241584168711E+00 -0.785630929590653E+00  0.322094506667618E+00  0.816206833061409E+00  0.528061702447246E+00  0.234429614324600E+00
-0.564805552215686E+00 -0.515776399316994E+00  0.644181181108181E+00  0.798416673660482E-01 -0.209531664320307E+00  0.974536705208876E+00
-0.807463153055073E-01 -0.399468875770850E+00  0.913183798506608E+00  0.285554709149273E+00  0.439979965160704E-01  0.957351912509317E+00
-0.548064387637437E-01 -0.452982750943969E+00 -0.889833063904275E+00 -0.148396375484389E+00  0.885897477449501E+00  0.439504465496891E+00
-0.336294285503767E+00  0.816047206555824E+00 -0.470077770384802E+00  0.733996140835972E+00 -0.176272726975839E+00  0.655879250291090E+00
 0.396494074237668E+00  0.855320012625243E+00 -0.333496814223417E+00 -0.868770457286515E+00 -0.364247414860719E+00 -0.335502180787938E+00
-0.762538937736787E+00 -0.464683698560916E+00  0.450114906137311E+00 -0.933597839335388E+00  0.151573012377794E+00  0.324685534489937E+00
-0.454766725741954E-01 -0.591226897070615E+00 -0.805222098822326E+00  0.347097981936017E+00  0.200938299160145E+00  0.916049556992728E+00
 0.253671272871419E+00  0.284414659876836E+00  0.924531874283920E+00  0.373921478643786E+00  0.703118280679822E-01  0.924791314104205E+00
-0.298820463194143E+00  0.220897585135494E+00  0.928391397880089E+00 -0.323464284105902E+00  0.790824830408946E-01 -0.942929911384692E+00
-0.951389634761043E-01 -0.106656802772953E+00  0.989733754123271E+00 -0.594853473904855E+00 -0.750628103405814E+00  0.287587890845071E+00
 0.337882969289260E+00 -0.277333805737108E+00  0.899400388736654E+00  0.318018047559685E+00 -0.170623133171310E+00  0.932605097483995E+00
-0.711522716932833E+00 -0.625412085181956E+00 -0.320304772048245E+00  0.639884257322157E+00 -0.132795830574435E+00  0.756910433679784E+00
 0.379059257719727E+00  0.989283031600215E-01  0.920069165862463E+00 -0.207197392993183E+00 -0.508659203588904E+00 -0.835664439198612E+00
-0.188824927244849E+00 -0.958807474116064E+00  0.212210684062211E+00 -0.291916584631462E+00 -0.891049028978010E+00  0.347586443312234E+00
 0.681784763970001E+00 -0.337760134352892E+00  0.648912649946267E+00  0.752658835430346E+00 -0.218032624726187E+00  0.621261983388365E+00
 0.208468451353041E+00 -0.813901942618394E+00  0.542314053471298E+00  0.324418577355916E+00 -0.883883789441258E+00  0.336900628419309E+00
 0.964905628359862E+00 -0.137062125613535E+00  0.223989066879969E+00 -0.673194050388266E+00  0.319525548140148E+00 -0.666868198827609E+00
 0.436430102445628E-01 -0.561531357712470E+00  0.826303710485668E+00  0.427202737350079E+00  0.864829992026202E+00 -0.263755390641706E+00
-0.513044504365524E+00  0.164745682447530E+00 -0.842403820418231E+00 -0.151058817168177E+00  0.652895399527781E-02 -0.988503215227689E+00
-0.102366140272598E+00 -0.538899465073393E+00  0.836127107483845E+00  0.950136407931918E-01 -0.130643844328703E+00  0.986866046635631E+00
-0.143120752599267E+00 -0.825548108712883E+00 -0.545881645025734E+00  0.225964367323656E+00  0.973718895515549E+00  0.284888963633015E-01
 0.350443688817330E+00  0.726586691142003E+00  0.590983080319071E+00 -0.748687988025138E+00 -0.535585919685024E+00 -0.390658443172573E+00
-0.750015850760596E+00  0.803510906645078E-01  0.656521077983703E+00 -0.647098378657870E+00 -0.803931695858733E-01  0.758156070095263E+00
-0.157628540519143E+00  0.346940686612258E-01  0.986888831030900E+00  0.336087842299895E+00 -0.196618428983852E+00 -0.921078799909173E+00
-0.134610734179220E+00  0.179665506201288E+00  0.974474348623485E+00 -0.884758514761049E-01 -0.454090557132644E+00 -0.886551628292759E+00
-0.532578253744619E+00 -0.365940145326147E+00  0.763182949021406E+00 -0.523753772856173E+00 -0.135588425732010E+00  0.841009966781868E+00
-0.959952413647757E+00 -0.253163041646931E+00  0.119999324481102E+00  0.666030442141650E+00 -0.438813475775805E-01 -0.744632713138077E+00
-0.382710994916301E+00  0.693818694999408E+00  0.610039271555114E+00 -0.668822038106488E+00  0.552519775715646E+00  0.497392178050897E+00
-0.552748156749394E+00  0.632696680608750E+00  0.542369233600890E+00  0.816376693742720E+00 -0.398285844935257E+00 -0.418207460045745E+00
 0.450045593106459E+00  0.382137151497472E+00  0.807112236043324E+00  0.925272365227887E-01  0.282544600218266E+00 -0.954781262587906E+00
-0.298180269286852E+00 -0.708351495229956E+00 -0.639786437972474E+00 -0.314988757841385E+00  0.421599393458987E+00  0.850315255577927E+00
 0.695514752186440E+00  0.627254744856858E+00 -0.350443596810659E+00  0.530129401791101E+00 -0.839152834605736E+00  0.121594973291526E+00
-0.318208117548726E+00  0.874251923735032E+00  0.366643106810550E+00 -0.284613957540616E+00  0.931511022416273E+00  0.226455537115032E+00
 0.826789632634257E+00  0.555703043331180E+00 -0.872526847780331E-01  0.183430020042970E+00  0.936985247758511E+00  0.297341677586503E+00
-0.655061306636553E+00  0.689351597274319E+00 -0.309336483271786E+00  0.998034596647599E+00 -0.589157929651049E-01 -0.213511881111507E-01
 0.265423959033799E+00  0.952378876752218E+00 -0.150081967894240E+00  0.503079406222338E+00  0.827433430592758E+00 -0.249529615421656E+00
 0.978741972873497E+00  0.203260649833364E+00  0.273725914924722E-01 -0.875288951046943E+00 -0.381404338812660E+00 -0.297321345533785E+00
-0.953993882924484E+00 -0.263121625806609E+00  0.143745196008609E+00 -0.806008483360401E+00  0.222546851767049E+00  0.548473539489046E+00
 0.488239919287433E-01  0.230877394088740E+00  0.971757092441797E+00  0.298001885425303E-01  0.229762565585467E+00  0.972790374242269E+00
 0.921981581266585E+00  0.131856813440241E+00 -0.364093043815111E+00 -0.874193977259975E+00  0.135438835152308E+00 -0.466305921102201E+00
 0.510542262647401E+00  0.726358285559418E+00  0.460163274338636E+00 -0.621647181196164E+00 -0.672127823601479E+00 -0.402242427960555E+00
 0.515291704916430E+00  0.799058679682389E-01  0.853281613014462E+00 -0.112299078138133E+00 -0.547392662572622E+00 -0.829307054118667E+00
 0.681252611248474E+00  0.729890242451389E+00  0.561703982662406E-01 -0.705185710553758E+00 -0.643215159458822E+00 -0.298307512934478E+00
 0.227083610351169E+00  0.546041594408615E+00  0.806394203281234E+00  0.212785341122857E-01 -0.875913624796181E-01 -0.995929202908016E+00
-0.741050046323586E+00 -0.432356251908230E+00 -0.513724537354094E+00  0.877079341063970E-01  0.367099135265543E+00  0.926037549552975E+00
 0.187155240617192E+00 -0.931492980140326E+00 -0.311919450914518E+00  0.541170123141889E+00 -0.721230651694637E+00 -0.432390153535810E+00
-0.194526027062593E+00  0.370537757664271E+00  0.908218803450125E+00  0.315462519147692E+00  0.170384432064759E+00  0.933516226063030E+00
 0.340185140072366E+00  0.834389836519930E+00 -0.433667696728946E+00 -0.150413493837274E+00 -0.956733780430756E+00  0.249070781615062E+00
-0.562048793244866E+00  0.812252456928290E+00 -0.156035573591238E+00  0.661156028810954E+00 -0.419756789854689E+00  0.621833533140354E+00
 0.225497193383907E+00 -0.710407813529303E+00  0.666687148708070E+00  0.443808051004589E+00 -0.606576031575534E+00  0.659621051651313E+00
-0.856981670533748E+00  0.443814833245532E+00  0.261936652953397E+00 -0.858269755303294E+00  0.173911385020158E+00  0.482833156786063E+00
-0.767230070180026E+00 -0.577831132723767E+00  0.278332896846063E+00  0.849961670280646E+00  0.526770630516937E+00 -0.882393781276592E-02
 0.691354020195411E-01  0.123621944539948E+00 -0.989918133491734E+00 -0.910514192612860E-03 -0.716943545588533E-01 -0.997426233106135E+00
-0.552848110751707E+00  0.779209212463299E+00  0.295282863794352E+00 -0.652972340439409E+00  0.676592132518047E+00  0.340367755282081E+00
 0.221938839612856E+00 -0.868869574450617E+00 -0.442502897239444E+00  0.440952973683956E-01  0.123704840200500E+00 -0.991338850878428E+00
-0.468703638781235E+00  0.856501784434456E+00 -0.216151780593689E+00  0.288674870384497E+00  0.930625980138860E+00 -0.224949114910642E+00
-0.760027891650613E+00 -0.476737306277449E+00  0.441677647970153E+00 -0.978798274827374E+00  0.175220623529356E+00  0.106073890684468E+00
 0.410069274651091E-01 -0.222573225816291E+00  0.974053176705257E+00 -0.451713651019755E-01 -0.229949441972367E-02 -0.998976606382871E+00
 0.287553372484273E+00 -0.304119097011709E+00  0.908198564635347E+00 -0.289882063278940E+00  0.270898262235820E+00 -0.917922938435878E+00
 0.336914311075288E+00  0.681237691616879E+00 -0.649926114657020E+00 -0.478295542306902E+00 -0.741450401414381E+00  0.470621585195367E+00
 0.452789488334556E+00  0.478722065520236E+00 -0.752201344878996E+00 -0.327359700373651E+00  0.319213736868737E-01  0.944360446266793E+00
-0.340431586616215E+00 -0.495186700776203E+00  0.799309993812380E+00 -0.534234247467984E+00  0.563159269064174E-01  0.843458526075223E+00
-0.860501401222597E+00  0.232546809906313E+00 -0.453276206850023E+00  0.918697105776996E+00 -0.372675550158460E+00 -0.130799702411967E+00
-0.117025944926041E+00 -0.337878372122658E+00  0.933886039014349E+00 -0.546510488695822E-01  0.466988202036671E-01 -0.997412894968298E+00
 0.679090229989618E+00  0.971274980842338E-01  0.727600651902226E+00  0.342716627761234E+00 -0.519638270429222E-01  0.938000572353248E+00
-0.418271684242361E-01 -0.991784419909695E+00  0.120889008623618E+00  0.228050307794192E+00  0.704065977140631E+00 -0.672520748340140E+00
 0.385974685118635E+00 -0.917588178040627E+00  0.951602751554126E-01 -0.470513538066670E+00  0.875573629513987E+00  0.109488948281037E+00
-0.339429871107206E+00  0.679846369982936E+00  0.650074054105508E+00  0.307198211459095E+00 -0.115528702480917E+00 -0.944606996469648E+00
-0.564042072498369E+00  0.758691986387825E+00 -0.325949398285441E+00  0.824158314584696E-01 -0.685770183545209E+00  0.723136837732236E+00
 0.376048097592886E-01 -0.301566341637892E+00 -0.952703322065220E+00  0.211786322677609E+00  0.335827244332491E+00  0.917805325486152E+00
-0.876590995518875E+00  0.314683412502731E+00  0.364091439711048E+00 -0.653829342849106E+00  0.387036167239857E+00  0.650161668877663E+00
-0.169024173321281E+00 -0.931915262364140E+00  0.320881243773819E+00 -0.268100984454520E+00 -0.952880310842545E+00  0.141918904107707E+00
-0.215870436478205E+00 -0.468744920384930E+00  0.856550146966326E+00 -0.539933959314198E-01 -0.265534651131051E+00 -0.962588210110899E+00
-0.202393143201025E+00  0.836481860870018E+00  0.509249557702941E+00 -0.683575491801779E-01 -0.937081446138486E+00 -0.342353046975026E+00
 0.991857097879531E+00  0.119448973565132E+00  0.441751072463865E-01  0.980258770035297E+00  0.621715392449489E-01  0.187689753254676E+00
 0.331909897782941E+00 -0.331913706110067E-01  0.942726976738589E+00 -0.528849707440224E+00 -0.565523499723267E+00 -0.632851608357866E+00
-0.948542179263581E+00  0.288304800872354E+00 -0.130950662281066E+00  0.742224651079961E+00  0.127085302667062E+00  0.657990800220833E+00
 0.877169106933978E+00  0.343884708802144E+00  0.335138277271803E+00  0.361169998126237E+00  0.364422256919841E+00  0.858342968232946E+00
-0.652649598373744E+00  0.609689853819642E-01  0.755202810219933E+00 -0.597923180419550E+00  0.378209198082823E+00  0.706714703966543E+00
 0.324418163851130E+00  0.939166510869595E+00 -0.112779075295430E+00 -0.435523850688636E-01  0.996127766168943E+00 -0.763718745487115E-01
-0.178797164162663E+00 -0.877718961554407E+00  0.444568328398733E+00 -0.518068738249435E+00 -0.155039557214791E+00  0.841170326478104E+00
 0.579855721917974E+00 -0.603084482947445E+00 -0.547774084990334E+00 -0.350601750891343E+00 -0.978061957124124E-02 -0.936473572372829E+00
 0.179929666269472E+00  0.540379071825029E-01  0.982194084579770E+00 -0.146962266033176E-01  0.124181559002799E+00  0.992150674709874E+00
-0.312670267388732E+00 -0.949252230964040E+00  0.340221383932946E-01  0.142063261014773E+00  0.987215468174071E+00 -0.722748176593931E-01
 0.152115144916859E+00  0.919380895126068E+00 -0.362766801628970E+00 -0.254179041608149E+00  0.963441368925513E+00 -0.846979542261584E-01
 0.986095342994637E+00 -0.922967909637207E-01 -0.138192897437201E+00  0.968621280805605E+00  0.128499461313890E+00 -0.212745629361802E+00
-0.151882774360170E+00 -0.964936614293744E+00  0.214076979724547E+00  0.383385890844401E+00 -0.814545264510575E+00  0.435351893030044E+00
 0.584158565205756E+00 -0.237129480694360E+00  0.776227015815847E+00 -0.217150190390626E+00 -0.954324523421997E-01 -0.971462012563162E+00
 0.232358773442532E+00  0.397911469964095E+00  0.887511049213076E+00  0.463266802712711E-01  0.432247821041887E+00  0.900564078730428E+00
-0.781742959147995E+00  0.370015068048953E+00  0.501962942097587E+00  0.763251309711023E+00 -0.641926020104348E+00 -0.733377320170177E-01
 0.148437986436686E+00  0.729116510985960E+00  0.668098254443374E+00  0.482270239721497E-01 -0.147693440654807E+00 -0.987856670649308E+00
-0.489721868152255E+00 -0.340549515360732E+00  0.802619785104402E+00  0.283513130569542E+00  0.695579829593255E+00 -0.660143170424171E+00
 0.210315669374585E+00 -0.976925077956913E+00 -0.372117088347205E-01 -0.456016305073211E+00  0.877127049047363E+00  0.150656129436674E+00
 0.387521345118518E+00  0.692707645212993E+00  0.608262546390130E+00 -0.243409451688275E+00 -0.963475665706384E+00 -0.111653394128679E+00
 0.590556985892773E+00  0.806415984124165E+00 -0.305893275881976E-01 -0.839498678370363E+00 -0.543110806524552E+00  0.165112340745479E-01
 0.101038267045499E+00 -0.720873494184487E+00 -0.685662215653372E+00 -0.285183104453199E+00  0.407392516592648E+00  0.867583963866752E+00
 0.853468532282809E+00  0.222791295873456E+00 -0.471121537276798E+00 -0.495206332825215E+00 -0.399939309426059E+00 -0.771245250685934E+00
-0.423347641481972E+00 -0.792368570099066E+00  0.439236637327550E+00 -0.295237962394928E+00 -0.683932335996803E+00  0.667136496782215E+00
-0.160993935343799E+00  0.248475917276495E-01 -0.986642564441578E+00 -0.412446071900649E-01 -0.123808697474565E+00 -0.991448581020412E+00
 0.694654855601850E-01 -0.968607101435375E-02  0.997537330802308E+00  0.232924792680696E-01 -0.144413193432974E+00 -0.989243291598198E+00
 0.804936521758314E+00 -0.143353324560019E+00  0.575783831205096E+00  0.695613453145206E+00 -0.148082224637218E+00  0.702989031599992E+00
-0.372629828645309E-01 -0.918804002096337E+00  0.392951238501409E+00 -0.640010757512264E-01  0.805888419841735E+00  0.588598094685735E+00
-0.729599243197244E+00  0.683650627694196E+00 -0.175146675486835E-01  0.642597758764531E+00 -0.489615706844719E+00  0.589359465896449E+00
-0.574974681776232E+00  0.204408965999121E+00  0.792225403490377E+00 -0.502427265587759E-01  0.235416301636811E+00 -0.970595092379714E+00
 0.462971885094903E+00 -0.717959033166256E+00  0.519799827151421E+00 -0.136425821176906E+00 -0.246361864405829E+00  0.959527918865674E+00
-0.445301943064210E+00 -0.620487236805805E+00  0.645524413530841E+00 -0.848061126556511E-01 -0.851791741541794E+00  0.516970746075089E+00
 0.910355224513131E+00  0.384081108295764E+00  0.154061894873276E+00  0.488034960344694E+00  0.626478396368980E+00  0.607739003491059E+00
 0.307839961744465E+00  0.941709731240226E+00  0.135710500848784E+00  0.451236449206978E-01 -0.985807601208523E+00 -0.161701051538227E+00
-0.842631069253204E+00 -0.538077872275517E+00 -0.210970257774806E-01  0.269869256557877E+00  0.780923256026109E+00  0.563320026772064E+00
-0.937995786141083E+00  0.345197276116994E+00 -0.316661608500296E-01  0.524906008367106E+00  0.368505386061937E+00  0.767253193426690E+00
-0.502136550617042E+00  0.706535933211019E-01  0.861897299151839E+00 -0.467857022533496E+00  0.241960330268944E-01  0.883472896274613E+00
 0.136878639723087E+00  0.395989819447877E-01 -0.989796018690969E+00 -0.588929146145031E+00 -0.719903997019193E+00  0.367288300789276E+00
-0.977173292174263E+00  0.212436879189488E+00  0.171155529947029E-02 -0.969955548195322E+00  0.199752499607910E+00  0.138871067632909E+00
 0.745071045546010E+00  0.469436018029541E+00  0.473813214321365E+00 -0.861124025154357E+00 -0.245277009139664E+00 -0.445314048834594E+00
-0.154761756314786E-01  0.120611596892634E+00  0.992579130690764E+00  0.144091818459745E+00 -0.471817225274934E+00 -0.869842545399353E+00
 0.561625537343062E+00 -0.583501311093749E+00  0.586602911479302E+00 -0.848046493904067E+00  0.107100974359990E+00 -0.518986055176977E+00
 0.807115048064049E+00 -0.583582733483886E+00  0.894231086914564E-01 -0.669748083788891E+00  0.289682592136518E+00 -0.683755438789467E+00
 0.662831291474648E+00  0.676742708834283E+00  0.320427815711568E+00  0.455262449297498E+00  0.612969307043902E+00  0.645759034688453E+00
-0.159869900667940E+00  0.141320907559330E+00  0.976969813222000E+00 -0.595730205333556E+00  0.305524942930070E+00  0.742805514048474E+00
 0.826597903736920E-01 -0.716552252437694E+00  0.692618385968669E+00 -0.170243408734601E-01 -0.165606147179765E-01  0.999717919144189E+00
-0.432702600032327E+00 -0.509764744797051E+00  0.743578082575907E+00 -0.133427335666680E+00  0.670363493069576E-01  0.988788791384938E+00
-0.413234341522200E+00 -0.714267248557993E-01 -0.907819146065497E+00 -0.220487554709692E+00 -0.227026305318850E+00 -0.948601230713630E+00
-0.731597644961084E+00  0.681413638106567E+00 -0.209842724384061E-01  0.806311191683414E+00 -0.493893880587754E+00 -0.325470577601175E+00
 0.920716383198261E+00  0.124284776151990E+00 -0.369911659896201E+00  0.473262230018056E-02  0.300046095543559E+00 -0.953912963972725E+00
 0.348550154692048E+00  0.267248512986933E+00 -0.898382447496846E+00 -0.209691493991713E+00  0.607137055274196E+00 -0.766429431494186E+00
 0.947396841942183E-02 -0.674729394201173E-01  0.997676122982001E+00 -0.300802854129806E-01  0.120297764066239E+00 -0.992282028654221E+00
-0.463080148997611E+00  0.710874275164084E+00 -0.529352945126680E+00 -0.610998478351588E+00 -0.177033603334068E+00 -0.771582764674406E+00
-0.353493987323665E+00 -0.537193704992878E+00  0.765809979199828E+00 -0.592555743564428E-01 -0.850995304374902E+00  0.521819670805496E+00
 0.156337187863182E+00 -0.606364957758163E+00  0.779666737583420E+00 -0.349573869794899E-01  0.711765698830337E-01 -0.996850980335201E+00
-0.561061424994049E+00  0.813195950590022E+00 -0.154668753559461E+00 -0.772401649142642E+00  0.469075885299949E+00 -0.428209652193637E+00
 0.999777049690154E+00  0.113056458838331E-01  0.178334877127319E-01  0.511306598816165E+00 -0.308967200171374E+00 -0.801938171697362E+00
-0.293364319906391E+00  0.503129647369963E+00  0.812894786391964E+00  0.101296750487746E+00 -0.220784676812745E+00 -0.970047985836430E+00
 0.527116302769246E+00  0.624810118842297E+00  0.575986734870826E+00  0.974127076178712E+00  0.217044906406003E+00  0.629916507064446E-01
-0.505462187589135E+00  0.133652671214728E+00 -0.852434713274145E+00 -0.338401214331895E-01 -0.346076056075885E-01 -0.998827892990327E+00
 0.867841236461982E-01  0.863994658637966E+00  0.495965468281840E+00  0.309934664550896E+00  0.449951064808052E+00  0.837546740777984E+00
 0.629890352144681E+00  0.770275823053289E+00  0.995655597816238E-01  0.721961905428898E+00  0.689190477726735E+00 -0.615426073567763E-01
-0.803882130424530E+00 -0.430964947452641E+00 -0.409930158016291E+00 -0.865619483329481E+00 -0.433386309246690E+00 -0.250757287108343E+00
-0.457133465044508E+00  0.272132682357897E+00  0.846742462812098E+00  0.500497577602379E+00 -0.117674170418460E+00 -0.857703307927909E+00
 0.758514086472970E+00 -0.392359329800035E+00 -0.520298507532881E+00  0.366923390662289E+00 -0.570584386594499E+00 -0.734711292385974E+00
 0.803156191459730E+00  0.144215864192170E-01 -0.595593947219961E+00 -0.773224453414930E+00  0.923626705654529E-01  0.627369971968056E+00
-0.686410384409710E+00 -0.682455822244413E+00  0.251186852480809E+00 -0.328275848386183E+00  0.932065435820556E+00  0.153261184632535E+00
-0.484862788707934E+00 -0.391114791911565E+00  0.782264210912361E+00  0.508933380731022E+00  0.429234876064812E-01 -0.859735068605084E+00
-0.440938353191312E+00 -0.172198137818995E+00 -0.880863877120980E+00  0.237251034456061E+00 -0.307492028815909E+00 -0.921499104103854E+00
-0.963865541377512E+00  0.858664519880877E-01 -0.252170915388775E+00 -0.805339416318191E+00  0.483477995935863E+00  0.343041472667835E+00
-0.149021651290353E+00 -0.764261779117651E+00  0.627452373034495E+00 -0.555694563096092E+00 -0.431191992129682E+00  0.710828402969859E+00
 0.316529762272777E+00  0.940954893600262E+00 -0.120053312346053E+00  0.763760847466428E+00  0.636422733707101E+00 -0.107867844597652E+00
 0.265457401194223E+00  0.402912771026334E+00  0.875895922524526E+00 -0.112659631413965E+00  0.872865347582069E-01  0.989792335947078E+00
 0.169116290461672E+00  0.361613289628291E+00 -0.916861772059829E+00 -0.754357179883038E-02  0.374506471612263E+00 -0.927193613677882E+00
-0.538902446923430E+00  0.734037931315837E+00  0.413246255989702E+00 -0.493152337958357E+00  0.813989522865968E+00  0.306955743113956E+00
-0.624977945548363E+00  0.744056042863305E+00  0.236184615622500E+00  0.833873950593072E+00 -0.548491264345411E+00 -0.617378932186329E-01
 0.275149963073578E+00 -0.383530537642092E+00 -0.881587672620583E+00  0.914305689547132E+00 -0.123474158618905E+00 -0.385745043020773E+00
-0.768092083795648E-01 -0.219736761872405E+00 -0.972530771230368E+00 -0.246411648727763E+00  0.584357374804639E+00  0.773180288084672E+00
-0.868234649886800E+00 -0.187734648411987E+00  0.459264950242857E+00 -0.882389496707127E+00 -0.161133516225076E+00  0.442068734531053E+00
-0.860095473416123E+00 -0.335025086163099E+00 -0.384699841760434E+00 -0.535317066344820E+00 -0.732630894473131E+00 -0.420342254530133E+00
 0.466398363357366E+00 -0.406071172189384E+00  0.785861800684007E+00 -0.467955294834774E+00  0.402497238280240E+00 -0.786774310214104E+00
 0.176456746795150E+00  0.945169385089317E+00 -0.274805112762398E+00  0.292249632196620E+00 -0.955534896307080E+00  0.392837678991941E-01
-0.917990011985847E+00 -0.281464164497796E+00 -0.279414140654658E+00 -0.857716353647021E+00 -0.394454588509929E+00 -0.329739646220955E+00
-0.906856916848766E+00  0.179286736299793E+00  0.381401099304288E+00  0.680138901073402E+00 -0.616281330056556E+00 -0.396999241145857E+00
-0.794937478996513E+00 -0.493266657717166E+00  0.353217226181289E+00  0.876466579631845E+00  0.481436761877510E+00  0.499790969821091E-02
-0.885386431187483E+00 -0.209422521796072E+00  0.415009728601230E+00 -0.219325273084630E+00 -0.188358870177505E+00  0.957296903061849E+00
-0.535092711819981E+00  0.111347972366498E+00  0.837423082322793E+00  0.765252954118207E+00 -0.213282246383733E+00 -0.607370232717134E+00
 0.921593265157487E+00  0.311912275296645E+00 -0.231033733761181E+00  0.727648166284830E+00  0.500548187193578E+00 -0.469019891262138E+00
-0.114652403812296E-02 -0.828041640501259E+00  0.560665432391381E+00  0.530843647928317E+00  0.541892930648890E+00 -0.651580442590871E+00
 0.205048359092578E-01 -0.550778027169814E+00 -0.834399854081520E+00  0.164567848970601E+00 -0.622133938785256E+00 -0.765419352575262E+00
-0.614785478704446E+00 -0.653914540795377E+00  0.440947376123859E+00 -0.450834084192537E+00 -0.663342910602093E+00  0.597264440163836E+00
-0.121947994255683E+00 -0.485978056637461E+00 -0.865421293454173E+00 -0.197892508061357E+00  0.151109301197917E+00 -0.968506341922789E+00
 0.585095240031958E+00  0.810914003485520E+00  0.905754067235886E-02  0.620835011917925E+00  0.763401687093455E+00  0.178274373143581E+00
-0.502647382932356E+00 -0.205567432843121E+00  0.839694967821972E+00 -0.527590237367522E+00 -0.405129372043194E+00  0.746671770821939E+00
-0.721441416944108E+00  0.532925491343801E+00 -0.442168183606245E+00  0.641100928797816E+00 -0.439954569780009E+00  0.628831913649637E+00
-0.211068675842097E+00 -0.972304571001034E+00 -0.100368497491787E+00 -0.568089863922815E+00 -0.818851729356484E+00  0.821933807435414E-01
-0.162310291984884E+00 -0.153033111074061E+00  0.974800613474764E+00  0.194480764840094E+00 -0.126018490713213E+00 -0.972777760902034E+00
 0.764176785228144E+00 -0.539527453073960E-01  0.642746405818169E+00 -0.517374317075331E+00  0.221747101335405E+00 -0.826530119886856E+00
-0.231939293837070E+00  0.117774965496704E+00  0.965574037283839E+00 -0.529067561569288E-01  0.611666003203466E-01 -0.996724396289266E+00
-0.429369889037054E+00  0.872027710130715E+00  0.234966319187429E+00 -0.596107147109048E+00  0.792525450825784E+00  0.128684416146239E+00
-0.251932813169551E+00  0.108508142790091E+00  0.961642262276737E+00 -0.311123343950016E+00 -0.144578344186958E-01  0.950259562368768E+00
 0.935535081789596E+00 -0.141234730441385E+00 -0.323769766436095E+00 -0.895093015595794E+00 -0.179298257433917E-01  0.445518815293405E+00
-0.505803397615221E-01 -0.334159804405310E+00 -0.941158251490903E+00 -0.371363414956837E+00 -0.425802315691669E+00 -0.825094904834110E+00
 0.327515867319882E+00  0.357088680179414E-01  0.944170659043471E+00  0.579810536724557E+00 -0.102904837749042E+00  0.808226661197850E+00
 0.825644954883806E+00 -0.538499526213309E+00  0.168311225837610E+00 -0.728156701502548E+00  0.672813354446149E+00 -0.130805229772553E+00
-0.540897100760737E+00 -0.589466156143870E+00  0.599966646697632E+00  0.342410446512588E-01  0.449803488640170E+00 -0.892470936483829E+00
 0.321616771641212E+00  0.595989890108454E+00  0.735770822394852E+00 -0.786134267497593E-01 -0.159427019181911E+00  0.984074669265209E+00
-0.751340059535345E+00  0.924464615378783E-01  0.653407810396042E+00  0.889057729213403E+00 -0.158696562728463E+00 -0.429408610887204E+00
 0.735752322293447E+00 -0.566309013172199E+00  0.371433199700470E+00 -0.651242461418421E+00  0.484791917493645E+00 -0.583832213207281E+00
 0.274447634257999E+00  0.358079667387001E+00  0.892444646941312E+00 -0.750751428988003E-01 -0.174605923257939E-01  0.997025000004693E+00
-0.172149732254866E+00  0.284099155787534E+00 -0.943213729419472E+00  0.645043747111841E-01 -0.547979832373047E+00  0.834000772754754E+00
-0.327170181064958E+00  0.355599755680021E+00  0.875504703803602E+00 -0.106651767200123E-01 -0.561361429189318E-01 -0.998366159013674E+00
 0.918034972905200E-01 -0.868386557062870E+00  0.487316022102418E+00  0.908953527053973E+00  0.389261521040103E+00  0.149261361020486E+00
-0.688060310247458E-01 -0.163373516642411E+00 -0.984161990809701E+00 -0.116076651525174E+00 -0.314661164884929E+00 -0.942079912896970E+00
 0.452754705553712E+00  0.192874973279452E+00  0.870524222110690E+00  0.912400731523621E-01  0.143529201954926E-01  0.995725485629957E+00
-0.197378701457658E-01 -0.423321147499285E+00 -0.905764661797974E+00  0.775396134891589E+00  0.282823432786972E+00  0.564598742348739E+00
 0.309043916961205E+00 -0.461364575755942E+00 -0.831645709197622E+00  0.282958023930507E+00 -0.875840286723109E+00 -0.390945710868051E+00
-0.131850452341560E+00 -0.423392445359444E+00 -0.896300337738348E+00  0.166584327266162E+00 -0.796770620962400E-01 -0.982802740983659E+00
 0.201567887979000E+00 -0.534549833947863E+00  0.820747745389530E+00 -0.311910439465970E+00  0.360780046767045E+00 -0.878948027819003E+00
 0.813765254167104E-01  0.249074694045821E+00  0.965059406408271E+00 -0.136307199324787E+00 -0.102800710983087E+00 -0.985318406015845E+00
 0.253869242751352E+00 -0.572905666615244E+00  0.779313482973956E+00  0.183840487728124E+00 -0.703291848037171E+00  0.686719194108004E+00
-0.113619273399639E+00 -0.603223099890342E+00 -0.789438124535942E+00 -0.462178185136966E+00 -0.363441910021192E+00 -0.808888931327193E+00
 0.440166524602749E+00 -0.104808945974973E+00  0.891778288288492E+00  0.849031080190207E+00 -0.528257379154451E+00  0.950611592190425E-02
-0.529367846760940E+00  0.336328291652762E+00  0.778879299410134E+00  0.638424627372112E+00  0.896081554421467E-01 -0.764450373564587E+00
-0.295518003291265E+00  0.387488215975766E+00  0.873225052441043E+00 -0.108734375929098E+00  0.594046818729760E-01 -0.992294270497860E+00
 0.586435445348802E+00 -0.789041798198453E+00  0.183047832913432E+00 -0.236112408232740E+00  0.935651257053932E+00 -0.262312134397045E+00
-0.301024395205137E+00  0.743877469143521E-01  0.950710669236644E+00  0.285186307067802E+00 -0.107497715356553E+00 -0.952424806194248E+00
-0.810716874521450E+00  0.311104726412754E+00  0.495935478232620E+00 -0.458033368332074E+00 -0.592603310914443E+00  0.662590936692930E+00
-0.541757827905158E+00  0.839937594327139E+00 -0.316748092247268E-01  0.528971243346348E+00 -0.760024105917961E+00  0.377561626938204E+00
 0.550261804494955E+00 -0.124173937247112E+00  0.825707442029261E+00  0.152834444402299E+00  0.424023472853402E+00 -0.892662157298931E+00
-0.494887495081699E+00  0.851474075184098E+00 -0.173430869516200E+00  0.177606106799064E+00  0.880194548334789E+00  0.440129103683676E+00
-0.273186714732203E+00 -0.692802438930806E+00  0.667378303142493E+00  0.465888852935734E+00  0.245883925697343E+00 -0.849993336323226E+00
-0.463446261018703E+00  0.768963307983861E-01 -0.882782259369506E+00  0.549004869516255E+00 -0.168737019873172E+00 -0.818609474274370E+00
-0.939133146490225E-01 -0.688533286609360E+00  0.719098187011028E+00  0.389979924820658E+00 -0.295132503060573E+00  0.872245644227631E+00
 0.100819622264436E-02 -0.225805022457518E+00 -0.974171994759311E+00  0.314835474139594E+00  0.430661510603874E+00  0.845818708416695E+00
 0.703004974420754E+00 -0.384018580152864E+00  0.598593130629691E+00 -0.816859988006322E+00  0.821665922947418E-01 -0.570953948322438E+00
-0.825636626181917E+00 -0.395978838996611E+00  0.401901630469246E+00  0.452874295927452E+00  0.110722467013381E-01 -0.891505623897685E+00
 0.277425310762471E+00 -0.829449004964416E+00 -0.484819084929510E+00 -0.144692516722850E+00  0.977887369186218E+00  0.150997909887735E+00
 0.644010868533334E+00  0.505698685501352E+00  0.574037316463961E+00  0.734681825204020E+00  0.573547531625194E+00  0.362333885638009E+00
-0.451396054775484E-01 -0.535844176417422E+00  0.843109384728260E+00  0.338301475349379E+00 -0.302885237346014E+00  0.890961640461744E+00
-0.457786974442978E+00 -0.722413784527844E-01  0.886122039715516E+00 -0.178437088062681E-01  0.280505222083213E-03 -0.999840749005989E+00
 0.483680440057538E+00 -0.337423578696565E-01  0.874594011636910E+00 -0.606242665554261E-01  0.621149391411865E+00 -0.781343798755251E+00
-0.444850409527540E+00 -0.794273687967451E+00 -0.413808436049536E+00  0.666407417862458E-01 -0.644897563429240E+00 -0.761358091975917E+00
 0.738593150110103E+00 -0.457686157412026E+00  0.494978322680751E+00 -0.692047056758265E+00 -0.704909252936217E+00  0.155479311669199E+00
-0.334462573904035E+00 -0.156159057060871E+00  0.929381049707464E+00  0.744797899999679E+00 -0.320193119751419E+00 -0.585450642001460E+00
-0.541451481091669E-01  0.857979864590618E-01 -0.994840192420776E+00  0.301551748164765E-01  0.496727874104138E+00 -0.867382317389380E+00
-0.885822948957212E+00  0.442099755014054E+00 -0.140945059215503E+00  0.906921995663034E+00 -0.397763592034395E+00 -0.138840263016442E+00
 0.497571762461944E-01  0.887908382306156E+00  0.457321471223985E+00  0.181528923413799E-01 -0.999341650657503E+00  0.314123822843834E-01
 0.182086835178981E-01  0.416736107592457E+00  0.908845124580219E+00 -0.272808520383765E+00  0.720299404351449E+00  0.637765065911397E+00
-0.568039436206186E+00  0.183229455513916E+00  0.802345415358393E+00 -0.740037419412823E+00  0.272108895246166E+00  0.615062083855541E+00
-0.189083976516358E+00 -0.375108936306204E-01 -0.981244201350405E+00  0.139161195225147E+00  0.315032902490492E-01 -0.989768510535162E+00
-0.538679535318933E+00  0.348154336775228E+00  0.767211128707854E+00 -0.919625045124300E+00  0.392551584291002E+00  0.138935254976313E-01
 0.653360748605886E+00 -0.369437389379745E+00 -0.660784191328330E+00  0.706229050876354E+00  0.439129324523696E-01 -0.706620253079204E+00
 0.446348231777655E+00 -0.419826741401858E+00  0.790264995550770E+00  0.240321240378598E+00  0.399312391539792E+00 -0.884757207026687E+00
-0.411562656986553E+00 -0.827524191362094E+00 -0.381863708781917E+00  0.207547181849470E+00  0.946618472040332E+00  0.246652864768220E+00
-0.233195844962136E+00  0.231105927870220E+00  0.944568551242121E+00  0.440245039352309E-01  0.151409752190590E-01 -0.998915709117978E+00
-0.844085321681129E+00  0.241218364253020E+00 -0.478887951894347E+00 -0.526379759764482E+00  0.271649702374652E+00 -0.805686531915514E+00
-0.981881357908088E+00  0.139138541456601E+00 -0.128644725013888E+00 -0.923217191931019E+00 -0.407722256325775E-01  0.382109463557199E+00
 0.470539960974195E+00  0.426188596432016E+00  0.772628905359948E+00  0.805935132926931E+00 -0.118149016522802E-01  0.591885943077716E+00
-0.244800335782045E+00 -0.194265897283896E+00 -0.949912394251954E+00  0.240569660438542E+00  0.344598437276291E+00  0.907401871004916E+00
 0.379306150153355E+00  0.528691234756333E+00  0.759350000163077E+00  0.201884325809653E+00 -0.923449784682584E+00 -0.326317658366923E+00
-0.971542952875325E+00  0.129240637602319E+00 -0.198497224943929E+00  0.827008863122823E+00 -0.931781031029564E-01 -0.554413366918972E+00
-0.626137466026938E+00  0.176790116508313E+00 -0.759405773182126E+00  0.242867726746343E+00  0.731017783928833E-01  0.967301089268932E+00
 0.680998252106135E+00 -0.638584648658295E+00 -0.358400651682374E+00 -0.216051224581948E+00 -0.926201272777215E+00 -0.308987169090412E+00
 0.567221412647456E+00 -0.340236490015731E+00  0.749999333263704E+00  0.168242000854359E+00  0.244043631447783E+00 -0.955058812376652E+00
-0.407519915907659E+00  0.338811480458882E+00 -0.848017864698542E+00 -0.209742490277504E+00  0.370685189368690E+00 -0.904765482406844E+00
 0.583391747596377E+00 -0.205040249156690E+00 -0.785883302445222E+00 -0.591842418683457E+00 -0.363589216070061E+00 -0.719392405717821E+00
 0.682808196876154E+00 -0.126114400370375E+00  0.719630547085069E+00  0.809282921817584E+00  0.204040527425256E-01  0.587064585106336E+00
-0.551113479175848E-02 -0.267455765268951E+00  0.963554378858665E+00  0.171742380793100E+00  0.259024108108881E+00 -0.950479387497655E+00
 0.662753931118200E+00 -0.458498900925859E+00  0.592060794713813E+00  0.257977402441638E+00 -0.611416016507638E+00  0.748076275915362E+00
 0.105484185776582E+00 -0.693623817509351E+00 -0.712572162194683E+00 -0.268741532476883E+00  0.111798385837693E+00  0.956702205310546E+00
 0.870455606685922E+00 -0.239366471113488E+00 -0.430128735724223E+00  0.538069379719759E+00  0.529285072887419E+00 -0.656002023035412E+00
-0.616391493899071E+00 -0.917160280185013E-01 -0.782080364446891E+00 -0.481611101436883E+00 -0.198270529937102E+00 -0.853662429729230E+00
 0.853838660447494E+00  0.390017631050074E+00 -0.344740176648034E+00  0.943073023809784E+00  0.314307840161401E+00 -0.108737543541065E+00
 0.176854523246522E+00  0.983485438203390E+00  0.384560846828057E-01  0.390461364550041E+00  0.816168342927680E+00 -0.425921540657906E+00
-0.409827960005979E+00  0.851432909745106E+00 -0.327266013206872E+00  0.255868147024646E+00 -0.584690534009019E+00  0.769849641669347E+00
-0.704199278105514E+00  0.287180102484726E+00  0.649331167781538E+00  0.831206868328592E-01 -0.222634815016891E+00 -0.971351991073693E+00
-0.776147242865528E+00  0.452061225388179E+00 -0.439586289473157E+00  0.761910508615233E+00  0.847526347290892E-01  0.642113204791924E+00
 0.868301671374824E+00 -0.430874047910340E+00  0.245763631005578E+00  0.447873261792944E+00 -0.699142004341288E+00  0.557323962464019E+00
-0.640404554914308E-01 -0.256046397166469E-01  0.997618776129154E+00  0.203693761502955E+00  0.959766263730559E-02 -0.978987607887188E+00
-0.109238274900899E+00  0.993037154623170E+00  0.440931835388845E-01  0.378756802656787E+00  0.892289846421236E+00  0.245687025328516E+00
 0.151859188080423E+00 -0.171138072121224E+00  0.973473444561374E+00  0.964155138205137E-01 -0.377230623664288E-01 -0.994626070068759E+00
 0.338947680793359E+00  0.235599985364429E+00  0.910827709603240E+00 -0.191284819299446E+00 -0.653324327597761E+00 -0.732514464617943E+00
-0.513332555878746E+00 -0.181811046716982E+00  0.838709979889753E+00  0.139713757890337E+00  0.266095209495726E+00  0.953768003939944E+00
-0.697165032691245E+00 -0.645390902007683E+00 -0.312140194140908E+00 -0.827375197458423E+00 -0.191083561978142E+00 -0.528145202546023E+00
 0.879232832304600E+00 -0.166424392299939E+00 -0.446377136785955E+00 -0.622716962118503E+00  0.285575708085880E+00  0.728471070147025E+00
 0.878325366579813E+00  0.214518419569888E+00 -0.427231082773332E+00 -0.762769873743634E+00 -0.327979841921410E+00  0.557325168104159E+00
-0.986251944395902E+00 -0.123765529289047E+00 -0.109495186812503E+00  0.562733838036906E-02  0.825137404945612E-04 -0.999984163001712E+00
 0.187228187762785E+00 -0.532660027085637E+00 -0.825359861667741E+00  0.307922686225970E+00  0.580578547768018E+00  0.753732160106601E+00
-0.702713647724872E+00  0.508539839004281E-01 -0.709653014946502E+00 -0.458303761664853E+00 -0.417713163955871E+00 -0.784521111699246E+00
 0.317840441931118E+00 -0.290002800675459E+00  0.902704729728066E+00  0.580772111457428E-01 -0.446940414552636E+00  0.892676483046938E+00
-0.649787936708301E-01 -0.882298617177644E+00 -0.466183340006376E+00  0.531075652494345E-01 -0.839319798342546E+00 -0.541037764507714E+00
-0.242545771588735E+00 -0.742825821409203E-01 -0.967291913888927E+00  0.159883260128497E+00 -0.898671844372174E-01 -0.983036740051973E+00
 0.265616260683361E+00 -0.164393148683213E+00  0.949959417410348E+00 -0.122703956058676E+00  0.482896809837520E+00 -0.867037721334139E+00
 0.353049253731190E+00 -0.273465524277437E+00  0.894747356224938E+00 -0.189686418580000E+00  0.613421733392344E+00 -0.766637358604591E+00
-0.215137399150600E+00 -0.975070291301749E+00  0.543491168965804E-01  0.159170590010357E+00 -0.929079852986003E+00 -0.333879244714706E+00
-0.655597197050722E-01 -0.578968664044887E+00  0.812709793964777E+00  0.132369172123630E+00  0.619244652914991E+00 -0.773960245818541E+00
-0.263319376073421E+00  0.128451278189110E+00  0.956118808159262E+00  0.293457484882264E+00 -0.316329150662244E+00 -0.902118935067809E+00
 0.143718119234116E+00  0.751127354308889E-01 -0.986763993658006E+00 -0.127483571112177E+00  0.280743960086012E+00  0.951278491279873E+00
 0.981065011725099E+00  0.743065285419387E-01 -0.178857436481902E+00 -0.708508654662990E+00 -0.500145174776625E+00  0.497865735329615E+00
 0.126243767529004E-01 -0.409203524556219E+00  0.912355797155018E+00  0.514101755086046E-02  0.829906596515435E+00 -0.557878670499875E+00
-0.923316271132883E+00 -0.286363448299515E-01 -0.382971308606858E+00 -0.335050969715573E-01 -0.586612829111581E-01 -0.997715521761661E+00
-0.620327880823110E+00  0.634392338494893E+00  0.461237120289000E+00 -0.962285453466738E+00  0.134208768366465E+00  0.236632019261704E+00
-0.892385855912433E+00 -0.281383288629893E+00  0.352804377874285E+00 -0.624847960312252E+00 -0.995435258827339E-02  0.780682994152022E+00
 0.560329862292637E+00  0.826694212750119E+00  0.510600041967811E-01 -0.856957827878587E+00 -0.176934324354177E+00  0.484063555850825E+00
-0.495907512620778E+00 -0.621909485760183E-01  0.866145498655675E+00  0.394750602317266E-01  0.134742365481580E+00 -0.990094043292924E+00
-0.258455497263110E+00  0.259255334215192E+00  0.930584454853748E+00 -0.694366450671844E-01  0.253459762876914E+00  0.964850610677214E+00
 0.217650090198303E-01 -0.105943214012615E+00  0.994133954649495E+00  0.120408440744330E-01  0.201570473057917E-01 -0.999724317758594E+00
 0.519825200663796E+00  0.421753747510260E+00 -0.742903450803600E+00 -0.210567499791402E+00 -0.215694040087845E+00 -0.953486973745410E+00
 0.882065828679065E+00  0.177615416728320E+00 -0.436362965450942E+00 -0.917921402076446E+00 -0.346821628348633E-01  0.395243528968038E+00
 0.198915805491498E+00  0.127090308388021E+00  0.971740992157636E+00 -0.208792024491775E+00  0.453287535658740E+00  0.866565808536809E+00
 0.483310985696991E+00 -0.407285383749732E+00  0.774938131264965E+00 -0.856595238361104E+00 -0.293335065791298E+00  0.424498688801623E+00
-0.113086064172593E+00 -0.278712563282962E+00  0.953693267858274E+00 -0.741900816957353E+00 -0.489547130355655E+00 -0.458177678372217E+00
-0.250260078749025E+00  0.915090502293280E+00  0.316194980347830E+00 -0.797890805622947E+00  0.583992070898127E+00  0.149410586741639E+00
-0.479250304932811E+00  0.607745467523890E-01  0.875571584559966E+00  0.302797389075033E+00  0.631513352085701E+00 -0.713795928334440E+00
-0.578735862320720E+00  0.759582320271328E+00 -0.296815599986116E+00  0.112285939952315E+00 -0.799680940691189E+00  0.589832400588744E+00
 0.502428275719850E+00  0.228566243154663E+00 -0.833860480084853E+00  0.708495701992603E+00  0.457661332992936E+00 -0.537196374281451E+00
-0.281137761515643E+00 -0.842490267263674E+00  0.459534230080803E+00  0.694036456297444E+00  0.509665887356941E+00 -0.508482133997595E+00
 0.728439694379593E+00 -0.644134350238520E+00 -0.233380698634152E+00  0.413620382578666E+00 -0.744866334106747E+00 -0.523538273128006E+00
-0.234804325765225E+00 -0.971474395089369E+00 -0.332329397989822E-01 -0.338090006640725E+00  0.935090587850683E+00  0.106304938374185E+00
 0.120714586154751E+00  0.632538253748708E+00 -0.765064275884074E+00 -0.400948599485033E-02 -0.262908088324883E-02  0.999988505911826E+00
 0.407254784085428E+00  0.440609947649502E+00  0.800004009284850E+00  0.141257571167467E+00 -0.193522017929384E+00 -0.970873589693533E+00
-0.976832300614709E-01  0.684754243054332E+00  0.722197765978161E+00  0.185982227377872E+00 -0.982543375706365E+00  0.437332311925897E-02
 0.315016390294962E+00 -0.232255986710380E+00  0.920229227140021E+00 -0.228764322329929E+00  0.461802536007854E+00 -0.856974505201667E+00
 0.138915333660932E+00 -0.424886723130228E+00 -0.894524344320225E+00  0.171430617692329E-01  0.749298969122946E+00  0.662009947285134E+00
-0.192942509540325E+00 -0.733469647007194E+00  0.651763350405210E+00 -0.403080007612691E+00 -0.915142808506197E+00 -0.633620567404837E-02
-0.244768391577166E-01 -0.743986010995817E+00  0.667746733265974E+00  0.727886024179671E+00  0.200702147956653E+00 -0.655668043761092E+00
-0.298796190025902E-01 -0.954461092303544E+00 -0.296835361180210E+00 -0.194220316983635E+00  0.770536788461806E+00 -0.607084447254039E+00
-0.297609632486065E+00 -0.503159177170314E-01 -0.953360800052007E+00  0.567537494924282E+00 -0.233664694077269E+00  0.789494776801497E+00
-0.439747961194760E+00 -0.806116831801524E+00  0.395976494392439E+00  0.294037014991843E-01  0.768092176064571E+00 -0.639663842503653E+00
 0.505315516915240E-01 -0.114555465224572E+00  0.992130842011692E+00  0.732308792810097E+00 -0.633882499339184E+00  0.248830884346231E+00
 0.934614422624428E+00  0.348085814183578E+00 -0.730215515211982E-01  0.687309853293978E+00  0.391271204050098E+00 -0.611973864185552E+00
 0.454801687747415E+00 -0.114711018151278E+00  0.883174279028098E+00  0.100148149835949E+00  0.419371156962836E+00 -0.902273894553139E+00
 0.271175868346791E+00  0.136746026673192E+00  0.952766588738007E+00  0.280712200684631E-01  0.398475494874724E-01 -0.998811383297022E+00
-0.532679539771671E+00  0.661688781546614E+00  0.527655630391639E+00  0.801255608552008E+00 -0.402708204794413E+00 -0.442510510107062E+00
-0.431951001895088E+00  0.156226285900519E-01 -0.901761756473275E+00  0.265580853667179E+00  0.175456301972898E+00  0.947988341839396E+00
-0.223467503347836E+00  0.383703458646639E+00  0.896010005954226E+00  0.276267945756790E-01  0.300592174126129E+00  0.953352560743191E+00
 0.297374974152160E+00 -0.639856833712014E+00 -0.708626387527333E+00 -0.133934782333293E+00  0.521773909344905E+00 -0.842504279875342E+00
-0.631499173898501E+00  0.639408985424222E-01 -0.772735630639029E+00 -0.115694090188541E+00 -0.285447204825427E+00  0.951385710820168E+00
 0.250286960129086E+00  0.670632134411147E+00 -0.698290038511571E+00 -0.117427760551217E+00  0.991074925222813E+00 -0.630968592445169E-01
 0.594913439002344E-02  0.657675195148509E+00 -0.753278132887435E+00 -0.582752369397353E+00  0.673542867640967E+00 -0.454686354987427E+00
-0.780049947167547E-01 -0.170931314650455E+00 -0.982190259812785E+00  0.317375242580014E+00  0.261181443289921E+00  0.911623392129815E+00
 0.520237974728572E+00  0.151237012600881E+00  0.840523536654313E+00 -0.642585816722016E+00  0.118370512678863E+00 -0.757015118657377E+00
-0.792318168583957E+00  0.535789985321099E+00  0.291823596306707E+00 -0.521554246320283E+00  0.578936171276671E+00  0.626748815501705E+00
 0.223965212917416E+00 -0.408464339901764E+00  0.884870875569692E+00  0.419425491742515E+00 -0.508239847896065E-01  0.906365919177600E+00
-0.110179511335961E+00 -0.993513948499346E+00  0.281159993421621E-01  0.206179503412442E+00 -0.952193254968943E+00  0.225428519855517E+00
 0.692378973963895E+00  0.529682244143980E+00  0.489947014126325E+00  0.309800253827834E+00  0.715154480005398E+00  0.626560350210909E+00
 0.551281280047689E+00  0.765505749862021E+00 -0.331797976481423E+00 -0.741821440853256E+00 -0.639698375932463E+00 -0.201213661861636E+00
-0.777765665210890E+00  0.619135622724793E+00 -0.108405030751548E+00  0.447663088786478E+00 -0.876494966888741E+00 -0.177071544740693E+00
-0.883340506797975E+00  0.317061490961715E+00 -0.345226823985377E+00 -0.957641453670424E+00  0.285776769776037E+00  0.354186965933422E-01
 0.300921489996703E+00 -0.101307277007688E+00  0.948252652241718E+00 -0.383141104380928E+00  0.314637762227146E-01 -0.923153792669223E+00
 0.954969699911842E+00  0.269235544877573E+00  0.124679964808957E+00 -0.813499723276095E+00 -0.389312939090452E+00 -0.432034299201430E+00
-0.220420585756388E+00 -0.650578908396922E+00  0.726747445350777E+00 -0.136579430728731E+00  0.324692010364722E+00 -0.935906596572079E+00
-0.333626744394898E+00  0.349743018757212E+00  0.875427333509215E+00  0.135400551861148E+00 -0.497433460092270E-01 -0.989541454454286E+00
 0.978801373310204E+00 -0.708473797115519E-02  0.204689223199313E+00  0.789833515577564E+00 -0.570049376947202E+00  0.226289030915096E+00
-0.147622907056757E-01  0.109067929751238E-01 -0.999831544131370E+00 -0.146014185687852E+00  0.156049097538846E+00  0.976897403382374E+00
 0.315492271899810E+00  0.812375204766921E+00  0.490419364474324E+00 -0.593079546343276E+00  0.530333032095486E+00  0.605808160045458E+00
 0.252206540125322E+00 -0.627240516933764E+00  0.736859006211283E+00  0.445270101051504E+00 -0.248874612835564E+00  0.860113925125928E+00
 0.691726980489299E+00  0.721066663863278E+00  0.397070614404896E-01  0.294948573565516E+00  0.949462347920843E+00  0.107361952442692E+00
 0.983921131752724E+00 -0.284466714029190E-02 -0.178580834244044E+00 -0.981255889777559E+00  0.134810840995936E+00 -0.137705903747151E+00
-0.690126799433452E+00 -0.397790784601147E+00 -0.604555615630310E+00  0.684452201302664E+00  0.608318274561817E+00  0.401838351785978E+00
-0.383604614048896E+00 -0.804242863552707E+00  0.453917301394142E+00  0.292425590974459E+00  0.402677000078515E+00 -0.867374490834845E+00
 0.639583897298774E+00  0.414999656173648E-01 -0.767600280855778E+00  0.354382114076004E+00 -0.173327282195267E+00 -0.918896604885351E+00
 0.315864305322469E+00  0.904735777626932E+00  0.285802227606687E+00 -0.314845189269996E+00 -0.948922087419285E+00  0.204787402290369E-01
 0.505321707938897E+00 -0.861349198379832E+00  0.522257593160300E-01 -0.129021905224670E+00  0.991353204449890E+00 -0.239201170383888E-01
 0.139942615174052E+00 -0.762101920337984E-01 -0.987222402039388E+00 -0.198421986201492E+00  0.656666135940116E-01  0.977914419185518E+00
 0.270293523967287E+00  0.134908473478393E+00 -0.953279137863132E+00  0.299080788146796E-01 -0.146771896653293E-01 -0.999444889388676E+00
 0.864443236691913E+00  0.431117469079780E+00  0.258603206460891E+00  0.757959705499031E+00  0.256207769884276E+00  0.599878874016037E+00
 0.244329382332083E+00 -0.567080722334114E-01  0.968032720249059E+00 -0.120328133549834E+00 -0.190124801503564E+00 -0.974358096456146E+00
-0.910694239960865E+00 -0.208710164916433E+00 -0.356477304134018E+00  0.174183260107621E+00 -0.540954379320442E-01  0.983226258545418E+00
-0.536970190121784E+00 -0.249903852672199E+00  0.805736358457385E+00  0.272106362287364E+00  0.642899888525603E+00 -0.715987332944169E+00
-0.205003609877386E+00 -0.864404376042385E+00 -0.459106299908872E+00  0.120730851818598E+00  0.652974351321338E+00  0.747695498137868E+00
 0.429879748613577E+00  0.426562625287622E+00 -0.795768640020238E+00 -0.162629410429118E+00 -0.295939066547270E+00  0.941260720392925E+00
-0.840286722514165E+00  0.539174593160272E+00 -0.566478777789358E-01  0.488067912285192E+00 -0.855275242213956E+00 -0.174051639042649E+00
-0.758196965771794E+00  0.651642991660458E+00  0.223332154929218E-01  0.229058054527935E-01  0.476429638781951E+00 -0.878914172923988E+00
-0.731652652252053E+00  0.659574501691469E+00 -0.172179769923725E+00 -0.660509091969918E+00  0.568900158555792E+00 -0.489979947569559E+00
 0.387736873328403E+00 -0.890709911293908E+00  0.237267720063884E+00  0.106122774257317E+00 -0.931437246357607E+00  0.348084203723306E+00
-0.476618817248319E+00  0.242046377993579E-01  0.878776785397643E+00  0.244957530076529E+00 -0.187020776181342E+00 -0.951324885480946E+00
 0.405597940340198E+00 -0.852152159273364E+00 -0.330646349197346E+00 -0.495308275672898E+00  0.839125381319461E+00  0.224807265174882E+00
-0.627990942966519E+00 -0.909706702077421E-01  0.772885316663460E+00  0.526168113237853E+00  0.114689067023357E+00 -0.842611140750601E+00
-0.106171203168919E+00 -0.884990997697475E+00  0.453341603663387E+00 -0.142445893045975E+00 -0.854204182472029E+00  0.500044380232022E+00
-0.221412008970715E+00  0.905110043548488E+00  0.362977315201936E+00  0.227287717999890E+00 -0.801708802404008E+00 -0.552813973588162E+00
 0.155353276192120E+00  0.903644639201758E+00 -0.399113675057995E+00  0.735896915194809E-01  0.993008246274130E+00 -0.922994048390589E-01
 0.429206826013964E+00  0.622154928616396E+00  0.654755485125054E+00  0.459692819212352E+00  0.284156703412742E-01  0.887623265605210E+00
-0.439175080996354E+00  0.308551368953242E+00  0.843754289440312E+00  0.318094164857415E+00 -0.426314516731266E+00 -0.846801059935479E+00
-0.636639600307333E+00  0.449033423293761E+00 -0.626944179401647E+00 -0.718104707360088E+00  0.688430180794110E+00 -0.101928972520436E+00
-0.618160111845188E+00 -0.392894897712707E+00 -0.680816917735499E+00  0.363149915658531E+00 -0.105759335610396E+00  0.925708972457569E+00
 0.609251483965161E+00  0.612087648246207E+00  0.504144166038523E+00  0.571494859340081E+00  0.282335702110161E+00  0.770506441934020E+00
-0.397580354824657E+00  0.504512775760254E+00  0.766418110793439E+00 -0.499367888206072E+00 -0.322402388291395E+00  0.804169392760388E+00
 0.336947810908211E+00  0.865209329892798E+00 -0.371320600277738E+00 -0.145193841076298E-01 -0.791793121607357E+00  0.610616770208953E+00
-0.195790275400670E+00 -0.189278103613398E+00  0.962205782330914E+00  0.125586515512558E+00  0.150121465926528E+00 -0.980658744206915E+00
 0.586690998737871E-01 -0.548070775677615E+00 -0.834371836514235E+00 -0.664592818206789E-01  0.519712824407081E-01  0.996434719217144E+00
 0.169747484969030E+00 -0.302646009090333E+00 -0.937865227273292E+00  0.279500231694325E-01  0.297184952224934E+00  0.954410760823605E+00
-0.106598030029396E+00  0.104932320450963E+00  0.988749749996746E+00  0.466716118228858E+00  0.133605677499507E-01 -0.884306259287350E+00
-0.118938114549972E+00 -0.253176691902705E+00  0.960080875543566E+00 -0.263886284297340E+00 -0.425366275694771E+00  0.865694842575202E+00
-0.693366645209544E+00 -0.499242493098602E+00  0.519614884693997E+00 -0.345034213194844E+00  0.596889524347622E+00 -0.724344039424005E+00
-0.217152481961310E+00 -0.278574496309341E+00 -0.935543184243272E+00  0.278309949378047E+00  0.841882796693578E-03  0.960490949103918E+00
-0.779936931699528E+00 -0.868423488033062E-01  0.619803831083232E+00 -0.747680056280829E+00 -0.305909484495174E-01  0.663354149239194E+00
 0.716310949098566E+00  0.610082993492345E+00  0.338669994615601E+00  0.581710432161135E+00  0.782545167822506E+00  0.221891940891398E+00
-0.816062436839772E+00 -0.303561845770338E+00  0.491825482230881E+00  0.876410504607929E+00  0.399036069630554E+00 -0.269582719302767E+00
-0.576508318148464E+00 -0.810280217391762E+00  0.105281187346970E+00 -0.535814990859701E+00 -0.780798976016988E-01  0.840717446684989E+00
 0.111277459629818E+00 -0.415660333730316E+00  0.902686996661377E+00  0.699358945665900E+00 -0.201591935963806E+00  0.685753422500716E+00
 0.975523963813385E+00  0.134929025393236E+00 -0.173629358497498E+00  0.826082029592344E+00  0.316782391983246E+00 -0.466087327132981E+00
 0.869724700786921E+00 -0.307058575980921E+00 -0.386385786174479E+00  0.624470334377095E+00 -0.664299253281262E+00 -0.410783767416529E+00
-0.835269563305435E+00 -0.542533301431761E+00 -0.893441293712244E-01 -0.807370806772383E+00 -0.447477088953073E+00  0.384599317776039E+00
-0.360236445979716E+00  0.788142521481208E+00 -0.499060185569983E+00  0.439455008622348E-01  0.270959159390470E+00 -0.961587191520549E+00
-0.846403568545326E-01 -0.348052347060554E+00  0.933646385789169E+00 -0.314671289583680E+00 -0.880935841253823E-01  0.945103962507664E+00
 0.698624742551011E+00  0.386866790769488E+00  0.601878355895318E+00 -0.753261194818883E+00  0.420951029245731E-01 -0.656373045371151E+00
-0.737430033753429E+00  0.673416206715853E+00  0.520341988585283E-01  0.653062265012966E+00 -0.351422572068758E+00 -0.670829228534888E+00
-0.420133720384203E+00  0.880338045796531E+00  0.220210313380806E+00 -0.309082648683928E+00  0.905034375870618E+00  0.292199751497170E+00
 0.397548927134940E+00 -0.806720965019205E+00 -0.437214060995688E+00  0.406438407183474E+00  0.846758950070800E+00  0.343230391488220E+00
 0.846182608604266E+00 -0.305342510468264E+00 -0.436738988638085E+00  0.628157943020563E+00 -0.417251846366480E+00 -0.656748426205909E+00
-0.526877926150259E+00  0.624746518158152E+00  0.576273753510316E+00  0.663645474628926E+00 -0.621806021732142E+00 -0.415850881136730E+00
-0.994297762978291E+00  0.869011670945313E-01  0.618073271867951E-01 -0.853600743270457E+00  0.489094070399899E+00 -0.179311910892116E+00
 0.798003618114241E+00 -0.549243045093301E+00 -0.248036898249469E+00 -0.170783490410810E+00  0.937452376739220E+00  0.303341459001384E+00
-0.651595509268858E+00  0.320516418441161E+00 -0.687526376083353E+00  0.851800587699003E-01  0.260509008817785E+00  0.961706511318672E+00
 0.741816065423089E+00 -0.140933049534659E+00 -0.655627028598630E+00 -0.980037648412957E+00  0.192829230398201E+00  0.484055327130981E-01
-0.968986208395316E+00 -0.615396039004991E-01 -0.239329490643001E+00  0.852189955853115E+00 -0.430445908759309E+00 -0.297470332597114E+00
-0.443978728783008E+00  0.255758217731662E+00  0.858761097425208E+00 -0.283381611456328E+00 -0.142620542838303E+00 -0.948342893182061E+00
 0.791627029111497E+00 -0.518542074818856E+00 -0.323172962084797E+00 -0.714446845422199E+00  0.603720721299236E+00  0.353676399750110E+00
 0.758517704392578E+00 -0.232269587174769E+00  0.608852799120343E+00  0.702737581264964E+00  0.301738525973566E+00  0.644293220374984E+00
-0.623045709763361E+00 -0.739382672132636E+00  0.255200524481185E+00 -0.350022949300039E+00 -0.835383624833300E+00  0.423813796759472E+00
 0.184846554588837E+00 -0.898384402073674E+00 -0.398418394865704E+00  0.113465528078216E+00 -0.655455787082166E+00 -0.746661426028177E+00
-0.269502696476371E+00  0.335628832993139E+00  0.902619290208019E+00  0.547676482360176E+00 -0.749837394611716E+00 -0.371206616739920E+00
-0.177764941691397E+00  0.442810479175986E+00 -0.878816536620351E+00 -0.183270796758803E+00  0.988740369638151E-01 -0.978077573544078E+00
 0.116424738296388E+00 -0.794864687303087E-01  0.990013727986336E+00  0.426875762470892E-01  0.271928914373546E-01  0.998718337415222E+00
 0.833160033640424E+00 -0.855517705762658E-02  0.552965792151557E+00  0.807995249793034E+00  0.277355212828214E+00  0.519824741839890E+00
 0.201173401121694E+00  0.590251036423827E+00  0.781749945111433E+00  0.157767249924307E+00  0.293166316339671E-01  0.987041047758886E+00
-0.192848476400622E+00  0.743025410546590E+00 -0.640876512623165E+00 -0.766877476554087E+00 -0.459517000555492E+00  0.448043594033570E+00
 0.320954035281272E+00 -0.896035513867999E+00 -0.306771682402369E+00 -0.208456239104056E+00  0.951437742145830E+00  0.226522005992877E+00
-0.393749122677686E+00  0.878770581277675E+00 -0.269673680346173E+00  0.568009132915581E+00 -0.802697719734971E+00  0.181774573735624E+00
 0.419909930425408E+00  0.393132690712495E+00  0.817998983998931E+00 -0.132931700774557E+00 -0.314153989784929E+00 -0.940019379391401E+00
-0.734228489297792E+00  0.128672577148070E+00  0.666597249764471E+00 -0.870208312610852E+00 -0.231245256653568E+00  0.435043818411661E+00
 0.750879377824989E+00 -0.541279307134630E+00 -0.378413625052023E+00  0.506920819520382E+00 -0.826722932281759E+00  0.244050150535159E+00
 0.373481772271398E+00  0.490996270819597E+00  0.787041312652814E+00  0.512554590896590E+00  0.855975853179397E+00  0.677726355148782E-01
-0.209754129392059E+00 -0.949018378414970E+00 -0.235302619266339E+00 -0.460101818344357E+00 -0.841207217617448E+00 -0.284036500796161E+00
 0.800494712911025E+00  0.399552902534290E+00  0.446727761257255E+00  0.210178891932966E+00  0.756862038132100E+00  0.618857567312830E+00
-0.826917779531015E+00 -0.513735239644793E+00  0.228654957179160E+00  0.914326681170896E+00  0.332827112057095E+00 -0.230722416723536E+00
 0.339213840823747E-01 -0.659644296750854E+00 -0.750812054688793E+00 -0.109441878579063E+00 -0.386742081656644E+00 -0.915670812841040E+00
-0.736577823310782E+00 -0.656782388899541E+00  0.161524003907043E+00 -0.935993464000555E+00 -0.272781019280867E+00  0.222501125543969E+00
 0.451915759876798E+00  0.425262746028942E+00  0.784170735755231E+00  0.245754008377926E+00 -0.162773803018725E+00  0.955567714197693E+00
-0.297927625215418E-01 -0.573101777325697E+00  0.818942454710624E+00  0.220045158617459E+00  0.947464615947211E+00 -0.232144200222667E+00
 0.382484016938842E+00 -0.669106916417412E+00 -0.637182792602492E+00  0.506174437494795E+00 -0.755992908837578E+00 -0.415044769409429E+00
 0.101852626911460E+00 -0.175369251571205E+00  0.979219928307523E+00 -0.603789672484478E-03 -0.287295695716441E-01 -0.999587038366474E+00
-0.109659424071917E+00 -0.195242599129867E+00  0.974605119110930E+00  0.415718325654562E+00 -0.203001910345045E+00  0.886548643962208E+00
 0.280352750561282E+00 -0.249644496746422E+00 -0.926865664752422E+00  0.169680697568318E+00  0.254884125250082E-01  0.985169427915668E+00
 0.571933469872699E-01 -0.534173913422196E+00  0.843437698516974E+00  0.263122333401257E+00  0.529501781310066E+00 -0.806470397010916E+00
-0.995956852327585E+00  0.824993990596325E-01 -0.355499290650350E-01  0.791720375600947E+00 -0.526599550553292E+00  0.309631652476562E+00
 0.265012594053872E+00  0.789689411444439E+00  0.553316327651167E+00 -0.207212841295086E+00 -0.878280647041197E+00 -0.430912918621980E+00
-0.425219951605038E+00  0.556760501408196E+00  0.713586530722591E+00  0.135103491655555E+00 -0.112345827301708E+00 -0.984441700473102E+00
 0.546694037843124E+00  0.805468596422396E+00  0.228792415005647E+00 -0.539335382753715E+00 -0.773695365550056E+00 -0.332434694693964E+00
-0.437772869180701E-01  0.332586375820202E+00 -0.942056182915263E+00  0.818151676012389E-02 -0.703808450478141E-01 -0.997486641230778E+00
 0.442466829308669E+00 -0.875615714798227E+00  0.193701380893177E+00 -0.713704083204863E+00  0.694121610768573E+00  0.939237514196867E-01
-0.635165087795383E+00 -0.462741390786583E+00  0.618413871528431E+00  0.444436973407135E+00  0.897433573840926E-01 -0.891303487300558E+00
 0.158853028137656E+00 -0.928144403562370E+00  0.336620976154709E+00 -0.625551505127818E+00  0.538534573433322E+00 -0.564504940323210E+00
 0.750852503857514E+00 -0.656800130692536E-02 -0.660437263341291E+00 -0.734982386560829E+00 -0.213013088215710E+00  0.643759516973656E+00
 0.940114290863137E+00  0.131489106629842E-01  0.340605675618123E+00 -0.363466814481619E+00  0.175968122235182E+00 -0.914837195749937E+00
-0.525453039611877E+00  0.739061147347220E+00 -0.421530216763223E+00 -0.764464546027693E+00  0.217812653619667E-01  0.644297706301912E+00
 0.508628100042113E+00 -0.602939941891447E+00  0.614622552726052E+00  0.409242747186555E+00  0.593617581802221E-01  0.910492479672926E+00
 0.879069054265631E+00  0.128166110476941E-01 -0.476522121536642E+00  0.141560930831600E-01  0.249350483722619E+00  0.968309837446629E+00
 0.946099900863648E+00 -0.208549179880256E+00 -0.247794707685755E+00 -0.886934486554515E+00  0.346508122667043E+00  0.305416662096292E+00
-0.942739776168589E+00 -0.325462942940958E+00 -0.729080736394142E-01  0.975434005448923E+00  0.153831217196338E+00  0.157684677853502E+00
 0.531636730795782E+00  0.843880322834611E+00 -0.723075874395365E-01  0.765184919985226E+00  0.435559742976664E+00 -0.474109426741661E+00
-0.341244080886880E+00  0.913484374922098E+00 -0.221582431688191E+00  0.264986981253122E+00 -0.838887223718649E+00  0.475447290083743E+00
 0.157827590639154E+00 -0.883183876072534E-01  0.983509183507452E+00 -0.264300924897155E+00 -0.257165750660724E+00  0.929521811355502E+00
-0.264267577182485E+00  0.273660378119715E-01  0.964061070484942E+00 -0.349937433616954E-01 -0.189410513256677E+00  0.981274220283697E+00
 0.182919319868650E-01  0.958581175951843E+00  0.284231480196985E+00  0.588203171816440E+00  0.794371520384227E+00 -0.151627557744400E+00
-0.917616334053399E+00 -0.896574564240412E-01  0.387223196601098E+00 -0.438616539870926E+00 -0.124837662903566E+00  0.889961285041340E+00
-0.173465744592183E+00  0.930414528414321E-01 -0.980435068480435E+00 -0.604285671539972E-01 -0.309596965721943E+00  0.948945787222579E+00
-0.483429506356183E+00  0.463801852695095E+00 -0.742417506407826E+00  0.712549203153691E+00 -0.435011110671785E+00  0.550489751654960E+00
 0.235417485428285E+00 -0.915457072708535E+00 -0.326369354539522E+00 -0.614977470162999E+00  0.285709938986946E+00  0.734964313389428E+00
 0.664860365828459E+00 -0.548626501556793E-01 -0.744950188649109E+00  0.558056132710067E+00 -0.564373805663857E-02 -0.829784008622383E+00
-0.345335369840467E-01 -0.664976296926140E+00 -0.746065653511653E+00  0.869177495905007E-01  0.860435439195714E-01  0.992492727104780E+00
-0.451528117569705E+00 -0.538796342017530E+00  0.711210841363155E+00  0.589409040152168E-01  0.321248806029116E-01  0.997744437158192E+00
 0.327249694116488E+00  0.197926700546518E+00  0.923976546732348E+00  0.380784885195522E+00 -0.121762355517433E+00 -0.916611586216037E+00
-0.913965811231257E+00 -0.267493998876809E+00  0.305144976142955E+00 -0.863870623081251E+00 -0.452878727732221E+00  0.220518490256160E+00
 0.222935801383031E+00  0.575043614272410E+00  0.787162289585972E+00  0.147843944030746E+00  0.477900013891472E+00  0.865883216684539E+00
-0.230270663829495E+00 -0.969658590170771E+00  0.820831279104002E-01 -0.360347887247077E+00  0.703096864192247E+00 -0.613028710355067E+00
-0.428306796761143E+00  0.739621619110454E+00 -0.519146557720110E+00 -0.680244498295011E+00  0.484490982165107E+00 -0.550032645158503E+00
-0.687907724012686E+00 -0.698267473629148E+00 -0.198003784093265E+00  0.712287510544306E+00  0.382910174983354E+00  0.588240002224273E+00
 0.101970901297636E+00 -0.194365799109329E+00 -0.975614612142079E+00 -0.557913651865044E-01  0.100962259816469E+00 -0.993324692969715E+00
 0.289035735536052E+00 -0.141888760020096E+00  0.946744909340997E+00  0.242798244082444E-01  0.427466084260763E+00  0.903705282121044E+00
 0.752339800612702E+00  0.237406464061686E+00 -0.614510370324022E+00 -0.879951302714829E+00  0.378545387029309E+00  0.287035006243675E+00
 0.453460199132975E+00  0.791805780021501E+00  0.409166780820273E+00  0.129193798012788E+00 -0.973316360675508E+00  0.189642359710103E+00
-0.842684627758244E-01 -0.332471489075852E+00  0.939341011099316E+00 -0.268149704333824E+00 -0.874333078180971E+00  0.404521203973624E+00
 0.365101690650685E+00  0.579558201232774E+00 -0.728569177818993E+00  0.574990355666229E+00  0.295548793672060E+00 -0.762913495391065E+00
 0.230573537620373E+00  0.966405248108405E+00 -0.113563815442056E+00  0.295450442758089E+00  0.892257512241200E+00 -0.341446288196539E+00
-0.553660287137688E+00  0.766093045697436E+00  0.326437944762309E+00 -0.154689301149250E+00 -0.942025071651723E+00 -0.297758265190950E+00
 0.853869590529330E+00  0.856726138182699E-01 -0.513387695227320E+00  0.302646254927974E+00  0.532523183618248E-01 -0.951614120832159E+00
 0.273819203635134E+00  0.948249819124596E+00  0.160764810362193E+00 -0.439833297956668E+00  0.317537896800874E+00 -0.840069255540183E+00
 0.357064547903485E+00  0.762725788550829E+00 -0.539216357420651E+00 -0.533264119679042E+00 -0.554169933584416E+00  0.639159654056778E+00
-0.138622477181474E+00 -0.685465591430480E+00  0.714787193355431E+00  0.646989452610866E+00  0.362702271941200E+00 -0.670709855406184E+00
-0.553289207350869E-01 -0.172986861563165E+00  0.983368830224355E+00  0.261853584354646E+00  0.479416375009328E+00 -0.837611270061202E+00
-0.299695916691961E+00  0.113994068701443E+00  0.947199931281171E+00 -0.833406272873045E-01  0.249327103262346E+00 -0.964826583082248E+00
-0.926405274936555E+00 -0.342495195884742E+00 -0.156429880028077E+00  0.990419010911866E+00  0.110452078736027E-01 -0.137652410830290E+00
-0.551660488329111E+00 -0.743014502838970E+00 -0.378946109872426E+00  0.209700733618765E+00  0.334203504596301E+00 -0.918876281027703E+00
 0.737840559973477E+00 -0.456007323376269E+00  0.497643073984997E+00  0.957864491472247E+00  0.277474401583224E+00  0.741860663645526E-01
 0.803667310460058E+00 -0.266838949743801E+00  0.531898325808159E+00  0.874056592881859E+00 -0.402854662122528E+00 -0.271538567510955E+00
 0.515551030156119E-01  0.736915389269271E+00  0.674016157381386E+00  0.349057096854429E+00 -0.571226073434965E+00 -0.742872745605618E+00
 0.216113907685576E+00 -0.827588279619961E+00 -0.518066036659946E+00  0.215416139770959E-01  0.468880293996155E+00  0.882998997037562E+00
 0.193384128689325E+00  0.654487831561938E+00 -0.730922880411075E+00 -0.595747870225664E+00 -0.780031155726688E+00  0.191404992665482E+00
 0.733339401636377E+00  0.469418745094073E+00  0.491791992372696E+00  0.456527653180204E+00  0.984253679985380E-01  0.884248239362753E+00
 0.800766503482571E-01 -0.173419537241146E-01  0.996637841299453E+00 -0.293322480801515E-01 -0.191262422490844E+00  0.981100558029348E+00
 0.195956563577133E-02 -0.870331851457076E+00 -0.492461804043539E+00  0.467898013676151E+00  0.871865653122876E+00  0.144643464085082E+00
-0.294671596047364E+00 -0.145658426998373E+00 -0.944432249093210E+00 -0.265031143192124E+00 -0.500257920722305E+00 -0.824318206697433E+00
 0.917590960115589E-02  0.876399430481253E+00  0.481497498368502E+00  0.401735703263374E+00 -0.773090167182419E+00 -0.490856412945112E+00
-0.405607346807651E+00  0.894389056206298E+00 -0.188549453338016E+00  0.584888865518870E+00 -0.800663649572966E+00  0.129779564048228E+00
-0.166681138893666E+00  0.456714115058121E+00 -0.873859036140147E+00  0.169350515979149E+00 -0.534294462612591E+00  0.828160509780030E+00
-0.327793804357182E+00  0.387306311480262E+00  0.861710533133140E+00 -0.104539601378318E+00 -0.566327646608257E+00  0.817523374852863E+00
 0.838594143221475E+00  0.244220967309361E+00 -0.486945563775995E+00  0.711983471998903E+00 -0.288139187179569E-01 -0.701604798792385E+00
 0.617277171946098E+00 -0.779234844287114E+00 -0.108452526217990E+00  0.344546340097016E+00 -0.869195841434382E+00  0.354663796797655E+00
 0.353516592358583E+00 -0.817918188796204E+00  0.453911726400092E+00  0.282873286735267E+00 -0.456796673122637E+00  0.843397594895598E+00
 0.813924657426230E+00 -0.524173349295760E+00 -0.250537326403990E+00  0.796299315800434E+00 -0.561162044368864E+00 -0.225841890745535E+00
-0.296591525725299E+00  0.347387390367238E+00  0.889581625193428E+00 -0.687104415030659E-01 -0.408754754054504E-01  0.996798911886862E+00
 0.938536824546046E+00 -0.206454867599694E+00  0.276631553904135E+00 -0.967755068723533E+00 -0.979860746197596E-01 -0.232053563085164E+00
-0.796428374751411E+00  0.593245762116297E+00 -0.117308608473039E+00  0.287143852163368E+00 -0.560364438802868E+00  0.776878435722043E+00
 0.371890104405850E+00  0.926836523840780E+00  0.516895378170992E-01 -0.760954224963719E-01  0.887549201475203E+00  0.454385190819231E+00
 0.616045872665207E+00  0.786705125295116E+00 -0.397810081139149E-01 -0.417419702966656E+00 -0.900400721976812E+00  0.122634951946275E+00
 0.430406359885931E+00  0.304621399465307E+00 -0.849680038813164E+00 -0.171057440065599E+00  0.393533298942432E+00 -0.903255719506769E+00
 0.993662645497042E+00  0.954122933738679E-01 -0.594225648803449E-01  0.876703406822551E+00  0.466310842590329E+00  0.118090366027166E+00
 0.510951286813397E+00 -0.346088004218240E+00  0.786862043715396E+00 -0.143178671442671E+00  0.557563704212266E+00 -0.817693453434115E+00
 0.836196555418440E-01  0.727520057795960E+00  0.680971599049202E+00  0.393113210419705E+00  0.836333602872726E+00  0.382110073799996E+00
 0.436237567517847E+00 -0.235699276950041E+00  0.868413861894972E+00  0.252378589324565E+00 -0.205363255262319E+00  0.945584994084935E+00
-0.623474774407274E+00 -0.376568879481401E+00  0.685182519248645E+00  0.180609953269296E+00  0.915614901489388E+00 -0.359206621529506E+00
-0.113048391833426E+00 -0.296126756327444E+00  0.948435029557040E+00 -0.280547811126546E+00  0.412039578619259E+00 -0.866900404500637E+00
 0.928783588900851E+00 -0.357363858003603E+00  0.982451931711491E-01 -0.915161572286552E+00  0.334780855281258E+00  0.224501838627562E+00
 0.666878978730214E+00 -0.372153732540071E+00  0.645580380033532E+00 -0.478575785017556E+00 -0.633595487854239E+00 -0.607883192534206E+00
-0.883533997944802E+00 -0.365673851106501E+00 -0.292660740606960E+00 -0.296028681931110E+00 -0.474041994014663E+00 -0.829247374059594E+00
-0.788094000086176E-01  0.109927034406521E+00  0.990810337843156E+00 -0.163511127421148E+00  0.188802162318868E+00 -0.968306694551465E+00
-0.817443905648939E+00  0.330288905640707E+00 -0.471905392984731E+00  0.831232329988279E+00 -0.298104497178793E+00  0.469240367342832E+00
 0.468208452673403E+00 -0.752386326073235E+00  0.463352631570382E+00 -0.750289676194611E+00  0.502700010004840E+00 -0.429369423383780E+00
-0.185625779896341E+00 -0.259380979935836E-01 -0.982278109758306E+00  0.354937067822352E+00 -0.670422647651402E-01  0.932483250584605E+00
 0.666017541823051E+00  0.394146805520603E+00 -0.633300031329452E+00 -0.160357260260537E+00 -0.781461449014488E+00  0.602995483221816E+00
-0.666359005865665E+00  0.689014433549390E+00  0.284999623968764E+00 -0.743279109759841E+00  0.508345983148093E+00 -0.434879898836240E+00
-0.254095450996391E-01  0.806521091870180E+00  0.590659024638041E+00 -0.202200911471519E-01 -0.544112420428623E+00 -0.838768634278432E+00
-0.761282221367737E+00 -0.609886204949754E+00  0.220200355225396E+00 -0.886800457330351E+00 -0.307444870494959E+00  0.345054489153550E+00
-0.597007374026429E-01 -0.522268857640896E+00 -0.850688581263469E+00  0.766319272021653E+00 -0.615531137203245E+00  0.184054862640148E+00
 0.896740513821273E+00 -0.258390460992370E+00  0.359292110322101E+00  0.878680382127502E+00  0.426939904045787E+00  0.213642468619048E+00
-0.780733630872550E+00  0.622211870974600E+00  0.575098708297399E-01  0.829311783073806E+00 -0.450844902387879E+00  0.330122462801017E+00
-0.566584952638354E+00 -0.767367635949277E+00  0.300213928293495E+00  0.246148858651788E+00 -0.114697790263170E+00  0.962421506562051E+00
-0.460977511887175E+00  0.780089997388837E+00  0.423035848963410E+00 -0.578400433135797E+00  0.814747867579983E+00 -0.404827274549619E-01
-0.931071338937141E+00  0.207130188360004E-01 -0.364248723622333E+00 -0.915776508438432E+00 -0.337511481582668E+00 -0.217805845633643E+00
 0.238601636096203E+00  0.673454494771023E+00  0.699662992250499E+00  0.338286113655638E+00  0.705652392253263E+00  0.622589115400367E+00
 0.394437712258987E+00 -0.771925863831292E+00  0.498547241388627E+00  0.217226102683111E+00 -0.813812092106140E+00  0.539001576115445E+00
 0.491926900658328E+00 -0.401645745173320E+00  0.772456225162863E+00 -0.778781777261951E-01  0.284399602994568E+00 -0.955537469307499E+00
-0.568156934459224E+00  0.527953602273606E+00  0.631239013110106E+00 -0.226265044998184E+00  0.238460604503995E+00  0.944426105903240E+00
 0.569071746321424E+00  0.664207265412809E+00  0.484753603505455E+00  0.568588119778623E+00  0.456741261826328E+00  0.684174663219783E+00
 0.716991251962342E-01  0.978534082731101E+00  0.193210466537654E+00 -0.501572442637751E+00 -0.564027758698374E+00 -0.655970862313326E+00
-0.623141527916239E+00 -0.478492616251814E+00  0.618659399329477E+00 -0.458091617968209E+00 -0.449096903891036E+00  0.767114098725055E+00
-0.993362645511024E+00  0.552683942627717E-01  0.100876454631166E+00  0.696895433568813E+00 -0.609524908947873E+00  0.377910227491959E+00
 0.638201502412672E+00  0.168945768025680E-01  0.769683971245907E+00 -0.870902987454105E+00  0.326467987974814E+00 -0.367350839486166E+00
-0.220661426137011E+00 -0.556365855320676E+00 -0.801102721283902E+00 -0.334553340462264E+00 -0.175004218556073E+00 -0.925984657471774E+00
 0.276213335719308E+00 -0.263297317651704E+00  0.924327169182119E+00  0.350725430978309E+00 -0.664007287379024E+00  0.660368074919305E+00
-0.340285959164851E+00 -0.577386650099563E+00  0.742179306018473E+00  0.110586083784214E+00 -0.983323864722285E+00 -0.144377613018429E+00
 0.852745957475113E-01  0.536343639015619E+00  0.839680739452551E+00 -0.166560246817532E-03 -0.148260128780149E+00 -0.988948384129211E+00
-0.603426543191079E+00  0.135867814080550E+00  0.785758451478212E+00  0.157487259020360E-01  0.270688599806088E+00  0.962538134084817E+00
-0.577789409223934E+00 -0.773995452577392E+00  0.259018219394263E+00 -0.303759161381415E-01  0.135116401435263E+00  0.990364004688152E+00
 0.219296385240069E+00  0.233341339575661E+00 -0.947344137399749E+00 -0.876704708262919E-01 -0.634357739047264E-01  0.994127653339452E+00
-0.157329974406369E+00  0.833082104573077E-01  0.984025925077024E+00  0.103163691472712E+00 -0.184621470295446E+00 -0.977380256332033E+00
-0.314929736527003E+00 -0.897437317377926E+00 -0.308910217423353E+00 -0.407965637005370E-01 -0.997890028028650E+00 -0.505087353950598E-01
-0.927816312084936E-01 -0.233540763153226E-02  0.995683742350695E+00 -0.262313413649128E+00  0.153035787091257E-01  0.964861375275451E+00
 0.444118777943246E+00  0.712599109968659E+00 -0.543103138961719E+00  0.783831280324948E+00 -0.161399957543105E-01 -0.620764065101391E+00
 0.898586280041373E-01  0.283241080141550E+00  0.954829784565533E+00 -0.104954051920289E+00  0.659413569274754E+00  0.744418156442898E+00
-0.535550561417636E+00 -0.412062550542849E-01 -0.843497267754707E+00  0.139838921947681E+00  0.550115156482491E+00 -0.823297267405130E+00
-0.491021251271993E+00 -0.766035044056811E+00 -0.414835439754327E+00 -0.919272094641135E+00  0.391915387688227E+00  0.366216453383445E-01
-0.467518792842787E+00  0.836662367303936E+00 -0.285345862903596E+00  0.649306369329924E+00 -0.681419962514760E+00  0.337739653333712E+00
-0.798209520010209E+00  0.336376868100193E+00  0.499712081875332E+00  0.340968734299406E+00 -0.206428499914668E+00 -0.917130087094105E+00
 0.312287563496909E-01  0.305921295278920E+00 -0.951544494951087E+00 -0.168017559263668E+00  0.296504239174549E+00 -0.940135807173943E+00
-0.136959107773408E-02 -0.587462158323798E+00 -0.809250478379732E+00  0.647068623617186E-02 -0.354746602201991E+00 -0.934940093506410E+00
-0.780362121374783E+00 -0.539288117218101E+00  0.316549026456889E+00  0.385681207956387E+00  0.528571146574791E+00 -0.756215940613469E+00
-0.338418670212542E+00  0.854835315572405E+00  0.393356564584604E+00 -0.367820969935282E-01 -0.734240134855711E+00 -0.677892691882591E+00
 0.505076096232043E+00 -0.801829092995708E+00  0.319324666508367E+00 -0.864105826838925E+00  0.309842262177489E+00 -0.396634457141275E+00
 0.203380994822660E-01 -0.263105735322175E+00 -0.964552608077977E+00 -0.599269256718753E+00 -0.570205374937354E+00 -0.561909412934421E+00
 0.625109950110177E+00 -0.238145481165655E+00  0.743319769731460E+00  0.779493232507632E+00 -0.382466753874784E+00  0.496094227597226E+00
-0.147033855133187E+00 -0.425290671987922E+00  0.893033532273416E+00  0.192019313022903E+00 -0.546656581937183E+00  0.815043044784119E+00
 0.861529400088421E+00 -0.117352394656431E+00  0.493959014748883E+00 -0.661168798704707E+00 -0.947842566367472E-01 -0.744225613851871E+00
-0.262009944745771E+00 -0.545581921469292E+00  0.796047207029956E+00 -0.124754991719505E+00  0.786686343292214E+00 -0.604616233092191E+00
 0.867357233143111E+00  0.233454644705634E+00 -0.439534252339556E+00 -0.809894236595809E+00 -0.553364827789067E+00  0.194573104243283E+00
 0.448705204618008E+00  0.451455270808444E+00  0.771266346865975E+00 -0.693482974535879E+00 -0.444176525935227E+00 -0.567264116472196E+00
 0.404229059978728E-01 -0.986618632290904E+00 -0.157954623506602E+00 -0.221422854018236E+00  0.790804531498544E+00  0.570613803443089E+00
 0.322294639187758E-01 -0.951221501947535E-01 -0.994943736197095E+00  0.627525394511880E-01  0.285341039794399E+00  0.956369494390886E+00
-0.280510127403688E+00  0.398434326017434E+00  0.873249194832151E+00 -0.700325530547917E-01  0.113892203189748E+00  0.991021698836717E+00
 0.197110584983345E+00 -0.600996995315576E+00  0.774564412369412E+00 -0.278837287836748E+00  0.389306311729230E+00 -0.877889721183493E+00
 0.447307182251735E+00 -0.129093880469691E+00 -0.885014720064751E+00  0.356346261875108E+00 -0.756439081627400E+00 -0.548468100653386E+00
-0.556235703356667E+00  0.583406309429897E-01  0.828974193260857E+00  0.103737586682054E-01 -0.182341540966381E-01  0.999779926161490E+00
 0.786964005258190E+00  0.728071886090663E-01  0.612688148828448E+00  0.769652052498245E+00 -0.354635825062731E+00  0.530913504883154E+00
