#          Em_x [n.u.]            Em_y [n.u.]            Em_z [n.u.]            En_x [n.u.]            En_y [n.u.]            En_z [n.u.]
 0.993714111831027E-01 -0.213666018375454E+00  0.971839572785065E+00 -0.136999682111841E+00 -0.154353584689264E+00 -0.978471286239320E+00
 0.182476802521715E+00  0.555919906232177E+00  0.810959477653636E+00 -0.375829919523301E+00 -0.421884247736123E+00 -0.825085179301649E+00
 0.437124344840703E+00 -0.763354780160099E+00 -0.475617269192691E+00  0.506047344242791E+00 -0.132841661872971E+00 -0.852214279542208E+00
 0.226396146722338E+00  0.513192859260027E+00  0.827875518392588E+00  0.689313438499800E+00  0.912042237517215E-01  0.718699362093378E+00
-0.763956649363006E+00 -0.511041474121770E+00  0.393963005397077E+00 -0.198525040102274E+00 -0.315136535252897E+00  0.928049983891595E+00
-0.378812304184077E+00 -0.966200619532745E-01 -0.920416102546503E+00  0.267951611456045E-01  0.228944199697921E+00  0.973070692582949E+00
 0.787493357011170E+00 -0.264218160992555E+00 -0.556815028591174E+00  0.963510402300831E+00 -0.469343357694492E-01 -0.263523951063222E+00
 0.190740248713307E+00 -0.839777177830100E+00  0.508323173892848E+00  0.132399538572699E+00  0.989642865793467E+00 -0.554739611874806E-01
 0.240124803544471E+00  0.917353543252860E+00 -0.317494181685511E+00  0.524868143166202E+00  0.708496809151686E+00 -0.471747499952192E+00
-0.604751332341278E-02  0.341947215040534E+00  0.939699701877481E+00  0.176028686313222E+00 -0.229802278195746E+00 -0.957185882956328E+00
-0.949195858172126E+00 -0.301422368913798E+00 -0.903978890642599E-01  0.857788364422579E+00 -0.354618063768955E+00  0.372082182736549E+00
 0.228405391440420E-01 -0.434724846482651E+00 -0.900273634859005E+00 -0.157091165160512E+00 -0.350053927118832E+00 -0.923463379857153E+00
 0.578906988237888E-01  0.358624275301978E+00 -0.931685191550142E+00 -0.264909082152478E-01  0.296793861171945E-01 -0.999208369571451E+00
-0.700318753945789E+00 -0.286200237429386E+00  0.653944238423415E+00 -0.721175599410672E+00 -0.520154341753377E+00  0.457542583340359E+00
-0.893969649121587E+00  0.193016861476106E-01 -0.447711638626120E+00  0.212422799729998E-01  0.792223723221313E-02  0.999742968816878E+00
-0.655688329916114E+00  0.489727153071104E+00 -0.574665232597805E+00  0.862523772316066E-02 -0.626997626851946E+00  0.778973414948319E+00
-0.880889491821191E+00  0.165408558916667E+00  0.443479099660981E+00  0.836080639010289E+00 -0.352778060046101E+00 -0.420139031062643E+00
-0.364696475415388E+00 -0.929795017979817E+00 -0.497765543153147E-01  0.115116231118428E+00  0.566062794237158E+00  0.816284978615624E+00
 0.231668676578978E+00 -0.654244804768078E+00  0.719925940445352E+00  0.165140800969257E-01 -0.565821526772278E-02  0.999847623269934E+00
 0.122618985623237E+00 -0.223899561154686E+00 -0.966867918011280E+00  0.279528753960940E-01 -0.637329063085173E+00 -0.770084607107600E+00
-0.363831389088462E-01  0.904275388008319E-01 -0.995238226471212E+00 -0.177641698060361E+00 -0.246111574427732E+00  0.952823446417506E+00
 0.947981459221054E+00  0.657726127551991E-01 -0.311456443799891E+00  0.740368605358165E+00  0.188073376864529E-01 -0.671937952678038E+00
-0.516141090231869E+00 -0.628159822025586E+00 -0.582248755230135E+00  0.284785908546085E+00  0.479744425531315E+00  0.829904977973509E+00
-0.917415552015149E+00 -0.207711215291880E+00  0.339418261091988E+00 -0.950473694720531E+00 -0.302577948107705E+00 -0.710376024597856E-01
-0.858386606885172E+00  0.425649443487158E+00 -0.286347663477867E+00 -0.948001424503394E+00  0.317137758684207E+00 -0.267757568761961E-01
-0.606013487545583E+00 -0.764771449473898E+00  0.218797355976785E+00 -0.884520680349372E+00 -0.465986198198882E+00  0.219095669157396E-01
-0.692804571204570E+00 -0.709203687827671E+00  0.130583135548523E+00  0.509239928036476E+00  0.812815945944855E+00 -0.282851433991724E+00
 0.129661612806313E+00 -0.769976646171384E+00  0.624759017954229E+00 -0.116942899169398E+00  0.263207537770814E+00 -0.957625266163379E+00
-0.122849087770888E+00  0.492512261344482E+00  0.861591419443813E+00 -0.283805478198380E+00  0.361894860364792E+00  0.887967657398701E+00
-0.190176149869823E+00 -0.309294234530558E-01 -0.981262657388710E+00  0.163043123415842E+00 -0.722290651099065E-01 -0.983971494536379E+00
-0.479645510198666E+00  0.215591511100310E+00 -0.850564803461645E+00 -0.166658547312390E+00 -0.200630878489942E+00  0.965387061858651E+00
-0.408306144699288E-01  0.995546064606842E+00  0.849758446138473E-01 -0.238075178175228E+00 -0.959578554874506E+00  0.150097323632995E+00
-0.695435132624624E+00 -0.647748809417353E+00  0.311113253028176E+00  0.656497859448636E+00 -0.308628886462161E+00 -0.688301366394463E+00
 0.761483908796275E+00  0.278956370415148E+00  0.585085976630062E+00  0.706340871590559E+00  0.322283926795277E+00  0.630250461047118E+00
 0.642608000528854E-01 -0.223869842144449E+00  0.972498248509879E+00  0.515632438203592E-01  0.291362703051231E-01  0.998244614129938E+00
-0.321233161716133E+00  0.523135464383615E+00  0.789391247555986E+00  0.768529909624506E+00  0.136475990203803E+00 -0.625088859371562E+00
 0.653029640120960E+00  0.194494739176507E+00  0.731931749247259E+00 -0.250066656607544E+00  0.171054608006946E+00 -0.952998944560126E+00
 0.250018089633537E+00 -0.672998026210665E-01  0.965899420966366E+00  0.340929939309984E+00 -0.827490033729733E-01  0.936439735873521E+00
 0.747002959479751E+00 -0.740987365454363E-01 -0.660678405709512E+00  0.987611202903607E+00  0.152640476443632E+00  0.364005061826152E-01
-0.570053080196345E+00 -0.216613777419682E+00  0.792538931025244E+00  0.305990348485567E+00  0.158412930393941E-01 -0.951902810200979E+00
 0.185550612821861E+00 -0.774924269104313E+00 -0.604204722949579E+00 -0.413082521624429E+00 -0.785124714999676E+00 -0.461456403385066E+00
 0.276498536347440E+00 -0.489388217713940E+00  0.827071781504179E+00 -0.104299852033318E+00 -0.501416893511792E-01  0.993281104146675E+00
-0.723770786238953E+00  0.634581966733663E+00 -0.271037961332882E+00 -0.837105556084046E+00  0.350207427832035E+00 -0.420248789961959E+00
 0.529159536702778E+00 -0.244846271777059E+00  0.812428758669569E+00  0.558218495142037E+00 -0.566237815169475E+00  0.606437835522701E+00
-0.691245888229288E+00  0.686354936378297E+00  0.226044295029196E+00 -0.738328017655765E+00  0.674353267401201E+00  0.109274466291589E-01
 0.701242656322999E+00  0.603773667239583E+00 -0.379099057900610E+00  0.672140922344413E+00  0.680652501415227E+00 -0.291442537779226E+00
-0.637923969284990E+00 -0.286520804600623E+00  0.714813848454753E+00 -0.645028346117224E-01  0.848413804732044E+00 -0.525388808661880E+00
-0.167948027588452E+00 -0.301378705347163E+00  0.938597004039762E+00 -0.963942899248158E-01 -0.180393083130651E+00  0.978859783844708E+00
 0.917811095290687E+00  0.228366532166483E+00 -0.324763791620255E+00 -0.958292766697781E+00 -0.281959600682207E+00 -0.466235656920764E-01
-0.115511444405185E+00  0.992486036816910E+00  0.403555812111600E-01  0.305712447755258E-01 -0.988490799232821E+00  0.148159842146693E+00
-0.508567464524366E+00  0.855125650764674E+00  0.100594509947368E+00 -0.314851627218889E+00  0.845325576433289E+00 -0.431616870227920E+00
 0.314415519449094E+00 -0.247439146247056E+00  0.916469721286025E+00  0.110555274349588E-01  0.693626042850548E+00 -0.720250434218977E+00
 0.968939497516490E+00 -0.152513038327166E+00 -0.194669009584753E+00  0.933677115360777E+00 -0.738567469914763E-01 -0.350417215866195E+00
-0.784667641152245E+00  0.330890769031019E+00 -0.524221319576600E+00 -0.685017220505835E+00  0.598062985874341E+00 -0.416019317505243E+00
 0.871687442324468E+00  0.476720277664741E+00 -0.113572794969039E+00 -0.929160951525533E+00 -0.286325685382863E+00 -0.233832264775844E+00
 0.455446445074930E+00  0.273674298054198E+00  0.847154598791242E+00 -0.417697671514902E+00  0.152491048156247E-01 -0.908458100306971E+00
-0.809994278420016E+00  0.141381296814497E+00 -0.569140226866708E+00 -0.613406801927097E+00 -0.600601460447075E-01 -0.787480078609395E+00
 0.627808858449617E+00  0.596821444516878E+00 -0.499660085074819E+00  0.740481713246903E+00  0.237233464747759E+00 -0.628814054829172E+00
 0.375808219991818E-01 -0.282708446704725E+00  0.958469413168552E+00 -0.417639979492477E+00  0.619384653999335E+00 -0.664785302123661E+00
 0.169029531887448E+00  0.637542366168144E+00 -0.751644030569414E+00  0.539820518397248E-01  0.660742612209583E-01 -0.996353416255135E+00
 0.576106117665135E+00  0.484650171942060E+00 -0.658191425062145E+00  0.321104143516355E-01 -0.311152770016906E-01  0.998999880293924E+00
 0.183285508940464E+00 -0.694748338686970E+00 -0.695507849060045E+00 -0.588794280770201E+00 -0.445560317540827E+00 -0.674386608975311E+00
 0.226674172643742E+00 -0.208336524329903E+00  0.951427722996556E+00 -0.126464174725629E+00 -0.178603005369488E-02 -0.991969567379772E+00
-0.995260494659746E+00 -0.691762365527269E-01  0.683461488749641E-01  0.865296067904441E+00  0.301334442818645E-01 -0.500354564688707E+00
 0.111416373407810E-01 -0.357892039845507E+00  0.933696498725677E+00  0.902628784625641E-01 -0.188506299348843E-01  0.995739557576533E+00
 0.503399655145112E+00  0.294809629245432E-01  0.863550612312228E+00  0.494896011625912E+00  0.172699442862003E+00  0.851617778179811E+00
 0.241465231801895E+00  0.122871155943542E+00 -0.962599200533615E+00  0.300559908075386E-01  0.841201448357931E-03  0.999547862684274E+00
 0.664371431747228E+00 -0.745527359620092E+00 -0.529108376047090E-01  0.931474712720311E+00 -0.330594253451629E+00 -0.151862764189823E+00
 0.320114880695820E+00  0.369112312050389E+00 -0.872515079669067E+00  0.324530033228623E+00  0.530469673355427E+00 -0.783123351192400E+00
 0.198990345742227E+00 -0.973428842257128E+00  0.113309890845137E+00  0.614093560838574E+00 -0.756135913626392E+00 -0.226158304426309E+00
 0.828387755721405E+00 -0.521758453065119E+00 -0.203818161177917E+00  0.937987103568242E+00  0.197677692016041E+00  0.284787154940092E+00
 0.928685602866652E+00 -0.133623723717774E+00  0.345959176042490E+00  0.973530147860662E+00  0.671576097976868E-01 -0.218469463890628E+00
-0.229714725253374E+00  0.101760596701549E+00  0.967923512453702E+00  0.149282483730070E+00 -0.289007686345752E+00 -0.945615829649894E+00
 0.109559034168466E+00  0.895883336115172E+00 -0.430569234970663E+00  0.978221296084935E+00 -0.110375747853218E+00  0.175784783675247E+00
 0.190398548868406E+00 -0.828326284013412E+00 -0.526900331942709E+00 -0.195081061856763E+00  0.978657001822455E+00 -0.646053565017719E-01
-0.618057159092639E-01  0.990946157350248E+00  0.119187947015299E+00 -0.397058895072280E+00  0.848360767956266E+00  0.350183153844720E+00
 0.242613406516472E+00 -0.298696776129797E+00  0.922994567106513E+00 -0.263131429014062E-01  0.448607657541604E+00 -0.893341361465865E+00
-0.188940986800275E+00  0.246996456517666E+00  0.950417831258786E+00  0.889364788932715E-01 -0.151084092379553E+00 -0.984512010973921E+00
-0.669469868810251E+00  0.279216109898893E-01  0.742314271986546E+00 -0.940797648281537E-02 -0.439237679554746E+00  0.898321629951022E+00
-0.312625339587653E+00  0.272117295591599E-01 -0.949486660686765E+00  0.982735256738127E-01 -0.172719298447926E+00  0.980056303533269E+00
 0.329656958880140E+00 -0.735692231050267E+00  0.591678316853151E+00 -0.657261085047536E+00 -0.457418861028014E+00  0.598979007693901E+00
-0.459312456712857E-01 -0.665641665553364E+00  0.744856693431983E+00 -0.119576446527307E+00  0.386308342335503E+00 -0.914585883379958E+00
-0.646450186433374E+00  0.259361435989753E+00  0.717519199730285E+00 -0.907190338186593E+00  0.239245704438966E+00  0.346073956270041E+00
 0.597901136687469E+00  0.327482777637157E+00  0.731620981860748E+00  0.854515467939319E+00 -0.419646403165262E+00  0.306104902546341E+00
-0.763295644041145E+00 -0.639558223407687E+00  0.913511831309070E-01  0.760504300803384E+00  0.547319316811790E+00  0.349392006068016E+00
 0.190575654364245E+00 -0.870860517067080E+00 -0.453081537669875E+00  0.864570840468222E-01 -0.732058149432721E+00 -0.675733703811835E+00
 0.278890869108218E-01 -0.631817610913365E+00 -0.774615198257179E+00  0.230184484121409E+00  0.921199225688965E-01  0.968777076078734E+00
 0.472252661496381E-01 -0.297018733782200E+00  0.953703122580352E+00  0.441201100757713E+00  0.719359136110335E+00 -0.536529609606754E+00
 0.948780345380619E+00  0.295966943526840E+00  0.110541506045529E+00  0.818035069006999E+00  0.526106476739215E+00 -0.232444834332286E+00
 0.874182941028576E+00  0.159413249818191E+00  0.458684642643541E+00 -0.723638474181708E+00 -0.930730163012947E-01 -0.683874822113338E+00
 0.797993275461977E-01 -0.806211846372470E-01  0.993545314472803E+00  0.758053847268337E+00 -0.210917178784539E+00  0.617145289486392E+00
 0.500846094646065E+00  0.789426422843115E+00 -0.354907188423830E+00 -0.915175096750452E+00 -0.393088531938931E+00  0.890839398875998E-01
-0.149487466585061E-01  0.998196198253617E+00  0.581453761305694E-01  0.565316817050574E+00  0.772920990910560E+00 -0.288114626788793E+00
-0.973990119527879E-01 -0.969912642461027E+00  0.223120815848473E+00  0.461105026182779E+00 -0.421787115806699E+00  0.780690581324281E+00
-0.752361391510991E+00  0.504255596121983E+00 -0.423885161739955E+00 -0.890311903091130E+00  0.454961842813418E+00 -0.188264919214373E-01
 0.402928091563004E+00 -0.496863858386015E+00 -0.768619059911448E+00 -0.565385047040576E+00  0.341158506979770E+00  0.750966458437565E+00
 0.824956584529826E+00  0.403052285690526E+00  0.396226562260188E+00 -0.937518085141663E+00 -0.206236114121767E+00 -0.280225811202793E+00
 0.561340078314078E-01  0.714409783403669E+00  0.697472318118724E+00  0.140056472046132E+00  0.962942615304083E+00  0.230490139201928E+00
-0.777740135977904E+00  0.179970773730890E+00  0.602271368646872E+00  0.677552153784764E+00 -0.203075072845242E+00 -0.706883012733032E+00
 0.103535656057281E+00 -0.166411081638040E+00  0.980605792269680E+00 -0.200364516243713E+00  0.136886154626002E+00 -0.970111458185156E+00
 0.755746206206234E+00 -0.449680276523506E-01 -0.653318871833610E+00 -0.386174472191792E+00 -0.117504629487006E+00  0.914910891331233E+00
 0.102799252107039E+00  0.228957180844595E+00  0.967993245382388E+00 -0.206668721161695E-01 -0.446676527403831E+00  0.894456796197216E+00
 0.342626564379479E+00  0.842525947102550E+00 -0.415640548840541E+00  0.227131589689783E+00  0.385688659694122E-01 -0.973100037787907E+00
-0.107896546892106E+00  0.799280717605285E+00  0.591192582525475E+00 -0.317969486540420E+00 -0.860185667276740E+00 -0.398717974815397E+00
 0.435317633183829E-01  0.277899290431016E+00 -0.959623347965404E+00  0.110158261735202E-01  0.925939395736163E+00 -0.377511439558412E+00
-0.587513067926817E-01 -0.144653737756176E+00  0.987736594494362E+00  0.287861031843686E+00  0.568338380618529E+00 -0.770796673229585E+00
 0.741466452042979E+00 -0.426303889096970E-01 -0.669634340842974E+00 -0.945977210084229E+00 -0.299079320377799E+00  0.125214528404700E+00
 0.640670235204911E-01 -0.664584876034863E+00  0.744461119900127E+00 -0.446177254751640E+00  0.792305836213147E-01 -0.891430519985330E+00
 0.375493412698114E+00 -0.279954111446657E+00  0.883532904030425E+00  0.633594169689110E+00 -0.609564632988979E+00  0.476434031472332E+00
-0.628468347628457E+00 -0.209149329305875E+00  0.749188957526777E+00 -0.923855467570065E+00  0.249189979809577E+00  0.290508913810573E+00
-0.287435320931440E+00  0.524625345164335E+00  0.801342113889094E+00 -0.480231122201049E+00  0.102753913195821E+00  0.871102578685465E+00
 0.742677375534393E+00 -0.661641776568370E+00 -0.103249578056269E+00  0.188495998731152E+00 -0.912452303021530E+00  0.363180469151427E+00
-0.190120192587001E+00 -0.328910423084185E+00  0.925025538002743E+00 -0.216521119924837E+00  0.272495948497074E-01  0.975897568501439E+00
 0.355250404444474E+00 -0.863592073269258E+00 -0.357779095432561E+00 -0.664462951446744E+00  0.726874509396918E+00  0.173615764674962E+00
-0.813083741924104E+00  0.570686505757798E+00  0.114942336693891E+00 -0.530265508879090E+00  0.787247797330622E+00  0.314737026247761E+00
-0.358042076849433E-01  0.646320462724101E+00  0.762225634688415E+00 -0.206852431821113E+00 -0.278910189549854E+00 -0.937774587848784E+00
 0.662480345821005E+00 -0.222860656875907E+00  0.715159366167933E+00 -0.208542358489989E+00  0.100596983821551E+00 -0.972825951319885E+00
-0.144921857619904E+00 -0.645483395635422E+00 -0.749899220657657E+00  0.285880813394243E+00 -0.375943908996519E+00 -0.881441057485674E+00
-0.756869366357746E+00 -0.605286175518883E+00 -0.246530744522763E+00  0.506713639413891E+00  0.834033174620067E+00 -0.218242872197699E+00
-0.519030059170675E-01 -0.887018723739835E+00  0.458806998324706E+00  0.438440268762874E+00 -0.889576781987626E+00 -0.128153344379607E+00
-0.640537036679688E-01  0.148117642973210E+00 -0.986893249995397E+00 -0.543648417868349E+00  0.601682536515344E-01 -0.837153617325856E+00
-0.633050047490950E+00  0.310478512937380E+00  0.709119686918858E+00 -0.429247459309431E+00  0.197754463357182E+00  0.881271689604693E+00
 0.489640772874715E+00  0.299203467863281E+00  0.818980584847552E+00  0.743492457128219E+00  0.301295859879419E+00  0.597025770811416E+00
-0.261751380016281E+00  0.361413506204441E+00  0.894911443994648E+00  0.333324794777641E+00 -0.337593134693639E-01 -0.942207455893086E+00
-0.472492073973816E+00 -0.406431592068557E+00  0.782025959288143E+00  0.286590560759618E+00  0.112826686028979E+00 -0.951386351280701E+00
-0.924847962010494E+00  0.337962134884327E+00  0.174464444943557E+00  0.457504943586449E+00 -0.877869054463188E+00 -0.141545575027511E+00
 0.697472167334355E+00 -0.638661782429114E+00 -0.325028773277666E+00  0.210317521414472E+00 -0.512329718591014E+00 -0.832637255732967E+00
-0.829090402415318E-01  0.996122481284216E+00  0.294294635765721E-01  0.606736296763303E+00  0.551921768906487E+00  0.572060684890237E+00
 0.247948038530330E+00  0.177440487807916E+00  0.952384714007659E+00  0.354377417602003E+00  0.139042656324603E+00  0.924707405407751E+00
 0.196335905456415E+00  0.263001494625911E+00  0.944607022021934E+00 -0.776548722843127E+00 -0.629972353423449E+00  0.103399696724908E-01
-0.973801527243369E+00  0.142758487750069E+00 -0.177004518907839E+00  0.740099052000369E+00 -0.315628410850956E+00  0.593828341772144E+00
 0.341544523387183E+00 -0.233654330390358E+00  0.910358716349800E+00 -0.154727614520301E+00 -0.293031419182933E+00 -0.943499842435860E+00
-0.765154838419822E+00  0.629833280978439E+00 -0.133596824118952E+00 -0.480408687122074E+00  0.608650460547428E+00  0.631468217896237E+00
-0.450049831167239E+00 -0.355780020994539E+00 -0.819070037376209E+00  0.199783033404548E+00  0.112954535847997E+00  0.973307768588662E+00
 0.904492325968183E+00  0.315152338035726E+00  0.287354547719853E+00  0.730840560276545E+00  0.503343805413638E+00  0.460995758121897E+00
-0.135748762869227E+00  0.183607185715739E+00  0.973581365235089E+00 -0.796837922752098E+00  0.205949664844052E-01  0.603842009320011E+00
 0.500000333175446E+00 -0.820525960980013E+00  0.277014104663047E+00  0.552779921044636E+00 -0.771804709529189E+00  0.314248069585879E+00
-0.740817313770580E-01  0.157956220259529E+00 -0.984663256934827E+00 -0.477248322797218E-01 -0.205899576408636E-02  0.998858398833546E+00
 0.566359653599963E+00 -0.189414955808515E+00 -0.802096451363668E+00 -0.875970133095646E+00  0.202279695806771E-01  0.481941028727622E+00
 0.690608247352404E+00 -0.626176122945919E+00  0.361889087623899E+00  0.570305460116844E+00 -0.791723032209215E+00 -0.218920813150238E+00
-0.307903940866155E+00 -0.447930359841440E+00  0.839376885511752E+00  0.151898744014340E+00  0.298255836271459E+00 -0.942321721970198E+00
-0.223082567142184E+00  0.271563112634215E+00  0.936209188212586E+00  0.388902477003051E+00  0.145511884489077E+00  0.909714875580986E+00
 0.118171094452818E+00 -0.751794118127789E+00  0.648722742305435E+00  0.479698125187709E+00  0.111283541987976E-01  0.877363019749649E+00
-0.386654900074071E+00 -0.608844340434457E+00  0.692680703765913E+00 -0.410832257444858E+00 -0.296971415843635E+00  0.861988882999421E+00
 0.987429345033410E+00  0.119567000400846E+00 -0.103378048840339E+00 -0.984200952930274E+00  0.169966961137413E+00 -0.495955277505409E-01
-0.109850994143889E+00 -0.703387086979752E+00  0.702267303066103E+00 -0.474796015301914E-01 -0.847307761239263E+00  0.528975656511944E+00
-0.217452163832765E+00 -0.908250960992713E+00  0.357483913344729E+00  0.930629620724958E+00 -0.574061371799491E-01 -0.361431936114391E+00
 0.346434676718682E-01 -0.538448046918345E+00 -0.841946275552952E+00 -0.625302980606604E+00  0.705112387397373E+00  0.334384065982928E+00
 0.724422209356309E+00 -0.478408769941364E+00  0.496323998447098E+00 -0.850914900481168E+00  0.516402473428827E+00 -0.962928739612355E-01
-0.354294297908680E+00  0.681060653096502E+00  0.640805693852014E+00 -0.593685159501561E+00  0.746114787531281E+00  0.301414424364126E+00
 0.988141449861767E+00  0.804484814575744E-01 -0.130784237950354E+00 -0.827138715639453E+00 -0.262995372985783E+00 -0.496663848974721E+00
-0.478352895002519E-01 -0.346851284899642E+00  0.936699509577055E+00  0.584448324620056E+00  0.116070063826615E+00 -0.803086481104056E+00
 0.354021339876693E-01  0.240051694667929E+00  0.970114360679283E+00  0.506901138529146E-02 -0.775002927613483E-01 -0.996979442990417E+00
 0.744574605938666E+00 -0.586909395997097E+00 -0.318034616168749E+00 -0.942087460153192E+00  0.333730115963146E+00  0.330972373670915E-01
 0.238584718150310E+00  0.608729666091492E-01  0.969211955250934E+00 -0.810804047590198E+00 -0.695947427589289E-01 -0.581165525639357E+00
-0.416879266434256E+00 -0.382614673620884E+00  0.824510575279190E+00  0.331466763969829E-01 -0.216352465383009E+00  0.975752483248968E+00
-0.755533387252010E+00  0.218828479569356E+00  0.617481495493483E+00  0.793696879487341E+00  0.955555786766367E-01 -0.600761512478813E+00
 0.564681693670933E+00  0.777387852716254E+00 -0.277133020916199E+00  0.477108420434730E+00  0.659046129583421E+00 -0.581399823040384E+00
 0.230605661086709E+00 -0.831330804253944E-01  0.969489515164422E+00 -0.111210123782866E+00 -0.256533405877907E+00  0.960116097165796E+00
 0.403711832076000E+00  0.457288935833512E+00  0.792403676042769E+00  0.419915883412763E+00  0.378277478318548E+00  0.824970787515921E+00
 0.115530013964857E+00  0.912508641682794E+00 -0.392403866861048E+00 -0.128436973216908E+00  0.976052282831017E+00 -0.175573019257626E+00
 0.136160119245357E+00  0.242842808273459E+00 -0.960462280569596E+00  0.822961953576422E-01 -0.136471042098192E+00  0.987219829064576E+00
-0.752157373200166E+00 -0.146602582850234E+00 -0.642469430122762E+00  0.777821689621229E+00 -0.144236617833886E+00  0.611710076123173E+00
 0.182167479722416E+00 -0.303322024613260E-01  0.982799555771892E+00 -0.724586968074881E-01 -0.548687557472698E+00 -0.832881565128923E+00
-0.857899557489581E+00 -0.848228987707849E-01 -0.506767624363773E+00  0.800467651509485E+00  0.395354632045366E+00  0.450495564691999E+00
 0.725830905384922E+00  0.377423742180490E+00  0.575083311900614E+00  0.678511681682704E+00 -0.204803167092772E+00  0.705462657104455E+00
 0.119340288797007E+00  0.697062133708175E-02 -0.992828940909773E+00  0.141847717478496E+00  0.746255915696474E-01 -0.987071550663386E+00
 0.530208446371968E+00  0.555846239549713E+00  0.640245235338981E+00 -0.955286632757733E+00 -0.288703415100631E+00 -0.638575554153524E-01
-0.104614314244023E+00 -0.471492100808265E+00  0.875643217372613E+00  0.306532591614710E+00  0.485736523837111E+00 -0.818595015675401E+00
-0.919106755613015E+00  0.442336722119653E-01  0.391517756978100E+00 -0.938262531472689E+00 -0.176239059458656E+00  0.297662923380776E+00
 0.141563682044594E+00  0.856982750659717E+00 -0.495520220573976E+00 -0.771844126143240E+00 -0.372023563449331E+00  0.515611397446410E+00
-0.562485909604441E+00  0.394976754446240E+00  0.726362832848418E+00  0.764916512906452E+00 -0.643848567432214E+00  0.190197397069368E-01
-0.374256505667880E+00 -0.645546845283437E+00  0.665733684373767E+00 -0.825326352520512E+00 -0.484147979551358E+00  0.290580704334485E+00
 0.980969176427166E+00 -0.189272217633573E+00 -0.433070725387465E-01 -0.938842089248200E+00  0.996741063975498E-01 -0.329606741390290E+00
-0.902693120837838E+00  0.173296849385725E-02 -0.430281450230246E+00 -0.948852611478634E+00 -0.114349585329448E+00 -0.294283696499075E+00
-0.175694143660445E+00 -0.619250966282804E+00  0.765284135887604E+00 -0.210610895454515E+00  0.542916465451432E+00 -0.812948191619596E+00
 0.358141002296808E+00  0.913116798478682E+00 -0.194814616520113E+00 -0.567935635095367E+00 -0.766827592019428E+00  0.299039392900848E+00
 0.100042402710610E+00 -0.123847825958123E+00  0.987245275331989E+00 -0.736618300669542E-01 -0.384429350138305E-01  0.996542059091692E+00
-0.646865878202683E+00 -0.179509482056108E+00  0.741175337871559E+00 -0.336744165389835E+00 -0.257875349801466E+00  0.905595754760740E+00
-0.350253626012989E+00 -0.700629968238539E-01  0.934030820658941E+00  0.363920620135122E+00  0.692320604002278E+00 -0.623100283673815E+00
-0.162908229678575E+00  0.330184449977072E+00 -0.929752191552314E+00 -0.441093280215265E+00  0.635039592908596E+00 -0.634161993174790E+00
-0.316798388076899E+00  0.613961881297851E+00  0.722972744731834E+00  0.108449129262396E+00 -0.121035725400143E+00 -0.986706207307469E+00
 0.962530413626492E-01  0.919616864229117E+00  0.380841404069787E+00 -0.665026069719395E+00 -0.729936082419204E+00 -0.157903901712652E+00
-0.892095175116582E+00 -0.277367975345094E+00 -0.356697637764366E+00 -0.494360989023878E+00 -0.572604718880350E+00 -0.654011504827926E+00
-0.424306502141019E+00  0.152846030021891E+00 -0.892525676575975E+00 -0.412858554430586E-01 -0.395141283153049E+00  0.917692129468536E+00
 0.904769550195857E+00 -0.784619026478138E-01 -0.418611742395350E+00  0.954665315193030E+00 -0.276979998172462E+00 -0.109069778489628E+00
-0.199277068958586E+00  0.172865274678297E+00 -0.964575682151313E+00  0.409314901223699E+00 -0.327313355467643E+00  0.851661481440100E+00
-0.476638177312340E+00 -0.705569559235865E-01  0.876263524231819E+00  0.614176116787845E+00 -0.899733415496671E-01 -0.784023274767906E+00
 0.279945490097359E+00 -0.433072569472244E+00  0.856783912165056E+00  0.266111921967796E+00  0.930384893432337E+00 -0.252127735601430E+00
-0.755675697325862E+00 -0.422749591354066E+00  0.500236967327529E+00  0.795062359958582E+00  0.586987069865081E+00 -0.152715498847684E+00
 0.516960859989467E+00 -0.594616114938526E+00  0.615778487034391E+00  0.432995164826590E+00 -0.850813508354446E+00  0.297710532629251E+00
-0.290930179380061E+00 -0.127963814054148E+00 -0.948148138751852E+00  0.116522168259489E+00 -0.243193359401652E+00  0.962953568063926E+00
 0.818351204272469E+00  0.229036078871223E+00  0.527108889169111E+00  0.196625801271305E+00  0.266926721299137E+00  0.943444974405455E+00
-0.412949238702929E+00  0.507387491024836E-01  0.909339598606696E+00 -0.336233874030896E+00  0.684579747816640E-01  0.939287116723618E+00
 0.611417604239373E+00  0.296206410536641E-01 -0.790753520921504E+00  0.265942639494974E+00  0.109901909773527E+00 -0.957703546368383E+00
-0.776069874473357E+00 -0.483693710267780E+00  0.404667696489722E+00  0.679133719394325E+00  0.688492820654170E+00 -0.254470090755857E+00
-0.572363634241315E+00 -0.379351811366969E+00  0.726974603002521E+00  0.230832393637426E+00 -0.282143367715217E-01 -0.972584370246695E+00
 0.486121347407487E+00 -0.846924937550999E+00  0.215416307992143E+00 -0.563632302862236E+00 -0.782860157108642E+00  0.263531025843345E+00
 0.663332433026323E+00 -0.151923796494523E+00  0.732740911478313E+00  0.615870767347371E+00 -0.748158944815797E+00  0.246903607140667E+00
 0.428895102636332E+00  0.922187410027903E-03  0.903353829075269E+00 -0.343432127647518E-01  0.106599779094072E+00  0.993708725348676E+00
-0.638857344109320E+00 -0.524370814197160E+00  0.562935647384134E+00 -0.140562847838268E+00  0.287467511639958E-01  0.989654338698675E+00
 0.274701925615316E+00  0.217216315794940E+00  0.936672794638400E+00 -0.153162456655521E+00 -0.168020806402209E+00 -0.973812235745268E+00
-0.847770331391922E+00  0.529681039366245E+00 -0.268972442366343E-01  0.475202018654228E+00 -0.874321454892083E+00  0.987169437449232E-01
 0.701003932756651E-01 -0.459087949188231E+00  0.885620793439687E+00  0.222425283655830E+00  0.363943495850095E+00 -0.904473396523654E+00
 0.662488706157336E+00  0.730606796614591E+00 -0.165294957438347E+00 -0.569033618434012E+00 -0.430652850947002E+00  0.700527560530715E+00
 0.810289842524176E+00 -0.213427557830527E-01 -0.585640553477754E+00 -0.679636529366102E+00  0.724809546654206E+00 -0.112895124031658E+00
-0.881952809352402E+00  0.469799233589844E+00  0.380515728163834E-01  0.911327362602762E+00 -0.217975504473183E-01 -0.411104980468481E+00
 0.905513236490107E+00 -0.239057267448854E-01 -0.423644066133364E+00  0.659824100486121E+00  0.389154293808921E+00 -0.642799418191835E+00
-0.409792305792141E+00 -0.332990822718051E+00  0.849227518453751E+00  0.207509064516080E+00 -0.163712057658189E+00  0.964436804731644E+00
-0.184467627565017E+00  0.679184777631655E+00  0.710408144811118E+00 -0.246463503223567E+00 -0.193435579376627E+00  0.949651735221916E+00
 0.467713705154529E+00 -0.874494731441303E+00 -0.128463437179709E+00 -0.297469433814705E+00  0.940583023548480E+00  0.163754425156570E+00
 0.722401682264474E+00 -0.414903054290106E+00  0.553164772018428E+00 -0.485090805015106E+00  0.572469068066832E+00 -0.661034096697356E+00
 0.823592011325955E-03  0.599510414100949E+00  0.800366531709508E+00  0.261660013953841E+00  0.289548324034650E+00  0.920703972591843E+00
 0.887250149655299E+00 -0.373108323783724E+00  0.271251452825510E+00  0.869977074550977E+00 -0.264495444134647E+00  0.416151474571147E+00
-0.539006500613676E+00  0.238524499050342E-02  0.842298226819061E+00  0.287959885492703E+00  0.464866797921836E-01 -0.956513509025841E+00
 0.182851757590432E+00  0.792800676716065E+00  0.581405471030879E+00 -0.192009053578725E+00 -0.780830843865531E+00 -0.594504597637432E+00
-0.903554442531176E+00 -0.115521488330334E+00 -0.412606537897936E+00 -0.651239366722462E+00 -0.526386972301939E-02 -0.758854122283372E+00
 0.836470363778176E+00 -0.194711154778956E+00  0.512254718597547E+00  0.434784820506514E+00 -0.167525707894960E+00  0.884814837721097E+00
 0.782460349788952E+00 -0.492805286421773E+00 -0.380655685210277E+00  0.307752688980618E+00 -0.911892660775648E+00 -0.271551206310537E+00
 0.691647051391254E+00 -0.321744126918006E+00  0.646610449262579E+00  0.404957851135778E-02 -0.840532152942514E-01 -0.996453038488307E+00
-0.173811806235173E-01  0.305768044712158E+00  0.951947371125650E+00  0.601235561279894E-01  0.191023992951350E-01 -0.998008144425532E+00
-0.861807060441828E+00  0.316567934015792E+00  0.396324783133212E+00 -0.824127896542719E+00 -0.474306719132797E+00  0.309590610848515E+00
-0.158399213115959E+00  0.796983214139314E+00  0.582861429213165E+00 -0.599302764486410E+00  0.687072776905926E+00  0.410812847551931E+00
-0.235694470224723E+00  0.681632345613959E+00  0.692694349708657E+00 -0.335933283629442E+00  0.632106760726122E+00  0.698276357894401E+00
 0.131729642572006E-01  0.349776626999125E+00 -0.936740510609952E+00 -0.745159907423661E-01 -0.598547929490058E+00  0.797613780740308E+00
 0.584118845141253E+00  0.338030292848514E+00  0.737930007431326E+00 -0.512974692338658E+00 -0.515800133997255E+00 -0.686153908965381E+00
-0.970643362333685E+00 -0.376068593104859E-02  0.240493909276071E+00  0.829952107817566E+00 -0.362752063495764E+00 -0.423781121758325E+00
-0.822597272910808E+00 -0.232822401683939E+00  0.518774956868414E+00  0.769645443473905E+00  0.467006055369228E+00 -0.435374821950385E+00
 0.546183252520297E+00 -0.806985149437434E+00 -0.224630414801273E+00  0.734753519519750E+00 -0.675550288049067E+00 -0.613927835349061E-01
 0.945314539462918E+00 -0.307156801642494E+00  0.109704697642190E+00 -0.810913144625025E+00  0.583515885186507E+00  0.439213343303807E-01
-0.207857164380809E-01  0.990979700986691E+00 -0.132390279947148E+00  0.933345652783386E+00  0.237925144458635E-01  0.358189626715654E+00
 0.655022677773786E-01 -0.373603575644851E+00 -0.925272836076691E+00 -0.481894391887494E+00  0.346491331405080E+00  0.804811501115955E+00
-0.620171577589302E+00  0.429918716988232E+00 -0.656168508184894E+00  0.264474375594603E+00  0.231730904567929E+00 -0.936137859784537E+00
-0.744972300128265E+00  0.478452053932424E+00  0.464865468850341E+00 -0.609615530113013E+00  0.255170897805009E+00  0.750504309353661E+00
-0.935651496109447E+00  0.443286515683315E-01  0.350130330703137E+00 -0.946502322382662E+00  0.275489922849524E+00  0.168043613781040E+00
 0.516191422898285E+00  0.494274562715375E-01  0.855045812511101E+00  0.374178331131306E-02 -0.408590797924931E+00 -0.912710008112500E+00
-0.550770058835354E-01  0.807203460931136E-01 -0.995213921300096E+00  0.138970221513590E+00  0.413146012807243E-01  0.989434374404628E+00
-0.765790952447461E+00 -0.348480556376169E+00  0.540486372610231E+00  0.613840912300139E+00  0.463458707557986E+00 -0.639066006587125E+00
 0.144325105838607E+00  0.543416542098744E-01  0.988037068354426E+00 -0.418173694660650E-01 -0.300794182118865E-01  0.998672386827118E+00
-0.374416707303743E+00  0.239242866683903E+00  0.895865492154203E+00 -0.291725561263477E+00  0.148042240376756E-01 -0.956387490432697E+00
-0.485768619277893E+00 -0.538209488458202E-01 -0.872428881909686E+00  0.986272319348920E+00  0.234763673359414E-01  0.163449601598812E+00
-0.819770112724802E-01 -0.966619721512326E+00  0.242746953855789E+00 -0.268253601043994E-01 -0.958848849583953E+00  0.282646924106384E+00
-0.637480439252451E+00  0.292086370688122E+00 -0.712954585951127E+00 -0.544334563709066E+00  0.716846343519560E-01 -0.835799734355957E+00
-0.370268137136944E-01  0.636394340692799E+00 -0.770474696664588E+00  0.188707760549372E+00 -0.167005298045414E+00  0.967728583608650E+00
-0.617593382028440E+00 -0.221464101788395E+00  0.754673483099634E+00 -0.399733258366718E-01  0.116993519200754E+00  0.992327894239892E+00
 0.399803336471236E+00  0.691558467287356E+00  0.601584722603251E+00  0.680312870427776E+00  0.721676101447849E+00  0.127898408627136E+00
 0.104024850703453E+00 -0.384267439784081E+00  0.917342556059574E+00 -0.138907322167505E+00  0.301986261800645E+00 -0.943137876204707E+00
-0.126019251491049E+00  0.835697642399024E+00 -0.534535872268970E+00  0.336823305713727E+00 -0.679106151075059E+00  0.652200043161679E+00
-0.285730764888976E+00 -0.877909784304761E+00  0.384229541573691E+00  0.219510854456499E+00  0.662611587995860E+00 -0.716073228259081E+00
 0.677890263677698E+00  0.530351308873597E+00 -0.509109300236249E+00  0.180627236534381E+00 -0.971868663478322E+00  0.151145963792664E+00
 0.548889768191178E+00  0.978508392233653E-01  0.830147719167088E+00  0.787106834913242E+00  0.122385974107886E+00  0.604553143879446E+00
-0.570699452238126E+00  0.779559102173517E+00  0.258049881677020E+00 -0.347947623627220E+00  0.593851412234138E+00  0.725446725404210E+00
 0.638039800372662E+00  0.660268406728790E+00 -0.396170221263839E+00  0.769446198454440E+00  0.612530869504147E+00 -0.180993042928462E+00
-0.520142431223357E+00 -0.539986969179855E+00  0.661714382764203E+00  0.516224646199643E+00  0.400062694609809E+00 -0.757272708499119E+00
-0.208790639481710E-01 -0.547603457932155E+00 -0.836477445929891E+00 -0.156191950585971E+00 -0.110782612754695E+00  0.981494415309325E+00
 0.503814781824023E+00  0.835111164471003E+00  0.220816685491603E+00 -0.512315121751810E+00 -0.814448624378454E+00 -0.272408983465069E+00
-0.783828021969726E+00 -0.616943838787890E+00  0.706677561316927E-01  0.405616331599677E+00  0.887086450510535E+00 -0.220347500235972E+00
 0.559854357389361E+00 -0.817622860352581E+00  0.134372455291285E+00  0.915432283379823E+00 -0.217664278640429E+00  0.338535074032139E+00
 0.273530445125329E+00 -0.202804388629772E+00  0.940240115897021E+00 -0.245338178132981E-01  0.709841351829184E-01  0.997175683786883E+00
 0.995581807969286E+00 -0.854238580742950E-01  0.389824077285039E-01  0.676091739757319E+00 -0.104629965100850E+00  0.729350759124110E+00
 0.630334278933019E+00  0.344992831552113E+00 -0.695455708855457E+00  0.335817442790174E+00 -0.938213041999388E-01 -0.937242875671024E+00
-0.111094448507682E+00 -0.243223410922821E+00  0.963587253905863E+00  0.348070771760409E+00  0.357640371016166E+00 -0.866568002447316E+00
-0.570487203827008E+00 -0.109723639464837E+00 -0.813944146248520E+00  0.905071544482381E+00 -0.359721467066122E+00  0.226817030886293E+00
 0.460600793758021E+00  0.649561983981438E+00  0.604910024512390E+00 -0.653056847931484E-01 -0.623999643862116E+00 -0.778690960518773E+00
-0.155685581478244E+00  0.363603733396074E+00  0.918452135269018E+00 -0.230477712438497E+00  0.191285171328177E+00 -0.954091194435347E+00
 0.292668599145952E+00 -0.928517878249658E+00  0.228472407184542E+00  0.864560012180817E+00 -0.418806906220244E+00  0.277735054755668E+00
 0.184598351154629E+00  0.263198518973865E+00 -0.946916040819331E+00 -0.722829580915169E+00 -0.298611925448534E+00 -0.623175990338139E+00
-0.323957133471833E+00 -0.547963767339966E+00  0.771224665940674E+00 -0.171318583685762E-01 -0.653365174868494E-01  0.997716211611062E+00
 0.744697354446028E+00  0.128866926860778E+00 -0.654842855532948E+00  0.902150069216085E+00 -0.408541962454540E+00 -0.138631589211140E+00
 0.979280402611486E+00  0.592571932918167E-01  0.193645237752601E+00  0.663253954895191E+00 -0.167711512204073E+00  0.729360706365589E+00
-0.140772751264800E+00  0.928456045857859E+00 -0.343733040907224E+00 -0.907519225995730E-03  0.756722534772737E-01  0.997132331469863E+00
-0.937424865323378E+00  0.327133064813157E+00 -0.119241686416277E+00  0.923348186870490E+00 -0.383635895618562E+00  0.158627045588660E-01
 0.412255695231033E+00 -0.866769026746834E+00 -0.280636234335346E+00 -0.129908567188608E+00 -0.890723299690081E+00 -0.435586693506834E+00
 0.768690293955192E+00  0.657288511966470E-01  0.636234980254505E+00  0.729441885078315E+00 -0.961029623423073E-01  0.677258264565614E+00
 0.221069157303620E+00  0.919767988684771E+00  0.324276540440160E+00 -0.742255166213244E-01 -0.991036501721980E+00 -0.111073061256801E+00
 0.583985494252728E+00 -0.361285337759657E+00  0.726934554978842E+00  0.132393388368426E+00  0.271207694977607E+00 -0.953372108308849E+00
 0.608891193216019E+00 -0.619091503967492E+00 -0.495960910293585E+00  0.693297865827552E+00 -0.681973908253593E+00 -0.232915559163150E+00
 0.445576213252745E+00 -0.841371735576701E+00  0.305868338923785E+00  0.459808858905624E+00 -0.692711968654008E+00  0.555631120218619E+00
-0.119023420522905E+00  0.308047815300493E+00  0.943896164233980E+00 -0.299015069081832E+00 -0.495294499078639E-01 -0.952962130440560E+00
-0.390836911078319E+00  0.614129577115373E+00  0.685632096281126E+00  0.281794329093766E+00 -0.227687501011077E+00 -0.932067786147513E+00
 0.706296142304272E+00  0.679922225664744E+00 -0.197107905506615E+00 -0.566809491898701E+00 -0.793730781384708E+00  0.220722555657452E+00
-0.727338493577328E+00  0.185157919072898E+00 -0.660829222087868E+00 -0.366272596946667E+00  0.509430653931817E+00 -0.778668603168604E+00
 0.300701011077904E+00  0.787542834232956E+00  0.537917452947056E+00 -0.236561071979004E+00 -0.519990020088202E-01 -0.970224181833370E+00
 0.950844456082647E+00  0.125402407199498E+00  0.283141407437107E+00  0.847805616530219E+00  0.509622539278922E-01  0.527852711705078E+00
-0.814502601895334E+00  0.486352346883189E-01  0.578117743589092E+00  0.916838408341418E+00  0.398773583175962E+00  0.196713586459810E-01
-0.574519402641505E+00  0.856552090866714E-02 -0.818446142296493E+00  0.502351230018926E+00 -0.664739547532865E+00  0.552959831854243E+00
 0.307860964903367E+00  0.488840440777201E+00  0.816245459252007E+00  0.150569921045882E-01 -0.235864975433086E+00 -0.971669182568178E+00
 0.536922176622539E+00 -0.593138194144305E+00  0.599918043484398E+00 -0.830410094485328E+00  0.459533777835822E+00 -0.315036159836941E+00
-0.320623672737501E+00  0.797764533386747E+00  0.510658603913164E+00 -0.255726971960708E+00  0.870058498308852E+00  0.421428434413664E+00
 0.502517651624611E+00  0.476991680805151E+00  0.721079015260022E+00  0.466513439208840E+00  0.740121901075835E+00  0.484339532338041E+00
-0.692101957507818E+00 -0.436313990270039E+00 -0.574999984616072E+00  0.102032322674831E-01 -0.544756660268852E-02  0.999933106797352E+00
 0.574000690021023E+00 -0.544585423130869E+00 -0.611514451806956E+00  0.189754249450927E+00 -0.709025472667205E+00 -0.679173176682031E+00
-0.870556301238456E+00 -0.233269128508362E+00 -0.433263476488577E+00  0.520177424760831E+00 -0.547070961965839E-01  0.852304276884100E+00
 0.519454120574777E+00  0.192227305018403E+00  0.832595988354044E+00 -0.219769808292889E+00  0.175319374228913E+00 -0.959668874343067E+00
 0.989797824497810E-01 -0.465545489071149E-01  0.993999837345182E+00  0.545485954847419E+00  0.428065797998812E+00  0.720558634427372E+00
 0.591333947919616E-01  0.776151440441100E+00 -0.627767618726535E+00  0.149478414205497E+00 -0.679804497993933E+00  0.717998640802214E+00
 0.269033597450646E+00  0.939502527129158E+00  0.212028123041945E+00  0.174503557623772E+00  0.982301096181824E+00  0.680666204290541E-01
-0.726947309806225E+00 -0.165261655806617E+00  0.666510460447207E+00 -0.559764957172737E-01  0.247484924129076E-01 -0.998125314802957E+00
-0.463925174395428E+00  0.275230739371087E+00  0.842034127970723E+00  0.305252739387369E-01  0.395107476301040E-01  0.998752776453050E+00
-0.254353664884791E+00 -0.197536121340495E+00 -0.946722606641158E+00  0.146434235161095E+00  0.622300839830786E-01  0.987261075612851E+00
 0.413267635124898E+00  0.807094476808482E+00  0.421673294463281E+00 -0.203891718830273E+00 -0.760023631112219E+00 -0.617083663001569E+00
-0.460544784945115E+00 -0.729028081725038E+00 -0.506375904952209E+00 -0.335038007421827E+00 -0.147120196499052E+00 -0.930647721409606E+00
 0.904576439191269E+00  0.360836535104816E+00  0.227020837355506E+00 -0.729177833815591E+00 -0.654139769831153E+00 -0.200999622380858E+00
 0.123000570443273E+00 -0.189539386894370E+00  0.974138429837534E+00 -0.322391581251407E+00  0.326081371185031E+00 -0.888670134360499E+00
-0.100744839726037E+00  0.836861379215343E+00  0.538064595793449E+00 -0.855879403943685E-01  0.837376622886117E+00  0.539884335670976E+00
 0.402269089450927E-01 -0.337832172474931E+00  0.940346329305108E+00  0.119228155571421E+00 -0.266122577257876E+00  0.956537203036381E+00
-0.168870845137213E+00  0.975853209819647E+00 -0.138539346567449E+00 -0.145103408232435E+00  0.393689256358995E+00 -0.907718993051722E+00
 0.541009267759300E-01 -0.209857370334991E+00  0.976234077380045E+00 -0.352003024676252E+00  0.106150166611126E+00  0.929960221056363E+00
-0.263552412154586E+00 -0.103689796272112E+00  0.959056073541348E+00 -0.335799709592601E+00 -0.344680963943818E+00  0.876603438352990E+00
 0.229944096598685E+00  0.300714335265884E+00  0.925579062535996E+00  0.153418824552441E+00  0.316192267096151E+00  0.936207837235698E+00
 0.596360048478644E+00 -0.584201621101681E+00  0.550511724199147E+00 -0.351472543355847E+00  0.621746369757703E+00 -0.699927498359716E+00
 0.507156954866214E-01 -0.379663251991939E-01  0.997991220593737E+00 -0.336545846089129E-01 -0.321500690794996E-01  0.998916283776065E+00
-0.181322945688122E+00  0.835997058818644E+00  0.517910134109731E+00  0.608499448798164E+00 -0.683055124225160E+00 -0.403935784602060E+00
-0.899484843903099E+00  0.431443973970645E+00 -0.691600528703907E-01 -0.789540188445402E+00  0.566248590840675E+00 -0.236619576959619E+00
-0.481437000552356E+00 -0.947103131097482E-01  0.871348593325200E+00 -0.528558968119648E+00  0.295385792474743E+00  0.795847127798022E+00
-0.681083692719418E+00  0.179777459093059E+00 -0.709792271522961E+00 -0.697352240436993E+00  0.504052975138304E+00 -0.509539449907200E+00
-0.377035679186611E+00 -0.880747993803015E+00  0.286578205787278E+00 -0.549979502902386E+00 -0.797720932518809E+00 -0.247313283526312E+00
-0.641362732702298E+00  0.764999087732606E+00 -0.585682582028918E-01 -0.918765109790006E+00  0.256211291648876E+00  0.300377174672398E+00
-0.344141450090300E+00 -0.717878658172952E+00 -0.605158569690249E+00 -0.202377428403332E+00  0.723799149039461E+00  0.659665194111836E+00
-0.558345924222802E+00  0.117888022124773E+00  0.821189529367791E+00  0.152925561162078E+00 -0.230507384188680E+00 -0.960978729513695E+00
-0.831319001564720E+00  0.485829642817357E+00  0.269959766997595E+00 -0.763148564689173E+00  0.504177521104237E+00  0.404239156225671E+00
 0.435038905569462E+00 -0.899722769710716E+00 -0.352148875477730E-01 -0.349895165926051E+00  0.904453132352615E+00  0.244003902098149E+00
-0.249117087822095E+00  0.164050759113558E+00 -0.954477880827682E+00 -0.149755867992326E+00  0.830617692280977E-01 -0.985227853085043E+00
-0.235023144395099E+00 -0.448142657273144E+00 -0.862515089914840E+00  0.529069426832823E+00  0.216412869024880E+00  0.820518745496536E+00
-0.759426681663573E-01 -0.470662630258166E+00 -0.879038906778442E+00 -0.740359466936761E-02  0.465920195381108E+00  0.884795772097721E+00
-0.251369847313893E+00  0.248698749063329E+00  0.935394105217542E+00 -0.196050285967538E+00  0.523344615905852E+00 -0.829261537980873E+00
 0.543721887680460E+00  0.173666555730630E+00  0.821100746728352E+00  0.611568227224150E+00 -0.416666120089942E+00  0.672587278960214E+00
 0.122566268309469E+00  0.556704124483579E+00 -0.821619150005441E+00  0.843023935962713E-01  0.488433609114077E+00 -0.868519266292773E+00
-0.494930813747357E+00  0.288378747828550E+00 -0.819683589810249E+00 -0.144914297609140E+00  0.420993946346709E+00 -0.895412722429090E+00
 0.232218714574391E+00 -0.543030840406951E+00 -0.806964667732323E+00 -0.609656695032455E+00  0.450329630979333E+00  0.652320425607019E+00
 0.439799604583803E+00 -0.430687748738304E+00  0.788089062793452E+00  0.768016530761983E+00 -0.488369268612812E+00  0.414301901939775E+00
 0.657565240525913E+00  0.717514916995938E+00  0.229739631627656E+00 -0.308460735412470E+00 -0.710680706379404E+00 -0.632285464239744E+00
 0.474494678070134E+00 -0.737782864232595E-01 -0.877161082661314E+00  0.171348386547419E+00 -0.768180862182616E+00 -0.616877535175313E+00
 0.384712066446656E+00  0.619662345261720E+00  0.684116367144573E+00 -0.634220156867092E+00 -0.640819202139793E+00 -0.432568541149724E+00
 0.816711383243157E-01 -0.186978067933011E+00  0.978963241024324E+00 -0.527378937394788E-01 -0.264930380429427E+00 -0.962824287234926E+00
 0.124014905955398E-01 -0.836356390410053E+00 -0.548045793023973E+00  0.261425352824004E+00 -0.963792390010336E+00 -0.525453504984919E-01
 0.589358049282177E+00 -0.798327359993030E+00 -0.123816461073908E+00 -0.522549341007374E+00  0.803785044547789E+00  0.284379655344871E+00
-0.452869127064407E+00  0.875574520880791E+00  0.168163052232929E+00  0.195691134120582E-01 -0.171309253216911E+00 -0.985022938597133E+00
-0.273234951573724E+00 -0.709748009840798E+00  0.649307649551067E+00 -0.112548434988797E+00  0.946597704743892E+00 -0.302135127310891E+00
-0.944165673633853E+00  0.260722363173063E+00  0.201432445432672E+00 -0.785379321521029E+00  0.349886258131579E+00  0.510645598921454E+00
 0.600116092286609E+00 -0.333412803264959E-02  0.799905969079436E+00  0.545426680125160E+00  0.497387813424181E+00  0.674622190314518E+00
 0.584211706886761E+00  0.179115519479747E-01  0.811403634354242E+00  0.614128345078458E-02  0.131038876672632E+00 -0.991358208438278E+00
-0.838898115925768E+00 -0.540916311467725E+00 -0.604937607059344E-01 -0.720042716264509E+00 -0.403096725802029E+00 -0.564846453828039E+00
 0.434793305808836E+00 -0.624703006697743E+00  0.648614627222223E+00 -0.559755321112852E+00  0.824915671478512E+00  0.786645754771749E-01
 0.328614237115664E+00  0.446744527886539E+00 -0.832124996601066E+00  0.796710255554462E+00  0.564100255108986E-01 -0.601723090562598E+00
 0.508199261340610E+00  0.340400227056345E+00  0.791113895841078E+00 -0.208327622394220E+00 -0.371120899276270E+00 -0.904913741672622E+00
-0.925068694774600E+00  0.351010874252827E+00  0.145049219592123E+00  0.642638891478088E+00 -0.505324364559509E+00 -0.575901503507625E+00
-0.516127078978118E+00  0.576459047018604E+00  0.633488599310136E+00  0.948778729412498E+00  0.103188435686397E+00 -0.298615253051482E+00
-0.863161364998903E+00 -0.118937797704254E+00  0.490720142495183E+00  0.796315763596323E+00 -0.564270883509694E+00 -0.217898083220561E+00
 0.745738003120964E+00  0.644944277334657E+00 -0.167097904937297E+00  0.490594751606365E+00  0.866524342281586E+00 -0.919366843526212E-01
 0.960156540075396E+00  0.269634483040038E+00 -0.734619908944458E-01 -0.965845803367646E+00 -0.567950464452329E-02 -0.259055259248097E+00
 0.627568838594614E+00 -0.502137070146982E+00  0.594992197939782E+00 -0.147077403722077E+00  0.546534366127629E+00 -0.824420053101478E+00
 0.123111464753083E+00 -0.523376456544392E+00  0.843161106776983E+00  0.160249514547505E+00  0.451608092306057E+00 -0.877707368119337E+00
 0.193647547381739E+00  0.802098728007026E+00  0.564923231884252E+00 -0.842361509429399E-02  0.123679121976100E+00 -0.992286509782313E+00
 0.937845062539058E+00  0.164802248040524E+00  0.305428973268583E+00  0.825547147384771E+00 -0.106899890911653E+00  0.554115800864714E+00
-0.560677527383356E+00 -0.194874934300054E+00 -0.804776037335131E+00 -0.666295617304416E+00 -0.312449227856070E+00 -0.677071362836351E+00
 0.155232706786138E+00 -0.798835546707946E+00 -0.581175168137513E+00 -0.569951751135262E+00 -0.815634138877183E+00 -0.994784040680385E-01
 0.666462347975312E+00  0.745336118477965E+00 -0.173784125695038E-01 -0.188711165588368E+00 -0.954759175874488E+00 -0.229832573987563E+00
 0.227915291199050E+00 -0.972838352040685E+00  0.404988992000510E-01 -0.217819494582710E+00 -0.975007999563608E+00  0.437500693337133E-01
 0.180179756977104E-01 -0.151570491198824E-01  0.999722769778569E+00  0.903914475375729E-02 -0.289113130931825E-02  0.999954966596933E+00
 0.876932275853636E+00 -0.712080448842744E-02  0.480561211199572E+00  0.532923514663374E+00 -0.689276903282826E+00  0.490805336278728E+00
-0.717771302902971E+00  0.690426044485122E+00  0.900901427771039E-01  0.913369259291882E+00 -0.259586231605374E+00 -0.313642446970305E+00
-0.460886574407740E+00  0.717429510957612E+00  0.522377700842811E+00  0.365606389775986E+00 -0.737262001303685E+00 -0.568134411199194E+00
-0.681156715519618E+00 -0.936350531909765E-01  0.726125337470363E+00  0.861763133296012E+00  0.475009994471701E+00 -0.178128625559831E+00
-0.166210260074383E+00  0.954751356751428E+00  0.246625214094815E+00  0.471395134645852E+00 -0.599819311767738E+00 -0.646531840099694E+00
-0.114842373542794E+00 -0.901653635246771E+00  0.416931590654079E+00 -0.719186858985020E+00 -0.279022988539401E+00 -0.636330443818149E+00
 0.761582667096592E+00 -0.467812928064535E+00  0.448489582391529E+00  0.715301221965766E+00 -0.582031637968863E+00  0.386760047390581E+00
 0.700284524172779E+00 -0.681515687614058E+00  0.212456943261553E+00 -0.747303672346330E+00  0.631433827713047E+00 -0.206950579891286E+00
 0.412496808528318E+00 -0.548549328424490E+00  0.727282625420814E+00  0.963384849579316E-01 -0.406167718712570E+00  0.908706047405781E+00
 0.326181722362656E+00  0.307711722995692E+00  0.893822677899567E+00  0.439870714283711E-01 -0.128381296285069E+00 -0.990748898718197E+00
 0.239134890026423E+00 -0.386650634269557E+00  0.890682766977671E+00  0.542424362218483E+00 -0.550175320298056E+00  0.634888122590747E+00
 0.297464262101263E-01  0.997000061322677E+00  0.714564752160690E-01  0.267924859390423E-01 -0.355285518766031E-01 -0.999009451756467E+00
-0.150572767478067E+00  0.707602972712325E+00  0.690380963456175E+00 -0.880342146681648E+00  0.150158171019100E+00  0.449944694881655E+00
-0.220551210751134E+00  0.885929024016418E+00  0.408028096877562E+00  0.776999890569581E+00 -0.629478671982571E+00 -0.526987418431002E-02
 0.540694353897735E+00 -0.515886112036789E+00 -0.664463042667293E+00 -0.248149358972069E+00  0.896180712162900E+00  0.367807051032124E+00
 0.706548053888183E+00 -0.604679375563136E+00  0.367631201498727E+00 -0.111030904620590E+00  0.594301973610577E+00 -0.796540835351023E+00
-0.258596258441163E+00  0.694374875429928E+00 -0.671544121776003E+00 -0.392929371356522E-01 -0.862626069978228E+00 -0.504313720302324E+00
-0.346548694383608E+00  0.653088284108223E+00 -0.673334757443573E+00  0.574058508440325E+00 -0.368423668087871E+00  0.731246080112535E+00
 0.703509384686901E+00  0.610061019279540E+00  0.364554657648297E+00 -0.637058233872421E+00 -0.632639922630585E+00 -0.440367499878590E+00
-0.401381605457141E+00  0.110236082046351E+00 -0.909252887273787E+00 -0.251028260704621E+00 -0.196317426352673E+00 -0.947863007210365E+00
-0.390002157562219E+00  0.726708703403580E+00  0.565502234738556E+00  0.360550532322569E+00 -0.869578312818917E+00 -0.337397201406469E+00
 0.351477655658128E+00  0.644119553846907E+00  0.679391976641709E+00  0.728388144210197E+00  0.540508230557557E+00  0.421071922684907E+00
-0.181512909009194E+00 -0.640745990641840E-01  0.981298889033196E+00 -0.209325591688949E+00 -0.187923877578217E+00  0.959618368363194E+00
-0.207605239920738E+00 -0.947658720022729E+00  0.242575791707118E+00 -0.550502620660877E+00 -0.806347561873661E+00  0.216218579465108E+00
 0.950323998946003E+00 -0.104396010797600E+00  0.293233302946350E+00  0.920899935851447E+00 -0.779908581721563E-01  0.381917182371221E+00
-0.425565379334451E+00  0.873858574796121E+00 -0.235085727272449E+00 -0.425446243736614E+00  0.192947696794945E+00 -0.884175706515358E+00
 0.892647943286852E+00 -0.393447028041720E+00 -0.219952461843216E+00 -0.642565093146478E+00  0.693294702396084E+00  0.326270680109603E+00
-0.479967701319724E+00  0.291260581047036E+00  0.827525395149903E+00  0.563864107929006E+00  0.702120354238044E-01 -0.822877595922427E+00
-0.995933521348725E+00 -0.197699690801616E-01  0.878952181662836E-01  0.893337551252008E+00  0.434504999618760E+00  0.114688381405299E+00
-0.825693729805504E+00 -0.942654943054151E-01  0.556186912056757E+00 -0.852883445583844E+00  0.133937384769300E+00  0.504629175940304E+00
-0.212988186488521E+00 -0.973014129503265E+00  0.887667516772710E-01  0.489496769292786E+00  0.861425150146333E+00 -0.135423866239643E+00
 0.733104741978242E+00  0.583655796982632E-01  0.677606741698679E+00 -0.834705176721941E+00 -0.376793849789238E+00 -0.401613822862956E+00
 0.351332402243017E+00 -0.415422214737462E+00  0.839041075655282E+00  0.323763289412378E+00 -0.144070032018012E+00 -0.935104891604790E+00
-0.294817918367918E+00 -0.103197428177365E-01  0.955497722612348E+00 -0.140326562480556E+00  0.292904976875146E+00  0.945788100149373E+00
-0.717520410652320E-01 -0.469056873859728E+00  0.880248427256710E+00  0.575249563600994E+00  0.816657726650950E+00 -0.464553234642537E-01
 0.562676863266373E-02 -0.505614408533019E+00  0.862741218070957E+00 -0.199812872661568E+00 -0.179400831707366E+00 -0.963270552597471E+00
-0.347725007562837E+00 -0.417817891391111E+00 -0.839354233175071E+00 -0.477572869770929E+00  0.676413996590344E-02 -0.878566104780557E+00
 0.335381337300412E-01  0.573513398543654E+00 -0.818509361752701E+00 -0.891234276966240E-01 -0.727925823029879E+00  0.679838959461635E+00
 0.819427980252181E-01 -0.245506893912778E+00  0.965925329874467E+00 -0.304904012774111E+00  0.195082760647331E-01 -0.952183265006914E+00
-0.422571753314941E+00  0.836834432133768E+00  0.348053510965901E+00  0.639564012728275E+00  0.475696142358923E+00  0.603879999476508E+00
-0.353584891937720E+00 -0.918460250158412E-01  0.930882394227209E+00 -0.763730906495693E-01 -0.827493112187958E+00  0.556257404720261E+00
-0.255227107207043E+00  0.131187899270279E-01  0.966792129207502E+00  0.296839299284905E+00 -0.101583035895370E+00 -0.949508987434204E+00
 0.978259854963604E+00  0.201389398169656E+00  0.494971359924222E-01 -0.890671635159564E+00 -0.444785308902373E+00  0.941810347512107E-01
-0.472658250272224E+00 -0.137447696224801E+00 -0.870460975145982E+00 -0.383471848104097E+00 -0.693863545524490E+00 -0.609510231172384E+00
 0.117539919288502E+00 -0.856055584297309E-02 -0.993031260463291E+00 -0.221539986216312E-01 -0.513416343918414E-01 -0.998435394466286E+00
-0.610975486034554E+00 -0.484252532642243E+00  0.626265470942167E+00  0.629736177541885E+00  0.394396513865133E+00 -0.669241164712666E+00
-0.747417802107212E+00 -0.521816377005085E+00  0.411186451360585E+00 -0.945559788818312E+00 -0.140417496222776E+00  0.293597705243751E+00
 0.750498972032762E+00  0.252650155738128E+00 -0.610671099515334E+00 -0.303196121380038E+00 -0.946935067705779E+00  0.106705620888278E+00
 0.100675308971387E+00 -0.353996852460939E+00 -0.929812191042505E+00  0.499899250818016E+00 -0.473320841536884E+00 -0.725305535618199E+00
-0.527916122269856E+00 -0.775840842173140E+00  0.345507677864951E+00 -0.215376133169733E+00 -0.942758364394018E+00  0.254597304828565E+00
-0.930639379812530E+00  0.230773445538378E+00  0.283996411203548E+00 -0.993649216571829E+00  0.733210987150622E-01 -0.853536811707963E-01
 0.981588512096034E+00  0.429968152312757E-01  0.186105525982065E+00  0.995425494839129E+00 -0.799575320125617E-01  0.522960543323793E-01
-0.933988271539504E+00  0.119616530222533E+00  0.336686492636951E+00 -0.664897592056334E+00 -0.312242689515378E+00  0.678539383471507E+00
 0.976609342451800E-01  0.487958404131464E+00  0.867386267910574E+00  0.180066139672979E+00  0.528875107220998E+00  0.829377662048629E+00
-0.667941219857822E+00  0.120186932695223E+00  0.734445115733067E+00  0.149721683783495E+00  0.241726958409265E-01 -0.988432647265770E+00
-0.238921664583468E+00 -0.966626182339682E+00 -0.924676257296404E-01  0.101182475780717E+00  0.946065181725496E+00  0.307770658967986E+00
-0.979916151780462E-01  0.277680365452269E+00 -0.955662732347083E+00  0.276256442650807E+00 -0.362367509178468E+00  0.890152889219439E+00
-0.169294376776248E+00  0.450097665531547E-01  0.984537218649845E+00 -0.446686013237289E-01 -0.321935254360572E+00 -0.945707358571126E+00
 0.647358872724516E+00 -0.388510695973955E+00  0.655733123319752E+00 -0.685766571539275E+00  0.500626814051816E+00 -0.528296320649308E+00
 0.862589303120571E+00  0.219294652348240E+00 -0.455905198032917E+00  0.749058531033934E+00  0.338817134954307E+00 -0.569310342560750E+00
-0.557970252793267E+00  0.829771098627996E+00  0.122115060294256E-01  0.262371466000231E+00  0.770485710968262E+00 -0.580958675830408E+00
 0.727383606461378E+00  0.640862663665851E+00  0.245373461014734E+00 -0.791182424480383E+00 -0.405464183632978E+00 -0.457852778722797E+00
 0.382183692317690E+00  0.204048107437895E+00 -0.901276869323423E+00 -0.236465107653317E+00  0.619863905496755E-01  0.969660734612436E+00
-0.366800687517391E+00  0.186530040217952E-01  0.930112531405600E+00  0.339329386463185E+00  0.123168489393965E+00 -0.932569080928017E+00
-0.425293130474227E+00 -0.118356131085969E+00  0.897283444294941E+00 -0.551717157990093E+00  0.173594745612003E+00  0.815765310536823E+00
 0.508475597987804E+00  0.111067364645318E-01  0.861004765756876E+00  0.838695257109432E-02 -0.694743191137263E-02  0.999940694349623E+00
-0.583399158656780E+00  0.665263976020020E+00  0.465906926208010E+00 -0.704831118829133E+00  0.498305451089402E+00  0.504880947694266E+00
-0.398817477639233E+00  0.684854757946120E+00  0.609851276991400E+00  0.179848118266466E+00 -0.718585815102161E+00 -0.671780530151012E+00
 0.576130957416330E+00  0.137404950922035E+00  0.805725138846155E+00 -0.659733036682546E+00  0.855654468884017E-01 -0.746612934932429E+00
 0.413524465864153E+00 -0.344368776032521E+00  0.842856845630164E+00  0.642076930314311E-01 -0.386857701334082E+00  0.919901348555426E+00
 0.939652317638048E-01 -0.142376866466941E+00  0.985342256840043E+00  0.717205530831444E-02  0.371941930178933E-01 -0.999282319281394E+00
 0.981021106081566E+00  0.187495847577395E+00 -0.494256670540155E-01  0.699194868579577E+00  0.590636584122342E+00 -0.402833664492282E+00
-0.660223485240462E+00  0.512650598433633E+00  0.548902826976302E+00  0.972084760992320E+00 -0.425401096752812E-01 -0.230741319479887E+00
 0.258260675131256E+00 -0.646446816634022E+00 -0.717919171595582E+00  0.444305610732226E+00 -0.580372800221533E+00 -0.682466070244434E+00
-0.694464172781281E+00  0.356973368218242E+00  0.624731564038616E+00 -0.377385369807808E+00 -0.587295472326939E+00 -0.716005803635209E+00
-0.692292250486709E+00  0.119657190472595E+00  0.711627428282702E+00 -0.550040512064063E+00 -0.356310753515560E+00  0.755313234371991E+00
 0.812606559464262E+00 -0.960900419215823E-01 -0.574836744962570E+00  0.733970481222616E+00 -0.309098388811247E+00 -0.604768979634483E+00
 0.508706384365670E-02  0.476547077075527E+00 -0.879134236116546E+00  0.195155680208236E+00 -0.245534437381339E+00  0.949540468090902E+00
 0.509475858578161E+00  0.819787892073995E+00  0.261499830850656E+00  0.221288272173976E-01 -0.189920509897875E-01  0.999574718070232E+00
 0.462952547321126E+00  0.725051963230481E+00  0.509877033748830E+00  0.733152226694533E+00  0.107473859586792E+00  0.671518564150215E+00
 0.340703476693295E-02 -0.266225265373452E-01  0.999639751708017E+00 -0.167446517392518E+00  0.358432972253424E+00  0.918415738222453E+00
 0.495461581023843E+00 -0.536833474889007E+00 -0.682881865309036E+00  0.644849260083054E+00 -0.764221514709868E+00  0.116149999953869E-01
 0.367488154798781E+00  0.603191173595424E+00  0.707893257616685E+00 -0.253570249872075E+00 -0.389564199238081E+00 -0.885404914743422E+00
-0.172658101796793E+00  0.516338286174033E+00  0.838799114278735E+00 -0.748027203273585E-02  0.534552325952207E-01 -0.998542229271505E+00
 0.143934541777991E+00 -0.957204417463095E+00  0.251082757019069E+00 -0.242089039446273E+00 -0.956360989899773E+00  0.163604871498095E+00
-0.266183966381466E+00 -0.268705302137848E+00  0.925712458944158E+00 -0.434780764629741E+00  0.358550550992747E+00  0.826079408465539E+00
 0.803410513099909E+00  0.572082776727812E+00 -0.165084354231216E+00  0.543631528463516E+00  0.385863870617290E+00 -0.745368254363348E+00
-0.249530102219288E+00 -0.585149002758450E+00 -0.771579790207872E+00 -0.718078106301608E+00 -0.628560148340473E+00 -0.298790851882214E+00
 0.915827826255517E+00 -0.364147913246779E+00 -0.169279915920677E+00 -0.945566295679558E+00  0.787215562862499E-01  0.315764622861253E+00
 0.356427212976788E+00  0.147450392130292E+00 -0.922614775358721E+00  0.157653023837655E-01 -0.462362936710951E-01  0.998806117516462E+00
-0.436844295730754E+00 -0.123759574250075E+00  0.890982956665806E+00 -0.294289315791011E-01 -0.663306231874362E-01  0.997363617951687E+00
-0.344262642538877E+00 -0.264337540913090E+00  0.900893388485103E+00  0.106115154809172E-01  0.559414448115274E-01  0.998377659251046E+00
-0.337710860339374E+00 -0.532840021223671E+00  0.775907782272609E+00  0.196662838939089E+00  0.141108396406526E-01  0.980369630284952E+00
 0.516435039372091E-01  0.998617039043406E+00 -0.984671687761686E-02 -0.388648210908891E+00  0.886820129078950E+00  0.250005253580224E+00
-0.608612286165083E+00  0.789243641970628E+00 -0.817652660843818E-01 -0.900649138981211E+00  0.487203170375083E-02  0.434519725397456E+00
 0.820599659917550E-01 -0.288197008636299E+00 -0.954048555470067E+00 -0.689339199071653E-01 -0.987107525324188E-02 -0.997572391638611E+00
-0.121480852764561E+00  0.261653551228695E+00  0.957486199138665E+00  0.398815758265611E+00 -0.213238397980339E+00 -0.891894263119684E+00
-0.239988227913512E+00 -0.420330277420973E+00  0.875058917071382E+00 -0.171138016397528E-01  0.719296780638227E-01 -0.997262873673271E+00
 0.289640355627134E+00 -0.543073625744707E+00 -0.788149415664749E+00 -0.294084213486782E+00 -0.132868610103023E+00  0.946499026849553E+00
-0.887398242131391E+00  0.103575855027279E-01 -0.460887275030101E+00  0.954047244104053E+00 -0.923852215053673E-02  0.299513782196973E+00
 0.211928622207327E+00  0.831687857398364E-01  0.973739807221552E+00 -0.173627755562064E-01  0.255716461711074E-01  0.999522198321320E+00
-0.731329826097343E+00 -0.145297825995514E+00  0.666367186483103E+00 -0.653822328062586E+00 -0.207858762345367E+00  0.727537695410397E+00
-0.660520828594220E+00 -0.349522055235942E-01  0.749993718855192E+00 -0.487787994400375E+00 -0.469090612475380E+00  0.736217949934890E+00
-0.474603281213694E+00 -0.243231758147268E+00 -0.845925550677945E+00 -0.180130136649269E+00 -0.273195538541672E+00 -0.944943030870984E+00
-0.460455606410891E+00  0.249329512369106E+00  0.851948020002724E+00  0.655470866728691E-01 -0.520546978507877E+00 -0.851313351589777E+00
 0.175449828501547E+00 -0.136156765339575E+00  0.975027534447639E+00  0.360007043708809E+00 -0.914673010071893E-01  0.928454986160613E+00
-0.164943497796298E+00 -0.791127614599726E+00  0.588991290217835E+00 -0.176428139726283E+00 -0.102063568848790E+00  0.979007732056582E+00
-0.881237573783293E-01 -0.788237142678819E+00  0.609029071791369E+00 -0.490413300910365E-02 -0.543931984324768E+00  0.839114977764042E+00
 0.690301790391361E+00 -0.120398027572399E+00  0.713433776281413E+00  0.583681473396908E+00  0.129191826447652E+00  0.801639201631466E+00
 0.877862356574577E-01 -0.379664734042982E+00  0.920949654733181E+00  0.868846631969341E-01 -0.251156268867908E+00  0.964039202475452E+00
-0.505509828421352E+00 -0.798076500583011E+00  0.327923333397594E+00  0.443087187463746E+00  0.462533201332299E+00 -0.767943215329599E+00
 0.544295620351417E+00  0.353022384007188E+00 -0.760997683344797E+00 -0.224523098039692E+00 -0.781591877855256E+00  0.581982400865657E+00
 0.298995971142672E+00 -0.869579582012826E-01 -0.950284022145966E+00  0.383680429699379E+00 -0.238401553050276E-01 -0.923158152680640E+00
-0.147880359427102E+00  0.944051723824026E+00 -0.294784229633467E+00 -0.300771252336889E-01  0.837998428363830E+00  0.544843097228392E+00
-0.136768405625564E+00  0.650408455953064E+00  0.747170157091002E+00  0.208812147393004E+00 -0.541417127136251E+00 -0.814410818656439E+00
-0.119199836773731E-01 -0.933456622217388E-01 -0.995562404540025E+00 -0.613318781671313E+00  0.560800641458204E+00 -0.556185861551049E+00
 0.680478093439668E+00 -0.178020323917094E+00  0.710815256322744E+00  0.348436304726671E+00  0.600948297099734E+00  0.719342259123814E+00
 0.105247972299065E+00  0.601273285728123E+00 -0.792081624705839E+00  0.358119175150044E+00  0.726254529649355E+00 -0.586775097080343E+00
 0.845589131739386E+00 -0.107112467396160E+00  0.522977953275793E+00 -0.735885457438107E+00 -0.283564733393144E+00 -0.614868795359452E+00
 0.597902465787017E-01 -0.559808430199366E+00 -0.826462127318475E+00 -0.162296481189864E+00 -0.749793010354230E+00 -0.641459502866183E+00
 0.795059349806600E-01  0.488831379452716E+00  0.868747770509488E+00 -0.193281217637721E+00 -0.786525065226663E+00 -0.586532772041488E+00
-0.455633779540583E+00  0.415879750100467E+00  0.787046308928475E+00  0.178119493212320E+00  0.159654325925122E+00 -0.970970618685849E+00
 0.382220949420036E+00 -0.341384384302243E+00  0.858698927435585E+00 -0.735978112600010E+00 -0.947559107824492E-01 -0.670341357179695E+00
-0.923682953397901E+00 -0.245623348437879E+00  0.294073073069086E+00  0.907566618088762E+00  0.392712487740322E+00  0.148659798545990E+00
-0.395659382842737E-01  0.400747281675259E+00 -0.915333902331590E+00  0.225650786381023E+00  0.308588283114170E+00 -0.924042744752793E+00
-0.586487464614918E+00 -0.327925582684476E+00  0.740606012715676E+00  0.190491083328999E+00 -0.253630038238554E+00 -0.948359083298755E+00
 0.159038366047985E-01  0.856349375679397E-01 -0.996199641361601E+00  0.371332646897618E+00 -0.704541553559501E-01  0.925823027009530E+00
-0.766281285148644E+00  0.277606595263055E+00  0.579437287631195E+00  0.621029354778424E+00 -0.750746317980375E+00 -0.225172170887976E+00
-0.276975420720039E+00 -0.841637812402556E+00  0.463605876851446E+00 -0.122121578677431E-01  0.952980639784132E+00 -0.302785011843122E+00
-0.796412318031502E+00 -0.215118020235465E+00  0.565200545875236E+00 -0.595233388088928E+00 -0.718594754904921E+00  0.359609221137767E+00
 0.875356012513088E+00  0.532236340309290E-01  0.480540420919747E+00 -0.814500802178502E+00 -0.235416200640572E+00 -0.530252445281052E+00
 0.181227146343076E-01 -0.725598789085389E+00 -0.687879324076615E+00 -0.146435050753929E-01 -0.996894447597042E+00 -0.773758884232958E-01
 0.602550422835404E+00 -0.709411179795186E+00 -0.365607393145268E+00 -0.550488204648027E+00  0.335284340862621E+00  0.764556830664477E+00
 0.468493417096870E+00 -0.686240311641804E+00  0.556406463670812E+00 -0.248405259403600E+00 -0.843649898642894E+00  0.475972347537611E+00
-0.293447294181307E-01 -0.244498293704728E+00  0.969205587701007E+00  0.496394328185936E+00  0.589911988291115E-01  0.866090474145477E+00
 0.367020173160029E+00 -0.833915076909201E+00  0.412167243964273E+00 -0.749649772527725E+00 -0.637748359255101E+00  0.176924415546745E+00
 0.542707775834062E+00  0.816862044839086E+00  0.195460148753022E+00 -0.732845686433124E+00 -0.581998902838789E+00 -0.352440742495542E+00
-0.376213921182519E+00 -0.195645186243004E+00 -0.905641235042008E+00  0.336205118218861E+00  0.122590553782474E+00  0.933776030216426E+00
-0.835725270218712E+00  0.519287017017460E+00  0.178617654992356E+00 -0.837179103651999E+00  0.420820474929545E+00 -0.349344065769705E+00
-0.719902777417245E-01  0.985352295560950E+00  0.154590599790010E+00 -0.207344046495966E+00 -0.707078734611825E+00 -0.676053333282530E+00
-0.714585186134576E+00 -0.780778053334091E-01  0.695177580242151E+00 -0.455945898830686E+00 -0.133518479350771E-01  0.889907335342392E+00
-0.830523165747590E+00  0.470004333619573E+00 -0.298876559026335E+00  0.197726892904271E+00  0.749906619567860E+00 -0.631303522682020E+00
-0.391650152072319E+00 -0.557195397867299E-01  0.918425550204089E+00 -0.353160024467619E-03  0.384830533740710E+00 -0.922987180614573E+00
 0.585585149591682E-01  0.933660185245144E+00  0.353340570574312E+00  0.999446439674409E-01 -0.982839073303292E+00  0.155043297599566E+00
-0.718895071925534E+00  0.572681776760024E+00  0.393986621762927E+00  0.466763489246096E+00 -0.682109389773103E+00 -0.562901967921746E+00
-0.789109599099124E+00 -0.636845201389064E-01  0.610942159704416E+00  0.844278351171460E+00  0.944869753398001E-01 -0.527509504401899E+00
 0.424902094965562E+00 -0.135338967775574E+00  0.895065122488481E+00 -0.303328457059020E+00  0.592634930649837E-02 -0.952867632739244E+00
-0.393256243265783E+00 -0.671115282244259E+00  0.628453502711769E+00 -0.363365642995551E+00 -0.842694203362467E+00  0.397280617586269E+00
 0.840263596692412E+00  0.266516613259788E+00  0.472150381690055E+00 -0.936988048389307E+00 -0.715051242989877E-01 -0.341965516353016E+00
 0.669142572918811E+00 -0.312606218963011E-01  0.742476255934323E+00  0.193631438380604E+00  0.430924606689182E+00  0.881368736352971E+00
 0.146852468107869E+00  0.268379854232775E+00 -0.952053888418414E+00 -0.121832055106926E+00 -0.885124909947836E+00  0.449122304209286E+00
-0.915189081138455E+00 -0.985509373807869E-01 -0.390789788129524E+00  0.483681204799797E+00  0.559296013733827E+00  0.673231357814584E+00
 0.330418698391296E+00  0.853906142517143E+00 -0.402079324915985E+00  0.266504887651303E+00  0.668914623484599E+00 -0.693922453409906E+00
-0.619560511601410E+00  0.240096557768892E+00 -0.747327515492189E+00  0.138457359869164E+00  0.839608825626080E+00 -0.525249064186559E+00
-0.111289328748865E+00  0.172051127271364E+00  0.978781433677243E+00 -0.351509675140703E+00 -0.173633986878815E+00  0.919941404048674E+00
 0.272163631850978E+00  0.375627860346360E+00 -0.885906692620222E+00  0.124665625717682E+00  0.237986934222217E-01 -0.991913355064753E+00
-0.819463017168511E+00  0.216133888360838E+00 -0.530816828854460E+00 -0.617574667310744E+00 -0.304619642324145E+00 -0.725126474352119E+00
-0.916130024995903E+00  0.286919022610874E+00  0.279970090840123E+00 -0.990547054092383E+00  0.726223556930017E-01  0.116372363912143E+00
 0.984482491846998E-01  0.509087178872774E-02  0.995129150038777E+00  0.166836019264593E+00  0.290454582742388E+00  0.942232390676467E+00
-0.382540377865057E+00  0.766395513889273E-01 -0.920754711345950E+00 -0.112313050742695E+00  0.313002597326316E+00  0.943088093817247E+00
 0.738692702412048E+00 -0.810191958856482E-01  0.669155423874923E+00  0.658574482234640E+00  0.190308405945169E+00  0.728053818049178E+00
 0.811566168263130E+00 -0.441490575578858E+00  0.382683193001403E+00 -0.702314233324817E+00  0.974394814063949E-01  0.705166834963633E+00
 0.589471714149900E+00  0.481204606278057E+00  0.648818329822732E+00 -0.942630045316556E-01 -0.532192211800082E+00 -0.841359575732042E+00
 0.502951145573391E+00 -0.146113567873543E+00  0.851874973484770E+00 -0.142112136961477E+00 -0.613670702100587E-02  0.989831541907602E+00
 0.339876865214335E+00  0.673941843202261E+00  0.655961971819415E+00  0.498856261787506E+00  0.797278315216296E+00  0.339837782127386E+00
-0.466475077345457E-01 -0.692095354866070E+00  0.720297181581995E+00  0.401086043119908E+00  0.624851176447121E+00 -0.669844006696383E+00
-0.662224888201401E+00  0.513857275131458E+00  0.545352086491943E+00 -0.426430382865863E+00  0.817545554645053E+00  0.387009553692136E+00
-0.956521949443083E+00  0.285589561940237E+00 -0.591976548892649E-01 -0.645982659877698E+00  0.346959273025493E+00 -0.679945340449477E+00
 0.346797711482121E+00 -0.452349655446326E+00 -0.821651469011255E+00 -0.291154446724450E+00 -0.518329706084212E+00 -0.804091663893635E+00
 0.424802834429412E+00 -0.178513940037988E-01  0.905109871558618E+00  0.540388888915111E+00 -0.302270546732285E+00  0.785246690738176E+00
 0.881744948261355E+00  0.456230197185191E+00  0.119916026418252E+00 -0.927689632906813E+00 -0.368350373671330E+00 -0.609093360119324E-01
 0.198191965438060E+00  0.977412291051477E+00 -0.733836367135207E-01  0.266540768589809E+00  0.823110849614464E+00  0.501442467214843E+00
 0.236751288998287E+00  0.243892501602298E-03  0.971570258743081E+00  0.633946736207882E-02  0.555421723080548E-01 -0.998436216414883E+00
-0.569915364798795E-01 -0.384098599061410E+00  0.921531459565394E+00 -0.229856562329719E-01 -0.983723468828061E-01  0.994884184705088E+00
 0.482661438097014E-01  0.801866877820976E+00  0.595550073138591E+00 -0.334464227641492E+00 -0.936691627002897E+00 -0.103645918061669E+00
 0.493583702107561E-01  0.770534368766598E+00  0.635484490636552E+00  0.450466936747934E+00 -0.477454488436924E+00 -0.754398270390626E+00
 0.946695749044259E-01  0.534256675068511E+00  0.840004450424017E+00 -0.429232678626492E+00  0.951815203697323E-01 -0.898164676314557E+00
 0.516567717055447E-01  0.492368198854827E+00 -0.868852769284540E+00 -0.212436353290268E+00  0.256831794397242E+00 -0.942819296147159E+00
 0.351546095708743E+00  0.300639817411849E+00  0.886583917504998E+00  0.167542050765181E+00  0.404909521462058E-01  0.985033067475245E+00
-0.886128965528131E+00 -0.783436387697985E-01  0.456768793500991E+00 -0.991733769508883E+00  0.106599307960258E+00 -0.714193108206465E-01
-0.935042880445282E+00  0.291214272896057E+00  0.202210432446523E+00  0.692278362753321E+00 -0.265899856354293E+00 -0.670856120829458E+00
 0.179117496091917E+00  0.973313735961540E+00  0.143447878974743E+00 -0.253178630026867E+00 -0.953680712760264E+00 -0.162461316647359E+00
-0.320797140386779E+00 -0.933430439161418E+00  0.160613853594846E+00  0.370417173637318E+00  0.752269818352441E+00 -0.544868092175093E+00
-0.493366717088466E+00 -0.745878960459024E+00 -0.447497328275729E+00  0.539117579948355E+00  0.409833056634631E+00  0.735791479075522E+00
 0.841323151308704E+00  0.286461634768637E+00  0.458383122374365E+00  0.133624494357656E+00  0.149040802849209E+00  0.979760855307929E+00
-0.828239312026515E+00 -0.405135325013156E+00  0.387149855276132E+00 -0.963601378086490E+00  0.987354046293929E-01  0.248442556786247E+00
 0.603035810226642E+00 -0.796141359995947E+00 -0.500674194272216E-01  0.933004818046693E+00 -0.278468666424530E+00 -0.227941245327390E+00
 0.427445919688949E+00 -0.275623084991736E+00 -0.861000523089799E+00  0.526776647737871E+00 -0.999479488737045E-01 -0.844107084980330E+00
-0.383379461234644E+00  0.268092167059954E+00  0.883825083749342E+00 -0.276677280199477E+00  0.268793945233803E+00  0.922604735315762E+00
 0.543564142334833E+00  0.560238127580806E+00 -0.625037009762262E+00  0.901751972131753E+00  0.334072000212074E+00 -0.274297793339282E+00
-0.451102359651942E+00 -0.389628088990755E+00  0.802930017738696E+00 -0.163811826955573E+00 -0.344414212355578E+00  0.924415780737740E+00
-0.781138293603843E+00 -0.601875966341965E+00  0.166037006132976E+00 -0.719631859615659E+00 -0.656948700227669E+00 -0.224829695314664E+00
 0.673412496640376E+00 -0.317092527147634E+00  0.667808309768381E+00 -0.845034637664408E+00  0.159330773166739E+00 -0.510421557018776E+00
-0.173052688266115E+00  0.612517097369841E+00  0.771281772449923E+00 -0.518226802931643E-01 -0.693624114048587E+00 -0.718470596626992E+00
 0.705445418198644E+00 -0.188717724188495E+00 -0.683178148450063E+00  0.583799837455250E+00  0.949070923999388E-01 -0.806331441529730E+00
 0.602002329892786E-01 -0.539273771244910E+00 -0.839976030369516E+00 -0.356421178956878E+00  0.113762774295690E+00  0.927373697263157E+00
-0.705354670066507E-01 -0.716111917355698E+00  0.694412319674197E+00 -0.665091857589254E+00  0.590944127590084E-01  0.744419687642088E+00
 0.103209513129350E+00  0.319193495370540E+00 -0.942052710262403E+00 -0.167854510016879E+00 -0.273646564693799E+00  0.947070441465827E+00
 0.575076950045998E+00 -0.554860917554814E+00 -0.601178728579133E+00  0.688648424252699E+00 -0.655189385301762E+00 -0.310628744906477E+00
 0.942512547046283E+00 -0.318519212620438E+00 -0.101072300122161E+00  0.889553493456352E-01 -0.531278068714858E+00 -0.842514426894523E+00
-0.221296408256584E+00 -0.561702664164749E+00  0.797193838889237E+00  0.853211321164983E-01  0.216976067708802E+00 -0.972441098707775E+00
-0.982514638043389E+00  0.729484997802879E-01  0.171299452451765E+00 -0.927532937034188E+00  0.371135559402269E+00  0.440573179380918E-01
 0.216434033405847E+00  0.866984708422746E+00  0.448880635074407E+00 -0.427592129788169E+00 -0.875336025207835E+00  0.225725083933014E+00
-0.389862299557601E+00 -0.230550044791442E-01 -0.920584517658279E+00  0.627467034973061E-01  0.689559704754925E-01  0.995644477379353E+00
 0.803990458411328E+00  0.114809563041943E+00  0.583453603140525E+00 -0.685960711264116E+00  0.330237738777910E+00 -0.648383326812836E+00
-0.233864721761750E+00 -0.961956160930554E+00  0.141236101486301E+00  0.129861918555834E+00  0.907323539465407E+00  0.399874826465688E+00
 0.707728342018090E+00 -0.693949451882429E+00 -0.132494347563974E+00 -0.879480867029053E+00  0.459574553567514E+00  0.123711900167472E+00
 0.311245842034133E+00 -0.352022594817172E+00 -0.882726525348960E+00 -0.172872359851983E-02  0.109767089891141E+00  0.993955832767005E+00
-0.839469945746800E+00  0.218068864376365E+00  0.497731032363331E+00  0.599462210691945E+00 -0.511331626608717E+00 -0.615780013951419E+00
 0.483752910595963E+00 -0.873350576963968E+00 -0.569376080164811E-01 -0.568117377891754E+00  0.821666566800328E+00  0.458987792861638E-01
-0.574588130403686E-01 -0.759721714478444E+00  0.647704717717824E+00  0.344879750652426E+00  0.505289491146441E+00 -0.791037601967752E+00
 0.369216333499118E+00 -0.269833420052625E+00  0.889308284286260E+00 -0.248468900206841E-01  0.235915910185126E+00  0.971455771189725E+00
-0.926729878813928E+00  0.119189421653402E+00 -0.356322344906196E+00  0.702683104833398E+00 -0.687090694280064E+00  0.184777790915023E+00
 0.729990781470191E+00 -0.431079555882136E+00  0.530362023026724E+00 -0.374340843028256E+00 -0.157893388898296E-01 -0.927156745118276E+00
 0.507699427564553E+00  0.130054869013505E-01  0.861436096620686E+00  0.548737769374030E+00 -0.836230512929095E-01  0.831801686554480E+00
-0.305412145023253E+00 -0.259485754960730E-01  0.951866636195439E+00  0.223070229000996E+00  0.129683811543910E+00  0.966137558506493E+00
-0.250998604431077E-01 -0.353565536793667E+00  0.935072942714921E+00 -0.293495431375798E+00 -0.153228002251407E-01  0.955837665900855E+00
-0.129819756846066E+00  0.686266267173467E+00 -0.715671322097110E+00  0.263742300535149E+00  0.485274524462983E+00 -0.833635792667070E+00
-0.222479812412975E+00  0.936737384243501E+00 -0.270232873702166E+00  0.115686049848348E+00 -0.992225924175832E+00  0.458743203099625E-01
 0.660806886151792E+00  0.245783966576495E+00  0.709171700639766E+00 -0.482857343117521E+00 -0.244537732432573E+00 -0.840862701999693E+00
 0.310733112346627E+00 -0.582222584963850E+00 -0.751306724613450E+00  0.485812988275636E+00 -0.746962114964190E+00 -0.453908954781596E+00
 0.167761969882904E+00 -0.440624592652352E+00 -0.881876346100153E+00  0.147798251313805E+00 -0.465933558761964E+00 -0.872388443142155E+00
-0.580517996348107E+00  0.203718720656742E+00  0.788351151943066E+00 -0.771710653292803E+00  0.559379944265872E+00  0.302583452203694E+00
 0.441974293126593E+00  0.273056564027503E+00 -0.854458212586632E+00 -0.257428584592879E-01  0.245404008547716E+00 -0.969079035903191E+00
-0.142435468981119E+00  0.318525548715412E+00 -0.937151861755433E+00 -0.693268239656295E-01  0.160674515542801E+00  0.984569698667354E+00
-0.133576751904811E+00 -0.380036332035389E+00 -0.915275716756240E+00 -0.204019077605815E+00 -0.420818642239254E+00 -0.883904907960570E+00
-0.576566103570965E+00  0.504692444526232E+00  0.642539543258726E+00  0.545437183084696E+00 -0.109083807329375E+00 -0.831022865080835E+00
 0.302885835421794E+00  0.914624299694285E+00  0.267810681470288E+00 -0.308331126622298E+00 -0.765109247361767E-01 -0.948197234098391E+00
-0.532483155492327E+00  0.384506462329495E+00  0.754066621422664E+00  0.384038769676196E-01  0.122818860176529E+00 -0.991685771713396E+00
-0.412083555008865E+00  0.778186454804139E+00  0.473933524083939E+00  0.670346056410608E+00 -0.612419347327991E+00 -0.419021130342019E+00
-0.730156460981913E+00  0.679755302813220E+00 -0.693128471762376E-01 -0.844827698689580E+00  0.436667077217310E+00 -0.309173128200625E+00
 0.512655340963160E+00  0.473627598016099E-01 -0.857287157471708E+00 -0.663462351131171E+00  0.714615073892078E+00  0.221682215790349E+00
-0.357721819233451E+00  0.265053613518321E-01  0.933451962269039E+00  0.167176998296102E+00 -0.376133624208317E+00 -0.911359066439031E+00
 0.352179329533137E+00  0.789008679187818E+00  0.503423304998770E+00  0.702361498741879E+00 -0.680566060816784E+00 -0.208610071543507E+00
-0.174470004102728E-01  0.970813313118641E+00  0.239200989229333E+00  0.547325168661608E+00  0.170792347340479E-01 -0.836745755585556E+00
 0.667902581233394E+00 -0.536295434586507E+00  0.516036189451320E+00  0.830880573597318E+00  0.304163094059141E+00  0.465963823307091E+00
 0.106541327704314E+00 -0.979476569356735E+00 -0.171098204467971E+00 -0.554847416215767E+00  0.775190264804602E+00  0.302033769752420E+00
 0.898559845718045E+00 -0.437720161704448E+00  0.314843405615243E-01 -0.529784041697414E+00  0.848109652794381E+00  0.623586399370021E-02
-0.111272479300393E+00  0.895346912547265E+00 -0.431245106108375E+00  0.210074375908479E+00  0.675288255329437E+00 -0.707003910032178E+00
 0.157872432911377E+00  0.656843295769907E+00  0.737314844370279E+00  0.200984224642336E+00  0.476494586265739E+00  0.855896168179506E+00
-0.801190741523737E-01 -0.631023464058779E+00 -0.771615397568131E+00 -0.224790990187079E+00  0.599176441965844E+00  0.768411739970092E+00
 0.139860826521633E+00 -0.928722213182142E+00  0.343386080013081E+00 -0.171343149144330E+00 -0.948345841125786E+00 -0.266986312122418E+00
 0.717604221327130E+00  0.602679693663180E+00  0.349029179839651E+00 -0.178287898612869E+00 -0.193761339009373E+00  0.964712376158564E+00
 0.437817982211168E-01 -0.193768162743230E+00 -0.980069922633910E+00  0.283099207365069E+00 -0.136485561346265E+00  0.949329516202496E+00
 0.653399061656017E+00 -0.711938469102094E+00  0.257319417144532E+00 -0.626452322877337E+00  0.771578548823156E+00 -0.110562336071290E+00
-0.426286801438463E+00 -0.105517523781682E+00  0.898412831105137E+00 -0.225220061682122E-01 -0.383926034931519E-01  0.999008892470521E+00
-0.599943209939561E+00 -0.206791034542408E+00 -0.772855492883564E+00  0.627031975137855E+00  0.123351069992586E+00  0.769165402034182E+00
-0.400215160619759E+00  0.750723712642257E+00 -0.525587036071787E+00 -0.255069813017503E+00  0.852005073031259E+00 -0.457194429117652E+00
-0.644237219704430E+00  0.102410752084801E+00 -0.757938284166284E+00  0.514117636714580E+00 -0.381366610198447E+00  0.768272454435769E+00
-0.897896203778000E+00 -0.436165397007688E+00  0.595159952801168E-01  0.279778698135199E+00  0.799466781166983E+00 -0.531579482185191E+00
 0.131683057432180E+00  0.770674754379804E-02  0.991261912123940E+00  0.100647830242925E+00  0.723234020262338E+00  0.683229512098656E+00
 0.506552261677076E+00 -0.783771847523248E+00  0.359313925724892E+00 -0.321012122591184E+00  0.940155731179039E+00 -0.114273436461455E+00
 0.781732561944273E+00  0.398487004984964E+00  0.479689804409220E+00  0.668792811722503E+00  0.679593005563894E+00  0.301445719453672E+00
 0.970800652206863E+00  0.143182379716250E+00  0.192470516738334E+00 -0.925698003147908E+00  0.144998992040304E-02 -0.378260630382290E+00
 0.462124593696310E+00  0.760056746876931E+00 -0.456896707613304E+00  0.182002042806503E+00  0.907285399200463E+00 -0.379088987985562E+00
 0.133443529044804E+00  0.722614820292710E+00  0.678248218611301E+00  0.144036850137532E+00 -0.919406461128339E+00 -0.365985170516405E+00
 0.931084735946203E+00  0.259569367426604E+00  0.256329783641586E+00 -0.586321320273350E+00 -0.783018911233491E+00 -0.207626332731748E+00
 0.408928092228292E+00 -0.597192059303497E+00 -0.690028593386809E+00 -0.539088568137092E+00 -0.163590165376537E+00  0.826209279478255E+00
-0.139590980367701E+00  0.187465788138871E+00 -0.972301875179440E+00  0.149162650372523E+00  0.137174732863054E+00 -0.979251549091343E+00
-0.267796214980631E+00 -0.138431680140536E+00  0.953478818419956E+00 -0.996663087976710E-01  0.255033712166467E+00 -0.961781904877212E+00
 0.100894352703897E+00  0.578741860790529E+00 -0.809245443707394E+00  0.523140557523184E+00 -0.851993554884506E+00  0.207590825807539E-01
 0.193141642109165E+00 -0.302305307490881E+00  0.933438700261682E+00  0.404336005846396E-01 -0.256740453083408E+00  0.965634228729641E+00
-0.125620045727914E-01  0.932542198685774E-01  0.995563080129941E+00 -0.328923772693914E-01  0.368559336625949E+00 -0.929022124011806E+00
 0.182189430779783E+00  0.662973606436723E+00  0.726135668095449E+00 -0.170549216275368E+00  0.570396358336750E+00  0.803468082268382E+00
 0.153528499022359E+00 -0.919967823986147E-01 -0.983852423901188E+00  0.745036121440870E+00  0.221217836521712E+00 -0.629272474015031E+00
-0.266892919684147E+00 -0.625073683450802E+00  0.733519638237258E+00  0.217741731074381E+00  0.596860282430367E+00 -0.772234641676916E+00
 0.325647784289868E+00 -0.667000219045399E+00  0.670122547285562E+00 -0.177191589347373E+00 -0.823207116842508E+00  0.539382223886177E+00
-0.528608406675700E+00 -0.438635876130448E+00 -0.726754236701137E+00  0.628752769754205E+00  0.408276900080499E+00  0.661800519331221E+00
-0.196934641841332E+00  0.240625429494477E+00  0.950429455311347E+00  0.456411855842616E+00  0.415583774720538E-01 -0.888797569251958E+00
 0.557198152841912E+00  0.457361568543734E+00 -0.693073310760684E+00  0.955327563095352E+00  0.248928140542913E+00 -0.159323658118134E+00
-0.422262813878285E+00  0.885852415325291E+00 -0.192248834269393E+00 -0.635522548907901E-01  0.936333305937767E+00 -0.345312975559778E+00
-0.885463501067052E+00 -0.262911100148546E+00  0.383186823490526E+00  0.910509467927142E+00  0.390328649769934E+00 -0.136440661035531E+00
 0.762112752007207E+00 -0.261674858999842E+00 -0.592208089606529E+00 -0.122229241870628E+00  0.716230276407594E-01  0.989914215648660E+00
 0.478389992689877E-01  0.388335561256757E-01  0.998099887319689E+00  0.372012715370234E+00 -0.103911866882343E+00 -0.922393009255757E+00
 0.435627567167964E+00 -0.725961861959944E+00 -0.532172902075043E+00  0.344793841742463E+00 -0.390698548448132E+00 -0.853505624431964E+00
 0.173311616067663E+00  0.142114222083099E+00  0.974559711673806E+00 -0.133458700467727E-01  0.123736115132601E-01 -0.999834377029923E+00
 0.175295161500843E+00  0.733632291672159E+00 -0.656547992891799E+00  0.222418122553354E+00  0.932851627691187E+00 -0.283404339193572E+00
-0.118739465050450E+00 -0.770423563811032E+00  0.626377259935450E+00  0.115750138653621E-01  0.150693379186241E-01 -0.999819450755341E+00
-0.723315213644477E+00  0.636875825805097E+00  0.266841309050005E+00  0.713314907411394E+00 -0.697462452728096E+00 -0.687602348685883E-01
-0.775684468468799E+00 -0.234277996924765E+00  0.586026812981452E+00 -0.504188948311890E+00 -0.238867558443486E+00  0.829901074781445E+00
 0.108385482679244E+00  0.408345498879185E-02  0.994100554541512E+00  0.184597782300080E+00 -0.196284639538238E+00 -0.963014018096952E+00
-0.261414748369482E+00  0.914324936016594E+00 -0.309309296195849E+00 -0.391255507576507E+00  0.867413186725128E+00 -0.307430465774632E+00
 0.368101360945709E+00 -0.281142401814618E+00  0.886262003005784E+00  0.454925359641768E+00 -0.559614336435981E+00  0.692729898019513E+00
 0.313302376721562E+00 -0.873253023554475E+00 -0.373190002001109E+00 -0.436284061096542E+00  0.870501998388722E+00  0.227777279012527E+00
-0.567629274138982E+00 -0.157049627013767E-01 -0.823134473392410E+00 -0.471512354742755E+00 -0.227340324085816E+00 -0.852051921170006E+00
 0.702846513729016E+00 -0.477203662837863E+00 -0.527525774074684E+00  0.328381445198275E+00 -0.906387975803091E+00 -0.265756399300312E+00
 0.243147492183955E+00  0.804263255825206E+00  0.542254471972424E+00  0.280457733031508E+00  0.366587512739716E+00  0.887106000140985E+00
-0.896544486928062E+00 -0.438424327849615E+00  0.631830017371096E-01  0.961630458845541E+00  0.546724360945801E-01 -0.268845281438970E+00
-0.312404854256001E+00 -0.803102283708776E+00  0.507375530489040E+00  0.272334033146106E+00  0.313567253147419E+00 -0.909675630180318E+00
-0.469261437474150E+00  0.753001721483205E+00  0.461283113437967E+00 -0.320301940817008E+00 -0.883795438352038E+00 -0.341045876469702E+00
-0.194781105677365E+00 -0.923545979985103E+00  0.330337923533552E+00  0.296205880110771E+00  0.595322949419689E+00 -0.746895349083154E+00
-0.147515768514652E+00  0.301616184829551E+00  0.941948393006962E+00 -0.228104103265920E+00 -0.345075905809709E+00 -0.910434587053271E+00
 0.275914377105948E+00 -0.853976246975293E+00 -0.441130169120442E+00 -0.329171130001486E+00  0.373082809502398E+00  0.867441977556622E+00
-0.471753522890585E+00 -0.863851363167231E+00  0.176661925706814E+00 -0.127458874461885E+00  0.980807830593175E+00  0.147547398377673E+00
 0.348342321544774E+00  0.126951064950751E+00 -0.928730883587204E+00  0.139678101117949E+00 -0.427458528649568E-01 -0.989273885297157E+00
 0.594499057459141E+00 -0.798375180688021E+00 -0.957493683611680E-01 -0.615652852639610E+00  0.598408745401966E+00 -0.512716820928624E+00
 0.140107099237442E+00 -0.420617172468748E+00 -0.896354391391968E+00  0.141993432351545E+00 -0.469970156165055E+00 -0.871186499828378E+00
-0.685734045308798E+00 -0.705604904189219E+00 -0.178579221323629E+00 -0.803892499233011E+00 -0.518232496452048E+00 -0.291876565174357E+00
-0.159333907785509E+00  0.906315077657398E+00  0.391414979070377E+00  0.154190636237849E+00 -0.606855402280118E+00 -0.779712619123227E+00
 0.110632583918084E+00 -0.990814558209064E+00 -0.777620898419319E-01 -0.186066273744611E+00  0.916557235678409E+00  0.353980473332003E+00
 0.584303015652306E+00  0.526109022129141E-01 -0.809828425574186E+00 -0.853802258948290E+00  0.879250264381217E-01  0.513118789697526E+00
-0.891179068409053E+00 -0.378537162671903E+00  0.250018968292161E+00 -0.805057609684217E+00 -0.447486679873491E+00  0.389407134533171E+00
 0.648937609633352E+00  0.405050379858030E-01  0.759762673932538E+00  0.490947056590734E+00 -0.391853279613001E+00  0.778088680602301E+00
-0.164001674391936E+00 -0.514066044745080E+00 -0.841926096778566E+00 -0.341995076130003E+00 -0.416156258730458E+00 -0.842527943882161E+00
-0.275449553939484E+00  0.307520825787442E+00  0.910801012813199E+00  0.132357890900069E+00  0.163391087286350E+00 -0.977642440420765E+00
 0.624993198435248E+00 -0.738678636349200E+00  0.252462619234939E+00 -0.721000284237526E+00  0.688208882851669E+00 -0.807906163701196E-01
-0.591883165906514E+00  0.142632000393226E+00  0.793303491975366E+00 -0.357652409305114E+00  0.358077956656577E+00  0.862476046667325E+00
-0.577183975736554E+00 -0.699512879156066E+00  0.421355420100106E+00 -0.653200642027437E+00 -0.641987550887698E+00  0.401473418497612E+00
-0.447119475578160E+00  0.718439266525312E-02 -0.894445391883005E+00  0.267723140231636E+00 -0.352806668257303E+00  0.896577813141555E+00
 0.542493389223186E+00  0.820905430713498E+00  0.178368148709986E+00  0.873160411070039E+00  0.385658724737988E+00  0.298091000490571E+00
 0.314833277453513E+00  0.111660130238138E+00  0.942556111180168E+00  0.139835298963695E+00  0.563035363749931E+00  0.814516585669511E+00
-0.196028429533258E+00 -0.291107161555144E+00  0.936391731758686E+00 -0.164714207259564E+00  0.207499579290830E+00  0.964268196364985E+00
-0.608336174199989E+00 -0.423062595197601E+00  0.671524489281211E+00  0.596018396834145E+00  0.504138036674379E+00 -0.624985528323143E+00
 0.779207122505444E+00  0.118858523220087E+00 -0.615393298383015E+00  0.774547223111620E+00  0.360511248791805E+00 -0.519719384538091E+00
 0.691725101057790E+00  0.720020454041620E+00  0.555601505423636E-01  0.796780906287612E+00 -0.572695769929217E+00  0.192768624212219E+00
 0.215829740269288E+00 -0.944701192749039E+00  0.246895078188761E+00 -0.227888110720687E-02  0.767022497981704E+00 -0.641616158065557E+00
 0.111429596663395E+00 -0.206919488914170E+00 -0.971991651247546E+00 -0.835403156606793E-01 -0.613866319610196E-01 -0.994611832362654E+00
-0.242305429845154E+00  0.590585528789861E+00 -0.769738144989291E+00 -0.896998881532579E+00  0.441801860924597E+00 -0.142871345225293E-01
 0.762979698096223E+00 -0.417416743294122E+00  0.493584078664137E+00  0.578095137237985E+00 -0.332905671246710E+00  0.744969681499571E+00
-0.652218239161245E+00 -0.426798185668351E+00  0.626462031743034E+00 -0.599233893594810E+00 -0.651059415411985E+00  0.465875925940168E+00
 0.561014054136886E+00  0.765087972185269E+00 -0.316075348419216E+00 -0.872962731915426E+00 -0.486296943367264E+00  0.380966082271309E-01
-0.582725790535444E+00  0.793784340776094E+00 -0.174175409812936E+00 -0.430169364153722E+00  0.502100025984461E+00 -0.750233218439430E+00
 0.815648891780930E+00 -0.576683946487714E+00 -0.463951635399252E-01 -0.602737064387553E+00  0.792838480319662E+00 -0.900842679821715E-01
 0.350562197186488E+00  0.676262317657659E+00  0.647900782234497E+00 -0.214209350955527E+00  0.836880268660513E+00  0.503731843235982E+00
-0.284869697093477E+00  0.182400861714280E+00  0.941052167163839E+00  0.588021615319985E-01 -0.461561512559141E+00 -0.885157204073538E+00
 0.508736883252905E+00 -0.422761288792427E-01  0.859883429625845E+00  0.132772708987811E+00  0.410777312062840E+00  0.902016301206617E+00
 0.233850615146927E+00  0.529861579656760E+00  0.815205861239384E+00  0.325980506270667E+00  0.942974899439751E+00  0.673427691598081E-01
 0.340916274493920E+00 -0.674359871148851E-01  0.937671841012103E+00  0.685688076410000E-01  0.411477341589913E+00  0.908837012877881E+00
-0.785044002298522E+00  0.591097573747897E+00 -0.185228434006410E+00  0.842612805484833E+00 -0.278597493665467E-01  0.537798748974198E+00
 0.922136562727193E+00  0.363540085752946E+00  0.132298018626198E+00  0.844961611693551E+00  0.426787359860893E+00 -0.322323477623342E+00
 0.496727247233793E+00  0.838805855641453E+00 -0.222860446013078E+00 -0.837564597098460E+00 -0.124939339546139E+00  0.531860608732278E+00
-0.485695402557832E+00 -0.757150484713300E+00  0.436833056707709E+00 -0.147381306976720E+00  0.485564454774010E+00 -0.861687826659895E+00
-0.181502207049186E-01 -0.159898411425129E+00  0.986966598985033E+00  0.789322101234096E-01  0.317798189266732E-01 -0.996373298173943E+00
 0.400733091263351E+00  0.772534636602562E+00 -0.492547687859628E+00  0.885504494515085E-01 -0.771881679243816E+00  0.629569290189477E+00
-0.600688511973964E+00 -0.267888332359964E+00  0.753265658959641E+00  0.142859964501517E+00  0.552486723271858E+00 -0.821187829397727E+00
 0.755825996059089E+00  0.372252392477910E+00  0.538660579563567E+00  0.698407449904959E+00  0.475988748727489E-01  0.714115803653791E+00
-0.272957039901025E-01 -0.705205900539956E+00  0.708476945558085E+00 -0.709070564198036E-02  0.604632962168920E+00 -0.796472663028893E+00
-0.219838262105962E+00 -0.765760302557913E+00 -0.604385884630543E+00 -0.136440783928474E+00  0.969500220208607E+00 -0.203600676561855E+00
 0.640565664275013E+00  0.219705830482486E+00  0.735802268142680E+00 -0.981245602851903E+00  0.143460622177416E+00 -0.128748268991368E+00
 0.602613380515438E+00 -0.197228852027738E+00 -0.773277371679513E+00  0.473143791578880E+00  0.782022750391289E+00  0.405678900561521E+00
-0.895486273311789E+00 -0.443848904778034E-01  0.442870540685917E+00  0.851196888302264E+00  0.143105325299931E+00 -0.504960120420756E+00
-0.972830736128911E+00  0.217238376819461E+00  0.800490254764385E-01 -0.967743290036737E+00 -0.215231846760193E+00  0.130951047071299E+00
-0.707233438021427E+00 -0.704469712994826E+00 -0.595255207232980E-01 -0.131861548692324E+00 -0.203520784004779E+00  0.970150412283859E+00
-0.379648608825090E+00 -0.921360696031607E+00 -0.834350143844074E-01 -0.225536387295303E+00 -0.759591041143841E+00 -0.610044906723921E+00
 0.845045710006218E+00  0.138518984121633E+00  0.516439966538220E+00 -0.645743766229013E+00 -0.514298783432417E+00 -0.564368452109352E+00
 0.478400198906603E+00  0.825127267504683E-01  0.874256769839574E+00  0.250187105502749E+00  0.291493686254036E+00  0.923275605176585E+00
 0.886982710336445E+00  0.189683722674948E-01  0.461412908811333E+00  0.372085275418819E+00  0.574362360757248E+00  0.729150482659007E+00
-0.786264350614831E+00 -0.539773997103384E+00  0.300719808132545E+00  0.304396027158542E+00 -0.941216280463524E+00  0.146475158441647E+00
-0.171347799637999E+00 -0.444485744453130E+00  0.879245332394300E+00  0.301772379724836E+00  0.638478467265844E+00 -0.708010365512446E+00
 0.805453777361908E+00  0.418632376617319E+00  0.419512986427321E+00  0.651323731674714E+00  0.296844301092342E+00  0.698327185111910E+00
-0.750661696865101E+00  0.263879286591645E+00 -0.605701856499955E+00  0.529543604610477E+00 -0.289845256171602E+00  0.797228510711303E+00
-0.267086330222887E+00  0.297632197870894E+00 -0.916558763527256E+00 -0.147193989672024E+00  0.413077124295525E+00 -0.898721991935310E+00
 0.505941117323699E+00 -0.781860800897392E+00 -0.364303820761374E+00 -0.511476177158309E+00  0.651906485816430E+00  0.559830379624039E+00
-0.603962185474354E+00  0.717828164406617E+00  0.346341457093530E+00  0.723530592863904E+00 -0.644651597512735E+00  0.246835570804301E+00
 0.289142288304347E+00  0.733549443446073E+00 -0.615062558715845E+00  0.642471064491064E+00  0.492040609221407E+00 -0.587475080466181E+00
-0.520436245232810E+00  0.361171641206020E+00  0.773757817560847E+00  0.501651152927498E+00 -0.120123661740460E+00 -0.856689224081041E+00
-0.925628004409714E+00  0.193055019063517E+00  0.325488182683913E+00  0.561849949154518E+00  0.743666557272609E+00  0.362332287036872E+00
 0.329715592306831E+00 -0.326166691307636E-01  0.943516709488799E+00  0.251208293692307E+00  0.335211532252315E-01 -0.967352430847543E+00
-0.194369072507110E+00  0.236680587122644E+00  0.951946933044068E+00  0.560736700737974E+00 -0.246357086477176E+00 -0.790495122304982E+00
 0.422571897671209E+00 -0.187916419301341E+00 -0.886634316195530E+00  0.800994275452282E+00 -0.109799015468840E+00 -0.588517074429236E+00
-0.234975449574767E+00  0.342982638274846E+00  0.909477568683892E+00 -0.109783321682487E+00 -0.597864465100883E+00 -0.794043892772934E+00
 0.208771557900968E+00  0.492324067119022E+00  0.845003816291375E+00  0.166604075731004E+00  0.421957498067987E+00  0.891176162031965E+00
-0.605806752540070E+00  0.775131148500311E+00  0.179359642064325E+00  0.816329227163162E+00 -0.525304680077930E+00 -0.240128269821398E+00
 0.600547769103540E+00 -0.571641403535459E+00 -0.559078243887894E+00 -0.602454344373846E+00  0.333948085460587E+00  0.724932713541255E+00
-0.626326712671011E+00  0.741268914023177E+00  0.241319800467399E+00  0.430293457101548E+00 -0.864606385548377E+00 -0.259428870491642E+00
-0.949253095946897E+00 -0.267686868044063E+00 -0.165112993165258E+00  0.854764597773927E+00  0.170956322296169E+00  0.490052464802846E+00
 0.325936951775247E+00  0.944313135396279E+00  0.451420622646784E-01 -0.354998463571596E+00 -0.933762199429498E+00  0.454339716334859E-01
-0.326186265238063E+00  0.186934794171008E+00 -0.926637956862489E+00  0.232548656438963E+00  0.292653269375234E+00 -0.927510208198497E+00
-0.421570206752254E+00  0.675424055221549E+00  0.605046201877955E+00  0.467734712609967E+00 -0.604703180988602E+00 -0.644638116715058E+00
-0.105464606357233E+00  0.935655521341880E-02  0.994379038234642E+00  0.120564932520321E+00  0.330476381962908E-01  0.992155204923110E+00
-0.762162426084831E+00  0.104129980139953E-01  0.647302097738641E+00 -0.326809010231775E+00  0.124066524740747E+00  0.936911611770332E+00
 0.587616909391965E+00 -0.143601401209391E-01  0.809011838091596E+00 -0.105312005292365E+00 -0.717402904072683E+00 -0.688652637234028E+00
-0.983695720666558E+00  0.112013992534968E+00 -0.140696818082988E+00 -0.938728828783255E+00  0.130444547284045E+00  0.319017877391031E+00
-0.972638045762976E+00  0.180897468250915E+00  0.145778386308771E+00 -0.387102121329939E+00  0.860985826898252E+00  0.329932346917053E+00
 0.121848782249390E+00  0.605093572135417E+00  0.786774836420651E+00 -0.102436211762010E+00  0.269802975249646E+00  0.957451396712276E+00
-0.468483627189316E+00 -0.412712990517864E+00 -0.781147283496105E+00  0.276236902159565E+00  0.902149447940490E-01  0.956846088783924E+00
 0.808353547001431E-01  0.629347477227844E+00  0.772908402294509E+00 -0.510670931425698E+00 -0.481273993700904E+00  0.712453888180837E+00
-0.479872945343193E+00 -0.766342629668582E+00  0.427131045793083E+00 -0.278717418224110E-01 -0.840131299701783E+00  0.541666470504846E+00
-0.930762212280312E+00  0.341378521760859E+00  0.130929023029387E+00  0.841269826872980E+00 -0.258104380984246E+00  0.475023375119420E+00
-0.740195544029184E+00 -0.286217147227095E-01 -0.671782222186381E+00  0.479706284167553E+00 -0.126789603018418E+00  0.868220178005897E+00
-0.720913065712606E+00 -0.665656737992458E+00 -0.192835315360263E+00 -0.272244171211602E-01  0.940854763743272E+00  0.337714590525795E+00
 0.729223988585370E+00 -0.458068594119643E+00  0.508336047858990E+00  0.363201479370552E+00 -0.278386737190538E+00  0.889148755799303E+00
-0.514162382418397E+00 -0.525217754721594E+00  0.678073266418198E+00 -0.331509132221575E+00 -0.355276953893907E+00  0.874002277620353E+00
-0.230837721747557E+00  0.971690204291448E+00 -0.503199076155879E-01 -0.306571469879607E-01  0.961264404139928E+00 -0.273917660387329E+00
 0.133132886008511E+00  0.564852780793826E+00  0.814381342303792E+00 -0.226669587047673E-01 -0.323338146704854E-02 -0.999737842750471E+00
 0.529394941657943E+00 -0.231440607927699E+00 -0.816196202361320E+00 -0.267272845458360E+00  0.105547738207662E+00  0.957823000893087E+00
 0.696876533285860E-01  0.351885098376632E+00  0.933445503772996E+00  0.804957811240215E-01  0.254938729017227E-01 -0.996428869345777E+00
 0.600934019939942E+00 -0.542113223960051E-01  0.797458109371833E+00 -0.685689649902066E-01  0.102451559945010E-01 -0.997593771942678E+00
-0.458755565161761E+00 -0.875180170628028E+00 -0.153632680028073E+00 -0.484270301783806E+00  0.815624949561053E+00 -0.316604195271874E+00
 0.285440330946429E+00  0.414234766992040E+00  0.864253073633090E+00  0.888603176778553E-01 -0.315361533925052E+00  0.944802067558401E+00
 0.622086255484415E-01 -0.646890049051472E+00 -0.760041677374049E+00  0.149336004267402E+00 -0.413942117230035E+00 -0.897970312099772E+00
 0.637507391108696E-01 -0.725727533606949E-01 -0.995323584937314E+00 -0.580504441080330E-01 -0.299506100705223E-01  0.997864272782258E+00
-0.416561427524841E+00  0.699129641080914E+00  0.581114723665250E+00 -0.149271212881090E+00  0.875870261685443E+00  0.458878404046302E+00
-0.809536707033952E+00 -0.517146442760656E+00  0.277866652739448E+00  0.722554117875332E+00  0.655971573579068E+00 -0.218212835089051E+00
-0.621926479731073E+00  0.572437142560825E+00  0.534343683059988E+00  0.877736268734883E-01 -0.201508135320569E+00  0.975546135159738E+00
 0.286986027224768E+00  0.379879517825778E+00  0.879392160594009E+00 -0.145480032559519E+00  0.158150249486152E+00  0.976639165052247E+00
-0.415282514907172E+00 -0.253189746473490E+00  0.873747895615815E+00  0.134175014773613E+00 -0.123620363985312E+00 -0.983216695860399E+00
-0.543223045393033E+00 -0.460919038306983E+00 -0.701756626673439E+00  0.869903326639707E+00  0.464804893649141E+00  0.164998827695779E+00
-0.256124933233354E+00  0.687774062940581E+00 -0.679239911167192E+00 -0.343273783400493E+00 -0.241179173660746E+00  0.907742097636896E+00
 0.395601730091158E+00 -0.675081262734646E+00  0.622707443229546E+00 -0.113055501592363E+00  0.936233997412017E+00 -0.332692584302106E+00
-0.315460076180904E+00 -0.886227652220469E+00 -0.339242522063102E+00 -0.628495046044458E-01 -0.231211919725517E+00  0.970871251993701E+00
-0.645360033347322E+00 -0.919916254071197E-01  0.758319173048460E+00  0.831931935733289E-01 -0.113721850774958E+00 -0.990023349825341E+00
 0.291177233528838E-02  0.664808682372638E+00  0.747007990200790E+00  0.271400684333340E+00  0.109118328166231E+00  0.956260873925940E+00
 0.868848750790691E+00 -0.113595396440656E+00  0.481869208558656E+00 -0.707062367568835E+00  0.126571466599445E+00 -0.695731609322747E+00
 0.190038813742102E+00 -0.874913945199114E+00 -0.445433314613554E+00  0.183294336024216E+00  0.971227062610919E+00  0.152056500135996E+00
 0.291713363287733E+00 -0.920458571877598E+00 -0.260114073314790E+00  0.586845492746204E-01  0.778524607069785E+00  0.624864433187929E+00
 0.562565483194237E+00  0.710031026582622E+00 -0.423528060945745E+00  0.748089473453840E+00  0.441282031688484E+00 -0.495613063000200E+00
-0.722385066780708E+00  0.371038542078475E+00  0.583515394470884E+00  0.290689428687381E+00 -0.372780720940574E+00 -0.881211773720954E+00
 0.884543895439802E-01  0.121988248509708E+00  0.988582160569335E+00  0.407656574929119E-01 -0.295451302695621E-01  0.998731819081842E+00
-0.888907193351136E+00 -0.391273921519445E+00 -0.238219898302810E+00  0.220157452304184E+00  0.162144432924656E+00 -0.961893902188008E+00
-0.934209867925943E+00 -0.275588442487879E+00  0.226501507802701E+00  0.843777417186084E+00  0.866699534767215E-01 -0.529648930340772E+00
 0.131863682213596E+00  0.510081645320987E+00 -0.849958048623405E+00  0.185737432417331E+00  0.234047030924590E+00 -0.954318392107373E+00
 0.354726011571695E-01 -0.696897107296078E+00 -0.716293317300603E+00  0.511321666172538E+00  0.566530040208019E+00  0.646215031738228E+00
 0.170806658923909E+00 -0.744512538670864E+00  0.645388383091234E+00 -0.626745298115615E-01  0.653041338343116E+00 -0.754724395874370E+00
-0.285179818255244E+00  0.816158188005139E-01  0.954992842581256E+00 -0.135378164387385E+00  0.230133510774594E+00 -0.963696694933454E+00
-0.103195389578819E+00 -0.207588436389708E+00 -0.972757807805700E+00  0.304080886509203E+00 -0.173270539833307E+00  0.936756176646651E+00
 0.718256887996064E+00 -0.492399834585324E-03 -0.695777838385654E+00  0.697221956616814E+00 -0.332624280720585E+00 -0.635013882593550E+00
 0.206580819897725E+00  0.343001846203953E+00  0.916337327817144E+00  0.359790103989015E+00 -0.395101905448326E+00  0.845248818622467E+00
-0.692529609927736E-01  0.314584749372181E+00  0.946699774403784E+00  0.181758647676695E+00 -0.910125931726335E-01 -0.979122312011493E+00
-0.300095145075724E-01 -0.860364397998846E+00  0.508795176564307E+00 -0.343508849947712E+00 -0.704291457202103E+00  0.621269034573379E+00
-0.383474627130062E+00  0.379753095951986E-01  0.922770332319266E+00  0.138479785221948E+00 -0.303597781602545E+00 -0.942683263928504E+00
 0.919268027957150E+00 -0.374581470510986E+00  0.120975264932963E+00  0.907298087137040E+00 -0.420050459535490E+00  0.191779175483800E-01
 0.695860889506276E+00 -0.717928975146741E-01 -0.714579178483380E+00 -0.499086116919456E+00  0.610311139436252E+00  0.615169375845614E+00
 0.544307143721634E+00  0.836319796991869E+00  0.655662295170018E-01  0.919416974258350E+00  0.363120615970327E+00  0.151049149957723E+00
-0.279364551192439E+00 -0.180531346991144E+00 -0.943060910169969E+00  0.994789759815878E-01  0.400319170857052E+00 -0.910960204828936E+00
-0.158394937527902E+00 -0.251251243982055E+00 -0.954873738335599E+00 -0.155672251559451E+00  0.631443607378168E+00  0.759634860176689E+00
 0.638178122349751E+00  0.115871469080881E+00 -0.761119232976795E+00  0.533414671599885E+00  0.155822701730171E+00 -0.831377215075983E+00
-0.388241672978018E-01 -0.841452873060509E+00 -0.538933898035602E+00  0.129984044606190E+00  0.889006261574060E+00  0.439058099834098E+00
-0.484937833133484E-01 -0.440678317768021E+00  0.896354267702846E+00  0.652123726960917E+00 -0.703153124975393E+00  0.283390768325193E+00
 0.630298548564789E+00 -0.120997254852270E+00  0.766865962209391E+00  0.671097769445976E+00  0.449202398893033E-01  0.740006726924102E+00
 0.295703097092693E-01  0.320859406435365E+00  0.946665114011097E+00 -0.190572626465053E-01 -0.329865869126470E+00 -0.943835435404849E+00
-0.342071642467237E+00  0.375978965043897E+00 -0.861177571273362E+00  0.365375560865712E+00  0.596733856576704E+00 -0.714429425441842E+00
 0.348600281686228E+00 -0.480377438756135E+00  0.804807654003351E+00  0.395077660523404E+00 -0.389458360481033E+00  0.832007107906404E+00
 0.853393931730815E+00  0.397995780401441E-01  0.519744928664867E+00 -0.480143205009209E+00 -0.328732814151567E-01 -0.876573927317305E+00
-0.376588490985451E+00  0.494719681696286E+00  0.783219985061430E+00  0.253673055762961E+00  0.426396468477652E+00  0.868237313440092E+00
-0.465780517713842E+00 -0.852614444913864E+00 -0.236848300906820E+00 -0.459582772068587E+00  0.652951962367964E+00  0.602027748909947E+00
-0.339947052519209E+00  0.487948353071579E+00  0.803954231420070E+00  0.609838424989714E-01 -0.169498825641916E+00 -0.983641763580661E+00
 0.848732306398987E+00  0.491273454912840E+00  0.195713731180665E+00  0.926970313909398E+00  0.340095780217456E+00  0.158306340394164E+00
 0.839693329203998E+00 -0.531147628282812E+00  0.113125195512984E+00  0.729130680890178E+00 -0.266021013981888E+00  0.630556318107014E+00
 0.335182612143992E+00  0.489513503408575E-02  0.942140464139678E+00 -0.358311389672388E-01 -0.168626992355852E+00  0.985028459959066E+00
 0.750420464106539E+00 -0.371232632129599E+00 -0.546859634542775E+00  0.353433835717759E+00  0.127220816257676E+00  0.926768249175900E+00
 0.768602858445871E+00 -0.635036285666453E+00  0.773211605952184E-01 -0.894244031001253E+00  0.441232979699245E+00  0.751070612150091E-01
 0.475799401419936E+00  0.759148599171308E+00  0.444194027407698E+00 -0.463251473559299E+00 -0.605974759596121E+00 -0.646678175739341E+00
 0.737407618453060E+00  0.465393557136087E+00 -0.489529203647347E+00 -0.845514858273482E+00 -0.333296850741242E+00  0.417154448285936E+00
-0.564222545940646E+00 -0.759362364779050E+00  0.324070544186638E+00  0.830272127542971E-01 -0.110155161595765E+00  0.990440468840033E+00
 0.552406554430010E+00 -0.324787445406450E-02 -0.833568503444255E+00 -0.830820036745342E+00  0.124473679429661E+00  0.542442964441157E+00
 0.681596379681409E+00 -0.717243925774611E-02  0.731693194802501E+00 -0.463243197840121E+00  0.219585322117546E-01 -0.885959120116704E+00
-0.798344127669268E+00  0.422855783524321E+00  0.428765250639588E+00 -0.868395780231500E+00  0.281637878004656E+00  0.408128502495425E+00
-0.595548038247749E+00  0.581727145545041E+00  0.554000056205119E+00 -0.669680105669258E+00  0.735513517446327E+00  0.102705509708791E+00
 0.635812997764672E+00  0.771581027807661E+00 -0.201134134540630E-01 -0.735080945532199E+00 -0.677825977288046E+00 -0.144204032188438E-01
-0.314030851773470E+00 -0.494206612270100E+00  0.810644464930798E+00 -0.147123341955079E+00  0.801236241319596E+00 -0.579978627061390E+00
 0.981670813654693E+00 -0.160505693275041E+00 -0.102763495682226E+00  0.896221498403405E+00 -0.392304840237159E-01 -0.441868753050972E+00
 0.819727959822597E+00  0.218553947079226E+00 -0.529415001771931E+00 -0.681771205123875E+00 -0.455548568243106E+00  0.572419012468660E+00
 0.103756114861853E+00 -0.676541806155855E-01 -0.992299138603883E+00  0.180152203870402E+00 -0.129575920000094E+00 -0.975066799966426E+00
 0.882822966040153E+00  0.962550055274030E-01  0.459737517006158E+00  0.644175543824500E+00  0.912564596804859E-01  0.759414331774818E+00
 0.723016851357930E+00  0.282204636467885E-01  0.690253749054668E+00  0.714253100684581E+00  0.161709035276161E+00  0.680949848426824E+00
-0.197385727528788E+00  0.200662797071882E+00 -0.959569339047064E+00 -0.151459735683469E+00  0.148295867927559E+00 -0.977275950805250E+00
 0.188447313212137E-03 -0.912389039175383E+00 -0.409324083924011E+00 -0.139453128588929E+00 -0.405477224253645E+00 -0.903405249895261E+00
-0.159514832831403E+00  0.724289933845210E+00  0.670789914829726E+00 -0.599603512178410E+00  0.584781342152400E+00  0.546357401390110E+00
-0.601453764503630E+00 -0.589141800163527E+00 -0.539597357725639E+00  0.552422691933485E+00 -0.639721794836747E+00  0.534401716546470E+00
-0.539109816635455E-02  0.892130037805549E+00 -0.451746534802018E+00 -0.166141306709814E+00 -0.462454966628136E+00  0.870937695846106E+00
-0.905811760147505E-01  0.521206884144503E+00  0.848609706798221E+00 -0.886633908326574E-01 -0.344850166041916E+00  0.934460895975278E+00
 0.995332289963658E+00  0.593653348951070E-01  0.760880382747013E-01 -0.906227498088075E+00  0.329111023973477E+00  0.265400933698729E+00
-0.272077095907535E+00 -0.822577563525647E-01 -0.958753208809422E+00 -0.520487910035589E+00 -0.214200787862684E+00 -0.826565398492939E+00
 0.622682112787952E+00  0.587609941552201E+00  0.516702567250204E+00 -0.460730891398296E+00 -0.219670852604182E+00 -0.859925439923418E+00
 0.624115926243178E-01 -0.619746887161340E+00  0.782316169435303E+00  0.183576146670484E+00  0.351443483703074E+00 -0.918034463479593E+00
 0.170105994376985E+00  0.982982957360974E+00  0.693430329224969E-01 -0.280642824399227E+00 -0.825205358691753E+00  0.490179274449298E+00
 0.145763510990669E+00  0.238706146656409E+00 -0.960089774142045E+00 -0.620166424267984E+00 -0.206794023680380E+00  0.756723092009713E+00
-0.617737683539684E+00  0.429210334506693E+00  0.658922334640190E+00 -0.442920745691919E+00 -0.304985803188279E-01  0.896041879397526E+00
 0.952739028830872E+00  0.134265469238984E+00 -0.272508947949315E+00  0.997370290692989E+00 -0.101599214306418E-01 -0.717584785200002E-01
 0.855686131766054E+00  0.291217524518930E+00 -0.427777509128652E+00 -0.704949934105125E+00 -0.426256933765042E+00  0.566877955844470E+00
 0.983247224303334E+00  0.144744816447642E+00 -0.110787336872621E+00  0.919032304617256E+00 -0.394164005076819E+00 -0.378948171869442E-02
 0.893584996094179E+00  0.175959779400349E+00  0.412969745609466E+00  0.366238400285388E+00  0.892551725763679E+00  0.263098557564798E+00
 0.123183694156363E-01  0.789511877562028E+00  0.613611646697992E+00 -0.103721594999312E+00 -0.646344504403210E+00 -0.755963367074469E+00
 0.224957516514808E+00 -0.210584071361243E+00  0.951340351636791E+00  0.531860716894650E+00 -0.242691369784520E-01  0.846484014506257E+00
-0.620573515063218E-01  0.249185048396586E+00 -0.966465569371000E+00  0.726702234070036E-01  0.528463665260772E+00 -0.845839933515276E+00
 0.518577372269957E+00 -0.142587459913452E+00 -0.843057723554572E+00 -0.904948186444807E-02  0.553380597063625E+00  0.832879356012316E+00
-0.985961035697847E+00  0.161837469465470E+00  0.411031575750873E-01  0.834941002018903E+00 -0.129683438365766E+00 -0.534841779371529E+00
-0.887540692574003E+00 -0.241395395555677E+00 -0.392428059687094E+00  0.734439191946947E+00 -0.124637549928113E+00  0.667131587080265E+00
-0.905086083120739E+00  0.311935805757848E+00 -0.288990026172808E+00 -0.849016844441986E+00  0.289456095221734E+00 -0.442024396151116E+00
 0.231858977808539E+00 -0.665957222619855E+00  0.709043293494853E+00 -0.203724992145829E+00 -0.833303981718193E+00  0.513907191648246E+00
 0.807670438587660E+00 -0.356207368730123E+00  0.469877402195487E+00 -0.902717137209520E+00  0.396098115123612E-01 -0.428407321389591E+00
 0.919503014623477E+00  0.852939238952759E-01 -0.383717542790117E+00 -0.976528509907538E+00 -0.728477254085150E-01  0.202695037533161E+00
-0.804691368353070E-01 -0.435707688629086E-01 -0.995804351324935E+00  0.146653619266312E-01  0.241746751388066E+00  0.970228547999324E+00
 0.899658965115988E+00 -0.309249462061109E+00 -0.308185847665566E+00  0.568134951987679E+00 -0.400403875709018E+00 -0.718957170245317E+00
-0.925653002565709E+00  0.378360903203251E+00 -0.308962268041406E-02  0.860273035657574E+00 -0.480569691172950E+00 -0.170244165968876E+00
 0.102526724080122E+00  0.806024566493189E-01  0.991459285513779E+00 -0.689358986549286E-01 -0.282258312767990E+00  0.956858446558322E+00
 0.780595330943045E+00 -0.442902781818742E+00 -0.441030673725919E+00  0.678704774943780E+00 -0.728868113827735E+00 -0.900616517376415E-01
 0.135857193193767E+00 -0.818553877072265E+00  0.558132935229121E+00 -0.186045723280349E-01 -0.700451479517805E-01  0.997370315949349E+00
 0.595383616494790E+00  0.421633280592357E-01 -0.802334470764253E+00  0.584511302363500E+00  0.125010398725888E-01 -0.811289258779770E+00
-0.758394373660252E-01 -0.157925550291820E+00  0.984534357097319E+00 -0.528008889007295E+00 -0.157471301749351E+00  0.834511475208488E+00
-0.694320476689800E+00  0.709998662552986E+00  0.117562642119936E+00  0.588833471732746E+00 -0.724454791341016E+00 -0.358385822641195E+00
-0.659382955136609E+00 -0.732448859455630E+00 -0.169507482895176E+00 -0.102997350049350E+00  0.993023796938118E+00  0.574045694820068E-01
 0.275892368141617E+00  0.499226464166709E+00  0.821374664009559E+00 -0.138614154031663E+00 -0.700359789885607E+00 -0.700201600264863E+00
 0.646103479945123E+00 -0.135323706553836E+00  0.751157631690801E+00 -0.328771769008265E+00  0.639857834222214E-02 -0.944387728689003E+00
-0.801788702606526E+00 -0.192245246906074E+00  0.565841533836609E+00 -0.641730172797807E+00 -0.441020570848352E-01  0.765661409424416E+00
-0.963223689896191E+00 -0.156683110215553E+00 -0.218290004800832E+00 -0.725173452118199E+00 -0.411528364494257E+00 -0.552057849830665E+00
-0.377035337065447E+00  0.232212243604121E+00  0.896616879455370E+00 -0.165905978934861E-01  0.219880961818795E-02  0.999859948841736E+00
 0.226167893202971E+00 -0.897515641765648E+00  0.378568034665008E+00  0.132597246366302E+00  0.720544869184836E+00 -0.680612269759723E+00
-0.751048727143791E+00  0.412071091346026E+00 -0.515871326139170E+00 -0.896810360401296E+00  0.393574280528747E+00 -0.202065492311715E+00
 0.575744773253067E+00  0.835177913569052E-01 -0.813352773769561E+00  0.693410826317642E+00 -0.396459744230744E+00 -0.601665270021444E+00
 0.518397188321097E-02  0.422132503071982E+00 -0.906519319311893E+00 -0.986745685899068E-01 -0.170602326799724E+00 -0.980386747974551E+00
-0.232770164543008E-01 -0.823961468234299E+00  0.566167536485592E+00  0.238444849787168E-02 -0.226771250866414E+00 -0.973945128939943E+00
-0.248514225985874E+00  0.823065945191521E+00  0.510688877251728E+00 -0.122418365002649E+00  0.125141146748519E+00  0.984557482984383E+00
-0.442263921828896E+00  0.886533853080018E+00 -0.135868873520105E+00 -0.448715358046472E+00  0.893493676834089E+00  0.179882436809989E-01
 0.914571110125744E+00  0.210641394679779E+00 -0.345238884499882E+00 -0.117858500820865E+00 -0.331496798509238E+00  0.936065834416781E+00
 0.899098583181436E-02  0.191060287813794E+00  0.981537125428418E+00  0.232298983586481E+00 -0.175297234170279E+00  0.956717336477676E+00
 0.672150239230263E+00 -0.421544086168049E-01  0.739213813275203E+00  0.446467005832472E+00  0.677452538581230E+00  0.584572724879321E+00
-0.987943639535382E+00  0.149160019945366E+00  0.414566466502110E-01  0.694619582554419E+00 -0.655721234505886E+00 -0.295860267947558E+00
 0.396906160524656E+00 -0.802257386273417E+00  0.445924417258487E+00  0.370505246475480E+00 -0.892279100132715E+00  0.257999747675255E+00
-0.147461793960826E+00  0.988374872844181E+00  0.370152678242910E-01  0.105873818277882E+00 -0.992671781500283E+00  0.582534875893023E-01
 0.432077763153811E+00 -0.117910511034923E-01 -0.901759268154131E+00  0.190423911628980E+00 -0.365089415936161E+00 -0.911289444826018E+00
-0.636093802557820E+00  0.624870532454628E+00 -0.452682551041458E+00 -0.763835317949022E+00  0.406300458216315E+00 -0.501473373876349E+00
-0.333009196059721E+00 -0.351477374012267E+00  0.874967731346191E+00  0.207039572087711E+00 -0.322882799674778E-01 -0.977799612684766E+00
-0.824218951668104E+00  0.564522005617817E+00  0.444749916736373E-01 -0.852467824469787E+00 -0.220244956875644E+00  0.474121047006557E+00
-0.681301868387455E+00 -0.222696224248075E+00 -0.697304923141529E+00  0.490660089456530E+00  0.421359579571113E+00  0.762698355392330E+00
-0.660477448604111E+00  0.284643913167662E+00 -0.694800246532775E+00  0.460098101883715E+00 -0.543434639848403E+00  0.702131418507846E+00
-0.758185227190189E+00 -0.320330761842896E+00  0.567929013423079E+00 -0.686610766180848E+00 -0.376910337874867E+00  0.621694662167532E+00
-0.705653973123091E+00  0.248827080509706E+00  0.663428635363753E+00 -0.492484190906028E+00  0.966786228774597E-01  0.864935006567634E+00
-0.355566028813301E+00  0.459301497077123E+00 -0.814011630099136E+00 -0.223505250040615E+00  0.580500023193357E+00 -0.782984754817611E+00
-0.732555614015273E+00  0.535083176665415E+00  0.420771038005653E+00 -0.344409574933970E+00  0.843322660989098E+00  0.412539615256607E+00
 0.930628591594597E+00  0.269704742767883E+00  0.247365673114051E+00 -0.722289316769172E+00 -0.647395181737298E+00 -0.243264509422261E+00
 0.692561993651172E+00 -0.716573447379432E+00  0.829480527840744E-01  0.591825272782874E+00 -0.363691754855489E+00  0.719354678823744E+00
 0.520113055939011E+00 -0.170868150279280E+00 -0.836831216113453E+00  0.490760092425607E+00 -0.165590554212364E+00 -0.855414694775611E+00
 0.815721544375548E+00  0.522783148586694E+00 -0.247580575965389E+00 -0.745892029900185E+00 -0.333192435659511E+00 -0.576739005574155E+00
-0.634662013253942E+00  0.517688412766785E+00  0.573762003115804E+00  0.757577506323031E+00 -0.257178156363755E+00 -0.599946429110732E+00
 0.348964019233443E+00  0.713194375490761E+00  0.607929186705808E+00  0.377402741087246E+00  0.292683435165922E+00  0.878580433312346E+00
 0.166798199757129E+00 -0.378855542140433E+00  0.910300411263918E+00 -0.203701408608032E+00 -0.321559298354322E+00 -0.924719067486434E+00
-0.968262018638116E+00  0.243572537972725E+00 -0.560453567065707E-01 -0.995277043866807E+00  0.908355138915129E-01 -0.342420117372634E-01
 0.954215347994508E+00  0.975914817429539E-01  0.282752493079963E+00  0.561109386670955E+00  0.406250627981389E+00  0.721191155973554E+00
 0.688625596038959E+00  0.232813302114085E-01 -0.724743242909912E+00  0.594286581777426E+00  0.801522520412239E+00  0.662201479257969E-01
 0.314198023046988E+00  0.771077393070363E+00  0.553822404936074E+00  0.351815330850638E+00  0.935783045601795E+00 -0.231530676733339E-01
-0.487666832539882E-01 -0.931079527056390E+00 -0.361542148166508E+00  0.190558559662160E+00  0.928392628825335E+00  0.319021256474025E+00
 0.180494376298718E+00  0.640160782796254E+00  0.746736869515778E+00 -0.356772060528382E+00  0.699887155723615E+00  0.618766245103465E+00
 0.240624433130189E+00  0.889671462423577E+00  0.388052278861842E+00  0.121655428380327E+00 -0.960080950209919E+00 -0.251881967972338E+00
-0.651820631085932E+00  0.479370524567918E+00  0.587651057232280E+00  0.112934533415499E+00  0.147306779361576E+00 -0.982622259017342E+00
-0.136227348617110E+00 -0.720647379352756E+00  0.679786337109505E+00  0.641276811927135E-01  0.317954589013501E+00 -0.945934733388145E+00
-0.748294705475401E+00 -0.223503075822986E+00  0.624580986626353E+00  0.193102995430218E+00  0.105736135209369E+00 -0.975464557463193E+00
-0.632248764263435E+00  0.635204735638373E+00 -0.443594909697963E+00 -0.206870901252066E+00  0.598562992220409E+00 -0.773903595132694E+00
 0.893495930818771E+00  0.237081069930808E+00 -0.381389024344909E+00  0.807119831959801E+00  0.510881255149619E+00  0.295901875617465E+00
-0.737991407312517E+00 -0.634046622131277E+00 -0.230983903544834E+00 -0.679152596982115E+00 -0.682110158903691E+00 -0.271067300006528E+00
-0.340665862325130E+00  0.329512383097019E+00  0.880550032441087E+00  0.408946025484397E+00 -0.552602511902186E+00 -0.726218708158850E+00
-0.629043433468007E+00  0.773567012827557E+00 -0.768012726185619E-01  0.406033368238706E+00 -0.708010467041525E+00 -0.577804536531493E+00
 0.464919465273596E+00 -0.861268598646412E+00 -0.205100686969495E+00 -0.395178961686373E+00  0.904421475455265E+00 -0.160796091295160E+00
 0.535669570785445E+00 -0.792308117023192E+00  0.292071838138670E+00  0.883528412719542E+00 -0.307958431776144E+00  0.352901045925434E+00
-0.326892113469515E+00  0.147437679131650E+00  0.933490051861136E+00  0.164282943979190E+00 -0.127629324502644E+00 -0.978121602790026E+00
-0.285034268072081E+00  0.670670119809074E+00  0.684804392815857E+00 -0.254749043981273E+00 -0.700657064983425E-01 -0.964465510717473E+00
-0.735084237842761E+00  0.116425711181071E+00 -0.667904347231779E+00 -0.820904897282016E+00  0.346677488783351E+00 -0.453794962939512E+00
-0.438174741089517E+00 -0.212471753337214E+00  0.873417798252901E+00  0.333544204036002E+00 -0.163933357969457E+00 -0.928371756409493E+00
-0.465342993977462E+00 -0.764053743373170E+00  0.446853191992110E+00  0.712546908576303E+00  0.621115964169568E+00 -0.326330908943761E+00
-0.161040692191264E+00  0.704229642059791E-01  0.984432070572166E+00  0.611472592276818E-01  0.120083079600237E+00 -0.990878936441110E+00
-0.435758129926485E-01 -0.979422144777731E+00  0.197061946709704E+00 -0.309695262545029E+00 -0.852969930679191E+00  0.420156092082813E+00
-0.524681156112367E-01 -0.215221326192791E+00  0.975154796735381E+00 -0.447348855146039E+00 -0.435462276298797E+00  0.781186026321643E+00
 0.154490726545918E-01  0.294182470805696E-01 -0.999447793980666E+00  0.883378836732937E-01  0.656188622417675E-01 -0.993926850037879E+00
-0.842822994497832E+00  0.521404334247143E+00 -0.133367612912581E+00  0.570267201727663E+00 -0.700122790437090E+00 -0.429678248162836E+00
-0.485814585068264E+00 -0.284631853527215E+00  0.826419322676214E+00  0.364659185926389E+00  0.526344186487599E+00 -0.768105120065093E+00
 0.257587671703421E+00  0.311664272274227E+00  0.914611378003897E+00 -0.198244202515280E+00 -0.285626051411490E-01 -0.979736400138645E+00
 0.966304468355521E+00  0.249012136695650E+00 -0.651815174295636E-01  0.841431849849087E+00  0.379484259107758E+00 -0.384687066521582E+00
-0.485265256055670E+00 -0.414256263796942E+00  0.770006090346189E+00 -0.369003446758789E+00 -0.532854211135294E+00  0.761513523159975E+00
-0.742374447069883E+00 -0.356791104048311E+00 -0.567080495529226E+00 -0.726840828051841E+00 -0.213576684677010E+00 -0.652753713462659E+00
 0.648239577530354E+00  0.753916920212035E+00  0.106746089114629E+00 -0.464797049276768E+00 -0.878133850970741E+00  0.113334208264345E+00
 0.437302815794711E+00  0.505518436524745E+00 -0.743785827796950E+00 -0.763690857622593E+00 -0.419123694311986E+00  0.491031162809390E+00
-0.208775840945570E+00 -0.149143036134268E+00  0.966524186458944E+00  0.728117221212790E-02 -0.738308061359724E-02 -0.999946235880645E+00
-0.117203738287652E+00 -0.311981713571950E+00  0.942831211897501E+00 -0.117964025624700E+00 -0.376219343285266E+00  0.918990475683191E+00
 0.634306170912982E+00  0.130184935778868E+00  0.762041707544910E+00  0.820673140309396E+00 -0.333305904086745E+00  0.464115040777211E+00
 0.710627155429101E+00 -0.274658461362566E+00 -0.647743603263431E+00  0.796791548907112E-01  0.854595860577613E-01 -0.993150487804712E+00
 0.314639401137221E+00  0.756247887638934E+00  0.573664692737544E+00 -0.103333002331073E-01  0.735046800267205E+00  0.677937625687818E+00
 0.573431517905539E+00 -0.161771516479796E-01  0.819093763886106E+00 -0.894664897924817E+00 -0.172671540630872E+00 -0.412018518366999E+00
-0.731941088904167E+00  0.436490504327542E+00 -0.523200040143032E+00  0.351840328613235E+00 -0.895772862355037E+00  0.271660380308935E+00
 0.618878797615063E+00 -0.399766078671633E+00  0.676147998744388E+00 -0.587708664684611E+00  0.433979396642814E+00 -0.682832635968852E+00
-0.102224940230960E-01 -0.732839598071601E+00  0.680324646116986E+00 -0.177948982322445E+00 -0.569918393474797E+00  0.802201461273609E+00
 0.784358905907646E+00 -0.537117432468997E+00  0.310299807381946E+00 -0.414294809921023E-01 -0.998186503104515E+00  0.436726816752257E-01
 0.781406341434894E+00 -0.624021046716901E+00 -0.136485152186284E-02  0.467440583127944E+00 -0.834180310098248E+00 -0.292647418388406E+00
-0.303379618451039E-01  0.343235206602655E+00 -0.938759394637155E+00 -0.268620906198472E-01  0.290216243137502E-01 -0.999217780771401E+00
 0.499083624454974E+00 -0.588425204014633E+00 -0.636137811390915E+00 -0.362199983417582E+00  0.835583734517242E+00  0.413050837818449E+00
 0.228700176695131E+00  0.946199418851164E+00  0.228916772966368E+00 -0.387960810194346E+00 -0.915026227194210E+00  0.110514312648078E+00
 0.312938125074197E+00 -0.739784708522462E+00 -0.595641095720721E+00 -0.914391363690681E+00  0.397397402717251E+00  0.772252440687552E-01
 0.457550645549835E+00  0.551376394144210E+00 -0.697589763928240E+00  0.125122619609109E+00 -0.727450811275978E-01 -0.989470809692683E+00
-0.445327016479579E-02  0.957444146186228E+00 -0.288584260344468E+00  0.655826197876005E+00  0.754910615517697E+00 -0.140027075811521E-02
-0.202289336814089E-01  0.611616171951842E+00  0.790895978273431E+00 -0.449656878953407E+00 -0.890174374745185E+00 -0.734729457480840E-01
-0.132653814758122E+00 -0.562318974733577E+00  0.816210962977524E+00  0.713547005584085E-01  0.902436226885986E+00 -0.424873349496064E+00
-0.232362647697788E+00 -0.477953680364881E+00 -0.847093784288693E+00  0.198152523581980E+00  0.176659950053486E+00  0.964119722568309E+00
-0.509625508103530E+00 -0.896167737919307E-01  0.855716469016078E+00  0.263770611336926E+00  0.252969843740005E+00 -0.930822927711335E+00
-0.479551318541084E+00 -0.127709893735599E+00  0.868170902488415E+00 -0.590283585654254E+00  0.501220239531069E-01  0.805638300493467E+00
 0.999221351471726E+00 -0.624423997846871E-02 -0.389576722881145E-01 -0.991775549063374E+00  0.923419401572212E-01  0.886240732986428E-01
 0.592433136469193E+00  0.140403385166665E+00 -0.793290532054314E+00 -0.605364782397722E-02  0.198947858208777E+00 -0.979991379075430E+00
 0.737175117524522E+00 -0.616841295955348E+00 -0.275825418891796E+00  0.648974158030908E+00 -0.758519658524087E+00  0.589955069524525E-01
-0.385637838023344E+00  0.874439748110907E+00  0.294344330348683E+00  0.330583789902643E+00 -0.853668260934459E+00 -0.402448578239186E+00
-0.217562809452078E+00 -0.971817863016738E+00 -0.907549726731232E-01 -0.299067020739166E+00  0.951459907676150E+00 -0.726839816678389E-01
-0.528537843949774E+00 -0.590449607930106E+00  0.609931969983628E+00  0.283034996696542E+00 -0.134899322054587E-01 -0.959014709154182E+00
 0.361078540920517E+00  0.389874305486942E+00  0.847124732968992E+00  0.809710008507569E+00  0.460998619957752E+00  0.363111518021282E+00
-0.952569864776196E+00 -0.254685410010708E+00 -0.166571289987009E+00  0.854543027936837E+00  0.317141783744224E+00  0.411311685231619E+00
-0.469440614336308E+00  0.631587915458202E+00 -0.617026915667958E+00 -0.392216353711016E+00  0.821161638887136E+00 -0.414559880719091E+00
-0.731389857608713E+00 -0.217031498996104E+00  0.646503058485117E+00 -0.148089472129231E+00  0.381217714255295E+00 -0.912547293340161E+00
-0.997539456907501E+00  0.235596479991498E-01 -0.660301060035848E-01 -0.923093475854645E+00 -0.354723952039534E+00 -0.148557573634078E+00
-0.328741405459398E+00 -0.382613103079843E+00 -0.863444440417676E+00  0.798770409519639E-01  0.641050485740536E+00  0.763330814955469E+00
 0.233251844220090E+00 -0.581138889369495E+00  0.779660931707057E+00 -0.125257171459023E+00 -0.270832222006734E+00  0.954442532854116E+00
 0.199657466353375E+00  0.566154684752544E+00 -0.799753567708265E+00 -0.496700150720938E+00 -0.548323214674494E-01 -0.866188418761350E+00
-0.711627579845651E-01  0.435520735469931E+00  0.897361438246463E+00 -0.159997136615474E+00  0.360157690278372E+00  0.919068743026438E+00
-0.722386386879500E-01  0.994194809409049E+00 -0.797386984131066E-01  0.255715026545634E+00 -0.861889520182294E+00  0.437899851791137E+00
-0.705489363687359E+00  0.338997522678454E+00 -0.622386887186641E+00  0.433568586436895E+00 -0.160061512897567E+00  0.886791177754974E+00
-0.427635425068463E+00  0.462977908032893E+00  0.776388691249429E+00 -0.262422666501653E+00  0.554082513182976E+00  0.790017033165108E+00
-0.761399024456425E+00 -0.600084385108464E+00 -0.245296262315186E+00 -0.836602395748587E+00  0.545194770502028E+00 -0.534704932178941E-01
-0.655308195073822E+00  0.643125703788215E+00  0.396182405712321E+00 -0.700862689719574E+00  0.282398337699942E+00  0.655013487665219E+00
 0.802962912162917E+00  0.590179415458219E+00  0.832995753905294E-01  0.891460366961755E+00  0.410084566017090E+00 -0.192689031475555E+00
-0.237954527774843E+00  0.132285437922753E+00 -0.962225652134174E+00 -0.215610583271755E-01  0.394697664835663E+00  0.918558040701341E+00
 0.290008075370079E+00 -0.461437589876038E+00  0.838433460013098E+00  0.465172758982418E+00 -0.885168472535417E+00  0.954355960859922E-02
 0.857758608898639E-01 -0.522052911304111E+00 -0.848588981478963E+00  0.335627450914966E+00  0.466856862504021E+00  0.818168004828607E+00
-0.384652627490566E+00 -0.811260829456573E+00  0.440338759086725E+00  0.508783831728671E+00  0.851075757625787E+00  0.129649787324097E+00
-0.798121275284572E+00  0.262863838265581E+00  0.542130088143441E+00  0.978445359660532E+00  0.198018774552690E+00 -0.585938826450528E-01
 0.657531177244710E+00 -0.591323807928669E+00 -0.466892819743380E+00 -0.886145515990336E+00  0.250611996570190E+00  0.389794499275354E+00
 0.338233270773303E+00 -0.763373662990207E+00  0.550326180728218E+00 -0.198708580536513E+00 -0.733580627435287E+00  0.649903349024156E+00
-0.873427626056343E+00  0.213305370886659E+00  0.437749929517396E+00  0.762734443863855E+00 -0.495992278589808E+00 -0.415003406881180E+00
-0.687506231415965E+00  0.429983831698719E-01  0.724904352869393E+00  0.189767354569693E+00 -0.416137143323880E+00 -0.889279612431243E+00
-0.153191360583364E+00 -0.798184827009092E+00 -0.582609121946338E+00  0.180389740957696E+00  0.363676030041419E+00  0.913892382357205E+00
 0.712858438687317E-01 -0.936665089266741E+00  0.342894792921750E+00 -0.149230257410687E-01 -0.981568002351868E+00  0.190529682888769E+00
 0.758671170866324E+00 -0.303259314687162E+00 -0.576586370417992E+00  0.572875567257146E+00 -0.206111710870077E+00 -0.793304195805123E+00
-0.607998717060598E+00 -0.882275583037921E-01  0.789020568812004E+00  0.229466373336166E+00  0.603820454111904E-01 -0.971441810969606E+00
-0.101816390549753E-01 -0.747882089838434E+00  0.663753503889095E+00 -0.283169289739035E+00  0.563068140719193E+00 -0.776382265546890E+00
 0.596192438888997E+00  0.305670573425436E+00  0.742374619955016E+00 -0.442214506680848E+00 -0.873827205403617E+00 -0.202169100451874E+00
 0.815545636552464E+00 -0.261149668874354E+00  0.516416658471676E+00 -0.647951096707968E+00  0.459812671889631E+00 -0.607232807944911E+00
-0.766774675682780E-01  0.229726608987883E-01  0.996791263414033E+00 -0.597735996716535E+00 -0.533084411227932E+00  0.598775992116467E+00
 0.458147367611320E+00  0.306030478405715E+00  0.834533603779733E+00  0.174454304116521E+00  0.458242366468284E+00  0.871538656256145E+00
-0.593138659707823E+00  0.981273009017132E-01  0.799097968448020E+00 -0.118367384746773E+00 -0.260297249667534E+00  0.958245534319741E+00
-0.492842466137542E+00 -0.168086371777133E+00  0.853729040852111E+00  0.665914815902703E+00  0.152933016210741E+00 -0.730184189443975E+00
-0.872884750685284E+00 -0.320897912467216E+00 -0.367555086749282E+00 -0.367985826190903E+00 -0.507461905221044E+00 -0.779146229197079E+00
 0.163288674721670E+00 -0.288222615611334E+00  0.943538304764466E+00 -0.463248301282781E+00  0.310119253653502E-02 -0.886223106200391E+00
-0.885727374392294E-01 -0.987426494930051E+00 -0.130934286161708E+00  0.517144470229080E+00  0.843340862525578E+00  0.146074592267442E+00
 0.484678851136926E+00  0.645934790449836E-01 -0.872303899868305E+00 -0.568156721008684E-01 -0.145684353568011E+00  0.987698359079936E+00
-0.593212717547164E+00 -0.184798054503828E+00  0.783548563135629E+00 -0.577067292429972E+00  0.354326710567889E+00 -0.735830090568251E+00
 0.176580957653091E+00  0.534107759285303E-01  0.982835924459943E+00  0.424879627209670E-01 -0.496333695372416E-01 -0.997863368228437E+00
 0.605121827066137E+00 -0.713766639922601E+00 -0.352653878671056E+00 -0.843740428912773E+00  0.536748837928921E+00 -0.166541287450311E-02
 0.983528186937092E+00  0.139889338120874E+00  0.114469553071289E+00 -0.870480379309321E+00 -0.404383010021620E+00 -0.280603439828088E+00
 0.580875143575389E+00  0.279101285441208E+00  0.764647984396308E+00  0.105486264700804E+00  0.304400774760572E+00  0.946685172739404E+00
 0.363811595550784E+00 -0.962468178357001E-01  0.926486736547963E+00  0.763720574049309E-01  0.439670407776181E-01  0.996109536232335E+00
-0.469035708117428E+00  0.179896406642471E+00  0.864663395425011E+00 -0.616927773696215E+00  0.629211251281813E+00  0.472750804655695E+00
 0.761719424443680E+00 -0.638465957038813E+00 -0.110203176577177E+00  0.580333278655222E+00  0.963266911320515E-01  0.808662138510782E+00
-0.363974551280822E+00 -0.302153536078650E+00 -0.881036756699227E+00  0.124239806251025E+00  0.986360596415437E-01  0.987337530068161E+00
 0.902530068721842E+00  0.303181214609542E+00  0.305811422547998E+00  0.881652985184399E+00  0.250193720652553E+00 -0.400113878616413E+00
-0.476243961160004E-01 -0.224701703777213E+00  0.973263099687954E+00  0.430243830788378E-01  0.720491332923201E-01  0.996472691473535E+00
