#          Em_x [n.u.]            Em_y [n.u.]            Em_z [n.u.]            En_x [n.u.]            En_y [n.u.]            En_z [n.u.]
 0.249026742699316E+00 -0.138855676297757E+00  0.958490888105078E+00 -0.136999682111841E+00 -0.154353584689264E+00 -0.978471286239320E+00
 0.581651029836636E+00 -0.556018131909309E-01  0.811535900536669E+00 -0.375829919523301E+00 -0.421884247736123E+00 -0.825085179301649E+00
-0.585855438056787E+00  0.115251455649344E+00  0.802178600855195E+00  0.506047344242791E+00 -0.132841661872971E+00 -0.852214279542208E+00
 0.961545951401113E+00  0.506172939296832E-01  0.269939387454599E+00  0.689313438499800E+00  0.912042237517215E-01  0.718699362093378E+00
 0.289143049634778E+00  0.631140833845872E+00 -0.719762144531259E+00 -0.198525040102274E+00 -0.315136535252897E+00  0.928049983891595E+00
 0.269467733857711E+00  0.248924701451542E+00  0.930281480744861E+00  0.267951611456045E-01  0.228944199697921E+00  0.973070692582949E+00
 0.935334360091733E+00 -0.346422233705552E+00 -0.717026556429054E-01  0.963510402300831E+00 -0.469343357694492E-01 -0.263523951063222E+00
 0.125028656306888E+00  0.989751852005900E+00  0.689862780050077E-01  0.132399538572699E+00  0.989642865793467E+00 -0.554739611874806E-01
 0.698855929839804E+00  0.513326585559311E+00 -0.498092567587353E+00  0.524868143166202E+00  0.708496809151686E+00 -0.471747499952192E+00
-0.383327233268648E+00  0.281781146187557E+00  0.879579227749172E+00  0.176028686313222E+00 -0.229802278195746E+00 -0.957185882956328E+00
 0.796017129468399E+00 -0.545764837197246E+00  0.261720217163203E+00  0.857788364422579E+00 -0.354618063768955E+00  0.372082182736549E+00
 0.165098816059959E+00  0.791932494316229E+00  0.587865040108421E+00 -0.157091165160512E+00 -0.350053927118832E+00 -0.923463379857153E+00
 0.145241168834721E+00 -0.166093489432496E+00 -0.975355297132107E+00 -0.264909082152478E-01  0.296793861171945E-01 -0.999208369571451E+00
-0.337758106695363E+00 -0.878916860114566E+00  0.336785709862986E+00 -0.721175599410672E+00 -0.520154341753377E+00  0.457542583340359E+00
 0.449492897436636E-01 -0.420530686343377E+00 -0.906164170112187E+00  0.212422799729998E-01  0.792223723221313E-02  0.999742968816878E+00
-0.657118160943408E+00  0.445586630756336E+00 -0.607987069804588E+00  0.862523772316066E-02 -0.626997626851946E+00  0.778973414948319E+00
 0.529877463761609E+00 -0.891963754395878E-01 -0.843370547272078E+00  0.836080639010289E+00 -0.352778060046101E+00 -0.420139031062643E+00
 0.995596609531417E+00 -0.681664356815651E-01  0.643484897726206E-01  0.115116231118428E+00  0.566062794237158E+00  0.816284978615624E+00
-0.406799025140261E+00  0.221785717151060E+00  0.886186012535023E+00  0.165140800969257E-01 -0.565821526772278E-02  0.999847623269934E+00
 0.406038039919087E+00 -0.612511654233369E+00 -0.678205413991194E+00  0.279528753960940E-01 -0.637329063085173E+00 -0.770084607107600E+00
-0.911750714610101E-01  0.180463502965606E+00  0.979346736575694E+00 -0.177641698060361E+00 -0.246111574427732E+00  0.952823446417506E+00
 0.812270529950029E+00  0.770713120521471E-01 -0.578166584154825E+00  0.740368605358165E+00  0.188073376864529E-01 -0.671937952678038E+00
-0.581357847593107E-01  0.998290458444092E+00  0.603250444702512E-02  0.284785908546085E+00  0.479744425531315E+00  0.829904977973509E+00
 0.989596356094586E+00 -0.168694520653517E-01  0.142879227291208E+00 -0.950473694720531E+00 -0.302577948107705E+00 -0.710376024597856E-01
-0.478841032403908E+00  0.849586485548946E+00  0.221165253281228E+00 -0.948001424503394E+00  0.317137758684207E+00 -0.267757568761961E-01
-0.831982220348717E+00 -0.467660388646249E+00 -0.298495135496138E+00 -0.884520680349372E+00 -0.465986198198882E+00  0.219095669157396E-01
 0.492616369647373E+00 -0.830393355472203E+00  0.260338217599834E+00  0.509239928036476E+00  0.812815945944855E+00 -0.282851433991724E+00
 0.281316050527919E+00  0.697257015897873E-01  0.957078683418028E+00 -0.116942899169398E+00  0.263207537770814E+00 -0.957625266163379E+00
-0.224017601872739E+00  0.375284319555131E+00  0.899431928245395E+00 -0.283805478198380E+00  0.361894860364792E+00  0.887967657398701E+00
-0.218344639408279E+00  0.412975061816563E+00 -0.884181665020981E+00  0.163043123415842E+00 -0.722290651099065E-01 -0.983971494536379E+00
-0.346980770771942E+00  0.737501794368527E+00 -0.579392309249711E+00 -0.166658547312390E+00 -0.200630878489942E+00  0.965387061858651E+00
 0.543606311195864E+00  0.839167448063696E+00 -0.170344515112588E-01 -0.238075178175228E+00 -0.959578554874506E+00  0.150097323632995E+00
 0.701215081290498E-01 -0.997497424875228E+00 -0.904773258873981E-02  0.656497859448636E+00 -0.308628886462161E+00 -0.688301366394463E+00
 0.820642124733106E+00  0.319647711635891E+00  0.473679051214502E+00  0.706340871590559E+00  0.322283926795277E+00  0.630250461047118E+00
 0.725797782770511E+00 -0.513999541962228E+00 -0.457189292731173E+00  0.515632438203592E-01  0.291362703051231E-01  0.998244614129938E+00
-0.615558975251938E+00 -0.439658848305955E+00  0.654054466457546E+00  0.768529909624506E+00  0.136475990203803E+00 -0.625088859371562E+00
 0.495323725250868E+00 -0.434461645533677E+00  0.752261580677741E+00 -0.250066656607544E+00  0.171054608006946E+00 -0.952998944560126E+00
-0.200367837582248E+00  0.219798174898901E+00 -0.954746820876470E+00  0.340929939309984E+00 -0.827490033729733E-01  0.936439735873521E+00
 0.307303537204817E+00  0.100879942241038E+00 -0.946249318771143E+00  0.987611202903607E+00  0.152640476443632E+00  0.364005061826152E-01
-0.690416142462613E+00 -0.103217566031610E+00  0.716010952632399E+00  0.305990348485567E+00  0.158412930393941E-01 -0.951902810200979E+00
-0.682606723719075E+00 -0.449625066725643E+00 -0.576094922825633E+00 -0.413082521624429E+00 -0.785124714999676E+00 -0.461456403385066E+00
 0.925155133286906E-01  0.210014477185468E+00 -0.973311255028957E+00 -0.104299852033318E+00 -0.501416893511792E-01  0.993281104146675E+00
 0.461975099359422E+00 -0.327927171517431E+00  0.824040519484588E+00 -0.837105556084046E+00  0.350207427832035E+00 -0.420248789961959E+00
-0.268620424916722E-02  0.971801944973648E+00 -0.235783298925447E+00  0.558218495142037E+00 -0.566237815169475E+00  0.606437835522701E+00
 0.489299109471026E+00 -0.722909013364909E+00  0.487841101042783E+00 -0.738328017655765E+00  0.674353267401201E+00  0.109274466291589E-01
 0.861111967016215E+00  0.452080573578122E+00 -0.232614133824110E+00  0.672140922344413E+00  0.680652501415227E+00 -0.291442537779226E+00
 0.302173151598636E+00 -0.908917855362964E+00  0.287332070356474E+00 -0.645028346117224E-01  0.848413804732044E+00 -0.525388808661880E+00
 0.180077611979793E+00 -0.763562107289500E+00  0.620116893799285E+00 -0.963942899248158E-01 -0.180393083130651E+00  0.978859783844708E+00
 0.972847428057956E+00 -0.119550088345891E+00  0.198180872178701E+00 -0.958292766697781E+00 -0.281959600682207E+00 -0.466235656920764E-01
-0.827792187274719E-01 -0.996540463939652E+00  0.739626106981146E-02  0.305712447755258E-01 -0.988490799232821E+00  0.148159842146693E+00
 0.369042335760441E+00 -0.867247132547511E+00  0.334200786211820E+00 -0.314851627218889E+00  0.845325576433289E+00 -0.431616870227920E+00
 0.380617863982554E+00  0.541121514980731E+00 -0.749878355229911E+00  0.110555274349588E-01  0.693626042850548E+00 -0.720250434218977E+00
 0.808982079384519E+00  0.230130855994930E+00 -0.540913841895121E+00  0.933677115360777E+00 -0.738567469914763E-01 -0.350417215866195E+00
 0.337497876975131E+00 -0.649025133707257E+00  0.681807567319076E+00 -0.685017220505835E+00  0.598062985874341E+00 -0.416019317505243E+00
 0.838376590528642E+00  0.481456216583850E+00 -0.255586783630011E+00 -0.929160951525533E+00 -0.286325685382863E+00 -0.233832264775844E+00
-0.515215385764533E+00  0.421446397784577E+00 -0.746281475092279E+00 -0.417697671514902E+00  0.152491048156247E-01 -0.908458100306971E+00
-0.397552935792979E+00 -0.231181205899389E+00 -0.887979117593025E+00 -0.613406801927097E+00 -0.600601460447075E-01 -0.787480078609395E+00
-0.271280704061592E+00 -0.412119694743724E+00  0.869806953759388E+00  0.740481713246903E+00  0.237233464747759E+00 -0.628814054829172E+00
 0.562613271260008E+00  0.371641791058043E+00 -0.738477275304584E+00 -0.417639979492477E+00  0.619384653999335E+00 -0.664785302123661E+00
 0.209066067900395E+00  0.435169271226858E-01 -0.976932779830049E+00  0.539820518397248E-01  0.660742612209583E-01 -0.996353416255135E+00
-0.572767750942259E-01  0.145354106238960E+00 -0.987720382919315E+00  0.321104143516355E-01 -0.311152770016906E-01  0.998999880293924E+00
 0.855272692391104E+00  0.452134085052313E+00  0.253146974668826E+00 -0.588794280770201E+00 -0.445560317540827E+00 -0.674386608975311E+00
 0.612550510101186E+00 -0.665138975007533E-01  0.787627941361932E+00 -0.126464174725629E+00 -0.178603005369488E-02 -0.991969567379772E+00
 0.749047837369910E+00 -0.490139866825365E-01 -0.660700360557602E+00  0.865296067904441E+00  0.301334442818645E-01 -0.500354564688707E+00
 0.842450912335861E-01  0.439750352697700E+00  0.894160160097336E+00  0.902628784625641E-01 -0.188506299348843E-01  0.995739557576533E+00
 0.779788217307864E+00 -0.122846877671957E+00  0.613872120880297E+00  0.494896011625912E+00  0.172699442862003E+00  0.851617778179811E+00
 0.329632083611499E+00  0.426551770758863E+00  0.842256657033009E+00  0.300559908075386E-01  0.841201448357931E-03  0.999547862684274E+00
 0.622896357623876E+00 -0.680055396555800E+00 -0.386684348369883E+00  0.931474712720311E+00 -0.330594253451629E+00 -0.151862764189823E+00
 0.591996340218420E-01  0.834247689641814E+00 -0.548202695778647E+00  0.324530033228623E+00  0.530469673355427E+00 -0.783123351192400E+00
-0.128408503379332E+00  0.841514010654066E+00  0.524752728561547E+00  0.614093560838574E+00 -0.756135913626392E+00 -0.226158304426309E+00
-0.976674184493345E+00 -0.178445848036052E+00  0.119434570635781E+00  0.937987103568242E+00  0.197677692016041E+00  0.284787154940092E+00
-0.914952172505550E+00  0.395674118735608E+00  0.794009684460722E-01  0.973530147860662E+00  0.671576097976868E-01 -0.218469463890628E+00
 0.155078934280850E+00 -0.452946297807270E+00 -0.877946567534154E+00  0.149282483730070E+00 -0.289007686345752E+00 -0.945615829649894E+00
-0.964283779781320E+00  0.236076099363903E+00  0.120103569304894E+00  0.978221296084935E+00 -0.110375747853218E+00  0.175784783675247E+00
 0.561962977436887E-01 -0.991753821080058E+00  0.115179574981878E+00 -0.195081061856763E+00  0.978657001822455E+00 -0.646053565017719E-01
-0.971984769650004E+00 -0.168718130197224E+00  0.163645348577898E+00 -0.397058895072280E+00  0.848360767956266E+00  0.350183153844720E+00
 0.650851167471333E-01  0.265142668637503E+00  0.962010027414369E+00 -0.263131429014062E-01  0.448607657541604E+00 -0.893341361465865E+00
 0.620287385001904E+00 -0.172931172076043E+00  0.765074094275780E+00  0.889364788932715E-01 -0.151084092379553E+00 -0.984512010973921E+00
 0.208561183720726E+00 -0.421023297224278E-02  0.978000258989398E+00 -0.940797648281537E-02 -0.439237679554746E+00  0.898321629951022E+00
-0.624727908106491E-02  0.103692994133092E+00 -0.994589731734547E+00  0.982735256738127E-01 -0.172719298447926E+00  0.980056303533269E+00
-0.749502410751632E+00 -0.623502396362701E+00  0.222465498465406E+00 -0.657261085047536E+00 -0.457418861028014E+00  0.598979007693901E+00
-0.294340903954922E-01 -0.680899710686998E+00  0.731784953595626E+00 -0.119576446527307E+00  0.386308342335503E+00 -0.914585883379958E+00
 0.136678820802826E+00 -0.162297931830931E+00 -0.977229901951097E+00 -0.907190338186593E+00  0.239245704438966E+00  0.346073956270041E+00
-0.980819669388864E+00  0.138752367904907E+00  0.136896152395531E+00  0.854515467939319E+00 -0.419646403165262E+00  0.306104902546341E+00
-0.734043113834718E+00 -0.444463582324487E+00  0.513451877997457E+00  0.760504300803384E+00  0.547319316811790E+00  0.349392006068016E+00
 0.707080140085477E+00 -0.597268830209025E-01 -0.704606539099169E+00  0.864570840468222E-01 -0.732058149432721E+00 -0.675733703811835E+00
-0.577547180403557E+00  0.374178135422878E+00 -0.725554944424858E+00  0.230184484121409E+00  0.921199225688965E-01  0.968777076078734E+00
-0.250756511163609E+00 -0.662583465895447E+00  0.705765062064588E+00  0.441201100757713E+00  0.719359136110335E+00 -0.536529609606754E+00
 0.740790285386287E+00 -0.609400128646395E+00 -0.282597304097298E+00  0.818035069006999E+00  0.526106476739215E+00 -0.232444834332286E+00
 0.764501742510795E+00  0.178834446721699E+00  0.619318436964138E+00 -0.723638474181708E+00 -0.930730163012947E-01 -0.683874822113338E+00
 0.752844226134936E+00  0.162632367200498E+00  0.637790156959209E+00  0.758053847268337E+00 -0.210917178784539E+00  0.617145289486392E+00
 0.457335135329833E+00  0.799231849055343E+00  0.389965415708138E+00 -0.915175096750452E+00 -0.393088531938931E+00  0.890839398875998E-01
-0.796022097428950E-01 -0.766221362846016E+00  0.637627094250583E+00  0.565316817050574E+00  0.772920990910560E+00 -0.288114626788793E+00
 0.968497211075239E+00 -0.238984410763312E+00 -0.699971681684062E-01  0.461105026182779E+00 -0.421787115806699E+00  0.780690581324281E+00
-0.988871386412549E+00  0.148739539662138E+00  0.315126571703975E-02 -0.890311903091130E+00  0.454961842813418E+00 -0.188264919214373E-01
 0.504239084831537E+00 -0.608224446595329E+00 -0.613030152514588E+00 -0.565385047040576E+00  0.341158506979770E+00  0.750966458437565E+00
 0.612577667126310E+00  0.150446304337618E+00 -0.775960379948126E+00 -0.937518085141663E+00 -0.206236114121767E+00 -0.280225811202793E+00
 0.191135632359283E+00  0.866671669467662E+00  0.460811661511243E+00  0.140056472046132E+00  0.962942615304083E+00  0.230490139201928E+00
 0.844851969538395E+00 -0.273264283321027E+00 -0.459947585087845E+00  0.677552153784764E+00 -0.203075072845242E+00 -0.706883012733032E+00
-0.307721227593447E+00  0.516008345157469E+00 -0.799401672387688E+00 -0.200364516243713E+00  0.136886154626002E+00 -0.970111458185156E+00
 0.227214438633614E+00  0.363868562496558E+00 -0.903312386776081E+00 -0.386174472191792E+00 -0.117504629487006E+00  0.914910891331233E+00
-0.741355602051375E-01 -0.575219018243110E+00  0.814633046079339E+00 -0.206668721161695E-01 -0.446676527403831E+00  0.894456796197216E+00
-0.444436398219990E+00  0.356993745700554E+00  0.821603160575670E+00  0.227131589689783E+00  0.385688659694122E-01 -0.973100037787907E+00
-0.433729511672177E+00 -0.849314768178163E+00 -0.300903863815486E+00 -0.317969486540420E+00 -0.860185667276740E+00 -0.398717974815397E+00
 0.302718660558861E+00  0.934286427172543E+00 -0.188335563690490E+00  0.110158261735202E-01  0.925939395736163E+00 -0.377511439558412E+00
-0.490677302576815E+00 -0.530510427104142E+00  0.691226787291785E+00  0.287861031843686E+00  0.568338380618529E+00 -0.770796673229585E+00
-0.720021332160439E+00 -0.656841309005978E+00 -0.223894564510216E+00 -0.945977210084229E+00 -0.299079320377799E+00  0.125214528404700E+00
 0.255844160011625E+00 -0.310098084378683E+00  0.915632537567674E+00 -0.446177254751640E+00  0.792305836213147E-01 -0.891430519985330E+00
-0.772454532491630E+00  0.571435266375309E+00 -0.277084340184928E+00  0.633594169689110E+00 -0.609564632988979E+00  0.476434031472332E+00
-0.968541860570089E+00  0.247124604201379E+00  0.292590895576377E-01 -0.923855467570065E+00  0.249189979809577E+00  0.290508913810573E+00
 0.460705484193661E+00  0.551420987048301E-01 -0.885838476125479E+00 -0.480231122201049E+00  0.102753913195821E+00  0.871102578685465E+00
 0.390904952299399E+00 -0.132286070096554E-01  0.920335983336732E+00  0.188495998731152E+00 -0.912452303021530E+00  0.363180469151427E+00
 0.351180772566220E+00 -0.301740190621933E+00  0.886354851254977E+00 -0.216521119924837E+00  0.272495948497074E-01  0.975897568501439E+00
 0.569156270464377E+00 -0.777098931630310E+00  0.268660362260814E+00 -0.664462951446744E+00  0.726874509396918E+00  0.173615764674962E+00
 0.644886257602792E+00 -0.692129610720775E+00 -0.324157857715304E+00 -0.530265508879090E+00  0.787247797330622E+00  0.314737026247761E+00
 0.150442562079653E+00  0.115962116972106E+00  0.981794185632741E+00 -0.206852431821113E+00 -0.278910189549854E+00 -0.937774587848784E+00
-0.195319058192247E+00 -0.732154758092641E-01  0.978003046830079E+00 -0.208542358489989E+00  0.100596983821551E+00 -0.972825951319885E+00
-0.556935777430673E+00  0.421751392777513E+00  0.715505627167194E+00  0.285880813394243E+00 -0.375943908996519E+00 -0.881441057485674E+00
 0.299259285479254E+00  0.815017507002666E+00 -0.496175718202337E+00  0.506713639413891E+00  0.834033174620067E+00 -0.218242872197699E+00
-0.218168472736305E+00  0.662428195636815E+00  0.716652916779987E+00  0.438440268762874E+00 -0.889576781987626E+00 -0.128153344379607E+00
 0.779466012241046E+00  0.367674216426058E+00  0.507196615068087E+00 -0.543648417868349E+00  0.601682536515344E-01 -0.837153617325856E+00
-0.694261733257482E+00  0.365873068658640E+00  0.619788305282237E+00 -0.429247459309431E+00  0.197754463357182E+00  0.881271689604693E+00
 0.315501068941742E+00  0.137642986391637E+00  0.938889494985331E+00  0.743492457128219E+00  0.301295859879419E+00  0.597025770811416E+00
-0.180848507092810E+00  0.449728839815918E+00  0.874664385990495E+00  0.333324794777641E+00 -0.337593134693639E-01 -0.942207455893086E+00
 0.141660234016201E+00  0.226790087116515E+00 -0.963586339921939E+00  0.286590560759618E+00  0.112826686028979E+00 -0.951386351280701E+00
 0.213611799245071E+00  0.853174330160736E+00 -0.475881877757562E+00  0.457504943586449E+00 -0.877869054463188E+00 -0.141545575027511E+00
 0.737451339386532E+00 -0.239463851211775E+00 -0.631524018545483E+00  0.210317521414472E+00 -0.512329718591014E+00 -0.832637255732967E+00
-0.433921868884224E+00 -0.895881698856482E+00 -0.954347596950233E-01  0.606736296763303E+00  0.551921768906487E+00  0.572060684890237E+00
-0.572221136504805E+00 -0.580666498435346E+00 -0.579128127906065E+00  0.354377417602003E+00  0.139042656324603E+00  0.924707405407751E+00
 0.822058845277941E+00  0.549437315200758E+00 -0.149458661727183E+00 -0.776548722843127E+00 -0.629972353423449E+00  0.103399696724908E-01
 0.570681157356163E+00 -0.758852045386258E+00  0.313793865223212E+00  0.740099052000369E+00 -0.315628410850956E+00  0.593828341772144E+00
-0.107418468859840E+00 -0.377467956285102E+00  0.919771283812316E+00 -0.154727614520301E+00 -0.293031419182933E+00 -0.943499842435860E+00
 0.147495769088161E+00 -0.708476714987839E+00 -0.690149072607601E+00 -0.480408687122074E+00  0.608650460547428E+00  0.631468217896237E+00
-0.359412226154627E+00  0.268591972055764E+00 -0.893689657676405E+00  0.199783033404548E+00  0.112954535847997E+00  0.973307768588662E+00
 0.803178426336716E+00  0.329120316616221E+00  0.496572484797250E+00  0.730840560276545E+00  0.503343805413638E+00  0.460995758121897E+00
-0.621233456593835E+00  0.507349209959814E+00  0.597215012840123E+00 -0.796837922752098E+00  0.205949664844052E-01  0.603842009320011E+00
-0.229033819364429E+00  0.869322549103721E+00 -0.437974674161819E+00  0.552779921044636E+00 -0.771804709529189E+00  0.314248069585879E+00
 0.523224327123359E-01 -0.486615797298418E+00  0.872047836333929E+00 -0.477248322797218E-01 -0.205899576408636E-02  0.998858398833546E+00
 0.852159235586399E+00 -0.283898205416511E+00 -0.439575302042880E+00 -0.875970133095646E+00  0.202279695806771E-01  0.481941028727622E+00
 0.420219436960843E+00 -0.898994945359253E+00 -0.123384411571425E+00  0.570305460116844E+00 -0.791723032209215E+00 -0.218920813150238E+00
 0.370163300040996E+00  0.342014045897446E+00  0.863716112916518E+00  0.151898744014340E+00  0.298255836271459E+00 -0.942321721970198E+00
 0.482328411254392E+00  0.256609557865089E+00  0.837562438573446E+00  0.388902477003051E+00  0.145511884489077E+00  0.909714875580986E+00
-0.199401743373899E+00 -0.126406200328955E+00 -0.971730629988499E+00  0.479698125187709E+00  0.111283541987976E-01  0.877363019749649E+00
 0.934059445101787E+00 -0.336512913417525E+00 -0.119549203758921E+00 -0.410832257444858E+00 -0.296971415843635E+00  0.861988882999421E+00
 0.529828614388412E+00 -0.447931725407590E+00 -0.720165820314068E+00 -0.984200952930274E+00  0.169966961137413E+00 -0.495955277505409E-01
-0.227265063068531E+00  0.600825257323494E+00 -0.766393894332812E+00 -0.474796015301914E-01 -0.847307761239263E+00  0.528975656511944E+00
 0.915841755186332E+00 -0.392919273716358E+00 -0.827545998687001E-01  0.930629620724958E+00 -0.574061371799491E-01 -0.361431936114391E+00
 0.606801374703778E+00 -0.771328225580430E+00  0.191950149988351E+00 -0.625302980606604E+00  0.705112387397373E+00  0.334384065982928E+00
-0.567659488118386E+00  0.807960335532137E+00  0.157996208043004E+00 -0.850914900481168E+00  0.516402473428827E+00 -0.962928739612355E-01
-0.502609546444663E+00  0.752912878647371E+00  0.424859789800845E+00 -0.593685159501561E+00  0.746114787531281E+00  0.301414424364126E+00
 0.731226484734932E+00  0.601086243425010E+00  0.322495203045570E+00 -0.827138715639453E+00 -0.262995372985783E+00 -0.496663848974721E+00
 0.409855094629737E-02  0.315659820963667E+00  0.948863572548407E+00  0.584448324620056E+00  0.116070063826615E+00 -0.803086481104056E+00
 0.649629409321549E-01  0.948191078171792E-01  0.993372615436020E+00  0.506901138529146E-02 -0.775002927613483E-01 -0.996979442990417E+00
 0.957265560309987E+00 -0.135244544381114E+00  0.255639512320673E+00 -0.942087460153192E+00  0.333730115963146E+00  0.330972373670915E-01
 0.863655479846099E+00 -0.295874932009267E+00  0.408114244716250E+00 -0.810804047590198E+00 -0.695947427589289E-01 -0.581165525639357E+00
-0.797913296831444E-01  0.332899188771870E+00 -0.939580477565614E+00  0.331466763969829E-01 -0.216352465383009E+00  0.975752483248968E+00
-0.821018955244414E+00  0.706591878419968E-01  0.566511389384963E+00  0.793696879487341E+00  0.955555786766367E-01 -0.600761512478813E+00
-0.392680972948084E+00 -0.515103888506842E+00  0.761885580339776E+00  0.477108420434730E+00  0.659046129583421E+00 -0.581399823040384E+00
-0.207894613231721E+00 -0.714515060757193E+00  0.668018007047997E+00 -0.111210123782866E+00 -0.256533405877907E+00  0.960116097165796E+00
 0.459969003369193E+00  0.456146689653996E+00  0.761812781106521E+00  0.419915883412763E+00  0.378277478318548E+00  0.824970787515921E+00
-0.530329238515638E-02  0.850510653062707E+00 -0.525931083048649E+00 -0.128436973216908E+00  0.976052282831017E+00 -0.175573019257626E+00
-0.395820305831703E+00  0.397911482562405E-02 -0.918319362823469E+00  0.822961953576422E-01 -0.136471042098192E+00  0.987219829064576E+00
-0.708463186914144E+00 -0.176569167256639E+00  0.683303184510179E+00  0.777821689621229E+00 -0.144236617833886E+00  0.611710076123173E+00
 0.311484021134910E+00 -0.749091723100514E+00 -0.584670244633613E+00 -0.724586968074881E-01 -0.548687557472698E+00 -0.832881565128923E+00
 0.560801922299062E+00  0.625403514749433E+00  0.542560271015794E+00  0.800467651509485E+00  0.395354632045366E+00  0.450495564691999E+00
-0.941512604965002E+00 -0.115184841898355E+00  0.316680386018563E+00  0.678511681682704E+00 -0.204803167092772E+00  0.705462657104455E+00
-0.318796387727391E+00  0.262328819816564E+00 -0.910797701723942E+00  0.141847717478496E+00  0.746255915696474E-01 -0.987071550663386E+00
 0.586807979215850E+00  0.972917851053175E-01  0.803859878386545E+00 -0.955286632757733E+00 -0.288703415100631E+00 -0.638575554153524E-01
-0.100344019405277E+00  0.613515300129701E+00 -0.783281593219422E+00  0.306532591614710E+00  0.485736523837111E+00 -0.818595015675401E+00
-0.909645453037322E+00 -0.319860365658931E+00  0.265017916845372E+00 -0.938262531472689E+00 -0.176239059458656E+00  0.297662923380776E+00
 0.274635669749311E+00  0.959880276739328E+00  0.566136311163550E-01 -0.771844126143240E+00 -0.372023563449331E+00  0.515611397446410E+00
-0.727911975828925E+00  0.640083165170154E+00 -0.245840796269838E+00  0.764916512906452E+00 -0.643848567432214E+00  0.190197397069368E-01
-0.684009454981632E+00 -0.356911666834267E+00  0.636195824863159E+00 -0.825326352520512E+00 -0.484147979551358E+00  0.290580704334485E+00
-0.931523865101037E+00  0.313523674409908E+00 -0.184299197859718E+00 -0.938842089248200E+00  0.996741063975498E-01 -0.329606741390290E+00
-0.501071974069650E+00 -0.567491960602777E+00 -0.653360353444529E+00 -0.948852611478634E+00 -0.114349585329448E+00 -0.294283696499075E+00
-0.126718024010873E+00 -0.557677647841711E+00  0.820328095025714E+00 -0.210610895454515E+00  0.542916465451432E+00 -0.812948191619596E+00
 0.125720620521066E+00  0.941510788704239E+00 -0.312652779180546E+00 -0.567935635095367E+00 -0.766827592019428E+00  0.299039392900848E+00
-0.732747640763020E-01  0.303441125636726E+00  0.950028574423885E+00 -0.736618300669542E-01 -0.384429350138305E-01  0.996542059091692E+00
-0.490779502630715E+00 -0.103488875760361E+00  0.865115906911557E+00 -0.336744165389835E+00 -0.257875349801466E+00  0.905595754760740E+00
-0.213752836922304E-01 -0.710491387120263E+00  0.703381181206180E+00  0.363920620135122E+00  0.692320604002278E+00 -0.623100283673815E+00
 0.473711476338053E+00 -0.102793756345789E+00  0.874660437450983E+00 -0.441093280215265E+00  0.635039592908596E+00 -0.634161993174790E+00
 0.187978355287156E+00  0.341518216757315E+00  0.920885142439837E+00  0.108449129262396E+00 -0.121035725400143E+00 -0.986706207307469E+00
-0.507649291258162E-01 -0.815395951574766E+00 -0.576673533401988E+00 -0.665026069719395E+00 -0.729936082419204E+00 -0.157903901712652E+00
 0.325199866582079E+00  0.278265035363517E+00  0.903777415556031E+00 -0.494360989023878E+00 -0.572604718880350E+00 -0.654011504827926E+00
 0.761553729603743E-01  0.631996074486722E+00 -0.771220669460201E+00 -0.412858554430586E-01 -0.395141283153049E+00  0.917692129468536E+00
 0.795907813723376E+00 -0.502502107482769E+00 -0.337672006582499E+00  0.954665315193030E+00 -0.276979998172462E+00 -0.109069778489628E+00
 0.173535697021768E+00 -0.511309516579695E+00  0.841693495349826E+00  0.409314901223699E+00 -0.327313355467643E+00  0.851661481440100E+00
-0.301180933961273E+00 -0.396929463683461E-01  0.952740528699611E+00  0.614176116787845E+00 -0.899733415496671E-01 -0.784023274767906E+00
-0.137030164556667E+00 -0.990565553737639E+00  0.161794623450159E-02  0.266111921967796E+00  0.930384893432337E+00 -0.252127735601430E+00
-0.864043294187773E+00 -0.481121216552194E+00 -0.148160591091148E+00  0.795062359958582E+00  0.586987069865081E+00 -0.152715498847684E+00
 0.276078348753505E+00  0.923238465758085E+00 -0.267229266163337E+00  0.432995164826590E+00 -0.850813508354446E+00  0.297710532629251E+00
 0.937384406066951E+00 -0.231567588829452E+00  0.260167113729280E+00  0.116522168259489E+00 -0.243193359401652E+00  0.962953568063926E+00
-0.202150646867480E+00  0.114280965685092E+00  0.972663856043362E+00  0.196625801271305E+00  0.266926721299137E+00  0.943444974405455E+00
-0.468579441809071E+00 -0.309537828241635E+00  0.827417451835138E+00 -0.336233874030896E+00  0.684579747816640E-01  0.939287116723618E+00
-0.207024159027426E+00 -0.107350853074861E+00  0.972428296545862E+00  0.265942639494974E+00  0.109901909773527E+00 -0.957703546368383E+00
-0.203853957268175E+00 -0.943468956584495E+00  0.261361611694352E+00  0.679133719394325E+00  0.688492820654170E+00 -0.254470090755857E+00
 0.598457826084779E+00 -0.173149659768057E+00 -0.782219550842400E+00  0.230832393637426E+00 -0.282143367715217E-01 -0.972584370246695E+00
 0.531972758956775E+00  0.799171135142320E+00 -0.279875830473537E+00 -0.563632302862236E+00 -0.782860157108642E+00  0.263531025843345E+00
 0.710012654233243E+00 -0.646864098745437E+00  0.278296368253195E+00  0.615870767347371E+00 -0.748158944815797E+00  0.246903607140667E+00
 0.219306280580205E-01  0.945827256041720E-01 -0.995275416942600E+00 -0.343432127647518E-01  0.106599779094072E+00  0.993708725348676E+00
-0.223415513979648E+00 -0.309096814520154E+00  0.924415851966366E+00 -0.140562847838268E+00  0.287467511639958E-01  0.989654338698675E+00
-0.771670692278878E+00 -0.634233658484403E+00 -0.476655968527371E-01 -0.153162456655521E+00 -0.168020806402209E+00 -0.973812235745268E+00
 0.380167675265317E+00 -0.908743516708232E+00 -0.172214283740114E+00  0.475202018654228E+00 -0.874321454892083E+00  0.987169437449232E-01
-0.504048472580384E+00 -0.373695824858580E+00  0.778644057174167E+00  0.222425283655830E+00  0.363943495850095E+00 -0.904473396523654E+00
-0.865928581526602E-01  0.442851150367876E+00 -0.892403796235091E+00 -0.569033618434012E+00 -0.430652850947002E+00  0.700527560530715E+00
-0.628229712860867E+00  0.748678323961183E+00  0.211679463126269E+00 -0.679636529366102E+00  0.724809546654206E+00 -0.112895124031658E+00
-0.892911309873186E+00  0.327744115661179E-01  0.449038117142683E+00  0.911327362602762E+00 -0.217975504473183E-01 -0.411104980468481E+00
-0.765313335793823E+00 -0.498797288405677E+00  0.406812933834797E+00  0.659824100486121E+00  0.389154293808921E+00 -0.642799418191835E+00
 0.858185966861147E-01 -0.183252508207098E+00  0.979312864563023E+00  0.207509064516080E+00 -0.163712057658189E+00  0.964436804731644E+00
-0.721585389852687E+00 -0.229890595628784E+00  0.653042754490537E+00 -0.246463503223567E+00 -0.193435579376627E+00  0.949651735221916E+00
 0.711458352291424E+00 -0.419155840416347E+00 -0.564034923031932E+00 -0.297469433814705E+00  0.940583023548480E+00  0.163754425156570E+00
 0.164163463331751E+00 -0.174944453885164E+00 -0.970795959695829E+00 -0.485090805015106E+00  0.572469068066832E+00 -0.661034096697356E+00
 0.416695726257573E+00  0.399861170828740E+00  0.816379639495096E+00  0.261660013953841E+00  0.289548324034650E+00  0.920703972591843E+00
-0.908356798158157E+00  0.224346041871119E+00 -0.352926027287055E+00  0.869977074550977E+00 -0.264495444134647E+00  0.416151474571147E+00
-0.199917685591436E+00  0.570770776272844E-01  0.978148826200437E+00  0.287959885492703E+00  0.464866797921836E-01 -0.956513509025841E+00
 0.899034775590777E-01  0.977304828227683E+00  0.191814069988736E+00 -0.192009053578725E+00 -0.780830843865531E+00 -0.594504597637432E+00
-0.867358211858780E+00  0.176110032535876E+00 -0.465483607403475E+00 -0.651239366722462E+00 -0.526386972301939E-02 -0.758854122283372E+00
-0.785219141348728E-01  0.364677729622556E-01 -0.996245155840554E+00  0.434784820506514E+00 -0.167525707894960E+00  0.884814837721097E+00
-0.257705278724826E+00 -0.937711047020160E+00 -0.232993522686180E+00  0.307752688980618E+00 -0.911892660775648E+00 -0.271551206310537E+00
 0.188411145820063E+00  0.602703457906789E+00 -0.775402980364385E+00  0.404957851135778E-02 -0.840532152942514E-01 -0.996453038488307E+00
-0.284474074760609E+00 -0.532227545636076E-01  0.957205223129166E+00  0.601235561279894E-01  0.191023992951350E-01 -0.998008144425532E+00
-0.687065662556616E+00 -0.262996779101939E+00  0.677328184499689E+00 -0.824127896542719E+00 -0.474306719132797E+00  0.309590610848515E+00
 0.774376914808809E+00  0.344859494207586E+00 -0.530483103468978E+00 -0.599302764486410E+00  0.687072776905926E+00  0.410812847551931E+00
-0.207842985088819E+00  0.774387928225695E+00  0.597599054691090E+00 -0.335933283629442E+00  0.632106760726122E+00  0.698276357894401E+00
-0.800162247991692E-01  0.667223126131733E-01  0.994557960487190E+00 -0.745159907423661E-01 -0.598547929490058E+00  0.797613780740308E+00
 0.767310240841168E+00  0.464508132436860E+00  0.442116714454779E+00 -0.512974692338658E+00 -0.515800133997255E+00 -0.686153908965381E+00
-0.559867593964932E-01 -0.716515223828870E+00 -0.695321088989644E+00  0.829952107817566E+00 -0.362752063495764E+00 -0.423781121758325E+00
-0.304419589771592E+00 -0.880736783890650E+00  0.362810461350346E+00  0.769645443473905E+00  0.467006055369228E+00 -0.435374821950385E+00
 0.217020801311892E+00 -0.868199669868794E+00 -0.446241308080799E+00  0.734753519519750E+00 -0.675550288049067E+00 -0.613927835349061E-01
 0.400458745415569E+00 -0.342514605519198E+00  0.849892074457820E+00 -0.810913144625025E+00  0.583515885186507E+00  0.439213343303807E-01
 0.714774382942713E+00 -0.196313566042602E+00  0.671236594113060E+00  0.933345652783386E+00  0.237925144458635E-01  0.358189626715654E+00
-0.342632144949109E+00  0.781613302474261E+00  0.521233017606187E+00 -0.481894391887494E+00  0.346491331405080E+00  0.804811501115955E+00
 0.154955273895237E+00 -0.678862892320112E-02  0.987898161557858E+00  0.264474375594603E+00  0.231730904567929E+00 -0.936137859784537E+00
 0.224412470647959E+00  0.177459233351538E+00  0.958200012270905E+00 -0.609615530113013E+00  0.255170897805009E+00  0.750504309353661E+00
-0.426511824584947E+00  0.858093898813552E-01  0.900402361223808E+00 -0.946502322382662E+00  0.275489922849524E+00  0.168043613781040E+00
-0.504840115612917E+00  0.485387449305305E+00  0.713817540919825E+00  0.374178331131306E-02 -0.408590797924931E+00 -0.912710008112500E+00
 0.934807055121138E+00  0.354961333718154E+00 -0.117567538366034E-01  0.138970221513590E+00  0.413146012807243E-01  0.989434374404628E+00
 0.525437766548287E+00  0.830491606002228E+00 -0.184929299583891E+00  0.613840912300139E+00  0.463458707557986E+00 -0.639066006587125E+00
-0.149430674643126E+00 -0.463564942618352E+00 -0.873371637649714E+00 -0.418173694660650E-01 -0.300794182118865E-01  0.998672386827118E+00
 0.592762224776240E+00 -0.253739345302580E+00  0.764362014704904E+00 -0.291725561263477E+00  0.148042240376756E-01 -0.956387490432697E+00
 0.890212075643751E+00  0.375231041726286E+00  0.258310134727714E+00  0.986272319348920E+00  0.234763673359414E-01  0.163449601598812E+00
-0.241229480772959E-02 -0.932286619802361E+00 -0.361712371050879E+00 -0.268253601043994E-01 -0.958848849583953E+00  0.282646924106384E+00
 0.229849675905410E+00  0.637911815858334E-01  0.971133261523907E+00 -0.544334563709066E+00  0.716846343519560E-01 -0.835799734355957E+00
 0.338729138683354E+00 -0.451819910622057E+00  0.825300756677412E+00  0.188707760549372E+00 -0.167005298045414E+00  0.967728583608650E+00
-0.200096104337955E+00  0.117919947866398E+00  0.972654324477077E+00 -0.399733258366718E-01  0.116993519200754E+00  0.992327894239892E+00
 0.396755720256177E+00  0.917072628402677E+00  0.395309078899954E-01  0.680312870427776E+00  0.721676101447849E+00  0.127898408627136E+00
 0.773601279746208E+00 -0.613843173584737E+00 -0.157281970417615E+00 -0.138907322167505E+00  0.301986261800645E+00 -0.943137876204707E+00
 0.340281818215761E+00 -0.668822859955195E+00  0.660972212875193E+00  0.336823305713727E+00 -0.679106151075059E+00  0.652200043161679E+00
-0.253471628012998E+00 -0.425348927609276E+00  0.868809774101373E+00  0.219510854456499E+00  0.662611587995860E+00 -0.716073228259081E+00
 0.202244325455684E-01  0.927465608533337E+00  0.373361108467521E+00  0.180627236534381E+00 -0.971868663478322E+00  0.151145963792664E+00
 0.573751049366880E+00 -0.168511188965591E+00  0.801507150650452E+00  0.787106834913242E+00  0.122385974107886E+00  0.604553143879446E+00
 0.444022134040006E+00 -0.767784804867324E+00 -0.461899164209466E+00 -0.347947623627220E+00  0.593851412234138E+00  0.725446725404210E+00
 0.680602287217942E+00  0.588234535933900E+00  0.436761556651150E+00  0.769446198454440E+00  0.612530869504147E+00 -0.180993042928462E+00
-0.924971539097626E+00 -0.347187660701179E+00  0.154558662378436E+00  0.516224646199643E+00  0.400062694609809E+00 -0.757272708499119E+00
-0.114863224345011E-01 -0.363208530078524E+00 -0.931637068860578E+00 -0.156191950585971E+00 -0.110782612754695E+00  0.981494415309325E+00
-0.296202537841611E+00  0.921297465334535E+00 -0.251942527065897E+00 -0.512315121751810E+00 -0.814448624378454E+00 -0.272408983465069E+00
-0.125522172099185E+00 -0.833469476092033E+00  0.538119704837478E+00  0.405616331599677E+00  0.887086450510535E+00 -0.220347500235972E+00
-0.817203376473480E+00  0.106472109116968E+00 -0.566429458503464E+00  0.915432283379823E+00 -0.217664278640429E+00  0.338535074032139E+00
 0.112646716178451E+00 -0.457662661689690E+00 -0.881961226715393E+00 -0.245338178132981E-01  0.709841351829184E-01  0.997175683786883E+00
 0.691738229643622E+00  0.608141242751641E+00  0.389438635106994E+00  0.676091739757319E+00 -0.104629965100850E+00  0.729350759124110E+00
 0.207624069811842E+00 -0.222304304303443E+00  0.952613794736844E+00  0.335817442790174E+00 -0.938213041999388E-01 -0.937242875671024E+00
 0.477697067976885E-01  0.622058938176887E+00 -0.781511824956415E+00  0.348070771760409E+00  0.357640371016166E+00 -0.866568002447316E+00
 0.884213418190032E+00 -0.463407548396829E+00 -0.584814088539207E-01  0.905071544482381E+00 -0.359721467066122E+00  0.226817030886293E+00
-0.274759892340017E-01 -0.690650172252858E+00 -0.722666873173740E+00 -0.653056847931484E-01 -0.623999643862116E+00 -0.778690960518773E+00
 0.136853138888603E+00  0.869877082540688E+00 -0.473904082749703E+00 -0.230477712438497E+00  0.191285171328177E+00 -0.954091194435347E+00
 0.318335575783448E+00 -0.741604489832672E+00  0.590495759384132E+00  0.864560012180817E+00 -0.418806906220244E+00  0.277735054755668E+00
-0.743266176461716E+00 -0.251878987748921E+00 -0.619767994057906E+00 -0.722829580915169E+00 -0.298611925448534E+00 -0.623175990338139E+00
-0.412265467713914E+00 -0.349626808340050E+00 -0.841307481852252E+00 -0.171318583685762E-01 -0.653365174868494E-01  0.997716211611062E+00
 0.826019618315913E+00 -0.508814605876935E+00 -0.242485642881248E+00  0.902150069216085E+00 -0.408541962454540E+00 -0.138631589211140E+00
 0.457478037076538E+00 -0.401186676483212E+00  0.793576143923790E+00  0.663253954895191E+00 -0.167711512204073E+00  0.729360706365589E+00
-0.319142876617937E+00  0.925800402665766E+00  0.202586867116142E+00 -0.907519225995730E-03  0.756722534772737E-01  0.997132331469863E+00
 0.931707969046545E+00 -0.210944724001144E-01 -0.362595206324246E+00  0.923348186870490E+00 -0.383635895618562E+00  0.158627045588660E-01
-0.116454309236366E+00  0.884614619090868E+00  0.451547748915880E+00 -0.129908567188608E+00 -0.890723299690081E+00 -0.435586693506834E+00
 0.726492390707218E+00 -0.800127102635667E-01  0.682500382740398E+00  0.729441885078315E+00 -0.961029623423073E-01  0.677258264565614E+00
 0.345755104969195E+00  0.936212544693174E+00  0.629243875367231E-01 -0.742255166213244E-01 -0.991036501721980E+00 -0.111073061256801E+00
-0.288526626255993E+00  0.102007530373380E+00  0.952022504822475E+00  0.132393388368426E+00  0.271207694977607E+00 -0.953372108308849E+00
 0.587889971282535E+00 -0.777472008111505E+00  0.223433789451111E+00  0.693297865827552E+00 -0.681973908253593E+00 -0.232915559163150E+00
 0.747709608538738E+00 -0.126168238729466E+00  0.651929380251229E+00  0.459808858905624E+00 -0.692711968654008E+00  0.555631120218619E+00
-0.688970063011477E+00  0.865791648426986E-01 -0.719600097616101E+00 -0.299015069081832E+00 -0.495294499078639E-01 -0.952962130440560E+00
 0.797677401658494E+00 -0.598411746584650E+00 -0.749275946021354E-01  0.281794329093766E+00 -0.227687501011077E+00 -0.932067786147513E+00
 0.359053734208914E+00 -0.816976340015774E+00  0.451253892842007E+00 -0.566809491898701E+00 -0.793730781384708E+00  0.220722555657452E+00
-0.252269242932438E+00  0.384072207719114E+00 -0.888171587210523E+00 -0.366272596946667E+00  0.509430653931817E+00 -0.778668603168604E+00
 0.361000713851991E+00  0.933061163018176E-01  0.927886013074356E+00 -0.236561071979004E+00 -0.519990020088202E-01 -0.970224181833370E+00
-0.898228439968044E+00 -0.327799179761577E+00 -0.292802608219618E+00  0.847805616530219E+00  0.509622539278922E-01  0.527852711705078E+00
-0.938051048518466E+00 -0.164249266415525E+00  0.305094098362077E+00  0.916838408341418E+00  0.398773583175962E+00  0.196713586459810E-01
-0.406752311179444E+00  0.871870026560578E+00 -0.272754860883245E+00  0.502351230018926E+00 -0.664739547532865E+00  0.552959831854243E+00
-0.115718918998392E+00 -0.254270091217296E-01  0.992956494008155E+00  0.150569921045882E-01 -0.235864975433086E+00 -0.971669182568178E+00
 0.768165760686473E+00 -0.613301500450136E+00 -0.183800526807146E+00 -0.830410094485328E+00  0.459533777835822E+00 -0.315036159836941E+00
 0.476618696844528E+00  0.784414537313704E+00  0.396898540522828E+00 -0.255726971960708E+00  0.870058498308852E+00  0.421428434413664E+00
 0.995501513165013E+00 -0.933220576026139E-01 -0.163624830323741E-01  0.466513439208840E+00  0.740121901075835E+00  0.484339532338041E+00
-0.184318477890122E+00 -0.357571814190430E+00 -0.915515754318206E+00  0.102032322674831E-01 -0.544756660268852E-02  0.999933106797352E+00
-0.203613448611304E+00  0.509311792258724E+00  0.836147751184453E+00  0.189754249450927E+00 -0.709025472667205E+00 -0.679173176682031E+00
-0.210758914033784E+00  0.450105738562857E+00 -0.867747373529926E+00  0.520177424760831E+00 -0.547070961965839E-01  0.852304276884100E+00
 0.267780293118001E+00 -0.390950351846121E+00  0.880597261527102E+00 -0.219769808292889E+00  0.175319374228913E+00 -0.959668874343067E+00
-0.920033114533071E+00 -0.391217942809184E+00  0.220814262838112E-01  0.545485954847419E+00  0.428065797998812E+00  0.720558634427372E+00
 0.234472040268294E+00 -0.553787653130040E+00  0.798963139057833E+00  0.149478414205497E+00 -0.679804497993933E+00  0.717998640802214E+00
-0.811930474773052E-01 -0.995422303880001E+00 -0.504194999933453E-01  0.174503557623772E+00  0.982301096181824E+00  0.680666204290541E-01
 0.489740840389528E+00 -0.192521251110488E+00  0.850346680551768E+00 -0.559764957172737E-01  0.247484924129076E-01 -0.998125314802957E+00
 0.466024579765842E+00 -0.367241842756139E+00  0.804956222401657E+00  0.305252739387369E-01  0.395107476301040E-01  0.998752776453050E+00
-0.271690936419044E+00 -0.402814416494018E+00 -0.874027791853513E+00  0.146434235161095E+00  0.622300839830786E-01  0.987261075612851E+00
 0.598504990581998E+00 -0.754849544643274E+00 -0.268316867155765E+00 -0.203891718830273E+00 -0.760023631112219E+00 -0.617083663001569E+00
-0.931114086163610E+00 -0.378219505535266E-01 -0.362761710498822E+00 -0.335038007421827E+00 -0.147120196499052E+00 -0.930647721409606E+00
 0.463108186963836E+00  0.878194726573305E+00  0.119602798403325E+00 -0.729177833815591E+00 -0.654139769831153E+00 -0.200999622380858E+00
 0.625144194184308E+00  0.757521429478072E+00  0.188031966322619E+00 -0.322391581251407E+00  0.326081371185031E+00 -0.888670134360499E+00
 0.192885288323627E+00 -0.929930938457531E+00 -0.313087392348856E+00 -0.855879403943685E-01  0.837376622886117E+00  0.539884335670976E+00
 0.391488054656253E+00 -0.152397637189788E+00 -0.907475654351362E+00  0.119228155571421E+00 -0.266122577257876E+00  0.956537203036381E+00
-0.407186883434201E+00  0.594605727525082E+00 -0.693284119790371E+00 -0.145103408232435E+00  0.393689256358995E+00 -0.907718993051722E+00
-0.917683116023906E-01 -0.876091076408868E+00  0.473331810490694E+00 -0.352003024676252E+00  0.106150166611126E+00  0.929960221056363E+00
 0.360699965311548E+00  0.826570289343434E+00 -0.432061444471686E+00 -0.335799709592601E+00 -0.344680963943818E+00  0.876603438352990E+00
-0.892652001286702E-01 -0.778302602224251E+00 -0.621511692099954E+00  0.153418824552441E+00  0.316192267096151E+00  0.936207837235698E+00
-0.298519737763188E+00  0.781379700907994E+00 -0.548025299757895E+00 -0.351472543355847E+00  0.621746369757703E+00 -0.699927498359716E+00
-0.252317597863513E+00 -0.170633751299973E+00 -0.952480946122118E+00 -0.336545846089129E-01 -0.321500690794996E-01  0.998916283776065E+00
-0.390653223783333E+00  0.694749263808150E+00  0.603915158930227E+00  0.608499448798164E+00 -0.683055124225160E+00 -0.403935784602060E+00
-0.886267842552291E+00  0.399245920460386E+00 -0.234802057600538E+00 -0.789540188445402E+00  0.566248590840675E+00 -0.236619576959619E+00
-0.616387850470864E+00 -0.400508300144307E-01  0.786423517455489E+00 -0.528558968119648E+00  0.295385792474743E+00  0.795847127798022E+00
-0.711197058560003E+00  0.695132892301732E+00 -0.104828459570038E+00 -0.697352240436993E+00  0.504052975138304E+00 -0.509539449907200E+00
 0.826999942101009E+00  0.405700862940055E+00  0.389201625863282E+00 -0.549979502902386E+00 -0.797720932518809E+00 -0.247313283526312E+00
 0.583634977854163E+00 -0.635063996771789E+00 -0.506027600659698E+00 -0.918765109790006E+00  0.256211291648876E+00  0.300377174672398E+00
 0.941020725225111E-01  0.194323861214354E+00  0.976413353508499E+00 -0.202377428403332E+00  0.723799149039461E+00  0.659665194111836E+00
-0.315737128452744E+00 -0.483145994890544E+00 -0.816627218097488E+00  0.152925561162078E+00 -0.230507384188680E+00 -0.960978729513695E+00
-0.670559668811295E+00  0.716662208375408E+00  0.191689878841239E+00 -0.763148564689173E+00  0.504177521104237E+00  0.404239156225671E+00
-0.161317158497041E+00  0.986875652623128E+00 -0.729524736495615E-02 -0.349895165926051E+00  0.904453132352615E+00  0.244003902098149E+00
 0.924551717166143E-01  0.108212241834095E+00  0.989819252156721E+00 -0.149755867992326E+00  0.830617692280977E-01 -0.985227853085043E+00
-0.654556730897807E+00 -0.182774530836520E+00 -0.733586366363134E+00  0.529069426832823E+00  0.216412869024880E+00  0.820518745496536E+00
-0.473269386977599E+00 -0.748830824452705E+00 -0.463970347866466E+00 -0.740359466936761E-02  0.465920195381108E+00  0.884795772097721E+00
-0.451924888280621E+00  0.381146100760606E+00 -0.806530560628383E+00 -0.196050285967538E+00  0.523344615905852E+00 -0.829261537980873E+00
 0.617031297310551E+00 -0.448254835388002E+00  0.646792069130825E+00  0.611568227224150E+00 -0.416666120089942E+00  0.672587278960214E+00
 0.183453980595379E+00 -0.162904294230727E+00  0.969436345473440E+00  0.843023935962713E-01  0.488433609114077E+00 -0.868519266292773E+00
 0.966769494980206E+00 -0.619157873538619E-01  0.248038664026537E+00 -0.144914297609140E+00  0.420993946346709E+00 -0.895412722429090E+00
-0.834641786517132E+00  0.515766179712688E+00  0.193283046499348E+00 -0.609656695032455E+00  0.450329630979333E+00  0.652320425607019E+00
 0.891068850857244E+00 -0.134524732703916E+00  0.433473643169791E+00  0.768016530761983E+00 -0.488369268612812E+00  0.414301901939775E+00
 0.125988718870883E+00 -0.247414509523694E+00 -0.960683560385221E+00 -0.308460735412470E+00 -0.710680706379404E+00 -0.632285464239744E+00
 0.145832199943365E+00 -0.967127452116432E+00 -0.208320572249736E+00  0.171348386547419E+00 -0.768180862182616E+00 -0.616877535175313E+00
-0.873223631244653E+00 -0.480700632526081E+00 -0.800461849492397E-01 -0.634220156867092E+00 -0.640819202139793E+00 -0.432568541149724E+00
-0.324728193331232E+00  0.318376517186451E+00  0.890611022702986E+00 -0.527378937394788E-01 -0.264930380429427E+00 -0.962824287234926E+00
 0.491229820015083E+00 -0.827556282148698E+00 -0.271742274598883E+00  0.261425352824004E+00 -0.963792390010336E+00 -0.525453504984919E-01
 0.473086112150683E+00 -0.875019680237210E+00  0.102616225265414E+00 -0.522549341007374E+00  0.803785044547789E+00  0.284379655344871E+00
-0.362490917550175E+00 -0.878452520961888E+00 -0.311322185379289E+00  0.195691134120582E-01 -0.171309253216911E+00 -0.985022938597133E+00
-0.166873795559344E+00  0.936950279251503E+00 -0.307046104951925E+00 -0.112548434988797E+00  0.946597704743892E+00 -0.302135127310891E+00
 0.986830355326839E+00 -0.899579387374004E-01 -0.134437416903264E+00 -0.785379321521029E+00  0.349886258131579E+00  0.510645598921454E+00
-0.180943513519022E+00  0.913795469514275E+00  0.363644448342853E+00  0.545426680125160E+00  0.497387813424181E+00  0.674622190314518E+00
 0.916417127431781E+00 -0.143815409286040E+00  0.373492672754864E+00  0.614128345078458E-02  0.131038876672632E+00 -0.991358208438278E+00
 0.249642132750025E-01  0.907957632327037E+00  0.418317733253852E+00 -0.720042716264509E+00 -0.403096725802029E+00 -0.564846453828039E+00
 0.634412510790454E+00 -0.767051837249509E+00  0.956673670835826E-01 -0.559755321112852E+00  0.824915671478512E+00  0.786645754771749E-01
 0.364543654978535E+00 -0.349364037494434E+00 -0.863164348731155E+00  0.796710255554462E+00  0.564100255108986E-01 -0.601723090562598E+00
-0.422053721400302E+00  0.577929398064476E+00  0.698475673953638E+00 -0.208327622394220E+00 -0.371120899276270E+00 -0.904913741672622E+00
-0.535226068312707E+00  0.783799819738059E+00  0.314945865788246E+00  0.642638891478088E+00 -0.505324364559509E+00 -0.575901503507625E+00
 0.895598920533976E+00  0.188168511167711E+00 -0.403106915027892E+00  0.948778729412498E+00  0.103188435686397E+00 -0.298615253051482E+00
-0.487766068826235E+00  0.852797148931343E+00  0.186604621797997E+00  0.796315763596323E+00 -0.564270883509694E+00 -0.217898083220561E+00
 0.488332720335757E+00 -0.771864257715805E+00  0.407132314991465E+00  0.490594751606365E+00  0.866524342281586E+00 -0.919366843526212E-01
 0.918355582025580E+00 -0.445216971159108E-01  0.393243999888589E+00 -0.965845803367646E+00 -0.567950464452329E-02 -0.259055259248097E+00
-0.266124620038414E+00 -0.481011491899632E+00  0.835347611039799E+00 -0.147077403722077E+00  0.546534366127629E+00 -0.824420053101478E+00
-0.777581400458175E+00  0.939345304035225E-01 -0.621726201522320E+00  0.160249514547505E+00  0.451608092306057E+00 -0.877707368119337E+00
-0.344913423758105E+00  0.467413399981726E+00  0.813977544916925E+00 -0.842361509429399E-02  0.123679121976100E+00 -0.992286509782313E+00
-0.973545050609731E+00 -0.177982779361953E-02  0.228488219928996E+00  0.825547147384771E+00 -0.106899890911653E+00  0.554115800864714E+00
 0.318559241353782E+00 -0.246846400049882E-01  0.947581489000248E+00 -0.666295617304416E+00 -0.312449227856070E+00 -0.677071362836351E+00
 0.562568299557643E+00  0.814996818193572E+00  0.138913982979309E+00 -0.569951751135262E+00 -0.815634138877183E+00 -0.994784040680385E-01
 0.423279301749695E+00  0.896099514996881E+00  0.133567555688666E+00 -0.188711165588368E+00 -0.954759175874488E+00 -0.229832573987563E+00
-0.135203774077438E+00 -0.723841180061499E+00 -0.676589894635143E+00 -0.217819494582710E+00 -0.975007999563608E+00  0.437500693337133E-01
-0.344801613275186E-01  0.296312925099885E+00  0.954468317385956E+00  0.903914475375729E-02 -0.289113130931825E-02  0.999954966596933E+00
 0.649285248283530E+00 -0.493054121636899E+00  0.579073656367013E+00  0.532923514663374E+00 -0.689276903282826E+00  0.490805336278728E+00
-0.891917872546166E+00  0.226298196013419E+00  0.391499214703930E+00  0.913369259291882E+00 -0.259586231605374E+00 -0.313642446970305E+00
 0.179478190176156E+00 -0.928877937899089E+00 -0.323995919319098E+00  0.365606389775986E+00 -0.737262001303685E+00 -0.568134411199194E+00
-0.805491776839630E+00 -0.516116799410766E+00 -0.291215464578588E+00  0.861763133296012E+00  0.475009994471701E+00 -0.178128625559831E+00
-0.347410185510543E+00  0.675345091881369E+00  0.650549898067224E+00  0.471395134645852E+00 -0.599819311767738E+00 -0.646531840099694E+00
 0.874649223322618E+00 -0.456580595862066E+00  0.162858514126160E+00 -0.719186858985020E+00 -0.279022988539401E+00 -0.636330443818149E+00
-0.949247356647022E+00  0.219170828148958E+00  0.225596108093959E+00  0.715301221965766E+00 -0.582031637968863E+00  0.386760047390581E+00
-0.856362304763003E+00  0.279895481456271E+00 -0.433937924640564E+00 -0.747303672346330E+00  0.631433827713047E+00 -0.206950579891286E+00
 0.196556603873571E+00 -0.636989441958144E+00  0.745392482057298E+00  0.963384849579316E-01 -0.406167718712570E+00  0.908706047405781E+00
 0.621685706288004E-01  0.161799381295066E+00  0.984863457053061E+00  0.439870714283711E-01 -0.128381296285069E+00 -0.990748898718197E+00
 0.460061586654235E+00 -0.638335932920487E+00  0.617147124458763E+00  0.542424362218483E+00 -0.550175320298056E+00  0.634888122590747E+00
 0.563221121220692E+00 -0.795549088537852E-01  0.822467619477005E+00  0.267924859390423E-01 -0.355285518766031E-01 -0.999009451756467E+00
-0.942438544106902E+00 -0.774922581374180E-01  0.325276098892043E+00 -0.880342146681648E+00  0.150158171019100E+00  0.449944694881655E+00
-0.799768607405631E+00  0.577470345022441E+00  0.164006631658970E+00  0.776999890569581E+00 -0.629478671982571E+00 -0.526987418431002E-02
-0.420627254875216E+00 -0.888264522142254E+00  0.184550402761772E+00 -0.248149358972069E+00  0.896180712162900E+00  0.367807051032124E+00
-0.792805631391398E+00  0.359656349671785E+00 -0.492043230798732E+00 -0.111030904620590E+00  0.594301973610577E+00 -0.796540835351023E+00
-0.314024313684043E+00 -0.505140914435753E+00 -0.803878962890731E+00 -0.392929371356522E-01 -0.862626069978228E+00 -0.504313720302324E+00
-0.190091171520411E+00  0.847431053647962E+00 -0.495707530528942E+00  0.574058508440325E+00 -0.368423668087871E+00  0.731246080112535E+00
-0.223736717630059E+00 -0.971730889619997E+00  0.753721390333064E-01 -0.637058233872421E+00 -0.632639922630585E+00 -0.440367499878590E+00
-0.829900410152341E-01  0.433317184037662E+00  0.897412319455199E+00 -0.251028260704621E+00 -0.196317426352673E+00 -0.947863007210365E+00
 0.551791798814826E+00 -0.788751974952454E+00 -0.270917206484384E+00  0.360550532322569E+00 -0.869578312818917E+00 -0.337397201406469E+00
 0.817699467063091E+00 -0.681918629956385E-01  0.571592032297442E+00  0.728388144210197E+00  0.540508230557557E+00  0.421071922684907E+00
 0.638227009051367E+00 -0.502685132480498E+00  0.583072844934842E+00 -0.209325591688949E+00 -0.187923877578217E+00  0.959618368363194E+00
 0.418042393284468E+00  0.907598487866922E+00  0.388013174862881E-01 -0.550502620660877E+00 -0.806347561873661E+00  0.216218579465108E+00
 0.930126639809250E+00 -0.331835822767105E+00  0.157319485905698E+00  0.920899935851447E+00 -0.779908581721563E-01  0.381917182371221E+00
 0.553879764474076E+00 -0.585597608957015E+00  0.591855258395132E+00 -0.425446243736614E+00  0.192947696794945E+00 -0.884175706515358E+00
-0.134136450685423E+00  0.770096286475710E+00  0.623665873808915E+00 -0.642565093146478E+00  0.693294702396084E+00  0.326270680109603E+00
-0.381089500755323E+00 -0.404747992714564E+00  0.831233935067373E+00  0.563864107929006E+00  0.702120354238044E-01 -0.822877595922427E+00
-0.958039022856263E+00 -0.146398814812952E+00  0.246431770894054E+00  0.893337551252008E+00  0.434504999618760E+00  0.114688381405299E+00
 0.636953049719261E+00  0.776487167102351E-01 -0.766982065792015E+00 -0.852883445583844E+00  0.133937384769300E+00  0.504629175940304E+00
 0.327481089696246E+00  0.764525198395663E+00 -0.555209291087092E+00  0.489496769292786E+00  0.861425150146333E+00 -0.135423866239643E+00
-0.777644259928752E+00 -0.613262333732199E+00 -0.138487237770129E+00 -0.834705176721941E+00 -0.376793849789238E+00 -0.401613822862956E+00
 0.726743447807384E-01  0.220864453970823E+00 -0.972593097128938E+00  0.323763289412378E+00 -0.144070032018012E+00 -0.935104891604790E+00
-0.219285707108069E-01 -0.693826573548477E-01 -0.997349078630427E+00 -0.140326562480556E+00  0.292904976875146E+00  0.945788100149373E+00
 0.282048545404378E+00  0.770631985847502E+00  0.571467374767807E+00  0.575249563600994E+00  0.816657726650950E+00 -0.464553234642537E-01
-0.105925683747846E+00 -0.928922566657529E-01 -0.990025645210312E+00 -0.199812872661568E+00 -0.179400831707366E+00 -0.963270552597471E+00
 0.415596847127861E+00 -0.217929331353372E-01  0.909287814018609E+00 -0.477572869770929E+00  0.676413996590344E-02 -0.878566104780557E+00
 0.495273548683481E+00  0.666878471360960E+00 -0.556755975639005E+00 -0.891234276966240E-01 -0.727925823029879E+00  0.679838959461635E+00
-0.202241104053726E+00 -0.182762796834064E-01  0.979165212531605E+00 -0.304904012774111E+00  0.195082760647331E-01 -0.952183265006914E+00
-0.760907082379377E+00 -0.223347276015091E+00 -0.609209657081651E+00  0.639564012728275E+00  0.475696142358923E+00  0.603879999476508E+00
 0.395510376887109E+00  0.903823987157866E+00  0.163320978483096E+00 -0.763730906495693E-01 -0.827493112187958E+00  0.556257404720261E+00
-0.716803764058663E+00  0.247678192861810E-01  0.696834929491296E+00  0.296839299284905E+00 -0.101583035895370E+00 -0.949508987434204E+00
 0.981202668669350E+00  0.218966805424362E-01  0.191733821683522E+00 -0.890671635159564E+00 -0.444785308902373E+00  0.941810347512107E-01
-0.630146105389077E-01 -0.934662736403162E+00  0.349906741915590E+00 -0.383471848104097E+00 -0.693863545524490E+00 -0.609510231172384E+00
 0.231932250074596E+00  0.344181158558325E+00 -0.909805892192826E+00 -0.221539986216312E-01 -0.513416343918414E-01 -0.998435394466286E+00
-0.341388485173214E+00  0.335985592052754E+00  0.877819790232653E+00  0.629736177541885E+00  0.394396513865133E+00 -0.669241164712666E+00
 0.818482543009978E+00 -0.809969051509274E-01  0.568793308807243E+00 -0.945559788818312E+00 -0.140417496222776E+00  0.293597705243751E+00
 0.248987880031621E+00 -0.939974618076922E+00  0.233351136634268E+00 -0.303196121380038E+00 -0.946935067705779E+00  0.106705620888278E+00
 0.481393413447037E+00  0.134951753911593E+00 -0.866053350323174E+00  0.499899250818016E+00 -0.473320841536884E+00 -0.725305535618199E+00
 0.271510255336802E+00  0.876281421979703E+00 -0.398011370114190E+00 -0.215376133169733E+00 -0.942758364394018E+00  0.254597304828565E+00
 0.402550592271112E+00 -0.367626149545939E+00  0.838334083067248E+00 -0.993649216571829E+00  0.733210987150622E-01 -0.853536811707963E-01
 0.960332394858600E+00  0.272599175612795E+00 -0.587484539402491E-01  0.995425494839129E+00 -0.799575320125617E-01  0.522960543323793E-01
-0.364946561899432E+00 -0.259331791474022E+00  0.894181765016855E+00 -0.664897592056334E+00 -0.312242689515378E+00  0.678539383471507E+00
 0.524020334815231E+00  0.837276612492518E+00  0.156110739134714E+00  0.180066139672979E+00  0.528875107220998E+00  0.829377662048629E+00
 0.157115927198107E+00 -0.366050833008054E+00  0.917235723832641E+00  0.149721683783495E+00  0.241726958409265E-01 -0.988432647265770E+00
 0.659696990614633E+00  0.671440569494699E+00  0.337590642954793E+00  0.101182475780717E+00  0.946065181725496E+00  0.307770658967986E+00
-0.600136685437108E+00  0.700758582451902E+00 -0.385711508659727E+00  0.276256442650807E+00 -0.362367509178468E+00  0.890152889219439E+00
-0.891626197972365E+00  0.173162868908014E+00  0.418350742703883E+00 -0.446686013237289E-01 -0.321935254360572E+00 -0.945707358571126E+00
-0.246920348669975E+00  0.940436599189226E+00 -0.233686423050424E+00 -0.685766571539275E+00  0.500626814051816E+00 -0.528296320649308E+00
-0.555056638722053E+00  0.169318827880530E+00  0.814397484239569E+00  0.749058531033934E+00  0.338817134954307E+00 -0.569310342560750E+00
-0.153995703091660E+00 -0.539997484885650E+00  0.827458784318880E+00  0.262371466000231E+00  0.770485710968262E+00 -0.580958675830408E+00
-0.821854517750335E+00 -0.560757332422709E+00 -0.100530422199113E+00 -0.791182424480383E+00 -0.405464183632978E+00 -0.457852778722797E+00
 0.199508693549439E-01 -0.148118409585566E+00 -0.988768375077715E+00 -0.236465107653317E+00  0.619863905496755E-01  0.969660734612436E+00
-0.278805130303913E+00 -0.365457465352238E+00  0.888092641752276E+00  0.339329386463185E+00  0.123168489393965E+00 -0.932569080928017E+00
 0.593387195936247E+00  0.797501694087709E-01 -0.800956644381074E+00 -0.551717157990093E+00  0.173594745612003E+00  0.815765310536823E+00
 0.369628375994910E+00 -0.146086880896130E+00  0.917623826461261E+00  0.838695257109432E-02 -0.694743191137263E-02  0.999940694349623E+00
-0.610024504896748E+00  0.218369613672100E+00  0.761698638078194E+00 -0.704831118829133E+00  0.498305451089402E+00  0.504880947694266E+00
 0.782166920163085E-01  0.336030841410780E+00  0.938597582945316E+00  0.179848118266466E+00 -0.718585815102161E+00 -0.671780530151012E+00
-0.749261461619030E+00  0.251611322238513E+00 -0.612616523327524E+00 -0.659733036682546E+00  0.855654468884017E-01 -0.746612934932429E+00
 0.660772910907861E-01 -0.558109055355048E+00  0.827132440382313E+00  0.642076930314311E-01 -0.386857701334082E+00  0.919901348555426E+00
 0.905825239309720E+00  0.696545998566168E-01 -0.417886195690049E+00  0.717205530831444E-02  0.371941930178933E-01 -0.999282319281394E+00
-0.234487913745690E+00 -0.799485665795599E+00  0.553026300002597E+00  0.699194868579577E+00  0.590636584122342E+00 -0.402833664492282E+00
 0.887748751192611E+00 -0.458582649043104E+00 -0.400513264770214E-01  0.972084760992320E+00 -0.425401096752812E-01 -0.230741319479887E+00
 0.219504731752861E-01  0.736579726525532E+00  0.675994440213049E+00  0.444305610732226E+00 -0.580372800221533E+00 -0.682466070244434E+00
-0.283708102887380E+00  0.915966920715760E+00  0.283750440546853E+00 -0.377385369807808E+00 -0.587295472326939E+00 -0.716005803635209E+00
-0.360876721959893E+00 -0.620749958326840E+00  0.696015431427141E+00 -0.550040512064063E+00 -0.356310753515560E+00  0.755313234371991E+00
-0.975464921520372E+00  0.167696922227775E+00  0.142639157171469E+00  0.733970481222616E+00 -0.309098388811247E+00 -0.604768979634483E+00
 0.659453576829745E+00 -0.298006961244445E+00  0.690154208171121E+00  0.195155680208236E+00 -0.245534437381339E+00  0.949540468090902E+00
-0.319989165300311E-01 -0.234530000800103E+00  0.971582085088855E+00  0.221288272173976E-01 -0.189920509897875E-01  0.999574718070232E+00
-0.876400997178533E+00 -0.183942575020456E+00 -0.445069007277879E+00  0.733152226694533E+00  0.107473859586792E+00  0.671518564150215E+00
 0.148088962448911E+00  0.988908609864981E+00  0.113763146807572E-01 -0.167446517392518E+00  0.358432972253424E+00  0.918415738222453E+00
 0.391547283817527E-01 -0.507310702896701E+00 -0.860873253139977E+00  0.644849260083054E+00 -0.764221514709868E+00  0.116149999953869E-01
-0.721561472508577E-01 -0.915558864112548E+00  0.395658257539071E+00 -0.253570249872075E+00 -0.389564199238081E+00 -0.885404914743422E+00
-0.207931205249574E+00 -0.104102085592706E+00  0.972587975279722E+00 -0.748027203273585E-02  0.534552325952207E-01 -0.998542229271505E+00
 0.935391833573774E+00 -0.141230870218681E-01 -0.353330802643168E+00 -0.242089039446273E+00 -0.956360989899773E+00  0.163604871498095E+00
-0.414663178724721E+00  0.590078124422349E+00  0.692720907211637E+00 -0.434780764629741E+00  0.358550550992747E+00  0.826079408465539E+00
 0.343319281137357E-01 -0.660550470721750E-01  0.997225174906995E+00  0.543631528463516E+00  0.385863870617290E+00 -0.745368254363348E+00
-0.343422837755397E+00 -0.856171373590991E+00 -0.386045766135760E+00 -0.718078106301608E+00 -0.628560148340473E+00 -0.298790851882214E+00
 0.987451669933633E+00  0.575610081778929E-01  0.147057573360993E+00 -0.945566295679558E+00  0.787215562862499E-01  0.315764622861253E+00
-0.630671484916792E+00  0.389800504432176E-01 -0.775070341182201E+00  0.157653023837655E-01 -0.462362936710951E-01  0.998806117516462E+00
 0.414552443153951E+00 -0.237251438693450E+00  0.878554509813124E+00 -0.294289315791011E-01 -0.663306231874362E-01  0.997363617951687E+00
 0.397382979959041E+00  0.146742114480643E+00  0.905844092036053E+00  0.106115154809172E-01  0.559414448115274E-01  0.998377659251046E+00
 0.153849702297925E+00 -0.445830603845963E+00  0.881796655571557E+00  0.196662838939089E+00  0.141108396406526E-01  0.980369630284952E+00
 0.591255196078943E+00  0.668607211024098E+00  0.450978592037613E+00 -0.388648210908891E+00  0.886820129078950E+00  0.250005253580224E+00
-0.640709541679739E+00 -0.206316189645916E+00  0.739543719526120E+00 -0.900649138981211E+00  0.487203170375083E-02  0.434519725397456E+00
-0.105296543549458E-01 -0.829962485146307E+00  0.557719821800275E+00 -0.689339199071653E-01 -0.987107525324188E-02 -0.997572391638611E+00
-0.502438630974183E-02 -0.155258129355174E+00 -0.987861158671269E+00  0.398815758265611E+00 -0.213238397980339E+00 -0.891894263119684E+00
 0.163125882136313E+00 -0.637572050435231E+00  0.752922191916977E+00 -0.171138016397528E-01  0.719296780638227E-01 -0.997262873673271E+00
 0.351616900171898E+00  0.327796648718262E+00 -0.876877934836190E+00 -0.294084213486782E+00 -0.132868610103023E+00  0.946499026849553E+00
 0.990668571980859E+00 -0.119276120302462E+00  0.659468544738767E-01  0.954047244104053E+00 -0.923852215053673E-02  0.299513782196973E+00
 0.699735677761241E+00  0.372727002418281E+00  0.609462519714132E+00 -0.173627755562064E-01  0.255716461711074E-01  0.999522198321320E+00
-0.745968975891761E+00  0.508712807256542E+00  0.429815735798686E+00 -0.653822328062586E+00 -0.207858762345367E+00  0.727537695410397E+00
 0.508849615186605E+00  0.700141089599045E+00 -0.500873760322405E+00 -0.487787994400375E+00 -0.469090612475380E+00  0.736217949934890E+00
 0.166558849544138E+00  0.219492983787711E+00 -0.961291308452594E+00 -0.180130136649269E+00 -0.273195538541672E+00 -0.944943030870984E+00
 0.196715109161961E+00  0.655774781406056E+00  0.728877631635954E+00  0.655470866728691E-01 -0.520546978507877E+00 -0.851313351589777E+00
 0.660791831236015E+00  0.131919711927696E+00  0.738885204464583E+00  0.360007043708809E+00 -0.914673010071893E-01  0.928454986160613E+00
-0.269586828013602E+00 -0.912847800829140E+00  0.306646106583741E+00 -0.176428139726283E+00 -0.102063568848790E+00  0.979007732056582E+00
-0.249349011114409E+00  0.818389683696203E+00 -0.517748390896481E+00 -0.490413300910365E-02 -0.543931984324768E+00  0.839114977764042E+00
-0.837772021824266E+00  0.154264024659735E+00 -0.523775381384293E+00  0.583681473396908E+00  0.129191826447652E+00  0.801639201631466E+00
 0.147035806509305E-01 -0.294028786846398E+00  0.955683460786927E+00  0.868846631969341E-01 -0.251156268867908E+00  0.964039202475452E+00
-0.385480316325567E-01 -0.563180213299027E-01  0.997668446795197E+00  0.443087187463746E+00  0.462533201332299E+00 -0.767943215329599E+00
-0.536497844075061E+00 -0.602325627912914E+00  0.591078591442903E+00 -0.224523098039692E+00 -0.781591877855256E+00  0.581982400865657E+00
-0.137486154948756E+00 -0.273765998285432E-01  0.990125284486380E+00  0.383680429699379E+00 -0.238401553050276E-01 -0.923158152680640E+00
 0.118147534545681E+00 -0.844288243112619E+00 -0.522703092225963E+00 -0.300771252336889E-01  0.837998428363830E+00  0.544843097228392E+00
 0.315563808433765E+00 -0.473570457174594E+00 -0.822283713141774E+00  0.208812147393004E+00 -0.541417127136251E+00 -0.814410818656439E+00
-0.237522951550573E+00  0.805621556055673E+00 -0.542730831909465E+00 -0.613318781671313E+00  0.560800641458204E+00 -0.556185861551049E+00
 0.848715013041274E+00  0.528418366762987E+00  0.213741971986802E-01  0.348436304726671E+00  0.600948297099734E+00  0.719342259123814E+00
 0.683287446592232E-02  0.726830470571380E+00 -0.686782919761055E+00  0.358119175150044E+00  0.726254529649355E+00 -0.586775097080343E+00
 0.741424924176641E+00  0.157579625459373E+00  0.652271219240697E+00 -0.735885457438107E+00 -0.283564733393144E+00 -0.614868795359452E+00
-0.230524727049120E+00 -0.807619707329968E+00 -0.542778738116358E+00 -0.162296481189864E+00 -0.749793010354230E+00 -0.641459502866183E+00
-0.914918045623457E+00  0.398908447335413E+00  0.616199678432608E-01 -0.193281217637721E+00 -0.786525065226663E+00 -0.586532772041488E+00
 0.867800174912093E-02 -0.349768666257629E+00  0.936795907543368E+00  0.178119493212320E+00  0.159654325925122E+00 -0.970970618685849E+00
-0.562088345430704E+00  0.436224099112188E-01 -0.825926011991698E+00 -0.735978112600010E+00 -0.947559107824492E-01 -0.670341357179695E+00
-0.852647983294822E+00 -0.476950422824065E+00 -0.213330051214586E+00  0.907566618088762E+00  0.392712487740322E+00  0.148659798545990E+00
 0.205860839756187E+00 -0.636361183533695E-01 -0.976509989245268E+00  0.225650786381023E+00  0.308588283114170E+00 -0.924042744752793E+00
-0.337744194038641E+00  0.621838080556063E+00  0.706573606189433E+00  0.190491083328999E+00 -0.253630038238554E+00 -0.948359083298755E+00
 0.736173045150947E+00  0.126909097794586E+00  0.664788183175774E+00  0.371332646897618E+00 -0.704541553559501E-01  0.925823027009530E+00
 0.380829262795382E+00 -0.922735576754705E+00  0.593980470208168E-01  0.621029354778424E+00 -0.750746317980375E+00 -0.225172170887976E+00
-0.531622173882343E+00 -0.176405629900404E-01  0.846797894880477E+00 -0.122121578677431E-01  0.952980639784132E+00 -0.302785011843122E+00
 0.373428197644469E+00  0.589834148308675E+00  0.715993756043293E+00 -0.595233388088928E+00 -0.718594754904921E+00  0.359609221137767E+00
 0.418663120502535E+00  0.842856758789856E+00  0.338103054841771E+00 -0.814500802178502E+00 -0.235416200640572E+00 -0.530252445281052E+00
-0.112787656013422E+00  0.640230965260974E+00  0.759857391733475E+00 -0.146435050753929E-01 -0.996894447597042E+00 -0.773758884232958E-01
-0.836430358103986E+00  0.216208922355575E+00  0.503624818625809E+00 -0.550488204648027E+00  0.335284340862621E+00  0.764556830664477E+00
-0.927166811718713E-01 -0.844186854617850E+00  0.527969858536350E+00 -0.248405259403600E+00 -0.843649898642894E+00  0.475972347537611E+00
 0.284175450552141E+00 -0.696292864700810E+00  0.659105879104584E+00  0.496394328185936E+00  0.589911988291115E-01  0.866090474145477E+00
 0.752045671026961E+00  0.458259910844454E+00 -0.473735329907365E+00 -0.749649772527725E+00 -0.637748359255101E+00  0.176924415546745E+00
 0.782737585078486E+00  0.384043242917972E+00  0.489727128587489E+00 -0.732845686433124E+00 -0.581998902838789E+00 -0.352440742495542E+00
-0.317375721844498E+00  0.237102324223117E+00  0.918180341235685E+00  0.336205118218861E+00  0.122590553782474E+00  0.933776030216426E+00
 0.683154695489816E+00 -0.591853922246344E+00  0.427795040588171E+00 -0.837179103651999E+00  0.420820474929545E+00 -0.349344065769705E+00
 0.517188424841957E+00  0.690762126437187E+00  0.505335351909472E+00 -0.207344046495966E+00 -0.707078734611825E+00 -0.676053333282530E+00
-0.638894584706735E+00 -0.199294402657718E+00  0.743031258226538E+00 -0.455945898830686E+00 -0.133518479350771E-01  0.889907335342392E+00
 0.592445810425018E-01 -0.170322682223415E+00  0.983605745986328E+00  0.197726892904271E+00  0.749906619567860E+00 -0.631303522682020E+00
-0.506975552232759E+00  0.263932425617201E+00  0.820558019975498E+00 -0.353160024467619E-03  0.384830533740710E+00 -0.922987180614573E+00
 0.322962610979671E-01  0.805911932548902E+00  0.591153878862675E+00  0.999446439674409E-01 -0.982839073303292E+00  0.155043297599566E+00
-0.525413316396482E+00  0.713414424798812E+00  0.463660118451253E+00  0.466763489246096E+00 -0.682109389773103E+00 -0.562901967921746E+00
 0.840301060397023E+00 -0.469098710888395E+00 -0.271736135503698E+00  0.844278351171460E+00  0.944869753398001E-01 -0.527509504401899E+00
 0.555770093941604E+00 -0.323076496470625E-02  0.831329756978471E+00 -0.303328457059020E+00  0.592634930649837E-02 -0.952867632739244E+00
-0.564116288051584E+00 -0.562796626653545E+00  0.604179419197884E+00 -0.363365642995551E+00 -0.842694203362467E+00  0.397280617586269E+00
 0.948758838971966E+00  0.666920757181053E-02  0.315930668253228E+00 -0.936988048389307E+00 -0.715051242989877E-01 -0.341965516353016E+00
-0.174950285753330E+00 -0.518868427179466E+00 -0.836760391504722E+00  0.193631438380604E+00  0.430924606689182E+00  0.881368736352971E+00
-0.418875952635189E+00 -0.865039996591936E+00  0.276131745006230E+00 -0.121832055106926E+00 -0.885124909947836E+00  0.449122304209286E+00
-0.353797304156297E+00 -0.120017734021329E+00 -0.927590001612847E+00  0.483681204799797E+00  0.559296013733827E+00  0.673231357814584E+00
-0.507899709986941E+00 -0.475976665404458E+00  0.717972212962057E+00  0.266504887651303E+00  0.668914623484599E+00 -0.693922453409906E+00
-0.240340268690185E+00 -0.862382190754072E+00  0.445570995820125E+00  0.138457359869164E+00  0.839608825626080E+00 -0.525249064186559E+00
 0.619623433850025E+00  0.312422691330053E-01 -0.784277196432055E+00 -0.351509675140703E+00 -0.173633986878815E+00  0.919941404048674E+00
-0.122905416514694E+00 -0.261975164164721E+00  0.957216418555499E+00  0.124665625717682E+00  0.237986934222217E-01 -0.991913355064753E+00
 0.148003698827619E+00  0.384768922543593E+00  0.911069580975013E+00 -0.617574667310744E+00 -0.304619642324145E+00 -0.725126474352119E+00
-0.978947324892316E+00  0.114107588565221E+00 -0.169238273797654E+00 -0.990547054092383E+00  0.726223556930017E-01  0.116372363912143E+00
 0.414156069371987E+00  0.195119677091040E+00  0.889046152803236E+00  0.166836019264593E+00  0.290454582742388E+00  0.942232390676467E+00
 0.148746291595529E+00  0.563279459817104E+00  0.812767365784779E+00 -0.112313050742695E+00  0.313002597326316E+00  0.943088093817247E+00
 0.770344750718978E+00 -0.912241931621672E-02  0.637562347151661E+00  0.658574482234640E+00  0.190308405945169E+00  0.728053818049178E+00
 0.357244571871073E+00  0.187658745912190E+00 -0.914964759404054E+00 -0.702314233324817E+00  0.974394814063949E-01  0.705166834963633E+00
-0.727958701178944E+00 -0.295396356181244E+00 -0.618722168774247E+00 -0.942630045316556E-01 -0.532192211800082E+00 -0.841359575732042E+00
-0.235686900063590E+00 -0.583923619954926E+00 -0.776842899946411E+00 -0.142112136961477E+00 -0.613670702100587E-02  0.989831541907602E+00
-0.311660704776403E+00 -0.705768179744962E+00 -0.636206634323911E+00  0.498856261787506E+00  0.797278315216296E+00  0.339837782127386E+00
-0.175763908611773E+00  0.726182059491539E+00 -0.664655297806418E+00  0.401086043119908E+00  0.624851176447121E+00 -0.669844006696383E+00
 0.563575504119683E+00  0.696961782326907E+00 -0.443426346907744E+00 -0.426430382865863E+00  0.817545554645053E+00  0.387009553692136E+00
-0.664137689963937E+00  0.477874588140667E+00 -0.574940872419724E+00 -0.645982659877698E+00  0.346959273025493E+00 -0.679945340449477E+00
 0.625277628470416E+00  0.657325997329188E+00  0.420654752225148E+00 -0.291154446724450E+00 -0.518329706084212E+00 -0.804091663893635E+00
 0.742323789340800E+00 -0.606181852684186E-01  0.667293659038866E+00  0.540388888915111E+00 -0.302270546732285E+00  0.785246690738176E+00
-0.754432053964161E+00 -0.650310237299038E+00 -0.890442093315814E-01 -0.927689632906813E+00 -0.368350373671330E+00 -0.609093360119324E-01
-0.262816989623629E+00 -0.843261584820468E+00  0.468867923333688E+00  0.266540768589809E+00  0.823110849614464E+00  0.501442467214843E+00
-0.415898770541491E+00 -0.131555350419270E-01  0.909315756247431E+00  0.633946736207882E-02  0.555421723080548E-01 -0.998436216414883E+00
 0.561306602882511E+00 -0.102625327485479E+00  0.821220396555635E+00 -0.229856562329719E-01 -0.983723468828061E-01  0.994884184705088E+00
 0.615657291207727E+00  0.623880000150241E+00  0.481393648893813E+00 -0.334464227641492E+00 -0.936691627002897E+00 -0.103645918061669E+00
-0.484115464297619E-01 -0.253014100345103E+00 -0.966250581991461E+00  0.450466936747934E+00 -0.477454488436924E+00 -0.754398270390626E+00
-0.347423212874932E+00  0.207511877037208E+00  0.914459365988536E+00 -0.429232678626492E+00  0.951815203697323E-01 -0.898164676314557E+00
-0.937996535949071E-01 -0.494255591092228E+00  0.864241306383552E+00 -0.212436353290268E+00  0.256831794397242E+00 -0.942819296147159E+00
-0.189864578896264E+00  0.440489855161713E+00  0.877450926935608E+00  0.167542050765181E+00  0.404909521462058E-01  0.985033067475245E+00
-0.941127342841860E+00  0.665408943390840E-01 -0.331438733306738E+00 -0.991733769508883E+00  0.106599307960258E+00 -0.714193108206465E-01
-0.481930374112241E+00  0.263818538112147E+00  0.835549456020650E+00  0.692278362753321E+00 -0.265899856354293E+00 -0.670856120829458E+00
 0.228152724246008E+00 -0.973074723202243E+00  0.327401509465400E-01 -0.253178630026867E+00 -0.953680712760264E+00 -0.162461316647359E+00
-0.361349408062751E+00 -0.372332544084189E+00  0.854865534402046E+00  0.370417173637318E+00  0.752269818352441E+00 -0.544868092175093E+00
-0.605437024190630E+00  0.311118800450996E-01 -0.795284892764381E+00  0.539117579948355E+00  0.409833056634631E+00  0.735791479075522E+00
-0.894870797854964E-01 -0.919927450279227E+00  0.381740158712998E+00  0.133624494357656E+00  0.149040802849209E+00  0.979760855307929E+00
 0.957877860108872E+00  0.364819387234624E-01  0.284849211443925E+00 -0.963601378086490E+00  0.987354046293929E-01  0.248442556786247E+00
-0.676803361345425E+00  0.611644753561868E+00  0.409668043068746E+00  0.933004818046693E+00 -0.278468666424530E+00 -0.227941245327390E+00
-0.598591117551107E+00  0.200890941533556E+00  0.775455674812351E+00  0.526776647737871E+00 -0.999479488737045E-01 -0.844107084980330E+00
 0.871161413680743E+00 -0.307125361322155E+00 -0.383081980451320E+00 -0.276677280199477E+00  0.268793945233803E+00  0.922604735315762E+00
 0.988903670069184E+00 -0.141646850685441E+00 -0.447850534731771E-01  0.901751972131753E+00  0.334072000212074E+00 -0.274297793339282E+00
-0.771217282401001E+00 -0.636487182473739E+00 -0.103908552418291E-01 -0.163811826955573E+00 -0.344414212355578E+00  0.924415780737740E+00
 0.818161519043340E+00  0.283822695225630E+00  0.500056403250227E+00 -0.719631859615659E+00 -0.656948700227669E+00 -0.224829695314664E+00
 0.674777827408995E+00  0.727411148583056E+00  0.124691236878440E+00 -0.845034637664408E+00  0.159330773166739E+00 -0.510421557018776E+00
-0.104882028144227E+00 -0.501432904408997E+00 -0.858815930539433E+00 -0.518226802931643E-01 -0.693624114048587E+00 -0.718470596626992E+00
 0.542875366852315E+00 -0.311001527086692E+00 -0.780105368661638E+00  0.583799837455250E+00  0.949070923999388E-01 -0.806331441529730E+00
-0.343204601694667E+00 -0.217107936852494E+00  0.913824241925798E+00 -0.356421178956878E+00  0.113762774295690E+00  0.927373697263157E+00
-0.506731587797519E+00  0.378218169407749E+00  0.774709051359319E+00 -0.665091857589254E+00  0.590944127590084E-01  0.744419687642088E+00
-0.442727036849690E+00  0.546035528990161E-01  0.894992303236792E+00 -0.167854510016879E+00 -0.273646564693799E+00  0.947070441465827E+00
-0.444067878645844E+00  0.719918839156409E+00  0.533404709561762E+00  0.688648424252699E+00 -0.655189385301762E+00 -0.310628744906477E+00
 0.253270688166500E+00 -0.975264373682386E-01 -0.962466909836347E+00  0.889553493456352E-01 -0.531278068714858E+00 -0.842514426894523E+00
-0.257759850654082E+00  0.607114902006239E-02  0.966189940198283E+00  0.853211321164983E-01  0.216976067708802E+00 -0.972441098707775E+00
 0.931843478174117E+00 -0.346036324960857E+00 -0.109208946483097E+00 -0.927532937034188E+00  0.371135559402269E+00  0.440573179380918E-01
 0.267161619410012E+00  0.759889689447127E+00 -0.592614823461385E+00 -0.427592129788169E+00 -0.875336025207835E+00  0.225725083933014E+00
 0.675280180826224E+00 -0.472397279383904E+00 -0.566425182891781E+00  0.627467034973061E-01  0.689559704754925E-01  0.995644477379353E+00
-0.738305142722728E+00  0.325888139643183E+00 -0.590510318850634E+00 -0.685960711264116E+00  0.330237738777910E+00 -0.648383326812836E+00
-0.944194369264721E-01 -0.843990931054167E+00 -0.527981323750006E+00  0.129861918555834E+00  0.907323539465407E+00  0.399874826465688E+00
 0.209704456906304E+00 -0.941340211805639E+00  0.264391086066357E+00 -0.879480867029053E+00  0.459574553567514E+00  0.123711900167472E+00
 0.368926324957833E+00  0.874948617116499E+00  0.313621243156509E+00 -0.172872359851983E-02  0.109767089891141E+00  0.993955832767005E+00
-0.855322904044660E+00  0.216005920479206E+00  0.470918434693886E+00  0.599462210691945E+00 -0.511331626608717E+00 -0.615780013951419E+00
 0.399035318739454E+00 -0.907069323913174E+00  0.134149379477502E+00 -0.568117377891754E+00  0.821666566800328E+00  0.458987792861638E-01
 0.118189453987543E+00  0.173336057740244E+00 -0.977745296103846E+00  0.344879750652426E+00  0.505289491146441E+00 -0.791037601967752E+00
 0.141236691867753E+00  0.452541763700107E+00  0.880487449642213E+00 -0.248468900206841E-01  0.235915910185126E+00  0.971455771189725E+00
-0.628407645796682E+00  0.776077438511809E+00 -0.529871695528451E-01  0.702683104833398E+00 -0.687090694280064E+00  0.184777790915023E+00
 0.989034525486397E-01  0.531355966333303E+00  0.841355420803813E+00 -0.374340843028256E+00 -0.157893388898296E-01 -0.927156745118276E+00
 0.671924425707611E+00 -0.601606639484797E+00  0.431957194019623E+00  0.548737769374030E+00 -0.836230512929095E-01  0.831801686554480E+00
 0.455912154641531E+00  0.248359689810958E+00  0.854670446269860E+00  0.223070229000996E+00  0.129683811543910E+00  0.966137558506493E+00
 0.499540451275495E-01  0.550556521628327E-01  0.997232905865185E+00 -0.293495431375798E+00 -0.153228002251407E-01  0.955837665900855E+00
 0.670156574619478E+00  0.664265192462548E+00 -0.331122212448791E+00  0.263742300535149E+00  0.485274524462983E+00 -0.833635792667070E+00
-0.240443209276934E-01  0.991359235763632E+00 -0.128952457507694E+00  0.115686049848348E+00 -0.992225924175832E+00  0.458743203099625E-01
-0.307264575621310E+00  0.282600064220774E+00  0.908694494464818E+00 -0.482857343117521E+00 -0.244537732432573E+00 -0.840862701999693E+00
 0.565689405537542E+00 -0.824408490595770E+00 -0.186047600410831E-01  0.485812988275636E+00 -0.746962114964190E+00 -0.453908954781596E+00
 0.437218821581154E+00 -0.594867599878785E+00 -0.674516301263091E+00  0.147798251313805E+00 -0.465933558761964E+00 -0.872388443142155E+00
 0.735248507147968E+00 -0.647337803787122E+00 -0.200906447195580E+00 -0.771710653292803E+00  0.559379944265872E+00  0.302583452203694E+00
-0.590068315358520E+00  0.515312697795105E+00 -0.621508010166472E+00 -0.257428584592879E-01  0.245404008547716E+00 -0.969079035903191E+00
-0.321914639253827E+00 -0.461626340286802E+00  0.826602738313570E+00 -0.693268239656295E-01  0.160674515542801E+00  0.984569698667354E+00
-0.311378182343178E+00  0.308049477716785E+00  0.898971160182058E+00 -0.204019077605815E+00 -0.420818642239254E+00 -0.883904907960570E+00
 0.364079946437728E+00 -0.253874056874923E+00 -0.896099188621310E+00  0.545437183084696E+00 -0.109083807329375E+00 -0.831022865080835E+00
-0.437087092029869E+00  0.620648416381806E-03  0.899418972879945E+00 -0.308331126622298E+00 -0.765109247361767E-01 -0.948197234098391E+00
-0.327839701157804E+00  0.157825963698233E+00 -0.931456974598121E+00  0.384038769676196E-01  0.122818860176529E+00 -0.991685771713396E+00
-0.785534496776386E+00  0.280206143229709E+00  0.551742758602776E+00  0.670346056410608E+00 -0.612419347327991E+00 -0.419021130342019E+00
-0.727243895741104E+00  0.592597816194546E+00 -0.346329531441888E+00 -0.844827698689580E+00  0.436667077217310E+00 -0.309173128200625E+00
-0.456726340025179E+00  0.778440983245293E+00  0.430616634526939E+00 -0.663462351131171E+00  0.714615073892078E+00  0.221682215790349E+00
-0.118004545507115E+00  0.544792677058884E+00  0.830226394583233E+00  0.167176998296102E+00 -0.376133624208317E+00 -0.911359066439031E+00
 0.853633536616746E+00 -0.475039467855545E+00  0.213652262198902E+00  0.702361498741879E+00 -0.680566060816784E+00 -0.208610071543507E+00
-0.594785635932232E-01 -0.985290866015040E+00 -0.160200530024776E+00  0.547325168661608E+00  0.170792347340479E-01 -0.836745755585556E+00
 0.616364718870046E+00  0.654620343526284E+00  0.437683377767284E+00  0.830880573597318E+00  0.304163094059141E+00  0.465963823307091E+00
-0.734658037087543E+00  0.676036851622913E+00  0.570240632580485E-01 -0.554847416215767E+00  0.775190264804602E+00  0.302033769752420E+00
 0.857464772788419E-01  0.585473394140196E+00 -0.806144184614779E+00 -0.529784041697414E+00  0.848109652794381E+00  0.623586399370021E-02
-0.723614965098527E-01 -0.717473152997960E+00  0.692817500175927E+00  0.210074375908479E+00  0.675288255329437E+00 -0.707003910032178E+00
-0.854218029745753E-01 -0.519822235309137E+00 -0.849992917179188E+00  0.200984224642336E+00  0.476494586265739E+00  0.855896168179506E+00
 0.148676418042652E+00 -0.669203769578431E+00 -0.728053320506146E+00 -0.224790990187079E+00  0.599176441965844E+00  0.768411739970092E+00
-0.474517154160085E+00 -0.849828492378269E+00 -0.229401403548219E+00 -0.171343149144330E+00 -0.948345841125786E+00 -0.266986312122418E+00
-0.821009663811737E-01 -0.837779397405751E+00  0.539800993516810E+00 -0.178287898612869E+00 -0.193761339009373E+00  0.964712376158564E+00
 0.732054595154815E+00 -0.848160348228429E-01  0.675945493327421E+00  0.283099207365069E+00 -0.136485561346265E+00  0.949329516202496E+00
 0.680447598176563E+00 -0.708815871491377E+00 -0.185933123616168E+00 -0.626452322877337E+00  0.771578548823156E+00 -0.110562336071290E+00
-0.125901409099381E+00 -0.393828326330516E+00  0.910520776570471E+00 -0.225220061682122E-01 -0.383926034931519E-01  0.999008892470521E+00
-0.553342788368106E+00 -0.306338717545367E+00 -0.774576238141649E+00  0.627031975137855E+00  0.123351069992586E+00  0.769165402034182E+00
 0.581421948748659E-01 -0.792202365270298E+00 -0.607482425783066E+00 -0.255069813017503E+00  0.852005073031259E+00 -0.457194429117652E+00
 0.561424273374063E+00 -0.694025246154012E+00  0.450701390021452E+00  0.514117636714580E+00 -0.381366610198447E+00  0.768272454435769E+00
 0.492399154085981E-01  0.927135993884838E+00 -0.371475812905400E+00  0.279778698135199E+00  0.799466781166983E+00 -0.531579482185191E+00
-0.254614118864996E+00 -0.620743372168603E+00 -0.741518250876776E+00  0.100647830242925E+00  0.723234020262338E+00  0.683229512098656E+00
-0.419103328838640E+00  0.904754554219476E+00 -0.759710232620823E-01 -0.321012122591184E+00  0.940155731179039E+00 -0.114273436461455E+00
-0.145124579767536E+00  0.312557977225576E+00  0.938747232869398E+00  0.668792811722503E+00  0.679593005563894E+00  0.301445719453672E+00
 0.801177637583854E+00  0.587914418331839E+00  0.111673764837987E+00 -0.925698003147908E+00  0.144998992040304E-02 -0.378260630382290E+00
 0.115992844519407E+00  0.949547938945113E+00 -0.291383547348483E+00  0.182002042806503E+00  0.907285399200463E+00 -0.379088987985562E+00
 0.490980407687595E+00 -0.846816283913215E+00 -0.204549310842975E+00  0.144036850137532E+00 -0.919406461128339E+00 -0.365985170516405E+00
 0.443357942269273E+00  0.851168646861010E+00 -0.280972720433056E+00 -0.586321320273350E+00 -0.783018911233491E+00 -0.207626332731748E+00
-0.541164494215772E-01 -0.929987058282460E-01  0.994194473237643E+00 -0.539088568137092E+00 -0.163590165376537E+00  0.826209279478255E+00
 0.138571747013932E+00 -0.953241435724674E-01 -0.985754116695275E+00  0.149162650372523E+00  0.137174732863054E+00 -0.979251549091343E+00
-0.716202400736896E-01 -0.283186241845284E+00 -0.956386999933255E+00 -0.996663087976710E-01  0.255033712166467E+00 -0.961781904877212E+00
-0.514649375986743E+00  0.829537189858323E+00  0.216804221449707E+00  0.523140557523184E+00 -0.851993554884506E+00  0.207590825807539E-01
 0.139695684239111E+00 -0.176356056093788E-01  0.990037424151106E+00  0.404336005846396E-01 -0.256740453083408E+00  0.965634228729641E+00
 0.575021487836939E+00  0.533948716466445E-01  0.816394069189403E+00 -0.328923772693914E-01  0.368559336625949E+00 -0.929022124011806E+00
-0.323689815385131E+00 -0.909527330058406E+00 -0.260739217021081E+00 -0.170549216275368E+00  0.570396358336750E+00  0.803468082268382E+00
 0.255712002629313E+00 -0.763054686861426E+00  0.593598278779611E+00  0.745036121440870E+00  0.221217836521712E+00 -0.629272474015031E+00
 0.406115430022078E+00 -0.410960847138191E+00  0.816199387170465E+00  0.217741731074381E+00  0.596860282430367E+00 -0.772234641676916E+00
-0.279533664282714E+00 -0.947891541771067E+00 -0.152848145463229E+00 -0.177191589347373E+00 -0.823207116842508E+00  0.539382223886177E+00
 0.482757505914575E+00  0.815200903913821E+00  0.319988557203580E+00  0.628752769754205E+00  0.408276900080499E+00  0.661800519331221E+00
-0.283402712008189E+00 -0.799193500189961E-01  0.955665108873890E+00  0.456411855842616E+00  0.415583774720538E-01 -0.888797569251958E+00
-0.687832630828165E-01 -0.990530294690446E-01  0.992702049999236E+00  0.955327563095352E+00  0.248928140542913E+00 -0.159323658118134E+00
 0.202292300465576E-01  0.998126958830818E+00  0.577351912343439E-01 -0.635522548907901E-01  0.936333305937767E+00 -0.345312975559778E+00
-0.948854048090530E+00  0.436848470038697E-01  0.312678156519549E+00  0.910509467927142E+00  0.390328649769934E+00 -0.136440661035531E+00
 0.355576422019938E+00 -0.786321312599988E+00 -0.505236777614744E+00 -0.122229241870628E+00  0.716230276407594E-01  0.989914215648660E+00
-0.586608402005086E+00 -0.207038053134999E+00  0.782959658763534E+00  0.372012715370234E+00 -0.103911866882343E+00 -0.922393009255757E+00
-0.622008704484087E+00  0.287994190365650E+00  0.728123971492260E+00  0.344793841742463E+00 -0.390698548448132E+00 -0.853505624431964E+00
-0.944889335494250E-01 -0.161279776442541E+00  0.982375017570854E+00 -0.133458700467727E-01  0.123736115132601E-01 -0.999834377029923E+00
 0.189013861233754E+00 -0.914651003133890E+00 -0.357333601453426E+00  0.222418122553354E+00  0.932851627691187E+00 -0.283404339193572E+00
-0.319962957175056E+00 -0.655886441498074E+00  0.683693412206661E+00  0.115750138653621E-01  0.150693379186241E-01 -0.999819450755341E+00
 0.165098204024988E+00 -0.986100940104430E+00 -0.186418602312696E-01  0.713314907411394E+00 -0.697462452728096E+00 -0.687602348685883E-01
 0.747001500172768E+00 -0.501611237666106E+00 -0.436319750855621E+00 -0.504188948311890E+00 -0.238867558443486E+00  0.829901074781445E+00
-0.286468646672749E+00  0.194569955645933E+00 -0.938124856739988E+00  0.184597782300080E+00 -0.196284639538238E+00 -0.963014018096952E+00
 0.128889443900213E+00  0.990485657663591E+00 -0.482252342017849E-01 -0.391255507576507E+00  0.867413186725128E+00 -0.307430465774632E+00
 0.259022105116731E+00 -0.874888519843236E+00  0.409240304597932E+00  0.454925359641768E+00 -0.559614336435981E+00  0.692729898019513E+00
 0.200989907411613E+00 -0.828318453241916E+00  0.522964240782858E+00 -0.436284061096542E+00  0.870501998388722E+00  0.227777279012527E+00
 0.866999421899699E+00 -0.126408194852537E+00  0.482009305615266E+00 -0.471512354742755E+00 -0.227340324085816E+00 -0.852051921170006E+00
-0.295954218284458E+00 -0.954757818363655E+00 -0.291308934485401E-01  0.328381445198275E+00 -0.906387975803091E+00 -0.265756399300312E+00
-0.534113893288435E+00 -0.482411442842242E-02 -0.845398767988369E+00  0.280457733031508E+00  0.366587512739716E+00  0.887106000140985E+00
 0.549213040860831E+00 -0.555217985528332E+00 -0.624578277155282E+00  0.961630458845541E+00  0.546724360945801E-01 -0.268845281438970E+00
-0.251115851259309E+00 -0.540229523212349E+00  0.803176749847797E+00  0.272334033146106E+00  0.313567253147419E+00 -0.909675630180318E+00
 0.165364649670328E+00  0.818987453720881E+00  0.549467090267650E+00 -0.320301940817008E+00 -0.883795438352038E+00 -0.341045876469702E+00
-0.517150992541142E+00 -0.750991559013310E+00  0.410568543856528E+00  0.296205880110771E+00  0.595322949419689E+00 -0.746895349083154E+00
 0.416880413377771E+00  0.272335951147784E+00  0.867204618676821E+00 -0.228104103265920E+00 -0.345075905809709E+00 -0.910434587053271E+00
-0.310366082054371E+00  0.353611611809788E+00  0.882401112365291E+00 -0.329171130001486E+00  0.373082809502398E+00  0.867441977556622E+00
 0.337387924352060E+00 -0.810559079540768E+00 -0.478710107555118E+00 -0.127458874461885E+00  0.980807830593175E+00  0.147547398377673E+00
 0.527484834480863E+00  0.661686660688031E+00  0.532851304268104E+00  0.139678101117949E+00 -0.427458528649568E-01 -0.989273885297157E+00
-0.302965708436349E+00  0.826756356842273E+00 -0.474010238214907E+00 -0.615652852639610E+00  0.598408745401966E+00 -0.512716820928624E+00
 0.530274883495988E+00 -0.786575314808542E+00 -0.316398201744510E+00  0.141993432351545E+00 -0.469970156165055E+00 -0.871186499828378E+00
 0.907978836325522E+00 -0.329318852525986E+00 -0.259082083818851E+00 -0.803892499233011E+00 -0.518232496452048E+00 -0.291876565174357E+00
 0.151912452172675E+00  0.998014543445564E-01 -0.983342400481946E+00  0.154190636237849E+00 -0.606855402280118E+00 -0.779712619123227E+00
 0.459509207434343E-01 -0.978677084655161E+00  0.200199093039167E+00 -0.186066273744611E+00  0.916557235678409E+00  0.353980473332003E+00
-0.914653189203711E+00  0.532249649239649E-01  0.400720159947465E+00 -0.853802258948290E+00  0.879250264381217E-01  0.513118789697526E+00
-0.955812947049972E+00 -0.184981396589480E+00  0.228480837637323E+00 -0.805057609684217E+00 -0.447486679873491E+00  0.389407134533171E+00
 0.652500673869938E+00 -0.739845899732455E-01  0.754167853362743E+00  0.490947056590734E+00 -0.391853279613001E+00  0.778088680602301E+00
-0.512443070168253E+00 -0.463813455890402E+00 -0.722688852807027E+00 -0.341995076130003E+00 -0.416156258730458E+00 -0.842527943882161E+00
 0.813081034947710E-01  0.364316228937447E+00 -0.927719072585490E+00  0.132357890900069E+00  0.163391087286350E+00 -0.977642440420765E+00
-0.675524076637132E+00  0.434326391414922E+00 -0.595842099556622E+00 -0.721000284237526E+00  0.688208882851669E+00 -0.807906163701196E-01
 0.532413425661387E+00 -0.380034212780109E+00 -0.756379495552404E+00 -0.357652409305114E+00  0.358077956656577E+00  0.862476046667325E+00
 0.720837237194508E+00  0.662410195710133E+00 -0.203976493971859E+00 -0.653200642027437E+00 -0.641987550887698E+00  0.401473418497612E+00
-0.928370987241022E-02 -0.515673198186033E+00  0.856735061383385E+00  0.267723140231636E+00 -0.352806668257303E+00  0.896577813141555E+00
-0.943407730044497E+00  0.893094128470310E-01  0.319383286458777E+00  0.873160411070039E+00  0.385658724737988E+00  0.298091000490571E+00
 0.164148250957310E+00  0.243689306055908E+00  0.955861325622941E+00  0.139835298963695E+00  0.563035363749931E+00  0.814516585669511E+00
 0.850918181599148E+00 -0.317650890746801E+00  0.418373230300128E+00 -0.164714207259564E+00  0.207499579290830E+00  0.964268196364985E+00
-0.679124902768489E+00 -0.367594606559210E+00  0.635345238172342E+00  0.596018396834145E+00  0.504138036674379E+00 -0.624985528323143E+00
-0.819174863286921E+00  0.551817669097360E+00  0.156364329150901E+00  0.774547223111620E+00  0.360511248791805E+00 -0.519719384538091E+00
-0.907388105416299E+00  0.310234247939622E+00  0.283551648830257E+00  0.796780906287612E+00 -0.572695769929217E+00  0.192768624212219E+00
 0.469155829758391E+00  0.729930929335072E+00 -0.497085149450026E+00 -0.227888110720687E-02  0.767022497981704E+00 -0.641616158065557E+00
 0.224414020386476E+00  0.108746732561347E+00  0.968407195146344E+00 -0.835403156606793E-01 -0.613866319610196E-01 -0.994611832362654E+00
-0.934520350176972E+00  0.224682177884166E+00 -0.276024698254229E+00 -0.896998881532579E+00  0.441801860924597E+00 -0.142871345225293E-01
-0.215610971077805E+00  0.962214488770052E+00  0.166298486919976E+00  0.578095137237985E+00 -0.332905671246710E+00  0.744969681499571E+00
-0.371668730522805E+00 -0.890454405351634E+00  0.262589616591049E+00 -0.599233893594810E+00 -0.651059415411985E+00  0.465875925940168E+00
-0.947255364355396E+00  0.291991596057929E+00 -0.132091568737256E+00 -0.872962731915426E+00 -0.486296943367264E+00  0.380966082271309E-01
 0.557545126199746E+00 -0.378896147640992E+00  0.738634646867939E+00 -0.430169364153722E+00  0.502100025984461E+00 -0.750233218439430E+00
 0.444470415733838E+00  0.874245023686812E+00 -0.195298971057797E+00 -0.602737064387553E+00  0.792838480319662E+00 -0.900842679821715E-01
 0.821443565149262E+00  0.404721314158121E+00  0.401784926473100E+00 -0.214209350955527E+00  0.836880268660513E+00  0.503731843235982E+00
 0.264385694117436E-01 -0.539639697830981E+00 -0.841480836723183E+00  0.588021615319985E-01 -0.461561512559141E+00 -0.885157204073538E+00
 0.527460403071935E-01  0.736953639480222E+00  0.673882177007797E+00  0.132772708987811E+00  0.410777312062840E+00  0.902016301206617E+00
-0.595848682063128E+00 -0.690796982193399E+00 -0.409589889372439E+00  0.325980506270667E+00  0.942974899439751E+00  0.673427691598081E-01
 0.460269314825221E+00  0.861796348763912E-01 -0.883586570949838E+00  0.685688076410000E-01  0.411477341589913E+00  0.908837012877881E+00
-0.439710810727383E+00  0.128096235595549E+00 -0.888957680295140E+00  0.842612805484833E+00 -0.278597493665467E-01  0.537798748974198E+00
-0.808645465429893E+00 -0.583228251954023E+00 -0.770539899182828E-01  0.844961611693551E+00  0.426787359860893E+00 -0.322323477623342E+00
-0.463801154535564E+00 -0.663338503222293E+00  0.587256774498418E+00 -0.837564597098460E+00 -0.124939339546139E+00  0.531860608732278E+00
 0.704605358288820E+00 -0.570303429599928E+00 -0.422238424657495E+00 -0.147381306976720E+00  0.485564454774010E+00 -0.861687826659895E+00
-0.429595175603192E+00  0.403983849534794E-01 -0.902117484361994E+00  0.789322101234096E-01  0.317798189266732E-01 -0.996373298173943E+00
-0.121426751346054E+00  0.989988356746302E+00 -0.719624733058909E-01  0.885504494515085E-01 -0.771881679243816E+00  0.629569290189477E+00
 0.600826568414656E+00  0.543413437215259E+00 -0.586267235090762E+00  0.142859964501517E+00  0.552486723271858E+00 -0.821187829397727E+00
-0.582675899300384E+00  0.313583371178928E+00 -0.749769475035192E+00  0.698407449904959E+00  0.475988748727489E-01  0.714115803653791E+00
 0.251311121297315E+00  0.543557800443443E+00 -0.800866804087529E+00 -0.709070564198036E-02  0.604632962168920E+00 -0.796472663028893E+00
 0.424799921499101E+00 -0.898819972367601E+00  0.108017054058437E+00 -0.136440783928474E+00  0.969500220208607E+00 -0.203600676561855E+00
-0.949334433423435E+00  0.181227390390805E+00 -0.256750397251385E+00 -0.981245602851903E+00  0.143460622177416E+00 -0.128748268991368E+00
-0.475299034940797E+00  0.866124317287827E+00 -0.154659284839426E+00  0.473143791578880E+00  0.782022750391289E+00  0.405678900561521E+00
 0.598135960444627E+00 -0.791580174814997E+00 -0.125036793236400E+00  0.851196888302264E+00  0.143105325299931E+00 -0.504960120420756E+00
 0.977756113823870E+00  0.204965396941326E+00  0.445215446354585E-01 -0.967743290036737E+00 -0.215231846760193E+00  0.130951047071299E+00
-0.954865946301500E+00 -0.278233647064034E+00 -0.104005106774559E+00 -0.131861548692324E+00 -0.203520784004779E+00  0.970150412283859E+00
-0.637805268780189E+00 -0.768651445889585E+00 -0.487790308235140E-01 -0.225536387295303E+00 -0.759591041143841E+00 -0.610044906723921E+00
-0.323877658031892E+00  0.822788875672643E-01 -0.942514428159310E+00 -0.645743766229013E+00 -0.514298783432417E+00 -0.564368452109352E+00
 0.514277471068327E+00 -0.857016036243980E+00 -0.322830663386055E-01  0.250187105502749E+00  0.291493686254036E+00  0.923275605176585E+00
-0.598203777297961E+00  0.774927963562000E+00 -0.204056100413840E+00  0.372085275418819E+00  0.574362360757248E+00  0.729150482659007E+00
-0.435164039535625E-01 -0.341326115660563E+00  0.938937061445027E+00  0.304396027158542E+00 -0.941216280463524E+00  0.146475158441647E+00
 0.558889521966798E+00 -0.695246781474217E+00  0.451967272139771E+00  0.301772379724836E+00  0.638478467265844E+00 -0.708010365512446E+00
-0.571816995713525E+00  0.323534434656244E+00 -0.753890438329618E+00  0.651323731674714E+00  0.296844301092342E+00  0.698327185111910E+00
-0.817136775668086E+00  0.277650511607403E+00 -0.505170944586990E+00  0.529543604610477E+00 -0.289845256171602E+00  0.797228510711303E+00
-0.214252959963384E+00  0.429688081832844E+00 -0.877190869467837E+00 -0.147193989672024E+00  0.413077124295525E+00 -0.898721991935310E+00
-0.109193218436263E+00 -0.985382221101278E+00 -0.130762071660870E+00 -0.511476177158309E+00  0.651906485816430E+00  0.559830379624039E+00
-0.932648580645298E+00  0.327841648669913E+00 -0.150620312102003E+00  0.723530592863904E+00 -0.644651597512735E+00  0.246835570804301E+00
-0.706785996196322E+00 -0.665408260210261E+00  0.240177856649455E+00  0.642471064491064E+00  0.492040609221407E+00 -0.587475080466181E+00
-0.191578547125442E+00  0.189948267007106E+00  0.962921240882297E+00  0.501651152927498E+00 -0.120123661740460E+00 -0.856689224081041E+00
 0.436888102138291E+00  0.859852755373465E+00  0.264162876435472E+00  0.561849949154518E+00  0.743666557272609E+00  0.362332287036872E+00
-0.353092012007018E+00 -0.272748334421123E+00  0.894949371264844E+00  0.251208293692307E+00  0.335211532252315E-01 -0.967352430847543E+00
-0.508062522985424E+00 -0.950688107231949E-01  0.856057471181324E+00  0.560736700737974E+00 -0.246357086477176E+00 -0.790495122304982E+00
-0.567436376306243E+00 -0.101003511529053E+00  0.817199026861413E+00  0.800994275452282E+00 -0.109799015468840E+00 -0.588517074429236E+00
-0.107949865873361E+00 -0.111622846202300E+00 -0.987870015064543E+00 -0.109783321682487E+00 -0.597864465100883E+00 -0.794043892772934E+00
-0.431635387907062E+00 -0.390147891773043E+00 -0.813311449846472E+00  0.166604075731004E+00  0.421957498067987E+00  0.891176162031965E+00
 0.656112147095118E+00 -0.747736388775178E+00 -0.102015407344628E+00  0.816329227163162E+00 -0.525304680077930E+00 -0.240128269821398E+00
 0.524154965024254E+00 -0.303735306484842E+00 -0.795617016054195E+00 -0.602454344373846E+00  0.333948085460587E+00  0.724932713541255E+00
-0.912648916149909E+00  0.683679669467824E-01  0.402986075374771E+00  0.430293457101548E+00 -0.864606385548377E+00 -0.259428870491642E+00
 0.456778805162814E+00  0.577083167293456E+00  0.676999365716531E+00  0.854764597773927E+00  0.170956322296169E+00  0.490052464802846E+00
 0.361134288643888E+00  0.576225120820502E+00 -0.733175719525047E+00 -0.354998463571596E+00 -0.933762199429498E+00  0.454339716334859E-01
 0.178552691785608E+00 -0.832034031763448E-01 -0.980406104609712E+00  0.232548656438963E+00  0.292653269375234E+00 -0.927510208198497E+00
 0.638670675289073E+00 -0.676465964029891E+00 -0.366733647263117E+00  0.467734712609967E+00 -0.604703180988602E+00 -0.644638116715058E+00
 0.551467420620891E+00  0.827899040297907E-01  0.830078017890173E+00  0.120564932520321E+00  0.330476381962908E-01  0.992155204923110E+00
-0.560135255083930E+00 -0.587659647748937E+00  0.583870391799118E+00 -0.326809010231775E+00  0.124066524740747E+00  0.936911611770332E+00
 0.152149495481911E-01  0.707935808833128E+00  0.706112877578387E+00 -0.105312005292365E+00 -0.717402904072683E+00 -0.688652637234028E+00
-0.768800766975828E+00  0.284182096085553E+00 -0.572875132085344E+00 -0.938728828783255E+00  0.130444547284045E+00  0.319017877391031E+00
 0.378340905073376E+00 -0.712701984352059E+00 -0.590689462449514E+00 -0.387102121329939E+00  0.860985826898252E+00  0.329932346917053E+00
-0.157096226828749E+00  0.776335358988122E+00  0.610429509362837E+00 -0.102436211762010E+00  0.269802975249646E+00  0.957451396712276E+00
 0.437320090678804E+00  0.431343753604889E+00 -0.789109437603383E+00  0.276236902159565E+00  0.902149447940490E-01  0.956846088783924E+00
-0.708345420703160E+00  0.306012792843632E+00  0.636084063300523E+00 -0.510670931425698E+00 -0.481273993700904E+00  0.712453888180837E+00
-0.507802779160801E+00  0.606615905258770E+00 -0.611680865291412E+00 -0.278717418224110E-01 -0.840131299701783E+00  0.541666470504846E+00
-0.535717555475192E+00  0.649878318445985E+00 -0.539133445419131E+00  0.841269826872980E+00 -0.258104380984246E+00  0.475023375119420E+00
-0.168805017045168E+00 -0.334007469304855E+00 -0.927331589383726E+00  0.479706284167553E+00 -0.126789603018418E+00  0.868220178005897E+00
 0.346416414387501E+00  0.931878063034737E+00  0.107698391248589E+00 -0.272244171211602E-01  0.940854763743272E+00  0.337714590525795E+00
-0.499171235622314E+00  0.217637109658054E-01 -0.866230003181770E+00  0.363201479370552E+00 -0.278386737190538E+00  0.889148755799303E+00
-0.460853522852940E-01  0.772467267127959E+00 -0.633380187186655E+00 -0.331509132221575E+00 -0.355276953893907E+00  0.874002277620353E+00
-0.411592168425702E+00 -0.895440276742959E+00 -0.169642558566889E+00 -0.306571469879607E-01  0.961264404139928E+00 -0.273917660387329E+00
 0.395293957819879E+00 -0.552212079994956E+00  0.734033041230938E+00 -0.226669587047673E-01 -0.323338146704854E-02 -0.999737842750471E+00
-0.246544880790081E+00 -0.160257504299792E-01  0.968998863301377E+00 -0.267272845458360E+00  0.105547738207662E+00  0.957823000893087E+00
 0.974476627283754E+00  0.848406664489131E-02 -0.224328606046675E+00  0.804957811240215E-01  0.254938729017227E-01 -0.996428869345777E+00
-0.692806947967753E+00  0.473065200284691E+00 -0.544268177580881E+00 -0.685689649902066E-01  0.102451559945010E-01 -0.997593771942678E+00
 0.445117984753695E+00 -0.762506535926022E+00 -0.469525039075561E+00 -0.484270301783806E+00  0.815624949561053E+00 -0.316604195271874E+00
 0.921554019036713E-01  0.447543589610006E+00 -0.889501049633424E+00  0.888603176778553E-01 -0.315361533925052E+00  0.944802067558401E+00
-0.364454533848812E+00  0.793066305971481E-01  0.927837998305940E+00  0.149336004267402E+00 -0.413942117230035E+00 -0.897970312099772E+00
-0.632344649684649E+00  0.399377135292935E+00  0.663805805804987E+00 -0.580504441080330E-01 -0.299506100705223E-01  0.997864272782258E+00
 0.560385977415386E+00  0.602271277144444E+00  0.568539237909753E+00 -0.149271212881090E+00  0.875870261685443E+00  0.458878404046302E+00
-0.207809880192950E+00 -0.690873092181094E+00  0.692466189928668E+00  0.722554117875332E+00  0.655971573579068E+00 -0.218212835089051E+00
 0.485100056817971E+00 -0.627971176330832E+00  0.608547563114726E+00  0.877736268734883E-01 -0.201508135320569E+00  0.975546135159738E+00
-0.528388697035156E-02 -0.679343822103985E+00 -0.733801098328174E+00 -0.145480032559519E+00  0.158150249486152E+00  0.976639165052247E+00
 0.937203173230323E-01 -0.993963113814211E+00  0.570423570483178E-01  0.134175014773613E+00 -0.123620363985312E+00 -0.983216695860399E+00
-0.110403599641187E+00  0.952772021433134E+00  0.282907264594759E+00  0.869903326639707E+00  0.464804893649141E+00  0.164998827695779E+00
-0.468699141594726E+00  0.182443215778364E+00  0.864312204984296E+00 -0.343273783400493E+00 -0.241179173660746E+00  0.907742097636896E+00
-0.197144276466360E-01 -0.974030081109376E+00 -0.225558733895695E+00 -0.113055501592363E+00  0.936233997412017E+00 -0.332692584302106E+00
 0.294029763159095E+00 -0.182948955311708E+00  0.938123754164109E+00 -0.628495046044458E-01 -0.231211919725517E+00  0.970871251993701E+00
 0.474226258204735E+00  0.135087024818947E+00 -0.869977558190268E+00  0.831931935733289E-01 -0.113721850774958E+00 -0.990023349825341E+00
-0.453727947737540E+00 -0.289778483657120E-01 -0.890668981017063E+00  0.271400684333340E+00  0.109118328166231E+00  0.956260873925940E+00
 0.646171790260786E+00 -0.309564545094548E+00  0.697590001284118E+00 -0.707062367568835E+00  0.126571466599445E+00 -0.695731609322747E+00
 0.379926839612940E-01 -0.998740876458290E+00  0.327600008660520E-01  0.183294336024216E+00  0.971227062610919E+00  0.152056500135996E+00
 0.951915227700514E+00 -0.291944420256532E+00  0.928754798262549E-01  0.586845492746204E-01  0.778524607069785E+00  0.624864433187929E+00
-0.752901022139840E+00 -0.292911684307470E+00  0.589357952399851E+00  0.748089473453840E+00  0.441282031688484E+00 -0.495613063000200E+00
-0.719023174361035E+00 -0.476891098212380E-01  0.693347981562101E+00  0.290689428687381E+00 -0.372780720940574E+00 -0.881211773720954E+00
 0.105694882848674E+00  0.339921802855153E+00 -0.934495457283398E+00  0.407656574929119E-01 -0.295451302695621E-01  0.998731819081842E+00
-0.938838297216867E-01 -0.451673913192695E+00  0.887229678639070E+00  0.220157452304184E+00  0.162144432924656E+00 -0.961893902188008E+00
 0.714346783164806E+00  0.256343886424900E+00 -0.651150124990137E+00  0.843777417186084E+00  0.866699534767215E-01 -0.529648930340772E+00
-0.209071829993535E+00 -0.343175445350674E-01 -0.977297946401320E+00  0.185737432417331E+00  0.234047030924590E+00 -0.954318392107373E+00
-0.244460307523150E+00 -0.744098596409238E+00 -0.621736629826078E+00  0.511321666172538E+00  0.566530040208019E+00  0.646215031738228E+00
 0.588524315016325E+00  0.115938418572824E+00 -0.800123374070148E+00 -0.626745298115615E-01  0.653041338343116E+00 -0.754724395874370E+00
 0.300505126632399E+00  0.762155303569077E+00 -0.573424765866608E+00 -0.135378164387385E+00  0.230133510774594E+00 -0.963696694933454E+00
 0.292887393301752E+00 -0.260932505999686E+00  0.919853902615860E+00  0.304080886509203E+00 -0.173270539833307E+00  0.936756176646651E+00
 0.675405839538007E+00 -0.125126837763832E-01 -0.737340073956836E+00  0.697221956616814E+00 -0.332624280720585E+00 -0.635013882593550E+00
-0.591522162745034E+00  0.778886949961508E+00 -0.208414611198683E+00  0.359790103989015E+00 -0.395101905448326E+00  0.845248818622467E+00
 0.544998539749581E-01  0.222379579814636E+00  0.973435713541564E+00  0.181758647676695E+00 -0.910125931726335E-01 -0.979122312011493E+00
-0.159223929373470E+00  0.972502779931836E+00 -0.169959063717485E+00 -0.343508849947712E+00 -0.704291457202103E+00  0.621269034573379E+00
 0.845749672014628E+00 -0.324879275527841E+00 -0.423274082149681E+00  0.138479785221948E+00 -0.303597781602545E+00 -0.942683263928504E+00
-0.641655087716781E+00  0.284516204309753E+00  0.712270508930660E+00  0.907298087137040E+00 -0.420050459535490E+00  0.191779175483800E-01
-0.203991025714935E+00  0.956950492929327E+00 -0.206478607875213E+00 -0.499086116919456E+00  0.610311139436252E+00  0.615169375845614E+00
-0.355297111157534E+00 -0.878221982654275E+00 -0.320140769015608E+00  0.919416974258350E+00  0.363120615970327E+00  0.151049149957723E+00
-0.471138782274824E+00 -0.618552687764606E+00  0.628824952030195E+00  0.994789759815878E-01  0.400319170857052E+00 -0.910960204828936E+00
 0.197621704371117E+00 -0.299091306961898E+00 -0.933536315341443E+00 -0.155672251559451E+00  0.631443607378168E+00  0.759634860176689E+00
-0.416012135125796E-01  0.472266129738688E+00  0.880473759822472E+00  0.533414671599885E+00  0.155822701730171E+00 -0.831377215075983E+00
 0.355984538236877E+00 -0.714547475320414E+00 -0.602243234955363E+00  0.129984044606190E+00  0.889006261574060E+00  0.439058099834098E+00
 0.530881786311938E+00 -0.532548292832679E-01  0.845770921775073E+00  0.652123726960917E+00 -0.703153124975393E+00  0.283390768325193E+00
 0.516968907304567E+00 -0.293548938350822E-01  0.855500694966552E+00  0.671097769445976E+00  0.449202398893033E-01  0.740006726924102E+00
 0.242815873028499E+00  0.729451188629967E+00  0.639485273647279E+00 -0.190572626465053E-01 -0.329865869126470E+00 -0.943835435404849E+00
 0.413242962895868E+00 -0.290001879366667E+00 -0.863208644292239E+00  0.365375560865712E+00  0.596733856576704E+00 -0.714429425441842E+00
 0.477418790661208E+00 -0.490153612339069E+00  0.729260402486348E+00  0.395077660523404E+00 -0.389458360481033E+00  0.832007107906404E+00
-0.332920405053332E-01 -0.921921774145108E+00  0.385942848613791E+00 -0.480143205009209E+00 -0.328732814151567E-01 -0.876573927317305E+00
-0.108556718495337E-01  0.909841580603658E+00  0.414813756514093E+00  0.253673055762961E+00  0.426396468477652E+00  0.868237313440092E+00
-0.303468053284431E+00  0.834321908871501E+00  0.460232650963371E+00 -0.459582772068587E+00  0.652951962367964E+00  0.602027748909947E+00
-0.314987342360730E+00 -0.690972736208394E+00 -0.650645565549485E+00  0.609838424989714E-01 -0.169498825641916E+00 -0.983641763580661E+00
-0.947377716451750E+00 -0.319341119188493E+00  0.222870358304771E-01  0.926970313909398E+00  0.340095780217456E+00  0.158306340394164E+00
-0.651623564329725E+00  0.494035394688597E+00 -0.575600346772921E+00  0.729130680890178E+00 -0.266021013981888E+00  0.630556318107014E+00
-0.542266145773353E+00 -0.113684574769269E+00  0.832480176705513E+00 -0.358311389672388E-01 -0.168626992355852E+00  0.985028459959066E+00
 0.707518208669905E+00  0.214775000229940E+00  0.673267913743673E+00  0.353433835717759E+00  0.127220816257676E+00  0.926768249175900E+00
-0.695694237478478E+00  0.688980322195910E+00  0.203262499163173E+00 -0.894244031001253E+00  0.441232979699245E+00  0.751070612150091E-01
 0.473424253024810E+00  0.563906632875644E+00  0.676667411692594E+00 -0.463251473559299E+00 -0.605974759596121E+00 -0.646678175739341E+00
 0.799270957315651E+00  0.460948733700869E+00 -0.385606278075563E+00 -0.845514858273482E+00 -0.333296850741242E+00  0.417154448285936E+00
 0.345779809436149E+00  0.367334974228085E+00  0.863424194758956E+00  0.830272127542971E-01 -0.110155161595765E+00  0.990440468840033E+00
-0.733962655669924E+00  0.504347020545128E-01  0.677314669050231E+00 -0.830820036745342E+00  0.124473679429661E+00  0.542442964441157E+00
 0.473577561591922E+00 -0.338427769500943E+00  0.813136481771213E+00 -0.463243197840121E+00  0.219585322117546E-01 -0.885959120116704E+00
 0.723918575615478E+00  0.666401102335427E+00 -0.178469792079738E+00 -0.868395780231500E+00  0.281637878004656E+00  0.408128502495425E+00
 0.917990866548450E+00  0.391694557623222E+00  0.621943925283798E-01 -0.669680105669258E+00  0.735513517446327E+00  0.102705509708791E+00
 0.867968604383883E+00  0.495778178146555E+00 -0.288877115323608E-01 -0.735080945532199E+00 -0.677825977288046E+00 -0.144204032188438E-01
 0.141238810004309E+00 -0.868527174131318E+00  0.475091724137597E+00 -0.147123341955079E+00  0.801236241319596E+00 -0.579978627061390E+00
 0.976611641375062E+00  0.127674804518766E+00 -0.172999555553770E+00  0.896221498403405E+00 -0.392304840237159E-01 -0.441868753050972E+00
-0.953435220236197E+00  0.755805482825130E-01  0.291974076819278E+00 -0.681771205123875E+00 -0.455548568243106E+00  0.572419012468660E+00
 0.312491321639982E+00  0.891798398572704E-01  0.945725187389407E+00  0.180152203870402E+00 -0.129575920000094E+00 -0.975066799966426E+00
 0.405858141231712E+00 -0.869006444909538E-02  0.913894770734470E+00  0.644175543824500E+00  0.912564596804859E-01  0.759414331774818E+00
 0.512954186729965E+00 -0.237993976481426E+00  0.824764735833655E+00  0.714253100684581E+00  0.161709035276161E+00  0.680949848426824E+00
 0.337262563950647E+00  0.476489558683081E+00  0.811918507870980E+00 -0.151459735683469E+00  0.148295867927559E+00 -0.977275950805250E+00
-0.230415647227172E+00 -0.760000522502726E+00 -0.607707030820335E+00 -0.139453128588929E+00 -0.405477224253645E+00 -0.903405249895261E+00
 0.632587170508946E-01  0.990644859034646E+00  0.120917732303006E+00 -0.599603512178410E+00  0.584781342152400E+00  0.546357401390110E+00
 0.719437600826188E+00  0.479190364493101E+00 -0.502778413512779E+00  0.552422691933485E+00 -0.639721794836747E+00  0.534401716546470E+00
 0.206873287095159E+00  0.306459505015259E+00  0.929131860863810E+00 -0.166141306709814E+00 -0.462454966628136E+00  0.870937695846106E+00
-0.813298384148688E-02 -0.573793262993409E+00  0.818959795055417E+00 -0.886633908326574E-01 -0.344850166041916E+00  0.934460895975278E+00
-0.913258319112489E+00  0.319113769635299E+00  0.253230418001038E+00 -0.906227498088075E+00  0.329111023973477E+00  0.265400933698729E+00
-0.495068076025222E-01  0.660424288504086E+00  0.749258857241526E+00 -0.520487910035589E+00 -0.214200787862684E+00 -0.826565398492939E+00
 0.407567325340799E+00  0.646136797951972E-01  0.910886352789343E+00 -0.460730891398296E+00 -0.219670852604182E+00 -0.859925439923418E+00
 0.812136574038832E+00 -0.672331411423249E-01  0.579580788018897E+00  0.183576146670484E+00  0.351443483703074E+00 -0.918034463479593E+00
-0.458858925506167E+00 -0.860202320696112E+00 -0.222486974792569E+00 -0.280642824399227E+00 -0.825205358691753E+00  0.490179274449298E+00
 0.977693943824736E+00 -0.125461550309740E+00 -0.168445693332630E+00 -0.620166424267984E+00 -0.206794023680380E+00  0.756723092009713E+00
 0.738083752053189E+00  0.164070117032641E+00 -0.654456546801987E+00 -0.442920745691919E+00 -0.304985803188279E-01  0.896041879397526E+00
 0.906493398355988E+00  0.404894990978847E+00  0.119706996525896E+00  0.997370290692989E+00 -0.101599214306418E-01 -0.717584785200002E-01
-0.391560761956855E+00 -0.712606720742833E+00  0.582126988936188E+00 -0.704949934105125E+00 -0.426256933765042E+00  0.566877955844470E+00
-0.433567684351659E+00 -0.869466917921645E+00  0.236741085842269E+00  0.919032304617256E+00 -0.394164005076819E+00 -0.378948171869442E-02
 0.750315310258221E+00  0.568218721584460E+00  0.337867458677264E+00  0.366238400285388E+00  0.892551725763679E+00  0.263098557564798E+00
-0.334309870281931E+00  0.531548638242270E+00  0.778262780694841E+00 -0.103721594999312E+00 -0.646344504403210E+00 -0.755963367074469E+00
-0.922340629507653E+00 -0.220108513483448E+00 -0.317553153742066E+00  0.531860716894650E+00 -0.242691369784520E-01  0.846484014506257E+00
-0.177702029848254E+00  0.360932812670993E+00 -0.915505048224867E+00  0.726702234070036E-01  0.528463665260772E+00 -0.845839933515276E+00
-0.756660085557665E+00  0.462645471877208E+00  0.461979092898567E+00 -0.904948186444807E-02  0.553380597063625E+00  0.832879356012316E+00
-0.730652500724128E+00 -0.137194655792448E+00  0.668823257376394E+00  0.834941002018903E+00 -0.129683438365766E+00 -0.534841779371529E+00
-0.477290340654282E+00 -0.788480192411247E-01 -0.875201074370839E+00  0.734439191946947E+00 -0.124637549928113E+00  0.667131587080265E+00
-0.387226676377551E+00  0.793468602755050E-01 -0.918563866514471E+00 -0.849016844441986E+00  0.289456095221734E+00 -0.442024396151116E+00
 0.756675337448306E-01  0.390612946973320E+00 -0.917439889035676E+00 -0.203724992145829E+00 -0.833303981718193E+00  0.513907191648246E+00
-0.962454525479542E+00  0.260959962094295E+00 -0.747073260644023E-01 -0.902717137209520E+00  0.396098115123612E-01 -0.428407321389591E+00
 0.910928186052890E+00 -0.707026488129896E-01 -0.406461529920383E+00 -0.976528509907538E+00 -0.728477254085150E-01  0.202695037533161E+00
-0.500634163746607E+00 -0.559831000469579E+00 -0.660268646085035E+00  0.146653619266312E-01  0.241746751388066E+00  0.970228547999324E+00
 0.361293297939544E+00 -0.678109676812135E+00 -0.640026889339588E+00  0.568134951987679E+00 -0.400403875709018E+00 -0.718957170245317E+00
 0.971407235758720E+00  0.235492911537016E+00  0.301839515541395E-01  0.860273035657574E+00 -0.480569691172950E+00 -0.170244165968876E+00
-0.244019890411055E+00 -0.191922607039061E+00  0.950589294065059E+00 -0.689358986549286E-01 -0.282258312767990E+00  0.956858446558322E+00
 0.810544499448679E+00 -0.585650691099692E+00 -0.555719605043725E-02  0.678704774943780E+00 -0.728868113827735E+00 -0.900616517376415E-01
 0.729078702793574E-01  0.567973430872314E+00 -0.819811334560862E+00 -0.186045723280349E-01 -0.700451479517805E-01  0.997370315949349E+00
-0.561133266025735E+00  0.230395717564502E+00  0.795014006849709E+00  0.584511302363500E+00  0.125010398725888E-01 -0.811289258779770E+00
-0.847099018100639E+00 -0.683009955916235E-01  0.527027729378755E+00 -0.528008889007295E+00 -0.157471301749351E+00  0.834511475208488E+00
-0.456613966808207E+00  0.409131789918163E+00  0.790009407408566E+00  0.588833471732746E+00 -0.724454791341016E+00 -0.358385822641195E+00
 0.304488565434882E+00  0.921556514829798E+00  0.240874040722873E+00 -0.102997350049350E+00  0.993023796938118E+00  0.574045694820068E-01
 0.207566877324528E+00  0.410080443252137E+00  0.888115995520785E+00 -0.138614154031663E+00 -0.700359789885607E+00 -0.700201600264863E+00
 0.272826780571291E-01  0.517351526796282E+00 -0.855337976006904E+00 -0.328771769008265E+00  0.639857834222214E-02 -0.944387728689003E+00
 0.755951553103941E+00 -0.869553374809483E-01 -0.648826647605748E+00 -0.641730172797807E+00 -0.441020570848352E-01  0.765661409424416E+00
-0.762272123353376E+00 -0.198303459878138E+00 -0.616130625564656E+00 -0.725173452118199E+00 -0.411528364494257E+00 -0.552057849830665E+00
 0.994417235493861E-01  0.293877761053567E-01  0.994609321408717E+00 -0.165905978934861E-01  0.219880961818795E-02  0.999859948841736E+00
-0.371335024587482E+00 -0.857924946001655E+00  0.355070537418513E+00  0.132597246366302E+00  0.720544869184836E+00 -0.680612269759723E+00
 0.786112942824619E+00 -0.214609325807918E+00 -0.579628569344101E+00 -0.896810360401296E+00  0.393574280528747E+00 -0.202065492311715E+00
-0.165565691653665E+00  0.807529955577222E+00  0.566112508776032E+00  0.693410826317642E+00 -0.396459744230744E+00 -0.601665270021444E+00
-0.436706543842133E+00 -0.611383479882911E+00 -0.659922446270560E+00 -0.986745685899068E-01 -0.170602326799724E+00 -0.980386747974551E+00
 0.306929227182680E-01  0.137680703684892E+00  0.990000994104472E+00  0.238444849787168E-02 -0.226771250866414E+00 -0.973945128939943E+00
 0.292385949773139E+00  0.827087240320004E+00  0.480038699768154E+00 -0.122418365002649E+00  0.125141146748519E+00  0.984557482984383E+00
-0.628285274538428E-01 -0.992766792279330E+00  0.102306755815009E+00 -0.448715358046472E+00  0.893493676834089E+00  0.179882436809989E-01
-0.312692826934533E+00  0.768815915086659E+00  0.557803984113732E+00 -0.117858500820865E+00 -0.331496798509238E+00  0.936065834416781E+00
-0.269138440636741E+00 -0.309842599335114E+00  0.911900248606657E+00  0.232298983586481E+00 -0.175297234170279E+00  0.956717336477676E+00
-0.262772128951785E+00  0.626858481696878E+00  0.733484323057304E+00  0.446467005832472E+00  0.677452538581230E+00  0.584572724879321E+00
-0.871294140515934E+00 -0.208397281503615E+00  0.444316434272358E+00  0.694619582554419E+00 -0.655721234505886E+00 -0.295860267947558E+00
 0.455086987134779E+00 -0.879193889888476E+00  0.141116753517647E+00  0.370505246475480E+00 -0.892279100132715E+00  0.257999747675255E+00
 0.202269551716854E+00  0.940783059837341E+00  0.272055624406763E+00  0.105873818277882E+00 -0.992671781500283E+00  0.582534875893023E-01
 0.164197486707159E+00  0.840704497814340E+00  0.515999159605702E+00  0.190423911628980E+00 -0.365089415936161E+00 -0.911289444826018E+00
 0.829737229326139E+00 -0.302751633970567E+00  0.468911055956600E+00 -0.763835317949022E+00  0.406300458216315E+00 -0.501473373876349E+00
-0.448927369434463E+00  0.171903816363714E+00 -0.876877012409519E+00  0.207039572087711E+00 -0.322882799674778E-01 -0.977799612684766E+00
-0.950734153391393E+00 -0.214194832867729E+00  0.224109667680615E+00 -0.852467824469787E+00 -0.220244956875644E+00  0.474121047006557E+00
 0.755332372251343E+00  0.479719007152769E+00  0.446478086366532E+00  0.490660089456530E+00  0.421359579571113E+00  0.762698355392330E+00
 0.293265699474979E-01 -0.964109882527276E-01 -0.994909480123316E+00  0.460098101883715E+00 -0.543434639848403E+00  0.702131418507846E+00
 0.804491713564028E-01 -0.263271234459794E+00  0.961361632235281E+00 -0.686610766180848E+00 -0.376910337874867E+00  0.621694662167532E+00
-0.235839469462987E+00  0.290183261149106E+00  0.927455346414202E+00 -0.492484190906028E+00  0.966786228774597E-01  0.864935006567634E+00
 0.419492648896425E+00 -0.422832315915043E+00  0.803267545802631E+00 -0.223505250040615E+00  0.580500023193357E+00 -0.782984754817611E+00
 0.772393112600317E-01 -0.430859730373253E+00 -0.899107324816545E+00 -0.344409574933970E+00  0.843322660989098E+00  0.412539615256607E+00
-0.967338364703079E+00 -0.136704660765600E+00 -0.213467383687847E+00 -0.722289316769172E+00 -0.647395181737298E+00 -0.243264509422261E+00
 0.828951983475696E+00  0.292120769821494E+00  0.476973861894555E+00  0.591825272782874E+00 -0.363691754855489E+00  0.719354678823744E+00
 0.690156259588859E+00 -0.578643470036811E+00 -0.434575737857136E+00  0.490760092425607E+00 -0.165590554212364E+00 -0.855414694775611E+00
-0.441834151509161E+00 -0.736215613028775E+00 -0.512610138109699E+00 -0.745892029900185E+00 -0.333192435659511E+00 -0.576739005574155E+00
-0.880309285177847E+00 -0.208197474916109E+00  0.426273824986034E+00  0.757577506323031E+00 -0.257178156363755E+00 -0.599946429110732E+00
 0.141864843522397E+00  0.268463724901580E+00  0.952786227117256E+00  0.377402741087246E+00  0.292683435165922E+00  0.878580433312346E+00
 0.233479944515145E+00  0.817499522699162E+00 -0.526480432585911E+00 -0.203701408608032E+00 -0.321559298354322E+00 -0.924719067486434E+00
-0.919128969586888E+00 -0.311102188982680E+00  0.241696845813782E+00 -0.995277043866807E+00  0.908355138915129E-01 -0.342420117372634E-01
-0.236157408298109E+00 -0.436088975765199E+00 -0.868364027192502E+00  0.561109386670955E+00  0.406250627981389E+00  0.721191155973554E+00
-0.940608872120017E+00 -0.328184824493113E+00 -0.868888408343354E-01  0.594286581777426E+00  0.801522520412239E+00  0.662201479257969E-01
 0.509737022123976E+00  0.859654438385023E+00 -0.340942053890657E-01  0.351815330850638E+00  0.935783045601795E+00 -0.231530676733339E-01
 0.502004352908422E+00  0.801438953233817E+00  0.325095730363350E+00  0.190558559662160E+00  0.928392628825335E+00  0.319021256474025E+00
 0.486326000167683E+00 -0.839105625825506E+00 -0.243698112977694E+00 -0.356772060528382E+00  0.699887155723615E+00  0.618766245103465E+00
-0.952066077674943E+00  0.137273800614171E+00 -0.273360727621197E+00  0.121655428380327E+00 -0.960080950209919E+00 -0.251881967972338E+00
-0.434748599767167E+00  0.240974717798868E+00 -0.867712418017769E+00  0.112934533415499E+00  0.147306779361576E+00 -0.982622259017342E+00
 0.102146210063384E+00 -0.830096557877198E-01  0.991299928788301E+00  0.641276811927135E-01  0.317954589013501E+00 -0.945934733388145E+00
 0.378294858229014E-02 -0.419151073380531E+00 -0.907908622595893E+00  0.193102995430218E+00  0.105736135209369E+00 -0.975464557463193E+00
 0.704693166205956E-01 -0.847982716274798E+00  0.525318368529259E+00 -0.206870901252066E+00  0.598562992220409E+00 -0.773903595132694E+00
-0.436063321286214E+00 -0.643155917904790E+00 -0.629443599612295E+00  0.807119831959801E+00  0.510881255149619E+00  0.295901875617465E+00
-0.643624157955528E+00 -0.633212744108599E+00 -0.429871566859796E+00 -0.679152596982115E+00 -0.682110158903691E+00 -0.271067300006528E+00
-0.519523059398713E+00  0.308044962030633E+00  0.796996921023254E+00  0.408946025484397E+00 -0.552602511902186E+00 -0.726218708158850E+00
 0.774417984088599E+00 -0.610796288990507E+00 -0.164938410552468E+00  0.406033368238706E+00 -0.708010467041525E+00 -0.577804536531493E+00
 0.887425806198455E+00 -0.438445921948188E+00  0.142269504884306E+00 -0.395178961686373E+00  0.904421475455265E+00 -0.160796091295160E+00
 0.221534915461492E+00 -0.117311647648472E+00  0.968070378927829E+00  0.883528412719542E+00 -0.307958431776144E+00  0.352901045925434E+00
-0.527984855317035E-02  0.653468215061274E+00  0.756935542238497E+00  0.164282943979190E+00 -0.127629324502644E+00 -0.978121602790026E+00
-0.187154229316860E+00  0.701354071361491E+00  0.687805031265018E+00 -0.254749043981273E+00 -0.700657064983425E-01 -0.964465510717473E+00
-0.206637471406312E+00 -0.894042258380345E+00  0.397478798983011E+00 -0.820904897282016E+00  0.346677488783351E+00 -0.453794962939512E+00
 0.515428530994497E+00 -0.359380911746300E+00 -0.777932381193413E+00  0.333544204036002E+00 -0.163933357969457E+00 -0.928371756409493E+00
 0.816355838791139E+00  0.518063880363257E+00 -0.255289953454070E+00  0.712546908576303E+00  0.621115964169568E+00 -0.326330908943761E+00
 0.115498723282664E+00 -0.162232588618741E+00  0.979969709792163E+00  0.611472592276818E-01  0.120083079600237E+00 -0.990878936441110E+00
-0.195561156344515E+00  0.185402334834587E+00  0.963006650219551E+00 -0.309695262545029E+00 -0.852969930679191E+00  0.420156092082813E+00
 0.548478697972968E+00  0.405194708509073E+00 -0.731428989079682E+00 -0.447348855146039E+00 -0.435462276298797E+00  0.781186026321643E+00
-0.288756066921107E+00  0.132956416973609E+00  0.948125795979517E+00  0.883378836732937E-01  0.656188622417675E-01 -0.993926850037879E+00
 0.893412999499884E+00 -0.437157737095360E+00 -0.103471373926723E+00  0.570267201727663E+00 -0.700122790437090E+00 -0.429678248162836E+00
-0.526692133970786E+00 -0.744060159773587E+00  0.411059453912696E+00  0.364659185926389E+00  0.526344186487599E+00 -0.768105120065093E+00
 0.285420298658949E+00 -0.216256553528274E+00  0.933685362512184E+00 -0.198244202515280E+00 -0.285626051411490E-01 -0.979736400138645E+00
-0.697886155368503E+00 -0.583354677451173E+00  0.415514421459482E+00  0.841431849849087E+00  0.379484259107758E+00 -0.384687066521582E+00
 0.204712648461683E+00  0.642961166462133E+00 -0.738033650981753E+00 -0.369003446758789E+00 -0.532854211135294E+00  0.761513523159975E+00
 0.504489983679642E+00  0.337856015848123E+00  0.794571059705894E+00 -0.726840828051841E+00 -0.213576684677010E+00 -0.652753713462659E+00
-0.678648476598690E+00 -0.541101605506186E+00  0.496633967554481E+00 -0.464797049276768E+00 -0.878133850970741E+00  0.113334208264345E+00
 0.804822926184546E+00  0.289300361953857E+00 -0.518232918735496E+00 -0.763690857622593E+00 -0.419123694311986E+00  0.491031162809390E+00
-0.236276683969630E-01  0.415584744482531E+00  0.909247520447272E+00  0.728117221212790E-02 -0.738308061359724E-02 -0.999946235880645E+00
-0.735151643510183E-01  0.242607489918675E+00  0.967335064207745E+00 -0.117964025624700E+00 -0.376219343285266E+00  0.918990475683191E+00
 0.730735123379470E+00 -0.401699321875665E+00  0.551963616793917E+00  0.820673140309396E+00 -0.333305904086745E+00  0.464115040777211E+00
-0.168903501701102E+00  0.459241550446671E-01  0.984562125564730E+00  0.796791548907112E-01  0.854595860577613E-01 -0.993150487804712E+00
-0.278095899939573E+00  0.825668026456527E+00  0.490851281473505E+00 -0.103333002331073E-01  0.735046800267205E+00  0.677937625687818E+00
 0.919692675994577E+00  0.903132826006202E-01  0.382111099953711E+00 -0.894664897924817E+00 -0.172671540630872E+00 -0.412018518366999E+00
-0.336281122269155E-01 -0.866395594281129E+00  0.498224672490537E+00  0.351840328613235E+00 -0.895772862355037E+00  0.271660380308935E+00
 0.164842595164193E+00  0.416357900703866E+00  0.894132550207744E+00 -0.587708664684611E+00  0.433979396642814E+00 -0.682832635968852E+00
 0.126728842522982E-01  0.496463358549132E+00 -0.867965167286593E+00 -0.177948982322445E+00 -0.569918393474797E+00  0.802201461273609E+00
 0.209204547214860E+00 -0.868364464737188E+00  0.449640538437452E+00 -0.414294809921023E-01 -0.998186503104515E+00  0.436726816752257E-01
-0.590237868100030E+00  0.800476667967613E+00  0.104193872661491E+00  0.467440583127944E+00 -0.834180310098248E+00 -0.292647418388406E+00
 0.247287193489456E+00  0.347889634740621E+00  0.904335029718602E+00 -0.268620906198472E-01  0.290216243137502E-01 -0.999217780771401E+00
 0.253427026528649E+00 -0.960314086545346E+00 -0.116497199139825E+00 -0.362199983417582E+00  0.835583734517242E+00  0.413050837818449E+00
-0.288550760926424E+00 -0.880473791502314E+00 -0.376170653887730E+00 -0.387960810194346E+00 -0.915026227194210E+00  0.110514312648078E+00
 0.867678374614647E+00 -0.491889624049387E+00  0.719641298053281E-01 -0.914391363690681E+00  0.397397402717251E+00  0.772252440687552E-01
 0.287812759306971E+00 -0.528823169901355E+00  0.798442152291316E+00  0.125122619609109E+00 -0.727450811275978E-01 -0.989470809692683E+00
 0.898243645899669E+00  0.373685957978229E+00  0.231337756128922E+00  0.655826197876005E+00  0.754910615517697E+00 -0.140027075811521E-02
-0.550563285191688E-02  0.992317556911688E+00  0.123594313185187E+00 -0.449656878953407E+00 -0.890174374745185E+00 -0.734729457480840E-01
-0.213125711600881E+00 -0.976795856841354E+00 -0.211491161087919E-01  0.713547005584085E-01  0.902436226885986E+00 -0.424873349496064E+00
-0.302696694822295E+00 -0.865605350969134E-01  0.949148030976936E+00  0.198152523581980E+00  0.176659950053486E+00  0.964119722568309E+00
 0.350266570375777E+00  0.542011915930051E+00  0.763895550888357E+00  0.263770611336926E+00  0.252969843740005E+00 -0.930822927711335E+00
 0.734449931649789E+00 -0.609996566421949E+00 -0.297468463627748E+00 -0.590283585654254E+00  0.501220239531069E-01  0.805638300493467E+00
 0.996357947605912E+00  0.480724856077047E-01  0.704263897273758E-01 -0.991775549063374E+00  0.923419401572212E-01  0.886240732986428E-01
 0.323294190126359E+00  0.213136043913308E+00 -0.921983673074272E+00 -0.605364782397722E-02  0.198947858208777E+00 -0.979991379075430E+00
-0.409051706921256E+00  0.865699783350498E+00  0.288514447076239E+00  0.648974158030908E+00 -0.758519658524087E+00  0.589955069524525E-01
 0.133024830296031E-01  0.909923964474636E+00  0.414561723775856E+00  0.330583789902643E+00 -0.853668260934459E+00 -0.402448578239186E+00
 0.180440592894326E+00  0.898622835319162E+00 -0.399897727273981E+00 -0.299067020739166E+00  0.951459907676150E+00 -0.726839816678389E-01
 0.563008498928431E-01  0.231404619567613E+00  0.971227118826545E+00  0.283034996696542E+00 -0.134899322054587E-01 -0.959014709154182E+00
-0.497142232984869E+00 -0.780093089200746E+00  0.379874153324565E+00  0.809710008507569E+00  0.460998619957752E+00  0.363111518021282E+00
 0.714037426951152E+00  0.262273579827456E+00  0.649124889553212E+00  0.854543027936837E+00  0.317141783744224E+00  0.411311685231619E+00
 0.540086154564580E-01  0.975836537789530E+00  0.211721800888382E+00 -0.392216353711016E+00  0.821161638887136E+00 -0.414559880719091E+00
-0.945466885034104E-01  0.125884793514032E+00 -0.987529210937565E+00 -0.148089472129231E+00  0.381217714255295E+00 -0.912547293340161E+00
-0.985755527702913E+00  0.133248736014208E+00  0.102619754208281E+00 -0.923093475854645E+00 -0.354723952039534E+00 -0.148557573634078E+00
 0.381899429040966E+00 -0.438536704107366E+00 -0.813534501572510E+00  0.798770409519639E-01  0.641050485740536E+00  0.763330814955469E+00
-0.592644373388838E+00 -0.647883941092900E+00  0.478559343827370E+00 -0.125257171459023E+00 -0.270832222006734E+00  0.954442532854116E+00
-0.816400211348538E+00  0.138514031854854E+00 -0.560628716611426E+00 -0.496700150720938E+00 -0.548323214674494E-01 -0.866188418761350E+00
-0.200589258617966E+00  0.828743032575171E+00  0.522445150504055E+00 -0.159997136615474E+00  0.360157690278372E+00  0.919068743026438E+00
 0.217113156859627E+00 -0.904168848713542E+00  0.367886626740461E+00  0.255715026545634E+00 -0.861889520182294E+00  0.437899851791137E+00
 0.243930890346635E+00 -0.702922621075317E-01  0.967241809798617E+00  0.433568586436895E+00 -0.160061512897567E+00  0.886791177754974E+00
-0.143403423810913E+00  0.502778272080808E+00  0.852437368469230E+00 -0.262422666501653E+00  0.554082513182976E+00  0.790017033165108E+00
-0.808177087080258E+00  0.274698202234952E+00  0.520951719075151E+00 -0.836602395748587E+00  0.545194770502028E+00 -0.534704932178941E-01
-0.430368331713607E+00 -0.796124472217868E-01  0.899135672357295E+00 -0.700862689719574E+00  0.282398337699942E+00  0.655013487665219E+00
-0.921455490273687E+00 -0.388284119874830E+00 -0.124588000027106E-01  0.891460366961755E+00  0.410084566017090E+00 -0.192689031475555E+00
-0.718542418779813E+00 -0.607343454198691E+00 -0.338866819054416E+00 -0.215610583271755E-01  0.394697664835663E+00  0.918558040701341E+00
-0.536406907242560E+00  0.774218022293070E+00  0.335937618940003E+00  0.465172758982418E+00 -0.885168472535417E+00  0.954355960859922E-02
-0.160836738345111E+00  0.443663355617037E+00  0.881642994914119E+00  0.335627450914966E+00  0.466856862504021E+00  0.818168004828607E+00
-0.347815310268207E+00 -0.894970250536990E+00  0.279379241528050E+00  0.508783831728671E+00  0.851075757625787E+00  0.129649787324097E+00
-0.980668029860959E+00  0.117035648223109E+00  0.156821147341872E+00  0.978445359660532E+00  0.198018774552690E+00 -0.585938826450528E-01
-0.782368563439634E+00  0.325908836799998E+00  0.530738034285348E+00 -0.886145515990336E+00  0.250611996570190E+00  0.389794499275354E+00
-0.288882514806690E+00 -0.782774449440165E+00  0.551190578604723E+00 -0.198708580536513E+00 -0.733580627435287E+00  0.649903349024156E+00
 0.754652493502787E+00 -0.175962386185267E+00 -0.632089275892269E+00  0.762734443863855E+00 -0.495992278589808E+00 -0.415003406881180E+00
 0.252973970008588E-01  0.630025360923753E+00  0.776162409742881E+00  0.189767354569693E+00 -0.416137143323880E+00 -0.889279612431243E+00
-0.572314710131436E+00  0.213539906231740E+00  0.791742749265006E+00  0.180389740957696E+00  0.363676030041419E+00  0.913892382357205E+00
-0.242284680134696E+00  0.969769223504008E+00 -0.290824159323272E-01 -0.149230257410687E-01 -0.981568002351868E+00  0.190529682888769E+00
-0.474300303271291E+00  0.187144952220959E+00  0.860241820173244E+00  0.572875567257146E+00 -0.206111710870077E+00 -0.793304195805123E+00
-0.371138920280307E+00 -0.385504947340107E+00  0.844773246161045E+00  0.229466373336166E+00  0.603820454111904E-01 -0.971441810969606E+00
 0.988048541734900E+00  0.581198832327695E-01 -0.142766096635535E+00 -0.283169289739035E+00  0.563068140719193E+00 -0.776382265546890E+00
 0.889977595221379E+00  0.418040725566133E+00  0.182158809208100E+00 -0.442214506680848E+00 -0.873827205403617E+00 -0.202169100451874E+00
-0.715185271623650E+00  0.118061937225083E+00 -0.688891432833408E+00 -0.647951096707968E+00  0.459812671889631E+00 -0.607232807944911E+00
-0.894550709661237E+00 -0.330097387103579E+00  0.301354845442987E+00 -0.597735996716535E+00 -0.533084411227932E+00  0.598775992116467E+00
 0.356518432057088E+00  0.610940733182100E+00  0.706856440971201E+00  0.174454304116521E+00  0.458242366468284E+00  0.871538656256145E+00
-0.570585779557555E+00  0.795201506398078E+00 -0.205149780377472E+00 -0.118367384746773E+00 -0.260297249667534E+00  0.958245534319741E+00
 0.629548362384187E+00  0.588590322887948E+00 -0.507178756674655E+00  0.665914815902703E+00  0.152933016210741E+00 -0.730184189443975E+00
 0.142879268816058E+00  0.494680947969725E+00  0.857249248619305E+00 -0.367985826190903E+00 -0.507461905221044E+00 -0.779146229197079E+00
-0.292347305515219E+00 -0.181782230618197E+00 -0.938876069345397E+00 -0.463248301282781E+00  0.310119253653502E-02 -0.886223106200391E+00
 0.428005388601721E+00  0.811557894875881E+00  0.397724993673414E+00  0.517144470229080E+00  0.843340862525578E+00  0.146074592267442E+00
-0.214158456626171E-01 -0.137717536251255E+00  0.990239992003676E+00 -0.568156721008684E-01 -0.145684353568011E+00  0.987698359079936E+00
 0.835710393219731E+00 -0.498667119126040E+00  0.230041828733512E+00 -0.577067292429972E+00  0.354326710567889E+00 -0.735830090568251E+00
 0.849190676040589E-01 -0.347622703467951E+00 -0.933781134951274E+00  0.424879627209670E-01 -0.496333695372416E-01 -0.997863368228437E+00
-0.804818274790035E+00  0.238683604513365E+00 -0.543412993496198E+00 -0.843740428912773E+00  0.536748837928921E+00 -0.166541287450311E-02
 0.995507027587475E+00  0.941849389616873E-01 -0.974450084573719E-02 -0.870480379309321E+00 -0.404383010021620E+00 -0.280603439828088E+00
 0.360968497350465E+00 -0.270290892306380E+00  0.892549481797378E+00  0.105486264700804E+00  0.304400774760572E+00  0.946685172739404E+00
 0.380607094982112E+00  0.494058326401147E+00  0.781693424152318E+00  0.763720574049309E-01  0.439670407776181E-01  0.996109536232335E+00
-0.554473978930666E+00  0.464438094583868E+00  0.690547509580696E+00 -0.616927773696215E+00  0.629211251281813E+00  0.472750804655695E+00
-0.362701308300214E-01 -0.884260809041406E-02 -0.999302899971642E+00  0.580333278655222E+00  0.963266911320515E-01  0.808662138510782E+00
 0.436208228426768E+00  0.497097254090100E+00  0.750077796917669E+00  0.124239806251025E+00  0.986360596415437E-01  0.987337530068161E+00
 0.991202275682896E+00  0.132179279025405E+00 -0.683277962264354E-02  0.881652985184399E+00  0.250193720652553E+00 -0.400113878616413E+00
 0.419090523066265E+00  0.513535688948938E+00 -0.748761797671184E+00  0.430243830788378E-01  0.720491332923201E-01  0.996472691473535E+00
