#          Em_x [n.u.]            Em_y [n.u.]            Em_z [n.u.]            En_x [n.u.]            En_y [n.u.]            En_z [n.u.]
 0.237110571608854E+00  0.517339421472331E+00  0.822276413271107E+00  0.450807202662260E+00 -0.550453728642091E-02  0.892604372662990E+00
 0.292452606515546E+00  0.934696855308791E+00  0.202022923496616E+00  0.692187373919981E+00  0.710111908707838E+00 -0.128909722275211E+00
-0.605236789928483E+00 -0.487139116910691E+00  0.629590270646345E+00  0.724373137722227E+00  0.124192997446246E+00 -0.678129527989876E+00
 0.776844813206656E+00 -0.518780180689615E+00  0.356902312009276E+00 -0.660949522865955E+00  0.615193882642725E+00 -0.429746686993903E+00
-0.877210795676889E+00  0.141213774719288E+00  0.458868052687752E+00  0.910395247642854E+00 -0.147638156056703E+00 -0.386501575605433E+00
-0.259154741329819E+00 -0.213246378246913E+00  0.942000425801840E+00 -0.339828159630530E-01 -0.429144844021677E-01  0.998500633574019E+00
 0.916417716892887E+00 -0.213045948898012E+00 -0.338806717499778E+00  0.619381734009538E+00 -0.416808100303647E+00 -0.665309909062388E+00
-0.769380477336860E+00  0.117315435242859E+00  0.627925767704021E+00 -0.770394060708512E+00  0.585821637243537E+00  0.251606837272662E+00
-0.738003778652302E+00 -0.419014078137104E+00 -0.528940095868934E+00  0.931365535453401E+00 -0.308224781533248E+00  0.193792991148755E+00
 0.803912197663642E+00  0.393593475684321E-01  0.593444201426385E+00 -0.464406590389328E+00  0.756788411144285E+00 -0.459997629951143E+00
-0.170528695980553E+00  0.154218311927114E+00  0.973209471857690E+00  0.168295969323784E+00 -0.666460612476613E+00 -0.726296577664156E+00
 0.154611770546767E+00 -0.981743742642386E+00  0.110790000410305E+00  0.174691254633507E+00 -0.894964468465647E+00 -0.410513782641428E+00
 0.189082880621385E-01  0.905577439159712E-01  0.995711691032805E+00 -0.339087394954578E+00 -0.618015640150847E-01 -0.938722698813770E+00
 0.221580147113179E+00 -0.905083554186549E+00  0.362940764238941E+00 -0.206945638593196E+00  0.971312861446118E+00  0.117153010446203E+00
-0.212951927071417E+00  0.163316336914559E-01  0.976926176585282E+00  0.269878660299432E+00  0.250704057434485E+00 -0.929684346593439E+00
-0.185749572799608E+00  0.819907728143770E+00  0.541524157849754E+00 -0.271498090064269E+00 -0.520513750983543E+00 -0.809539512394853E+00
-0.973483977541025E-01 -0.124913124257645E+00 -0.987380372927730E+00 -0.140627444833082E-01 -0.613704223261266E-01  0.998015987086935E+00
-0.564593228592576E+00 -0.709673462574871E+00 -0.421423851655794E+00 -0.126305133705815E+00  0.170083354235290E+00  0.977301727109714E+00
 0.228745235818677E+00 -0.999636989371270E-01  0.968340268699523E+00 -0.126007415035331E+00 -0.132819638115716E+00 -0.983097693562000E+00
 0.159204722782949E+00  0.517383163725585E+00 -0.840814199533351E+00  0.518848427720544E+00  0.714635287702024E+00 -0.469140399691782E+00
 0.820910445671406E+00 -0.699863622792217E-01  0.566752105670985E+00 -0.921088990250973E+00 -0.843076751625725E-01 -0.380114835210526E+00
-0.771821019713677E+00 -0.435474672162749E+00 -0.463307806358673E+00  0.898590253843275E+00  0.620041968671172E-01 -0.434385813843802E+00
-0.211138534535236E+00  0.711090729573237E+00  0.670649307424763E+00 -0.246077132923888E+00  0.961729833829159E+00  0.120506312593565E+00
 0.353102019176039E+00  0.462605019669265E+00 -0.813213108496539E+00  0.553394410590005E-01  0.388187856703243E-01 -0.997712708219334E+00
 0.264056155855316E+00  0.427310577558234E-01 -0.963560274844279E+00  0.294336899163881E+00  0.264204066119312E+00 -0.918456314277720E+00
 0.171696879378122E+00 -0.515256448440909E+00 -0.839661225704674E+00  0.155811618637555E+00 -0.555926548070909E+00 -0.816497650117567E+00
-0.353540626704449E+00  0.439224640891951E-01  0.934387415592568E+00  0.179438888532007E+00  0.818406038153482E-01 -0.980359016304505E+00
-0.699538249642249E-01  0.996386028126174E+00  0.481803417154871E-01  0.120420495109927E+00  0.948555948044064E+00  0.292814818251581E+00
 0.116784143703207E+00  0.982031303159526E+00 -0.148242987673322E+00 -0.655564384052006E+00 -0.615143513288802E+00  0.437988351924138E+00
-0.509857661516162E+00 -0.387445246343650E+00  0.768069883590666E+00 -0.714053171544173E+00 -0.124349806318068E+00  0.688959500897090E+00
 0.451738077202114E+00  0.443792175566467E+00  0.773938766642245E+00  0.771919870344311E-01 -0.305665611205458E+00 -0.949004705606916E+00
-0.350352056019601E+00  0.240401146837767E-01 -0.936309515987544E+00 -0.212239312825197E+00 -0.511003520325024E-02 -0.977204360219350E+00
 0.171441985876029E+00  0.271695131576690E+00 -0.946989651979581E+00  0.222099592453287E+00  0.151494480633277E+00 -0.963182845242656E+00
-0.181961032546238E+00 -0.314930412923759E+00 -0.931509000305621E+00 -0.414601189235860E+00 -0.116674713843933E+00 -0.902492584475710E+00
 0.284613886312338E-01  0.770494556656771E+00 -0.636810872645456E+00  0.408331394177060E+00 -0.499300069795628E+00  0.764175969807674E+00
 0.563546058705304E+00  0.592312445849790E+00  0.575831404326959E+00 -0.100063193180408E+00  0.679149377147032E+00  0.727147495967179E+00
 0.218956521382883E+00 -0.645214591259649E+00  0.731953668594913E+00  0.408183387104581E+00 -0.317753776884864E+00  0.855814734488274E+00
-0.185452853028682E-01 -0.117710018261977E+00 -0.992874827958590E+00 -0.108986398577998E+00 -0.249284734078445E+00 -0.962278071183396E+00
 0.693827616948828E-01 -0.321404155119407E-01 -0.997072227108102E+00  0.474657475052248E-01 -0.191993343068389E-01 -0.998688333954064E+00
-0.909556773157937E+00 -0.324515340540722E+00  0.259607916204919E+00 -0.396447327844797E+00  0.195569018845171E+00  0.896985103060612E+00
-0.515869123650109E-01 -0.275794625444829E+00  0.959831295097420E+00 -0.485270359330837E-01 -0.277490562426073E+00 -0.959502013832181E+00
 0.503493323679087E+00  0.615693151560181E+00  0.606148839916797E+00 -0.531879469757715E+00 -0.558654320142604E+00 -0.636403629967850E+00
-0.585829225875767E+00 -0.758697749824472E-01 -0.806875390226962E+00 -0.350615117266163E+00 -0.199994438315737E+00 -0.914915987502245E+00
 0.386433487477589E+00  0.457708345975978E+00 -0.800732308440120E+00  0.449969954015233E+00  0.575105556726870E+00 -0.683213465254752E+00
-0.954429663944697E-01  0.507100398420998E+00  0.856586146331523E+00 -0.194690077714522E+00  0.142106336944432E+00 -0.970516132086298E+00
-0.133573197160650E+00 -0.299395947400956E-01 -0.990586604829220E+00 -0.205189927573183E+00  0.292012618081396E+00 -0.934144380973177E+00
 0.254302077203026E+00  0.136978955998947E+00  0.957375171572600E+00  0.628532734919153E+00 -0.469334131048783E+00 -0.620219376162768E+00
 0.568126110475378E+00  0.772132423567882E+00  0.284682705957541E+00  0.505999905748900E+00  0.699240916033535E+00  0.505001224480384E+00
-0.854021647068507E+00  0.818993302289643E-01  0.513750451139891E+00 -0.804803790345105E+00 -0.255342294558455E+00  0.535808894715061E+00
 0.569518705617082E+00  0.219557930392649E+00  0.792112844962093E+00 -0.782052732119641E+00 -0.591248464446624E+00 -0.197024814360308E+00
-0.708612222944662E-01 -0.193175500670547E+00  0.978602019779041E+00 -0.968514855132653E-01 -0.149364876820674E+00 -0.984027399682661E+00
-0.779593332854206E+00 -0.614354668332230E+00 -0.121665841005878E+00 -0.242326759978986E+00 -0.186625409535564E+00 -0.952075993770334E+00
-0.391688200484517E+00 -0.231774677676195E+00  0.890427342566083E+00 -0.365127766638432E-01  0.165736432709908E+00  0.985493912722393E+00
-0.125142633681545E+00  0.102875465022071E+00 -0.986790737660088E+00 -0.609313266518685E-01 -0.214066068787790E+00 -0.974916966529040E+00
 0.845678600658184E+00  0.526299253568257E+00 -0.885257029472844E-01  0.854361997382012E+00 -0.517793811888786E+00  0.442170306454389E-01
 0.695032953781700E+00  0.538991960639754E+00  0.475832806270437E+00  0.458478296169603E+00 -0.413267718484712E+00  0.786770261766330E+00
-0.533769539362645E-01  0.133711160845997E+00  0.989581844141101E+00 -0.214698558433906E+00  0.357138468931140E+00 -0.909041606867322E+00
 0.502988271351925E+00  0.725355726997788E+00  0.469959432498075E+00 -0.263171166782989E+00 -0.827148430411360E+00 -0.496554539846433E+00
 0.780866730318974E+00  0.118397203502169E+00  0.613375294321365E+00 -0.440664269073965E+00 -0.771326205916508E+00 -0.459206800938263E+00
-0.419016360837509E+00  0.165780881365494E+00  0.892716073969866E+00  0.356593389919717E-01  0.486907201883619E-02  0.999352141980159E+00
 0.757747337976762E+00  0.209633916487114E+00  0.617958407052938E+00  0.988945130776480E+00 -0.175794946851104E-01  0.147236169741360E+00
 0.173651068763449E+00 -0.473176746312372E+00  0.863683433363492E+00  0.291690660764694E+00  0.614011817477121E+00 -0.733420784012220E+00
-0.646197667776779E+00  0.513057736080397E+00 -0.564978170912743E+00 -0.965508803759471E+00  0.240252866449989E+00 -0.100355916743949E+00
 0.309848082284821E+00 -0.939671254952301E+00  0.144955505313827E+00  0.959775299900180E+00 -0.266368999569553E+00  0.887633357295423E-01
-0.546925618882077E+00 -0.449536801544164E+00  0.706249978030371E+00  0.165667778675530E+00  0.276761968439014E+00 -0.946550051468214E+00
 0.320384374055752E+00 -0.403466784127698E+00  0.857069662843434E+00  0.576042058642391E-02 -0.932601503119460E-01  0.995625111132931E+00
-0.175368717323470E-01 -0.325885975915370E+00 -0.945246416989522E+00 -0.618879539920916E+00 -0.586644928949580E+00 -0.522336905076616E+00
 0.319303061210667E+00 -0.164838963931056E+00  0.933206124643228E+00 -0.140879248545499E+00  0.173918902164993E+00 -0.974630828980378E+00
-0.199440843853893E+00  0.976350303930540E+00  0.834471917897126E-01  0.297192923016620E-01 -0.212499081867945E+00 -0.976709221759664E+00
-0.863886316592511E-01  0.522254845626764E-01  0.994891704198118E+00  0.285950131353144E+00 -0.113533263730777E+00 -0.951494992317751E+00
-0.501254376741537E-01 -0.671030591771189E+00  0.739733320464329E+00  0.702311011918173E-01 -0.422860103151383E+00  0.903469382761910E+00
 0.339557729384092E+00 -0.388119431972891E+00  0.856775265131154E+00 -0.400522002097524E-01  0.159368696281824E+00 -0.986406325965010E+00
-0.217773328508916E+00  0.356605171768186E+00  0.908519415785007E+00  0.723365770576520E-01  0.646467297346999E+00  0.759504741973642E+00
-0.540832630692910E+00 -0.797071049493801E+00  0.268659277964930E+00  0.401232565765832E+00  0.894368703106869E+00 -0.197780310121875E+00
 0.379407912851299E+00 -0.758025466750367E+00 -0.530515812604779E+00  0.522053780104336E+00  0.755499391997679E+00  0.395828901635431E+00
-0.732715997445469E+00  0.615440484017005E+00  0.290448408018372E+00 -0.197344607416203E-01 -0.528374728194295E-01 -0.998408109204494E+00
-0.225423501968815E+00 -0.705494815336558E+00 -0.671908706814662E+00  0.170980723546630E+00  0.281691282171179E+00  0.944148088873895E+00
-0.197092797294506E+00  0.698582905829117E+00 -0.687849077151358E+00 -0.531125778164557E+00  0.312085656526221E+00 -0.787723270419055E+00
-0.197710396557211E+00 -0.842828971434060E+00 -0.500549621920339E+00 -0.110148179894178E+00  0.844719865253507E-01 -0.990319070783988E+00
-0.967230766109372E+00  0.224411983316550E+00  0.118759870475717E+00 -0.807622557025666E+00  0.589686846583452E+00 -0.390235182787534E-02
-0.121243256279319E+00 -0.615233612776699E+00 -0.778965772365203E+00  0.168792033860701E+00  0.460609534117998E+00  0.871405821867612E+00
-0.283220504104724E+00  0.620748614550784E+00 -0.731065868159599E+00 -0.271778554504195E+00 -0.245316543229753E+00  0.930567682078749E+00
-0.839510051500660E+00 -0.136971011791884E+00  0.525796363013350E+00 -0.940571536314499E+00 -0.775177685346905E-01  0.330629975405114E+00
-0.655053998734007E+00 -0.498990034245847E+00 -0.567373954694711E+00 -0.625011131143554E+00 -0.751956068723462E+00 -0.209578521458215E+00
-0.783824958309031E+00 -0.165686553164744E+00 -0.598470050071206E+00 -0.512732639260917E+00 -0.514020851295368E-01 -0.857008206658997E+00
-0.538682184924575E-02 -0.999404038068613E+00 -0.340961998251183E-01  0.179272171930024E+00  0.942729626711398E+00 -0.281286934094139E+00
 0.674666139377461E+00  0.450472608364049E+00  0.584722181459882E+00 -0.355793275156090E+00 -0.741562471595866E+00 -0.568767303977940E+00
-0.775574945131602E+00  0.582386778015290E+00  0.243534690089691E+00  0.828813262704607E-02 -0.938009313374452E-03 -0.999965212892971E+00
 0.184769493291224E+00 -0.977915579915197E+00  0.976798490377053E-01  0.173361850942825E+00 -0.383293786563462E+00 -0.907210858521612E+00
-0.312377631717043E+00 -0.119078931704613E+00  0.942465077988007E+00 -0.332683089823506E+00 -0.320812156167184E+00  0.886792829358045E+00
 0.936173249948650E+00 -0.632535196744221E-01  0.345801443503899E+00  0.654448152596695E+00 -0.400062688360647E+00  0.641597584896036E+00
 0.283502391858707E+00  0.320300744495509E+00  0.903899234918370E+00  0.152931648681724E-01 -0.445867594383607E-02 -0.999873111608239E+00
 0.103203710465618E+00 -0.736209880539398E+00  0.668837802417219E+00  0.514501668018741E-01  0.400007866087356E+00 -0.915066438792452E+00
-0.439350045554342E+00 -0.627509225347701E+00  0.642809232645990E+00 -0.418395547271681E+00  0.119226608346830E+00  0.900405565223440E+00
-0.265555787197569E+00  0.589516722759171E+00 -0.762856577262833E+00 -0.492411353813069E+00 -0.284358298396885E+00  0.822600399202923E+00
-0.519499923926710E+00  0.683707711091059E+00  0.512507165642363E+00 -0.650594710812213E+00  0.460280874259658E+00  0.604043077150908E+00
-0.367246192228494E+00  0.641906195503270E+00 -0.673117129828226E+00 -0.659460814089005E+00  0.665262070798245E+00 -0.350054012744173E+00
 0.736480096393251E+00  0.289565453186399E-01  0.675839171770768E+00  0.629386493713768E+00 -0.184636865417092E+00  0.754838969224324E+00
-0.541825572608185E+00  0.832637993123238E+00 -0.114625569902700E+00  0.413180668266400E+00 -0.858782229201629E+00  0.302943589102678E+00
 0.251294882602083E+00  0.391041185149593E+00 -0.885402548841377E+00 -0.394073130225398E-01 -0.543042380221667E+00 -0.838780088559290E+00
-0.498349446819999E+00 -0.483381612283656E+00  0.719715253249683E+00  0.159972574932251E+00  0.633468076364235E+00 -0.757051498576511E+00
-0.799164226085386E+00  0.273888139831015E+00 -0.535090484502623E+00 -0.403745283727423E+00  0.800005573695006E+00 -0.443825222271998E+00
-0.141475043539793E+00 -0.808123597368602E+00  0.571770114146799E+00 -0.128787813644867E+00 -0.323360024515944E+00  0.937471062807606E+00
 0.726574790218887E+00  0.331009083240856E-01 -0.686289591999253E+00  0.771680178915623E+00 -0.625044830787489E-01 -0.632931979808108E+00
-0.919702198934130E+00  0.273077407339462E+00  0.282093237913432E+00  0.672093821570417E+00 -0.130171575926668E+00 -0.728934328885421E+00
-0.204825121407743E+00 -0.967126663422779E+00  0.150707287604238E+00  0.496849983338428E-01 -0.168586250025379E+00  0.984433886679520E+00
-0.956166907115604E+00 -0.283345507419136E+00 -0.738929574612621E-01  0.924488978671305E+00  0.127430469782909E+00 -0.359279283686375E+00
 0.333873689552855E+00  0.569398789423181E+00  0.751207945929607E+00  0.602407810716139E+00  0.674261786348741E+00  0.427171947882808E+00
-0.852048825509561E-01 -0.401861570465530E-01  0.995552711196804E+00 -0.154583222751775E-01 -0.862368683900866E-01  0.996154728344301E+00
 0.207648869407287E+00 -0.690133280604378E+00  0.693251759490096E+00  0.824432779353810E-01  0.355810646781167E+00 -0.930914544714195E+00
-0.315564153381040E+00 -0.781710077867086E+00  0.537911348887475E+00  0.143476881835919E+00 -0.657788702636786E+00  0.739410851328309E+00
 0.946508772531321E+00 -0.142287667859215E+00  0.289612436018273E+00 -0.783206957194680E+00 -0.142051084146816E+00 -0.605316736671443E+00
 0.782531474012369E+00  0.520154700383642E+00  0.342174779679673E+00  0.293344706862598E+00 -0.552593346297067E+00 -0.780121449893481E+00
 0.394347186259648E+00 -0.425812517450060E+00 -0.814354957418410E+00 -0.312660757755678E+00 -0.182093737755205E+00  0.932247349811188E+00
 0.132995457337630E-02  0.872537143805397E+00 -0.488545969076352E+00  0.510311723982078E+00  0.858594474312330E+00 -0.489639974550018E-01
-0.601836395381887E+00 -0.146926830422337E+00 -0.784987553847692E+00 -0.322172970098635E+00 -0.288173566861442E-01 -0.946242113463276E+00
 0.197425773529649E+00 -0.278911591986305E+00  0.939803909228880E+00 -0.108105576715661E+00  0.218282527600026E+00 -0.969879333952177E+00
 0.970029245277726E+00  0.715513166679936E-01  0.232214711827225E+00 -0.739751447697819E+00 -0.533196320477568E+00  0.410450337383420E+00
-0.990419845724689E+00  0.132441474790969E+00  0.390868897442061E-01 -0.739144074690966E+00  0.352609460866558E+00  0.573875077831954E+00
-0.617334251853950E+00  0.217052666060419E+00 -0.756165697214565E+00  0.509483076696323E-01 -0.158916894607268E-02 -0.998700027279293E+00
-0.138310282530356E+00 -0.144402494194611E+00  0.979805177275946E+00  0.169868506194667E+00  0.174375188262353E+00 -0.969916483168351E+00
-0.628529525922912E+00 -0.513005092620484E+00  0.584616464007445E+00 -0.775446347612157E+00 -0.273540472917696E+00  0.569085733128963E+00
 0.209891171380654E+00  0.346054264555625E+00 -0.914435422629353E+00 -0.774452721186793E-01 -0.540915337552186E-01  0.995528169266180E+00
 0.477267292045568E-01  0.354117627334388E+00  0.933982261785789E+00  0.417627111004748E+00  0.496305598781811E+00  0.761096806439007E+00
-0.401761765060990E-01  0.634418788275902E+00  0.771944736314645E+00 -0.302694206797926E+00  0.210046239089236E+00  0.929654126337017E+00
-0.810539774171795E+00 -0.449898149097023E+00 -0.374989239745100E+00  0.837616152247601E+00  0.534320993523174E+00  0.113579299937677E+00
 0.368692970101228E+00  0.485282907425474E+00  0.792821539540024E+00 -0.309418442214288E+00 -0.116927793105705E+00 -0.943709764078508E+00
-0.196494081537645E+00  0.575106886593396E+00 -0.794129803567104E+00 -0.473259459580545E+00 -0.862758642243697E+00  0.177969124151755E+00
-0.372222764982827E+00 -0.254200698759760E+00 -0.892654590521210E+00  0.508805821270852E+00  0.784463764577076E+00  0.354588829923414E+00
 0.190767974444657E+00  0.406923522566253E+00  0.893320114353502E+00  0.162692339294536E+00  0.756203772696365E+00  0.633787864268996E+00
 0.215219735160345E+00  0.722239343091275E+00 -0.657305710372726E+00  0.456609670564525E+00 -0.847774015263035E+00  0.269790340434470E+00
-0.737962606545103E+00  0.657220071961133E+00  0.153208904286143E+00 -0.541318531585036E+00  0.543445173152670E+00 -0.641593010513429E+00
-0.369725234604795E+00 -0.488927843462931E+00  0.790096712297372E+00  0.829726449338488E+00  0.360909610031164E+00 -0.425791348732331E+00
 0.617471693160713E+00  0.146977054988062E+00 -0.772739576734801E+00  0.356176811635729E-02 -0.261966505864998E-02 -0.999990225533663E+00
 0.281452515971400E+00 -0.421642974362559E+00 -0.861975454072831E+00  0.399511486932379E+00 -0.398294798493794E+00 -0.825682642001070E+00
-0.204381836947231E+00  0.173965769755552E-01 -0.978736646823654E+00 -0.737232461600108E-01 -0.859658876307012E-01  0.993566680771601E+00
-0.264677198707707E+00 -0.633134118961933E+00 -0.727383783081901E+00  0.477549379920280E+00  0.366151896943093E+00  0.798673511582005E+00
-0.635534130289066E+00 -0.334982740176833E+00 -0.695616944173545E+00  0.628714690705012E+00  0.591434974921920E+00  0.504898512704097E+00
 0.426976198869657E+00 -0.902940289345875E+00 -0.488892572535754E-01  0.228901245433715E+00 -0.913923591180674E+00 -0.335183366714869E+00
-0.906708484707306E+00  0.417939953351546E+00 -0.566208367325039E-01 -0.789626802884286E+00  0.572311534662865E+00 -0.221244252939092E+00
-0.562856476624583E-01 -0.468911241449214E+00 -0.881450040280091E+00  0.220616361158080E+00  0.975993881551848E-01  0.970465239264705E+00
-0.535333791468257E+00 -0.305744791856186E+00  0.787361323640575E+00  0.666582131481094E+00  0.580769836022913E+00 -0.467305745263250E+00
 0.719571760054921E-01  0.656881981317939E+00  0.750551948529303E+00 -0.323256431360726E+00 -0.646417763023959E-01 -0.944101011725122E+00
-0.164487356418014E-03 -0.994998603196223E+00 -0.998887009700013E-01  0.276542172500426E+00 -0.936921612453711E+00 -0.213781006981169E+00
-0.479470870634582E+00  0.777030860181427E+00 -0.407836641976451E+00  0.487573867197263E+00 -0.700751806240680E+00  0.520786549439144E+00
 0.107581469545891E+00 -0.348603142686926E+00  0.931075762931860E+00  0.154362574556988E+00  0.179059555967249E+00 -0.971653163939145E+00
-0.360330480522850E-01 -0.767298972321240E+00 -0.640276429772977E+00 -0.161737551029608E-02  0.274498419094114E+00  0.961586190630508E+00
-0.345912770736505E+00 -0.221497223843868E+00  0.911747407383676E+00 -0.653814654503029E+00  0.199059764619858E+00  0.730001101140657E+00
 0.137167798635727E+00  0.258234420206896E+00 -0.956294922729300E+00 -0.953024322263662E-01  0.204995969520592E+00  0.974111953982730E+00
 0.617325655971450E+00  0.786152299316025E+00  0.295566703054776E-01 -0.642775000543845E+00 -0.188283428428459E+00 -0.742556158990743E+00
-0.416864857018056E+00  0.892047390582874E+00  0.174571314761620E+00  0.396661170093312E+00 -0.635925534875963E+00 -0.662011049932647E+00
 0.759701955338725E+00  0.430733499887460E+00  0.487156639212910E+00  0.529750256450562E+00  0.359269898069822E-01  0.847392422195273E+00
-0.822817899285818E+00  0.535863343330448E+00  0.189264845889532E+00  0.660714704819114E-01  0.870689771313358E+00  0.487374479141708E+00
-0.436326588641092E+00  0.439220360389209E-01 -0.898715729691554E+00  0.104207232133082E+00 -0.520013355929566E+00  0.847777660961901E+00
-0.119368907673964E+00 -0.225298555421736E+00  0.966949649571064E+00 -0.403054982732443E-03 -0.623060679004696E-02 -0.999980508352892E+00
 0.474215301201012E+00 -0.197950316679565E+00  0.857866842950171E+00 -0.429417224542934E+00  0.389021966938475E+00 -0.815023163170940E+00
 0.503267019387122E+00 -0.759849874059380E+00 -0.411522145320452E+00 -0.117409660350477E+00  0.422153871780795E+00  0.898888803021191E+00
-0.858004110557362E+00 -0.405834166540980E+00  0.314845320013904E+00  0.455239591177355E+00  0.677904130804715E+00 -0.577237303076108E+00
 0.489836743732774E+00 -0.139710050067827E+00  0.860546957695696E+00  0.516114511137996E+00 -0.356694618506305E+00  0.778713529175800E+00
 0.200704083869403E+00  0.221091562841998E+00  0.954377489025295E+00 -0.501209493612437E+00  0.761072880579755E-01 -0.861972577416025E+00
-0.202201781835891E+00  0.438547609958576E+00 -0.875665708602325E+00  0.963923209746222E-01  0.102298570038031E+00 -0.990072483722934E+00
-0.407479675172503E+00  0.655435829199863E+00  0.635896365866640E+00  0.562775776752680E-01 -0.600629337566737E-01  0.996606882496577E+00
 0.365278624517885E+00  0.319492550019806E+00  0.874354640264557E+00  0.174478714506081E+00 -0.396141525320064E+00  0.901459411233472E+00
-0.513179545702968E+00 -0.184759556419936E+00 -0.838159090020268E+00  0.171011923206151E-01  0.661577424324493E+00  0.749681839746291E+00
 0.165000791398410E+00  0.804095886887941E+00  0.571143190038885E+00  0.464917196624160E-01 -0.762243536018319E+00 -0.645618549765356E+00
-0.470218403658358E+00  0.124419595955877E+00 -0.873735896597571E+00  0.323483013261819E+00 -0.293106122027789E+00  0.899693026182200E+00
 0.772984547308020E-01 -0.981032187305134E+00 -0.177766128290894E+00  0.110941538872132E-01  0.381277030826412E+00  0.924394258697944E+00
-0.244199455037641E+00 -0.166502667885378E+00 -0.955323760693918E+00  0.602338236377417E+00  0.386607866874774E+00  0.698371682034917E+00
-0.638515359546970E+00  0.406735483953696E+00 -0.653348591270814E+00  0.644163483985164E+00 -0.425379483125095E+00  0.635693087296317E+00
 0.736797468775625E-01  0.151939573957293E+00 -0.985639721584786E+00 -0.134987818934500E+00  0.685328706372010E+00 -0.715613619882807E+00
 0.770639819716949E-01  0.752742335566414E+00 -0.653789047727696E+00 -0.146745446366808E+00  0.848966551060612E+00 -0.507662849882533E+00
 0.400588497431623E+00  0.677661761166603E+00  0.616687435560392E+00  0.462681192891360E+00  0.866563783081459E+00  0.187065025047918E+00
-0.134278963057594E-01  0.482957148209840E+00  0.875541023935384E+00 -0.679619590997276E-01 -0.146026505510862E-02  0.997686844526526E+00
-0.598813687961533E+00 -0.113100607347121E+00  0.792862169439064E+00 -0.835876451097948E+00 -0.313197354925105E+00  0.450797044542018E+00
 0.185857716352800E+00 -0.314472170582462E+00  0.930894281431182E+00  0.613052481116570E-01 -0.291569005368978E-01 -0.997693109981747E+00
-0.288402643563820E+00 -0.734308954588147E+00 -0.614503274521026E+00  0.133877560456171E+00 -0.712869538717193E+00 -0.688399462213212E+00
-0.799454378021257E+00  0.111523490403736E+00 -0.590284006687300E+00 -0.279097861767127E+00  0.711224368731062E+00  0.645185462390559E+00
-0.264433698917800E+00 -0.716174537893599E+00  0.645886096885155E+00  0.244494604203030E+00  0.351550729025353E+00 -0.903678301962234E+00
 0.164804331539868E+00  0.349804081734549E+00  0.922212902050034E+00  0.810398247955886E-02  0.379120216761700E-01  0.999248219453203E+00
-0.919340785377192E+00 -0.313626827806273E+00  0.237593630432765E+00 -0.949333447535226E+00 -0.629068459360822E-01  0.307910269600181E+00
-0.961513049500748E-01  0.127797690490869E+00  0.987128500683471E+00  0.273509519722866E+00 -0.310294481576967E+00 -0.910444878794894E+00
 0.120862286039982E+00  0.484416045072887E+00  0.866448730790883E+00 -0.700242895686003E+00  0.287836307030881E+00 -0.653307085064984E+00
-0.634453526441344E+00  0.732981448884321E+00  0.245370981123654E+00  0.270063023244881E-01  0.184045838133295E+00  0.982546583679660E+00
 0.137681879008093E+00 -0.894593075223184E+00  0.425143422806384E+00  0.986878465198345E+00  0.135021248354538E+00 -0.885446634221414E-01
-0.641167358585781E+00 -0.273386131663938E+00  0.717052607064475E+00 -0.634870306885165E+00 -0.354012849985837E+00  0.686742015228748E+00
 0.456131587665189E+00 -0.657828096571966E+00  0.599338109996802E+00  0.164164140475262E+00 -0.946548137692616E+00 -0.277663029610818E+00
-0.853574479788290E+00 -0.393649521269210E+00  0.341248680376455E+00  0.849940481697606E+00 -0.297415972607435E+00 -0.434907940614580E+00
 0.297179302154461E+00 -0.691254059727048E+00 -0.658674644480765E+00  0.306743253739024E+00 -0.117537249093282E+00 -0.944507052044176E+00
 0.111064381690831E+00  0.616211337248116E+00  0.779710389161593E+00 -0.344923922235735E+00 -0.244406665509939E+00 -0.906252100534851E+00
-0.189176823054104E+00  0.932110634912839E+00  0.308839592509672E+00 -0.233765205330297E+00 -0.949869933118686E+00  0.207607656250887E+00
 0.620928771819209E+00 -0.337316603919950E+00  0.707576829077239E+00  0.107895762672115E-01  0.187684698100279E+00  0.982170066303683E+00
 0.415641458701673E+00  0.693648958322015E-01 -0.906879644183578E+00  0.735225358783650E-01  0.225603545901119E+00 -0.971440928103637E+00
-0.332735986046447E+00 -0.927149483634974E+00 -0.172280580986658E+00  0.131492043735121E+00  0.983982339417652E+00 -0.120368592865934E+00
-0.103787730018962E+00  0.134873133400293E+00  0.985412271581950E+00  0.119601565010821E-01  0.598786129639934E-01  0.998134012227806E+00
-0.506670614716345E+00  0.314281291842401E+00  0.802815145460543E+00 -0.682352753297054E+00  0.401694180934658E+00  0.610767144721427E+00
 0.398001953973407E+00  0.291010972662944E+00 -0.870004056555553E+00  0.561434490211001E-01 -0.124044980417539E+00 -0.990687012110902E+00
 0.504026987336214E+00 -0.319220872770866E+00  0.802530267606267E+00  0.309319468761119E+00 -0.572779920931930E+00  0.759107784456563E+00
 0.100267247443893E+00 -0.806805778569363E-01 -0.991683983659460E+00  0.456068640080706E+00  0.166727872016484E+00  0.874187172307962E+00
-0.566979884926746E+00  0.102436883394880E-01 -0.823667940943228E+00  0.936317707801705E+00  0.604261361778416E-01  0.345915932162104E+00
 0.104540359861607E+00 -0.679028178595870E+00 -0.726630611681603E+00 -0.933204067330335E-01  0.846437194658494E-02 -0.995600148701642E+00
 0.792210664463773E+00  0.217446159118113E+00  0.570192450839756E+00 -0.340766330585031E+00 -0.108765102517494E+00 -0.933835349734616E+00
 0.762398405783645E+00  0.202302428336492E+00  0.614672594433586E+00 -0.661208140666582E+00 -0.707095514273922E+00 -0.250638641094984E+00
-0.325754530138801E-01 -0.991513208703824E+00 -0.125858638268444E+00  0.364621649596371E+00 -0.878626209529404E+00 -0.308329428653209E+00
 0.604979439094870E+00  0.433969502095371E+00  0.667585462336886E+00  0.386289592610147E+00  0.494261112535970E+00  0.778772305154589E+00
-0.778402865160798E+00 -0.543154020544898E+00  0.314758144414680E+00 -0.625375468811516E+00 -0.389312029827579E-01  0.779352221041996E+00
 0.721739730373891E-01  0.613503157814372E+00 -0.786387177519949E+00 -0.315981677535348E+00 -0.341755288834247E+00  0.885075647623280E+00
-0.758441853409930E+00 -0.477260310499206E+00 -0.443833922789044E+00 -0.426662289935918E+00 -0.282797486512383E+00 -0.859060458855439E+00
 0.144807504573358E+00  0.432331874093561E+00  0.890011200638501E+00 -0.486274138314993E+00 -0.613571708140752E+00 -0.622147266630057E+00
 0.835027043714101E+00  0.947398207532371E-02 -0.550127330651483E+00 -0.928259872643187E+00 -0.551882807521211E-02  0.371891316619695E+00
-0.875899054442012E+00 -0.229549589855589E+00 -0.424391131180566E+00  0.688005610203409E+00 -0.316973047540376E+00  0.652821849712156E+00
 0.821618882608998E+00 -0.279261950740749E+00 -0.496945846756779E+00  0.580005325564501E-01  0.231613443639270E+00 -0.971077314609258E+00
-0.932237258925085E+00  0.267223571210186E+00  0.243977982739259E+00  0.914804624616267E+00 -0.403196972937475E+00 -0.237634129440030E-01
-0.262043737507750E+00 -0.372441818739353E+00 -0.890292183098949E+00  0.397479451260174E-01 -0.393461453287196E+00 -0.918481456337245E+00
-0.516779847659036E+00 -0.586665415202391E+00 -0.623508042978524E+00  0.906124942204832E+00  0.229390546610026E+00  0.355411826252648E+00
 0.175830485285749E+00 -0.758193718755337E+00 -0.627874131720785E+00 -0.682675724742852E+00  0.649980442655721E+00  0.333885128467702E+00
-0.668351442119374E+00  0.173931931032730E+00  0.723224745970558E+00  0.107048899245888E+00 -0.967942931019353E+00 -0.227215790516213E+00
-0.581195716583285E+00 -0.282898719082282E+00  0.763007112527037E+00 -0.926963406810315E+00 -0.868624460829104E-01  0.364957200086680E+00
 0.455628885345642E+00 -0.451146959096895E+00  0.767377834014192E+00 -0.204294213594281E+00  0.579743406416935E+00 -0.788772119821678E+00
 0.217221990877583E+00 -0.925688534746922E+00 -0.309702023431031E+00  0.110183107878066E+00  0.748787080654817E+00  0.653588242384123E+00
-0.701793231810751E-01  0.322969399037480E+00  0.943803809000162E+00  0.241557364618458E+00 -0.275961692347175E-01 -0.969994067529361E+00
 0.531274096013144E+00  0.798263689418651E+00 -0.283765602321952E+00  0.520326993754475E+00  0.769360690369148E+00 -0.370599443719413E+00
 0.185458306385470E+00  0.370921553251167E+00  0.909957371488563E+00 -0.224161156021690E+00  0.257629369895023E+00 -0.939882377693354E+00
-0.442121284993520E+00  0.321896180214104E+00 -0.837204645543279E+00 -0.113425770424703E+00  0.175032634846692E+00 -0.978007245035632E+00
-0.887093355094799E-01 -0.994781122175615E+00 -0.504100461861530E-01  0.800569595379914E-01 -0.842851103508168E+00 -0.532158717437379E+00
-0.911287988204469E+00 -0.336745177569958E+00 -0.236974445748122E+00  0.805962429133101E+00  0.197276228391887E+00  0.558127810216748E+00
-0.565707221234643E+00  0.487369018406864E-01  0.823164658037473E+00  0.480468303935127E+00 -0.141049113351846E+00 -0.865595376914849E+00
-0.673823588946719E+00  0.729270016940023E+00 -0.118857113254793E+00 -0.494458159875544E+00  0.670408939576608E+00 -0.553229592364923E+00
 0.133583591153100E+00  0.744588211121682E+00 -0.654021268792731E+00  0.141029555987723E+00 -0.860205485007448E+00  0.490058351526640E+00
-0.822297387172945E+00 -0.342535824245936E+00 -0.454418547329117E+00 -0.201290054684465E+00  0.528606481237559E+00 -0.824655990021761E+00
-0.930068370578769E+00 -0.172208266357673E+00  0.324526022141580E+00  0.633864106433992E+00  0.158994342714942E+00 -0.756926081965261E+00
-0.535194084342608E+00  0.769166368961775E+00 -0.349213958688418E+00 -0.387089776681034E-01  0.544871986097387E-01  0.997763880001453E+00
-0.578420863190535E+00  0.166402073540885E+00  0.798586034780981E+00  0.190893013801115E+00  0.267682539964514E+00 -0.944407705961823E+00
 0.124574714420046E+00  0.149957248609126E+00 -0.980812909844046E+00 -0.274692179098719E+00 -0.182690316796455E-02 -0.961530482702869E+00
-0.883029234709119E+00 -0.107729712329331E+00  0.456786251687228E+00  0.919293372209148E+00 -0.120659971819236E+00 -0.374620964459966E+00
-0.407952264943477E+00  0.700232531771570E+00  0.585874859484741E+00  0.430893104700289E+00  0.468812247234480E+00  0.771068226011617E+00
-0.401147289065356E-01 -0.484496625857276E+00 -0.873872890103400E+00 -0.712348837898666E+00 -0.655730275112688E+00 -0.250153831561818E+00
 0.753588674247794E+00 -0.110336769639324E-01  0.657253655766255E+00 -0.675835220511493E+00  0.354840438772261E+00 -0.646014719436091E+00
 0.467407606806474E+00  0.190306369518901E+00 -0.863315478153832E+00 -0.492271813245254E-01  0.691800063472866E-01 -0.996388885596699E+00
-0.655856027262297E+00  0.474117976397640E+00 -0.587422348877129E+00 -0.509504471410147E+00 -0.844221759805773E+00 -0.166417588864611E+00
 0.365656800891705E+00 -0.818708077998180E+00 -0.442732636003005E+00  0.768649277599591E+00 -0.527818721203591E+00 -0.361366414588618E+00
 0.785773107016829E-01  0.931919707019035E+00 -0.354049807106918E+00  0.481634706001833E+00  0.794549672525363E+00 -0.369755091735550E+00
 0.852689459012311E+00  0.376186488339118E+00  0.362497465481313E+00  0.644318778952694E+00  0.530779545059045E+00  0.550569147006824E+00
-0.693759728955187E+00 -0.252280002428106E+00  0.674575599065738E+00  0.899926695404997E+00 -0.154674441470857E+00 -0.407685859520685E+00
-0.249372598553178E+00 -0.168350965930203E+00  0.953662025751893E+00 -0.156023773069786E+00  0.561934269655620E-01  0.986153578811604E+00
 0.614050588455510E-01 -0.849421469984225E+00 -0.524130313069195E+00 -0.400240184623807E+00  0.497034544247829E+00 -0.769911979668230E+00
-0.730766342878395E+00 -0.353577517093607E-01 -0.681711362315603E+00 -0.450716003659472E+00 -0.341511616232673E+00 -0.824757479519515E+00
-0.340067713677662E+00 -0.882674865331162E+00 -0.324405659979388E+00  0.248323509013918E+00 -0.947819093728282E+00 -0.199935990844850E+00
 0.108768626702087E+00 -0.942401861738578E+00  0.316303836266657E+00 -0.498452327770500E-01  0.997500726948025E+00 -0.500774650672688E-01
-0.862161092389455E-01  0.482564340443303E+00  0.871606814934474E+00  0.241265883441659E+00  0.266715669339331E+00  0.933088165832141E+00
 0.873696652113169E+00 -0.254915341132316E+00  0.414333596201943E+00  0.793634198520896E+00  0.114647576215529E+00  0.597495349108259E+00
-0.612631953596896E+00 -0.592889994194350E+00  0.522650499106501E+00  0.345658137122793E+00  0.902327840623158E+00 -0.257536250413702E+00
 0.395544128901969E+00 -0.171443515846235E+00 -0.902303697745645E+00 -0.423914387126246E+00 -0.295647240150144E-01  0.905219597380269E+00
-0.252939637779342E+00  0.876060706366497E+00  0.410535234055117E+00 -0.337344513250072E+00  0.714261025445862E+00  0.613212741965704E+00
-0.819948220317993E+00  0.340396685982521E+00 -0.460233649540614E+00 -0.766935204218899E+00 -0.250305027567214E+00 -0.590895748592163E+00
-0.187695413740557E+00  0.578430088168034E+00 -0.793844483990839E+00 -0.357574744501850E+00  0.602400143674211E+00 -0.713620605781340E+00
 0.614562142685719E+00  0.702279195858785E+00 -0.359328963265523E+00 -0.820268885890895E-01 -0.943360199050955E+00  0.321470254292578E+00
 0.303956537119738E+00  0.937589390144968E+00 -0.168927673960674E+00 -0.216514075892643E+00  0.902480303071753E+00 -0.372358640973821E+00
-0.303120573938309E+00 -0.712122334690459E+00 -0.633245369576691E+00  0.521092406788041E+00  0.739883677525484E+00  0.425481900107645E+00
-0.177035403310591E+00  0.981486859651689E+00 -0.730890573596441E-01  0.567399901255662E+00  0.592001709591402E+00  0.572355945104026E+00
-0.953859498864830E+00 -0.673690343732450E-02  0.300177731614809E+00 -0.973355792202097E+00 -0.221105254285577E+00  0.607533399405963E-01
 0.190338986366387E+00 -0.217144805295262E+00  0.957402320762959E+00 -0.184456810846800E+00  0.166357253927271E+00 -0.968659356532525E+00
-0.927580038270549E+00 -0.954726306273015E-01 -0.361220499699435E+00 -0.705547010202362E+00 -0.440356391283629E-01 -0.707293629888652E+00
 0.925162246911384E+00 -0.344944605207560E+00  0.158392033347891E+00  0.915430616937709E+00 -0.900310514142661E-01  0.392276937066517E+00
 0.678334004204324E+00 -0.912821096246930E-01  0.729061420733942E+00 -0.925878604326359E-01 -0.493254476604360E+00 -0.864943645222199E+00
-0.300884737296138E+00  0.953573149183685E+00  0.129082926115085E-01  0.586886863673308E+00 -0.414782941357580E+00  0.695355247917539E+00
 0.351659246483282E+00  0.848226607913847E+00  0.396039639417293E+00 -0.543066033336014E-01  0.267988272632318E+00  0.961890367227946E+00
 0.888954154986419E+00 -0.444347740206078E+00 -0.110975655466112E+00 -0.763929638641342E+00  0.262436133479047E+00  0.589524200563367E+00
-0.118477184905020E+00  0.748158706879126E+00 -0.652856573818427E+00  0.137781379993942E+00  0.167141621688851E-01  0.990321628618681E+00
-0.148422795038973E+00 -0.967139164758089E+00  0.206427977522051E+00 -0.306852164052890E+00 -0.804078777817289E+00  0.509214167595436E+00
-0.405800835398589E+00  0.301681274791456E+00 -0.862736396838576E+00 -0.433935145880525E+00  0.161856696026856E+00 -0.886285901456701E+00
 0.317165211643498E+00  0.937667051430830E+00 -0.142080009797820E+00 -0.171953044449771E+00 -0.938424662120154E+00 -0.299651971508832E+00
-0.284300348758884E+00  0.919080268463263E+00  0.272882340610515E+00 -0.122400520879841E+00 -0.985219430932438E+00 -0.119836494447671E+00
-0.884732860975156E+00 -0.505226423140220E-01  0.463352163396616E+00 -0.121648428449871E+00 -0.775874334716052E+00 -0.619048202149558E+00
 0.294374249660181E-01 -0.163727607061883E+00 -0.986066280073079E+00  0.293089848517407E+00 -0.125874034490767E+00  0.947762664456171E+00
 0.172974171010566E+00 -0.826735242205964E+00 -0.535339869109198E+00 -0.186207787340047E+00 -0.732355762784408E+00 -0.654966943173770E+00
-0.401778812603113E+00 -0.826668356886737E+00  0.393945698625349E+00 -0.791000833812790E-01 -0.858359340968466E+00  0.506914606794138E+00
 0.179741871350840E+00  0.152238991718028E+00 -0.971862206840032E+00 -0.174494423250323E+00  0.528120917755921E+00  0.831047527210798E+00
-0.563069766587389E+00 -0.654552984752381E+00 -0.504492644254574E+00 -0.235726097264640E+00  0.766062890625414E+00  0.597980647408440E+00
-0.169598307669669E+00 -0.162683629748385E+00  0.971993030143465E+00  0.803056900537122E+00  0.441729160702279E+00 -0.399968702631808E+00
-0.625174966037170E+00 -0.326574150733686E+00  0.708876283926184E+00  0.368130604071216E+00  0.475858889617855E+00 -0.798772918618192E+00
-0.606029125546999E+00  0.473210222326099E+00 -0.639375307995878E+00  0.658658220329235E+00 -0.440909446114062E+00  0.609727979610675E+00
-0.204940727599942E+00 -0.413677641846384E+00  0.887056991859724E+00  0.652269127259984E-01  0.169399741500663E+00 -0.983386585954752E+00
-0.580130525501883E+00 -0.104426535964465E+00  0.807801752887038E+00  0.526855125633194E+00  0.329096861689010E-01 -0.849317743338908E+00
-0.266288493345923E+00  0.805962856727452E+00  0.528691130895236E+00 -0.236652975272781E+00  0.707392329639762E+00  0.666026622036515E+00
-0.359566198211436E+00 -0.762785231391309E-01  0.929996632258143E+00  0.498300496823094E+00  0.601821150047112E+00 -0.624105694751961E+00
 0.172258512865819E+00  0.811149458833641E+00  0.558894945565934E+00 -0.855328297725218E+00 -0.418373597851178E+00 -0.305576562798167E+00
-0.566100178937155E+00 -0.599247373375234E-01  0.822155467817583E+00  0.605463877410608E+00  0.522312184668422E-01 -0.794157032940200E+00
 0.114126125229194E+00  0.550594261081296E+00  0.826934814362361E+00  0.304338984590648E+00  0.387701815904415E+00  0.870094870920840E+00
-0.265455453783655E+00  0.399598854437562E+00  0.877413333377549E+00  0.783912290167276E-01 -0.293240824842042E-02  0.996918359844532E+00
 0.850931283712432E+00 -0.442862749619410E+00  0.282468644983915E+00  0.423194196635777E+00 -0.725894715031154E+00 -0.542202484892535E+00
 0.677973574212140E+00  0.107228221096788E+00 -0.727223446590134E+00 -0.455518971148552E-02  0.481171581216011E-01 -0.998831311754389E+00
 0.642541631921448E+00 -0.908343383170304E-01  0.760847799648674E+00  0.484514504847036E+00 -0.160894044957751E+00  0.859859756524263E+00
 0.216958707665352E+00 -0.880934990301415E+00 -0.420573967371765E+00  0.268581440232462E+00 -0.955438858297141E+00 -0.122476928515175E+00
 0.658256712953975E+00  0.637962355735817E+00  0.399627492191210E+00  0.153722518563968E+00  0.906793833797389E+00  0.392548506905049E+00
-0.542627453784943E-01  0.622059389529143E-01  0.996587164087003E+00 -0.898192125452781E-01  0.530230852885776E+00 -0.843082292368763E+00
 0.336825171508982E+00 -0.883454204165358E+00 -0.325664663389350E+00  0.133386341499724E+00 -0.957346798623817E+00  0.256310731468752E+00
-0.318547208009271E+00 -0.488022925254033E+00  0.812626175246647E+00  0.205443381694678E+00  0.448171931131533E+00 -0.870020078540540E+00
 0.454497205809133E-02  0.759555131310038E+00  0.650427048737660E+00  0.129631136609718E+00  0.228468131434356E-01  0.991299042444035E+00
 0.295663080163503E+00 -0.171894889916522E+00 -0.939699680668679E+00 -0.298064637841792E+00 -0.925683689714297E+00 -0.232953167536239E+00
-0.170762563794547E+00  0.140481904795032E+00  0.975246113158865E+00  0.337268930305601E+00  0.321491456487363E+00  0.884812359800737E+00
-0.678896943869031E+00  0.480812148438832E+00 -0.554904151650467E+00 -0.869856286622902E+00  0.492407614411663E+00 -0.297452835257956E-01
-0.339301286504769E+00 -0.759455724642217E+00  0.555069040106160E+00 -0.936516484288433E-01  0.801166127539421E+00 -0.591068697217209E+00
-0.233298934312977E+00  0.674685926156490E+00 -0.700264598773055E+00 -0.561528512610287E-01  0.885844190766311E-01 -0.994484619283834E+00
-0.773818093752936E+00  0.631704332101334E+00 -0.464240733346490E-01  0.886240371678890E+00 -0.196364451260784E-01  0.462809262687420E+00
-0.756251815098650E+00  0.286335589345876E+00  0.588298497732186E+00 -0.471068940025046E+00  0.251920118103649E+00  0.845358094441831E+00
 0.768141569682482E+00 -0.405269042135772E+00  0.495697016747212E+00  0.408305273857360E+00 -0.220932744675901E+00  0.885706229892417E+00
 0.663591454147842E+00  0.142175458663184E+00 -0.734460700742978E+00  0.282841457084691E-01  0.209272031282611E+00  0.977448322943158E+00
-0.377820844239420E+00  0.779942452672840E+00  0.498940056697082E+00  0.396019080436166E+00 -0.863810848029341E+00 -0.311447759274849E+00
-0.185031770798546E+00  0.752000210978530E+00  0.632660198276610E+00 -0.133493032433197E+00  0.563795944587112E+00  0.815054441837425E+00
 0.902986063151081E+00 -0.228729900603252E+00 -0.363729023209502E+00  0.845136234424740E+00  0.642698970830445E-01 -0.530673275746298E+00
-0.622036856688108E+00 -0.764508104423279E+00 -0.169107974952993E+00 -0.383674426472920E+00  0.707801078068148E-01  0.920751926856269E+00
 0.708531173692821E+00  0.538209190657943E+00 -0.456414770791652E+00  0.636583087617105E+00  0.358233537401521E+00 -0.682957323147403E+00
-0.625773300542956E+00  0.618281026073244E+00  0.475537957607373E+00 -0.114506456201282E+00 -0.880963795532338E+00 -0.459119878081402E+00
-0.118488091746195E+00 -0.808995223352897E+00  0.575749338433438E+00  0.349508666246806E+00  0.908759918303874E+00  0.228033118433957E+00
-0.398895054803136E-01  0.773240322649570E+00 -0.632857196199367E+00 -0.457683491280914E+00 -0.585853483411206E+00  0.668806038985795E+00
-0.814337253199870E+00  0.234996551080992E+00 -0.530689607050044E+00  0.820549337066003E+00  0.299198607775371E+00  0.487010244805817E+00
 0.810960408228636E+00 -0.488795505126988E+00 -0.321593175383584E+00 -0.268570042249071E+00  0.645932796360192E+00 -0.714591460201306E+00
-0.319179061264898E+00  0.837343328132676E+00  0.443825278326677E+00 -0.905959151546506E+00  0.165259445689431E+00  0.389778567060269E+00
 0.675941349243280E+00  0.357823957310697E+00  0.644255623147899E+00  0.103018734170786E+00 -0.856058973782560E+00 -0.506507822068129E+00
-0.944468851906874E+00  0.326874903114047E+00  0.336360742639957E-01 -0.788842554415217E+00  0.444953491378987E+00  0.423962044118721E+00
-0.751508132460338E+00  0.154983078731940E+00 -0.641261079555546E+00  0.560758256974794E+00 -0.186756401566981E+00  0.806642562544492E+00
 0.162562376432693E+00 -0.554014718547871E+00 -0.816480964506141E+00  0.372079401440862E-01 -0.421333885477695E+00  0.906142001089510E+00
-0.769436883423048E+00  0.425433751306142E+00  0.476416840254215E+00 -0.747985049992934E+00  0.940940431332940E-01  0.657011929902264E+00
 0.321844676033461E+00 -0.120704675664051E-01  0.946715537171354E+00 -0.332703535074779E+00  0.315581720267597E+00  0.888659966231004E+00
 0.829937254688188E+00  0.504846363082757E+00 -0.237348484222558E+00  0.799121336670170E+00  0.555942685171014E+00  0.228763677368857E+00
-0.186782600282021E+00  0.362255765334519E+00  0.913171955720164E+00  0.128618559386453E+00 -0.395911359817948E-01 -0.990903531194144E+00
 0.500525565558189E-01 -0.854454403162978E-02  0.998710034168836E+00  0.146689274537830E+00 -0.384741375234029E+00  0.911293767628525E+00
 0.465873531127998E+00 -0.837246531022581E-01 -0.880881396929937E+00  0.242284969311419E+00 -0.211083262675950E+00 -0.946964545198943E+00
-0.860395804318568E+00 -0.293774581731220E+00  0.416431933261189E+00 -0.538064807500604E+00 -0.480461626896179E+00  0.692562551694513E+00
 0.765140476468881E+00 -0.256619291446552E+00 -0.590513836016094E+00 -0.728856955418976E+00  0.303448733369692E+00  0.613747834826088E+00
-0.946930487268803E+00 -0.240345855015426E-01 -0.320538595149846E+00  0.819735355571022E+00  0.516039970974077E+00 -0.248468700612218E+00
-0.161494372914014E+00  0.232146819845866E+00  0.959180599028442E+00  0.460560246028037E-01 -0.285321186833932E-01  0.998531301863503E+00
-0.304721794900008E+00  0.946479801940092E+00  0.106398365741026E+00 -0.329146583149881E+00  0.516609856554617E+00 -0.790428227552241E+00
 0.511646897121445E-01  0.846991353742387E+00  0.529138754215091E+00  0.130693915219161E+00 -0.775403209220834E+00 -0.617793625456525E+00
 0.803293981518143E+00 -0.583832056933488E+00  0.117723865692315E+00 -0.333173898862445E+00  0.368322606639505E+00 -0.867947930785642E+00
-0.181117499969320E+00 -0.390959680086101E+00  0.902411757321367E+00  0.570894953534043E+00 -0.136063112000726E+00 -0.809670168390833E+00
 0.449534880386013E+00 -0.889501381426913E+00 -0.818882394239028E-01 -0.248672992379599E+00  0.802248761869017E+00 -0.542732592480500E+00
 0.864997332935785E+00  0.493912197147498E+00  0.884892960922983E-01 -0.893634253887755E+00 -0.418899644117840E+00 -0.161061815575333E+00
-0.620698811452686E+00 -0.783945600084734E+00  0.127389783346210E-01 -0.971089313520673E+00  0.182956434431252E+00  0.153337823990530E+00
 0.569581417165561E+00  0.616869375529412E+00  0.543184299067659E+00  0.872845159977780E+00  0.432200542291697E+00  0.226592184212357E+00
 0.388107927503361E+00 -0.117102858740099E+00 -0.914143947682170E+00  0.113583922756389E+00 -0.292751591066248E+00  0.949418347420910E+00
 0.351883770213459E+00 -0.925055584691179E+00 -0.143003417763431E+00  0.157379072223769E+00 -0.842967427760107E+00 -0.514429531968659E+00
 0.416744446395781E+00 -0.865113077208577E+00  0.279111859370003E+00 -0.122333572265978E+00  0.268947834719291E+00 -0.955354153859421E+00
-0.957586486700699E+00 -0.208590091675296E+00 -0.198792087727613E+00  0.945051268392992E+00 -0.120032802688558E+00  0.304089175058117E+00
 0.681750723481591E+00  0.376156400454604E+00 -0.627472958325188E+00 -0.217321774189238E+00 -0.141196630296472E+00  0.965833711389369E+00
 0.327244077365272E+00  0.922269518091558E+00  0.205743164718822E+00 -0.492544445343231E+00 -0.827818854170167E+00  0.268544063501542E+00
-0.550356146238226E+00 -0.739923316176817E+00  0.386809511873364E+00  0.200775688251530E+00  0.228995129613285E+00  0.952496904782645E+00
 0.686065254535716E+00 -0.161391860337411E+00 -0.709413232140247E+00 -0.245946545731401E-01  0.915385594516250E+00 -0.401826226519076E+00
 0.737232395507565E+00 -0.404003588648066E-01 -0.674430282547998E+00  0.163874755436468E-01 -0.122791330737976E-01 -0.999790314784186E+00
-0.685467415616724E+00 -0.242498619988749E+00 -0.686533933197247E+00 -0.114038543903645E-01  0.113089300658030E+00 -0.993519381885286E+00
-0.210879717386924E+00 -0.847688073330139E+00  0.486779904195570E+00 -0.459195328498824E+00  0.806485943701198E+00  0.372451436964934E+00
 0.750465250848908E+00 -0.654562930689488E+00  0.913743784409792E-01  0.721569302825344E+00 -0.384714104199830E+00  0.575615148558366E+00
 0.529740618967541E+00 -0.172936217544158E+00 -0.830342062813517E+00 -0.195422005871225E+00 -0.137491381378242E+00  0.971033655270490E+00
 0.870169829864860E-01 -0.585182334935585E-01  0.994486631896439E+00  0.724119800452158E+00 -0.689368110619460E+00  0.205456237209403E-01
 0.431091637934627E+00 -0.884062430400732E+00 -0.180537029046096E+00 -0.209891872345819E+00  0.662958727796974E+00  0.718631426505259E+00
 0.845555764107902E+00 -0.492429398417917E+00  0.206273452866989E+00  0.678980092289238E+00 -0.674321872774876E+00  0.290303369205874E+00
-0.378539721675300E+00  0.214067216456760E+00  0.900490369716657E+00 -0.528722762896173E+00 -0.898807217774329E-02  0.848746990895382E+00
-0.159075641234061E+00 -0.130714054042730E+00  0.978574870125780E+00 -0.139650994473216E+00  0.105435144647390E+00 -0.984571495634434E+00
 0.181086264300931E+00 -0.177084753404204E+00 -0.967392761495198E+00 -0.634140062901645E+00  0.270990102034448E+00  0.724175907651212E+00
-0.787207973703129E+00  0.764554015314488E-01 -0.611929879736950E+00 -0.366593760760043E+00  0.689938707139670E+00 -0.624174330585815E+00
 0.432881849067185E+00  0.873487669605988E+00  0.222783742213107E+00 -0.360500474474558E+00  0.931383183305165E+00  0.506435954485507E-01
 0.886694155588433E+00 -0.244766049282333E+00  0.392253815231968E+00 -0.951111256602784E+00 -0.435897906214667E-01 -0.305756942222167E+00
 0.350712423450020E+00 -0.769011218569153E+00  0.534436658316586E+00 -0.266657707966137E-02  0.987203949889691E+00 -0.159440429906817E+00
-0.987134401203856E+00 -0.152190765288505E+00 -0.490269815591805E-01 -0.805603513684665E+00 -0.261456204897857E+00  0.531642390765948E+00
 0.174556965245751E-01 -0.997722698916080E+00 -0.651514752438905E-01  0.550292514600167E+00  0.791457045584517E+00  0.266033632027328E+00
 0.566077573864242E+00 -0.823173227426484E+00 -0.440683334860677E-01 -0.243430293430359E+00  0.799702934851393E+00  0.548832313398618E+00
 0.190237523394099E+00  0.301948813118133E-01 -0.981273638612311E+00  0.397873385741809E-01  0.169853911894465E-01 -0.999063793846682E+00
 0.267819657073580E+00  0.680707547342896E+00  0.681842992392977E+00  0.655776263276571E-01 -0.242915813989669E+00 -0.967828229717943E+00
-0.479777042498681E+00  0.421806623649831E+00 -0.769345931123541E+00  0.220833174538843E+00 -0.308026478443199E+00  0.925393104362129E+00
-0.849690646353403E+00  0.109552019139219E+00 -0.515775300496308E+00  0.671087582982399E+00 -0.260321630115790E-01  0.740920901618911E+00
-0.145866016971834E+00 -0.841064090291786E+00 -0.520897591772532E+00 -0.814493298743273E-01 -0.489173107520983E+00 -0.868375309149959E+00
-0.357029982907271E+00  0.158886209265625E+00  0.920480724301402E+00  0.368686727831621E+00 -0.522339983320528E+00  0.768915495061403E+00
 0.933517880357662E+00 -0.146480682780539E+00  0.327242687656553E+00 -0.697330380399480E+00  0.311316294166987E+00 -0.645610180804215E+00
-0.492991671222955E+00 -0.867441762494208E+00 -0.671118527962154E-01 -0.218877461891195E+00 -0.956300282709167E+00 -0.193861873421352E+00
-0.853175492789852E+00  0.204172647998445E+00  0.480005321128939E+00 -0.257253273928844E+00 -0.959527692181213E-01  0.961568416251421E+00
 0.154153917018775E-01  0.810051298726461E+00 -0.586156343589534E+00  0.573850941633361E+00  0.773841532935597E+00  0.268075322792662E+00
 0.494826780809799E+00 -0.229557806282685E+00  0.838122706152322E+00 -0.271105170329903E+00 -0.438632820156577E-01 -0.961549790240323E+00
 0.144234538849595E+00  0.717723375325163E-01 -0.986937246925033E+00  0.688153757827128E-01  0.198909027542702E+00  0.977598917152582E+00
 0.297552565891043E+00  0.727735681140400E+00 -0.617950846691526E+00 -0.197697976143271E+00 -0.108830640047393E+00  0.974202957301880E+00
 0.609519600129367E+00 -0.525981791906656E+00  0.593151761053443E+00 -0.562984063625728E+00  0.825909315712575E+00 -0.303767398291598E-01
-0.516107412893049E+00 -0.856501444265218E+00  0.619792936714165E-02  0.921672319384091E-02  0.180617889850739E-01 -0.999794390758533E+00
 0.511633478213648E+00  0.189596650599255E+00 -0.838024041452600E+00  0.174667453684376E+00 -0.343441417269343E+00  0.922788856417025E+00
-0.328595103312288E+00  0.217706920963214E+00 -0.919036971315030E+00  0.178849680901385E+00  0.695213559151739E-01 -0.981417124729943E+00
-0.664772657103416E+00  0.514791352852330E+00  0.541356793063625E+00  0.847331597335977E+00 -0.379423653108805E+00 -0.371573486160721E+00
 0.512578284299027E+00  0.550937642285804E-01  0.856871156947293E+00 -0.693630283682932E-01  0.599159379471913E-01 -0.995790565669051E+00
 0.124472806119361E+00  0.891914528407319E+00 -0.434735545536274E+00 -0.280346106636461E+00  0.959888952508956E+00  0.438854703029074E-02
 0.277930456092159E+00 -0.830878190450231E+00  0.482074780724478E+00  0.783867608738405E-01 -0.919332994492843E+00  0.385593517783339E+00
-0.654704959701328E+00  0.224360236134997E+00  0.721819852999300E+00 -0.994344561078319E+00 -0.713740980015182E-02  0.105962027327292E+00
 0.247127812651875E+00  0.296915539420763E+00 -0.922371403863095E+00  0.126184730550802E+00 -0.504319269545074E-01 -0.990723995126532E+00
 0.170296001225124E+00 -0.695024780208645E-01 -0.982938796424117E+00 -0.437108816635009E+00  0.401649613873131E+00  0.804744350769551E+00
 0.411438493946578E+00 -0.115667131684049E-01 -0.911364129667967E+00 -0.381496061468815E+00 -0.752762126867557E-01  0.921300302229040E+00
 0.498970087219451E+00  0.101052918668842E-01 -0.866560289383548E+00  0.149311554290157E+00 -0.166741304536178E+00 -0.974629876987686E+00
 0.221601577226485E+00  0.163944824610327E+00  0.961256903982605E+00 -0.600606040121591E+00 -0.133806414454019E+00 -0.788269134255821E+00
 0.564122167971325E+00  0.789009031093539E+00 -0.243374050498748E+00 -0.598059634672063E+00 -0.643454646327784E+00  0.477797856310705E+00
-0.976816536870663E+00 -0.154128523251463E+00 -0.148572714912019E+00 -0.882206843257854E+00  0.427914755296186E+00 -0.196468948968579E+00
-0.436747203796309E+00  0.896378175138147E+00 -0.758817969747035E-01 -0.433931127525892E+00  0.895076599287602E+00 -0.102672576532636E+00
-0.302507996483178E+00 -0.669916563445180E+00  0.678012322959939E+00 -0.571297424983323E+00 -0.329950571936221E+00  0.751499748693494E+00
-0.886597417233031E+00 -0.375376324587827E+00  0.270254758875128E+00  0.812378551214306E+00  0.117607521926073E+00 -0.571147581902746E+00
 0.745462430003441E+00  0.385389955891611E+00 -0.543838530587184E+00 -0.583668344322632E+00 -0.315103765122767E+00  0.748358791650859E+00
-0.563638950990766E+00 -0.598899416082306E+00  0.568885421101914E+00  0.458380221541159E+00  0.719826150140730E+00 -0.521284841591862E+00
 0.783933545872307E+00 -0.576220594750426E+00  0.231123390944181E+00 -0.625967870044604E+00  0.672881963212384E+00 -0.394200569831233E+00
 0.347085629830776E+00  0.698483542839912E+00  0.625821305123738E+00 -0.923878775034118E-01 -0.964797450745694E+00  0.246232327538496E+00
-0.477858482158668E+00  0.877145240956011E+00  0.476182454237408E-01 -0.549537062691687E-02 -0.949028633017517E+00  0.315141959463628E+00
 0.154605662798726E+00  0.942385716944575E+00  0.296658472876514E+00 -0.588679369402845E+00 -0.757238591530353E+00 -0.282924575702776E+00
 0.221311512827487E-01  0.404277022221050E+00 -0.914368799471516E+00 -0.207492324601130E+00  0.509927818429322E-01  0.976906685119689E+00
 0.776267784783110E+00 -0.537480417528797E+00 -0.329428485533648E+00  0.791921665815404E+00 -0.549350187955268E+00 -0.266597911105221E+00
 0.889091344984980E-01 -0.123072308076525E+00  0.988406987423422E+00 -0.180258156171439E+00  0.202483238193864E+00  0.962552614345938E+00
 0.131891482391974E+00  0.967376819960510E+00  0.216302392671785E+00  0.638145009699263E-01 -0.995746145008353E+00  0.664629533421673E-01
-0.996808592405913E-01  0.145381332582492E+00  0.984341401363163E+00 -0.385411949689943E+00 -0.851732744943130E-01 -0.918805279886937E+00
 0.711490192889211E+00  0.702626264322187E+00  0.990141944981367E-02 -0.472492248253356E+00 -0.189900794918381E-01 -0.881130212977278E+00
-0.164442427249784E+00 -0.245347431387403E+00  0.955386479929354E+00  0.219580079468817E+00 -0.144559394648487E+00 -0.964824942732790E+00
-0.154143494749691E+00  0.409328556563028E+00  0.899271880917212E+00  0.145897373833925E+00 -0.157500821012999E+00 -0.976681855922693E+00
 0.186675923651744E-02  0.970707072807243E+00 -0.240258806315077E+00  0.253697503969763E+00 -0.965381258928102E+00 -0.606349848676897E-01
-0.927585912229718E+00 -0.959070538380079E-01  0.361090310666287E+00 -0.928038685255448E+00 -0.158430399465054E+00  0.337111268270112E+00
 0.507576668705586E+00  0.716750704434264E+00  0.478157247230161E+00 -0.856251888017597E+00 -0.515877114852974E+00 -0.265236995396977E-01
 0.238167925494465E+00  0.548592509551103E+00  0.801450121798036E+00  0.347805754639506E+00 -0.227372441295064E+00 -0.909578435308999E+00
-0.567460536241623E+00  0.514086071759930E+00  0.643198298062746E+00  0.796580371165034E+00 -0.828102667122685E-01 -0.598834010391544E+00
 0.729477338130779E+00 -0.135980258798557E+00 -0.670352282289477E+00  0.705264251292092E+00 -0.684975976692878E-01 -0.705627674459371E+00
-0.245989239565352E+00  0.899965456587154E+00 -0.359932592255738E+00  0.363162570907221E-01  0.986256866231788E+00  0.161178544730908E+00
 0.612367089919341E+00  0.674842119448032E+00 -0.411818723472606E+00 -0.317404812210188E+00 -0.358798173754727E+00 -0.877791578733863E+00
-0.196582218659514E+00  0.460106911498215E+00 -0.865827385394154E+00  0.498819864511261E-01 -0.280580255555077E+00  0.958533519299319E+00
 0.538839394153673E+00 -0.791402324153837E+00 -0.288677100983102E+00  0.113649520933892E+00 -0.486756325201740E+00 -0.866113194835176E+00
 0.250027330017943E+00  0.127940003746512E+00 -0.959748763836370E+00  0.957045891519430E-02  0.114610806156786E-02 -0.999953545297212E+00
-0.359100514557605E+00 -0.908807667312662E+00  0.212403964836304E+00  0.416834512324340E+00  0.908962932923795E+00 -0.594776478207573E-02
 0.599422080115409E+00 -0.465659675498496E+00 -0.651040886953156E+00  0.571101536851600E+00  0.474121874149469E-02  0.820865735337141E+00
-0.421132507787369E-01 -0.997355158289153E+00  0.592381831495987E-01 -0.505045770408771E+00 -0.603783787026112E+00 -0.616744605421578E+00
-0.537010257013059E-01  0.177597433035896E+00  0.982636937845147E+00 -0.198966682144782E+00  0.237044967598263E+00  0.950905853769255E+00
 0.273787578570008E+00  0.675987847931120E+00  0.684164301370821E+00  0.209536278747794E+00 -0.901247505111054E+00 -0.379272306423272E+00
 0.422099948462694E+00  0.267627331392666E+00  0.866145048475965E+00  0.766964368360571E-01  0.403024366625806E+00  0.911969855029496E+00
 0.392171947553770E+00  0.490289073372112E+00  0.778342975868478E+00 -0.132904258127821E+00  0.536786191045171E+00  0.833184879408352E+00
-0.717230212222226E+00  0.137590818015296E+00 -0.683117551724110E+00  0.956567985286926E+00  0.275117113796046E+00  0.963756360323732E-01
-0.211652039872257E-01  0.388644910291092E+00  0.921144488039205E+00 -0.120090601103596E+00 -0.119020252010988E+00 -0.985602570581986E+00
 0.572973953847844E+00 -0.676112387508786E+00  0.463220128739176E+00 -0.428128108543981E+00  0.620717613673184E+00 -0.656822629596775E+00
-0.806591944988804E+00  0.511661805976451E+00 -0.295992619137868E+00 -0.603898475032620E+00  0.569926003410172E+00 -0.557217177131309E+00
 0.416053269211771E+00 -0.735843553095613E+00 -0.534260182444679E+00 -0.456732861711795E+00  0.711160763696195E+00  0.534458100520143E+00
 0.412203527755461E+00  0.113546958907206E+00 -0.903988572841979E+00  0.883402158347867E+00  0.307538007710664E+00  0.353583088452610E+00
 0.642365756738548E+00  0.479229063928789E+00 -0.598085059883332E+00  0.290171818857360E+00  0.467182130979275E+00 -0.835189303113178E+00
-0.376633241218010E+00 -0.798225807871161E+00  0.470088248372631E+00 -0.203491912004657E+00 -0.364256352809092E-01 -0.978398801533951E+00
 0.666782942286537E+00  0.703280309711596E+00  0.246571113165494E+00 -0.217519853050236E+00  0.937328850614170E+00 -0.272212672988094E+00
-0.961092613960888E+00 -0.248679344469854E+00  0.120247956422852E+00  0.824546879381688E+00  0.610041369844201E-01 -0.562495279067039E+00
 0.870848243846766E+00 -0.463992542952096E+00  0.162278329649558E+00  0.673367943381759E+00 -0.529815097836214E+00  0.515627360533382E+00
-0.521098084948822E+00 -0.299415359913526E+00  0.799254169904996E+00  0.631329350076340E+00  0.735668934967829E+00 -0.245386368520108E+00
-0.158925516780929E+00 -0.698123135379695E+00  0.698116586225781E+00 -0.221532026714216E+00 -0.230141202700723E+00  0.947606768633148E+00
 0.446225203513151E+00  0.825224007357021E+00  0.346249051162983E+00  0.732145050603910E+00  0.675159349169577E+00  0.901303395373082E-01
-0.657312803483152E+00  0.409558435885399E+00  0.632615021930577E+00  0.264324671233366E+00  0.397468378172154E-01 -0.963614371551662E+00
 0.380003306143816E+00  0.598776869174147E+00  0.705027480501133E+00 -0.335066632416151E+00  0.604718938540664E+00  0.722527063307356E+00
-0.353185979205856E+00  0.373604918760901E-01  0.934806855847333E+00  0.662279702322227E-03  0.142293386075921E-01  0.999898538506976E+00
-0.360354477508949E+00  0.161918669176998E+00  0.918654992427082E+00 -0.339412956259828E-01  0.584223260421997E+00  0.810882957296009E+00
 0.236656623886101E+00 -0.277969312596070E+00  0.930981580712369E+00  0.488642139310951E-01  0.465853784533558E-01 -0.997718442804008E+00
 0.376750149276402E+00  0.456449548070666E+00 -0.806047849129500E+00  0.722906433576231E-02 -0.179061620784161E+00  0.983811301312899E+00
-0.653887084182803E+00  0.496467631611874E+00  0.570921686311362E+00  0.281088445232738E+00 -0.486762776000327E+00 -0.827073930103650E+00
-0.219589818413904E+00 -0.563263751876674E+00  0.796564032247729E+00  0.159907593792038E-01 -0.121090188296675E-01  0.999798813400706E+00
-0.371359662999012E+00 -0.209626628488110E+00  0.904515714250431E+00  0.942935812333004E-02 -0.393327660206751E-02  0.999947806908217E+00
-0.525918306954315E+00  0.558758019953222E+00 -0.641248321282996E+00 -0.511449370529526E+00  0.463250151350132E+00 -0.723753299584210E+00
 0.855325275374865E+00  0.384380445645222E+00 -0.347376375579128E+00  0.572920318993907E+00  0.476338284689865E+00 -0.666981369022132E+00
-0.416962258326981E+00 -0.150437635193268E+00 -0.896387747042719E+00 -0.694147815619937E-01 -0.345612090715237E+00 -0.935806534948406E+00
-0.113752609964965E-01  0.821864048545577E+00  0.569570091512479E+00 -0.153447119044212E-01 -0.444422867772351E+00 -0.895685689523713E+00
 0.101721642027572E+00 -0.577035946724163E+00  0.810359317668010E+00 -0.250686117118682E+00  0.732404277434328E+00 -0.633040634619815E+00
 0.379406903940796E+00  0.875601752819980E+00 -0.298951453752341E+00 -0.260619291604103E+00 -0.959081718301724E+00  0.110633821515793E+00
 0.637397253293780E+00 -0.192764606417269E+00  0.746033878591542E+00  0.654293442341347E+00 -0.727265199840689E+00  0.207329256039260E+00
-0.311772536665851E+00  0.207202337831497E+00  0.927289100862349E+00  0.396635732723288E-01 -0.193198124498099E+00  0.980357733506340E+00
 0.767508842962997E+00 -0.210281825133574E+00  0.605567279492621E+00  0.964385877508176E+00 -0.261252559607092E+00  0.413156067549344E-01
 0.736549906133034E+00 -0.576323826075059E+00  0.354041075687021E+00  0.787225457688064E+00  0.102023796842144E+00  0.608167101745672E+00
 0.689659238821276E+00  0.544127679903928E+00  0.477802472022515E+00  0.459423922859326E+00  0.798951363426063E+00  0.388080375675172E+00
 0.555242680097216E+00 -0.823560013152049E+00 -0.115993409017312E+00 -0.720874797950922E+00 -0.680594173853511E+00  0.130885813577614E+00
-0.432124444673002E+00 -0.892638837451344E+00 -0.128313561986105E+00 -0.745504397615715E+00 -0.659257383708552E+00  0.979943629061660E-01
-0.877259851993111E+00 -0.266582892702426E-01 -0.479274960428988E+00 -0.959444056185742E+00  0.199480182669232E+00 -0.199185239844976E+00
 0.999797837479453E+00 -0.195548279608459E-01  0.467898224300082E-02  0.740960025590749E+00  0.610598056702491E+00  0.279550091446413E+00
 0.744093790698858E+00  0.504251341833849E+00  0.438240818388893E+00 -0.372355280179809E+00 -0.889741514170924E+00  0.264029512144091E+00
-0.973571657115608E+00  0.482208650964837E-01  0.223233009724180E+00 -0.504565721247000E+00  0.694268276798865E+00  0.513229960907612E+00
-0.343513550616794E+00 -0.372571217284880E+00 -0.862084177208644E+00 -0.505661930836969E+00 -0.192876652000700E+00 -0.840895123553008E+00
-0.669836986250276E-01  0.707872494257092E+00  0.703156963979419E+00 -0.773010875710082E-01 -0.516771947445139E+00 -0.852626117471250E+00
 0.681953108260752E+00  0.128970373440159E+00  0.719935136597878E+00  0.957450130315199E+00 -0.741688680973215E-01  0.278905408632694E+00
-0.611068164164512E-01 -0.874061503552522E+00  0.481956891220522E+00  0.175039303812225E+00  0.978242218658132E+00  0.111370569522413E+00
-0.168899568326471E+00  0.593226758209022E+00  0.787118129103850E+00 -0.109683037245051E-02 -0.575589903246844E+00 -0.817737769852551E+00
 0.513424019169276E+00  0.815813640031276E-01 -0.854248358258566E+00 -0.208783335710899E+00 -0.561107556351422E-01  0.976350911215575E+00
-0.893736149021401E+00  0.301487653048157E+00  0.332175994003045E+00  0.999095703700587E+00 -0.384945689879885E-02 -0.423433174020676E-01
 0.746669436673422E-02 -0.194023613325203E+00  0.980968442890731E+00 -0.117930665477870E+00 -0.724404785389128E-01 -0.990376057469586E+00
 0.681130477231343E+00 -0.210541652299975E+00 -0.701237110850103E+00  0.413125175961287E+00 -0.307563543640776E+00 -0.857165244051626E+00
 0.868127184862477E+00  0.455901568679356E-01 -0.494243592269549E+00  0.519806327212487E+00 -0.859033778324562E-02 -0.854240942759497E+00
 0.454864258129183E+00 -0.844721074939026E+00 -0.282036898703778E+00  0.188055944413727E+00 -0.978096227151870E+00 -0.892341425797267E-01
-0.178503096676753E+00  0.100106604630253E+00 -0.978833648883309E+00  0.230860549363988E-01  0.163582167127698E-01  0.999599641263167E+00
 0.437656435215484E-01 -0.756842591820166E+00 -0.652130247461409E+00  0.224268433583375E+00  0.716261075903066E+00  0.660812939374103E+00
-0.141869488610989E+00 -0.917266338646342E+00 -0.372149851790365E+00  0.713236128450181E-01  0.904219028111733E+00  0.421071123981932E+00
-0.867145606786951E+00 -0.253892158984834E+00 -0.428482518005241E+00 -0.986566040028625E+00  0.139462695659382E+00 -0.850741158147119E-01
 0.595579896249327E+00 -0.708052560739506E+00 -0.379402370068862E+00 -0.168775274431149E+00  0.689461217446741E+00  0.704384934803086E+00
 0.262241234899698E+00  0.320277873778030E+00 -0.910303036513944E+00 -0.120737356267752E+00  0.265081140088893E+00 -0.956637068051749E+00
 0.403464166924564E+00 -0.421225714159260E+00 -0.812271853346457E+00  0.523767240604714E+00  0.312453725882014E-01 -0.851288202879112E+00
-0.868679413825909E-01 -0.103557673436411E+00 -0.990822773775607E+00  0.204041063494510E+00 -0.114605773536232E+00 -0.972230816771507E+00
 0.776862810956252E+00  0.255775194666830E+00  0.575380937072385E+00  0.577184919352512E+00  0.577987479457973E+00  0.576877840154961E+00
-0.503439419612100E+00  0.696818348018321E+00  0.510874681938389E+00 -0.615371931145585E+00  0.309612684248029E+00  0.724884385340783E+00
 0.940214203827410E+00  0.309880843703444E+00  0.141319190582281E+00 -0.651204929368162E+00  0.113911894729106E+00  0.750304085158699E+00
 0.213014072867570E+00  0.968136782012394E+00 -0.131666913364962E+00  0.736347199010289E-01  0.996401363024365E+00 -0.419791827967595E-01
-0.748820505380376E+00 -0.645748169449408E+00 -0.149255326118090E+00  0.470112860252950E+00  0.852071679708534E+00  0.230147238226895E+00
-0.854313932836658E+00  0.248638139869597E-01  0.519162301130565E+00  0.660240545122881E+00  0.334453553524883E+00 -0.672475459113877E+00
-0.668099099848867E+00  0.420976121171372E+00  0.613532964220050E+00 -0.123200783011401E+00  0.839988053585445E+00  0.528433190572955E+00
 0.139926071288394E+00 -0.379615803390044E+00 -0.914501250075869E+00  0.101407323665902E+00  0.345188630812127E+00  0.933038779400389E+00
 0.258020335582880E+00 -0.136232457703881E+00 -0.956486395038455E+00 -0.498696634895463E-02 -0.101326028689029E-01  0.999936228229448E+00
 0.231357475407096E+00 -0.966450547459800E+00 -0.111566383323599E+00  0.495209517397768E+00 -0.764522877722633E+00 -0.412640646710154E+00
-0.840123411785012E+00  0.542194098438979E+00  0.147720204661887E-01 -0.514416404741340E+00  0.833074062804427E+00 -0.203379862364786E+00
 0.216642315313682E+00 -0.118634567551582E+00 -0.969015968184930E+00 -0.362657782358342E+00  0.246415484076159E+00  0.898753994206669E+00
-0.209502639466266E+00 -0.184302115850683E+00  0.960281924306414E+00  0.118644010360397E+00 -0.248296413158293E+00  0.961390914258258E+00
-0.997046428119437E+00  0.453607461124976E-01 -0.619743728196563E-01  0.978664516536319E+00  0.205285628856819E+00  0.857756711389742E-02
 0.196854433016556E+00 -0.954332477455381E+00 -0.224717277207619E+00  0.495089424363054E+00 -0.803476175766776E+00 -0.330624404512214E+00
-0.580190163159571E+00  0.672572127578914E+00 -0.459375780572772E+00  0.405338573382478E+00 -0.840418784791459E+00  0.359717815930633E+00
-0.685674318301698E+00  0.139860890883956E+00  0.714345616926882E+00 -0.116519787010438E+00 -0.332323813200671E+00  0.935940181002401E+00
 0.281540677120712E+00 -0.834321953038003E+00  0.473963844407211E+00 -0.321931309138032E+00  0.670908951598956E+00 -0.668013031954514E+00
 0.890757723250682E-01 -0.434345520494695E+00  0.896331119403363E+00 -0.462073994877650E+00  0.373471518996551E+00 -0.804367234387514E+00
-0.877912840239571E-01 -0.110410280454728E+00 -0.990001141625267E+00  0.931631681890647E-01  0.117158855831431E+00  0.988733749091861E+00
 0.210257348179263E+00  0.977283574564991E+00  0.266207141545469E-01 -0.116298995108247E+00 -0.973816950005195E+00  0.195333283439846E+00
-0.643684871690142E+00 -0.763659569089753E+00  0.499384470613410E-01 -0.384681751706286E+00 -0.906704097243319E+00 -0.172938225810147E+00
-0.912143569680123E+00 -0.606423312262962E-01 -0.405359859821669E+00  0.958264153381722E+00 -0.546191515373621E-01 -0.280618175870614E+00
 0.273882845112438E+00  0.872793452367805E+00  0.404004674053414E+00  0.127070685021529E+00  0.354900358584023E+00  0.926228252908046E+00
-0.194487657327804E+00 -0.443235550699906E+00 -0.875052454280824E+00 -0.101561001307133E+00 -0.483243712733112E+00  0.869575112981857E+00
-0.205982887888731E+00 -0.161807395170785E+00 -0.965085186273763E+00  0.469177778030642E-01 -0.145794492081076E+00  0.988201744688221E+00
 0.997911624081621E+00  0.488090648340906E-01 -0.423091681884973E-01  0.736030960009517E+00  0.666005883567534E+00 -0.121221239726778E+00
 0.983442518666499E+00 -0.171908468053763E+00 -0.573436229261894E-01 -0.953182845978729E+00 -0.942271576783360E-01  0.287339006902566E+00
 0.363679135401016E+00  0.425717648444275E+00  0.828554144445036E+00 -0.139273183452542E+00 -0.105849437596918E+00 -0.984580558883533E+00
 0.336630641357673E+00 -0.883840307788298E-01  0.937479639460190E+00  0.479523270889600E-01 -0.361009882030891E+00  0.931328319875862E+00
-0.756251850284064E+00  0.282581464976886E+00  0.590110883303678E+00  0.575472001329773E+00 -0.550019933795510E+00  0.605235531105939E+00
 0.413467908503730E+00 -0.499442392960423E+00  0.761315693225562E+00 -0.211626496493419E+00  0.582639818972080E+00 -0.784694250858322E+00
-0.253318027701221E-01 -0.670717534837109E+00  0.741280168512855E+00 -0.246461864576893E+00 -0.549682362931915E+00  0.798189106158978E+00
 0.318529000600697E+00 -0.839535254837510E+00  0.440136151277350E+00 -0.910555780602241E+00  0.219762574211088E+00 -0.350132234145844E+00
 0.963723699278959E+00 -0.265648637796412E+00 -0.258347185970831E-01  0.881825374138892E+00  0.361870558837054E+00 -0.302380072378722E+00
-0.525589789432766E+00 -0.835626205226183E+00  0.159637772420285E+00 -0.339488217166073E+00 -0.919904478043235E+00 -0.196274047396502E+00
-0.904062188280722E-01 -0.153736085052040E+00  0.983967444456412E+00  0.356671795081269E+00 -0.541725695544124E-01 -0.932657795389809E+00
-0.392518024804199E+00 -0.510513238298999E-01  0.918326392160775E+00 -0.188547241137725E+00  0.591751792732563E-01  0.980279672347300E+00
 0.150755071508627E+00  0.196241158125658E-01 -0.988376346587171E+00  0.123279403030231E+00  0.157494729742501E+00  0.979794671802131E+00
-0.563030036815091E+00  0.801381882959455E+00 -0.201951121087146E+00 -0.355167551492774E+00 -0.922394894992333E+00  0.151801409936506E+00
-0.266869908594950E+00 -0.776053335592152E+00  0.571420748838207E+00  0.156135714250107E+00 -0.918558460875548E+00  0.363141835498960E+00
-0.371547856391180E+00  0.386224391836853E-01  0.927610099989549E+00 -0.151485283541488E+00  0.392577711510252E+00  0.907157620976492E+00
-0.531799664367574E-01  0.968013164982670E+00  0.245198702260062E+00  0.239257799171455E-01 -0.940810277893828E+00 -0.338088121744457E+00
 0.258039042144405E+00 -0.598224537550705E+00  0.758645671839919E+00 -0.727466722641382E-02 -0.310015644142457E+00  0.950703623430395E+00
-0.135793821838965E+00  0.918829874838935E+00 -0.370555932422941E+00  0.134226741891613E+00  0.166622544989342E+00 -0.976841905971707E+00
 0.959473767568814E+00 -0.819475224301827E-01 -0.269619533630003E+00  0.617103300832913E+00 -0.318834539560509E+00 -0.719394226057147E+00
 0.955356229797641E-01  0.967442174049599E+00  0.234368480415036E+00 -0.229788225866176E+00  0.705700553817866E+00  0.670211981088396E+00
 0.411944969760046E+00  0.400201616176617E+00  0.818620796400274E+00  0.169888399451726E+00 -0.675343916405720E+00 -0.717668813803076E+00
 0.318191672221062E+00 -0.740053100421845E+00  0.592516217740223E+00  0.129358554636620E+00  0.271845733093728E+00  0.953606974461208E+00
 0.629489886859690E+00  0.464361881792557E+00  0.622985172439481E+00  0.340851729296602E+00  0.671279575819929E+00  0.658182216200447E+00
-0.419408974449260E-01 -0.388894145452356E+00 -0.920327281326809E+00 -0.108735586742308E+00  0.233667693584059E+00 -0.966217357094620E+00
-0.502823710106093E-02  0.968513789789825E-01 -0.995286153436048E+00 -0.300297818343543E+00  0.286800417769853E-01 -0.953414220316531E+00
 0.996425311379088E-02  0.327387043389354E+00 -0.944837783685994E+00  0.245654065366418E+00 -0.287532036689052E-01 -0.968931026156004E+00
 0.544173284321871E+00 -0.529193903676138E+00  0.651021696214772E+00 -0.467029008786946E+00  0.480274920705388E+00 -0.742441853273989E+00
 0.691098842727821E+00  0.606117537271591E+00 -0.393705372826036E+00  0.871580345475470E+00 -0.163187445917043E+00  0.462295964589712E+00
 0.629521121029306E+00  0.304267435643434E+00  0.714929706883813E+00 -0.667445371893880E+00 -0.363098214781398E+00 -0.650135648891831E+00
 0.621204795450248E+00 -0.123956313878252E+00 -0.773782549789883E+00  0.738207425330959E+00  0.181477705884998E+00 -0.649704270767058E+00
 0.892964504346359E+00  0.555737537120817E-01  0.446683279154045E+00 -0.830561278114797E+00 -0.175359113966999E+00 -0.528599228570213E+00
-0.111096687965059E+00 -0.607864517167178E+00  0.786230408145289E+00  0.108661132539257E+00  0.164084728115217E-02  0.994077494914499E+00
-0.753682542032254E+00  0.372556235285561E+00  0.541446652391212E+00  0.553279971302323E+00 -0.201819802241705E+00 -0.808176986048736E+00
 0.509244104777536E+00  0.766552017979787E+00  0.391239626674552E+00  0.278403587358657E+00  0.796555610352067E+00  0.536647558610376E+00
 0.595858059744154E-01  0.330195332932642E+00  0.942030028096706E+00 -0.158907973304843E+00 -0.242860390250757E+00 -0.956957202213034E+00
 0.675964183778740E+00  0.566226572760405E-01  0.734755943787692E+00  0.847878058409388E+00  0.592283102768915E-01  0.526872665194988E+00
 0.380492509100461E+00 -0.165998212256806E+00  0.909763729792511E+00 -0.532110121647888E+00 -0.911159550167913E-01 -0.841758101345777E+00
 0.974771817898258E+00 -0.168848801465505E+00  0.145979400173410E+00 -0.462653542304568E+00 -0.453836265198928E+00  0.761567031969822E+00
 0.655470210862915E+00  0.727491124188685E+00 -0.202769492029766E+00 -0.274017535846018E+00  0.135468763062630E+00  0.952135811889857E+00
-0.836096238632740E-02 -0.671342887477767E+00  0.741099738052165E+00 -0.198364726781560E+00 -0.123248949519761E-01 -0.980050780385027E+00
 0.310444857046722E+00  0.865440937791673E+00  0.393237808364747E+00  0.380532081848773E+00  0.914489288783315E+00 -0.137494274005961E+00
 0.585479230556046E+00  0.182959327234596E+00  0.789772090647273E+00  0.969872334733223E+00 -0.181313979649031E+00  0.162704932632537E+00
 0.126540835060003E+00  0.170470447780881E+00  0.977203788109575E+00 -0.196416445273341E+00 -0.218571622404534E+00  0.955848850972597E+00
 0.855688407523754E+00  0.516827346548572E+00 -0.262076914096721E-01  0.438230513627752E+00  0.140019101252602E+00  0.887890009072053E+00
-0.140896661648474E+00 -0.538934544520587E+00  0.830480395589627E+00 -0.888482404626416E-01 -0.479053215827190E-03  0.996045059560414E+00
-0.206031720702647E+00  0.228622298075691E+00  0.951463491095111E+00  0.370608323702853E-01  0.690986016280077E+00  0.721917460662512E+00
 0.379474939293384E+00  0.892001467243647E+00  0.245626042763105E+00 -0.674696828455395E+00 -0.674435918330038E+00 -0.299867273537059E+00
 0.619469805136949E+00 -0.109419467382909E+00 -0.777357408584514E+00 -0.300967854058953E+00 -0.101374265893472E+00 -0.948230778364481E+00
-0.148446221111729E+00 -0.712061671617489E+00 -0.686244777940754E+00  0.339489550473456E+00 -0.167907264644327E+00  0.925502023552078E+00
 0.370798525208879E+00  0.637489724361134E+00  0.675363091260462E+00 -0.136511378762123E+00 -0.633008376883867E+00 -0.762013804509680E+00
-0.825777166204213E+00  0.471221589989987E+00 -0.309906897153077E+00  0.893636308329531E+00 -0.377458151633185E+00  0.242774570745840E+00
-0.324000079584218E-01  0.725286772834006E+00  0.687684038375421E+00 -0.229912431904640E+00  0.453176687378227E+00  0.861261379415443E+00
-0.598907985194470E+00 -0.167127117781040E+00  0.783184366399446E+00  0.135486411892193E+00  0.154513807442203E+00 -0.978656689295226E+00
 0.211618795743306E+00  0.315113987002395E+00  0.925159802673899E+00 -0.310947207339490E+00  0.760195437089407E+00 -0.570451340322921E+00
 0.254039056527557E+00  0.285592420526575E+00  0.924067706987081E+00 -0.134681098553111E+00  0.435578881131412E+00  0.890017999820697E+00
 0.678460314028936E+00 -0.304265898320908E+00  0.668665735182182E+00  0.267231071990658E+00 -0.297033899539841E+00  0.916710650470954E+00
-0.160023018818593E+00  0.388027774619060E-01  0.986350332239730E+00 -0.166276878965808E+00 -0.216200383005357E+00 -0.962085959730068E+00
-0.576488416932248E+00  0.178922559045659E-01  0.816909402762385E+00 -0.121662030145424E+00  0.131978204451974E+00  0.983758153191386E+00
-0.143959166667652E+00  0.913818202066349E+00 -0.379752619351836E+00 -0.393514794265261E+00  0.854330386128936E+00 -0.339508023515133E+00
 0.468285347625102E+00 -0.203617708958716E+00  0.859795709339166E+00 -0.563722328403038E-01 -0.115257761280526E+00  0.991734752758619E+00
-0.468935404775265E+00 -0.576364141246989E+00  0.669256275901003E+00 -0.306709687024317E+00 -0.773597705612201E+00  0.554504966395238E+00
-0.390130862758735E+00 -0.200254662123243E+00  0.898719077476956E+00  0.615021231343559E+00  0.713240721026030E+00 -0.336209099916884E+00
-0.687298182162779E+00  0.203725197318308E+00 -0.697221093178739E+00 -0.803353826542969E+00 -0.525629508532613E+00 -0.279886136024156E+00
 0.534877394015544E-01 -0.673525558592652E+00  0.737226141462827E+00  0.650010328245043E+00 -0.507890428086498E+00  0.565273284556139E+00
 0.360203207069335E+00 -0.392561482776805E+00 -0.846255949377635E+00  0.230790108226431E-02 -0.289670198174524E+00  0.957123738020391E+00
 0.693156179078222E+00 -0.360703800591884E+00  0.624041088105783E+00  0.559639129273791E+00 -0.577619021945724E+00  0.594272925912109E+00
-0.435690024522055E+00 -0.819808007154472E+00 -0.371603328749062E+00  0.153144959168688E+00  0.740479599780860E+00  0.654397878808908E+00
 0.312660006458082E-01 -0.323765735244341E+00 -0.945620529538836E+00  0.418882203013106E+00  0.358368638323910E-01  0.907333135727747E+00
 0.189438057962749E+00  0.167065994993969E+00  0.967575410762374E+00  0.571715948668934E+00 -0.235327114318839E+00 -0.785978386028489E+00
 0.619980558457815E+00 -0.605578677395899E+00 -0.498897356795733E+00 -0.237470011794237E+00  0.753706090516875E+00  0.612809205720845E+00
 0.156664487965837E+00  0.408564667910898E+00  0.899183602133213E+00  0.187993317202429E+00  0.607736605978402E+00  0.771566413499888E+00
 0.823712842670811E-01 -0.787980253422238E+00 -0.610165626485807E+00 -0.214101743359586E-01 -0.969661051419234E+00 -0.243513962218700E+00
 0.816379820543004E+00  0.571621038571232E+00  0.823005277803191E-01 -0.736531594584394E+00 -0.670629721929622E+00  0.881872226774869E-01
 0.957114261332204E+00 -0.239123138759272E-01  0.288722170952647E+00 -0.983749592957308E+00  0.250662705640562E-01 -0.177787571096354E+00
 0.410150496990643E+00  0.742531498360859E+00  0.529550322217167E+00 -0.324645430297140E+00 -0.150243720508308E-01 -0.945716454774719E+00
-0.817641240324237E+00 -0.565032577050416E+00 -0.110458087041238E+00 -0.881440449033826E+00 -0.471155490332173E+00 -0.327908331229481E-01
 0.321331663349712E+00  0.378330406302295E+00  0.868108326072298E+00 -0.818435629281579E-03 -0.123670096632669E-05  0.999999665080740E+00
 0.297470135617701E+00 -0.827999043890792E+00 -0.475319999296812E+00  0.841005141491951E+00 -0.530200013331774E+00 -0.107695393806284E+00
 0.787562925478820E+00  0.268839570606814E+00 -0.554499705759333E+00  0.403226814839890E+00 -0.222250582661195E+00 -0.887700858567139E+00
-0.246140696744709E+00 -0.668635686815242E+00 -0.701670204386034E+00 -0.270376122012813E+00 -0.294578744221386E+00 -0.916580665352627E+00
-0.413813560400282E+00  0.171443701379218E+00  0.894072365352065E+00 -0.782270211440734E-01  0.376674301556488E-01  0.996223718784287E+00
-0.147908697992977E+00  0.895388569545660E+00  0.420002769734914E+00 -0.252578516728904E+00  0.467309306616926E+00  0.847246189036123E+00
-0.113158151382210E+00  0.927520065378813E+00 -0.356232734452413E+00  0.236988450415510E+00 -0.487530141117352E+00  0.840327814529395E+00
 0.637458089852929E+00  0.214435450261616E-03  0.770485001605153E+00 -0.549412080187516E+00  0.685102828380178E-01 -0.832738078443325E+00
 0.128851807278356E+00 -0.543922107681043E+00  0.829183907548207E+00 -0.601048470362726E+00  0.319757888624405E+00 -0.732458619266023E+00
 0.555950326706453E+00  0.168621063610046E+00 -0.813932534760716E+00 -0.356990584084265E+00 -0.285401702350546E+00  0.889440043606417E+00
-0.616707557577475E+00  0.741096417680995E+00  0.265420210472416E+00  0.834925614022085E+00 -0.361858379567039E+00 -0.414677865561885E+00
-0.179280184038448E-01 -0.294501627227838E+00  0.955482798231484E+00 -0.368907618716453E+00  0.236023518777368E+00  0.898999481332946E+00
-0.826333935365925E+00 -0.949061925998877E-01  0.555126149509150E+00  0.877798450083153E+00  0.425237737847354E+00 -0.220551008481210E+00
 0.696738609094624E+00 -0.362039235446304E+00  0.619259963661744E+00  0.106503418160207E+00 -0.433017671915862E-01  0.993369004387734E+00
-0.603830370628484E+00 -0.754601273392323E+00  0.256838084600691E+00  0.114409582038073E+00 -0.398049077146515E+00 -0.910201834606304E+00
 0.398925523437749E-01 -0.762014676091707E+00 -0.646329805662983E+00 -0.311910508085556E+00  0.918884225678304E+00  0.241585626115035E+00
 0.264003793844439E+00 -0.663481953564492E+00  0.700066921179675E+00  0.242393570027421E+00 -0.742055882926816E+00  0.624978738696818E+00
-0.408190161631122E+00  0.848177363551227E+00 -0.337603246291927E+00 -0.724043655783533E+00  0.588719663864871E+00 -0.359402200742357E+00
-0.337571881114218E+00 -0.716603618849118E+00  0.610347834053138E+00  0.726923043665515E-01 -0.263194243494737E-01 -0.997007079607659E+00
 0.867406697830409E-01 -0.665769595253787E-01  0.994003805156673E+00 -0.261795495909886E-01  0.625283523535744E-01  0.997699772644637E+00
 0.429645974372034E+00 -0.893119721935991E+00 -0.133197218420219E+00 -0.187253141885352E-01  0.945846661096855E+00  0.324073226756657E+00
-0.729472730238134E+00 -0.588542714254595E+00 -0.348549866355958E+00  0.933293089279345E+00  0.338807475556535E+00  0.119052526266453E+00
 0.161737182836020E+00  0.921404540442275E-02  0.986790851728751E+00  0.306733965991239E+00 -0.721559538717561E-01  0.949056264100365E+00
 0.125994324887944E+00 -0.481708896661768E+00  0.867226596094085E+00  0.822782640497617E-01 -0.987389801777785E+00  0.135246687982310E+00
 0.561543762005158E+00  0.858672273151001E-01  0.822979600370697E+00  0.191921759071491E+00 -0.727432714645237E+00 -0.658792595631407E+00
 0.975506278455637E+00  0.505172843126324E-01  0.214092280756007E+00  0.928785473674903E+00 -0.265063704066905E+00  0.259034315635628E+00
 0.155268869109938E+00 -0.329339131805716E+00 -0.931357780096767E+00 -0.224854873259043E+00 -0.455384523651116E+00  0.861432076016853E+00
-0.987922748610385E+00  0.550288775222846E-02  0.154849478541222E+00  0.985390623572015E+00  0.301754118220717E-01 -0.167614926237862E+00
 0.336549575969881E+00  0.826944194627278E+00  0.450441652033575E+00  0.663285694972586E-01 -0.485623091941816E-01  0.996615383683282E+00
 0.537257264759846E+00 -0.805268526522065E+00 -0.250793204963275E+00 -0.460918452518747E+00  0.527172436328937E+00  0.713893131009633E+00
-0.645417519925844E+00  0.550609619873265E+00 -0.529400860856678E+00  0.200418655484664E+00  0.609336854794354E-01 -0.977813606219310E+00
 0.707557325625137E+00 -0.705695939302899E+00 -0.368221700284474E-01 -0.589388399924738E+00  0.790713360509834E+00 -0.165510409175381E+00
-0.651474492532502E+00  0.423420324526448E+00  0.629520622662542E+00  0.388543041791822E+00  0.657798461966835E-01 -0.919079602923217E+00
-0.127034189541129E+00 -0.137877619071396E+00 -0.982268841431322E+00  0.172582415224345E+00 -0.550836136621948E+00 -0.816575079552847E+00
-0.621955867671209E+00 -0.424014213797104E+00 -0.658318194467825E+00  0.542598065112067E-01 -0.390392945907094E+00 -0.919047997214154E+00
 0.244310390366019E+00 -0.203299670171508E+00  0.948146442944000E+00  0.174474751167771E-02 -0.418035907015430E-01 -0.999124324426434E+00
-0.139112808933645E+00  0.666943084611786E+00 -0.732007205073220E+00  0.336352287825497E+00  0.267775233785589E+00 -0.902864088689780E+00
 0.474609965121742E+00  0.856252297027789E+00 -0.203905333039068E+00 -0.117171170055247E-01 -0.221383384416642E+00 -0.975116457800458E+00
 0.890630462815024E-02  0.645175458138616E+00  0.763982529874537E+00  0.429093716084553E+00  0.644947581484079E+00  0.632393232059440E+00
-0.529237672184659E+00 -0.985380944211450E-01  0.842732300489552E+00 -0.863630585259024E+00 -0.733164651994754E-01  0.498765383858794E+00
 0.227086667824103E+00 -0.214068991076951E+00 -0.950055846966820E+00  0.402899455270838E+00  0.182229942336855E+00  0.896919325836147E+00
-0.864073863961574E+00  0.501667125083532E+00  0.413092390263814E-01  0.747355126352677E+00 -0.453298208868108E+00 -0.485778806609901E+00
 0.517391313026420E+00  0.419281974159096E+00  0.745995211345253E+00  0.132733387022706E+00 -0.797817621055108E+00 -0.588106190669209E+00
-0.557044096678907E+00 -0.103951168723923E-01  0.830417856202761E+00 -0.351029685652151E+00  0.129876839288628E+00  0.927313413257539E+00
-0.293511230347466E+00  0.602831156836499E+00  0.741920315133023E+00  0.236538461644890E+00 -0.772362494697267E+00 -0.589496168730284E+00
 0.244258684971230E+00 -0.816428613607965E+00 -0.523241830990510E+00 -0.217681919460197E+00  0.205507185641238E+00  0.954139077173733E+00
 0.504411492415787E+00 -0.380278635937672E+00 -0.775214296416328E+00 -0.529758765431790E+00 -0.443146785739781E+00  0.723171194625924E+00
-0.391434191289945E+00  0.167724887817859E+00  0.904791487523879E+00 -0.211118691150130E+00 -0.266560346551856E+00  0.940411867158859E+00
 0.868476087809738E+00 -0.744683903177356E-01 -0.490105849532709E+00  0.891749041961518E+00 -0.272127847321217E+00 -0.361566150065290E+00
-0.582984815160544E+00  0.467299859313676E+00 -0.664649943035915E+00  0.421347873418973E+00 -0.906732881649502E+00  0.173623414578773E-01
 0.602130141703706E+00 -0.689267314619749E+00 -0.402926620427038E+00 -0.816731174127230E-01 -0.767910151335396E+00 -0.635329443177425E+00
 0.105210204397747E+00  0.126241426211140E+00  0.986404539323883E+00 -0.396103370788755E+00 -0.345924453444157E+00 -0.850551816269384E+00
-0.390341991393509E+00  0.715683838361332E+00  0.579162993692916E+00 -0.976657700618985E+00  0.213586486697704E+00  0.228155324673397E-01
-0.450079160349487E+00  0.396617017635279E+00 -0.800077302978404E+00  0.160620663123304E+00  0.222670221709288E+00  0.961571097185105E+00
-0.423361887546861E+00  0.522323250472541E+00  0.740231811116327E+00  0.656132729772431E-01 -0.866029467187227E+00 -0.495669103709947E+00
 0.436269886010982E+00 -0.151215005973755E+00 -0.887018944853109E+00  0.341577647364300E+00  0.968302677393456E-01 -0.934852186214803E+00
-0.161811149547489E+00  0.944180316764408E+00  0.286950660073788E+00  0.677763432314334E+00  0.801221233434878E-01  0.730901617981808E+00
 0.986700303766759E-01 -0.706621815410368E+00  0.700678125169911E+00 -0.319849461095246E+00 -0.846055007557325E+00  0.426482410451188E+00
-0.350357005850412E+00 -0.671918344005748E+00 -0.652514909745447E+00 -0.134282498317767E+00 -0.358173045099561E+00 -0.923948202233029E+00
 0.841258620642703E+00  0.381689461684592E+00  0.382879991685728E+00 -0.586076122654494E+00 -0.809641170895304E+00  0.315587205944056E-01
 0.624623959913384E+00  0.334841261784031E+00  0.705497156698028E+00 -0.336063267341845E+00 -0.115514552752846E+00 -0.934728767314794E+00
 0.559538857110385E+00  0.348756994326945E+00  0.751854258677597E+00  0.584666594628713E+00  0.412638631331734E+00  0.698494332874604E+00
 0.607757957168660E+00 -0.271240839762578E+00  0.746363632784361E+00 -0.367254819296199E+00 -0.571493370938760E+00  0.733838691182721E+00
 0.119577251488990E+00  0.970513828442883E+00  0.209294504771330E+00 -0.625370077931878E-01 -0.965931511287751E+00  0.251128330057835E+00
-0.736974009504855E+00 -0.634628162830605E+00 -0.232629328023336E+00 -0.710072639636796E+00 -0.548782344266976E+00 -0.441174325023652E+00
-0.260303858651082E+00  0.426898442845670E+00 -0.866025184776574E+00  0.662483606217049E-01  0.173433887472552E-01 -0.997652425237216E+00
-0.152802472344673E+00 -0.831497218618461E+00  0.534100907951970E+00 -0.196405820308508E+00  0.977201500783304E+00 -0.806348598051782E-01
-0.441746277568483E+00  0.880306617130765E+00 -0.172975391573998E+00  0.704620201892590E+00 -0.677703019908704E+00 -0.210306889786019E+00
 0.590193572433113E-01  0.922237674667754E+00  0.382092118335357E+00  0.331563731737754E+00 -0.696929234229851E+00 -0.635889246859803E+00
 0.504880886867407E+00 -0.862715978841128E+00 -0.285732379714897E-01  0.372814490637759E+00 -0.925563375767690E+00  0.658922833723746E-01
-0.863391141840184E+00 -0.104897902715595E+00 -0.493510046703989E+00  0.634729913208315E+00 -0.725368201112176E+00  0.266381136895709E+00
 0.215740835054138E+00  0.108991763585103E+00 -0.970348745328581E+00 -0.368322775658212E-01 -0.146473888528439E-01 -0.999214109852892E+00
 0.896681082419161E+00 -0.140899327877854E-01  0.442452833899431E+00  0.438064159439006E+00 -0.172309274296866E+00  0.882275074002595E+00
 0.270229622607197E+00 -0.116086549740087E+00  0.955771868196075E+00  0.986473478870731E-01  0.153901991686935E+00  0.983149468651457E+00
 0.624800443188231E+00 -0.316325454174425E+00  0.713836545179031E+00  0.907255018733543E+00 -0.415311872577814E+00 -0.663654991596374E-01
 0.122456804547493E+00  0.737099859519557E+00  0.664596214340908E+00  0.679594223477090E+00  0.985619909007952E-01  0.726936878529520E+00
-0.887734168449955E+00 -0.378184879500539E+00  0.262496177274317E+00 -0.831829141123044E+00 -0.430399169124991E+00  0.350452329418734E+00
-0.261026522802018E-01 -0.809391059643471E+00 -0.586689665933497E+00  0.212910114940730E+00  0.883490263388213E+00  0.417269981491782E+00
 0.900693562313072E+00  0.143364988033176E+00  0.410118991286720E+00  0.807571121497211E+00  0.337284521834737E-01  0.588804955173650E+00
 0.101345063958641E+00  0.977513157706799E+00  0.184924861825826E+00 -0.376753799239682E+00 -0.736069177844389E+00 -0.562368864879582E+00
-0.286891580797956E+00  0.397049930983247E+00  0.871805352801558E+00 -0.441324528344276E+00  0.731251971028834E+00  0.520099236250301E+00
-0.309044771628015E+00 -0.548189991540340E-01 -0.949466274525398E+00 -0.436580338663957E-01  0.268194131932165E-01 -0.998686484916509E+00
 0.203337987221013E+00  0.694030032262066E+00  0.690634474430015E+00 -0.433354211263107E+00 -0.550630751637026E+00 -0.713449299482573E+00
 0.466233852165230E+00 -0.359914675143455E+00 -0.808138244183229E+00  0.350756362258192E+00 -0.180193862847802E+00 -0.918966890658955E+00
-0.595415527762933E+00 -0.645489788167927E+00  0.478354766538092E+00 -0.357269927551814E+00  0.193978633043300E+00  0.913635862250259E+00
 0.951857246840922E+00 -0.147730156531524E+00  0.268595574214453E+00  0.862810963680574E+00  0.503396252232735E+00 -0.463622064901431E-01
-0.902096537699771E+00  0.372978954015686E+00  0.217045010381373E+00 -0.760646156438563E+00  0.514957617599650E+00  0.395267095482704E+00
 0.545825178071540E+00  0.109449978505565E+00  0.830719915006438E+00 -0.680692616713765E-01  0.716283782021912E+00  0.694481187094294E+00
 0.486062281103828E+00  0.407831157315302E+00  0.772927684852215E+00  0.476761920033433E+00  0.584607617637468E+00  0.656454114928286E+00
-0.800091203086232E+00  0.599424499729602E+00 -0.233310065780137E-01  0.977981847616242E+00 -0.194173322461511E+00 -0.764736985987930E-01
-0.757385193745198E+00 -0.363958479978426E+00  0.542127192776144E+00 -0.279614625083002E+00 -0.269370016311708E+00  0.921550571456565E+00
-0.149752353392670E+00  0.885970093388797E+00  0.438897740110386E+00  0.454736622597655E+00  0.407898423050708E-01 -0.889691403146734E+00
-0.977401531490941E+00 -0.918255342620018E-01 -0.190405665610721E+00 -0.751425554132987E+00 -0.303686358552653E+00 -0.585776606075186E+00
 0.175958361092233E+00  0.823000230393248E+00  0.540101171943180E+00  0.106961068710927E+00  0.893579431584106E-01  0.990239611293506E+00
 0.450801498594064E+00 -0.537231664443357E+00 -0.712853524635157E+00  0.334177642557532E+00 -0.374626919528835E+00 -0.864858355095807E+00
 0.795811536678805E+00 -0.580252865822913E+00  0.173177971443297E+00 -0.484318353633125E+00  0.874199531215922E+00 -0.347981602381638E-01
-0.874700467632727E+00  0.213307474849389E+00 -0.435199969090607E+00  0.864128949531376E+00  0.390678815567239E+00  0.317255766927539E+00
 0.390636327882902E+00  0.610215557898287E-01  0.918520347660927E+00  0.380742227957908E+00  0.205889793846200E+00  0.901468107389062E+00
 0.761508655900390E+00 -0.551987578694138E+00  0.339726772504265E+00 -0.988809060601311E+00 -0.524512407633677E-01  0.139662124483114E+00
-0.170438975969512E+00 -0.601483452111852E+00  0.780492288434725E+00  0.153863723370437E+00 -0.461977869349621E+00  0.873442844645126E+00
-0.996329855014169E+00 -0.194263592131565E-01 -0.833632807365835E-01  0.458503570695063E+00 -0.366818440315175E+00  0.809455809482284E+00
 0.525852242338729E+00 -0.183254419144931E-02 -0.850573959752541E+00  0.377978885889761E-01  0.798183344519434E-01 -0.996092542439473E+00
 0.841058493858056E+00  0.121070427352292E+00  0.527221548810319E+00 -0.997235113305648E+00  0.664516849007232E-01 -0.332611239155561E-01
-0.108527397201723E+00 -0.991577325287583E+00  0.706838880661127E-01  0.181801293998774E-01  0.986136690992108E+00 -0.164936077236422E+00
-0.863638359418763E+00 -0.375852457297763E+00 -0.335951952641594E+00 -0.927759391887604E+00 -0.305853259367756E+00  0.213813691092184E+00
 0.753525742603346E+00 -0.510130196069074E+00 -0.414688001143756E+00 -0.883537428737507E+00  0.443539032607850E+00 -0.150448458194848E+00
 0.786337901088653E+00 -0.490688972217864E+00 -0.375362541891526E+00  0.819611415684064E+00 -0.545326839292331E+00 -0.175658092975534E+00
 0.247500441986993E+00  0.817704779878604E+00 -0.519713790638585E+00 -0.241428347528518E+00 -0.518384582618988E+00  0.820359541611230E+00
 0.239214940078935E+00 -0.285155642544054E-02  0.970962450905793E+00  0.303497494848950E+00 -0.243601516753011E+00  0.921166419088345E+00
 0.653739192400352E+00 -0.408885133542866E+00 -0.636740147852613E+00  0.317008804721413E+00 -0.738087075911711E+00 -0.595594565204554E+00
-0.216133225291217E+00  0.755463518133269E+00  0.618515401340112E+00 -0.990933672077436E-01  0.787522834354891E+00  0.608266627347802E+00
-0.806145941852167E+00 -0.396137434268160E+00 -0.439549603124291E+00 -0.684870865988077E+00  0.424583724888143E-01 -0.727426411072861E+00
 0.900472465440582E-01  0.257988561891109E+00  0.961942511444001E+00  0.206883257400642E+00  0.629033859270670E+00  0.749343527161172E+00
 0.976074931270779E+00  0.508959436694048E-01  0.211393782933048E+00 -0.986844079449368E+00  0.136484330779599E+00  0.866648158561169E-01
 0.358645180279820E+00 -0.602070384503520E+00 -0.713361680191640E+00 -0.341668540991222E+00  0.616886379507338E+00  0.709023132820967E+00
 0.919316652265529E+00  0.182729126135347E+00  0.348521103133099E+00 -0.899899262810570E+00 -0.436068135312765E+00 -0.508902326971900E-02
-0.725141033256403E+00 -0.673381738814272E+00  0.143970537678040E+00 -0.728265198030106E-01 -0.790341934771474E+00  0.608322220665220E+00
 0.724411418795999E+00  0.494891868756940E+00 -0.479906381033041E+00 -0.752443185859207E+00 -0.299600033792613E+00  0.586574012214581E+00
 0.750994219493215E+00  0.434916274439011E+00  0.496845566062401E+00  0.422473023484642E+00  0.482145215476709E+00  0.767497580205086E+00
-0.753599052883926E-01 -0.835965142549915E+00  0.543583632127039E+00 -0.275511889484248E+00  0.651346145773665E+00 -0.706994623132744E+00
 0.373931353081727E+00 -0.921497774261451E+00  0.104962827770887E+00 -0.367235060789879E+00  0.778036736994956E+00 -0.509703095942035E+00
-0.715071860498185E+00 -0.264437670775149E+00  0.647105055302984E+00 -0.856617557348454E+00  0.222175182145713E+00  0.465665705072735E+00
-0.637751393255301E+00  0.627066754494543E+00  0.447281170863030E+00 -0.474841385485049E+00  0.848977413783011E+00  0.231868517735698E+00
-0.419872230761731E+00  0.806826413699675E+00 -0.415618151662903E+00 -0.521667490014248E+00  0.697275974462013E+00 -0.491598662834110E+00
-0.695181209208873E+00 -0.708734262541161E+00  0.120078438793673E+00  0.495635998092178E+00  0.712227688133786E+00 -0.497068081504711E+00
-0.205347853848175E+00  0.126565436798515E+00  0.970470735843152E+00 -0.638422095852938E-02 -0.374898176281718E+00 -0.927044011438181E+00
-0.801243917114781E-02  0.973651299112841E+00  0.227901181555529E+00  0.502482822664432E-01  0.995267813951124E+00  0.831690365594209E-01
-0.819054093582531E+00 -0.530537901330211E-01  0.571257986498412E+00 -0.289401992327191E+00 -0.521310941298398E+00  0.802795982376364E+00
-0.243174612502603E-01 -0.344830365597329E+00 -0.938349977375368E+00  0.361765725961407E+00  0.459137608410460E-01 -0.931137737440089E+00
 0.153291990125064E+00  0.980643957477889E+00 -0.121815411281171E+00  0.300475685079345E+00 -0.947116468549812E+00 -0.112626629523533E+00
 0.488560122446997E+00  0.827047845971373E+00 -0.278030335087175E+00  0.342116926162281E+00  0.820619469774799E+00 -0.457755059676898E+00
 0.261258726184300E+00  0.173993335300836E+00 -0.949457843857982E+00  0.235836743386067E+00  0.944553948625384E+00  0.228470717172353E+00
 0.209654297714335E+00  0.770022466698637E+00 -0.602586488588365E+00  0.420360759170991E+00 -0.162400628537938E+00 -0.892705364607870E+00
 0.519908707089392E+00 -0.369243680346907E+00 -0.770294775275354E+00  0.304592622196908E+00 -0.438799384052666E-01 -0.951471431788029E+00
 0.251716328996322E+00 -0.897030728151343E+00 -0.363283308822312E+00 -0.443250433065687E+00  0.839263929074379E+00 -0.314904923654293E+00
-0.994447951039586E+00  0.125525848668765E-01 -0.104478252695612E+00 -0.427295572582097E+00 -0.591090280752156E+00 -0.684127746588366E+00
 0.371125018150075E-01  0.141467784057154E-01  0.999210954138199E+00 -0.337659787639875E+00 -0.889452960716699E-01  0.937056349489035E+00
-0.358148180573332E+00 -0.504941135713667E+00  0.785343447299463E+00 -0.589130980790203E+00  0.356927590253334E-01  0.807248855326740E+00
-0.364443519717778E+00 -0.286207118992962E+00  0.886152586168694E+00  0.115526856172499E+00 -0.796380337078310E+00  0.593659754588380E+00
 0.453423526336063E+00  0.797869420962599E+00  0.397254946926753E+00 -0.544463743230972E+00 -0.807690343210040E+00 -0.226264318424640E+00
 0.434146167201720E+00 -0.332261263378143E+00 -0.837328823319976E+00  0.342718914596770E+00 -0.249057367786745E+00 -0.905822373939146E+00
 0.700340318638304E+00  0.618671679581135E-01  0.711122979250735E+00 -0.218372188608703E+00 -0.715075017775837E+00  0.664064233485836E+00
 0.556759410852277E+00  0.680170117470372E+00  0.476851727193858E+00  0.990150327955862E+00 -0.138761307622562E+00 -0.186447728807684E-01
 0.967420798563683E+00 -0.480693801055652E-01 -0.248568568412567E+00 -0.771121534430796E+00  0.416330505340321E+00 -0.481705812151117E+00
-0.545254622070383E+00 -0.545657367825973E+00 -0.636361087785948E+00 -0.354628019836477E+00 -0.186970056923707E+00 -0.916122898611756E+00
-0.269705732874143E+00 -0.586073874261073E+00  0.764052505763470E+00  0.171387291818704E+00  0.823853894184471E+00 -0.540269522775561E+00
 0.230928238345082E-01 -0.433897194282517E+00  0.900666390114069E+00 -0.272768428586364E+00 -0.657704157918877E+00 -0.702155698561756E+00
-0.564675991978862E+00  0.560991290558208E+00  0.605334449705719E+00  0.666363313513442E+00 -0.724759366361285E+00 -0.175167905950191E+00
-0.200370598198961E+00 -0.137671780079467E+00  0.969999022858859E+00 -0.183915912765000E+00  0.139283336792709E+00  0.973023683742439E+00
-0.598801492697677E+00  0.773348561454189E+00 -0.208251710292544E+00 -0.814623931714165E+00  0.569626516474784E+00  0.109148896500876E+00
-0.819208468923920E+00 -0.279758377358740E+00 -0.500632334893514E+00  0.410601391503093E+00  0.778040175653763E+00  0.475457655700680E+00
 0.826721906184134E+00  0.253677791937827E+00  0.502173742556120E+00  0.595574539923676E+00  0.608839240558774E+00  0.524028383344373E+00
-0.477657221180362E+00 -0.850378379648201E+00  0.220681196482970E+00  0.334297842465903E+00 -0.976700544460103E-01 -0.937392934146164E+00
-0.465235924940304E+00 -0.872434361726352E+00  0.149712453136246E+00  0.976493015652433E-01  0.843337527272142E+00 -0.528437724806178E+00
-0.177197643343010E-01 -0.389812738230907E+00 -0.920723649671746E+00  0.289750676675022E+00 -0.444715600195835E-01  0.956068421043071E+00
 0.695380135973291E-01 -0.568726015613247E+00  0.819582322789857E+00 -0.545365746431617E+00 -0.180553505204824E+00  0.818521004237116E+00
-0.607837292140756E+00  0.742722275325409E+00  0.280886895419563E+00 -0.668780700579470E+00  0.689756275799180E+00  0.277432252141094E+00
 0.603384648149425E+00  0.792977592271194E+00 -0.843415943255456E-01 -0.995090061155179E+00 -0.750670568475442E-01  0.645035438284573E-01
 0.230357449107055E+00 -0.793227822697848E+00  0.563671062712041E+00  0.235427869226649E+00  0.921573171653872E+00 -0.308669090903547E+00
-0.607456707444383E+00  0.417775390705135E+00 -0.675618288312270E+00 -0.146608144568804E+00  0.589367057333007E+00 -0.794451083249765E+00
 0.234403748167214E-01  0.533129539907980E+00 -0.845708840267120E+00 -0.348154335251365E+00 -0.191155805576662E+00  0.917740713295437E+00
-0.187775973237581E-02 -0.611547843517886E+00 -0.791205225657042E+00 -0.160173846477005E+00  0.520647323562463E+00  0.838612367767138E+00
-0.674623854380498E+00 -0.637467311482484E+00 -0.372180173964298E+00  0.960210990700526E+00  0.275744189552251E+00  0.442718337782195E-01
 0.955511489359544E+00  0.246310091122496E+00 -0.162262542544893E+00 -0.654038987543566E+00  0.521332098975694E+00  0.548129405661277E+00
-0.577117976062118E+00  0.315835391055586E+00 -0.753115427715254E+00  0.987377970750666E-01  0.587291599416110E-01 -0.993378947432104E+00
 0.390144384339217E+00  0.919986392279620E+00  0.375818758034142E-01 -0.326039248904131E+00 -0.929048690200995E+00 -0.174834033900286E+00
 0.259189335714673E+00 -0.498032975435871E-01 -0.964541611235913E+00 -0.304497677425591E+00  0.794499841236397E-01  0.949193797106352E+00
 0.229629218685544E+00 -0.507329039004868E+00 -0.830594767686544E+00 -0.159977389278525E-01 -0.285606671380182E+00  0.958213390436770E+00
-0.729765182904460E+00 -0.416083590697688E+00 -0.542510113613138E+00  0.657535379973830E+00 -0.148903594701705E+00 -0.738562755334699E+00
 0.260562941639338E+00  0.348701631022579E+00  0.900285580227990E+00  0.717297969951238E+00  0.266261483037493E+00  0.643885428437783E+00
 0.825253692669098E+00 -0.235012969526574E+00 -0.513541864788372E+00  0.933367933643159E+00 -0.866615092719396E-01 -0.348301712969387E+00
-0.834500345547035E+00  0.407903775965528E+00  0.370437150991829E+00  0.138969255604252E+00 -0.989618411158833E+00 -0.366462316243684E-01
-0.572741262158198E-01  0.691730396892482E+00  0.719881054398005E+00  0.122553482356288E+00 -0.869086575830084E-01 -0.988649345925777E+00
 0.919783683411064E+00 -0.392045536366956E+00  0.172705861371946E-01  0.763426812576689E+00 -0.593215461220051E+00  0.255489566144057E+00
-0.668862869556731E+00 -0.156971008759057E+00 -0.726624087226332E+00 -0.232492994066201E+00 -0.811622033076589E+00 -0.535926005279421E+00
-0.238422597313715E+00  0.440238390167609E+00 -0.865647055625337E+00  0.144758789681981E+00  0.488578506304817E+00 -0.860427763375149E+00
 0.489536179869269E+00 -0.383863667270291E+00  0.782945089740530E+00  0.314304507092839E+00  0.195719220543739E+00  0.928927695534415E+00
-0.449177120660453E+00  0.171973755318367E+00  0.876735388676015E+00 -0.124455621202873E+00  0.113927332086205E+00  0.985662904524020E+00
-0.572105719372258E+00  0.710715504855209E+00 -0.409363551161992E+00 -0.255219364719889E+00  0.706516745991092E+00  0.660073604612497E+00
-0.751601637147149E+00 -0.335825272870618E+00  0.567729130077981E+00 -0.691174965181121E+00 -0.550296835299662E+00  0.468455505428267E+00
-0.939117167260473E+00 -0.325945891425367E+00 -0.108711646200337E+00  0.849691055556414E+00  0.339887908247682E+00  0.403114524588784E+00
 0.870699921064601E+00  0.482959146560988E+00  0.929091503092160E-01 -0.925959222159925E+00  0.371884446840559E+00 -0.655856470203516E-01
 0.241633269692591E+00 -0.969548870993478E+00 -0.398541055970464E-01  0.469873395281013E+00 -0.879130301909754E+00 -0.796800142517438E-01
-0.611742359114219E+00 -0.726473104683103E+00  0.313062476572110E+00  0.386705835098472E-01 -0.355549319790272E+00  0.933857198487907E+00
 0.409370508051911E+00  0.912136583330810E+00  0.205582218812081E-01 -0.150644538787101E+00 -0.931375733311087E+00  0.331429428887744E+00
-0.753930287433371E+00 -0.399931604958158E+00  0.521194621083359E+00 -0.325503937009763E+00  0.692177593854222E-01  0.943003758622841E+00
-0.600857745653336E+00 -0.463081516187985E+00  0.651556197770713E+00  0.488215865655932E+00  0.147610265473409E-01 -0.872598063610674E+00
 0.734633858659899E+00 -0.208793276613210E+00 -0.645537343111603E+00 -0.557288723463452E+00  0.153039942885102E+00  0.816093165381380E+00
 0.605886593848560E+00 -0.151974716783074E+00  0.780900199035251E+00  0.707381589777335E+00  0.642794442578206E+00 -0.293983997922785E+00
-0.652023629303994E+00  0.494902855047254E-01 -0.756581719624463E+00 -0.482657078216306E+00 -0.417433549127197E+00 -0.769929462295586E+00
 0.548479296426099E+00  0.379735574703132E+00  0.744963995570802E+00 -0.746396653017011E+00 -0.302147782853256E+00 -0.592957632282328E+00
 0.288253812957382E+00 -0.500191885706478E+00 -0.816527903251891E+00 -0.295780636348393E+00  0.465255361114051E+00  0.834296868096707E+00
 0.401013589544789E+00 -0.187181037625741E-01  0.915880851198417E+00  0.302913859647094E+00  0.466030511936852E+00  0.831299437975016E+00
 0.377162086917336E+00  0.505892727746746E+00  0.775771427809195E+00 -0.281342865498060E-03  0.763317789394923E-01  0.997082434089642E+00
-0.202374550249009E-01 -0.933750866139601E-01  0.995425305391595E+00 -0.438634687783147E+00 -0.546068903767201E+00  0.713728493904978E+00
 0.228180910654505E+00 -0.369021100882259E+00  0.900975526369349E+00  0.331559929406684E+00  0.923977849134914E+00 -0.190612034037341E+00
 0.538830979172677E+00 -0.697461060379448E+00  0.472450256787094E+00 -0.556989476258221E+00  0.668473467723350E+00 -0.492854893744104E+00
-0.729953875521461E+00  0.297701089010642E+00  0.615257182983732E+00  0.867636563233834E+00 -0.263915882416891E+00 -0.421372995276032E+00
 0.633099004217623E+00 -0.364251098947103E+00 -0.683013021672707E+00  0.239726099795121E+00 -0.744262618584956E+00 -0.623381545808090E+00
-0.807554724845780E+00 -0.327453110347442E+00  0.490540341769200E+00  0.609801777153062E+00  0.382778546212940E+00 -0.693990185190018E+00
-0.472691367639519E+00  0.141479537599204E+00 -0.869796764422469E+00  0.870901916771746E+00  0.271419347749421E+00  0.409708907677852E+00
 0.135218896570728E+00 -0.634557288379379E+00 -0.760955253464226E+00 -0.223315641097468E-01 -0.701660268188659E+00 -0.712161617394417E+00
 0.457866653064773E+00 -0.215698051928611E+00 -0.862457232797931E+00  0.137795518510730E+00 -0.479224403093056E+00 -0.866808148645629E+00
 0.491585022668038E+00  0.870565294015129E+00 -0.214530730856342E-01 -0.278467906914001E+00 -0.957800993784589E+00  0.712241610985292E-01
 0.741151547331956E+00 -0.496654332221945E+00  0.451695537029779E+00 -0.652817267002198E+00  0.322194878509585E+00 -0.685580101932644E+00
-0.561959534310000E-01  0.960425507114384E+00  0.272809200911661E+00 -0.224643424751573E+00  0.867876724824410E+00  0.443086134091262E+00
 0.605062008228251E+00  0.145133755675408E-01 -0.796046059049620E+00 -0.159673939513553E+00  0.524318255334150E-01  0.985776413144206E+00
-0.362199758356895E+00  0.121498964671988E+00  0.924147897595315E+00 -0.256617325377284E+00  0.112706358735857E+00  0.959919176293876E+00
-0.193316092566256E-01  0.839012782689229E+00 -0.543768185321305E+00 -0.134311770248784E+00  0.367578096903978E+00 -0.920242734852652E+00
 0.294356460516174E+00  0.805380039633080E+00  0.514506818140449E+00 -0.489771465332388E+00 -0.183549860641517E+00 -0.852310600898901E+00
 0.753138188722994E+00  0.438592754131632E-01  0.656398684221168E+00  0.687654540352212E+00  0.281408296385708E+00 -0.669283649776596E+00
 0.741463071399945E+00 -0.547173115001340E+00 -0.388373655092478E+00 -0.387906106949402E-01  0.702276871808697E+00  0.710846315207798E+00
 0.539666217823204E+00 -0.502500272536033E+00  0.675465653783825E+00  0.167646400903575E+00  0.220194393542640E+00 -0.960941784561618E+00
 0.760379283781441E+00  0.612163900303508E+00 -0.216976275111405E+00 -0.912373542175171E+00 -0.383671131597194E+00  0.142726950214948E+00
-0.819954669424421E+00  0.484172111060331E+00 -0.305371424597115E+00  0.953758106720689E+00 -0.293220988710298E+00  0.660827181971406E-01
-0.291444750974479E+00 -0.515545148381964E+00 -0.805774879919474E+00  0.475284161061535E+00 -0.312362650300470E+00 -0.822517197960808E+00
-0.803507620338440E+00 -0.147746351052600E+00  0.576668466112634E+00  0.522385632812437E+00  0.744721700114987E+00 -0.415334612100886E+00
-0.707306442974233E+00  0.637571164189286E+00 -0.305320497709301E+00 -0.222583010871619E+00 -0.852313621603933E+00  0.473305708501082E+00
 0.126302599504119E+00 -0.371118464172108E+00 -0.919955835303542E+00 -0.563895622228110E-01 -0.349677261202616E-01  0.997796309575405E+00
 0.398074380806269E+00  0.787550215576107E+00  0.470426875605267E+00  0.287278286743648E+00  0.616136113825815E+00  0.733380852767003E+00
-0.183089424158215E+00  0.976868226434247E+00 -0.110484075525041E+00  0.483040072092062E+00 -0.874054124456105E+00 -0.519776516838428E-01
-0.632207497125062E+00  0.124616326853906E+00  0.764712005699077E+00  0.814398108982943E+00 -0.435725905791191E+00 -0.383273603457704E+00
 0.282373188362914E+00 -0.364557642087532E+00  0.887334834258940E+00 -0.380298369371020E-01  0.378057905584211E+00 -0.925000514339218E+00
 0.670173570182115E-01  0.997976549774381E-01  0.992748257071901E+00  0.694855032710523E+00  0.275745084187267E+00  0.664184561747271E+00
 0.269814198442690E+00 -0.630806969283070E+00  0.727518292431631E+00 -0.421703427026231E+00  0.367387871139384E+00 -0.828970670032423E+00
-0.807229156901566E+00 -0.383649379560653E-01 -0.588989999731416E+00  0.912620304912446E+00  0.369665575685839E+00  0.174560995684524E+00
-0.277114179303164E+00  0.941070518972377E+00  0.193891748019854E+00 -0.859459130848694E+00  0.493324691879148E+00  0.134017725630419E+00
-0.640779980754642E+00  0.612713079974428E+00  0.462583719873853E+00 -0.537537183748771E+00  0.843186433262174E+00 -0.950867236017535E-02
 0.319638509849973E+00 -0.927704728095195E+00 -0.192860468968396E+00  0.154728406002581E+00  0.965889262089589E+00  0.207646463384111E+00
-0.977297144913254E+00 -0.676308590630428E-01  0.200789335988736E+00 -0.101129301811694E+00 -0.636377089369452E+00 -0.764720252406554E+00
 0.923676068189197E+00 -0.184455263115987E+00  0.335855291700694E+00  0.651292828630557E+00 -0.590578778237352E+00  0.476481225307025E+00
-0.554555830609050E+00  0.579535656322246E+00 -0.597165181326448E+00 -0.910379915066673E-01  0.811985447642139E+00 -0.576534228749540E+00
-0.503733259921546E+00 -0.176696390125451E+00  0.845595168248640E+00  0.456884703129731E+00  0.385606617500283E+00 -0.801600838688464E+00
-0.287594839706163E+00  0.369338640457164E+00  0.883673116508384E+00 -0.879680999413829E-01  0.216612838765326E+00 -0.972286218906105E+00
-0.419369754512553E+00  0.841685867244277E+00 -0.340138074730440E+00  0.697876643631882E+00 -0.595524238399689E+00  0.397893291915771E+00
 0.823846674721013E+00 -0.344517049777965E+00  0.450094055685494E+00  0.668577695528200E+00 -0.370851800232997E+00  0.644571801513335E+00
-0.969753268262055E+00 -0.888779945483638E-02  0.243925410148089E+00  0.989422101073280E+00  0.461460351911355E-01 -0.137529812563950E+00
-0.844246955714941E+00  0.459224885277271E+00 -0.276332376872728E+00  0.685259004930084E+00 -0.395981258571144E+00  0.611243763994892E+00
 0.245898344731793E-01 -0.467451538349274E-01  0.998604141105739E+00 -0.130083089229122E+00 -0.267764747224758E+00  0.954662469169219E+00
 0.570845331005916E+00  0.856659444958517E-02  0.821012924093332E+00 -0.479920562789542E-01 -0.235259215514786E+00  0.970747064919325E+00
-0.468095587400812E+00  0.812403072225103E+00  0.347689184898097E+00 -0.296077304169377E-02 -0.416948651446880E-02  0.999986924517116E+00
 0.229951396733715E+00 -0.514453438767579E+00  0.826111381401096E+00 -0.115422901611869E+00  0.178647935031162E+00 -0.977119475341986E+00
 0.590683490462925E+00 -0.375576794431338E+00 -0.714167407250720E+00  0.364292795974811E+00 -0.239206393854624E+00 -0.900039476878610E+00
-0.286835515945407E-01 -0.840183581480089E+00 -0.541542983778033E+00 -0.582924787781133E-01  0.578990511759716E+00  0.813247793855062E+00
 0.810290995682108E+00  0.516161496018475E+00  0.277499211430356E+00  0.335806991091492E-01  0.593059813204188E-01 -0.997674865488233E+00
-0.281427232242690E+00 -0.356909589312145E+00  0.890738041182286E+00  0.355664811269696E+00  0.136681579985409E-01 -0.934513629371674E+00
 0.101128346996762E+00 -0.270932700808924E+00  0.957271397810508E+00 -0.375050136108423E+00 -0.108559134715357E+00 -0.920626042253263E+00
-0.946248235265420E+00 -0.150931757413752E+00  0.286066219363759E+00 -0.272670698418041E+00  0.674533150534291E+00 -0.686043525626837E+00
 0.135651533173632E+00  0.960630058076029E+00 -0.242463508735825E+00 -0.407399135270691E+00  0.787129894815506E-01  0.909851751587901E+00
-0.762235754546199E+00  0.539338783229850E+00  0.357925035999903E+00 -0.475028542887775E+00  0.540455919967472E+00  0.694446025270525E+00
-0.104388049740296E+00 -0.674748312795829E+00  0.730628393542572E+00 -0.130973271052412E+00  0.417292145350933E+00 -0.899284864599782E+00
 0.616485032423884E+00 -0.571080501345529E+00  0.542045446231459E+00  0.449811916112199E+00 -0.485299487914712E+00  0.749769062547389E+00
 0.134271213657515E+00  0.310795041402732E+00 -0.940945101173502E+00 -0.422719844568713E-02  0.185740795757238E-01  0.999818550718687E+00
-0.228929146918005E+00  0.739490253710080E-01  0.970630201126089E+00 -0.534591885551150E-03  0.511461436904889E-01 -0.998691036405708E+00
-0.519138058078436E+00 -0.851905096504649E+00  0.689447837327356E-01 -0.176269011058715E+00 -0.605250590457400E+00 -0.776273765170092E+00
 0.609114393658859E+00  0.408928113720868E+00 -0.679527374905745E+00 -0.344333694921333E+00 -0.625408383084787E+00  0.700213296724001E+00
-0.409541952131941E+00 -0.543166857603086E+00 -0.732970090962481E+00 -0.173044260868946E+00 -0.692534126184972E+00 -0.700322902559624E+00
-0.387950287503847E+00 -0.143397259061544E+00  0.910456918541080E+00 -0.437135853471353E-01  0.825411672373008E-01 -0.995628484007565E+00
-0.925983504350400E+00  0.110964556197876E+00  0.360889757320378E+00 -0.168123827568204E+00 -0.258204079331581E+00  0.951349058979063E+00
 0.950110069067467E+00 -0.304900392642789E+00  0.657769505441330E-01  0.538942011022245E+00 -0.496444525486662E+00  0.680503006510346E+00
-0.579215397448454E+00  0.406267167745322E+00 -0.706722372484998E+00  0.527023423364821E+00 -0.383936606451978E+00  0.758181372397769E+00
 0.293576198970161E-01  0.926922639025558E+00 -0.374102327466534E+00 -0.503701655727509E-01 -0.980783473098237E+00  0.188485079827380E+00
 0.918343876398851E+00  0.175153296248918E-02 -0.395779555830028E+00 -0.864529088763074E+00  0.495298608486195E+00  0.852569241418431E-01
-0.546048514517576E+00  0.673126639963985E+00 -0.498729933294507E+00 -0.357046019656966E-01 -0.872075143743186E+00  0.488067746387499E+00
 0.515743509455985E+00  0.745130196509187E-01 -0.853496597741623E+00 -0.475779266428040E+00 -0.145924616814311E+00  0.867375406525221E+00
-0.384249953041545E+00  0.320143531817518E+00  0.865944624455269E+00 -0.437825857833278E+00  0.878271265558245E+00 -0.192218891650308E+00
 0.419706217323943E-01  0.868803222486606E+00 -0.493375544092211E+00  0.100449538205212E+00  0.869881089937213E+00 -0.482925231939692E+00
-0.457264242467714E-02 -0.762927101057807E+00 -0.646468351439408E+00 -0.433986386705369E+00 -0.738759025330965E+00  0.515646117648974E+00
 0.426427713355595E+00 -0.710505377162023E+00 -0.559769161624834E+00  0.615734195501126E+00 -0.658713638196828E+00 -0.432397668060409E+00
 0.353297606611930E+00  0.596512961463888E+00  0.720661562710170E+00 -0.358933096830838E-01  0.176378691941249E+00  0.983667742354647E+00
-0.577944292272424E+00 -0.428111927770668E+00 -0.694766559594091E+00 -0.828580128312158E+00 -0.557039378002177E+00  0.562325734886352E-01
 0.416016318081954E-01 -0.977426678670169E+00 -0.207138581762786E+00  0.118784909325458E+00  0.851471922436249E+00  0.510769723671304E+00
 0.213137333281924E+00  0.656606379939175E+00 -0.723491906647643E+00  0.239963088690447E+00  0.627072840451085E+00 -0.741078517321039E+00
 0.287663810158004E+00  0.302990980572626E+00 -0.908540586884823E+00  0.265203205619340E+00  0.414655876931015E+00 -0.870475596128804E+00
 0.711364393137577E+00 -0.209888938671836E+00 -0.670751320236656E+00  0.796696109468718E+00 -0.531387520428208E+00 -0.287928137372104E+00
 0.192320123790099E+00 -0.667620418250569E+00  0.719232887957924E+00 -0.555333586783645E+00  0.589083587591648E+00 -0.587013742786457E+00
-0.700356659214429E+00 -0.250272299708810E+00 -0.668479114028604E+00 -0.362724017375227E+00 -0.306701187720598E+00 -0.879980493346274E+00
-0.754392174826894E+00  0.566911945731572E+00  0.330912816836689E+00 -0.919673964095575E+00 -0.167408731468084E+00  0.355209960999094E+00
 0.625655284054168E-01 -0.826321325446469E+00  0.559712981596588E+00 -0.995418253251458E+00  0.913629901790015E-01 -0.282011545750911E-01
-0.293159400022075E+00  0.130298514629206E+00  0.947143000430305E+00 -0.950330618121426E-01 -0.168866367697368E+00 -0.981046822034151E+00
 0.702803299589244E+00  0.360235545093074E-01  0.710471551581755E+00 -0.710812444408358E+00  0.913014340383894E-01 -0.697430797295867E+00
-0.450339841191055E+00 -0.216575001378368E+00 -0.866192412927968E+00  0.114854954410659E+00  0.127471117606343E+00  0.985169758784503E+00
-0.350363537948109E+00  0.654742506980563E+00  0.669744459349453E+00  0.478160233143755E+00 -0.779641325731845E+00 -0.404378776212355E+00
 0.244203158285863E+00  0.874541109884993E+00 -0.418978119481596E+00 -0.571718318283083E+00 -0.439549547165092E+00  0.692772949909655E+00
 0.670855836166204E+00  0.641565049136074E+00  0.371949909004923E+00  0.349253366534089E+00  0.835985284921878E+00  0.423261963042620E+00
 0.622809966715418E+00 -0.915857395722181E-01  0.776994078270195E+00 -0.466530101124078E+00  0.536622389297792E-01 -0.882875998574092E+00
 0.172587237415838E+00  0.925960479891372E+00  0.335873242698060E+00 -0.992809704018806E-01  0.755741912285600E+00  0.647300124309401E+00
-0.497408802904349E-01  0.221358652623824E+00  0.973923093337712E+00  0.505419326674111E-01 -0.320482640308936E+00 -0.945905064106782E+00
 0.558717881059265E+00 -0.446931179069106E+00 -0.698632128205212E+00  0.425476702807000E+00 -0.541535476769403E+00 -0.725057861669411E+00
 0.573830964598111E+00 -0.814200526457956E+00  0.882922804325974E-01  0.267028578211576E+00 -0.958452383773288E+00  0.100323309642410E+00
 0.147133274575383E-01  0.441626757439818E+00  0.897078215713836E+00 -0.155161003061111E+00  0.676910751194532E+00  0.719525467267368E+00
 0.679871004246537E+00 -0.732771083782819E-01 -0.729661485191951E+00  0.712985320413523E+00 -0.450336209069375E+00 -0.537446957081208E+00
-0.802323331866637E+00  0.354068452127309E+00  0.480533872219837E+00 -0.673490047788184E+00  0.475834808151262E+00  0.565678699335516E+00
-0.278471337573350E+00 -0.828891429212990E+00 -0.485172868911026E+00  0.389024249751549E+00  0.399311979977443E+00  0.830186771607292E+00
-0.868099800976156E+00 -0.459959925213620E+00 -0.186653697372004E+00 -0.871927780001863E+00 -0.483370090824804E+00 -0.780724135469347E-01
 0.642002508989748E+00  0.520961067698044E+00 -0.562523194538486E+00  0.521173066104926E+00  0.286437320727071E+00 -0.803947943875403E+00
-0.269936820797083E+00  0.384565266919278E+00  0.882747794252282E+00  0.403190086704864E+00 -0.832831284117799E+00 -0.379249002869648E+00
 0.678369261334219E+00 -0.726314331257654E-02 -0.734685233297966E+00 -0.759742755553587E+00 -0.185423713310138E+00  0.623224672109603E+00
 0.447959308066320E+00 -0.162675487592420E+00  0.879129765195851E+00 -0.109311949817181E+00  0.260022779916277E+00 -0.959395148805630E+00
-0.115969399599394E+00 -0.842090489888470E+00  0.526720708911234E+00 -0.941146770470731E+00  0.128055356054141E-02  0.337995734610796E+00
 0.678762798871175E+00 -0.194833383298417E+00 -0.708040264124195E+00  0.506821049395996E+00 -0.381822242438009E+00 -0.772880455871897E+00
 0.182147042264149E+00  0.197867352630840E+00 -0.963156771121547E+00  0.212163918567800E+00  0.171718142036073E-01  0.977083210609472E+00
-0.870573173021576E+00  0.439174312113939E+00  0.221874455479655E+00 -0.546321007823499E+00  0.832478572665656E+00 -0.922647411705521E-01
-0.646859540469563E+00 -0.608861840494037E+00  0.459194941276274E+00  0.330918457001382E+00 -0.572726373073406E+00  0.749984984117687E+00
-0.292305985662998E+00 -0.699726145780297E-01  0.953761523628783E+00  0.312950241649591E+00 -0.290255034244673E+00 -0.904330780935321E+00
-0.566689760775651E+00  0.397426970857457E+00 -0.721744080590275E+00 -0.676396396533877E+00  0.192157095062154E+00 -0.711029932965737E+00
-0.854805745004297E+00 -0.138714593299668E+00 -0.500065395636768E+00 -0.890299826142648E+00  0.104169197036647E-01 -0.455255650546216E+00
-0.960196702415475E-01  0.948238145170301E+00  0.302695627604185E+00 -0.212445392626553E+00 -0.700027117099990E+00 -0.681783683052349E+00
 0.399341067540233E+00  0.892566996310280E+00  0.209405990538648E+00 -0.766865188081385E-02  0.873150166686390E+00  0.487390991088121E+00
-0.748222720394375E+00  0.528895488970921E+00 -0.400540038487854E+00 -0.572282871524713E+00  0.608224991238246E+00 -0.550049702293042E+00
 0.358922759459854E+00 -0.827549898982920E+00 -0.431666094840772E+00  0.269303193686504E-01  0.737335787734780E+00  0.674989402897730E+00
-0.324205759238006E+00  0.630836921396492E+00 -0.704936454072212E+00  0.592358483323236E+00  0.454041856020087E-01  0.804394111841213E+00
-0.255242525108146E+00 -0.935185600890488E+00  0.245518115957894E+00 -0.188881461204209E+00 -0.681476043489678E-02 -0.981976248518047E+00
-0.631077487588497E-02 -0.929983833059169E+00  0.367546247932204E+00 -0.115387757011381E-01  0.692511293550315E+00 -0.721314747499722E+00
 0.346375524662394E+00 -0.588993389794619E-01  0.936245087454473E+00 -0.463430516053596E-01  0.345145618208178E+00 -0.937404301142041E+00
-0.353518608389969E+00 -0.675100363995664E-01  0.932988203841479E+00  0.223996413256202E+00 -0.123285861229561E+00  0.966760675280724E+00
-0.753313236566051E+00  0.277932416799132E+00 -0.596047598188748E+00 -0.110629040751383E+00 -0.211970529661394E+00 -0.970994186335581E+00
-0.497097088511340E+00 -0.835338134190995E+00  0.234743873529973E+00 -0.289313073716668E+00 -0.907767848841314E+00 -0.303735868785079E+00
 0.845607106548021E+00 -0.211958893024999E+00 -0.489920451729768E+00 -0.686599879403727E+00 -0.601237167575029E-01  0.724545198235452E+00
-0.753671536835268E+00 -0.564447729854413E+00 -0.336716460581546E+00 -0.490416660823622E+00 -0.447789928681077E+00 -0.747646760548325E+00
-0.638413397930773E+00 -0.175717694199655E+00 -0.749367483473657E+00 -0.719053251137029E+00 -0.461145648820987E-01 -0.693423297081230E+00
 0.122469684652835E+00 -0.611218726369033E+00  0.781928925719501E+00  0.336839324274664E-01  0.322245242782802E+00 -0.946056761616381E+00
 0.434518997568761E+00  0.130895245955579E-01  0.900567546105066E+00 -0.328088121465835E+00  0.608161268996989E-01 -0.942687426065469E+00
-0.467658968885738E-01 -0.982004664151735E+00 -0.182974835626227E+00  0.398823181844812E+00  0.901456108839537E+00 -0.168276419795113E+00
-0.464263505067694E+00  0.772663931671255E+00 -0.432954785810917E+00 -0.181274588554466E+00  0.683441932857741E+00 -0.707139765503316E+00
 0.979008241369386E+00 -0.163703857062468E+00  0.121424505408480E+00 -0.770710770940569E+00  0.490201014511561E-01 -0.635296731622249E+00
-0.397076706261906E-01 -0.839416814076409E+00  0.542035712051570E+00 -0.212208816059595E+00 -0.872598920299575E+00  0.439930156591476E+00
 0.737744714456746E+00 -0.657035324232915E+00  0.155039733621038E+00  0.636400784244585E+00 -0.531419040352856E+00  0.559095560135587E+00
-0.192117646621175E+00 -0.771849765167459E-01  0.978331891158032E+00 -0.716610161520677E-01 -0.446589716933402E-02  0.997419046603044E+00
-0.713979326898623E+00  0.520756875337863E-01  0.698227501269660E+00  0.308574205794987E+00  0.170743853528577E+00 -0.935750231632461E+00
 0.924711261296587E+00  0.377605238590265E+00  0.482013176216646E-01  0.261506645093714E+00  0.964010500263165E+00 -0.479377716857199E-01
 0.824954247827781E+00 -0.594465904391078E-01 -0.562064579809175E+00  0.628893576319065E+00 -0.540453531015716E+00 -0.558930094445862E+00
-0.666933170812025E+00 -0.321866903936735E+00  0.672013275033164E+00  0.759697343753572E+00  0.113404014508680E+00 -0.640312014089289E+00
 0.582136316635077E+00 -0.320450120914675E+00  0.747281090929187E+00  0.824288410329783E-02  0.413154545823487E-01 -0.999112149898255E+00
-0.295398443055618E+00  0.383571936282801E+00 -0.874992759705233E+00 -0.396259176327986E+00  0.676788185248203E+00 -0.620432443932705E+00
 0.245986477817775E+00  0.951818976123048E+00 -0.183115508417166E+00  0.263856184211721E+00 -0.643973606429638E+00  0.718107170466384E+00
-0.454898388929146E+00 -0.842496837507266E+00  0.288559412495803E+00  0.158385216429189E+00 -0.801239182595991E+00  0.577000775986989E+00
-0.255952243722119E+00 -0.882091390711694E+00  0.395478479017409E+00  0.109830680133744E+00  0.959007089447713E+00 -0.261232892435821E+00
-0.877138688325622E+00  0.114472322622237E+00  0.466394477664431E+00 -0.809497114263488E+00  0.241211511481681E+00  0.535286305380409E+00
 0.350095969717596E+00 -0.213618154974132E-01 -0.936470226342595E+00  0.118971316329247E-01 -0.967936638089078E-02  0.999882377145119E+00
-0.362742306168689E+00  0.659887499748205E-01  0.929550162278605E+00 -0.142995211977865E+00  0.730255631460254E-02  0.989696439330100E+00
-0.532953864609469E-01  0.275383227233506E+00  0.959856072513185E+00  0.202049511217111E+00  0.150141263113510E+00  0.967798324098366E+00
-0.245777316910738E+00  0.357429248538927E+00  0.901020445262513E+00 -0.225031454159736E+00  0.556457748596425E+00  0.799822241917385E+00
 0.257226011550587E+00  0.549574681140021E-01  0.964787259285836E+00 -0.606832938300919E+00 -0.417208862731426E-02  0.794818456422319E+00
-0.672097917455651E+00  0.540481484442698E+00  0.506126618867646E+00  0.643386552476114E-01  0.877922635046528E+00  0.474460097704633E+00
 0.766831058303924E+00  0.601875186554630E+00 -0.222971719799425E+00 -0.891691478713929E+00 -0.212272861980944E+00 -0.399783114770230E+00
 0.574757505528275E+00 -0.815487316806576E+00  0.680752963014163E-01 -0.633647627349163E+00  0.772626011976911E+00 -0.392393931073234E-01
-0.599373960669943E+00  0.776370086239191E+00 -0.194936770425121E+00 -0.775817648796861E+00  0.326179157654832E+00 -0.540105668297320E+00
 0.229822079626961E+00  0.960673794807340E+00  0.155845024580199E+00  0.209691275071522E+00 -0.971856845667528E+00 -0.107349153178037E+00
-0.452770484172474E+00 -0.265010523281800E+00 -0.851333255084124E+00  0.515042603263480E+00  0.713043107383382E+00  0.475710672401438E+00
-0.573617090523290E+00 -0.258407120066059E+00  0.777296078569011E+00  0.833637308356250E+00 -0.464869686416376E+00 -0.298236504753671E+00
-0.492083044458920E+00  0.868336272717479E+00  0.620193102118722E-01  0.806711242807690E+00 -0.552976994159724E+00  0.208406848874383E+00
 0.945556773939096E+00 -0.202457777020394E+00  0.254820006635761E+00 -0.178531824663670E+00 -0.190622734372256E-01 -0.983749468774273E+00
 0.214763308755409E+00 -0.514311128923325E+00 -0.830277534248666E+00  0.245932456481697E-01 -0.154040688954637E+00 -0.987758390708411E+00
-0.343740900426103E+00  0.937635801354623E+00  0.517812455656161E-01  0.740171946712702E+00 -0.563172994909351E+00 -0.367398512659430E+00
 0.750006601896665E+00  0.660915453686751E+00 -0.260932977880176E-01 -0.113052392002268E+00  0.329080226251099E+00 -0.937510192666240E+00
-0.470392311709125E-01 -0.951061670417240E+00 -0.305399754083102E+00 -0.135694426073583E-01 -0.972368430629670E+00 -0.233056871475866E+00
-0.566803030432795E+00 -0.806885064675712E+00  0.166345475127733E+00  0.107911264451055E+00  0.932219961452577E+00  0.345428867458889E+00
-0.517724115092352E+00  0.243824555786669E+00  0.820067879292486E+00 -0.184403918125878E+00  0.523310736968503E+00 -0.831950159296401E+00
 0.389306050140380E+00  0.770091254292277E+00 -0.505371407369514E+00 -0.195820421602583E+00  0.406884969788163E+00 -0.892243791709347E+00
-0.987041133407478E+00  0.773267879158260E-01 -0.140607143603383E+00 -0.987335999541385E+00 -0.749677679456529E-01 -0.139812223281306E+00
 0.749590147840838E+00 -0.460163328267027E+00  0.475777596759414E+00 -0.976616990426902E+00  0.176511920833194E+00 -0.122730582224957E+00
-0.299325974752633E+00  0.332875242125480E+00 -0.894202456951606E+00 -0.349202985295641E+00  0.623825613874310E-01 -0.934968283470277E+00
-0.649162128256444E-01  0.501698265564488E+00  0.862603463731720E+00  0.140765447962690E+00  0.712120790279021E+00  0.687800166263607E+00
 0.807136681155315E+00  0.545420358085191E-01  0.587839726680195E+00  0.613341977721663E+00 -0.647022306145140E+00  0.452961095145161E+00
 0.525794356671469E+00 -0.100921786651876E+00 -0.844603509033339E+00 -0.734727539505250E-01  0.190409747753873E+00 -0.978951419830030E+00
-0.206819930772995E+00  0.483354476631789E+00 -0.850643266096349E+00 -0.913191615702270E-01  0.382274325129777E+00 -0.919525503222550E+00
 0.395510237141782E+00 -0.608115845043368E+00  0.688307178026818E+00 -0.115426082976999E+00  0.199047657310715E+00 -0.973168458946190E+00
 0.341525800001003E+00  0.118403887331102E+00  0.932384388221166E+00  0.414733292431565E+00  0.538455640720282E+00  0.733526972323026E+00
 0.257067522592022E+00 -0.855141325206362E+00  0.450166194591183E+00 -0.486620611078537E+00  0.796509606483236E+00 -0.358849310509958E+00
-0.552542252450488E+00  0.191297921304518E+00  0.811234962610409E+00  0.380179920843226E+00  0.392940647864122E+00  0.837293780607358E+00
-0.695724568510409E-01  0.721351351269499E+00  0.689065962930530E+00  0.390413466641655E+00 -0.133872932523060E+00  0.910854194151030E+00
-0.978538305423165E+00 -0.162698446556798E+00 -0.126459480892358E+00 -0.904996860856406E+00 -0.399015913767509E+00 -0.147536376532468E+00
 0.799311469403974E+00 -0.381937472038776E+00  0.463923422917929E+00 -0.338645847818168E+00  0.150567825445714E+00 -0.928788630257748E+00
-0.842736786402137E-01 -0.155099053120662E+00  0.984297836434440E+00 -0.272656312133084E+00 -0.280972550009606E+00  0.920170072103568E+00
 0.698717650182710E-01 -0.168566584792563E+00  0.983210680853602E+00 -0.611070278165304E+00 -0.647661856396648E+00  0.455112332190444E+00
-0.227190884666919E+00  0.844782495890328E+00 -0.484486157244530E+00 -0.681223645751985E-01  0.781715457208810E+00 -0.619903450067432E+00
-0.703147076660473E+00  0.696472314893170E+00 -0.143214884600659E+00  0.569465758532426E+00 -0.821581703175672E+00  0.266881034554873E-01
 0.657701939096879E+00 -0.240331111459030E+00 -0.713911140250012E+00 -0.350516228349419E+00 -0.543349430146859E+00  0.762830105870751E+00
 0.193275461793845E+00 -0.864501142653588E+00  0.463985312503549E+00  0.736343450405119E+00 -0.477523993525985E+00  0.479342423172078E+00
 0.201099978249652E+00 -0.293613553971004E+00 -0.934531904042075E+00  0.666683799277397E+00 -0.566275641155950E+00 -0.484628321515028E+00
 0.341269643279403E+00 -0.374122476326260E+00 -0.862303544747125E+00  0.309222973110759E+00 -0.277068237419301E+00 -0.909733117300840E+00
 0.468674859956635E-01 -0.637319580399777E+00  0.769173056727482E+00 -0.188080767548208E+00  0.810750337755609E+00 -0.554355043909264E+00
 0.567610401800221E+00  0.483651448237614E+00 -0.666257989359865E+00  0.784159738857549E+00 -0.152200191058993E+00  0.601605024743366E+00
 0.617594358621046E+00  0.351992660850738E+00  0.703333757832422E+00 -0.131727638203329E+00 -0.839953611300623E+00 -0.526427355098892E+00
 0.303898022403446E-01 -0.322430329200866E+00  0.946105249288478E+00  0.170196934883438E+00 -0.199989276439901E-01 -0.985207108302297E+00
 0.331356735279195E-01  0.721768004981438E-01 -0.996841279547402E+00  0.116261829273808E+00  0.376479602930635E+00 -0.919100808198480E+00
-0.118219176866843E+00 -0.512729036225157E+00 -0.850372366456335E+00  0.571740146473524E+00 -0.765859491013694E+00  0.294231957704597E+00
-0.236020340684978E+00 -0.222273791158874E+00 -0.945985602716452E+00 -0.886934657798088E-01 -0.132332365040259E+00 -0.987229261261445E+00
 0.196087786558157E+00 -0.829715612763279E+00  0.522610353800592E+00  0.785687942245049E-01 -0.269053931732408E+00  0.959915062072390E+00
-0.591765795732833E+00 -0.363808446133479E+00 -0.719344602761869E+00  0.132038482915157E+00  0.853009572146342E-01  0.987567509453268E+00
-0.249297209910237E+00 -0.359290873489136E+00  0.899311386205237E+00  0.373752024585581E+00  0.439880774403836E+00 -0.816586999913702E+00
-0.697664059237440E+00 -0.871539645490212E-01  0.711104104130841E+00  0.296589548168283E+00 -0.765109796405195E-02 -0.954974397885764E+00
 0.970057940006892E+00 -0.174085884507593E-01  0.242248909342718E+00 -0.844118709714012E+00  0.874940294902928E-01 -0.528969185032837E+00
-0.789194366360340E+00 -0.527841002473713E+00  0.313936503472671E+00 -0.196092565243379E+00 -0.910556677108857E+00  0.363915159932571E+00
 0.236449555558963E+00 -0.157133814595541E+00  0.958853780295318E+00  0.154256548475373E+00  0.257792168834518E+00  0.953807168635286E+00
-0.763855173665841E-01  0.118815039209185E+00 -0.989973857833811E+00  0.407831302546153E-01  0.517453952160555E-01  0.997827214682266E+00
 0.645438334658743E+00 -0.417115019671142E+00  0.639862810700616E+00 -0.881290951557892E+00 -0.151740089464980E-01 -0.472330401471975E+00
 0.972275096365883E-01  0.709797195238808E+00 -0.697663782205289E+00  0.347678895238619E-01 -0.436121426574698E+00  0.899215933544611E+00
-0.253998128516783E+00  0.350732698904937E+00  0.901372023433627E+00  0.268630630754826E+00 -0.329674786071122E+00 -0.905070229125467E+00
-0.881850400754067E-01  0.705140627451077E+00 -0.703562430936161E+00  0.375888278544181E+00 -0.735799866100618E+00  0.563299706283791E+00
-0.775550460770983E+00 -0.600969399852278E+00 -0.193280271210254E+00  0.808935438365940E+00  0.153356187917538E+00 -0.567543246090643E+00
-0.581812278789971E+00  0.551478042004308E+00 -0.597801339440048E+00 -0.782785937246688E+00  0.622023500757343E+00 -0.182466696798266E-01
-0.404615455484125E+00 -0.623949250096493E+00  0.668560892131299E+00  0.426052102545571E+00  0.601152571606559E+00 -0.676088153695447E+00
-0.404001166658097E+00  0.202233565197997E+00  0.892123669928224E+00 -0.827153937540089E+00  0.190908691314496E+00  0.528554855424216E+00
-0.949608506027232E+00  0.640948495901130E-02 -0.313372946795488E+00  0.949072499489853E+00 -0.775064048411924E-01 -0.305375421277936E+00
-0.682819232610668E+00 -0.443198727555709E+00  0.580803567025875E+00  0.551258465944971E+00  0.619180621422093E+00 -0.559222193568306E+00
 0.286747569594466E+00 -0.952292241891331E+00  0.104476396211061E+00 -0.367133559985097E-01  0.648158143676342E+00  0.760620240512548E+00
