#          Em_x [n.u.]            Em_y [n.u.]            Em_z [n.u.]            En_x [n.u.]            En_y [n.u.]            En_z [n.u.]
-0.178903306911271E+00 -0.534819815218141E-02  0.983852124840281E+00 -0.328511569477643E+00 -0.340312197300069E+00 -0.881060586502503E+00
-0.241445407439857E+00 -0.149021751139051E+00  0.958903870528038E+00 -0.600643391889784E+00 -0.170387880056371E+00  0.781150104723177E+00
 0.440763843813751E-01 -0.732353540046367E-01  0.996340230676088E+00  0.239601968138340E+00  0.160517164627290E+00  0.957509862468397E+00
 0.968463386149520E-01  0.627668624631447E-01  0.993318230816998E+00 -0.797887706257904E+00  0.148744697794357E+00 -0.584166263216703E+00
-0.207215707588171E+00  0.129506902579374E+00  0.969685316333619E+00  0.551315267509427E+00  0.834263561191344E+00  0.746902131110601E-02
 0.282775513547935E+00 -0.287393625931597E+00  0.915119070237087E+00  0.524869770311429E+00 -0.818523439381486E+00  0.233518957252574E+00
 0.172799823783120E-01  0.770306278146491E-01  0.996878971885497E+00 -0.338282752889579E-01  0.245524346719518E+00  0.968800001527110E+00
-0.502275708483888E+00 -0.292643206775202E+00  0.813682411137991E+00 -0.891368111779398E+00 -0.376189832476806E+00  0.252871705107359E+00
 0.521701775101695E+00 -0.132406344869559E+00  0.842790494544180E+00  0.646695827712610E+00 -0.427241732645033E+00  0.631861542037156E+00
 0.237637818366242E+00 -0.392816521979259E+00  0.888382489326670E+00 -0.533671815934025E+00  0.629720826953931E+00 -0.564487442710764E+00
-0.281536003927852E-01 -0.409789913966150E-01  0.998763283791029E+00  0.936829991737458E+00 -0.326943209840860E+00  0.124329015600341E+00
 0.605783950945033E-01  0.545495056295908E+00  0.835921887262499E+00  0.783067992644117E-01  0.940673748884655E+00  0.330152909041026E+00
 0.236808818415471E+00  0.296127447518355E+00  0.925327033187150E+00 -0.279942268958816E+00 -0.695752917909568E+00 -0.661483335595473E+00
 0.229012263915227E+00  0.271577633969433E-02  0.973419748893197E+00  0.935690548952369E+00 -0.349328490072136E+00  0.495257773804332E-01
 0.945240312551408E-01  0.112311555618394E+00  0.989166983875753E+00 -0.105103236020127E+00 -0.292930147986597E+00 -0.950339538364393E+00
-0.421911518759546E+00  0.287595153937470E+00  0.859813757606667E+00 -0.170782501359774E+00  0.430592687259218E+00  0.886241092992299E+00
 0.320448773135905E-02 -0.942415932964485E-01  0.995544199597048E+00  0.968729268387336E-01  0.313466207717784E+00 -0.944645209941134E+00
 0.351297654860198E-01 -0.403055318366729E+00  0.914501126250368E+00  0.398102959389462E+00 -0.908269124537150E+00  0.128690446956527E+00
-0.115299019333944E+00  0.321925372717749E+00  0.939718144201318E+00  0.554743929163303E+00 -0.494667266279780E+00 -0.669001845085460E+00
 0.760853415268470E+00 -0.320516644799556E-01  0.648131754567210E+00 -0.979826371847333E+00  0.117630598377515E-02 -0.199847184960723E+00
-0.728009017067373E-01  0.349198148039496E+00  0.934216614129973E+00  0.571180702107209E+00 -0.551078158001222E+00 -0.608330066094300E+00
 0.613761270547363E-01 -0.519140731929575E+00  0.852482182499661E+00  0.121491606438425E+00 -0.980843844950193E+00  0.152266678522693E+00
-0.106562219326502E+00  0.739056479964962E-01  0.991555570105089E+00  0.865667211671874E+00 -0.362734453584408E-01 -0.499304031425815E+00
 0.147220088345069E-01  0.218448682731114E+00  0.975737380379023E+00 -0.429761132605309E+00 -0.385224411746919E+00 -0.816644060467008E+00
-0.521770681192177E-01  0.201973875190323E+00  0.978000054858427E+00  0.238110731628972E+00 -0.354525596539159E+00 -0.904220593042245E+00
-0.161675910624135E+00  0.125069002386177E+00  0.978886430882553E+00 -0.320820004842096E+00  0.688286308023107E-01 -0.944635984956637E+00
-0.308178368892157E+00  0.174056309141179E+00  0.935270278686926E+00  0.647673650628561E+00 -0.541334666987686E+00 -0.536167530347375E+00
-0.260124753079008E+00  0.566256297452045E-01  0.963913196761796E+00  0.960320483072429E+00 -0.198414881742248E+00 -0.196000266568048E+00
 0.765893144369401E-01  0.367507309026190E+00  0.926861615736895E+00  0.230594814084661E+00  0.445452135523688E+00  0.865100240824522E+00
-0.173827067128949E+00  0.232637010891864E+00  0.956903428720290E+00  0.137177730577759E+00 -0.878702250160074E+00 -0.457235853577952E+00
 0.184274404610051E+00 -0.402154259117852E-01  0.982051762039224E+00  0.130870183186005E+00  0.153692012593411E+00  0.979413988269439E+00
 0.199019482166171E-01  0.142169499567076E+00  0.989642231238153E+00  0.536408156380458E-01  0.286678757015497E+00  0.956523890539977E+00
 0.391332511134829E-01 -0.166909986572559E-01  0.999094589726675E+00 -0.213102154450578E-01  0.506732361420914E-02  0.999760069691261E+00
 0.438691271058215E+00  0.102458812030147E+00  0.892777777800668E+00 -0.935418758621715E+00 -0.261514630529630E+00 -0.237911420569845E+00
 0.248580338760041E+00  0.337546962747444E+00  0.907893090138877E+00 -0.176438441223118E+00  0.783308138341455E+00  0.596068651135756E+00
 0.291266030316224E-01 -0.422450934857981E-01  0.998682628802672E+00  0.146786061106828E-01  0.522045479484036E-01 -0.998528529234969E+00
-0.602375416493436E-01 -0.366246686370460E+00  0.928565992969106E+00  0.372122808184801E-01  0.773641451928640E+00 -0.632529959775845E+00
 0.286841650453317E+00  0.370120213676690E+00  0.883590909297475E+00 -0.821617490955704E+00 -0.331885298168431E+00 -0.463461807935999E+00
 0.168357413676338E+00 -0.188109545072220E+00  0.967610758679820E+00  0.329430263619208E+00 -0.317399773260518E+00  0.889231738831870E+00
-0.633645761477665E-01  0.234292577942269E+00  0.970098921971765E+00 -0.115629765687773E+00  0.984330443116479E+00 -0.133129020281482E+00
 0.342365055108740E+00  0.451212049019374E+00  0.824132183487653E+00 -0.796014638752867E+00 -0.603755204817762E+00 -0.428992720987672E-01
-0.196332877222088E+00  0.455246461419774E-01  0.979479917055651E+00 -0.150193858875995E+00 -0.387163434468729E+00 -0.909695707237489E+00
-0.102923649606965E+00  0.457522807517973E+00  0.883221151780490E+00  0.123058724882456E+00 -0.920464327168942E+00 -0.370947398750459E+00
 0.325133313745993E+00 -0.147336630807772E+00  0.934120038065111E+00  0.445842915826345E+00 -0.485009324755779E+00  0.752323101670689E+00
-0.339594911038312E+00  0.218942646612975E+00  0.914734613913231E+00  0.814778619470749E+00 -0.579741776235791E+00  0.593920367642433E-02
 0.357816664740916E+00 -0.221555159582428E+00  0.907127634732892E+00  0.454480008965824E+00 -0.873572087721474E+00  0.174125612717861E+00
 0.172931977387143E+00  0.236980049468226E+00  0.955999470371721E+00 -0.741377044884597E-01 -0.593473723214288E+00 -0.801431557044862E+00
 0.103027246065583E+00 -0.561386704031229E+00  0.821115311698117E+00  0.193843205314541E+00  0.965719424430073E+00 -0.172658058114392E+00
 0.161890673827145E+00 -0.265734817011941E+00  0.950355942137168E+00  0.351180873340216E+00 -0.912144343162460E+00  0.211340226735774E+00
-0.955372835358655E-01  0.157396668415160E+00  0.982903309703653E+00  0.316393364186464E+00  0.310062074506882E+00  0.896524817866890E+00
 0.343819829600447E-01  0.174713937016352E-01  0.999256038085264E+00 -0.126656319455427E+00  0.259520256211057E+00  0.957396163225105E+00
-0.248629523208246E+00 -0.273963003879883E-02  0.968594783496427E+00  0.749783930611600E+00 -0.197727220390546E+00 -0.631449129948919E+00
-0.181869383768887E+00  0.485710901070394E+00  0.854990320312991E+00 -0.387686493265531E+00  0.280922031603605E+00  0.877941908726983E+00
-0.257135227020539E+00 -0.115110018237001E+00  0.959495262482610E+00 -0.435982243935407E-01 -0.205865435396443E+00  0.977608621759630E+00
-0.663236904105022E-01 -0.520192946856065E-01  0.996441248178107E+00 -0.444178035542561E+00 -0.132010057535757E+00 -0.886159814847727E+00
-0.134951600893464E+00  0.150033619304742E+00  0.979427372751350E+00  0.249669842432210E+00  0.198560585116597E+00  0.947754537745945E+00
-0.239724133827492E-01 -0.559304828024683E-01  0.998146835135036E+00  0.353051214919030E-03 -0.999606814054798E+00  0.280373438480975E-01
-0.200188850939926E-01  0.123716774527561E+00  0.992115620248008E+00 -0.200993965709113E+00  0.529665928131089E+00  0.824048196603546E+00
 0.101785069033088E+00 -0.288145067718263E+00  0.952161866318730E+00 -0.142554076530637E+00  0.754118164847046E+00 -0.641080438566192E+00
-0.100535410760749E+00  0.200706612487525E+00  0.974479084889435E+00 -0.628398011169387E-01 -0.494257831602688E+00 -0.867041149712626E+00
-0.107507284718364E+00  0.181713938246044E-01  0.994038220683167E+00  0.833520200392038E-01  0.947084656629246E-02 -0.996475159660642E+00
-0.262862068698783E+00 -0.312676860607257E+00  0.912763229802880E+00  0.752535870513052E+00  0.602292353019741E+00 -0.266333785098898E+00
-0.340722829572398E+00 -0.401517501165532E-01  0.939306015295738E+00 -0.152101417783967E+00  0.843676938314567E-01  0.984757457928433E+00
 0.118777648540291E+00  0.135434123771033E+00  0.983640924486986E+00 -0.191016318743352E+00 -0.198684094785845E+00 -0.961268639066555E+00
-0.560484664882203E-01  0.208912123160476E+00  0.976326940220795E+00 -0.178053860082148E-01 -0.343277277228304E+00 -0.939065322098426E+00
 0.337437794991931E-01  0.377124846248810E+00  0.925547517789833E+00  0.302005725005975E-02  0.706574176795511E+00  0.707632540192968E+00
 0.583974391427079E-01  0.275234422303593E+00  0.959601871549228E+00  0.134504828778184E-02  0.159424404926252E-02 -0.999997824613141E+00
 0.337405120332219E-01  0.250605852586230E+00  0.967501051419204E+00 -0.228129686621518E+00 -0.124660130010403E+00 -0.965617262722533E+00
 0.370129256377415E+00 -0.120655462489498E+00  0.921111607214320E+00 -0.525683828584208E+00  0.154123329951728E+00 -0.836601764001033E+00
 0.224368545967223E-01 -0.383577035221114E+00  0.923236289151800E+00  0.400501960679991E+00 -0.852216685228619E+00  0.336637640363384E+00
 0.235708431086972E+00 -0.889357347673563E-01  0.967745819208695E+00  0.826575123799626E+00 -0.285423876155847E+00  0.485084297453345E+00
-0.256852624907059E+00 -0.352762923776866E+00  0.899769441960967E+00 -0.766792076668500E+00 -0.636279096199973E+00  0.847279345750512E-01
 0.201670327051686E+00  0.551598318599102E-01  0.977899009170197E+00 -0.895665923365365E+00  0.172773114329796E+00 -0.409795076455113E+00
 0.764157005658359E-01  0.202667572728284E+00  0.976261489392805E+00  0.643279984729592E+00  0.387253415343737E+00  0.660473809890224E+00
 0.207641109182671E+00 -0.414709218558671E+00  0.885946631473842E+00 -0.183661200901952E+00  0.294823060613916E+00 -0.937735531060595E+00
 0.103041275356751E+00 -0.942025673734856E-01  0.990206226941185E+00 -0.457476954997122E+00 -0.231788026737782E+00 -0.858480719822854E+00
 0.118075020364332E+00 -0.464623164361855E-01  0.991917104760950E+00  0.303347843672469E+00  0.866956943626169E-02  0.952840450602856E+00
 0.881741747997289E-01  0.123939530375612E+00  0.988364460970071E+00  0.736277207895122E+00 -0.652775927675592E-02  0.676648550942798E+00
-0.259148036812883E+00  0.400657641216081E+00  0.878814968893450E+00  0.415605760021564E+00 -0.704053653787511E+00 -0.575830100659347E+00
 0.136731702548035E+00 -0.101350917873706E+00  0.985409779210899E+00 -0.943675363571765E+00  0.329323894237112E+00 -0.319778184403103E-01
-0.127537691820823E+00 -0.128404769075406E+00  0.983486833894439E+00 -0.182332854046952E+00 -0.208264133795659E+00  0.960927042448820E+00
-0.269282620279843E-02 -0.568177875026882E+00  0.822901361657020E+00 -0.150552450837270E+00  0.690178115309890E+00 -0.707805148818642E+00
-0.233859873165634E+00 -0.436220900084861E+00  0.868919378338467E+00  0.397959390684871E+00  0.778483345447052E+00 -0.485378207408710E+00
-0.197238575135118E+00 -0.270167191946518E-01  0.979983184224416E+00  0.679500143088177E+00  0.229650440515480E+00 -0.696807168960102E+00
-0.743056535726101E-01  0.246831851893137E-01  0.996929992635419E+00  0.262572157927531E+00 -0.689059629160322E-01 -0.962448871450268E+00
-0.551419560675880E+00  0.324103894866117E-01  0.833598245414028E+00 -0.774180040050948E+00  0.263980105627659E+00  0.575291030192131E+00
 0.250873004164162E+00  0.326733171893234E+00  0.911212472569507E+00 -0.746661447044670E-01  0.219673393351099E+00  0.972711965120500E+00
 0.125980776871599E+00  0.375423068970399E+00  0.918251797245001E+00  0.687316485630563E-01  0.394522631744509E+00  0.916312093954451E+00
 0.566343390111338E+00  0.185918978946967E+00  0.802925462134883E+00  0.889018251092174E+00 -0.254825828971094E+00  0.380408130978041E+00
 0.540517483466982E-01  0.101994745256514E-01  0.998486043578009E+00  0.541921496481343E-01  0.270028191374253E-01 -0.998165346360585E+00
-0.641972204289087E-01  0.104129512917058E+00  0.992489678248020E+00 -0.226950445864678E+00  0.402578817057661E+00  0.886805385176634E+00
 0.283686940521397E-01 -0.292234323243035E+00  0.955925895410550E+00  0.258361170385522E+00  0.822205943433604E+00 -0.507175405771495E+00
 0.324435665988076E+00  0.284839288462669E+00  0.902002260741598E+00 -0.517856778277307E+00 -0.434409512744583E+00 -0.736961825625495E+00
 0.254905994440872E-01 -0.653686454692252E-02  0.999653689405424E+00 -0.581223992677858E+00 -0.857383134813592E-01  0.809214194102514E+00
-0.165649676728605E+00 -0.413276173170575E-01  0.985318330615342E+00  0.749650197603447E-01 -0.114883535027764E+00  0.990546323597163E+00
-0.119463722295291E+00 -0.280812811765414E+00  0.952298579125138E+00 -0.161446044184537E+00 -0.545737913276906E+00  0.822256228209512E+00
 0.296062974963017E-01  0.250971198999642E+00  0.967541691309084E+00  0.441911107843228E+00 -0.851292862170746E+00 -0.282869290630691E+00
 0.203009933499423E+00 -0.270708887446974E+00  0.941012043046093E+00  0.196608059705697E+00  0.965765880615799E-01  0.975714217123613E+00
-0.161964096615624E+00  0.162025348610987E-01  0.986663625189233E+00 -0.883241485645760E+00 -0.147003520531682E+00  0.445280184811274E+00
 0.945527283316514E-01 -0.363405150120824E+00  0.926820629048956E+00 -0.304680100475574E+00 -0.765687959279108E+00  0.566473287445391E+00
 0.134465736815868E+00  0.363768995317967E+00  0.921732653033363E+00 -0.592574480626889E+00 -0.369913744466078E+00 -0.715555243545080E+00
 0.232673215751288E+00 -0.123766920748592E+00  0.964647564657874E+00 -0.876155697757253E+00  0.478884783753780E+00 -0.549595958554749E-01
-0.117641074041001E-01 -0.535924897724035E-01  0.998493590774112E+00  0.207285243891999E+00 -0.968538097841749E+00  0.137719935716367E+00
-0.196887759546934E+00 -0.179347153338047E+00  0.963882673736865E+00  0.846353732476690E+00  0.492738006956036E+00  0.202224172698936E+00
 0.169584036161635E+00 -0.429553007749473E+00  0.886975460885199E+00 -0.469707725302951E+00  0.671276403373197E+00 -0.573378272229662E+00
 0.289591626509417E+00  0.139366380011269E-01  0.957048828418308E+00  0.342947506485897E+00 -0.169396013247841E+00  0.923954543519779E+00
-0.737935917018679E-01  0.108573506714760E+00  0.991345701288606E+00  0.950338348553372E-04 -0.520170516569445E-02  0.999986466524392E+00
 0.146263135802998E+00  0.123449416724577E-01  0.989168690123266E+00 -0.508601610447806E+00  0.350622038684265E-01 -0.860287767964759E+00
-0.600617199827129E-01  0.121529893319993E+00  0.990768931094607E+00 -0.605328521875898E-01 -0.382785633561796E+00 -0.921851903802737E+00
-0.103110495703869E+00  0.245561911326017E+00  0.963881514181912E+00  0.613215513397714E-01 -0.986889498752899E+00 -0.149294288546268E+00
 0.198217532386814E+00  0.325335812519865E+00  0.924589865262713E+00  0.234984696410009E+00  0.967479818199376E+00  0.936215457573672E-01
 0.243321123397320E+00 -0.114677192863413E+00  0.963142758029999E+00  0.666803040389346E+00 -0.354897925441028E+00  0.655302348420313E+00
 0.180419321267934E+00  0.206118530581733E+00  0.961750497719676E+00  0.211469462204592E+00 -0.234663651776874E+00 -0.948795888002073E+00
 0.142748636605470E+00 -0.343480534355587E+00  0.928247784412158E+00 -0.167579467051410E-01 -0.878166491328429E+00  0.478061486348926E+00
-0.419367952618792E-01 -0.158220357925471E+00  0.986512860301932E+00 -0.178356399640079E+00 -0.903326748815532E+00  0.390115085047719E+00
-0.948276735108733E-01  0.303837176842604E+00  0.947992975873150E+00 -0.296224046531029E+00  0.752197089737660E+00  0.588600758109415E+00
-0.188545058547565E+00  0.654535023582034E-01  0.979880911093965E+00 -0.616626065871871E+00 -0.298584776937767E-01  0.786689752187729E+00
 0.324579970952944E-01  0.237214414147187E+00  0.970914929406984E+00 -0.107130030237401E+00 -0.958410016948019E+00 -0.264524849560552E+00
-0.464542309995391E-01 -0.291602035764920E+00  0.955411040945203E+00 -0.105013671882173E+00  0.666472977311650E+00 -0.738096131429483E+00
-0.176924084796065E+00 -0.121083566905749E+00  0.976747991062411E+00  0.129175808968271E-01  0.110442653485697E+00 -0.993798549201402E+00
 0.141180534931941E+00  0.126633464103939E+00  0.981851323941343E+00 -0.562061255033139E+00 -0.672290388995612E+00 -0.481780840688691E+00
 0.428501436060133E+00  0.259742262752600E+00  0.865401916010453E+00 -0.629248242222045E+00 -0.533636626624360E+00 -0.565047431978450E+00
 0.120681836245968E+00  0.279378654119196E-01  0.992298024827484E+00 -0.551114067571480E-01 -0.119271052447048E+00  0.991330998654547E+00
 0.246317286449691E+00 -0.453809866321459E-01  0.968126211011950E+00 -0.451275616271551E+00 -0.223188580977867E+00 -0.864023828074098E+00
 0.445350675352918E-01 -0.276428605429831E-01  0.998625305117304E+00  0.644773328824691E-01  0.605832596562387E+00  0.792975118453814E+00
 0.124780693398360E+00 -0.195697407351167E+00  0.972693324389068E+00 -0.323500255302744E+00  0.646090267314863E+00 -0.691313931076229E+00
 0.680652142474357E-01  0.413587504427863E-01  0.996823244297233E+00 -0.715520472581829E+00  0.338603216850249E+00  0.611046900699888E+00
 0.144571732136250E+00  0.289689829259280E+00  0.946138899470291E+00  0.360701393328044E-01 -0.773454527412681E+00 -0.632824651126471E+00
 0.841477013482290E-01  0.249892261986228E+00  0.964610295278469E+00  0.151120539276984E+00  0.972900024891524E+00  0.175008925985806E+00
 0.257943506916578E+00  0.210578055502039E+00  0.942932675104940E+00 -0.610551199435256E+00 -0.342238460322372E+00 -0.714212901832739E+00
-0.526133135154461E-01  0.189890146747538E+00  0.980394599846982E+00  0.174644098468614E+00 -0.196022338241563E+00  0.964922111768818E+00
-0.159212427917534E+00  0.221267969111623E+00  0.962128831623822E+00  0.542910085215165E+00 -0.159384202413844E+00 -0.824527328469206E+00
-0.350539970621740E-01 -0.155484730048085E+00  0.987216144525523E+00  0.786903164059795E+00 -0.139480398937995E+00  0.601106170908917E+00
-0.430425262349306E+00  0.307998224754886E-01  0.902100584451096E+00  0.769406531325406E+00  0.671921368244608E-01 -0.635215558926865E+00
-0.210592287867125E-01 -0.323989371442467E+00  0.945826303332289E+00  0.189487842600870E+00 -0.868990416659681E+00  0.457110504429840E+00
 0.318474215002385E+00  0.286749301243106E+00  0.903520344328341E+00 -0.759027801878176E+00 -0.623576204339352E+00 -0.187161730483855E+00
-0.122739968167695E+00  0.397492292389543E-01  0.991642525807109E+00  0.332152084359743E+00 -0.335885957410975E+00 -0.881394132309485E+00
 0.302350238158292E+00 -0.251366032804840E+00  0.919456062592216E+00 -0.766639243266024E+00  0.630649152445943E+00 -0.120606455895661E+00
-0.120303777484131E+00 -0.126380984121980E+00  0.984659762545118E+00 -0.922602052154656E+00  0.117111189154465E+00 -0.367546490576151E+00
-0.541305107290171E+00  0.181589528095898E-01  0.840630140581716E+00 -0.826129719549011E+00 -0.895686617749642E-01  0.556315684935913E+00
 0.313241737091453E+00 -0.261365228779682E+00  0.912999359982729E+00  0.614884219272195E-01  0.988021669217302E+00 -0.141535702654687E+00
-0.134384516377322E+00  0.307817050533659E+00  0.941907354870314E+00  0.521685811258262E+00 -0.393591927094457E+00 -0.756920939899196E+00
 0.346645109123222E+00  0.164060721455372E+00  0.923537356037368E+00  0.726812603316322E+00  0.628967777178997E+00  0.275940165490751E+00
-0.500376631719964E-01  0.461471552712399E-01  0.997680646461912E+00 -0.668508821905973E+00  0.606295789837502E+00  0.430698700089991E+00
 0.190864028269755E+00 -0.676815357672557E-01  0.979280415626100E+00  0.270414426967038E+00 -0.148431061771205E+00  0.951233019606427E+00
-0.869427658229840E-01 -0.257670605613561E+00  0.962313262131303E+00 -0.388321984146319E+00 -0.197645998946444E+00  0.900078938609902E+00
 0.158503403620339E+00 -0.249884511145436E+00  0.955214322615807E+00  0.215750162123874E+00  0.156843068288083E-01 -0.976322626011925E+00
 0.214123383748813E+00 -0.143723685170982E+00  0.966175283710379E+00 -0.837616482859162E+00  0.421381501965127E+00 -0.347615099563095E+00
-0.278605596072272E+00  0.237238470224206E+00  0.930643234587182E+00  0.177058852478587E+00 -0.914537575364970E+00 -0.363691058461062E+00
 0.166867191968410E+00 -0.149200798982768E-02  0.985978252375140E+00  0.114053490330988E+00  0.194089803433792E+00  0.974331026677459E+00
 0.155659060592980E+00 -0.134833273028143E+00  0.978565401667067E+00  0.861659545469327E+00  0.422684395472446E+00  0.280857133656393E+00
-0.252256098573092E+00 -0.150803167089386E+00  0.955837468154756E+00  0.659406250491389E+00  0.526352906722223E+00 -0.536783023574660E+00
-0.710410185708524E-01 -0.294530170349704E+00  0.952997981337941E+00  0.266286179481424E-01  0.470677401574422E+00 -0.881903452965982E+00
 0.436213330331634E-01 -0.213555259870181E+00  0.975956623158114E+00  0.613252132363182E+00 -0.664315721792476E+00  0.427324752303622E+00
-0.379239382515874E+00 -0.467923920959793E-01  0.924114691361908E+00  0.498879914845349E+00  0.510381916637105E+00 -0.700449234230242E+00
-0.133257335192659E+00  0.268718515341287E-01  0.990717107055530E+00  0.459225063254456E+00 -0.320746064571400E+00 -0.828392602176589E+00
-0.211218611529236E+00 -0.162283911656415E+00  0.963872725084155E+00 -0.646988034057169E+00  0.563926415972950E+00  0.513218745911276E+00
 0.186929804735729E+00 -0.316873572501200E+00  0.929864714435271E+00  0.605354708823738E+00 -0.788298888246444E+00 -0.110138727495588E+00
 0.275006867160916E+00 -0.181195488955232E-01  0.961271504291145E+00 -0.326494452701098E+00 -0.796279893989034E-01 -0.941839028528601E+00
-0.788255752170602E-01  0.188122592275833E+00  0.978977231076964E+00 -0.108119867601818E-02 -0.599290674716433E-01 -0.998202052633335E+00
 0.216286120460663E+00 -0.288255462481933E+00  0.932807108916631E+00  0.172707747687922E+00 -0.612330305666368E+00  0.771507375629745E+00
 0.420521265265794E-02 -0.111985448782761E+00  0.993700948700095E+00  0.394435808674727E+00 -0.916379616746721E+00 -0.683285507401375E-01
-0.331318224814389E+00 -0.237947719693457E+00  0.913021969395329E+00 -0.662834707051724E-01  0.734916700962940E+00 -0.674910323048199E+00
-0.186127726990438E+00  0.641473696113575E-01  0.980429285679144E+00  0.359865648908055E+00 -0.525946253596870E-01 -0.931520541973852E+00
-0.338753575757929E-01  0.184070113017413E+00  0.982329198203367E+00 -0.115142467251539E+00  0.590810277118015E+00  0.798552082638924E+00
-0.435879599757136E-01 -0.120271656486694E+00  0.991783655033245E+00 -0.206223643831019E+00  0.254615365919286E+00  0.944797768923512E+00
-0.480313879835511E-02  0.666986007108390E-01  0.997761608061214E+00  0.970248327444607E-02  0.740341510487152E-01  0.997208506931627E+00
 0.272545012822708E+00 -0.278247373416994E+00  0.921030735194007E+00 -0.234943601498962E+00  0.827261316615552E+00 -0.510333438201144E+00
-0.114453736694939E+00 -0.261818538473361E+00  0.958306524588161E+00  0.163794400491369E+00  0.677838175359849E+00 -0.716733424916478E+00
-0.281008907811372E+00 -0.747550535864072E-01  0.956789253542259E+00 -0.251517512834144E+00 -0.570842810753838E+00  0.781586480274821E+00
 0.350802187936105E+00 -0.400764004091266E-01  0.935591634779560E+00 -0.312042634042080E+00  0.227598352202646E+00 -0.922403590959359E+00
 0.148096602169553E+00 -0.477707650660754E-01  0.987818480506836E+00  0.108728741767838E+00 -0.271449294335380E+00  0.956291452078501E+00
-0.396200094020298E-01  0.201190970173616E+00  0.978750452554471E+00  0.174666642646087E+00  0.780756877642677E-01  0.981527254296528E+00
-0.326753355115773E-01  0.315496584265956E+00  0.948363974308240E+00  0.874908513766048E+00  0.174252198439677E+00 -0.451853144150424E+00
-0.258528276227239E-02  0.623827557539090E-01  0.998048950752210E+00  0.838457050036012E-01  0.984287697208690E+00  0.155395067090508E+00
-0.482920354443198E-01  0.163645177261057E+00  0.985336559390669E+00  0.375530733704756E+00  0.774454080896339E-01  0.923568555554485E+00
-0.101592523788003E+00  0.138270400426482E-01  0.994729999584834E+00 -0.278347395041146E+00 -0.523878577823809E-01  0.959050697320419E+00
 0.373463558167701E-01 -0.142603820138510E+00  0.989075022528175E+00 -0.162553104634511E+00  0.810359150703268E-01 -0.983366497620494E+00
-0.142258021664449E+00  0.410748434064964E-01  0.988977003024463E+00 -0.189570932466757E+00  0.109902819035578E+00  0.975696793031379E+00
 0.374927797012530E+00 -0.306014164150463E+00  0.875091125750127E+00  0.495978612311047E+00 -0.431575974842618E+00  0.753490141985051E+00
 0.103038555684646E+00  0.375728368561848E-01  0.993967473297291E+00  0.423817971400863E+00 -0.822859644877387E+00 -0.378523885573841E+00
-0.421900832168590E+00 -0.810002278400399E-01  0.903016417849262E+00  0.179874147318227E+00  0.898557381437505E+00 -0.400299791894418E+00
-0.680836926849458E-01 -0.190878563892364E+00  0.979249704945971E+00  0.860760830877854E+00  0.436341925584534E-01  0.507135927800662E+00
-0.783717435348847E-01 -0.118173194288990E+00  0.989895431834514E+00 -0.837234999111693E-01  0.232610770853875E+00 -0.968959547579459E+00
 0.968644234084074E-01 -0.138647324415285E+00  0.985593325317415E+00 -0.302717814265605E+00  0.344790523476673E+00 -0.888527669713744E+00
 0.188733532247296E+00 -0.384084777287084E+00  0.903802266904543E+00  0.521379809016646E+00 -0.405164045762630E+00  0.751002790121996E+00
 0.906090549584882E-01 -0.118193942585491E+00  0.988847911003319E+00  0.129084067774298E+00 -0.275161511844740E+00  0.952692734225552E+00
-0.448919520784314E+00  0.342206302223388E+00  0.825449035723815E+00  0.861058502811605E+00 -0.435702067243495E+00 -0.262186886276913E+00
 0.362842687105534E+00 -0.157960391298159E+00  0.918364687471686E+00  0.364587214830343E+00 -0.145157319277203E+00  0.919785581232120E+00
-0.258739523386896E+00 -0.131762148078604E+00  0.956918280403940E+00 -0.470442384789070E+00 -0.144414951144954E+00  0.870533333353625E+00
 0.218608894642012E-01  0.148412572799049E+00  0.988683877559961E+00  0.174242039383284E+00 -0.563394449948486E+00  0.807605352557050E+00
-0.105777136578008E+00 -0.221138496466570E+00  0.969489021473612E+00 -0.226957042641123E-01  0.493172130308887E+00 -0.869635644907999E+00
 0.106105390338032E+00  0.294146372743673E+00  0.949852387238646E+00 -0.268238026769465E+00 -0.585890809079549E+00 -0.764709304789039E+00
-0.110526788618398E+00 -0.567364368949736E-01  0.992252390133764E+00  0.104245068312893E+00 -0.924544201102307E-01 -0.990244992885357E+00
 0.204242264895737E+00 -0.265634464182285E+00  0.942190760233218E+00  0.710564933024179E+00  0.688727542591791E+00 -0.144055017378144E+00
 0.103865020801773E+00 -0.127212514346868E+00  0.986422340403641E+00  0.388393279462860E+00 -0.885703701735205E+00  0.254321869292909E+00
-0.206627768330869E+00  0.513813893730715E+00  0.832646532427708E+00 -0.638547273156221E+00  0.768995898319397E+00  0.300447718030614E-01
-0.215500979357967E-01 -0.117892382813127E+00  0.992792515762282E+00 -0.130105721363369E-01  0.230911413764089E+00  0.972887785927110E+00
-0.227545360847170E+00 -0.211848004178579E+00  0.950443860458093E+00 -0.934195496762637E+00 -0.351914315640064E+00 -0.586096261376521E-01
 0.152567556812929E-01  0.202965942883838E+00  0.979066932050795E+00  0.114634854964316E-01  0.616173746287188E-01 -0.998034011266218E+00
 0.432944857773805E+00 -0.370459054051645E-01  0.900658842747870E+00 -0.634760794791269E+00  0.210261428915122E+00 -0.743551521353112E+00
-0.279357309424464E+00 -0.226026776947075E+00  0.933204902352126E+00 -0.210183503918317E+00 -0.669834525796968E+00  0.712140858770911E+00
-0.243786702185353E+00 -0.139159871318898E+00  0.959792984998379E+00  0.256258768035684E+00  0.621460511025933E+00 -0.740350104369696E+00
-0.975469786862544E-01  0.156703376232521E+00  0.982816686278022E+00  0.254196754950716E-01 -0.646275752088794E+00 -0.762680465437387E+00
-0.371867555157768E+00  0.249043743192661E+00  0.894254849244650E+00 -0.811402723840564E+00  0.144144352677659E+00  0.566434484592218E+00
-0.452367900954686E+00  0.376690666826885E+00  0.808373319519743E+00  0.770216815420454E+00  0.156412908093333E+00 -0.618304989002483E+00
-0.146765998944048E+00  0.360392499687469E+00  0.921182385699473E+00 -0.402590820353172E+00  0.599525700805576E+00  0.691729401891334E+00
 0.587858264673925E-01 -0.386232047303568E+00  0.920526497305884E+00 -0.773832295612651E+00 -0.626442077835817E+00 -0.935622861178499E-01
 0.131857079656620E+00  0.656580323849766E-01  0.989091873047070E+00  0.128940890015256E-01  0.138125412639433E+00  0.990330809806505E+00
 0.583313051818384E+00  0.216291898515496E+00  0.782919982000003E+00  0.798846238827302E+00  0.497732640577484E+00  0.337797136185667E+00
-0.118037485571974E+00 -0.894506938707606E-01  0.988972054896338E+00  0.262587510079685E+00  0.211242358558423E+00 -0.941501176579629E+00
 0.689411561084770E-02  0.142688394167478E+00  0.989743650315500E+00 -0.711036308071325E+00 -0.323353581899638E+00 -0.624395571474505E+00
 0.312473892253737E+00  0.292933166756704E-01  0.949474574834913E+00  0.737989552984257E+00  0.670098833929596E+00  0.796176641976671E-01
-0.205024182565103E+00  0.226409713715750E+00  0.952209917034403E+00  0.970116907533824E+00  0.234335700564400E+00 -0.629282540517495E-01
 0.258529119291119E+00 -0.267924880787934E+00  0.928105033244261E+00  0.380900308134493E+00 -0.842826564051927E+00  0.380208282644488E+00
 0.117437330461148E+00 -0.155045703610230E+00  0.980902290346071E+00  0.293362896306734E+00  0.752843964973644E+00  0.589206394630342E+00
-0.890035656262835E-01  0.298954419652896E+00  0.950107688778387E+00 -0.913853784962254E+00  0.172153891574348E+00 -0.367742161474545E+00
-0.447153981211655E-01 -0.229812376338593E+00  0.972207182061763E+00  0.266142457127991E+00  0.956579391974281E+00 -0.118844685888725E+00
 0.293045488887420E-01 -0.419195337180851E+00  0.907423006486093E+00  0.663957665816954E+00 -0.634624817776388E+00  0.395489012066312E+00
 0.323575811835187E-01  0.811886538395891E-01  0.996173373177414E+00 -0.302066457098932E-01  0.171792461325381E+00  0.984669949164046E+00
-0.411191227879517E+00  0.100098795317271E+00  0.906036426028759E+00  0.344525054663205E+00 -0.300396741132144E+00 -0.889417947101644E+00
-0.347645113129672E+00  0.142575009048664E+00  0.926722850755193E+00 -0.953287325857710E+00  0.272732305827671E+00  0.129847463267399E+00
-0.259687885875146E+00 -0.784016554149688E-01  0.962504744070329E+00  0.629413801631259E+00 -0.595745435753324E+00 -0.498924485363435E+00
 0.202812646010700E+00 -0.141541731571574E+00  0.968933934198746E+00  0.157722405044987E-01 -0.205083949429954E+00  0.978617295021747E+00
-0.737316401240838E-01 -0.300942163751401E-01  0.996823948039662E+00 -0.429774779884589E+00  0.101730149860199E+00  0.897187056964474E+00
-0.250374184515309E+00 -0.297705430823081E+00  0.921240600596140E+00  0.602084089455721E+00  0.427966475892493E+00 -0.674047064185014E+00
 0.368660714519391E+00  0.104001418117529E+00  0.923727764332974E+00  0.652617108600364E+00  0.156361183220418E+00  0.741378506529567E+00
 0.284101275729531E-01 -0.338772082899879E+00  0.940439440101789E+00 -0.116334763673130E-01  0.996917637098886E+00 -0.775879312057310E-01
 0.260111729723697E+00  0.109805337007473E+00  0.959314690820912E+00  0.510607519206950E+00  0.625662813963416E+00  0.589767754758349E+00
-0.196901265977409E+00  0.903383461853531E-02  0.980381701832801E+00  0.131139731416634E-01 -0.189375158062708E+00  0.981817230047000E+00
 0.625640245248616E-01  0.455512241064414E+00  0.888028344747918E+00 -0.157813450519354E-01 -0.219044221150275E-01 -0.999635506292248E+00
 0.406305474088643E+00 -0.220139725511895E+00  0.886822622048598E+00  0.836804955446943E+00 -0.851157902190324E-01  0.540844495945766E+00
-0.177949155991773E+00  0.108795202110195E+00  0.978007005025842E+00 -0.401400604704115E-02 -0.141391903087941E-01  0.999891979692240E+00
 0.774031213119220E-02 -0.100507039131433E+00  0.994906238121535E+00 -0.175383912185399E+00  0.976867638714793E-01 -0.979641658725711E+00
-0.274081828809044E+00 -0.180416334868005E+00  0.944631725716157E+00 -0.702319680079013E+00 -0.476815358832993E+00  0.528577506667354E+00
 0.230507519724919E+00  0.427129634954327E+00  0.874314907967404E+00  0.340063285812178E+00  0.933502843255627E+00  0.113707533946900E+00
-0.565795819611561E+00 -0.283521651636780E+00  0.774267759604669E+00  0.613690299014999E+00  0.341318771413070E+00 -0.711959067064922E+00
 0.335377903053040E+00 -0.357085670504634E+00  0.871786376392750E+00  0.428717491302491E+00 -0.495071352452802E+00  0.755715335713027E+00
-0.723753874277777E-01  0.225953715299535E+00  0.971445686509038E+00 -0.292846359000934E+00  0.639390447676949E+00  0.710929578396740E+00
-0.407394445391231E+00 -0.284781469171980E+00  0.867714976637271E+00 -0.920631466560055E+00 -0.159754428183779E+00  0.356253035713600E+00
 0.369953456124428E+00  0.276317708364623E+00  0.887007871636838E+00 -0.414369602245102E+00 -0.444151785145624E+00 -0.794372094479149E+00
 0.133087244039235E+00 -0.321093015594579E+00  0.937649753804916E+00  0.971912499027708E+00  0.234347350696090E+00  0.216197468865615E-01
 0.281726300368506E+00  0.284243214061673E+00  0.916425712723385E+00 -0.143164930757928E+00 -0.273075952177584E+00 -0.951279836296021E+00
-0.875392292128363E-01 -0.141296552144331E+00  0.986089330487328E+00 -0.131921447612641E+00 -0.928331300169938E+00  0.347559676580265E+00
 0.251826621049229E-01  0.100635328356971E+00  0.994604627083443E+00  0.244892672751820E+00  0.377090929245897E+00  0.893213305942615E+00
 0.284046355112121E-01 -0.121598742678410E+00  0.992172828926748E+00 -0.333272829834913E+00  0.809329735314183E-02  0.942795693367223E+00
 0.139654744492610E+00 -0.136119482372297E+00  0.980799693545732E+00 -0.397162924736932E+00  0.735495109735019E+00 -0.548915799344744E+00
-0.697469615762293E-01 -0.535458622061868E+00  0.841676556291364E+00  0.855311417019548E-01 -0.792844840710013E+00  0.603391649228487E+00
-0.588682708876874E-01  0.983423317583068E-01  0.993409941799977E+00 -0.815339674498882E-01  0.230676747977949E+00 -0.969608400383474E+00
-0.102324025142337E+00  0.273204665881008E+00  0.956498303406502E+00 -0.716689527711855E-01  0.914280264591329E+00  0.398691809531487E+00
 0.302445532092678E+00 -0.590976154028038E-01  0.951332839741633E+00 -0.675336331022415E+00 -0.150322202615812E-01 -0.737356679196161E+00
 0.261024396234646E+00 -0.248594334845251E+00  0.932773885383369E+00 -0.254891299223087E+00  0.284217124008041E+00 -0.924257027022767E+00
-0.127987063545225E+00 -0.334214290716710E-01  0.991212550184811E+00  0.978947641249233E-01  0.977805789610855E-01  0.990381529277965E+00
-0.140535557596237E-01  0.460123502777930E-01  0.998842010125938E+00  0.290056280369218E+00  0.450997298908978E+00  0.844078663748338E+00
-0.204369681957357E+00  0.200006290018545E+00  0.958243453956074E+00  0.613319494117221E+00 -0.606611309504175E+00 -0.505827952289537E+00
-0.207880599196650E-01  0.116726947403878E+00  0.992946461957818E+00  0.259568094472823E-01  0.387403607083609E+00  0.921544729930092E+00
 0.424757561816376E-02  0.130888069465953E+00  0.991388052869735E+00 -0.913873117466317E-03  0.553025840209384E-01  0.998469222878969E+00
 0.224939156307184E-01 -0.250850567245020E+00  0.967764442760970E+00 -0.543943991068836E+00  0.423583442360110E+00 -0.724363169921322E+00
-0.182597560494456E+00  0.157465315748386E+00  0.970496164463175E+00 -0.560866478464348E+00  0.191193322911454E+00  0.805527098618710E+00
 0.308731641419635E+00 -0.309614036097054E+00  0.899346386126074E+00  0.588997126358789E+00 -0.708945825665818E+00  0.387915198738204E+00
 0.317447899808153E+00  0.139842517146279E+00  0.937907725368325E+00  0.508156297835723E+00  0.191283010854004E+00  0.839754718193663E+00
-0.226483931151743E+00  0.161140416437446E+00  0.960592939345496E+00  0.657597727452273E+00 -0.750456303917780E+00  0.661858350379560E-01
-0.426493068714609E+00 -0.151822623611463E+00  0.891657755698972E+00 -0.479301587022744E+00 -0.287137318036773E+00  0.829350438155143E+00
-0.200819433745076E+00  0.273057388134792E+00  0.940803495856235E+00 -0.594029858571783E+00  0.755407803509841E+00  0.276563876024374E+00
-0.220123151958988E+00 -0.377197068958912E+00  0.899593335424649E+00 -0.123580938512489E+00 -0.973243075743018E+00  0.193715428282423E+00
 0.293382345411856E+00  0.871276745312164E-01  0.952016579546502E+00  0.165903355036458E-01  0.114166679380784E-03  0.999862364395143E+00
 0.442515499329335E-01 -0.301542714128681E-01  0.998565230840776E+00  0.216286287986420E+00  0.475360473842708E+00  0.852791100760961E+00
 0.406600575323297E-01 -0.389573324833269E+00  0.920097486302305E+00 -0.448513641714727E+00 -0.860659170166584E+00  0.241042124957361E+00
 0.883770640329667E-01  0.190214257514308E+00  0.977756631678453E+00 -0.126036314626474E+00 -0.100134310653681E+00 -0.986958949108466E+00
-0.474587158979476E-03 -0.494372057778741E+00  0.869250276534119E+00 -0.140240256811736E+00  0.687301603436278E+00 -0.712705532659386E+00
-0.545409198665803E+00 -0.243310802167278E+00  0.802077714164558E+00  0.615680577519121E+00  0.291815750794155E-01 -0.787455308028085E+00
-0.203207602136491E+00  0.338458897739562E+00  0.918777581885223E+00 -0.699638680787262E+00  0.591997755497897E+00  0.400055463444397E+00
-0.108633739258989E+00 -0.351578227478317E+00  0.929834103836709E+00 -0.133899190505276E+00 -0.912657211849110E+00  0.386170714117267E+00
 0.797063605383714E-01  0.177380802899076E+00  0.980909244962349E+00 -0.613299499631752E+00  0.784975909045175E+00 -0.876159002130556E-01
 0.128611717114391E+00 -0.646764024576828E+00  0.751768130964643E+00 -0.453683979052522E+00 -0.864379346835581E+00  0.216839092220855E+00
-0.858956615717903E-01 -0.139255755350207E+00  0.986524084817491E+00  0.401383125625980E+00  0.200813918378060E+00 -0.893624841109718E+00
 0.331032482271458E-01 -0.296820026000584E+00  0.954359495746663E+00  0.230934106210651E+00 -0.791749864412079E+00  0.565510027136692E+00
-0.147829259316326E+00 -0.101470460784997E+00  0.983793807501382E+00  0.791419234999914E+00 -0.130477266320648E+00 -0.597186132998449E+00
 0.291757665155101E+00  0.135757724181734E+00  0.946809011970334E+00 -0.885439171046836E+00  0.168989686786937E+00 -0.432943368277589E+00
 0.913815903371351E-01 -0.356841612622468E-01  0.995176389180564E+00 -0.305137249313324E+00  0.173459687285228E+00  0.936377592624049E+00
-0.516119305773598E-01 -0.359564002170138E+00  0.931691975368185E+00 -0.414567714734867E+00 -0.770772882254068E+00  0.483779674936087E+00
-0.794868621766237E-01 -0.128827243067249E+00  0.988476292171444E+00 -0.603707063050398E-01 -0.495319521077259E+00  0.866610610285857E+00
-0.977617402697445E-01 -0.275815831688399E+00  0.956226055454184E+00  0.419284962716458E+00  0.844720318160795E+00 -0.332637496572746E+00
-0.142834722373354E+00 -0.118620491503729E+00  0.982612548810538E+00  0.545651547874820E+00 -0.828478749386857E+00  0.126045032096478E+00
 0.246307497838626E+00  0.132851885554343E-01  0.969100676025727E+00 -0.998332148340148E+00 -0.477446077018650E-01  0.324557240858854E-01
-0.102578421440835E+00 -0.242460553070675E+00  0.964723041944873E+00 -0.132110721398736E+00 -0.894059890985856E+00  0.428022976745249E+00
 0.327361392980560E-03  0.235083682348423E+00  0.971975079478905E+00 -0.811006473382664E+00  0.314258182469737E+00  0.493467622932074E+00
-0.120365625600348E+00  0.825833991756161E-01  0.989288683021512E+00  0.572448974369468E-01 -0.156028871705979E-01  0.998238233904800E+00
-0.141879027619815E+00 -0.478664601058975E+00  0.866458620601531E+00 -0.189886363042199E+00 -0.823646342562599E+00  0.534368666291222E+00
-0.206654903001929E+00 -0.633842565207333E-01  0.976358636511491E+00  0.110008447231334E+00  0.242714327092152E+00 -0.963840182271913E+00
 0.204527520784285E+00  0.220355888401181E+00  0.953735694880275E+00 -0.265499943785032E-01 -0.634375238436742E-01 -0.997632586861057E+00
 0.135338994323652E+00  0.460447305130124E+00  0.877309315927894E+00  0.106484542396742E+00  0.981789321879629E+00  0.157323773390082E+00
 0.656418974850240E-01 -0.343957373727766E+00  0.936688030431084E+00  0.330348436653499E+00 -0.865824171163581E+00  0.375790387090314E+00
 0.476282025703603E+00 -0.503643948964766E-01  0.877848995965926E+00 -0.907023162966431E+00  0.247226140080578E+00 -0.340863928134425E+00
 0.385599910482059E+00 -0.228254360963769E+00  0.893986943829299E+00  0.705225297633619E+00 -0.369189779993825E+00  0.605273645490769E+00
-0.171906621966430E+00 -0.312308326724313E+00  0.934297395042259E+00 -0.292434209192394E+00 -0.573891254408530E+00  0.764938599763029E+00
-0.134062395662976E+00 -0.424604308539061E-01  0.990062819158868E+00 -0.158841235551226E+00  0.548829842142086E-01  0.985777520504654E+00
 0.222220769069476E-01  0.343305887381055E+00  0.938960727074061E+00  0.364550975618375E-01 -0.327176634556040E-01 -0.998799569663385E+00
-0.347608970865483E+00 -0.801352154446145E-01  0.934208943769800E+00 -0.223118832935842E-01 -0.983335169368516E+00  0.180427615810011E+00
-0.172735609211300E+00 -0.207969524714825E+00  0.962762216801371E+00 -0.560764624024476E+00 -0.737540463505395E+00  0.376267326690659E+00
-0.243850922370519E+00 -0.245109480778883E+00  0.938327272379607E+00 -0.494196919285412E+00 -0.462866100444237E+00  0.735883399750500E+00
-0.917674932341073E-01  0.201473854370610E+00  0.975185630118993E+00  0.796323916656562E-01  0.498361392620230E+00  0.863304468043131E+00
-0.240717905072316E+00 -0.264940009562058E+00  0.933735338043308E+00 -0.422622977573614E+00 -0.793753442756787E+00  0.437430326953402E+00
 0.323888316267945E-01 -0.724903519285072E-03  0.999475081280538E+00 -0.205928780066865E+00  0.230905066592411E+00  0.950934376159642E+00
 0.174130073367926E+00 -0.279119596047972E+00  0.944336258252799E+00 -0.841679053800881E+00  0.327239931450793E+00 -0.429523454140672E+00
-0.171690146488022E+00 -0.192722906353228E+00  0.966116129130286E+00  0.529542696328996E+00  0.729197154963477E+00 -0.433423628748812E+00
-0.208767749238082E-01  0.324003289974656E+00  0.945825580302404E+00  0.163230187803865E-02  0.707762165666156E+00  0.706448902923723E+00
 0.557149547710610E-02 -0.367000716011822E+00  0.930203973806261E+00  0.251231843769857E-01 -0.990973108901871E+00  0.131685697933073E+00
-0.232323529935892E-01  0.191490844006948E+00  0.981219401783255E+00 -0.652422053082475E-01 -0.258835284765092E+00  0.963715596017357E+00
 0.303098897901967E+00  0.980863987487207E-01  0.947897735238944E+00  0.830495776595919E-01 -0.440110629977550E+00  0.894094738286345E+00
-0.562334575568027E-01  0.422923200405538E+00  0.904419020592748E+00 -0.446573252217477E+00  0.736140215010321E+00  0.508596022643182E+00
 0.292413638735275E+00  0.267699823051823E+00  0.918058314389461E+00 -0.121235862881205E+00  0.637115445273902E+00  0.761173945261454E+00
 0.599608143208644E-01  0.476601651742605E-01  0.997062289629660E+00  0.163721608587105E+00  0.269234620743204E+00  0.949056349156842E+00
-0.185136674297048E+00  0.189778935602688E+00  0.964213859800687E+00 -0.834145212516836E+00  0.549904994263354E+00  0.425001378758036E-01
-0.197028844537556E+00 -0.263858750135426E-01  0.980042560310503E+00 -0.100809726632876E+00 -0.156560444574885E+00  0.982510165957950E+00
-0.181128024489857E+00  0.317238668983823E+00  0.930887891018985E+00 -0.271447302184575E+00 -0.884479274406596E+00 -0.379490151758774E+00
 0.446329726349697E+00  0.377794004158488E+00  0.811209877774242E+00  0.587418223632334E+00  0.679879297662583E+00  0.438980604531073E+00
-0.187433158411901E+00  0.203867179743688E+00  0.960888642950417E+00 -0.790158300788256E-01  0.175869264423906E+00  0.981237229434324E+00
-0.108210098324988E+00 -0.187276993154121E+00  0.976328788091209E+00 -0.185648664179835E+00  0.860023217275998E-01  0.978845326977508E+00
-0.314254642265719E+00  0.426866617696373E+00  0.847955724381234E+00  0.316493370322117E+00 -0.581946858080966E+00 -0.749112675711631E+00
-0.124109784737648E+00  0.235649086218151E+00  0.963880837809802E+00 -0.783029658773042E+00  0.491087121125096E+00  0.381704064619228E+00
 0.182886993363918E+00 -0.864789418470356E-01  0.979323103105060E+00  0.275942191607214E-01 -0.199576112535716E+00 -0.979493713289698E+00
 0.389451398801657E+00  0.149903051621561E+00  0.908766572385878E+00  0.347293437125033E+00  0.100854768156100E+00  0.932317319516301E+00
 0.237460153559033E+00 -0.127508369702217E+00  0.962992362964319E+00 -0.245555111605115E-02 -0.415266555417626E-02  0.999988362751043E+00
 0.270339153433244E+00  0.270007333438603E+00  0.924128119911072E+00  0.218124472874950E+00  0.439028746285511E+00  0.871593640561929E+00
 0.247820233633893E+00 -0.104770629931096E+00  0.963124211566444E+00  0.612919813304410E+00  0.346190844521805E-01  0.789386357527529E+00
-0.432395174228295E+00  0.315890093805133E+00  0.844540029803127E+00 -0.718863250404464E+00  0.225577696619964E+00  0.657533520062331E+00
-0.423517158852011E+00 -0.527950525523984E+00  0.736139564727280E+00  0.756328087496624E+00  0.336010194986359E+00 -0.561306487517228E+00
 0.115402634456114E+00 -0.100144268503067E+00  0.988257738369184E+00 -0.290409162558441E+00 -0.185571879197058E-02 -0.956900765288580E+00
 0.181252664459606E+00 -0.409444116498924E+00  0.894149309170850E+00  0.461099438323051E+00 -0.656557698005546E+00  0.596924867272109E+00
 0.407025675035560E+00 -0.115702073142959E+00  0.906059120660605E+00  0.523784408348561E+00 -0.755772865857619E+00  0.393010519966462E+00
-0.213076284882579E+00 -0.865705657036224E-01  0.973192701356927E+00  0.118573038918615E+00 -0.130330594348336E-01 -0.992859795642553E+00
-0.300249070807025E+00  0.286417572576340E+00  0.909843651183540E+00 -0.943042851548098E-01  0.113016312286573E+00  0.989107686229656E+00
-0.200295178415557E+00  0.386950000094275E+00  0.900084184357508E+00 -0.482581079080606E+00  0.494405003942132E+00  0.722965555327761E+00
 0.199413782809502E+00  0.183234487849744E+00  0.962631427747945E+00 -0.147130247629018E+00 -0.732166303038711E+00 -0.665045257803745E+00
 0.100594003064838E+00 -0.130614696720013E+00  0.986316707527623E+00  0.411170923468715E-01  0.998923484626202E+00 -0.214768847644497E-01
-0.333897107071223E+00  0.313748159421641E+00  0.888861527094632E+00  0.318668742171620E+00 -0.355024353071609E+00 -0.878867419744777E+00
-0.269613002903720E+00 -0.204527284646198E+00  0.940998096969644E+00  0.245448564308149E+00  0.668180809466541E-02 -0.969386587342560E+00
-0.280534425572130E+00  0.107574498565758E+00  0.953796709643748E+00  0.886127083915110E+00 -0.379185553304838E+00 -0.266452823811285E+00
-0.226058041081805E+00 -0.486018534464541E+00  0.844205985657053E+00 -0.538810999096431E-01  0.885804656139765E+00 -0.460919665705033E+00
-0.129121931648337E+00 -0.267763169912101E+00  0.954793386867560E+00 -0.236438419973119E-01  0.136242904106838E+00 -0.990393275328615E+00
-0.749407861814256E-01 -0.266455464324385E+00  0.960929427220431E+00 -0.516596490286205E-01 -0.175112372509139E-01 -0.998511210368808E+00
 0.104551580095232E+00 -0.104930751045196E+00  0.988968404239833E+00 -0.549874922475329E+00 -0.325466689114955E+00  0.769226237143079E+00
-0.338155495692618E-01 -0.377970977346468E+00  0.925199680550683E+00  0.377562728050156E+00 -0.517978449216125E+00  0.767557628152429E+00
 0.362565833166026E-02 -0.774196340912030E-01  0.996992003407673E+00  0.283990716035908E+00 -0.339740598591470E+00 -0.896618981995207E+00
-0.326250778454673E-01  0.335775157964541E+00  0.941376995464338E+00  0.584544847084972E-01 -0.827602077134981E+00 -0.558263266872654E+00
 0.324913367448785E+00  0.421585666404484E-01  0.944803661567796E+00 -0.468831277194428E+00 -0.215415186703202E+00 -0.856617493903706E+00
 0.449791429176929E-01  0.688471982871136E-01  0.996612733207039E+00 -0.247813602159097E+00  0.469552234712655E+00  0.847413191696521E+00
-0.603418144380878E-01 -0.290484863068491E+00  0.954975083318093E+00 -0.506306921934918E+00 -0.848825718202843E+00  0.152145328282591E+00
 0.222776185128819E+00 -0.216858488875943E+00  0.950443668578992E+00 -0.408913745600826E+00  0.788615565951659E+00 -0.459211321503998E+00
-0.296411037506889E+00  0.588188127772612E-01  0.953247525099102E+00 -0.977871305279990E+00 -0.776100998398814E-01  0.194279136071920E+00
-0.379709077894661E+00  0.472601984366396E-01  0.923897986689069E+00  0.645226299844118E+00 -0.588684223918617E+00 -0.486963968378363E+00
-0.445161194281403E-01 -0.425349648719610E+00  0.903933621149896E+00 -0.184150454068946E+00  0.784772997656492E+00 -0.591793842833333E+00
 0.293272468191464E+00  0.320209050447128E+00  0.900809315789216E+00 -0.396874772701494E+00 -0.902911734986907E+00 -0.165047913092143E+00
 0.425520289371314E+00  0.564473128542343E-01  0.903186682920474E+00  0.430724993890919E+00 -0.340753929401227E-01  0.901839701517761E+00
-0.344804176226027E+00  0.276757748144078E+00  0.896947729190119E+00 -0.330538061474427E+00  0.801408953016339E+00  0.498485987708766E+00
-0.116256441771189E-01  0.215806359937380E+00  0.976366969642073E+00  0.289024953530766E+00  0.102150515256903E+00  0.951856001961057E+00
-0.386560899787081E+00  0.298720799718604E+00  0.872546018598034E+00 -0.643126090692663E+00  0.460392076566810E+00  0.611905194703291E+00
-0.309686201115962E+00 -0.196977983469568E+00  0.930211874180623E+00  0.559269119235952E-01 -0.774717194135841E-01 -0.995424689875529E+00
 0.260785007028522E+00 -0.472240301203891E-01  0.964241189271814E+00 -0.764545819220595E+00  0.644567380553995E+00 -0.160693437048617E-02
 0.496923069079112E+00  0.138359564319825E+00  0.856693699275432E+00 -0.798702471547874E+00  0.733473509581471E-01 -0.597239087845680E+00
 0.477930564040775E-02  0.490087964829311E-01  0.998786912261515E+00 -0.826579127902374E-01 -0.238325243379513E+00 -0.967661484105499E+00
 0.524836724921083E-01  0.171657593437792E+00  0.983757660573419E+00  0.100050573796857E+00  0.360233668528130E+00  0.927481313419136E+00
-0.256496012110959E+00 -0.292611128189309E+00  0.921188647037595E+00  0.476801322260639E+00 -0.395460267369257E+00  0.785029729387838E+00
 0.914438238591152E-01 -0.365058815704284E+00  0.926482643202024E+00  0.240772668423027E-02 -0.160459024406861E+00  0.987039565741218E+00
 0.202262202846476E+00  0.305939920057836E-01  0.978853415457514E+00 -0.197347921760035E+00 -0.209265615635211E+00 -0.957737803310390E+00
 0.427941368241354E-01 -0.718907311599580E-02  0.999058045901844E+00 -0.203922122073832E+00 -0.299282018232319E+00  0.932119113467638E+00
 0.725035761063477E-01 -0.476885497154003E+00  0.875970007509373E+00 -0.700156970933029E-01  0.745130585327410E+00 -0.663233151290081E+00
 0.744847185476400E-01 -0.294596673536994E+00  0.952714451787007E+00 -0.100220769701035E-01  0.537606993597307E+00 -0.843135978599224E+00
 0.113056573900239E+00  0.309752692203130E+00  0.944071756155671E+00 -0.172845659200197E+00  0.951435364279095E+00  0.254745217216644E+00
-0.886683769975499E-01 -0.132735724340655E+00  0.987177363194873E+00  0.154551146243034E+00  0.350963549210470E-01 -0.987361225219129E+00
-0.435784840396334E+00  0.253683927534410E+00  0.863560095066613E+00 -0.845465054663922E+00  0.512393253122797E+00  0.150472573900925E+00
 0.163074223647280E-02 -0.861450016464491E-01  0.996281275228583E+00  0.425652812334762E+00  0.347503281033909E+00 -0.835500540408069E+00
-0.131913459966974E+00 -0.315277815643117E+00  0.939786538551626E+00  0.833231729445489E+00  0.548346646674976E+00 -0.709988741149328E-01
-0.310654105676424E+00  0.679975513918791E-01  0.948087738361324E+00 -0.620934033925481E+00  0.105638796773628E+00  0.776711896477226E+00
 0.355248144402657E+00 -0.203795876231927E+00  0.912286137529958E+00  0.787396780524501E+00 -0.868664719096707E-01  0.610295441632671E+00
 0.742648888241002E-01  0.125567611990468E+00  0.989301521835964E+00  0.523409468932326E-01  0.304724566635239E+00  0.951001242779044E+00
 0.225812092134523E+00 -0.197584344497789E+00  0.953923123661026E+00 -0.179613812102335E-01  0.193800946225771E-01  0.999650839402159E+00
-0.411078150261773E-01  0.136308648107344E+00  0.989813164185505E+00 -0.100636120705250E+00  0.277073013103744E-01 -0.994537418433060E+00
-0.365850739982938E+00 -0.122645030559123E+00  0.922557007741575E+00  0.902914737559836E+00 -0.188825537347439E+00 -0.386121604086980E+00
-0.242588381650378E+00 -0.128428082420647E+00  0.961590923799724E+00 -0.831133623525885E+00 -0.347417456069851E+00  0.434186608571344E+00
-0.850586165427205E-01 -0.199105685782968E+00  0.976279651350335E+00 -0.448236365745688E+00 -0.262838558178655E+00  0.854400405405840E+00
 0.284485410113170E+00 -0.105161615472513E+00  0.952895107587374E+00 -0.907795491462586E+00  0.910652446861436E-01 -0.409407458274095E+00
-0.421244443999531E-01 -0.157384593104493E+00  0.986638546296124E+00  0.917329618334932E-02 -0.228044110961298E+00  0.973607587323047E+00
 0.196140928370011E+00 -0.872533754276337E-01  0.976686021551775E+00 -0.185864257367509E-01  0.854132481671519E+00 -0.519723242247242E+00
-0.894326939051035E-01  0.171074473620971E+00  0.981190765211426E+00  0.115471966360133E+00  0.198664468569269E+00  0.973241313299541E+00
-0.263133386969737E-01 -0.200160079418657E+00  0.979409797180800E+00 -0.750923455437834E+00 -0.294862472655166E+00  0.590906156925940E+00
-0.406716786469284E+00  0.278081717218904E-01  0.913130966066525E+00  0.717566390172657E+00 -0.117983795125356E+00 -0.686424285542405E+00
-0.192779562030580E+00  0.532555166000720E-01  0.979795841190887E+00 -0.772758442000203E+00  0.337259913141915E+00  0.537680333753177E+00
-0.360334880067763E-01 -0.151653808765405E+00  0.987776649870309E+00  0.874089697599814E+00 -0.485440968691859E+00  0.177275623077690E-01
-0.334841123909252E+00  0.208876427346924E+00  0.918831899662813E+00  0.810125592195738E+00 -0.493818853851223E+00 -0.315973835072729E+00
-0.546071917058192E-01 -0.120002094895729E+00  0.991270675363011E+00 -0.257232229037319E+00  0.512182758956916E+00 -0.819451280901906E+00
 0.290464388849379E+00 -0.475120579047331E+00  0.830596697667457E+00 -0.806186620197921E+00  0.528989836821178E+00 -0.265014878740340E+00
-0.652627353466258E-01  0.316223383068398E+00  0.946437291834939E+00 -0.279490085959942E+00  0.922646910585032E+00  0.265721602881665E+00
-0.319602563038830E-02 -0.662763691413946E-01  0.997796185758195E+00 -0.326010743479062E+00  0.834317538909067E+00  0.444557352211103E+00
-0.167962183641768E+00 -0.134102922658659E+00  0.976629464536420E+00 -0.445772751437769E+00 -0.226642318869200E+00  0.865979164514478E+00
 0.174998775591329E+00  0.154618175775774E+00  0.972352121538955E+00  0.552342192724075E+00 -0.224937993213614E+00  0.802696082802073E+00
-0.155891065547191E+00  0.453930027966815E+00  0.877294423436401E+00 -0.793358337658104E-01  0.880877185464559E+00  0.466648914719322E+00
 0.583589225293616E-03 -0.257235203394692E+00  0.966348648034501E+00 -0.722253343018024E-01  0.350118040362025E+00 -0.933916944325377E+00
 0.954713881321643E-01 -0.255255958150534E-01  0.995104847745404E+00  0.913504823924414E+00  0.104346915073517E+00  0.393218333730086E+00
 0.701015178817948E-01 -0.754714866639473E-01  0.994680768835611E+00  0.361375316350835E+00 -0.115232902238279E+00 -0.925272532270399E+00
-0.458264676834043E+00  0.307448294289502E-01  0.888283874349622E+00 -0.103640577244490E-02 -0.826300612152004E-02  0.999965323695232E+00
 0.579101193506057E-01  0.310368473573796E-02  0.998316976324584E+00 -0.371484098625586E+00  0.492252940669609E+00 -0.787201757410677E+00
-0.356245599388732E+00  0.264202135996056E+00  0.896262408143555E+00  0.182398199582266E+00 -0.132757520461971E+00 -0.974220887453116E+00
-0.211513242050699E+00  0.479644740126487E+00  0.851588557759084E+00 -0.498642040133004E+00  0.693281085627512E+00  0.520305152889277E+00
-0.127477459752487E-01 -0.301174178929431E+00  0.953483932176486E+00  0.945392733423181E-02 -0.237069924848032E+00  0.971446588336439E+00
-0.377748148627109E+00 -0.354743058790648E+00  0.855256510322281E+00  0.485676138504625E+00  0.315095535282704E+00 -0.815373222599407E+00
 0.343212900001760E+00  0.243400145249953E+00  0.907172130615069E+00 -0.864001597678930E+00  0.133554661088986E+00 -0.485452769803266E+00
-0.293747663272640E+00 -0.214814303248084E+00  0.931432834638066E+00  0.665902309926862E+00  0.557000740472833E+00 -0.496310677647364E+00
-0.332001736137544E+00  0.595063558582493E-01  0.941399936697538E+00  0.398521401789219E+00 -0.158482314170206E+00 -0.903362633946751E+00
-0.660101462948486E-01  0.101536210361900E-01  0.997767289785542E+00  0.115391030819846E+00 -0.293562765674952E+00  0.948949847260437E+00
-0.269730964717512E-01  0.630909820102290E-01  0.997643212804914E+00 -0.403815796027034E-01 -0.193611060481768E-01  0.998996734529889E+00
-0.986431216900999E-01  0.120280444732613E+00  0.987826983412661E+00 -0.627821518046299E-01  0.907476499601491E+00 -0.415385127424907E+00
-0.117662912907859E+00  0.302141875476169E-01  0.992593845334977E+00 -0.213208799722260E+00  0.387380345382937E+00  0.896927241046892E+00
-0.102560801718877E+00  0.182886062330951E+00  0.977769896323190E+00  0.192889829261748E+00  0.975284858567276E+00  0.107763437291045E+00
 0.101499864577460E+00  0.630539149061240E-01  0.992835324364403E+00 -0.829703325299790E+00 -0.558186723978142E+00  0.446913425850245E-02
-0.225233500290076E+00  0.913374890282899E-01  0.970014089302360E+00 -0.608100821323366E-01 -0.565939767539530E-01 -0.996543654691670E+00
-0.402673873458164E+00  0.144777192743840E+00  0.903821506767465E+00  0.846847326879910E+00 -0.544315049553321E-03 -0.531835791083561E+00
 0.397899577887651E+00  0.133565083748400E+00  0.907654281276804E+00 -0.980929112709664E+00  0.190179029667886E+00 -0.401249612238095E-01
 0.305923175133363E+00  0.301229369960783E+00  0.903145546182536E+00  0.625316218134294E+00  0.274477589694249E+00  0.730507823430974E+00
 0.125035967082194E+00 -0.340726336504352E+00  0.931810909223617E+00  0.608849953673336E+00 -0.642631618164497E+00  0.465108952017973E+00
-0.456478983654222E+00  0.155659835062574E+00  0.876011959524698E+00 -0.917627808642216E+00  0.344328766114204E+00  0.198486537661260E+00
-0.943732325856625E-01 -0.445787783775961E+00  0.890149956359854E+00  0.421996975291078E+00  0.901903770985660E+00 -0.921311061858499E-01
 0.186233718492851E+00  0.200865837724710E+00  0.961753563721745E+00  0.924886047476022E-02  0.588897241120694E-02 -0.999939887485172E+00
-0.106509667605386E+00 -0.138688405709935E+00  0.984591903698292E+00  0.580610622870651E+00  0.647776909904126E+00 -0.493230554208492E+00
-0.539063691399343E-01 -0.732946087135994E-01  0.995852400559274E+00  0.265712437548539E+00  0.963911863210573E+00  0.164566246215725E-01
 0.313424834645106E+00  0.167103787289630E+00  0.934794735383737E+00 -0.118094625736927E+00  0.917437655824659E+00  0.379949742791082E+00
 0.470554397357098E+00  0.223713166765812E+00  0.853540261583196E+00 -0.983553221158507E+00 -0.224931934956501E-01 -0.179212492296414E+00
 0.335026886674087E-01 -0.158025353599164E+00  0.986866534781636E+00 -0.118475935315634E-01  0.100269094620890E+00 -0.994889814598289E+00
 0.226629492976266E+00 -0.168542891102682E+00  0.959287426568320E+00 -0.133562712610354E+00  0.959136194834877E+00 -0.249436888927514E+00
-0.590419600601496E+00  0.221234880762686E+00  0.776182853945828E+00 -0.849320481995277E+00  0.684648905073836E-01  0.523418835762644E+00
-0.107949713376678E+00  0.136973113114428E+00  0.984675187899865E+00  0.191063906731155E+00  0.186471809792042E+00  0.963702675983371E+00
-0.439859552167762E-01  0.399992595207382E+00  0.915462265482817E+00  0.332976422278094E+00 -0.207285958244875E+00 -0.919869139454838E+00
-0.543047872740707E-01 -0.265408426624282E+00  0.962605504428445E+00 -0.852211061621611E-01 -0.313916238533719E+00  0.945618294159614E+00
-0.120920087314347E+00 -0.359298575189432E-01  0.992011783106713E+00 -0.588987631901671E+00  0.795079129162033E+00  0.144716093914276E+00
-0.112478858671160E+00  0.415129851197177E+00  0.902782206845617E+00  0.475214648019269E+00 -0.715891027107980E+00 -0.511537951294137E+00
 0.927983802622418E-01 -0.155396974416198E+00  0.983483726841983E+00 -0.157320663872885E+00  0.365344548938902E-01 -0.986871542970108E+00
 0.516855304798559E-01 -0.333646959523318E+00  0.941280145514534E+00 -0.114439852041954E+00 -0.832463592340800E+00  0.542132721472949E+00
-0.199703964037786E+00 -0.235197624569864E+00  0.951209968484502E+00  0.565365227615532E+00  0.325492223802044E+00 -0.757903009393444E+00
-0.633509886697767E-01 -0.361721327257236E-01  0.997335564917162E+00  0.472118178400161E+00  0.634221902904693E-01  0.879250846688744E+00
 0.119634112305406E+00 -0.157023596303470E+00  0.980322023305007E+00  0.941596576323116E+00  0.334289553677504E+00  0.405756301082505E-01
-0.926433026082476E-01  0.101800939075909E+00  0.990481593612471E+00  0.141050867039408E+00  0.607950926304904E-01 -0.988133902676900E+00
 0.300264496761972E-01 -0.418188313459396E+00  0.907863947299279E+00 -0.348365516456105E+00 -0.445918374729352E+00  0.824498799285363E+00
-0.539713300329400E+00 -0.631602093182507E-01  0.839476230399897E+00  0.930068590819157E+00 -0.364755296012275E+00 -0.438861071714652E-01
 0.135158023033571E+00  0.231404191551409E+00  0.963423276105625E+00  0.290208390049879E+00  0.667710222150739E+00  0.685523266986663E+00
 0.260084555980325E-01  0.657426271951628E-01  0.997497602607085E+00  0.966925588459358E-01  0.825641206813791E-01 -0.991883922160217E+00
 0.602251835352622E+00 -0.136818488117722E+00  0.786494391666959E+00  0.945774635117783E+00 -0.109695785875243E+00  0.305740370460030E+00
 0.289815142583729E+00 -0.138428839144865E-01  0.956982527371374E+00  0.738682754438385E-03  0.150976500754084E-01 -0.999885751128592E+00
 0.198623081748885E+00  0.344360289392922E+00  0.917586433250731E+00  0.374327140567384E+00  0.796510052636303E+00  0.474816730838289E+00
-0.353068546118304E+00 -0.667736811603817E-01  0.933211592966032E+00 -0.506988831551303E+00  0.448454424202690E-01  0.860785229297282E+00
 0.183302347838326E+00  0.201097564046115E+00  0.962268163773320E+00 -0.397066171134798E+00 -0.718260754421689E+00 -0.571349231554517E+00
-0.657893938632828E-01  0.178352777157021E+00  0.981764759265416E+00  0.354741883847565E-01  0.618468553955133E+00  0.785008426532537E+00
 0.191764665149004E+00 -0.308900578920403E+00  0.931561455591058E+00 -0.576312982027821E+00  0.462825499347697E+00 -0.673539830967520E+00
-0.427819163449986E-01 -0.283620738410711E-01  0.998681781350438E+00 -0.862286272582247E+00  0.396463203369912E+00 -0.315086198507461E+00
 0.179681176961754E+00 -0.117911485372166E+00  0.976632764278861E+00 -0.407638416876531E+00  0.863343568629796E+00 -0.297437058202174E+00
-0.939963684732743E-01 -0.185878908210913E+00  0.978066313802983E+00  0.256503670699597E+00  0.524751339815874E+00  0.811690765180360E+00
 0.356779547049491E+00 -0.485301379783283E+00  0.798242397763738E+00  0.169486583792072E+00 -0.832574173807989E+00  0.527346700968572E+00
-0.552208159729728E+00 -0.786896138861940E-01  0.829984393223360E+00 -0.847393110892799E+00  0.193186953502303E+00  0.494574278150333E+00
-0.444924804028990E+00 -0.174766485528043E+00  0.878349927019944E+00  0.471587943006025E-01  0.463678691605547E+00 -0.884747488875262E+00
-0.549812962122115E+00 -0.265657099200762E+00  0.791916670064940E+00  0.957575133946214E+00 -0.607598651183901E-01 -0.281705700401476E+00
-0.347728530022677E-01 -0.917592829597172E-01  0.995173895701048E+00  0.448853042690669E-01 -0.321555477002908E+00  0.945826297303107E+00
 0.214556630443357E-01 -0.144975088845756E+00  0.989202647659969E+00 -0.132140841330291E-01  0.309398630017729E-01  0.999433896192218E+00
-0.504504107105170E+00 -0.143114004794660E+00  0.851465787654236E+00  0.707920733386175E+00  0.563182471780698E+00 -0.426232024513601E+00
 0.208840848107521E+00  0.146928697160156E+00  0.966849242701545E+00  0.646424639048666E+00  0.761599556507124E+00  0.458399559222440E-01
 0.593364955991476E-01  0.752448878165228E-01  0.995398104854279E+00  0.214661851598809E+00 -0.153931441850983E+00  0.964481933826574E+00
-0.351391838736784E-01  0.590988072010573E+00  0.805914596280473E+00 -0.153837020458673E+00  0.967511364268092E+00  0.200638807683093E+00
-0.879478170531368E-01  0.221545403374540E+00  0.971175996263911E+00  0.456089320675719E+00  0.411944943753557E+00  0.788849728960744E+00
 0.181461788751801E+00  0.580098460697386E-01  0.981685528558897E+00  0.536905596741838E+00  0.462025246427853E+00  0.705878921523070E+00
 0.254619500180649E+00 -0.741405627368143E-01  0.964195046183512E+00 -0.398265324794844E+00  0.348869883386794E+00 -0.848336333968870E+00
-0.154143614669477E+00  0.162855905369876E+00  0.974534606949792E+00  0.144895625592462E+00 -0.971921852416544E+00 -0.185400028261493E+00
 0.187078977931924E+00  0.878759506509874E-01  0.978406496970013E+00 -0.299325302784570E-02 -0.971653485367432E-03  0.999995048150647E+00
-0.164568536523620E+00 -0.459526116035235E-01  0.985294653529232E+00 -0.297013611203682E+00  0.413306267146635E+00 -0.860790824937779E+00
 0.226899096853662E+00 -0.158757346492015E-02  0.973916977702661E+00  0.119006560650300E+00  0.566293662041453E+00  0.815566629316003E+00
-0.314634042167531E+00  0.257178867982084E+00  0.913709171111231E+00 -0.679028949157744E-01 -0.439999441215110E+00 -0.895427098424237E+00
-0.644490229063516E-01  0.303411700231269E-02  0.997916388070881E+00  0.231020926104176E-01  0.131175793748057E+00  0.991089907350280E+00
-0.136429571529451E+00 -0.406082956709630E+00  0.903594823071854E+00 -0.177005308481487E+00 -0.796506609158398E+00  0.578140417490738E+00
-0.133589082843307E-01 -0.283523790938106E+00  0.958872149737146E+00 -0.305262510345938E+00  0.556087616456143E+00 -0.773033868987266E+00
-0.324724048867627E+00 -0.741756894044799E-01  0.942895677786458E+00  0.246500817845102E+00  0.302171699987053E+00 -0.920830934823885E+00
-0.119277225238687E+00 -0.424130410735290E+00  0.897711723343788E+00  0.194493903636528E-01 -0.801634046041580E+00  0.597498600367807E+00
 0.190626206020835E-01  0.747981001136882E-01  0.997016479660775E+00  0.838105402204899E-01 -0.506188367005696E+00 -0.858340917384262E+00
-0.178847482195928E+00  0.393843862084081E+00  0.901609999063272E+00  0.556723164710213E+00 -0.540481298730316E+00 -0.630824289004344E+00
-0.108412359985525E+00 -0.193156841011207E+00  0.975160086843663E+00 -0.300240956661437E+00  0.735369589934623E-03  0.953863107146194E+00
-0.463006990424609E-01  0.153138100459270E-01  0.998810158383492E+00 -0.238449419606316E+00 -0.931746623838008E-01 -0.966674897046094E+00
 0.278021301276068E+00  0.329643283814482E+00  0.902241354335284E+00 -0.137957202236526E+00  0.891645818453192E+00  0.431202440607666E+00
-0.105018200508619E+00 -0.170981971694802E+00  0.979661340932309E+00  0.310258486789201E+00 -0.438282348665390E+00  0.843592469278635E+00
-0.203858169351732E+00  0.104015948825728E+00  0.973459053673263E+00  0.954631412781419E+00  0.142317715974612E-02 -0.297786568363524E+00
-0.407029674367052E+00 -0.119785280066675E-01  0.913336388770011E+00  0.787282051994340E+00  0.295979667984568E+00 -0.540909425641046E+00
 0.784480572736391E-01 -0.234080212831797E+00  0.969047138311967E+00  0.940172974315223E-01 -0.427537070674420E-01  0.994652134324189E+00
-0.297490233753555E+00  0.402769888860254E+00  0.865607288236850E+00 -0.452066331779774E+00  0.733107238078111E+00  0.508123812814026E+00
 0.139109854390156E+00  0.288452047546280E+00  0.947335138521689E+00 -0.997249204588388E+00  0.165208043812892E-01 -0.722570894128907E-01
-0.405214211810020E+00 -0.105835022427875E+00  0.908075101836228E+00 -0.663494884153627E+00 -0.556375594570919E+00  0.500220687764732E+00
-0.813117042513640E-01  0.205929592349060E+00  0.975182757100785E+00 -0.851371623299706E+00 -0.328622328464532E+00  0.408868835049301E+00
 0.255422413265019E+00 -0.113355123533657E+00  0.960161448283851E+00 -0.460949906121861E+00  0.708914990449577E-01 -0.884590062915815E+00
-0.212611136975599E+00 -0.702216553456043E-01  0.974610395775905E+00  0.438085134986660E+00 -0.143977684563661E+00 -0.887328485314997E+00
-0.272435680853850E+00 -0.110162619855017E+00  0.955846743460675E+00 -0.616164877557814E+00 -0.362627212092026E+00  0.699172617251655E+00
-0.548513519032977E+00  0.435572030872519E-02  0.836130340998730E+00 -0.803837481142882E+00 -0.712148908441799E-01  0.590570692831873E+00
 0.343255094898376E+00  0.380311868408757E-01  0.938471932800220E+00  0.763933529307699E+00  0.644646034553239E+00 -0.289318671064832E-01
-0.314987907548388E-01 -0.318822675232104E+00  0.947290835983768E+00 -0.760740302670155E-01  0.497045536203322E+00 -0.864383292792778E+00
-0.134669087751817E+00  0.349508436632051E+00  0.927204448612663E+00 -0.211076209090821E+00  0.959669168537100E+00  0.185693082572182E+00
 0.177028119669365E+00 -0.435999393323711E+00  0.882363629048526E+00  0.130369283678985E+00 -0.651788170536108E+00  0.747111792586773E+00
-0.246848254847303E+00 -0.463694159998436E-01  0.967944118396653E+00 -0.415522901145941E-01  0.149685634183121E-01  0.999024198553481E+00
-0.357559836969451E+00 -0.657417871458657E-01  0.931573389706494E+00  0.732833937793615E+00  0.114117270142051E-01 -0.680311834458624E+00
-0.880513316627801E-01 -0.297373916031571E+00  0.950692230459710E+00 -0.367447268091731E+00 -0.817591784854989E+00  0.443312732176234E+00
-0.699899961798841E-01  0.208899479976540E+00  0.975429345314293E+00 -0.173748647816838E+00 -0.708730008073881E-02 -0.984764528991264E+00
-0.395932037866650E+00  0.338455654979699E+00  0.853630828287629E+00  0.485306835265574E+00 -0.867909659491087E+00 -0.105877753123963E+00
-0.452527652964348E+00 -0.295943927462483E+00  0.841210981324340E+00  0.566891463161978E+00  0.613022796717072E+00 -0.550306387114715E+00
-0.202844849428937E+00 -0.106963655798686E+00  0.973351294958985E+00 -0.409800153513246E+00 -0.309981702860663E+00  0.857889956854679E+00
-0.579432461573648E-01 -0.535786585991298E-01  0.996881089983888E+00  0.162414495209519E-01  0.331485335619028E+00 -0.943320564594560E+00
 0.168190773884638E+00  0.135576588500873E+00  0.976386630505842E+00 -0.990056553411041E-01 -0.523694433548045E+00 -0.846133571300224E+00
-0.784408362866331E-02 -0.357194414712901E-01  0.999331072194298E+00 -0.526899895331637E-01 -0.493727792941316E+00 -0.868018796732129E+00
 0.258922922920615E+00  0.462179897883125E-01  0.964791592731909E+00 -0.331390734893700E+00 -0.337478138607603E+00 -0.881072463982709E+00
 0.132228792179371E+00 -0.571237795070450E+00  0.810063533311947E+00  0.451747873262153E+00 -0.884530166464615E+00  0.116319575382658E+00
-0.798359518488015E-01  0.229016835090969E-01  0.996544897977429E+00  0.152395109001498E-01 -0.752885989541724E-02 -0.999855526351782E+00
-0.395601373810114E+00 -0.313229636487795E+00  0.863357833036380E+00  0.515555954753745E+00  0.162837985314068E+00 -0.841240660011634E+00
 0.976111025549694E-01 -0.284599048166209E+00  0.953664225207641E+00  0.273937552074456E+00 -0.473025591744951E+00  0.837379846376657E+00
 0.373105743153620E-01 -0.216608452739503E+00  0.975545334285422E+00 -0.717122661467512E+00  0.648116376255912E+00 -0.256281585836082E+00
-0.298805490250054E-01  0.138043880434571E+00  0.989975272350037E+00 -0.119490948555362E+00  0.140952214135548E+00 -0.982778910306701E+00
 0.119547817283175E+00  0.849732759062777E-02  0.992792080350486E+00 -0.350387248560423E-01  0.483180530029188E-01  0.998217237636412E+00
-0.490731003286130E-01  0.149763639300692E+00  0.987503257294653E+00 -0.830851209160493E+00 -0.544707940512585E+00 -0.113927730509672E+00
 0.882033383279316E-01 -0.929475587011970E-01  0.991756483436986E+00 -0.156924878970669E+00  0.157116574918761E+00 -0.975032801625585E+00
-0.120281245635893E+00  0.250105702227183E-01  0.992424754490441E+00 -0.448135058185064E-01 -0.971838081976292E+00 -0.231349285965822E+00
 0.129561820158099E+00 -0.292492504660754E-01  0.991139856985125E+00 -0.971632333491219E+00  0.553567950695818E-02 -0.236431733840457E+00
 0.300758048375154E-01 -0.110165061528078E+00  0.993458154721119E+00 -0.853557003177631E+00 -0.463348859657739E+00  0.238218967717298E+00
 0.350083320397014E-01  0.209900199328576E+00  0.977095861729862E+00  0.363391674792675E-02  0.993144303614486E+00 -0.116838293582058E+00
-0.278840487958709E+00 -0.282047676259251E+00  0.917985343342532E+00 -0.163669146708732E+00 -0.462502761248313E+00  0.871380287964630E+00
 0.726939017087596E-01 -0.106240100455861E+00  0.991679705201980E+00  0.656016484542245E+00 -0.744426740961953E+00 -0.124383276004456E+00
 0.550756644271550E-01 -0.245510400890137E+00  0.967828142927592E+00 -0.717139439100924E-01 -0.335585313871449E-01 -0.996860539503896E+00
 0.311162465674528E+00  0.176777015781985E+00  0.933770746300485E+00 -0.721362050095947E-01 -0.250688797155377E+00 -0.965376348844120E+00
-0.607469839719618E-01  0.604170733892823E-02  0.998134911577960E+00 -0.773149725873552E-01 -0.141990520055327E+00  0.986844003492059E+00
-0.410287209283130E-01  0.111444214520751E-01  0.999095814188752E+00 -0.907699166530404E-01 -0.101037058227450E+00 -0.990733231044333E+00
-0.160669798580844E+00  0.838873121991024E-01  0.983436899183675E+00 -0.940469963844140E+00  0.879676431865072E-02  0.339762952725167E+00
 0.479311177131328E+00 -0.339557146370633E+00  0.809297065252070E+00  0.576563126412858E+00 -0.778475906626129E+00  0.248093176173099E+00
 0.529358998106394E+00  0.204784219843596E+00  0.823311893772247E+00  0.407671455516222E+00  0.484502464421324E+00  0.773990533745051E+00
-0.187471130730523E+00  0.540349242427531E+00  0.820290967493007E+00 -0.419445792235945E+00  0.752822141862963E+00  0.507271180037287E+00
 0.300244761054257E-01 -0.249268170432976E+00  0.967968961301751E+00 -0.140706574508126E+00  0.108962249393372E+00  0.984037035937838E+00
 0.374321609864638E+00  0.234832005437068E+00  0.897071491917311E+00  0.891616486422142E+00  0.732171644114381E-01  0.446832505504895E+00
-0.288287046395898E+00 -0.106626947098542E+00  0.951588815104914E+00 -0.434891979979496E+00  0.135405156337273E+00  0.890244016765511E+00
-0.534356226129518E+00  0.165934390754635E+00  0.828811921705707E+00  0.629682487057251E+00 -0.569351939274990E+00 -0.528524677510146E+00
-0.281046800850288E+00  0.710247856288889E-01  0.957062263156472E+00  0.340263447366013E+00 -0.876692405355104E-01 -0.936234420778537E+00
 0.247528436087495E+00 -0.694897068993055E-01  0.966385458273834E+00  0.897411193205502E+00 -0.436829168549883E+00  0.619146817281244E-01
-0.239314985928264E+00  0.238190227173290E+00  0.941272411785925E+00 -0.693243875287597E+00  0.541742996682151E+00  0.475318266977063E+00
 0.546507816666117E-01  0.874223932087219E-01  0.994671110080557E+00  0.191694445255470E-02 -0.111670758310125E+00 -0.993743411078739E+00
-0.396874458643276E+00 -0.384631856147580E+00  0.833396063893437E+00  0.825408562123268E+00  0.498488243133887E+00 -0.264972030657746E+00
-0.402872085924383E+00 -0.913079236595890E-01  0.910690367501442E+00 -0.838800699661921E+00  0.520203251192253E+00  0.160629896643438E+00
-0.148937199544010E+00  0.220392784767463E+00  0.963973407835730E+00 -0.192931185084555E+00  0.963163264173666E-01  0.976473616175743E+00
 0.469997712353338E-01 -0.218936362960505E+00  0.974606531107530E+00 -0.959925741811789E-02  0.888104270744297E+00 -0.459541791943629E+00
-0.304344022256036E+00 -0.808764705881685E-02  0.952527850554549E+00  0.121834003200552E+00 -0.202162384012111E+00 -0.971744228773533E+00
 0.199096268635726E+00  0.754492130221319E-01  0.977071180656595E+00  0.688331552952973E+00  0.374182436572789E+00  0.621439600741535E+00
 0.914564992342129E-01  0.531369375900790E+00  0.842188990133822E+00  0.269298875772755E+00  0.747806650969164E+00  0.606847038613367E+00
-0.181323402410376E-01 -0.214160266740005E+00  0.976630226025814E+00 -0.794933475873336E+00 -0.601600142750687E+00 -0.784731621529920E-01
-0.247205559041553E-01 -0.433405644638520E-01  0.998754469120286E+00 -0.373661348020733E-01  0.195323522476876E+00 -0.980026782050970E+00
 0.112527825078293E+00  0.185801924845324E+00  0.976122499129552E+00 -0.570666328687943E+00  0.839989763172715E-01 -0.816874600706543E+00
-0.507258260761179E-01  0.163538095951818E+00  0.985232044617586E+00 -0.552768926841192E+00  0.721051152284526E+00  0.417769971764360E+00
 0.524008468445002E-01 -0.104833899529344E+00  0.993108254300331E+00 -0.462820032846761E-01 -0.905853618629344E-01  0.994812680049927E+00
 0.443134166463978E+00  0.142796855378423E+00  0.885009134758681E+00  0.310139389628124E+00  0.181443699193421E+00  0.933215807315811E+00
-0.103504690085887E-02  0.453230761885343E+00  0.891392621216232E+00  0.603517193662171E-01 -0.633758280558720E+00 -0.771173204794355E+00
 0.840161856882568E-01 -0.963062066005955E-01  0.991799574063530E+00  0.322579376404640E-01 -0.183933472597447E-01 -0.999310317286761E+00
-0.100929359465212E+00 -0.437285592139459E-01  0.993932129225640E+00  0.142049671605513E+00 -0.841438230521623E-01 -0.986276689291059E+00
-0.505020488508492E+00 -0.106024923527125E-01  0.863042231494238E+00 -0.819817767019379E+00 -0.336994735856984E+00  0.462961528514024E+00
 0.733729700724998E-01 -0.240919475639527E+00  0.967767644385942E+00 -0.269862537604944E-01 -0.998676573033987E+00 -0.437817836670101E-01
-0.128593631500709E+00 -0.148351511588141E-03  0.991697361057943E+00  0.402589722545898E-01  0.103081046185879E+00  0.993857893800834E+00
 0.608586899680194E-01 -0.118692700293357E+00  0.991064207179559E+00 -0.342332228602278E+00 -0.711673305024492E+00  0.613457212995099E+00
-0.312532327401155E+00  0.184064209535639E+00  0.931903380773585E+00 -0.483240639836476E+00  0.597350252477604E+00  0.640039967404674E+00
-0.117250300850730E+00  0.533741353990830E+00  0.837479870797173E+00  0.128466022577184E-01 -0.661413743812802E+00 -0.749911210948313E+00
-0.502732229862709E+00  0.591181427094233E-01  0.862418315123152E+00  0.558653345738754E+00 -0.397491389438996E+00 -0.727947137240578E+00
-0.214587667352267E-01 -0.445470617207407E-01  0.998776792192456E+00 -0.154101739372902E+00  0.311528495053673E-01 -0.987563746747491E+00
 0.132396829562583E+00 -0.772113892499002E-01  0.988184942655916E+00  0.757861327662191E+00  0.607522993311137E+00 -0.237827712078256E+00
 0.260064262418107E+00 -0.102784456984374E+00  0.960105168622351E+00 -0.400747787795413E-01 -0.347635657283357E-01  0.998591761734305E+00
-0.103863907656081E+00 -0.328382259949021E+00  0.938817010943657E+00  0.268604539903691E+00  0.577690032346730E+00 -0.770795580987826E+00
-0.145197144716153E+00  0.612552933430120E-01  0.987504723129838E+00 -0.848112390548028E-01  0.112824631277041E-01  0.996333157009121E+00
 0.323523025750752E+00 -0.363443030516154E+00  0.873637233282964E+00  0.267403840894146E+00 -0.869399111212640E+00  0.415500145965955E+00
-0.153034138749963E+00 -0.211560744952136E+00  0.965309589495699E+00  0.204290616359648E+00 -0.976374876993763E+00 -0.704091161910826E-01
 0.414897215641979E-03 -0.278874737270527E-01  0.999610982667469E+00  0.756610739346403E-01  0.214705311213218E-01  0.996902411565157E+00
 0.992244764400488E-01  0.904686857510482E-01  0.990943954103196E+00 -0.180676200398065E+00 -0.279740505955780E+00 -0.942921714638772E+00
-0.466464763718499E-01 -0.199835316358513E+00  0.978718525715123E+00 -0.247770364913210E+00 -0.330128804169288E+00  0.910837427276970E+00
-0.252050591921543E+00  0.549679421138282E-01  0.966151657066203E+00 -0.527965137978450E+00 -0.110250470693162E+00  0.842079358962879E+00
 0.178241021415549E+00  0.454817375673013E+00  0.872565924770533E+00  0.122068621300507E+00  0.532594398652624E+00  0.837521616567383E+00
-0.487977434242546E-01 -0.337477125439886E+00  0.940068066706625E+00  0.322063336367819E-01 -0.880505610654343E+00  0.472940399712161E+00
-0.148880688923444E-01 -0.636272588513890E-01  0.997862674587899E+00 -0.411446652899925E+00 -0.232455536486540E-01 -0.911137363986910E+00
-0.112150337784457E+00  0.211422958752261E+00  0.970939047647828E+00  0.380755853057585E-01 -0.896449677851149E-01 -0.995245713155515E+00
 0.225963822975320E+00  0.120633966164785E+00  0.966637365775673E+00  0.692799369279603E+00  0.280458055287861E-01  0.720584808831011E+00
-0.770196627462479E-01  0.671823863782275E-01  0.994763538993554E+00 -0.243116642195452E+00  0.768515691243598E-01  0.966947844824493E+00
-0.267896619508315E+00 -0.223146602076439E+00  0.937249697379389E+00 -0.812560703559728E-02 -0.370140727120509E+00  0.928940157726537E+00
 0.314745373138963E+00 -0.172605694196136E+00  0.933350215309712E+00  0.377843710076318E-01  0.600097039524150E+00 -0.799034344982685E+00
-0.275868462710969E+00 -0.386742106962403E+00  0.879958597880473E+00  0.438984801209044E+00  0.554767642080987E+00 -0.706770972527422E+00
 0.194292212660934E-01  0.206421902326008E+00  0.978270158801292E+00  0.573679958539777E-01  0.258882682493730E+00  0.964203645376094E+00
 0.473944656329124E+00  0.109861475724073E+00  0.873674378065877E+00  0.866400986566008E+00  0.485936200455902E+00  0.114957990430985E+00
-0.106683888058060E+00  0.179692752927689E+00  0.977920785429006E+00  0.927381950978684E+00 -0.371894089638193E+00  0.407124439348569E-01
 0.449955961519667E-01  0.400540551945111E-02  0.998979155464995E+00  0.401957071126585E+00  0.314891481241327E+00  0.859810367472375E+00
 0.165634643615190E+00  0.111916484278518E+00  0.979816240619232E+00  0.528292059597253E+00 -0.493636062306912E-01  0.847626529874092E+00
 0.354976534675680E+00  0.317464680850071E-01  0.934336032481769E+00  0.799229982455981E+00  0.166002941354183E+00  0.577645616797333E+00
 0.469262135509336E+00 -0.754593123887200E-01  0.879828926752831E+00  0.453382478415814E+00 -0.371449001359455E+00  0.810228342909947E+00
 0.238534873504263E+00 -0.267693144019803E+00  0.933510307799061E+00  0.596973575671901E-01  0.998139532293416E+00 -0.123975631708813E-01
-0.214274696392448E+00 -0.215468784413266E-01  0.976535757929713E+00 -0.150483076514738E+00 -0.170774774899240E+00  0.973750902408195E+00
-0.227860516488875E+00  0.274113919879523E+00  0.934313193717024E+00  0.384648008623051E+00 -0.884937690893369E+00 -0.262547505603525E+00
 0.334311055009624E+00  0.479489742238391E+00  0.811372729136563E+00 -0.504051762679652E+00 -0.827041058113296E+00 -0.248867251229196E+00
 0.218700208804004E+00  0.922430471185022E-01  0.971422379260113E+00  0.962782135161029E+00 -0.168848134461290E+00  0.211047074615384E+00
-0.977458752474286E-01 -0.897148380776065E-01  0.991159417904518E+00  0.793808630796631E+00 -0.352269336885193E+00 -0.495756161800582E+00
-0.668250978157830E-01 -0.115979676050049E+00  0.991001070153427E+00  0.225388345282109E+00 -0.111400935697880E+00  0.967879086113875E+00
 0.204040565747989E+00  0.119825151587687E+00  0.971601451509943E+00 -0.484543641636681E+00 -0.215543102846411E+00 -0.847796337668903E+00
-0.468720793900903E+00  0.511689658084686E-01  0.881863115400003E+00  0.931434239360278E+00 -0.127865111048340E+00 -0.340706282777315E+00
 0.233745674398134E+00  0.233579944542153E+00  0.943823801992642E+00 -0.700589921561039E+00 -0.699742750383872E+00 -0.139763532769857E+00
-0.116190067272549E+00  0.448587127138248E+00  0.886154308026008E+00 -0.683333869100713E+00  0.372093664177016E+00  0.628172849157915E+00
 0.123592975679800E+00  0.278628171209935E+00  0.952413312890375E+00 -0.483811496192109E+00  0.872225299661818E+00 -0.717597574006889E-01
-0.939669302102547E-01  0.154167726141298E+00  0.983566229718814E+00  0.364046476009204E-01 -0.237021519676536E+00 -0.970822074761013E+00
-0.178743427317494E+00  0.836012441560948E-01  0.980337502682800E+00  0.282293931622953E+00  0.121010727945669E+00 -0.951665140630314E+00
 0.180540031958185E-01  0.763197028547700E-02  0.999807884544909E+00  0.500505944323147E+00 -0.261391029620566E+00 -0.825329345977165E+00
 0.201057728552066E+00 -0.395345614724537E+00  0.896257571631929E+00 -0.734149433302163E+00  0.668237749462119E+00 -0.120345003119846E+00
-0.333552708042269E+00  0.318618642788748E+00  0.887256868908393E+00 -0.322652687176608E+00  0.929463044120591E+00  0.178867808931058E+00
 0.332578866657795E+00  0.147542356409775E+00  0.931462586751431E+00  0.453472686791644E+00  0.114903441599351E+00  0.883832405743641E+00
 0.328294761485999E+00  0.103547296772749E+00  0.938882584198848E+00 -0.148264731638766E+00 -0.816585530920578E-01 -0.985570621548246E+00
-0.288145350594187E+00 -0.996552581562787E-01  0.952387046558677E+00  0.994683030113287E+00  0.847041779378053E-01 -0.585736446239263E-01
-0.215578761725806E+00 -0.392141393205586E+00  0.894287943129924E+00 -0.621277036241577E+00 -0.438707678362170E+00  0.649269140792135E+00
 0.200028795660172E+00  0.243806278389201E+00  0.948971537784326E+00  0.725854050140484E+00  0.622505053216339E+00  0.292614689677021E+00
-0.544044088099013E+00  0.912737507477469E-01  0.834077414050370E+00 -0.465532573461958E+00  0.218951758688320E+00  0.857519416930706E+00
 0.141369397725567E+00 -0.355933773092860E-01  0.989316837458268E+00  0.691423114268387E+00  0.590950079880179E-01  0.720029066834320E+00
 0.840213026881421E-01  0.345213768902726E+00  0.934755515872767E+00 -0.182685605170570E+00 -0.797452667873685E+00 -0.575061050815133E+00
 0.260970506612078E+00 -0.146848251551574E-02  0.965345657387931E+00 -0.137350201425445E+00  0.107252937178810E+00 -0.984698801479370E+00
 0.454095165735377E-01  0.121903888815255E+00  0.991502605995706E+00 -0.378972042157487E+00 -0.293905188349251E+00 -0.877496399721603E+00
 0.271982139811521E+00 -0.193218130401443E+00  0.942704868825719E+00  0.700500909396094E+00 -0.483224082815512E+00  0.525159939182676E+00
-0.190318164790645E-02 -0.189012259622818E+00  0.981972883338380E+00 -0.257574941595286E+00 -0.372627871033425E+00  0.891517593315624E+00
-0.265558177472727E+00 -0.309518620675273E+00  0.913059186379854E+00  0.362674078736880E+00  0.720943023663712E+00 -0.590515596104777E+00
 0.123270127122001E+00  0.974484698895455E-01  0.987576969899315E+00  0.162455185717615E-01  0.804164581468020E+00  0.594184659040183E+00
-0.276553660157087E+00 -0.358316553052054E+00  0.891699120142334E+00  0.314564961466835E+00  0.617417328972664E+00 -0.721002584531866E+00
 0.444159723535170E+00  0.390156647131700E+00  0.806535759088282E+00  0.832588384693299E+00  0.378356962694739E+00  0.404527613957584E+00
 0.161019889963530E+00  0.248548492765543E+00  0.955142000846005E+00  0.256779286523474E+00 -0.682200781587762E-01  0.964059344101029E+00
-0.843225863942440E-01 -0.285443909947260E+00  0.954678729048577E+00 -0.126867593811332E-03 -0.452193591604168E-01  0.998977073541598E+00
-0.390388889430932E+00  0.224788030754236E+00  0.892786008088454E+00  0.177663576259775E+00 -0.559162382061978E+00 -0.809798174953094E+00
-0.334360048920726E-01  0.102547969706933E+00  0.994165955706512E+00  0.395555454116686E+00  0.141807892347166E+00 -0.907428456897070E+00
 0.246929457175746E+00 -0.155334573388002E+00  0.956502490059100E+00  0.484614518685195E+00  0.192850978014650E+00  0.853204118929526E+00
 0.302348177191636E-01 -0.274720875021368E+00  0.961048540202306E+00 -0.846653006840647E+00  0.445125858769901E+00 -0.291619025205919E+00
-0.192072216919010E+00  0.379516686826863E+00  0.905027816096156E+00  0.190888620953139E+00  0.692534656424110E+00  0.695670384623457E+00
-0.239033230713879E+00 -0.129860519684083E+00  0.962288605378795E+00  0.936047806075601E-01 -0.721281288851850E-01 -0.992993292057370E+00
-0.743979424698015E-02 -0.129493320756525E+00  0.991552383558736E+00 -0.188583656400944E+00 -0.171711481560165E+00  0.966928834836806E+00
-0.248292698065360E+00  0.229656309579152E+00  0.941067859167397E+00 -0.355806157886353E+00  0.687342367220627E+00  0.633215957027061E+00
-0.115966068986394E+00 -0.224273160857626E+00  0.967601891359650E+00 -0.112242847064441E+00  0.132675664781256E+00 -0.984783586001371E+00
 0.893588206754675E-01 -0.630363543908452E-01  0.994002725948275E+00  0.386938612432763E+00  0.915827816795957E+00  0.107414711242730E+00
-0.195256323547526E-01 -0.133302435353868E+00  0.990883045777792E+00  0.121461590201509E+00  0.990676134989645E+00  0.617080032710474E-01
 0.631828024084619E+00  0.783853652734822E-01  0.771134931443433E+00  0.866364743445634E+00  0.470212374147726E+00  0.168263051537585E+00
 0.101650857393714E-01  0.430787815868278E+00  0.902395993304131E+00 -0.620095981030873E-01  0.671386258188485E+00  0.738508836818327E+00
-0.327403835370952E+00 -0.372019805916905E+00  0.868566631059436E+00  0.763147366689730E+00  0.582768826338431E+00 -0.279260795248202E+00
-0.260283616002370E-01  0.708431407149173E-01  0.997147819436042E+00  0.102870286600193E+00  0.868614398138023E-01  0.990894946201800E+00
 0.308111608931663E+00 -0.130972587954163E+00  0.942291577828292E+00  0.816272748900483E+00 -0.478000069718479E+00  0.324368205518942E+00
-0.154089348749829E+00 -0.107484784482517E-01  0.987998452839326E+00  0.478045543693686E+00  0.974731721894167E-01 -0.872909754131514E+00
-0.549744762195023E-03 -0.330188505541656E+00  0.943914852404000E+00  0.458171599170389E+00 -0.272697202465414E+00  0.845999421678990E+00
 0.567972470069418E-01  0.163819744700570E+00  0.984853879506332E+00  0.621694706759108E+00  0.506605019792394E+00  0.597366759628333E+00
 0.729809649852852E-01 -0.534848701960328E-02  0.997318992317111E+00  0.642161612759140E+00 -0.525628825083080E+00  0.557981004461946E+00
-0.931706687241457E-01  0.399020327338803E+00  0.912196253478346E+00 -0.377049502808143E+00  0.814717714712390E+00  0.440532311829624E+00
-0.853712277705224E-02 -0.397288834405888E-02  0.999955665863690E+00 -0.490350159514447E+00  0.290073077960631E+00 -0.821835951091580E+00
 0.185877427405190E+00  0.204027553707870E+00  0.961156771452613E+00 -0.850045916752106E+00 -0.474896750965806E+00 -0.227804774610176E+00
-0.598732136508408E-01 -0.189394437422490E+00  0.980073948924539E+00  0.159390524844748E+00  0.957066402015060E-01 -0.982565468358753E+00
-0.101348713068971E+00  0.122793489256943E+00  0.987243737561990E+00  0.520212250820528E+00 -0.504278203119538E+00 -0.689262437649674E+00
-0.102260238674320E+00  0.154984268263334E+00  0.982610156764701E+00 -0.267997592822354E+00 -0.902932652296503E+00 -0.335990945797989E+00
 0.827516542754722E-01  0.546611524383072E-01  0.995070008657074E+00 -0.182488862768882E+00  0.494698005915892E-01 -0.981962603053064E+00
-0.175341966158310E-01 -0.297417656972609E+00  0.954586449343359E+00  0.146167532884016E+00  0.951878934321810E+00 -0.269372505510446E+00
-0.231485615806915E+00  0.192199727896613E+00  0.953663291875577E+00  0.629719140734039E+00 -0.419722926106716E+00 -0.653671529970213E+00
 0.170513194575215E+00  0.302795532584994E-01  0.984890044182710E+00  0.986101826101827E+00  0.438156080731356E-01  0.160260353948892E+00
 0.134384030069572E+00  0.126953743457379E+00  0.982763287615293E+00 -0.780382706058496E+00 -0.428973809006061E+00 -0.454955276122446E+00
 0.674102823512666E-01 -0.183618666887969E+00  0.980683455047350E+00  0.243988130249140E+00 -0.251186242007275E+00 -0.936683118308316E+00
 0.140134220036437E+00  0.210218467272860E-01  0.989909330360591E+00  0.983774093640725E+00 -0.160869655599256E+00 -0.794322767440782E-01
 0.368224317800400E+00  0.231191300516219E+00  0.900533971788988E+00 -0.315251361805463E+00 -0.395342430360327E+00 -0.862740367455118E+00
 0.191227090676591E+00 -0.464842686587601E-01  0.980444497439109E+00  0.185033908056746E+00 -0.296797249192334E-01 -0.982283852457102E+00
-0.295742512419468E+00  0.139972212007726E+00  0.944957219250419E+00  0.777194647847379E+00 -0.131630582481949E+00 -0.615338824642856E+00
-0.521689578277785E-01 -0.274035523847505E+00  0.960303562166041E+00  0.112074028507224E+00  0.270308761006807E+00 -0.956228312620541E+00
-0.143883373647658E+00 -0.669631849448746E-01  0.987326443811674E+00 -0.602982505870828E-01  0.952608720810043E+00  0.298162281338185E+00
 0.393428020164988E+00  0.870206533099445E-01  0.915227730593085E+00  0.972768983491030E+00 -0.199045573915696E+00 -0.118749165312429E+00
 0.318257558183032E+00 -0.167230549041995E+00  0.933137755171490E+00 -0.574307953530407E+00  0.609842703214834E+00 -0.546133913841046E+00
 0.115845936344651E+00 -0.477798366982309E-02  0.993255702175669E+00  0.917583109170062E-01  0.210330013164464E+00  0.973314798993570E+00
-0.422220050880750E+00 -0.455529168420565E+00  0.783724061996520E+00  0.737373704222356E+00  0.614966160081009E+00 -0.279457764745624E+00
 0.309860554190592E+00 -0.169710891526418E-01  0.950630537637874E+00 -0.285730440774327E+00 -0.196094867781982E+00 -0.938032471743103E+00
 0.228243903261357E+00  0.253258632667347E+00  0.940087647830502E+00 -0.643916969723308E+00 -0.687453740840530E+00 -0.335824791084153E+00
 0.119690880731638E+00  0.107526991515911E+00  0.986971144038782E+00  0.844621290715176E+00 -0.535289606955804E+00  0.893934873076902E-02
-0.230437482306934E+00 -0.301923597658918E+00  0.925062542709809E+00  0.325253721040601E+00  0.481259350286340E+00 -0.814002122055718E+00
 0.795762872683392E-01 -0.580718220159789E-01  0.995135808818239E+00  0.102601050423933E+00  0.503245559847323E-01 -0.993448772467330E+00
-0.222331540150620E+00 -0.217211530971199E+00  0.950467167800867E+00 -0.259371081910644E-01 -0.697862824610485E+00  0.715761653377268E+00
 0.531330021546704E-01 -0.147494486123842E+00  0.987634679750107E+00 -0.442190362397335E+00 -0.259652016650448E+00  0.858515296108502E+00
 0.440674155120801E+00 -0.358612036654331E+00  0.822923870218382E+00  0.775065733075030E+00 -0.502511660039175E+00  0.383086336140482E+00
 0.342758706250832E+00  0.124657289871372E+00  0.931116012842213E+00 -0.993707906973445E+00 -0.669618574828492E-01 -0.897814304903991E-01
 0.425170919337262E-01 -0.264624166695710E+00  0.963413902377426E+00  0.439662480376648E+00 -0.359164761537835E+00  0.823223892643140E+00
-0.494032428409998E-01  0.397524301325915E+00  0.916260743157829E+00  0.239212131587756E+00 -0.880632386443300E+00 -0.408979407853770E+00
 0.187767287594229E+00 -0.125043598474404E+00  0.974221506737599E+00 -0.359739529431556E+00  0.712239368506609E+00 -0.602745844376940E+00
 0.252767370604473E+00 -0.399306652746914E+00  0.881284774309506E+00 -0.389855882565670E+00  0.909141440778354E+00 -0.146540886746332E+00
 0.888993329213669E-01  0.269379543637476E-01  0.995676280334543E+00 -0.288490263887480E+00 -0.166146453843738E+00 -0.942957434626443E+00
 0.117461910914262E+00 -0.242981535438771E+00  0.962892866792660E+00 -0.102532992471798E+00  0.148598842670953E+00 -0.983567674037548E+00
-0.426800814153763E+00  0.597629033900582E-02  0.904325908614516E+00  0.404313266972430E+00  0.810952575179814E+00 -0.422950000542981E+00
-0.135338541059071E-01  0.555840109182049E+00  0.831179046786869E+00 -0.517473894420349E+00  0.743893048999355E+00  0.422899397308486E+00
-0.222026267366332E+00 -0.201663022130658E+00  0.953958260147950E+00 -0.903390522807003E-01  0.105780186252912E+00  0.990277439826498E+00
 0.404250969656950E+00  0.372729980192049E-01  0.913888328599329E+00  0.770106639311959E+00  0.104346402803476E-01  0.637829822421201E+00
 0.295207154751735E+00  0.197240661638106E+00  0.934852318379725E+00 -0.375505189610314E+00 -0.237119111441015E+00 -0.895974541806376E+00
-0.165043963082737E+00  0.886459977255891E-01  0.982294445335602E+00 -0.143130996946737E+00 -0.151213301772461E+00 -0.978083869144208E+00
-0.175686898200613E+00  0.715886381807784E-01  0.981839691947758E+00  0.513176218678360E+00 -0.251030656069156E+00 -0.820751959057344E+00
 0.134116841795119E+00  0.265029238239026E+00  0.954867622042629E+00 -0.220511451777382E+00  0.856719687044168E+00  0.466268246255279E+00
-0.140193582714232E+00  0.165017711225090E-01  0.989986591280694E+00 -0.110233697897075E+00  0.189916027680614E+00  0.975592350460966E+00
-0.206878784416248E+00  0.298291159515593E+00  0.931785142998802E+00  0.682270557857868E+00 -0.544356438149511E+00 -0.488039910381816E+00
 0.389643488266949E-01 -0.226280382029563E+00  0.973282573679950E+00 -0.253545702851190E+00  0.206365468507352E+00 -0.945054426990021E+00
 0.447369532699955E+00  0.125914866282492E+00  0.885441103439910E+00  0.889975789879502E+00  0.236462161883563E+00  0.389908629586098E+00
-0.527172738144375E-01  0.286910796039345E+00  0.956505663421625E+00 -0.526481372423488E+00  0.256865623220008E+00  0.810455067291751E+00
-0.757094201155721E-01  0.120175212840257E+00  0.989861607460640E+00 -0.114364626069801E+00 -0.141949808524855E-01 -0.993337422441394E+00
-0.355192618688057E+00  0.190249289782304E+00  0.915228611532031E+00 -0.755846505456425E+00 -0.246434245833725E+00  0.606602194745183E+00
-0.129246336156670E+00 -0.290299848153294E+00  0.948167381189762E+00 -0.105076553335709E+00 -0.421325706542255E-01 -0.993571217592959E+00
 0.156100577741451E+00  0.304083776087363E+00  0.939768943277674E+00  0.209790606680058E+00  0.415237936547878E+00  0.885192271430492E+00
 0.539482295911348E+00  0.104866275188512E+00  0.835441150965350E+00 -0.952840241334350E+00 -0.788909952562251E-01 -0.293038709663722E+00
 0.138722862193643E+00  0.548958146997815E-01  0.988808584627607E+00 -0.435872834025637E+00  0.101655394789479E+00 -0.894248876582272E+00
 0.306019951599903E-01  0.222547812513212E+00  0.974441372806908E+00 -0.249350760733583E+00 -0.340759329089445E+00 -0.906480710087145E+00
-0.168379811242720E-01  0.148525126182229E+00  0.988765275120547E+00 -0.691772563516294E+00 -0.240871836566251E+00  0.680758017738533E+00
 0.187460983861627E+00 -0.610562900359456E-01  0.980372637815171E+00  0.307198194989376E+00 -0.358743271275478E+00  0.881437765420701E+00
-0.136702321333369E+00  0.154606706688727E-01  0.990491515867015E+00  0.770252391399741E+00 -0.453533886789350E+00  0.448350607311649E+00
-0.119248022718456E+00 -0.308865068966285E+00  0.943600698521462E+00 -0.963732532397947E-01 -0.931162557267681E+00  0.351636869515544E+00
 0.596859504453098E+00 -0.129373235250167E+00  0.791846764181624E+00  0.964127054321822E+00 -0.112310763149106E+00  0.240510531173983E+00
-0.471490431290503E+00  0.283696736140450E-03  0.881871131581966E+00  0.696113222019481E+00 -0.671236134320258E-01 -0.714787242925813E+00
 0.180251392462476E+00  0.318689249237407E+00  0.930562516941144E+00  0.773386656925258E+00  0.632381766882066E+00  0.443438812587457E-01
 0.309838224278873E+00 -0.343641902426103E+00  0.886515943270443E+00  0.615493096184736E+00 -0.507303489425142E+00  0.603167819239391E+00
-0.109816083191597E+00  0.224829242080199E+00  0.968190187813376E+00 -0.337708497270250E+00 -0.592172967997853E+00 -0.731631154916248E+00
-0.322329514316585E+00  0.343279046967409E+00  0.882192258021788E+00  0.527429866818117E+00 -0.188529738643167E+00 -0.828416726795978E+00
 0.713474770367069E-01 -0.284223328061746E+00  0.956099700505131E+00  0.211769700756421E+00 -0.975842456696853E+00  0.537130668402710E-01
 0.237973581854955E+00 -0.400201810554220E-01  0.970446783418552E+00  0.520755459796867E+00 -0.786112577274481E+00  0.332927570114923E+00
 0.243374372472518E+00 -0.163005357958498E-02  0.969931058245345E+00 -0.728237223413695E+00 -0.504273466502108E+00 -0.464089234325317E+00
 0.949215290390835E-01 -0.150025868482825E-02  0.995483627463938E+00 -0.938968821272902E+00 -0.769675497164236E-01 -0.335281298267630E+00
 0.414405541965461E+00 -0.145743785883102E+00  0.898346701260027E+00 -0.702574978176558E+00  0.334225237182815E+00 -0.628237129490370E+00
-0.153626359934379E+00  0.156407226205869E+00  0.975671933143461E+00  0.929603421854891E-01  0.286398674966614E+00 -0.953590149780357E+00
 0.102226778340379E+00 -0.251629466077708E+00  0.962409630870137E+00  0.153170722902779E+00  0.932416914641186E+00 -0.327318540471590E+00
 0.611732713639995E-01  0.246576575728400E+00  0.967190686045251E+00 -0.134945500206873E+00  0.428582578787458E+00  0.893368168860862E+00
 0.274635638718352E+00 -0.153908954472547E+00  0.949150830837191E+00 -0.241845288223243E+00  0.472289411578183E+00 -0.847616403967826E+00
 0.432137345142117E+00 -0.595129160111672E-01  0.899841945989056E+00  0.981961237366659E+00 -0.188024094827542E+00  0.199766882546511E-01
 0.125307797035945E+00 -0.275933028550153E-01  0.991734120437303E+00  0.538809781512481E-01 -0.253867643255583E+00  0.965737055259516E+00
 0.128894601695376E+00  0.345933737419208E+00  0.929363239518849E+00  0.446802718334099E-01  0.432952828318072E+00  0.900308570302580E+00
 0.112088808321585E+00  0.318020834006490E+00  0.941434463033335E+00 -0.239002223484369E+00 -0.928867241451711E+00 -0.282990432572227E+00
-0.995397395496360E-01  0.510493541413777E-01  0.993723202754237E+00 -0.909781731462071E+00  0.101782540984853E+00  0.402414606405562E+00
 0.213408808939986E+00  0.211591055985612E+00  0.953774556849631E+00 -0.500111899522890E-01  0.174408107803465E+00  0.983402609723999E+00
-0.549525280903275E+00 -0.953618243161389E-01  0.830016920376491E+00 -0.678324310498099E+00 -0.929711605159945E-01  0.728856977122116E+00
 0.315784557075884E+00  0.279866615124617E-02  0.948826791875188E+00  0.417902815602079E+00 -0.897570416259343E+00 -0.140444240066603E+00
 0.231453317656302E+00  0.182438784838908E+00  0.955586443778057E+00  0.495787142293376E+00 -0.995554298682702E-02  0.868387008597207E+00
 0.225328570309911E+00 -0.363580758447163E+00  0.903900474327278E+00 -0.843017156232225E+00  0.502579284167046E-01 -0.535533579646873E+00
 0.407106823881981E-01 -0.992663907377284E-02  0.999121665352216E+00 -0.322217407680091E+00  0.144123095493445E+00  0.935630522980792E+00
 0.835041036825993E-01 -0.203117232262130E-01  0.996300405785197E+00  0.822067495427406E+00  0.189167821452635E+00  0.537048013019856E+00
 0.230554469390184E+00  0.292450140964693E+00  0.928071953942118E+00  0.559003541416144E+00  0.691522661098172E+00  0.457505682884827E+00
-0.176565347642501E+00  0.152222928507235E+00  0.972446840731443E+00 -0.130508160892067E+00  0.138264534793484E-01  0.991350820408574E+00
-0.158259914696849E+00  0.283340704867556E+00  0.945870944878477E+00  0.160732579402853E+00  0.343661563821082E+00  0.925236060403265E+00
-0.148485412794916E+00 -0.136770887545839E+00  0.979410948737580E+00  0.460504200441266E+00  0.425792611101296E-01 -0.886635713187364E+00
 0.285016400119188E+00 -0.896922822657810E-01  0.954317005069623E+00  0.721345554226262E+00 -0.654257838817431E+00  0.227172339302020E+00
 0.138857837467513E+00 -0.338089299293427E-01  0.989735043954127E+00  0.437908249310157E+00  0.799811418145627E-01  0.895454846511064E+00
 0.236895218540226E+00  0.137486413398227E+00  0.961757839356493E+00  0.596266650849588E+00  0.105324078886567E+00  0.795847296591068E+00
 0.443269402632501E+00  0.272370546779639E+00  0.854006160362316E+00  0.825966047893300E+00  0.254724257342902E+00  0.502887303924677E+00
 0.235319927175032E+00  0.736875341199750E-01  0.969120569996146E+00 -0.190529769287035E+00  0.179856540276009E+00  0.965064781211797E+00
 0.234447964221783E+00  0.287056538506773E+00  0.928780219305284E+00 -0.398088769132255E+00 -0.800266086107148E+00 -0.448441215007623E+00
 0.773643219203346E-01  0.874966789081055E-01  0.993156127139061E+00  0.124048969225814E+00  0.104997552520708E+00  0.986705309197571E+00
 0.345227237617684E+00 -0.395892973730625E+00  0.850932963139627E+00  0.432135946781214E+00 -0.797604972971946E+00  0.420814484767248E+00
-0.895668753146222E-01  0.541024518951105E+00  0.836223800630011E+00 -0.754279362326683E-01 -0.723660738890077E+00 -0.686021691657595E+00
-0.398637158666642E+00  0.457414740472911E+00  0.794896327157376E+00 -0.470876372901444E+00  0.608616813987409E+00  0.638639973048192E+00
-0.103959833763689E-01  0.954183559811359E-01  0.995382971961795E+00 -0.891878902162271E+00 -0.397579617199877E+00 -0.215597940307932E+00
 0.910958646877591E-01  0.230484580550983E+00  0.968802560672208E+00 -0.125009254281980E+00  0.230581432074294E+00  0.964989580009251E+00
-0.177626974794648E+00 -0.689115205487838E-01  0.981682158420411E+00  0.423461998680470E+00 -0.901289064415681E+00  0.914218684902439E-01
 0.357761003308138E-01  0.230471125000091E+00  0.972421272487553E+00  0.931111351319139E-01 -0.341472948238717E+00 -0.935268165894469E+00
 0.573800339358319E+00 -0.327158686784694E-01  0.818341519470259E+00  0.968695016594537E+00  0.110857797408434E+00  0.222127246367166E+00
-0.211421492871994E+00  0.291893885225449E+00  0.932790926263635E+00  0.157994343523657E+00 -0.752309360834158E+00 -0.639584562834212E+00
-0.604819069320936E-01 -0.457432330628546E+00  0.887185212810490E+00 -0.217076344396945E+00  0.912752872704844E+00 -0.346063656098575E+00
-0.512814043823083E-01 -0.289461939107680E+00  0.955814837388811E+00 -0.620646554595539E+00 -0.761470666648925E+00  0.186976677962595E+00
-0.194658702572265E+00 -0.147691635987009E+00  0.969688181928791E+00 -0.238865856294271E+00 -0.879712642712691E+00  0.411155407295413E+00
-0.468768786584284E-01 -0.115805285402848E+00  0.992165154659247E+00  0.776153801307037E+00 -0.496348782703592E-01 -0.628587031027306E+00
-0.580801747947804E+00  0.218182091968154E-01  0.813752600811954E+00  0.958943759862241E+00  0.554664792653103E-01 -0.278119282141996E+00
 0.282596427584829E-01  0.157119741981984E+00  0.987175151262772E+00 -0.568380043498285E-01  0.380710260882798E-01  0.997657274936696E+00
 0.119606953328913E+00  0.232290300399909E+00  0.965264416134509E+00  0.289762359417820E+00  0.886070158982901E+00  0.361825162785335E+00
-0.865145100810030E-01 -0.129201784469263E+00  0.987837101163650E+00 -0.937765604912595E+00  0.347242078506079E+00  0.431383329450886E-02
-0.121926408954025E+00  0.139831362080104E+00  0.982639883669698E+00 -0.827746903505612E+00 -0.726286401708618E-01  0.556381294045551E+00
 0.382921829158610E-01  0.154792388892791E+00  0.987204652069874E+00 -0.232024655033543E+00 -0.445923299411748E+00 -0.864474968115506E+00
 0.537209409550011E-01 -0.140286522664099E+00  0.988652493074146E+00  0.485707640504137E-01  0.852307031773979E+00  0.520781724399184E+00
 0.476642701789766E+00  0.380867458983905E+00  0.792307840121310E+00 -0.445474915487509E+00 -0.683612322233865E+00 -0.578123077347220E+00
-0.677162571325491E-01  0.412884026206561E+00  0.908262786545512E+00  0.801440558159076E+00 -0.440881449954708E+00 -0.404124459570938E+00
 0.216912069404736E-01  0.347632917918562E+00  0.937379776782544E+00  0.123350651800980E+00 -0.980679784459140E+00  0.151828116807951E+00
-0.287086567038741E+00  0.215351465345273E+00  0.933383656059797E+00  0.387668073064848E+00 -0.337569753332391E+00 -0.857764610345575E+00
-0.229067147287484E+00 -0.459629656623901E+00  0.858061082199495E+00  0.795490510456345E+00  0.290759986649350E+00 -0.531651650930920E+00
-0.285727487252175E+00 -0.339267713507590E+00  0.896246183590140E+00  0.506480906552397E+00  0.522221326490437E+00 -0.686120964157510E+00
-0.486021916574162E-01  0.238383835354763E+00  0.969954109227673E+00  0.184724072671914E+00 -0.294238500950438E+00 -0.937710361217119E+00
-0.889303553941426E-01 -0.313311098694352E+00  0.945477417670253E+00 -0.641059763632915E+00 -0.500471449602844E+00  0.581868290580728E+00
-0.122016961844682E+00 -0.452262923306176E+00  0.883498788468182E+00 -0.627052664884906E+00 -0.686991974417218E+00  0.367215172000110E+00
 0.253217950381674E+00 -0.519691543991818E-01  0.966012358407250E+00  0.263236711540480E+00 -0.101115660711054E+00  0.959417561261165E+00
 0.137112711118735E+00 -0.168641265549502E+00  0.976094374537387E+00 -0.352555174838849E+00 -0.772588016236036E+00  0.528027088190383E+00
 0.202121448147053E+00  0.361929300549064E+00  0.910029725669994E+00  0.105150856748528E+00 -0.847500633439370E+00 -0.520274901994048E+00
 0.277030942038259E+00 -0.467944777207897E+00  0.839214836997802E+00  0.510782667933462E+00 -0.839177232145625E+00  0.186768945992591E+00
 0.268367967478080E+00  0.423454935032262E-01  0.962385314316284E+00 -0.537949052877061E+00  0.225550200514004E+00 -0.812242527547509E+00
 0.384943602124773E+00  0.307989199337073E-01  0.922426067343135E+00 -0.998990181592856E+00  0.578340277964667E-02  0.445552391236018E-01
 0.197990123973694E+00  0.994846191996256E-01  0.975142410805513E+00  0.159329240011399E+00  0.926244773022597E-01 -0.982870744035996E+00
-0.595484478989386E-01 -0.606135569908403E+00  0.793129026857952E+00 -0.214439332619001E+00 -0.894785479721630E+00  0.391630843914584E+00
 0.185392864436380E+00  0.220233403924594E-01  0.982417659803626E+00  0.338843623774301E+00 -0.223960311094522E+00  0.913797996103047E+00
 0.161521038326874E+00 -0.648559916847114E-01  0.984735829814474E+00  0.463981664112323E+00 -0.857522890704838E+00  0.222206001909888E+00
 0.777220430762955E-02  0.264454631061563E+00  0.964366808299774E+00  0.527923490691028E-01 -0.127766927265350E+00 -0.990398192737112E+00
-0.241472506175749E+00  0.195459509242274E+00  0.950519126061108E+00 -0.612414752846148E+00  0.672108025172178E+00  0.416195834908937E+00
 0.178984854395803E+00  0.142102922984037E+00  0.973535403144799E+00  0.733836148845052E+00  0.355634604288036E+00  0.578799218106896E+00
-0.326645563103797E+00  0.326496509243687E-01  0.944582805475052E+00 -0.915915186217919E+00  0.309501210540735E+00  0.255555027986566E+00
-0.264046624681419E+00 -0.286393673894454E+00  0.921009252693797E+00 -0.597241715539377E+00  0.194786644530949E+00  0.778049160613875E+00
-0.172655358483959E+00 -0.803510390959431E-01  0.981699464043339E+00  0.366846753561788E+00  0.636495409787391E-01 -0.928101392809198E+00
-0.187577534981858E+00 -0.588150749895924E-01  0.980487356024594E+00 -0.422842626827050E+00 -0.385226004002798E+00  0.820246937682815E+00
 0.195396990663382E-01 -0.126672731189473E+00  0.991752095704061E+00  0.948914950665043E-01 -0.199610481104290E+00  0.975269839581517E+00
 0.489717192136761E-01  0.331862235256235E-01  0.998248689097744E+00  0.722729023099768E-01 -0.186370042687142E+00  0.979817755901824E+00
-0.155590659071783E+00  0.958827831671280E-01  0.983157179041955E+00  0.351681522764169E+00 -0.196972157736340E+00 -0.915162322007941E+00
 0.228842130573724E+00  0.744619924673262E-01  0.970611503616290E+00 -0.983858005668975E+00 -0.150219251235555E+00  0.972501991735550E-01
 0.174820541959611E+00  0.154324239221098E+00  0.972430875331392E+00 -0.150810162913291E+00 -0.569181470557931E+00 -0.808262796580158E+00
 0.165460003696759E+00 -0.116410176637609E-01  0.986147795152644E+00 -0.393260467988768E+00 -0.281111961913130E-01 -0.918997260586749E+00
-0.744720380534696E-01  0.171986379303153E+00  0.982280306675419E+00 -0.621471566659767E-02 -0.353135536770788E+00 -0.935551532508387E+00
 0.361797955284929E-01  0.440357207105007E-01  0.998374617915051E+00 -0.161338220781049E+00 -0.450880658153377E-01 -0.985868675248503E+00
 0.270717145117845E-01 -0.107743010695640E+00  0.993810125687816E+00 -0.106735842072417E+00 -0.304839659237824E+00  0.946403847293987E+00
-0.136922950504446E+00  0.226242921585587E+00  0.964399422468499E+00  0.374475904442983E-03  0.847673329508895E-03 -0.999999570608770E+00
 0.233382107731844E-01 -0.152098016321705E+00  0.988089834655184E+00 -0.725524966646236E+00  0.373088553459450E+00  0.578289247738978E+00
 0.641112564139327E-01  0.387241888092372E+00  0.919746414457638E+00  0.319764733052249E-01  0.517220250079234E+00  0.855254767927625E+00
 0.929241793400870E-01 -0.147257112357586E+00  0.984723534680713E+00 -0.111048074244747E+00 -0.842313262520097E-01  0.990239066531088E+00
-0.143951609191066E+00  0.226067828425776E+00  0.963416457801171E+00 -0.409316965892418E+00  0.622687318741492E-01  0.910264921033108E+00
 0.956332032961637E-02 -0.294656157965030E+00  0.955555488434639E+00  0.376421726718259E-01 -0.477948255793669E+00  0.877581068403560E+00
 0.627326537462963E-01  0.211475320545194E+00  0.975368034617833E+00 -0.852433498396987E+00 -0.392696413043764E+00 -0.345176270901166E+00
 0.513165709186715E-01 -0.254913834938536E+00  0.965601132096518E+00  0.640887051647223E+00 -0.700275119763650E+00  0.314449588441351E+00
-0.257690725476510E-01  0.233487644369773E+00  0.972018248196344E+00 -0.555591822852146E-01 -0.168122893868396E-02 -0.998453980278037E+00
-0.281375917665628E+00 -0.296216644453028E-01  0.959140318177333E+00 -0.995321376281098E+00  0.773424787970646E-01 -0.579094024440424E-01
-0.227193036576737E+00  0.550563977434488E+00  0.803282410415265E+00 -0.134709553601825E+00  0.700805411423383E+00  0.700517745305641E+00
 0.695253734745164E-01  0.289906252909853E-01  0.997158846968960E+00 -0.542599413752583E-01 -0.151460861462095E+00 -0.986972880178130E+00
 0.143702668031956E+00 -0.209852542700276E+00  0.967115015663973E+00 -0.111426902849208E+00 -0.436192028108803E-01 -0.992814892347801E+00
-0.142129445288137E+00  0.380686973287565E-01  0.989115764238837E+00 -0.373551851480464E-01 -0.154582136801534E+00 -0.987273494592267E+00
-0.174062581637548E+00  0.205605332369945E+00  0.963030978200970E+00 -0.785840222281748E-02 -0.122188007169672E+00  0.992475861881995E+00
-0.384910386170485E-01  0.593298209378741E-01  0.997496071317407E+00  0.541785862864622E+00 -0.613938875954127E-01 -0.838271357834657E+00
 0.110315092454477E+00  0.156403375050936E+00  0.981513405231654E+00  0.520604999234733E+00 -0.383277782009787E+00  0.762934188898008E+00
 0.178706447032953E+00  0.206891821450415E+00  0.961904246796836E+00  0.270211514036121E+00  0.350450687669697E+00  0.896755291701222E+00
 0.292313749307448E+00  0.337649575197444E+00  0.894732047226882E+00 -0.433207449739470E+00 -0.803662133225426E+00 -0.407993236598086E+00
-0.876849743203524E-01 -0.312986657782361E-01  0.995656436125906E+00  0.404705706389034E-01  0.734266596914312E+00  0.677653818382245E+00
-0.286080084475008E+00 -0.159946226623047E-01  0.958072208819702E+00 -0.218589284810996E+00  0.390391153199750E+00  0.894322912637928E+00
 0.905089171427120E-01 -0.102268851384195E+00  0.990630717247457E+00  0.157012658751425E-02 -0.390061944564389E-03  0.999998691276233E+00
-0.267319645494194E-01  0.124283142771498E+00  0.991886637925004E+00  0.589504192005790E-01  0.319382575883912E+00  0.945790472725240E+00
-0.189309599602705E+00 -0.507883127977653E+00  0.840366945931299E+00 -0.777398753128214E-01  0.803747360028258E+00 -0.589870064534515E+00
-0.136104984297068E+00  0.402629265855063E+00  0.905187885207545E+00  0.209953636996755E+00 -0.970273520905378E+00 -0.120369285707429E+00
 0.364790832280623E+00  0.174608946776964E+00  0.914570590162099E+00 -0.565039845759876E+00 -0.464661060224757E+00 -0.681777142337919E+00
-0.327061510391546E-03 -0.917775929597353E-01  0.995779476822698E+00  0.408585750541135E-01  0.540525848878152E+00  0.840334685431406E+00
 0.265376164290704E-01 -0.364286157588892E-01  0.998983839142633E+00  0.888158571220459E+00 -0.300089164307191E+00  0.348024202941469E+00
-0.302781121672345E+00  0.757967673419577E-01  0.950041284586804E+00 -0.758673528180837E+00  0.514742321023813E+00  0.399317944230734E+00
 0.115868905837695E+00  0.204720695211800E+00  0.971938184048745E+00 -0.874935854232056E+00 -0.428895962438996E+00 -0.224801032877409E+00
 0.609934571772150E-01  0.428142675190874E-01  0.997219502756728E+00  0.334941507822325E-02 -0.748536899245948E-01 -0.997188902126025E+00
 0.229052502232903E+00  0.962318430147161E-01  0.968645643984856E+00  0.392823612973069E+00  0.208339526883642E+00  0.895703215707460E+00
 0.313194868895224E-01  0.238366177144805E+00  0.970670209357611E+00 -0.507434347626141E-01 -0.261932222614968E+00 -0.963751324037729E+00
 0.193312115741832E+00  0.203875580884692E+00  0.959721404068048E+00 -0.925588955001834E-01  0.105296268859649E+00  0.990124005682128E+00
 0.104400765857740E+00  0.482449857084041E-01  0.993364435362125E+00 -0.493962857854634E+00 -0.194109476885650E+00  0.847538911226654E+00
 0.150222607728321E+00 -0.240876305304777E+00  0.958859621461881E+00 -0.119146069611268E+00  0.334077567466440E+00 -0.934984702020249E+00
 0.492770421033524E+00 -0.158828688943554E+00  0.855541208664384E+00  0.121923112363362E+00 -0.920301788059355E+00  0.371724862722936E+00
-0.402099370424706E-01  0.374089055770401E+00  0.926520663188820E+00 -0.801708457121489E+00 -0.356751091062543E+00 -0.479575029380771E+00
-0.922033473124016E-01 -0.157080459883842E+00  0.983272226734321E+00  0.141469219400752E+00 -0.844557019617172E-01 -0.986333460026727E+00
 0.100719245834317E+00  0.375518944127587E+00  0.921325760043574E+00  0.946933136885860E+00  0.292119424354936E+00  0.134103975265631E+00
 0.136465335566357E+00 -0.133030816815981E+00  0.981672050109422E+00 -0.177590752365052E+00  0.775115222604444E+00 -0.606348015879724E+00
 0.169080244422899E+00  0.230196912649293E-01  0.985333428216033E+00 -0.847847029558299E+00  0.515194489948796E+00  0.125419504047693E+00
 0.370599496855892E+00 -0.300448571999730E+00  0.878855317167441E+00  0.826089711064992E+00 -0.511260004760655E+00  0.237042183597546E+00
 0.484346207334632E+00  0.181773902380261E+00  0.855784435388965E+00 -0.774739137250235E+00 -0.404144717218700E+00 -0.486257459332995E+00
-0.207343962515072E+00 -0.280010923379868E+00  0.937337913453042E+00  0.300882417631214E+00  0.906347279414630E+00  0.296655321641285E+00
-0.749692287332644E-01 -0.171773939476163E+00  0.982279658987184E+00 -0.118626193534205E+00 -0.577322798711843E+00  0.807852840742118E+00
-0.401560894877014E-01 -0.103547797031922E+00  0.993813534928405E+00 -0.764581643799471E+00 -0.621112609347574E+00  0.172145393415990E+00
-0.413550795441677E+00  0.151868370841014E+00  0.897725869922246E+00  0.749816790923306E+00 -0.175019428654511E+00 -0.638077565538019E+00
 0.137902389239079E+00  0.312518333458358E-01  0.989952652380243E+00 -0.211052301734214E+00 -0.298993067354285E+00  0.930623485415432E+00
-0.516570797092016E-01 -0.166250599143724E+00  0.984729548861143E+00 -0.494804819247630E+00  0.408693090833759E+00 -0.766901654942841E+00
 0.113246587903379E+00 -0.176973788092925E+00  0.977678622378685E+00  0.350314293419091E+00 -0.979214292327153E-01  0.931499484446076E+00
-0.115361846674479E+00 -0.261780809827212E+00  0.958207937734844E+00  0.495040145624213E+00  0.805401074058772E+00 -0.325982153077947E+00
 0.121709537161849E+00 -0.381755778596222E+00  0.916214665933831E+00 -0.111562028448969E+00 -0.708857115770336E+00  0.696473619909693E+00
 0.575714759159941E-01 -0.211440319257990E+00  0.975693864156649E+00  0.652464261854589E-01  0.505657236060917E-01  0.996587182069997E+00
-0.664139921202531E-01  0.486619952154194E+00  0.871085646659443E+00  0.475133602916415E+00 -0.781006648395568E+00 -0.405310590216427E+00
-0.180839876349938E+00 -0.620722650144610E-01  0.981551818824515E+00  0.436097877251056E+00  0.178408381395676E+00 -0.882036898834113E+00
 0.127720123078251E+00 -0.158544606328701E+00  0.979056269049411E+00  0.131986059787298E+00 -0.854893291099186E+00  0.501734133635959E+00
-0.306073677326670E+00 -0.211724090024063E+00  0.928165833109155E+00 -0.768469077769305E+00  0.407052913672945E+00  0.493723811439917E+00
 0.423198130108695E-01 -0.389773400942181E+00  0.919937894286724E+00 -0.105481929877233E+00  0.677851849807539E+00 -0.727592215586363E+00
-0.524488861153301E+00  0.165152209663405E+00  0.835246180577564E+00 -0.619666008826909E+00  0.618514390281251E+00  0.483170763312042E+00
-0.374795640196611E+00  0.246117482440194E+00  0.893842498948732E+00  0.779294989839925E+00 -0.594764714115006E+00 -0.197368319783308E+00
-0.129737891778866E+00 -0.228426140717901E+00  0.964878011809524E+00  0.522443102851665E+00 -0.712124925203870E+00  0.468968330685674E+00
 0.142148674951309E-01 -0.104341669114807E+00  0.994439919567005E+00 -0.883004497989046E+00 -0.469354104854332E+00  0.312742505927032E-02
 0.519886997190304E+00  0.159058933243242E+00  0.839295994216564E+00  0.979402754223381E+00 -0.837774226948686E-01  0.183716053915441E+00
 0.143247652852672E+00 -0.235732913422684E+00  0.961202425861199E+00  0.385184689335549E+00  0.819494219672225E+00 -0.424337105407113E+00
 0.867425120960953E-01 -0.279000707944668E+00  0.956365171658626E+00 -0.230042507597506E-01 -0.286595640406732E+00  0.957775413835017E+00
 0.170828193878612E-01  0.207347140671393E-01  0.999639059318070E+00  0.349323531542603E-01  0.428690692672336E-01  0.998469816070204E+00
-0.580813951479169E+00 -0.151071758871943E+00  0.799895291546644E+00 -0.874450774920802E+00 -0.103459461379100E+00  0.473953565332676E+00
 0.342722313103509E+00  0.413633818249810E+00  0.843474054432657E+00 -0.750497897795275E+00 -0.443693699552638E+00 -0.489784448897845E+00
 0.402570892123239E+00  0.180733241398456E+00  0.897369585103433E+00  0.981057203051496E+00 -0.281284202319633E-01  0.191665219369686E+00
 0.219844729607550E+00  0.384740954311174E+00  0.896461205484939E+00  0.603053306390906E+00  0.735923000345818E+00  0.307805209853577E+00
-0.323743052347703E+00  0.424385626268145E-01  0.945192786926965E+00  0.328786633721050E+00  0.101107873948838E+00 -0.938976329473713E+00
-0.254427188963533E+00  0.661201024134971E-01  0.964828968041976E+00  0.658989374310423E+00  0.107602013474658E+00 -0.744415751608036E+00
-0.181759119587753E-01  0.158616456779031E+00  0.987172961472979E+00  0.235214065906213E+00  0.651049767568068E+00  0.721670661278004E+00
 0.348925392537728E+00  0.342663884935265E+00  0.872257148095367E+00  0.690072092042957E+00  0.404051376805871E+00  0.600452323406893E+00
-0.115210164487551E+00  0.239648675111381E+00  0.963999549022774E+00 -0.573565291174106E+00 -0.315936195482785E+00 -0.755782493277150E+00
-0.428130610609947E+00  0.427520726910531E-01  0.902705068413473E+00 -0.419632414777029E+00 -0.301420600924412E+00  0.856185878070157E+00
 0.117847344342446E+00 -0.186312626184754E+00  0.975397154371271E+00 -0.290528184487700E-01 -0.118407041449728E+00  0.992540027543124E+00
 0.258524615831093E+00 -0.207112224135144E+00  0.943540963404971E+00  0.722339745959043E+00 -0.843499732695578E-01  0.686374805348543E+00
-0.546251403079993E-01  0.159606277990746E+00  0.985668265732580E+00 -0.981179460368040E-01 -0.190155922632040E-01  0.994993103451676E+00
-0.230087086727607E+00  0.749742423342241E-02  0.973141161985797E+00 -0.805011558505938E-01  0.163902796905046E+00  0.983186369450585E+00
-0.185030230589157E+00  0.813553845494438E-01  0.979359543361342E+00 -0.950562952011845E+00  0.105940303940510E+00  0.291901912058691E+00
-0.154963724922734E+00 -0.345879019652097E+00  0.925393941909377E+00 -0.345034325409615E+00  0.826684818343971E+00 -0.444458688078800E+00
-0.110963212269779E+00  0.183660851502108E-01  0.993654795408862E+00 -0.433591557295675E+00  0.639858017488521E+00  0.634491984896240E+00
-0.208062797100479E+00 -0.316657804747550E+00  0.925439196897985E+00 -0.271898508458719E+00 -0.527620816884167E+00  0.804790329643944E+00
-0.242312474417902E-01 -0.281827651290008E-01  0.999309050492939E+00 -0.603020871977722E+00 -0.572881934782954E+00  0.555132521798685E+00
-0.474155052360725E+00 -0.234957746368086E+00  0.848511546027765E+00  0.833600231284075E+00  0.404424671928546E+00 -0.376233091498640E+00
-0.595504330249427E-01 -0.149795091032703E-01  0.998112899542715E+00 -0.951778229442123E-02 -0.324619743547105E-03  0.999954652192897E+00
 0.121790966954669E+00  0.159625926277299E+00  0.979635914015182E+00  0.159348652995362E+00 -0.239673963008778E+00 -0.957687004320426E+00
-0.140783688386330E+00  0.878732147780574E-01  0.986132978461277E+00  0.142872259314204E+00  0.209119433399763E+00 -0.967396805914211E+00
-0.400501819852884E+00 -0.178402342407878E+00  0.898760755995671E+00 -0.351734239980670E-01  0.331819625838110E+00  0.942686886592207E+00
 0.149365090680739E+00  0.370692210448659E+00  0.916666435950734E+00  0.234621546793471E-01 -0.535169302581392E+00 -0.844418939195675E+00
 0.130074067365728E+00 -0.441406282563210E-01  0.990521247594454E+00  0.927555018166138E+00  0.305194582817737E+00  0.215633844499240E+00
-0.237836016749017E+00  0.354383494692126E+00  0.904348587562759E+00  0.527719701464230E+00 -0.656540930294252E-01 -0.846877474464274E+00
-0.234524151059431E-01 -0.938513128487055E-01  0.995309959410772E+00  0.626303393045546E-01 -0.120255244499793E+00 -0.990765419647300E+00
 0.141522757649575E+00  0.283183537830757E+00  0.948566493699264E+00  0.292693254890714E+00  0.529700683569881E+00  0.796082812505759E+00
-0.116668701588215E+00  0.512759223334249E+00  0.850568276480717E+00 -0.623593091879575E+00 -0.469852982077677E+00 -0.624795831446390E+00
 0.244193261659303E+00  0.598638951579037E+00  0.762889937417281E+00 -0.679550774781280E+00 -0.518874414268768E+00 -0.518632901686159E+00
-0.991138010586610E-01 -0.584650355746954E-01  0.993357082853368E+00  0.237169512587105E+00  0.470933881998327E+00 -0.849689296793352E+00
-0.176020316082491E+00  0.535916028475314E-01  0.982926644480885E+00  0.142194116128925E+00  0.100149794644544E+00 -0.984759286308573E+00
-0.643378291622975E-01  0.364186707189384E+00  0.929101009602959E+00 -0.134650320910433E+00 -0.306433216260899E-02  0.990888440212678E+00
-0.955298044878740E-01 -0.514364174298173E-01  0.994096751537039E+00  0.798508778190220E+00  0.452861039679541E+00  0.396611409182247E+00
-0.131385120466019E+00  0.122881999097781E+00  0.983685907400255E+00  0.936222290995571E-01 -0.657229123844615E+00 -0.747853432825490E+00
 0.172453037939926E+00 -0.233836140378287E+00  0.956859764625034E+00 -0.143731626656005E+00  0.335523843691490E+00 -0.931002132013298E+00
-0.236745898184727E-01 -0.350658990203774E-01  0.999104547343680E+00 -0.594041608405254E-02 -0.233442295810311E+00 -0.972352511172548E+00
-0.139013604450095E+00  0.158573006973606E+00  0.977512055801432E+00 -0.175743354595451E+00  0.301123312301194E+00 -0.937250779729894E+00
 0.703944201957457E-01  0.271609292136871E+00  0.959829681782249E+00  0.156210639503039E+00  0.195172322413536E+00  0.968248935279434E+00
-0.925704368571451E-01 -0.539019576943896E-01  0.994246092864734E+00  0.200712248209740E+00  0.218181808801710E+00  0.955045177845847E+00
-0.227489259645633E+00  0.160195990778445E+00  0.960513342585304E+00 -0.320819239865174E-02 -0.454816622898508E+00 -0.890579332253298E+00
 0.107265250714507E+00 -0.470029317188399E+00  0.876108787179173E+00 -0.471675276391202E+00  0.880374912088403E+00 -0.496230572074983E-01
 0.123615381856733E+00  0.208138676711105E+00  0.970256424160832E+00  0.281561212309323E+00 -0.959366325864600E+00  0.184265167615216E-01
 0.187221570371231E+00 -0.417288980856067E-01  0.981430987208113E+00  0.905002668872334E+00  0.328957724979849E+00 -0.269735026479757E+00
 0.244026117518305E+00  0.239526214445508E+00  0.939722537008849E+00  0.256010680588470E+00  0.807094239498225E+00  0.532031408841067E+00
 0.678643169976054E-01 -0.128878772855667E+00  0.989335482223126E+00  0.498026089691316E+00 -0.138532313864743E+00  0.856025006645283E+00
-0.110525520062256E+00 -0.182817054018275E+00  0.976914548041459E+00  0.160423906879289E+00 -0.771160629523047E+00  0.616096951441251E+00
-0.183633509920863E-01  0.300564462492188E-01  0.999379506183316E+00 -0.691564575439813E+00  0.545620154089577E+00  0.473325559681724E+00
-0.875798171192035E-01  0.306903826440597E+00  0.947702388384395E+00  0.612888853927027E+00 -0.413272859812563E+00 -0.673478133330520E+00
 0.177467072413418E+00 -0.995235407857548E-01  0.979081458837045E+00  0.137830469313285E+00 -0.597039276535057E-01 -0.988654743958489E+00
 0.276455235150625E+00  0.259268978182870E+00  0.925392943516333E+00  0.535424608267924E+00  0.712503453240011E+00  0.453496767333793E+00
-0.101330931260418E+00  0.120634291208313E+00  0.987511726590912E+00 -0.229132300843325E+00 -0.201748179187954E+00 -0.952258400280401E+00
 0.187037297352521E+00  0.215912098299090E+00  0.958331370250995E+00  0.659653813206754E+00 -0.282734702665287E+00  0.696360491865069E+00
-0.309118922281484E+00 -0.176104210510834E-01  0.950860328838015E+00  0.835079393862436E+00 -0.179076219992108E+00 -0.520167389769567E+00
 0.202590230751856E+00 -0.382396174991780E+00  0.901515592630303E+00 -0.131430391459727E+00  0.550950865682933E+00 -0.824123289201300E+00
-0.307388945897522E+00 -0.946328548632142E-01  0.946866758694405E+00 -0.272978925237061E+00 -0.238576516610072E+00  0.931967677604016E+00
 0.264686762789633E+00  0.485423457095674E-01  0.963111913682391E+00 -0.246420042588587E+00  0.558930407727284E-01 -0.967550066200100E+00
-0.448892872274471E-01  0.833117177957208E-01  0.995511983639644E+00 -0.423430821271183E-01 -0.183862083593334E+00 -0.982039611020194E+00
 0.131926644466980E+00 -0.957618547946791E-01  0.986623042324659E+00 -0.106781464699870E+00  0.716505439528102E+00 -0.689360336778373E+00
 0.259161297267965E+00  0.126744908374359E+00  0.957481670947053E+00  0.779146745639309E-01  0.110826381289764E+00  0.990780912562314E+00
 0.217300470999139E+00  0.457451667487064E-01  0.975032248196277E+00  0.449380537838982E+00  0.235401205447836E+00  0.861767604801464E+00
-0.162024487264356E+00  0.127927932934082E+00  0.978459252857234E+00 -0.466442955596631E+00  0.459019869883903E+00  0.756129438803995E+00
-0.338744308350179E+00 -0.272489361782402E+00  0.900556406493107E+00  0.273886601357971E+00  0.706536781670181E+00 -0.652527321836966E+00
-0.108923713379462E+00  0.365188039462095E+00  0.924539518083170E+00 -0.166234137873493E+00 -0.861670780971072E+00 -0.479468118466868E+00
 0.154400692807446E+00 -0.183782929463012E+00  0.970764781447377E+00 -0.583463691817604E+00  0.794557162704402E+00 -0.168074493977233E+00
 0.698852583215835E-01 -0.567778532539015E+00  0.820209478521900E+00 -0.590510672441161E+00  0.719657970568959E+00 -0.365225342945497E+00
 0.623377521293035E-01  0.227904370897464E+00  0.971685958726016E+00  0.186446487633265E+00  0.122428872018033E+00 -0.974807098120244E+00
-0.272723698939474E+00  0.524293692740414E-01  0.960662763551444E+00 -0.460450099130894E+00  0.750059965206706E+00 -0.474758627941047E+00
 0.147494745328528E+00 -0.123922959035808E+00  0.981268770686341E+00 -0.603215746872445E-01 -0.211193493987181E-01 -0.997955550467167E+00
-0.351113220349979E+00  0.423199792034587E-01  0.935376141376124E+00 -0.525282451969423E+00  0.143251346326607E+00  0.838783283946816E+00
 0.271525004778502E+00  0.255641763280035E+00  0.927858534824738E+00 -0.477852475288966E+00 -0.648405299190482E+00 -0.592644564508871E+00
-0.158737330881792E+00 -0.388939479595342E+00  0.907484733203060E+00  0.127682283546090E-02  0.127272951220253E+00 -0.991866909222772E+00
 0.328428336967958E+00  0.215640073286911E-01  0.944282701877139E+00 -0.698266103917722E+00 -0.579368682311231E+00 -0.420424045549863E+00
 0.278234968028636E+00  0.460545847911690E+00  0.842901432278654E+00 -0.442022304850214E+00 -0.871508090900351E+00 -0.212343894449850E+00
 0.357072764275235E+00  0.608805528206571E-01  0.932090445880170E+00 -0.824788745837345E+00 -0.146591852498435E+00 -0.546108371590417E+00
 0.358353592804853E+00  0.114549335118436E+00  0.926531787014227E+00 -0.679158852089567E+00  0.721963442131409E+00 -0.132333071656897E+00
 0.124132812996763E+00 -0.153876512283679E-02  0.992264418861932E+00 -0.793503561709660E-01 -0.260066830396117E+00 -0.962324666993036E+00
-0.197434243333369E+00 -0.297608329811604E+00  0.934049785389477E+00 -0.874656649551997E+00  0.483686087869252E+00  0.319924021638515E-01
 0.229384344827716E+00 -0.265004140721796E+00  0.936565869412431E+00  0.833676549466815E+00 -0.380990642697939E+00  0.399786869526396E+00
-0.414591803301534E-01 -0.225260903732745E+00  0.973415975632134E+00  0.548275206279258E+00  0.330081166012562E+00 -0.768401406833189E+00
 0.274239911831105E-01 -0.465308929060868E+00  0.884723417370546E+00  0.414964985609258E-01  0.773837878444073E+00 -0.632022925606626E+00
-0.413077476242517E+00  0.174720387582626E+00  0.893778375652538E+00 -0.234237916240423E+00  0.125607793442299E+00  0.964030746823929E+00
-0.933850688982984E-01  0.261807583696829E-01  0.995285786494537E+00 -0.543541829037010E+00  0.774357462271243E+00 -0.323933327572114E+00
 0.151638222762955E+00  0.463552859525509E+00  0.872997477558221E+00  0.284078075603737E+00  0.887698458963176E+00  0.362341127828018E+00
 0.111536909472351E+00  0.302088432341937E+00  0.946732325882320E+00 -0.188662350489172E+00  0.884725020660226E+00  0.426225474749767E+00
 0.209500937805899E+00  0.160519483070630E-02  0.977807128429735E+00 -0.419675288008023E+00  0.171199980431995E+00 -0.891382756920655E+00
 0.691323426116626E-01 -0.444812549796730E+00  0.892951574693923E+00 -0.576998229334500E-01  0.857958050448193E+00 -0.510469111802648E+00
 0.493336672727358E-01  0.490436883841422E-01  0.997577518743833E+00 -0.414079031310669E+00 -0.881188937243492E+00  0.228132883882404E+00
-0.266839146377336E+00  0.157478923230502E+00  0.950787704326669E+00 -0.376400780598372E+00  0.173692249617976E+00  0.910029370288445E+00
 0.617473633578208E+00 -0.463099017776158E-03  0.786591442475078E+00 -0.967769921590654E+00  0.142403523988770E+00 -0.207708004708529E+00
 0.598812599289061E-01  0.290971409682507E+00  0.954855943824356E+00 -0.546075903333652E+00 -0.364743440088324E+00 -0.754163994573376E+00
 0.133872809680840E+00  0.344816778419885E-02  0.990992523164070E+00 -0.304298144310577E+00  0.464481505077726E+00  0.831660730592632E+00
-0.124628537591198E+00  0.728906434091779E-01  0.989522451347758E+00 -0.338064227578818E-01 -0.487834520937167E-01 -0.998237096376475E+00
-0.702810230768387E-01  0.200100308041000E+00  0.977251474553592E+00 -0.164074705990379E+00 -0.530509090684786E+00 -0.831648721248925E+00
-0.239072808400324E+00 -0.221094289716288E+00  0.945495376688026E+00  0.805328457511495E+00 -0.202457793712532E+00 -0.557186609034361E+00
 0.436764076829795E-01  0.123185482631271E+00  0.991422063644345E+00  0.511352785835108E-01 -0.716495649881474E-01 -0.996118227481656E+00
 0.641265114796899E-01 -0.101576198596617E+00  0.992758815827946E+00  0.903150441013015E+00  0.317717473203531E+00  0.288747100624680E+00
-0.714438512216663E-01  0.505553060363076E-01  0.996162605779896E+00 -0.600969342502745E-01  0.941956873136852E-01  0.993738160173605E+00
-0.185123198464050E+00 -0.441402880773068E+00  0.878005067317767E+00 -0.603737727405765E-01 -0.694464261493833E+00  0.716989816575448E+00
 0.217761419637884E+00  0.157288412198828E+00  0.963244683092134E+00  0.209617437408516E+00  0.410574608590531E+00  0.887405781317104E+00
-0.195816768464362E+00  0.344450947331187E+00  0.918155399739512E+00  0.128314099771292E+00 -0.863041361012302E+00 -0.488564326350090E+00
-0.182734041483874E+00 -0.514089896873837E-01  0.981817389264568E+00  0.847333674049574E-01 -0.228468976287036E+00 -0.969856784954650E+00
 0.134763983034641E+00 -0.178069734883907E+00  0.974746037896546E+00 -0.201493411208292E+00  0.680124013799938E+00 -0.704862916525127E+00
 0.150553623119191E+00 -0.886635012245057E-02  0.988562084242154E+00  0.280419446367112E+00  0.834027339580555E-01  0.956247310096862E+00
 0.128625780059464E+00  0.985056766723921E-01  0.986788751642117E+00  0.477051154564833E+00  0.750290443781662E+00  0.457696893039789E+00
 0.192954038738299E+00  0.398092980926035E-01  0.980399897347992E+00  0.336841869383858E+00  0.463842953362802E+00  0.819382248798240E+00
-0.280435744150265E+00 -0.226988818175532E+00  0.932647773720692E+00 -0.540345878213654E+00 -0.177277319944215E+00  0.822556431943068E+00
 0.285999631747520E+00  0.433352015751343E+00  0.854640416247986E+00  0.557440213268649E+00  0.809317657772174E+00  0.185108988029122E+00
 0.138270806532298E+00 -0.426784096565607E-02  0.990385263215482E+00 -0.162141826985497E+00 -0.417276994682371E+00  0.894197929795554E+00
 0.604059146156505E-01  0.948055578729379E-01  0.993661427084622E+00 -0.151308390034667E+00  0.960400382861260E+00  0.233959132553236E+00
-0.488076745178251E-02  0.734671751245199E-02  0.999961101168877E+00  0.562349959922432E+00 -0.449033514224429E+00  0.694356843185476E+00
-0.242121907292117E+00  0.288006995276490E+00  0.926514410401174E+00 -0.634069304412308E+00  0.766038061153198E+00  0.105554753880350E+00
-0.270995270866523E+00 -0.381213470641879E+00  0.883876605058168E+00 -0.419369943265675E+00 -0.527406410032909E+00  0.738898727392018E+00
 0.244899450350241E+00  0.604428726391128E+00  0.758083223618191E+00 -0.454631108351587E+00 -0.698819324667172E+00 -0.552233742894008E+00
 0.310957000712430E+00  0.184399665964457E+00  0.932363934791627E+00  0.280418765881990E+00  0.241349141899959E+00  0.929040315296045E+00
-0.233020772585289E+00  0.198336971390572E+00  0.952031388833042E+00  0.268687755934160E+00 -0.803362614514937E+00 -0.531427699137700E+00
 0.138272590459014E-01  0.105375655059592E+00  0.994336350652051E+00  0.323917618833432E+00 -0.183202458651957E+00 -0.928177911476651E+00
-0.246244025458943E+00 -0.270772740176316E+00  0.930615926740556E+00  0.355502752699948E+00  0.311376103339852E+00 -0.881284695822893E+00
-0.421657721223203E+00 -0.174385023178173E+00  0.889828427183580E+00  0.819551100160673E+00  0.179146307282051E+00 -0.544281723754009E+00
 0.685554319168464E-01 -0.437617177035516E+00  0.896544120006462E+00  0.217750085050171E+00  0.963985312515340E+00 -0.152699763311359E+00
 0.130230907770563E-01 -0.191914439072968E+00  0.981325250455689E+00  0.163930774787367E+00 -0.834568312091886E+00  0.525949078837213E+00
-0.219006208570847E+00 -0.169390768307046E-01  0.975576418474507E+00  0.807108830049081E-01  0.100137339772298E+00  0.991694643803170E+00
 0.535765835688884E-01  0.111724002895794E+00  0.992293956884766E+00  0.316523197959034E+00  0.238510867075810E+00  0.918109814477839E+00
-0.103572864710057E+00 -0.258342564866654E+00  0.960485179934532E+00 -0.231128593804921E+00 -0.726988872133147E-01  0.970203300820867E+00
-0.130916552200058E+00 -0.314828001053716E+00  0.940076691612217E+00 -0.819318930565178E+00 -0.419208733965085E+00  0.391127252163441E+00
 0.733002571588962E-01 -0.112043143326759E-02  0.997309288502741E+00  0.174065765929730E+00 -0.129162177257672E+00  0.976226531649982E+00
 0.775449314652964E-01 -0.322791031131516E+00  0.943288255956309E+00 -0.401068285504028E+00  0.443508644142479E+00 -0.801526239703828E+00
-0.546335401592973E+00  0.908598661728640E-01  0.832623632672827E+00  0.749819155751828E+00 -0.270513151070452E+00 -0.603816088528246E+00
 0.228674546655684E-01 -0.216572006383461E-01  0.999503899530977E+00  0.267660533348115E+00  0.223953239271098E+00  0.937124743834984E+00
-0.495036165793326E-01 -0.393695449995892E+00  0.917907013045493E+00 -0.490925507646854E+00 -0.658673639554639E+00  0.570211524346469E+00
-0.682972050758479E+00 -0.234996299915409E+00  0.691611102360875E+00  0.750165917904775E+00  0.657952543899404E+00  0.659510848310208E-01
