#          Em_x [n.u.]            Em_y [n.u.]            Em_z [n.u.]            En_x [n.u.]            En_y [n.u.]            En_z [n.u.]
-0.128513845153983E+00 -0.348471151212701E+00  0.928467580681325E+00 -0.467236318860610E+00 -0.870027958730113E+00  0.157294543343052E+00
 0.176382208945818E+00 -0.284611587590224E-01  0.983910198549384E+00  0.135296686604784E+00  0.532928342996709E+00  0.835273720300447E+00
-0.678886099971925E-02  0.218529065250039E-01  0.999738146637776E+00 -0.571407039173738E+00 -0.360815041521038E+00 -0.737093278625489E+00
-0.543307504408114E+00 -0.142217537015474E+00  0.827400222274009E+00  0.917166645612348E+00  0.392326346432593E+00 -0.698955082322670E-01
 0.117022108471856E+00  0.118236548055738E+00  0.986065892743819E+00 -0.864776327114481E-01 -0.250143572715787E-02 -0.996250652125220E+00
 0.104499880027405E+00  0.425226025531716E-01  0.993615420243850E+00 -0.109630500770850E+00  0.509271205029750E+00 -0.853594747540236E+00
 0.141986602307611E-01  0.199807388771174E-03  0.999899173979386E+00 -0.144394754065460E+00 -0.122086650938837E+00  0.981959777516836E+00
 0.805622885008919E-01  0.159509173747365E+00  0.983903725555469E+00 -0.947645285241336E-01 -0.259776561748941E-01 -0.995160713409275E+00
 0.213620185785570E+00 -0.351114950026056E+00  0.911638474447595E+00  0.580360674609914E+00 -0.377910510099425E+00  0.721363385349379E+00
 0.102467071357472E+00 -0.219928249405243E+00  0.970119613450304E+00 -0.128381039548684E-01  0.891204669886734E-02  0.999877871797592E+00
-0.983809052995469E-01  0.106981574476260E+00  0.989381695906601E+00  0.620841130356236E+00 -0.775913174478159E+00  0.111870624067343E+00
-0.308137326660424E+00  0.173469684065744E+00  0.935392782005879E+00  0.485571191425060E+00 -0.158929362801009E+00 -0.859629033768470E+00
 0.268042170861018E+00  0.192512262344062E+00  0.943976918937790E+00 -0.282295034663046E-01  0.817076765876793E+00  0.575837350124465E+00
-0.670212312351185E-01 -0.322425334335041E+00  0.944219285093598E+00 -0.232550716002453E+00 -0.653472758035927E+00  0.720342639992709E+00
 0.114130280320591E+00 -0.649355313283333E-01  0.991341341761278E+00 -0.878642142652306E+00 -0.250931886399385E+00 -0.406227982226005E+00
 0.220903903138985E+00  0.286236021081988E-02  0.975291378241388E+00 -0.561786401914379E+00 -0.628412080909214E+00 -0.538046740712595E+00
 0.139589280744676E-01  0.123853924357221E+00  0.992202274613563E+00 -0.832979412072580E-01 -0.109092852932812E+00 -0.990535311046311E+00
 0.723814856207589E-01  0.234223909705921E+00  0.969484440649464E+00 -0.281863428844480E+00 -0.523259032358800E+00 -0.804209545165292E+00
-0.138768378574877E-01  0.109577897320380E+00  0.993881339894216E+00  0.854069549890942E+00  0.516060518275770E+00 -0.651670578285343E-01
-0.126923724042547E+00  0.438538767605594E+00  0.889704511386864E+00  0.631799684482645E+00 -0.307800742612407E+00 -0.711398525114356E+00
-0.546153224430717E+00  0.619009224730581E-01  0.835395074944134E+00 -0.759772073198047E+00  0.210741179026205E+00  0.615089060422137E+00
 0.971221933812532E-01  0.114652697724760E+00  0.988646569031243E+00 -0.117302749223837E+00  0.710791469492737E-01  0.990549251624316E+00
-0.151181676422976E+00  0.915889395953196E-01  0.984253812213975E+00  0.852945342256980E+00  0.153659347280321E+00 -0.498871775224365E+00
 0.269405300482324E+00  0.155325772473087E+00  0.950418165060868E+00  0.482438636359682E-01  0.114882989346668E+00  0.992206847577786E+00
 0.157264581520607E+00  0.135385604308675E-03  0.987556496140796E+00  0.580814724774639E-01 -0.671485882906576E-02  0.998289263302854E+00
-0.329000436254097E+00  0.340016784802460E+00  0.880992224141173E+00 -0.799778188484802E+00  0.319764741379721E+00  0.508040706434364E+00
 0.145351664050751E+00  0.390679684880295E+00  0.908978700289237E+00  0.313928965362321E-01  0.850025730383651E+00  0.525804853280003E+00
 0.409490306352816E+00 -0.341756205284390E+00  0.845884380487482E+00 -0.749482572192614E+00  0.120200676642372E+00 -0.651020484558096E+00
 0.184924728700567E+00  0.861055402168068E-01  0.978973278827872E+00  0.632878960948628E+00  0.704565252557624E+00  0.321017173492319E+00
 0.156591624861892E+00  0.101840351972960E+00  0.982398903568778E+00  0.269388232506081E-01  0.331541868044369E-01 -0.999087133186695E+00
 0.264466238160992E+00 -0.422592053095800E+00  0.866875749766511E+00 -0.279368494209672E+00  0.893948703869932E+00 -0.350441092471030E+00
-0.904051936553757E-01 -0.632312121734830E+00  0.769420744240322E+00 -0.817984716727734E-01 -0.826574763996875E+00  0.556851119739836E+00
 0.848482382991460E-01 -0.100470616764359E+00  0.991315505590688E+00 -0.271652427568875E+00  0.322789785824279E-01 -0.961853952602791E+00
 0.412401595284516E+00 -0.853288341761057E-01  0.906997196393094E+00 -0.811759604069714E+00 -0.186141435735938E+00 -0.553532032589574E+00
-0.933507010627281E-01  0.224939934380987E+00  0.969890546676157E+00  0.447714068210448E+00 -0.323275221542419E+00 -0.833693735290814E+00
-0.330266346988412E+00 -0.151146089350809E+00  0.931707571999330E+00 -0.571226183323405E+00  0.778079565341124E-01  0.817096426002318E+00
 0.351217767449690E+00 -0.115721900350634E+00  0.929114913025775E+00  0.614462837391187E+00 -0.304954285745570E+00  0.727625113001593E+00
-0.294030837565098E+00  0.533480148601837E+00  0.793060399722826E+00 -0.562524792790889E+00  0.794884625193554E+00  0.227429747672705E+00
-0.218719753789763E+00  0.395154627883384E+00  0.892196441017610E+00  0.944275168692756E+00  0.434770893050533E-01 -0.326273119480945E+00
-0.155157537920815E-01  0.339126202798271E-01  0.999304355824600E+00  0.848228333485565E-01 -0.114821318055519E-01 -0.996329888938359E+00
-0.580878140703382E-02 -0.187782426428523E+00  0.982193472989503E+00 -0.258501661798127E+00  0.630828256462977E-01 -0.963948882439357E+00
 0.156359695621423E+00 -0.231619502375301E+00  0.960158347203519E+00  0.870648414932692E-01  0.985106590671401E+00 -0.148272446501434E+00
-0.507390075685934E-01 -0.234975077792928E+00  0.970676190048546E+00  0.781549309663148E+00 -0.353010827080699E+00  0.514357883704388E+00
 0.804185333739248E-01 -0.518416739119589E-01  0.995412125873496E+00  0.193322965473196E+00  0.429133912559159E+00 -0.882309648656478E+00
-0.252738575585834E-01 -0.477076474443419E+00  0.878498303730147E+00 -0.257963794239902E+00  0.963552243398150E+00  0.708643429641810E-01
 0.144768237115799E+00 -0.858219178240665E-01  0.985736656487615E+00 -0.194665384527669E+00  0.482074846431218E+00 -0.854230197607772E+00
 0.185782775357770E+00  0.285439222505830E+00  0.940217640036407E+00 -0.841108857617594E+00  0.305939541551679E+00 -0.446023414802827E+00
 0.334540120729729E+00 -0.106253445080189E+00  0.936372315391015E+00 -0.833595550102000E+00 -0.530141227212811E+00  0.155141026358080E+00
 0.404822687749392E-01 -0.365458469755217E+00  0.929946930098169E+00 -0.278790528576094E+00  0.614135651588960E+00 -0.738317846610568E+00
 0.274479501007743E-01 -0.828123435741321E-02  0.999588931107574E+00 -0.120721784983067E-01  0.383749837655351E-01  0.999190483905496E+00
 0.217711243194318E+00  0.739421821634375E-01  0.973208286177062E+00 -0.106379668068678E+00 -0.298211885780680E-01 -0.993878293823439E+00
 0.152369468513032E+00  0.267773877596192E+00  0.951357291211959E+00  0.535015573716451E+00  0.607516297978001E+00  0.587096485743154E+00
-0.170223182522423E+00  0.960426310878458E-01  0.980713964999817E+00 -0.320800104320945E+00 -0.933174593754320E+00  0.162087848523972E+00
 0.147622372365366E+00  0.215932296169961E+00  0.965184375468226E+00  0.635882945752655E+00 -0.736710718872635E+00  0.230022164147482E+00
-0.462862353264867E+00  0.228276935203164E+00  0.856532592949247E+00  0.697090098196111E+00 -0.634117274252565E+00 -0.334605256222065E+00
 0.225532736339371E+00  0.700603575488573E-02  0.974210398375154E+00  0.968171060255001E+00 -0.625027828100725E-01  0.242359650572663E+00
 0.259915801549748E-01 -0.141246289646776E-01  0.999562370549061E+00 -0.106254445761569E+00 -0.101584640483863E+00 -0.989136266433329E+00
-0.300106922443647E+00 -0.115383630105751E+00  0.946901501215951E+00  0.553601360782107E+00  0.358419365034031E+00 -0.751705455686468E+00
 0.563257232096124E-01  0.645537974342851E-01  0.996323351197656E+00  0.315558517100439E-01  0.207447554426999E-01 -0.999286687264709E+00
-0.380353385290809E+00  0.276965687816518E+00  0.882395211948787E+00  0.531031126992630E+00 -0.777487941184295E+00 -0.336924981973648E+00
 0.100613640669157E+00  0.507938673980341E-01  0.993628138865868E+00 -0.991150891947731E-01 -0.119379893188896E+00 -0.987888981716124E+00
 0.240647651714885E+00 -0.897563539432875E-01  0.966453570871834E+00  0.818753530915000E+00  0.548303497070288E+00  0.170311275947051E+00
 0.145729225751424E+00  0.723368579577242E-01  0.986676427073585E+00 -0.747256716932269E+00  0.232424394819721E-01 -0.664128894121114E+00
-0.316224421807351E+00  0.121138909725933E+00  0.940918423458176E+00 -0.674422736416312E-01  0.255048712435708E+00  0.964573322257533E+00
-0.973890847560489E-01 -0.367482515494535E+00  0.924917275747506E+00 -0.240569654825950E+00 -0.953418178781419E+00  0.181989058863563E+00
-0.437139804382355E+00  0.269157704578343E+00  0.858174178993212E+00  0.915151487370168E+00 -0.212648948295733E+00 -0.342459019377337E+00
-0.197593095473194E+00  0.165953263672555E+00  0.966134816108885E+00 -0.892929631152587E+00  0.326430450399147E+00  0.310031990062178E+00
 0.187200536445047E-01 -0.153445745244826E+00  0.987979738080598E+00  0.476085478587252E-02  0.564664878893991E-02  0.999972724437603E+00
 0.178172184824998E-01  0.902918396799022E-01  0.995755959265505E+00  0.129245557142006E-01 -0.146030616698315E+00 -0.989195640329202E+00
-0.169339874019731E+00  0.280447319660699E+00  0.944813901232466E+00  0.199534290418197E-01  0.588980092361596E+00  0.807901176797756E+00
 0.165074413343115E+00  0.278550783009259E+00  0.946128902076432E+00  0.870160811114977E+00 -0.273636265985224E+00  0.409808927107974E+00
-0.116404445581870E+00  0.447968855270435E-01  0.992191132844803E+00 -0.325136465606920E+00 -0.448336206850463E+00  0.832634928620929E+00
 0.187447905255397E+00 -0.155982510874800E+00  0.969810671789374E+00  0.973191376246909E+00 -0.205374067959380E+00  0.103537613496081E+00
-0.196946186217169E+00 -0.138343679950688E+00  0.970604567242610E+00  0.302384384273342E+00 -0.217070507632160E+00 -0.928140118120076E+00
-0.104757789588930E+00  0.224365192019618E+00  0.968858124871976E+00 -0.399524383454410E+00  0.688240665033215E+00  0.605561767303725E+00
-0.481672759495208E+00  0.107486553410669E+00  0.869734438547863E+00  0.533943611595242E+00 -0.573381998408914E+00 -0.621399471787054E+00
-0.197279946673690E+00 -0.762288603790022E-02  0.980317557860145E+00  0.839632614357010E+00  0.126901806401065E+00 -0.528122149166421E+00
 0.178102815836317E-01  0.204037671597197E+00  0.978801012688026E+00 -0.906066100559940E-01  0.743665998456131E+00  0.662383065117464E+00
 0.521442383835090E+00 -0.542937906530013E-02  0.853269220224979E+00  0.934773124853382E+00  0.896206040121903E-01  0.343754785258815E+00
 0.830489298805599E-01 -0.941283400231414E-01  0.992090082023897E+00 -0.759706219397156E-02  0.676517104889014E-01 -0.997680074329415E+00
 0.127655018718918E+00  0.460997528430250E+00  0.878171666006752E+00  0.202677815664932E+00  0.962037156079274E+00  0.182773667031645E+00
 0.391998429458993E-01  0.289561566485178E+00  0.956356351747436E+00 -0.674081052759968E-01  0.861141407719763E-01  0.994002264636356E+00
 0.111587061877554E+00 -0.320609504485395E-01  0.993237344786165E+00  0.301094536727833E+00  0.101242685000512E+00  0.948204618574777E+00
-0.565826553576719E+00  0.776968306888102E-01  0.820855354961157E+00  0.892540285780238E+00 -0.422487135869886E+00 -0.157722725958538E+00
 0.760110927010944E-02  0.322514637373987E+00  0.946533957033444E+00  0.440802286599812E+00  0.192394689284947E-01  0.897398009226523E+00
 0.728379734177311E-01  0.242343181099307E+00  0.967452537442053E+00 -0.522377706842492E-02 -0.341389713192264E-01  0.999403443455347E+00
-0.957265177356263E-01 -0.101817344658666E+00  0.990186680444081E+00 -0.316451630763623E-01  0.763768587957510E-01 -0.996576720124630E+00
-0.102375796532102E-01  0.188406810468993E+00  0.982037710951950E+00  0.703460428552555E+00  0.709241584443215E+00 -0.460412896988539E-01
-0.159516336855193E+00  0.412631979832930E+00  0.896821825947304E+00  0.627157352017692E+00 -0.534482169820124E+00 -0.566570795183205E+00
-0.371741256138176E-01 -0.256029755276832E+00  0.965953854383186E+00 -0.288345648779100E+00 -0.502086487296777E+00  0.815331801234407E+00
 0.451472160690195E+00  0.150447105036791E+00  0.879510407390257E+00 -0.529497137466825E-01  0.394378622674384E+00  0.917421293513291E+00
 0.582061129128966E-01  0.153471368998391E+00  0.986437320521345E+00  0.177221992774086E-01  0.176389592020979E-02 -0.999841393583980E+00
 0.240250475948889E+00  0.938490039865162E-01  0.966163585143360E+00 -0.263209398889195E+00 -0.905664769886618E+00 -0.332403575375790E+00
-0.155347731561515E+00 -0.821930095632407E-01  0.984434554187138E+00 -0.370673414002551E-01 -0.755738666139793E-01  0.996451003756095E+00
 0.191795164544342E-01 -0.695388828446052E-01  0.997394851561456E+00 -0.910662318321735E-01  0.371184715073589E+00  0.924082706642445E+00
 0.126477896229614E+00 -0.161186818095366E+00  0.978786060095679E+00  0.173808780476174E+00  0.260826672211943E+00  0.949610422695659E+00
 0.521238164443399E+00  0.376875896200925E+00  0.765686185581552E+00  0.525731908520323E+00  0.811387139650234E+00  0.255454242426682E+00
 0.262717982622385E+00  0.321168964794244E-01  0.964337993945771E+00  0.560114269526965E+00  0.402006361630754E+00  0.724336172147075E+00
 0.266456879635944E+00  0.325478959373524E+00  0.907228845606115E+00  0.811795877484431E+00  0.334496713190683E+00  0.478643293240293E+00
-0.500806901666628E-01 -0.234187047907792E-01  0.998470574798453E+00  0.356479220188448E+00  0.373373333474750E+00 -0.856454855449947E+00
 0.167283146724493E-01 -0.181741405426044E+00  0.983204060733064E+00 -0.120576672398327E+00  0.972589849503017E+00 -0.198822158516209E+00
-0.101812257938119E+00  0.111702783633555E+00  0.988512393580403E+00  0.601773095448498E-01 -0.943907271555887E-01  0.993714789083358E+00
-0.716569229129970E-02 -0.558848137489305E-01  0.998411508570606E+00  0.291058662198237E+00 -0.955969740495435E+00  0.375061383837744E-01
 0.122714808867750E+00 -0.209344011570130E+00  0.970111416541562E+00 -0.891835111899467E+00  0.141419882973724E+00 -0.429686571680991E+00
 0.121859160478302E+00 -0.225588873942895E+00  0.966571262225761E+00  0.574121554568350E+00 -0.782553560542198E+00  0.240820193220481E+00
-0.110719445036015E+00 -0.189310268926875E+00  0.975655075613176E+00 -0.224004988158813E+00  0.171485260863879E+00 -0.959382390179441E+00
 0.259612112392542E+00  0.356166338518593E+00  0.897634162900088E+00  0.661823887014090E-01  0.882977781857418E+00  0.464725863463536E+00
 0.185520495915068E-01  0.334929297246322E-01  0.999266753732163E+00  0.286081021261670E-01  0.505502360372028E+00  0.862350821969253E+00
-0.127129625878088E+00  0.220227554249949E+00  0.967128679428535E+00 -0.178744261421353E+00 -0.907727950646086E+00 -0.379579315327893E+00
 0.202641089767196E+00  0.345739599192070E-01  0.978642544565414E+00  0.980313068862095E-01  0.129822728579022E+00 -0.986679239679481E+00
 0.301889083221488E+00 -0.406570707832591E+00  0.862301131255315E+00  0.262542928005045E+00 -0.216637200902463E+00  0.940286942448784E+00
-0.821836544573262E-01  0.250313521748529E+00  0.964670403697495E+00 -0.829542872290370E-01  0.984711857436237E+00  0.153170310617946E+00
-0.343817808640556E+00 -0.379786825270318E+00  0.858808058772563E+00  0.801934104151611E+00  0.590552739755238E+00 -0.902726656642780E-01
-0.177214987908054E+00 -0.261605222437073E+00  0.948766333537609E+00 -0.124452955285446E-01 -0.485114174527762E+00  0.874362254612729E+00
-0.172558791585385E+00  0.239766072952822E+00  0.955372018486712E+00 -0.827898260718581E+00 -0.543138404988625E+00 -0.139946928960808E+00
 0.136529521990948E+00  0.171035368227246E+00  0.975759495183262E+00  0.190777236941734E+00  0.637093289154142E+00  0.746803981496908E+00
-0.159924522544885E+00  0.880480820302781E-01  0.983194630955428E+00  0.284690475656473E+00 -0.241839164894635E-01  0.958314390611829E+00
-0.103545050528587E-01  0.450507441767921E+00  0.892712624049214E+00 -0.443009124881458E+00 -0.776496790910353E+00 -0.448102275131122E+00
 0.752843362957853E-01  0.259686741864274E+00  0.962753896283168E+00  0.847449766258627E+00  0.335129513843020E+00  0.411724547020869E+00
-0.994002868176491E-01 -0.205420757922756E+00  0.973612805582902E+00 -0.314344378221933E+00 -0.523911342951314E-01  0.947862216214749E+00
-0.397597437272616E+00 -0.117182813741871E+00  0.910046408727481E+00  0.877445866205839E+00  0.205339375839243E+00 -0.433502586622313E+00
 0.409345158848085E-01  0.297086640757000E+00  0.953972690014236E+00 -0.461530403107675E+00  0.317101069339213E+00 -0.828514694396663E+00
-0.422113190293235E+00 -0.846538389601291E-02  0.906503608297265E+00 -0.517976188991959E+00 -0.449491763201572E+00  0.727775942479077E+00
 0.694304816122692E-01 -0.258422704956139E-01  0.997252016933894E+00  0.211560835293358E+00 -0.294023638822263E+00  0.932090184898270E+00
-0.439760382605330E+00 -0.309018495268283E+00  0.843278349937279E+00 -0.554354897792391E+00 -0.792603603752524E+00  0.253909776519336E+00
-0.217866591378023E+00  0.277482828287814E+00  0.935701570142274E+00  0.250951521450896E+00 -0.330578375403727E+00 -0.909802875131153E+00
-0.190304477743770E+00 -0.170337790524053E+00  0.966834651256385E+00 -0.568949259316552E+00 -0.689120747466503E+00  0.448786514652964E+00
-0.394655103746210E-01 -0.113114816027272E+00  0.992797820246392E+00 -0.928570043350758E+00 -0.348343796184298E+00  0.128118204215810E+00
-0.351645941638623E+00 -0.476055652055986E-01  0.934921837316116E+00 -0.857605261150315E+00  0.341615137616796E+00  0.384463670323163E+00
 0.685654586371850E-01  0.530986591537353E-01  0.996232558330608E+00 -0.331106030160737E-01  0.310244386578154E-01  0.998970055694303E+00
 0.229471585291644E+00  0.891935063994696E-01  0.969219949216847E+00  0.864565424232467E+00 -0.468036916636223E+00  0.182942810428267E+00
 0.314958016812925E+00  0.165274375410234E+00  0.934604637522213E+00  0.657825466132352E+00  0.335317344285857E+00  0.674409322836536E+00
-0.611912493812860E+00 -0.453806172515011E-01  0.789622504424487E+00 -0.765801845043755E+00 -0.186687051040808E+00  0.615382384458043E+00
-0.482745160592180E-01  0.186667645710557E+00  0.981236343163117E+00 -0.915700176337102E+00  0.352494724366696E+00  0.192978383115434E+00
-0.149248159425045E+00  0.152372613533823E+00  0.976989034510167E+00  0.776486906162973E+00  0.572167440252651E+00 -0.263993380356748E+00
-0.182319751099097E+00  0.176840343269005E+00  0.967205769912310E+00  0.842390087218150E+00 -0.538074678184901E+00 -0.292332285731978E-01
 0.554391256132546E-01  0.120659086687654E-01  0.998389161198796E+00  0.108212409985733E+00  0.250314640003604E-02  0.994124644389817E+00
 0.117429494006060E+00 -0.181265187719205E-01  0.992915778530431E+00  0.334579785647065E+00 -0.104892300470834E+00 -0.936511597546074E+00
-0.117311059166421E+00 -0.201301188287880E+00  0.972479278437921E+00  0.239715850716636E+00  0.122097489237245E+00 -0.963134733065504E+00
-0.194370551079096E+00 -0.200912816676233E+00  0.960132349714575E+00  0.188003737302928E+00 -0.451585646747755E+00  0.872195504695790E+00
-0.292282281678651E-01  0.165045861026734E+00  0.985852714372746E+00 -0.213376268393290E+00  0.974632884633471E+00  0.675374583293845E-01
 0.724072824826162E+00 -0.144466597346317E+00  0.674424159264360E+00 -0.907420422253439E+00  0.152835758394513E+00 -0.391445281276151E+00
 0.348584176767889E+00  0.664985219635075E-01  0.934915513981730E+00 -0.657928758671318E+00 -0.136026868809988E+00 -0.740693215491386E+00
-0.381499279227272E+00 -0.109431928068419E+00  0.917868701431910E+00  0.903104800093761E+00  0.232310457325991E-01 -0.428791369504772E+00
-0.134928045657334E+00  0.297133397861633E-01  0.990409783843962E+00 -0.139644527691985E+00 -0.138954431072438E+00  0.980403525070681E+00
 0.542559232857381E-01 -0.286465004558849E+00  0.956553237384888E+00  0.323980062971759E-03 -0.428203720142748E-01  0.999082734700924E+00
 0.305370418166385E-01  0.629744989372761E-01  0.997547844246424E+00 -0.382565146773872E-03 -0.311845294023609E+00 -0.950132815052315E+00
 0.406413641422732E+00  0.423421586963395E+00  0.809655551304945E+00  0.468295234427987E+00  0.859363464302557E+00  0.205411805001429E+00
 0.125391186121407E-01 -0.182839711579246E+00  0.983062770312277E+00  0.486199351631083E+00  0.856385744355586E+00 -0.173820733337663E+00
-0.261423497982499E-01 -0.482614769528804E+00  0.875442494844570E+00  0.823530303542987E-01 -0.777298421585748E+00  0.623718800575844E+00
 0.423308474047616E+00 -0.185583771798054E+00  0.886774266341038E+00 -0.737735790725981E+00  0.468423203752347E+00 -0.486133320467028E+00
-0.202763256831041E-01  0.109637670914165E+00  0.993764786925614E+00  0.428635766959722E-01  0.542103464994067E-01  0.997609117904023E+00
-0.111577162091596E+00  0.195554180197393E+00  0.974324945542765E+00  0.955071875230237E-01  0.103849610532913E+00 -0.989996785612764E+00
-0.402878975240289E-01  0.590513788382820E+00  0.806021309298249E+00 -0.279575464114410E+00 -0.928112232363266E+00 -0.245856144936193E+00
-0.128927772453298E+00  0.125804205561396E-01  0.991574184067365E+00 -0.149842090219135E-01 -0.906316680498362E+00  0.422333456087033E+00
-0.479004657179406E-02  0.517503855822670E-01  0.998648563332430E+00 -0.693380627533429E+00 -0.682714043662780E+00 -0.230488264228277E+00
 0.114866493653800E+00  0.407451399568431E+00  0.905974086619153E+00 -0.524319240391286E+00 -0.809166155925631E+00 -0.265215886138147E+00
 0.179008876321567E+00 -0.611602243439181E-01  0.981944626318761E+00  0.194254592400109E+00 -0.231570385014116E-01  0.980677778324416E+00
 0.119617115043192E+00  0.350451089039250E+00  0.928911072159196E+00 -0.108543343446860E+00 -0.938593836722553E+00 -0.327505652256286E+00
 0.187621464497873E+00  0.428208956717885E+00  0.883988277889619E+00  0.800461399458076E-01  0.268972100136929E-01  0.996428198905097E+00
-0.132296701235716E+00  0.267961826228663E+00  0.954302909209831E+00  0.587066245610848E-01 -0.350473593786083E+00 -0.934730866234400E+00
-0.157999897775676E+00  0.157495589472830E+00  0.974798015795827E+00  0.362343682182174E-01 -0.505692403354851E-01  0.998063035329792E+00
-0.779211155120356E-01  0.319789158168351E-01  0.996446510707193E+00 -0.796397115235937E-01 -0.415540483977153E-01  0.995957216656518E+00
-0.126755570764561E+00 -0.138826547007355E+00  0.982171174045627E+00 -0.289509920705156E-01 -0.344629132938467E+00  0.938292385553785E+00
-0.414371287837500E+00  0.496406312726205E+00  0.762808762732485E+00  0.706435047486489E+00 -0.644927355875861E+00 -0.291578856101969E+00
 0.190642243139458E+00  0.897934057908003E-01  0.977544208415785E+00  0.754028843941009E+00 -0.336114124954753E+00 -0.564329511465497E+00
-0.211082238839502E+00 -0.143374748677233E+00  0.966896049163634E+00  0.482366330829996E+00  0.465612966285532E+00 -0.741975261385711E+00
 0.459506750568687E+00 -0.826177986636670E-01  0.884323382889866E+00  0.958171993305015E+00  0.123758534947522E+00  0.258050879234189E+00
-0.275544374070243E+00  0.321170618282682E+00  0.906048967699957E+00  0.643258154428366E+00 -0.538953731540295E+00 -0.543827014794414E+00
-0.251480088042371E-02  0.788577680114873E-01  0.996882705337382E+00  0.616047817106442E+00 -0.583252798081122E-01  0.785546465063457E+00
-0.112852093205554E+00  0.136361602112203E+00  0.984210301982517E+00  0.127115623046511E+00 -0.501109728226387E-01  0.990621274140762E+00
-0.204441292189066E+00 -0.272478249611621E+00  0.940191130322262E+00  0.742629777559347E-01 -0.415976283863670E-01  0.996370737952220E+00
 0.581799962656945E-01 -0.343369713767392E+00  0.937396569068728E+00 -0.479883264746962E-01 -0.211465317301909E+00  0.976206709719085E+00
-0.677112379283670E+00  0.930750501487990E-01  0.729969767086696E+00 -0.897386574671580E+00 -0.870588139875722E-01  0.432571495254005E+00
-0.308300407647603E+00 -0.365287259569681E+00  0.878359878774295E+00  0.821745173023733E+00  0.185484639206352E+00 -0.538823087135921E+00
-0.392761873527103E+00  0.635095383999323E+00  0.665125524939640E+00  0.279648307791211E+00 -0.958932912178084E+00 -0.473760898678930E-01
-0.334811417176982E+00  0.877168939115703E-01  0.938193509597273E+00  0.814601738130828E+00 -0.181527678777030E+00 -0.550882664523088E+00
-0.149953255828544E+00 -0.118150201804197E+00  0.981608145280003E+00  0.627023363370497E+00 -0.139470826183276E+00 -0.766413459192428E+00
-0.521678863203411E-01 -0.393305252254650E+00  0.917926734650307E+00 -0.430534480097186E+00  0.191997358141001E+00 -0.881916705768930E+00
-0.300845768847364E+00 -0.520417005365148E-02  0.953658607668746E+00 -0.285850665870938E+00  0.937499811013279E+00 -0.198452768111728E+00
-0.295310445712225E+00 -0.437914310139843E-01  0.954397218784189E+00  0.804586982769009E-03  0.689828659786728E-02 -0.999975882850082E+00
 0.348842081690175E-01 -0.480085069823299E+00  0.876528047328309E+00 -0.296803497874871E+00 -0.656645120728930E+00  0.693343254868850E+00
-0.491981346161744E+00  0.215798039097629E+00  0.843436755987369E+00 -0.777906007204833E+00  0.486642771864358E+00  0.397543779409021E+00
-0.976412694590961E-01  0.231476522100012E+00  0.967928097647185E+00  0.156696562696072E+00 -0.148763526425626E+00 -0.976378820153657E+00
 0.104283447340977E+00  0.314581585563873E-01  0.994049972018974E+00 -0.146071994931751E+00 -0.139384164443179E+00 -0.979405445665448E+00
-0.117422325055599E+00 -0.706152361569657E-01  0.990568264180230E+00 -0.253296067877279E+00 -0.476480060900552E+00  0.841907271356006E+00
-0.112197765491023E+00  0.202962546930960E+00  0.972737305731676E+00 -0.899397887555434E-01  0.554620651582145E+00  0.827228364623219E+00
 0.144917679277884E+00  0.117129661858789E+00  0.982486391023081E+00  0.327051052676565E+00  0.554738620072506E+00  0.765050764553047E+00
 0.469461511144567E-01 -0.745380942660139E-01  0.996112509407812E+00 -0.389462129917184E+00  0.210691646879611E+00 -0.896620476732228E+00
 0.122697309773593E+00 -0.140948781528269E+00  0.982384248224705E+00  0.527173718675633E-01 -0.105457045493804E+00  0.993025523468100E+00
 0.972243946567313E-01 -0.296848351565047E-01  0.994819696048165E+00  0.559203754106150E-01 -0.588325640075169E+00  0.806688200511250E+00
 0.499337158883713E+00 -0.130835368000234E+00  0.856472129282783E+00  0.823714785921185E+00 -0.199813818966451E+00  0.530630181204254E+00
 0.366852797001654E+00  0.269301726964882E+00  0.890446857025053E+00 -0.311171077381956E+00 -0.907047168480485E+00 -0.283615928241852E+00
 0.310221118532597E+00 -0.101086471190344E+00  0.945274765853119E+00 -0.464939559432072E-01  0.526214418637872E+00 -0.849079912421886E+00
 0.127195900671241E+00 -0.688992098173759E-01  0.989481733908703E+00  0.394261299609920E-01  0.250070853694951E-01 -0.998909518403755E+00
 0.127578728955719E+00 -0.135112189932012E+00  0.982582497325196E+00  0.975667593898120E+00 -0.797412643047874E-01  0.204240243302163E+00
-0.143217289973562E+00  0.396134356554924E+00  0.906954452775576E+00  0.135647388999407E+00 -0.829093306485321E+00 -0.542405821317288E+00
 0.566649580737160E-01 -0.269894414482840E+00  0.961221143940077E+00  0.679239279763052E-01 -0.403175592658043E+00  0.912598368118805E+00
 0.117220326344118E+00 -0.240050817209381E-01  0.992815768984029E+00  0.317808070591334E+00 -0.230456537559146E+00  0.919721596225327E+00
-0.346022183751224E+00 -0.114028203285228E+00  0.931271290874779E+00  0.303853230325622E+00  0.167832740056936E+00 -0.937819484648120E+00
 0.278568827937238E+00  0.313260513585542E+00  0.907891655832234E+00  0.393269833931729E+00  0.569937916850253E+00  0.721463518589613E+00
 0.755576769777448E-01  0.325205507134202E+00  0.942619974103728E+00  0.103123311094256E+00 -0.648111868255868E+00 -0.754530707748098E+00
 0.611503696536490E+00 -0.408590326569685E+00  0.677581857900496E+00  0.368251985796221E+00 -0.743676103618541E+00  0.557975203628158E+00
-0.542026350109081E+00 -0.301200623670388E+00  0.784528916030504E+00 -0.707057451704398E+00 -0.626633292994893E+00  0.327720118545779E+00
 0.299078634642276E+00 -0.266681883741952E+00  0.916205622763993E+00 -0.789184685838622E+00 -0.105200957553423E-01 -0.614065842742531E+00
 0.659811073047488E-01  0.715001025390332E-01  0.995255860980355E+00 -0.452895083193906E-01 -0.170902171245759E+00 -0.984246568853391E+00
 0.515151993112360E-01  0.418293388377927E-01  0.997795816112854E+00 -0.744274158419599E-02 -0.759890664370097E-01  0.997080873038763E+00
 0.685898872106091E-01  0.267997161752374E+00  0.960974998980258E+00 -0.831198726289849E-02 -0.878754601860551E+00 -0.477201488447643E+00
-0.188351023864334E-01 -0.627780648578791E-01  0.997849764990097E+00 -0.293314378000108E+00  0.927496721101529E-01 -0.951506265865795E+00
 0.839164173546891E-01  0.306247936414000E+00  0.948245873358023E+00  0.275199864648009E-01  0.378334206689836E+00  0.925259897754868E+00
-0.262006549127247E+00 -0.682643620107744E-01  0.962648713235360E+00 -0.193834449763493E+00 -0.973180821315218E+00 -0.123884200401507E+00
-0.212857283170121E+00 -0.203840641942357E-01  0.976870650049616E+00  0.543762585679270E+00  0.233335149908740E+00 -0.806149463953466E+00
-0.149383339176187E-01 -0.306613198432384E+00  0.951716970914583E+00 -0.643673242310677E-01  0.307722228424730E+00 -0.949296517271949E+00
 0.540989338134233E-01 -0.751669364351065E-01  0.995702383760937E+00 -0.456600499820169E+00  0.721585429330281E-01 -0.886740733385895E+00
-0.516214692348282E-01 -0.375223616990012E-01  0.997961570545964E+00 -0.104605030789684E+00  0.416050961452829E+00 -0.903304702195038E+00
 0.654873052449505E-01  0.371979792101784E+00  0.925927884405512E+00  0.706568459646763E-01  0.561031379206714E+00  0.824773545686170E+00
-0.120741210144593E-01  0.299079775813875E+00  0.954151719225433E+00  0.230721100324301E-01 -0.148806114262847E-01 -0.999623051526040E+00
-0.121828097321095E+00  0.332172674154408E+00  0.935317715671114E+00  0.142164796079031E+00 -0.474509675453756E+00 -0.868694272259567E+00
 0.162600170329693E+00  0.591604037898050E-01  0.984916865137450E+00  0.854509550393768E+00 -0.431531043974926E+00  0.289126938163416E+00
 0.213557427551520E+00  0.408068496828103E+00  0.887622288495523E+00 -0.357460011256603E+00 -0.843301510750673E+00 -0.401328920360921E+00
-0.130618156025064E+00 -0.799637639831556E-01  0.988202759440722E+00  0.945361650278646E-01 -0.948507652251540E-01 -0.990992555894355E+00
 0.428568856793646E+00 -0.328690732716208E+00  0.841600342925946E+00  0.628787937598629E+00 -0.194300784205740E+00  0.752909645832418E+00
 0.376043384746218E+00 -0.615177526758026E-02  0.926581636149598E+00 -0.734752368428523E+00  0.257283145091216E+00 -0.627649854887777E+00
 0.361013614977593E-01 -0.196634009720261E+00  0.979812103374591E+00  0.126801199105674E+00 -0.606551230871845E+00  0.784867543113622E+00
-0.328229314832614E+00  0.134232946246807E+00  0.935011782292830E+00  0.831510251647115E+00 -0.162994325815819E+00 -0.531058896128855E+00
-0.190552289883012E+00 -0.434808467482881E+00  0.880131479624226E+00 -0.127917962644082E+00  0.748668877097873E+00 -0.650485900921763E+00
 0.519270646989017E-01 -0.177567104160781E+00  0.982737759258140E+00  0.761494561178888E-02 -0.322747995989935E-02 -0.999965797403310E+00
-0.327531525511720E+00 -0.375415249322312E+00  0.867056220998519E+00 -0.466521403470135E+00  0.405800434788396E+00 -0.785928614589012E+00
 0.860833607097512E-01 -0.248597410462927E+00  0.964774057756552E+00 -0.474534091529648E+00  0.464356873046264E+00 -0.747790137960396E+00
 0.316718658663250E+00 -0.181534770447007E+00  0.930985724043771E+00  0.891357915648386E+00  0.387807415686339E+00  0.234705079940012E+00
 0.348506311156886E+00  0.697849809932287E-01  0.934704984212449E+00 -0.908815871246585E+00 -0.415130265616044E+00 -0.414798112322575E-01
-0.639308073727399E+00  0.214700697648460E+00  0.738369011603431E+00 -0.965998448838677E+00  0.258224368017778E+00  0.129295244726198E-01
-0.235581474631447E+00 -0.341192906522270E+00  0.909993829291913E+00 -0.648029580345068E+00 -0.530041499589172E+00  0.546912855682747E+00
-0.285282255835699E+00 -0.621089191953605E-01  0.956429044237825E+00  0.107427007254355E+00  0.147285565477221E-02 -0.994211883256579E+00
-0.364036712087260E-01  0.534567043368649E+00  0.844341665954386E+00  0.532073448470448E+00  0.549592297264815E+00  0.644085516232083E+00
-0.787591581737550E-01  0.283336308805064E+00  0.955781110462266E+00 -0.250666192427228E+00  0.613918456620632E+00  0.748512250129934E+00
-0.179904573694243E+00 -0.223645785775600E+00  0.957923225978318E+00 -0.384382419569074E+00 -0.362992665268479E+00  0.848814750394637E+00
 0.301746995822460E+00 -0.371623295884345E-03  0.953387965315404E+00  0.472394300067101E+00 -0.409888327365194E-01  0.880433723147297E+00
 0.510295267175627E-01  0.528332669400146E-01  0.997298668056579E+00  0.898595211274029E+00 -0.108699469872568E+00  0.425101248557101E+00
-0.298228868871396E+00 -0.286841198766299E+00  0.910374466064377E+00 -0.461493620436089E+00 -0.607280466726402E+00  0.646710192458225E+00
-0.220700288274203E+00 -0.166171964271248E-01  0.975200108459072E+00 -0.755210725136050E+00 -0.349725563746633E+00  0.554390467722508E+00
 0.153623638275755E+00  0.292133460046138E+00  0.943958589814400E+00  0.186295258525755E+00 -0.116964207991488E+00  0.975506766096343E+00
-0.165188748708744E+00  0.188132127899904E+00  0.968152353584855E+00 -0.654140885941461E+00  0.287767630987976E+00  0.699492310104471E+00
-0.217650496333913E+00  0.135312685251795E+00  0.966601644244179E+00  0.435105300672608E+00 -0.348541019323746E+00 -0.830182230100936E+00
 0.140454442024369E+00  0.457032264562545E-01  0.989031730940475E+00  0.526783813810360E-01 -0.609616953577637E-01  0.996749045564721E+00
-0.204225527982443E+00  0.401325678258027E-01  0.978100869399470E+00  0.285364881779334E+00  0.933402734383586E+00  0.217545902494881E+00
 0.120288003563140E+00 -0.262269809673482E+00  0.957468194319075E+00  0.102949853404610E+00  0.393016696320491E+00 -0.913750077481417E+00
 0.256400475928572E+00  0.845525597373847E-01  0.962865338760025E+00  0.576199441241642E-01 -0.922964700748373E+00  0.380547110370837E+00
 0.126661531045738E+00 -0.678360803380082E-01  0.989623727867074E+00 -0.124322114738669E-03 -0.238399071844219E-03 -0.999999963854946E+00
-0.617682935898557E+00 -0.251754721437294E+00  0.745041845089100E+00 -0.813755087592482E+00 -0.172347288045245E+00  0.555066725467129E+00
 0.594367746281984E-01 -0.938528828726385E-01  0.993810296886831E+00 -0.383691675123060E+00 -0.455662770876048E+00  0.803213631407500E+00
 0.392480617098269E+00 -0.181886881530674E+00  0.901596432739842E+00 -0.724410652600734E+00  0.250916303317727E+00 -0.642082716733556E+00
-0.208690574022919E+00  0.562674729387758E+00  0.799903364927538E+00  0.297624880197932E+00 -0.952127343559207E+00 -0.698065350383015E-01
 0.290678274911403E+00  0.148810974794843E-01  0.956705123552883E+00  0.377011429029999E+00 -0.295150390322314E+00  0.877922906338218E+00
-0.226563873793759E+00 -0.448099342966392E-01  0.972964994683723E+00 -0.454349185521564E+00  0.139327539875741E+00  0.879860587961562E+00
-0.751648339994573E-01 -0.588319888691235E-01  0.995434098680338E+00  0.151964989696655E+00 -0.773362812251548E-02  0.988355620666245E+00
-0.281459383923985E+00 -0.307744972313026E+00  0.908885937407542E+00 -0.768834330602013E+00 -0.114056849076241E+00  0.629193775610149E+00
 0.447242685592478E+00  0.471654546484216E+00  0.759944714413356E+00  0.418663683174531E+00  0.721781357444757E+00  0.551137362583902E+00
 0.191445821505385E+00 -0.208716134306293E+00  0.959054780869355E+00 -0.240345744414143E-01  0.376653994198564E+00 -0.926042173923892E+00
 0.288514059233032E+00  0.239296887181714E+00  0.927090414905698E+00  0.231855343849354E+00  0.600941074671343E-01  0.970892268882715E+00
-0.785398709588213E-01  0.143930071909482E+00  0.986466230070702E+00 -0.323853024613849E-01 -0.426354094165479E+00 -0.903976425894403E+00
 0.177898395748737E-01 -0.760751101130970E-01  0.996943378146011E+00 -0.538731081406107E-03 -0.993610754232124E-03 -0.999999361253041E+00
 0.913009992054509E-01 -0.430943024838442E+00  0.897748426279423E+00  0.552912234919044E+00 -0.699631827039475E+00  0.452552060066280E+00
 0.585726269075659E-01  0.214002530503083E-02  0.998280856106557E+00 -0.112220810785583E+00 -0.568538722791923E-01  0.992055505923679E+00
 0.369597768772387E+00  0.370025730704970E+00  0.852337050664070E+00 -0.776956444079197E+00 -0.621550948249697E+00 -0.100065492222404E+00
-0.186915333944178E+00  0.217644677934189E+00  0.957963178887090E+00 -0.499911918504895E+00 -0.911294460011494E-01  0.861268539892337E+00
-0.690125166101744E-01 -0.349187153416907E+00  0.934508215287446E+00  0.567578118940230E+00  0.770784248947743E+00 -0.289390256356939E+00
 0.276764742451707E+00 -0.260434138070942E+00  0.924973154779578E+00  0.995005301592087E+00 -0.248797031614286E-01  0.966718685773631E-01
 0.243808397565242E+00  0.692490687195309E-02  0.969798696091866E+00  0.202617128531432E+00  0.104697284346465E-01  0.979202064955023E+00
-0.488239952963128E+00  0.892202628507458E-01  0.868136793960149E+00 -0.527448861364431E+00 -0.245791533764711E-01  0.849231160441408E+00
-0.466905708207056E-02 -0.375387253376079E+00  0.926856304886970E+00  0.141496560030864E+00  0.716176548370781E+00 -0.683425105672264E+00
-0.348755670939758E+00  0.839996596408548E-01  0.933441770635737E+00  0.821584621971389E+00  0.308299027396078E+00 -0.479531457411046E+00
-0.909462804185007E-01 -0.126620545675055E+00  0.987773259149584E+00 -0.734527661679057E-02 -0.110927675813985E-01 -0.999911494792818E+00
-0.755064454553247E-01 -0.243495813992732E+00  0.966958409272456E+00  0.393936177094287E+00  0.261426460153756E+00 -0.881175631930329E+00
 0.218263813845515E+00  0.132254448102293E+00  0.966886585139523E+00  0.163837921114134E-02 -0.152429162962654E+00 -0.988313040484676E+00
-0.202075768966326E+00 -0.331032051295535E-01  0.978810278555972E+00  0.779498803388941E+00  0.166108835784965E+00 -0.603978037836951E+00
-0.435073550556601E+00 -0.566671935242427E-01  0.898609945852014E+00  0.896534487315805E+00  0.379746132615406E+00 -0.228076276313494E+00
 0.221734509617586E+00  0.166455014045926E+00  0.960794741629876E+00  0.627483502011090E+00  0.590336226117000E+00  0.507708178817160E+00
-0.392588384290801E+00 -0.371442317704405E+00  0.841370884413240E+00 -0.563759587103221E+00 -0.560474539081432E+00  0.606665821511861E+00
-0.881922865429175E-01 -0.159710186049241E+00  0.983216546375440E+00  0.265784518995062E+00 -0.205308543236366E+00 -0.941916658487748E+00
 0.150732920579500E+00  0.587263393075853E-01  0.986828659760703E+00 -0.784402014980753E+00 -0.584111831386874E+00 -0.208630887761153E+00
-0.315531144944286E+00 -0.718514646454646E-01  0.946191029125963E+00  0.628561458383785E+00 -0.122047402929038E+00 -0.768124289729681E+00
 0.177612560771010E-01  0.118601009712270E+00  0.992783127514662E+00 -0.361541164638868E+00 -0.244178761556854E+00  0.899813713318558E+00
-0.136656721985422E-01  0.468061196853772E-01  0.998810510839449E+00 -0.123272020388775E+00 -0.133524700874548E+00 -0.983348952938697E+00
-0.115903805488231E+00  0.686214686610210E-02  0.993236738554175E+00 -0.409437058032574E+00 -0.858832851571667E+00  0.307843188280835E+00
 0.207217996903926E+00 -0.160582247722408E+00  0.965025410792661E+00  0.187912197072796E-01 -0.534987876319686E+00  0.844650733885235E+00
-0.112732693845201E+00  0.213531414506252E+00  0.970410054954792E+00  0.259607139441485E-02  0.208809415116919E-01 -0.999778598838213E+00
 0.333124390798740E+00 -0.349115023813181E+00  0.875869191376709E+00  0.351918648641260E+00 -0.886290705470589E+00  0.301068181870744E+00
-0.234843556132097E+00  0.489549702572029E-01  0.970799626612179E+00 -0.273922660095774E+00  0.615736454771675E-01  0.959778652851118E+00
 0.209664757264260E+00  0.817380171664496E-01  0.974350853702616E+00 -0.593793906585790E+00 -0.702593164940597E+00 -0.392137273260705E+00
 0.272980049665333E+00  0.735712774222727E-01  0.959202355930785E+00 -0.903149512239244E+00  0.104174571370747E+00 -0.416495638898821E+00
-0.701081629513187E-01  0.424519401117173E+00  0.902700461705160E+00 -0.469018876547720E+00  0.562365499551647E+00  0.681003919486475E+00
 0.111499077098201E+00 -0.196533501670658E+00  0.974136817150096E+00  0.478124392091966E+00  0.412452420454701E+00 -0.775422508409284E+00
-0.583227304296221E+00  0.270965569785440E+00  0.765782979383986E+00  0.820720429616425E+00 -0.152565550256049E+00 -0.550583081183303E+00
-0.187584669109140E+00  0.132872813133103E+00  0.973219814556460E+00 -0.918307040096884E-02 -0.962380806739567E-02 -0.999911522854044E+00
 0.171636127750562E-01  0.122025344482566E+00  0.992378569750687E+00 -0.593210820638392E+00  0.725926189171342E+00 -0.348040357074720E+00
-0.639148768840501E-01 -0.161452142623122E+00  0.984808658651669E+00  0.682576249449823E+00 -0.707135720341790E+00  0.184522997763725E+00
 0.124773580696564E+00 -0.411098521899211E-01  0.991333210183680E+00 -0.199316255631874E-01  0.969036056841833E+00 -0.246113491793605E+00
 0.173414363922274E+00  0.171517568233339E+00  0.969798526588257E+00 -0.206789020715205E-01 -0.955903670156596E-01 -0.995205940869993E+00
 0.134320812692264E+00  0.835334336284783E-02  0.990902689941021E+00 -0.194502094103321E+00 -0.341064538819567E+00 -0.919697730642638E+00
-0.163847712326239E+00  0.137250611430805E+00  0.976891087495084E+00  0.309871677289533E+00 -0.940039631875794E+00 -0.142495733678567E+00
-0.155287260754675E+00 -0.163519678026445E-01  0.987734012675625E+00 -0.494712146616634E+00 -0.169460208343839E+00  0.852374993637205E+00
 0.290434337154716E-01 -0.178219118543337E-01  0.999419260578798E+00 -0.180570841334395E+00  0.174760355761758E-01  0.983406711101937E+00
 0.496823862034372E-01  0.159315195296320E+00  0.985976840016452E+00 -0.198972328120697E-01 -0.447000221245427E+00 -0.894312530569130E+00
 0.108338266533135E+00 -0.150662299090511E+00  0.982631004821930E+00  0.115160660700840E+00  0.798537849227843E-01  0.990132009007108E+00
 0.137697238378827E+00 -0.483065839490809E+00  0.864688883506597E+00  0.374409456268299E+00 -0.837951988994766E+00  0.397056700228812E+00
-0.271145649074552E+00  0.453977527473093E-01  0.961467150262261E+00  0.838434109334828E+00  0.335110807841321E+00 -0.429801106061688E+00
-0.354114506609677E+00 -0.116363539210726E+00  0.927934503588987E+00  0.464463407203468E+00  0.788351515228385E+00 -0.403454621743332E+00
 0.170344446978168E+00 -0.498489189982399E+00  0.849994880487167E+00  0.594284365766679E+00 -0.709842442354934E+00  0.378087026538703E+00
-0.315345388468665E+00  0.347252342143788E+00  0.883160855590419E+00 -0.237574449158012E+00  0.488263371114315E+00  0.839736423847002E+00
 0.909730764809733E-01  0.301290362219286E+00  0.949182815367703E+00 -0.158288376770684E-01  0.314588868868876E+00  0.949096039124384E+00
 0.407823372175963E-01  0.737026723209466E-01  0.996446043227540E+00  0.247414918096980E+00 -0.222719647687622E+00  0.942964377289495E+00
-0.116398867637426E-01  0.139950665096189E+00  0.990090058719540E+00 -0.489993047566320E+00  0.764982925783914E-01  0.868363302177873E+00
-0.276314969383451E+00 -0.397004629633731E-01  0.960246796888756E+00  0.766802096207699E-01  0.981980037911745E+00 -0.172729124919231E+00
 0.349173389489295E+00 -0.732647623725329E-01  0.934189605308823E+00 -0.255517384978727E+00  0.761245778106588E+00 -0.595999774570871E+00
-0.560711732495501E+00  0.341423202494954E+00  0.754342461909697E+00  0.496812091876990E+00 -0.201872912558342E+00 -0.844052766442964E+00
 0.612705918717120E-01  0.290975742608643E-01  0.997696970900395E+00 -0.814760632256195E-01 -0.359962513589459E+00 -0.929402302521149E+00
-0.249159098208535E+00 -0.178813128904208E+00  0.951811750668900E+00 -0.995685037324163E+00  0.927165944274705E-01 -0.386517354735659E-02
-0.397703672478400E+00 -0.623704539966570E-01  0.915391563957984E+00 -0.947761674004194E+00  0.263767586155743E+00  0.179372433172830E+00
-0.435693598327441E+00 -0.187547230064841E+00  0.880339210118175E+00 -0.656570727884910E+00 -0.321655986987922E+00  0.682240650591494E+00
-0.199544474130618E+00 -0.269012574844671E+00  0.942238949215843E+00  0.978849778338918E-01  0.590280842895535E+00 -0.801240948544815E+00
 0.273917526196869E+00 -0.317770115936999E+00  0.907739688599972E+00  0.161005427293711E+00 -0.837469584587895E+00  0.522227869107105E+00
 0.269687692111337E-01 -0.234393729071467E+00  0.971767598378958E+00 -0.714956463016405E-01 -0.111764920129536E+00  0.991159409574640E+00
-0.673604946647824E+00  0.766807997587799E-01  0.735103006931638E+00  0.453974913920516E+00 -0.181112063491818E+00 -0.872413432948276E+00
 0.110731027385830E+00 -0.122515473805762E+00  0.986270043270213E+00 -0.639535848506874E+00  0.756589033070383E+00 -0.136260535417322E+00
 0.149126571713574E+00 -0.321090759458946E+00  0.935233655189458E+00  0.524757516103275E+00 -0.707630838129328E+00  0.473168200771676E+00
 0.714215818130773E-01  0.136197435478036E+00  0.988103848904822E+00 -0.370595265703702E+00  0.112229420830444E-02  0.928793782006379E+00
 0.116429250593623E+00 -0.804584567889011E-01  0.989934677813317E+00  0.379634365921480E-01 -0.461244472739462E-01  0.998214061634972E+00
 0.691199913464852E-02  0.883956017075005E-01  0.996061464904014E+00  0.346516018359870E-01  0.193918291729434E+00  0.980405509278145E+00
 0.104075010474477E+00 -0.199365072178683E+00  0.974382861194678E+00 -0.552358570836892E-01 -0.443403768711672E-01 -0.997488311245377E+00
 0.215536854986676E-01  0.100252803760801E+00  0.994728512700588E+00 -0.176791127923418E+00  0.392161100399414E+00  0.902748341688361E+00
 0.666906442206260E+00  0.147485784033109E+00  0.730399713069445E+00 -0.938474711486329E+00 -0.287695795591117E+00 -0.191040166195085E+00
-0.222345641958080E+00 -0.223714095506487E+00  0.948954381924634E+00  0.489049857295523E+00  0.221281554159115E+00 -0.843720754081678E+00
-0.128022513718764E+00 -0.316801319695651E+00  0.939812300313325E+00 -0.283186375900090E+00 -0.531313686084546E+00  0.798443012045209E+00
 0.133212075827088E+00  0.228183706450522E+00  0.964461890882341E+00 -0.180371442273624E-01 -0.334081781837791E+00 -0.942371489632516E+00
 0.138695670365585E+00 -0.291626658006683E+00  0.946423479929410E+00  0.517250177162752E+00 -0.347706791504586E+00  0.782018056931353E+00
 0.401888922030251E-01  0.201185229148902E+00  0.978728438595608E+00  0.220551905466647E-01 -0.430308030448600E-02 -0.999747494155321E+00
 0.159756176704946E+00  0.861853847738196E-01  0.983387026280094E+00 -0.130540245338912E+00  0.658795868572465E-01  0.989251800292714E+00
-0.138479857493954E+00 -0.812738891693667E-01  0.987024763624368E+00 -0.723753553551906E-01 -0.331159946859630E+00  0.940794822229128E+00
-0.201141052958969E+00  0.932953888287456E-01  0.975109351425701E+00 -0.822357817256095E+00  0.322292225040575E-01  0.568057125309219E+00
-0.356051689324360E+00 -0.302665990146311E+00  0.884093034096538E+00  0.767269857155848E+00  0.311144183859300E+00 -0.560790748096449E+00
-0.154888978673320E+00  0.356996196234284E-01  0.987286656166424E+00 -0.363548702928008E-01  0.261257529151014E-01 -0.998997381598477E+00
 0.137957020244642E+00  0.592255821835412E-01  0.988665864172644E+00 -0.620957451053219E+00 -0.630126631313540E-02 -0.783818944670477E+00
 0.494434797472279E+00  0.226903977381126E-02  0.869211759300949E+00  0.982634054893526E+00  0.185223538251786E+00  0.110704580301182E-01
 0.122501530429598E+00  0.164303783574296E+00  0.978773539561413E+00  0.405383255140977E-01  0.634972592409927E+00  0.771470317674458E+00
-0.515554086560868E+00  0.737295373086660E-01  0.853679060981725E+00  0.905933789224636E+00  0.144632188837738E+00 -0.397951629589700E+00
 0.275020133143740E+00  0.237962078038465E+00  0.931524543842628E+00  0.455097593454779E+00  0.875912158337733E+00  0.160200097714709E+00
-0.830775158232261E-01  0.802725286941047E-01  0.993304810972793E+00 -0.114987914324856E+00 -0.107956023875480E+00  0.987483304399733E+00
-0.527334414603290E-01 -0.206488044642859E+00  0.977027057747798E+00  0.596198571164953E+00 -0.562043107954971E+00  0.573284230152187E+00
 0.259027487457910E+00 -0.164186718342099E+00  0.951812734870308E+00  0.186659598000281E+00 -0.116525597527584E+00  0.975489610193370E+00
-0.267333716519986E+00  0.893522184252421E-01  0.959452377699956E+00 -0.870812278240709E+00 -0.161043844732403E-01  0.491351834092399E+00
 0.152165680989167E+00 -0.745661302106635E-01  0.985538176710831E+00  0.142941496585901E+00 -0.967578605076542E+00  0.208229132332426E+00
 0.701182356460060E-01  0.151941337399941E+00  0.985899215446999E+00 -0.104291232532654E+00  0.193208243001498E-01 -0.994359112476565E+00
-0.100102255943508E+00 -0.247072716457397E+00  0.963812539416967E+00  0.389596841998661E+00  0.129202063559912E+00 -0.911877802930048E+00
-0.840064454348291E-01  0.249467632459407E+00  0.964732510844588E+00  0.144015521535084E+00  0.414240426783397E+00  0.898701506828205E+00
 0.276968598814812E+00  0.346716597414524E+00  0.896145075502764E+00 -0.164895715761673E+00 -0.481168962787358E+00 -0.860979577094361E+00
 0.130263524893633E+00  0.192210690036785E+00  0.972669761387630E+00  0.547180583110021E+00  0.481362114867552E+00  0.684750994039158E+00
 0.333702165842952E+00  0.115262195972218E+00  0.935605413992130E+00 -0.588495216323232E+00 -0.344187807389659E+00 -0.731579205287419E+00
-0.412013127757108E-02 -0.184315017699684E-01  0.999821636223561E+00 -0.201193000181981E-01  0.456132617975180E+00 -0.889684353344424E+00
 0.308551466492750E+00 -0.126117008876778E+00  0.942809892076419E+00 -0.935452760605574E-01  0.487698321275342E+00 -0.867985961149124E+00
 0.220736126202218E+00 -0.204810767571595E+00  0.953586971427343E+00 -0.472867523289926E+00 -0.879097665105551E+00  0.598631825383423E-01
-0.192830657785984E+00  0.106456852908096E+00  0.975440042179287E+00  0.548235417132452E+00 -0.308276610665265E+00 -0.777433893471556E+00
-0.836547558217849E-01  0.180350619775902E+00  0.980038537902896E+00 -0.358897416501942E+00 -0.279513020004842E+00  0.890542034985438E+00
-0.334415826370048E+00 -0.472065136454191E-01  0.941242583047900E+00 -0.782439603878707E+00  0.133973942367745E+00  0.608144102206521E+00
 0.107577394529021E+00 -0.389191788365784E+00  0.914853461519926E+00  0.699902022050739E-01 -0.761099125868010E-01  0.994639961393731E+00
-0.206277327878676E-01  0.143148073340211E+00  0.989486293861122E+00 -0.166699582982697E+00 -0.578395179802960E+00 -0.798542588102912E+00
-0.193777700543806E+00  0.142905567056862E+00  0.970581373031706E+00  0.909307316131771E-03  0.743965523078633E+00  0.668217385010702E+00
-0.334309599305635E+00 -0.235892353837194E+00  0.912464733133974E+00 -0.830900096566851E+00 -0.304079783058296E+00  0.465983384961757E+00
-0.611836436435945E-01  0.348459294725097E+00  0.935324907008352E+00  0.220609144671453E+00 -0.345244606366456E+00 -0.912215855520063E+00
-0.413418041676412E+00 -0.475952212559549E+00  0.776244171750172E+00 -0.462427399407452E+00 -0.785841205719241E+00  0.410626959259850E+00
-0.113512560199547E+00 -0.201800473269998E+00  0.972826535238914E+00  0.263266931099509E-01 -0.367412469829271E+00  0.929685421120418E+00
 0.179675937166114E+00  0.330097665394137E+00  0.926688776723242E+00 -0.284964518589668E+00 -0.605113114040620E+00 -0.743393127733249E+00
-0.562738442773705E-01  0.364280500271104E+00  0.929587527655401E+00  0.290857967088827E+00 -0.881925603210253E+00 -0.370956700145968E+00
 0.319454785297171E+00 -0.461441020846012E-01  0.946477343624000E+00 -0.617640070346657E+00 -0.479963654035533E+00 -0.623021375481641E+00
 0.312147760048399E+00 -0.484895002479067E+00  0.816970386530377E+00 -0.490199565913461E-01  0.732382013837873E+00 -0.679127108620002E+00
 0.969218837089663E-01  0.220952746032481E+00  0.970456610302085E+00 -0.100294755411061E+00  0.764635062418066E-01 -0.992015269161843E+00
-0.124733971449947E+00  0.173957023835996E-03  0.992190206616291E+00 -0.265488130720200E+00  0.420657416730406E+00  0.867504115377210E+00
 0.233144385186869E+00  0.239897459628381E+00  0.942386812577344E+00 -0.580121130476709E+00 -0.427123997219637E+00 -0.693559344954377E+00
 0.285096266644567E+00 -0.560144979620740E-01  0.956860749933545E+00 -0.945993840451121E+00  0.320530216430126E+00 -0.485389965264579E-01
 0.134723290904372E+00  0.571145029803569E+00  0.809717845807153E+00 -0.931481194422909E-01 -0.957033719744527E+00 -0.274608607141725E+00
 0.319988901179540E+00 -0.149855091622640E+00  0.935494818070459E+00  0.516090788749563E+00 -0.418339570384846E+00  0.747423776460233E+00
 0.102473412521349E+00 -0.146417188856426E+00  0.983901014601373E+00  0.712635934175663E+00  0.637119669677185E+00  0.293646985055210E+00
-0.178190748701580E+00  0.257630391129020E+00  0.949670805407789E+00  0.285230286408476E+00 -0.936316905897995E+00 -0.204827574913495E+00
 0.305442980035495E+00  0.255230723765870E-01  0.951868246514976E+00 -0.574101838486687E+00  0.249444579689137E+00 -0.779861834371907E+00
 0.141339195127701E+00 -0.366470319984646E+00  0.919631848345306E+00 -0.368218338237363E-01 -0.509949555346995E+00  0.859415850188522E+00
-0.127112355347027E+00 -0.131895465061634E+00  0.983079872347261E+00 -0.167746680294909E+00 -0.803790435124433E-01  0.982547841386903E+00
-0.106935595987319E+00 -0.305454947273231E+00  0.946182885861472E+00  0.230138780917037E+00  0.513995440098251E+00 -0.826344255789453E+00
-0.192304450402825E-01  0.143452231796238E+00  0.989470387215419E+00 -0.577476951620607E+00  0.768192438579117E+00  0.276406851682156E+00
 0.702130431185439E-01  0.105773800497007E+00  0.991908277868701E+00 -0.184421577741219E+00  0.481007563505072E-01 -0.981669495758093E+00
-0.457296405940947E-01  0.556562020580611E-01  0.997402219339624E+00 -0.917156675441173E-01 -0.165616735066486E+00 -0.981916153952492E+00
-0.386925500448962E-02  0.108749998507590E+00  0.994061601054134E+00  0.588711910151414E-01  0.619303446143760E-01 -0.996342719792945E+00
-0.263296345475888E+00  0.148933774050411E+00  0.953149393015671E+00  0.324441483049827E+00 -0.224958639960777E+00 -0.918766202242674E+00
 0.487588515651109E+00 -0.247896067339116E+00  0.837140955396969E+00  0.961047936999626E+00  0.585355597277183E-01  0.270111923165429E+00
 0.152581317315953E+00 -0.152109500583645E+00  0.976515049263616E+00 -0.714539417324642E-02  0.558896460794914E-01 -0.998411383550497E+00
-0.292218820372096E-01 -0.192528362283170E+00  0.980856213380312E+00 -0.312322274130612E-01 -0.462209071281380E-01  0.998442875539242E+00
 0.145412063939481E+00 -0.147961103708251E+00  0.978244776858173E+00  0.384738328152191E+00  0.532712776598376E-01  0.921487162052269E+00
-0.881968339522935E-01 -0.311812789231681E+00  0.946041279729564E+00  0.660247909916721E+00 -0.701458366011594E+00  0.268381925999024E+00
 0.193741203151237E-01  0.312881661459795E+00  0.949594497343036E+00 -0.121471099071735E-02 -0.578275409477920E-03 -0.999999095036970E+00
-0.499590317046718E-01  0.292592986020444E+00  0.954931117768592E+00  0.119780737461541E+00 -0.350893140576237E+00 -0.928723090500992E+00
 0.441723477006849E+00 -0.236376786015615E+00  0.865451549709115E+00 -0.281135152341485E+00 -0.392611975739484E-01 -0.958864737323774E+00
-0.275689273447315E+00 -0.136837346809345E+00  0.951457284918388E+00 -0.893928704607949E+00 -0.370042699970194E+00  0.252902889024073E+00
-0.129995959357460E+00 -0.140049736829701E+00  0.981573798430187E+00  0.959478939723887E-01 -0.395677191295218E+00  0.913363871592801E+00
-0.217491628653552E+00 -0.374072843744582E+00  0.901535855658812E+00  0.961744922980829E-01  0.915287997747000E+00 -0.391150032866538E+00
 0.159092961961175E+00  0.241383870734909E+00  0.957299982452446E+00 -0.259787428627699E+00 -0.411880511790839E+00 -0.873421396540023E+00
-0.234008257968596E+00 -0.322376142761646E+00  0.917231572603465E+00  0.298185481467800E+00 -0.353665538656041E+00  0.886569853654493E+00
 0.452121397568752E+00  0.366283928492464E+00  0.813278750237953E+00  0.686156814698764E+00  0.267102884736473E+00  0.676642353542771E+00
 0.244649882243464E+00  0.931772313656135E-01  0.965124053515038E+00 -0.232676124990368E+00 -0.382980780524396E+00 -0.893972898139754E+00
-0.827538212619593E-01 -0.322450522920547E-01  0.996048222562154E+00 -0.239223798709285E+00 -0.202512659028973E+00  0.949610760819460E+00
-0.142379968885134E+00 -0.152807359919490E+00  0.977945732244230E+00  0.332022653256084E+00  0.424306426227880E+00 -0.842451787573933E+00
-0.104317592054387E+00 -0.155703000790697E-01  0.994422146647701E+00 -0.330377527288797E+00  0.499610465641284E+00 -0.800774669981662E+00
-0.168570947293029E+00 -0.144478680989209E-01  0.985583631578836E+00 -0.670407833103595E+00  0.167735521019681E+00  0.722784983450541E+00
 0.902071067844054E-01  0.159447098834082E+00  0.983076446955669E+00  0.142259466703772E+00  0.504163236584293E-01 -0.988544606197377E+00
-0.529179091772259E+00 -0.801315432053934E-01  0.844717955660118E+00  0.688572178281010E+00 -0.245949753873922E+00 -0.682185512794505E+00
-0.364386683614604E+00  0.213487092467407E+00  0.906446692395181E+00 -0.577097483100766E+00  0.304276149872357E+00  0.757875002634086E+00
-0.719155577025405E-01 -0.211671552895802E+00  0.974691390264125E+00  0.547361002502504E-01  0.414626400632106E+00 -0.908344046729134E+00
-0.122205138716770E+00  0.185612776864945E+00  0.974994256975752E+00 -0.100537296150792E+00  0.131050064992447E+00  0.986264737556891E+00
-0.375900637614512E+00 -0.160949574555265E+00  0.912575446246217E+00  0.999389236992347E+00 -0.274593437455757E-01  0.216133621844845E-01
 0.315764553003464E+00 -0.194693485733606E+00  0.928648046182955E+00  0.642705392520775E+00 -0.423991578948546E+00  0.638091623049101E+00
-0.986490613977014E-02 -0.307283841501807E+00  0.951566773473489E+00  0.525452436566797E+00 -0.706359463811456E+00  0.474295313902645E+00
-0.429435704443433E-01  0.783523630443314E-01  0.996000380001364E+00  0.233342667549370E-01  0.991249163687376E+00  0.129925391991280E+00
-0.843451012015938E-01  0.385770394951044E+00  0.918731248125701E+00 -0.514859262677221E+00  0.844276669929124E+00  0.148717330021950E+00
 0.197832815807447E-01  0.288831980304418E+00  0.957175380441498E+00  0.281524703518152E+00 -0.750900625827064E+00 -0.597404462187503E+00
-0.304986549266979E+00 -0.179088042229839E+00  0.935366600802329E+00  0.250626962519388E+00  0.783119985366577E-01 -0.964911061468102E+00
-0.373971006125851E+00 -0.384124156105855E+00  0.844153018873464E+00 -0.441610455066781E+00 -0.860853944600100E+00  0.252805640843236E+00
-0.214955923781697E+00 -0.892082163842900E-01  0.972540921997985E+00 -0.149963349068445E+00 -0.626995715573990E+00  0.764452331141737E+00
-0.331909286113486E-01  0.405335297723071E+00  0.913565355449552E+00  0.535141702831319E+00 -0.397003048863639E+00 -0.745662079687422E+00
 0.489906758501681E+00 -0.203109238379351E+00  0.847784173749036E+00 -0.416862297198924E+00  0.852211375194031E+00 -0.316167039970860E+00
-0.121738254214850E+00 -0.180721199818640E+00  0.975971129386947E+00 -0.352035492374002E+00  0.633553979986418E+00  0.688970512106551E+00
-0.327528300464272E+00 -0.248150173655290E+00  0.911672476117292E+00  0.703667954540027E+00 -0.884055852974580E-01 -0.705007703675405E+00
-0.862695493047408E-02 -0.198666317081035E+00  0.980029219006293E+00  0.648518784424662E+00  0.588954843726434E+00 -0.482240166617766E+00
-0.336471392546448E-01 -0.416153973982013E-01  0.998566987597411E+00  0.684206074150341E-01 -0.131001750031586E+00 -0.989018281918802E+00
-0.742506659502295E-01  0.148499679575374E+00  0.986121028967519E+00  0.234720529459667E+00 -0.285760172665600E+00 -0.929111078810440E+00
 0.186560102615894E+00 -0.168038700255041E+00  0.967966075504996E+00  0.443915364231435E+00 -0.479459102450546E+00  0.757006022747897E+00
 0.522899584143777E+00 -0.257198165005443E+00  0.812665447044537E+00 -0.711609040369313E+00  0.275452142202716E+00 -0.646327077431079E+00
-0.648042638062241E-01  0.630009459779975E-01  0.995907268875175E+00 -0.635975736192537E+00  0.367677952121230E+00  0.678489341477299E+00
 0.530668635608987E-01 -0.309527721918586E+00  0.949408498674675E+00 -0.237508757764014E+00 -0.855583354223427E+00  0.459963818100060E+00
-0.876247236517578E-02 -0.100801055714987E+00  0.994868014484732E+00 -0.223586092696107E-01 -0.167975331166692E+00 -0.985537609993129E+00
-0.750556135852309E-01  0.110108614584389E+00  0.991081605047561E+00  0.919064389250657E-01  0.476726585286394E-01 -0.994625821157346E+00
 0.460398811538942E-01  0.309272570913951E+00  0.949858308498489E+00  0.108562339063690E+00  0.600256993250942E+00  0.792405048312010E+00
 0.308133947883175E+00  0.168818193686434E-01  0.951193184551242E+00 -0.214902583807629E+00 -0.362277803480358E+00 -0.906957370871560E+00
-0.394091891181625E+00  0.514354184878048E+00  0.761663543701108E+00 -0.307131840411307E+00  0.840218393000069E+00  0.446881510772090E+00
-0.334159552009891E+00  0.219761876355748E+00  0.916538112410581E+00 -0.820288673605296E+00  0.146918114904424E+00  0.552758138309871E+00
-0.214548656816190E+00  0.271106910048490E+00  0.938333585236257E+00  0.286434783007666E+00 -0.406885709104038E+00 -0.867409438967697E+00
 0.591420910168207E-01  0.116328931683511E+00  0.991448330839046E+00 -0.271004091311063E-01  0.163067556140051E-01 -0.999499703624904E+00
-0.572757329361360E-01  0.351972103436613E+00  0.934256457734724E+00  0.240634083604792E+00  0.723380240731673E+00  0.647160154155576E+00
-0.544089956013226E+00 -0.135237170503201E+00  0.828056174108867E+00 -0.656384351348973E+00 -0.603987861512543E+00  0.452060003151896E+00
 0.164948346927612E+00 -0.220405562618343E+00  0.961360198267403E+00  0.410298537368166E+00  0.409191338738959E-01  0.911032784655170E+00
-0.102516952191181E+00  0.299704734852805E-01  0.994279661479857E+00 -0.203857105165053E-01 -0.237638899841628E-02  0.999789365607609E+00
-0.156319984777680E+00  0.163526858466973E+00  0.974075473933631E+00  0.243541384943465E+00 -0.108088737338557E+00 -0.963848753010749E+00
-0.376153762197460E+00 -0.675467421664211E-01  0.924091870328595E+00  0.806240924269957E+00  0.112842009651947E-02 -0.591586256348481E+00
 0.139300225664812E+00  0.573602285903910E-02  0.990233581116846E+00  0.957207747881320E+00  0.288370076948432E+00  0.244136461170138E-01
-0.132009061317426E+00  0.183489650684525E+00  0.974117629355800E+00 -0.353020287051738E+00  0.166270876158772E+00  0.920722907649909E+00
-0.395494277668066E+00 -0.368836435763118E+00  0.841156323156032E+00 -0.370696361315586E+00 -0.813619166357795E+00  0.447892911132372E+00
 0.157043126069534E+00 -0.113784151353704E+00  0.981015098484741E+00  0.286258459041395E-01 -0.876412686623195E-01  0.995740713726988E+00
 0.585513317649761E+00  0.148199989450930E+00  0.797001203249728E+00 -0.402693069851346E+00 -0.148572719318877E+00 -0.903196788395471E+00
-0.545685735923279E-01 -0.107461999610939E+00  0.992710526495875E+00 -0.450260727644527E+00 -0.156923640969129E+00  0.878999572267253E+00
-0.363038167688649E+00  0.172384295465265E+00  0.915689326943485E+00  0.848989269165208E+00 -0.300163330510528E+00 -0.434878369040303E+00
 0.137754627792891E+00 -0.205968041943954E+00  0.968814135022511E+00  0.135509457147990E+00 -0.167951009358618E+00 -0.976437220449363E+00
 0.212636663382957E+00  0.226217933594452E+00  0.950584607441978E+00 -0.599672686243169E+00 -0.789446581947302E+00 -0.131021996724304E+00
-0.228954349416665E+00  0.103089184794462E+00  0.967963080836044E+00 -0.190864612324774E+00  0.341793560593938E+00  0.920189035850043E+00
-0.150123543704080E+00 -0.936140920552525E-01  0.984225240173407E+00  0.541032048921135E+00  0.401804325259319E+00 -0.738808233740734E+00
 0.858545108195316E-01 -0.291064487285219E+00  0.952843359221930E+00  0.167356189993974E+00  0.329485359129293E+00 -0.929210042880587E+00
-0.446288630295767E-01 -0.273190643142672E+00  0.960924105787747E+00 -0.269110730776313E+00  0.462062096498044E+00 -0.845031380222576E+00
-0.396654919391569E-02  0.232386058485013E-01  0.999722078222598E+00  0.126116369209064E+00  0.362486492426217E-01 -0.991352962796606E+00
-0.263572193253658E+00 -0.668865135376154E-01  0.962317979282440E+00  0.171432075636894E+00 -0.206166659305004E+00  0.963382765069959E+00
 0.320065765584421E+00  0.114730606725424E+00  0.940422667517789E+00  0.582360118116460E+00  0.317735756625173E+00  0.748265114641336E+00
-0.470001482127248E+00 -0.101199194977192E+00  0.876845100193962E+00 -0.783382540523409E+00  0.926330616491592E-02  0.621470825028805E+00
 0.356739539515207E+00 -0.574237549672011E-01  0.932437350877765E+00 -0.837412949633397E+00 -0.811966335641203E-01 -0.540505928259947E+00
-0.631971925918372E+00 -0.762716942057969E-01  0.771228963093322E+00 -0.916405410665301E+00  0.515475100553958E-01  0.396918099247755E+00
 0.122440106105723E+00  0.366512897453565E+00  0.922321373717975E+00  0.903362115291382E-02 -0.318618892064350E+00 -0.947839857417144E+00
-0.278892086666791E+00 -0.101421522730331E-01  0.960268889812595E+00  0.544694784285411E+00  0.134878952923342E+00 -0.827716896064453E+00
 0.183607345374352E+00  0.182083640333033E+00  0.965988556168060E+00 -0.422797332171164E+00 -0.445493869726493E+00 -0.789162611851994E+00
 0.307846588788624E-01 -0.387992087529605E-01  0.998772709968518E+00 -0.265321750208100E+00  0.413057204678863E+00  0.871199239284214E+00
-0.585640980150530E-01 -0.276682187684604E+00  0.959175277747370E+00  0.165473234509512E-01 -0.102761542413815E-02 -0.999862555601093E+00
 0.317210757677969E+00 -0.307491841613416E-01  0.947856435799631E+00 -0.962613357090854E+00 -0.895655601576127E-01 -0.255643375004964E+00
 0.359966404350677E+00  0.137630026457351E+00  0.922757911673584E+00  0.398450157393772E+00  0.391569334768758E+00  0.829403959564717E+00
 0.466764904479507E+00 -0.624647796116469E-01  0.882172701490080E+00  0.882352264640170E+00 -0.567232198493160E-01  0.467158385790398E+00
 0.293859730328970E+00 -0.291483737053390E+00  0.910320652256322E+00  0.621584803335812E+00 -0.190081480682341E+00  0.759935104442207E+00
 0.695715971675671E-01  0.235887229427700E+00  0.969286855301606E+00  0.670407289815195E+00  0.647817410511448E+00  0.361782625896944E+00
 0.366718606838990E+00  0.241702858613612E+00  0.898385881198095E+00  0.494808974251991E+00  0.373514938782999E+00  0.784634099122403E+00
-0.429030541192663E+00 -0.138240812679274E+00  0.892649019734915E+00 -0.535602011243592E+00  0.304997539115415E+00  0.787468721083803E+00
 0.160650740569840E+00 -0.414765149291172E+00  0.895634529530787E+00 -0.841218521648619E+00 -0.536820295400061E+00  0.646170974425779E-01
-0.387530962008256E+00  0.256548218652670E+00  0.885439306215337E+00  0.319034675706348E+00 -0.621431091338137E+00 -0.715569894849718E+00
 0.413967584576349E+00 -0.210290083681704E+00  0.885668628565540E+00  0.917607398325545E+00 -0.241432173839698E+00  0.315764418472479E+00
 0.819284469312263E-01  0.910015027103269E-01  0.992474914588726E+00  0.669518208251075E-01 -0.182439325519913E+00 -0.980934934739324E+00
-0.578011312610781E+00  0.157517784431558E-01  0.815876708804608E+00 -0.750318934537472E+00  0.334599718609061E+00  0.570144301717811E+00
-0.739252673727190E-01  0.903456463229839E-01  0.993162987144786E+00  0.262123848008032E+00 -0.500148465246765E+00 -0.825313637968480E+00
 0.143531689155015E+00 -0.127011071119496E+00  0.981461584587694E+00  0.351406663611997E+00  0.469600730219488E+00  0.809931176672690E+00
 0.597408911855366E-01  0.117613784255072E+00  0.991260825249116E+00 -0.272211760239139E+00  0.108225350872085E+00  0.956131806298757E+00
-0.587297063964983E-01  0.844404564174939E-01  0.994696250574308E+00 -0.719752117555641E+00 -0.235966081694576E+00  0.652898841754126E+00
-0.456569093008095E+00  0.256675248193846E+00  0.851858251280337E+00  0.937444685257321E+00 -0.254965706490524E+00 -0.237044195450112E+00
-0.148969049115130E+00 -0.307680403079483E+00  0.939755815074629E+00  0.710617250100597E+00  0.574129605830010E+00 -0.406691922183048E+00
 0.843518959542950E-01  0.176559136837613E+00  0.980668970064860E+00 -0.312641496828448E+00  0.949617116495964E+00  0.219687623401416E-01
-0.183920076627829E+00  0.182500526659334E+00  0.965850383435384E+00  0.236552195067943E+00  0.298166202204100E+00 -0.924737787089790E+00
-0.400102888498632E+00  0.694385284550270E-01  0.913835854725044E+00 -0.225367433232230E+00 -0.103615202427380E+00  0.968748372831795E+00
 0.331228767640729E+00  0.621346716303333E-01  0.941502408955280E+00  0.528220652463687E+00  0.414849866390232E+00  0.740866067968323E+00
-0.242575911997437E+00 -0.349647198512660E+00  0.904933016024313E+00  0.481210260961973E+00 -0.640958870737494E-01 -0.874258772907164E+00
-0.101362129646925E+00 -0.222620586565512E+00  0.969621468981925E+00 -0.349244901919994E+00  0.637082145306478E-01  0.934863231646325E+00
-0.326031567233969E-01 -0.417969778496736E+00  0.907875706490188E+00  0.254865467715903E+00  0.654576792008023E+00 -0.711739289860016E+00
 0.198718702861206E+00  0.208242985067288E+00  0.957677261034961E+00 -0.710640192336764E+00 -0.237989872560090E+00 -0.662081065727151E+00
 0.159286754697566E+00 -0.555438486324093E+00  0.816159186487488E+00  0.245156206133863E+00 -0.913636650797148E+00  0.324293855807077E+00
-0.158404348611405E+00  0.142449356867923E-01  0.987271565552394E+00  0.527771402227663E+00 -0.147725938356182E+00 -0.836441506698126E+00
-0.233851319963794E+00 -0.188432103491883E+00  0.953837985469658E+00  0.134440291070318E+00  0.562373963526243E+00 -0.815880710205060E+00
-0.188174640692595E+00  0.566821252862995E-01  0.980498567705859E+00  0.251648192045473E+00 -0.106661255644362E+00  0.961923367002077E+00
-0.158202699092445E-01  0.286273279202476E+00  0.958017394766222E+00  0.378798449590154E-01 -0.520101659775644E-01  0.997927883156327E+00
-0.167049822828064E+00  0.225337705942014E-01  0.985690918024469E+00  0.744901217357233E+00 -0.631621904350800E+00  0.214885891402814E+00
 0.232420547941830E+00 -0.112621741982658E+00  0.966072995237529E+00  0.335560558019485E+00 -0.489206117886873E+00  0.805031978323661E+00
-0.135489074283288E+00  0.336204874901036E-01  0.990208247577642E+00 -0.262526472224675E+00 -0.832270830484664E-01  0.961328822010716E+00
-0.215033384269345E+00  0.259177838281019E+00  0.941587750447960E+00 -0.660776317660689E-01  0.340142111192181E-01  0.997234566199009E+00
 0.275713569202906E+00  0.223648554562628E-01  0.960979625693394E+00  0.451638900580615E+00  0.786556816071346E-02  0.892166148382600E+00
 0.178826401784667E-01  0.197377921820187E+00  0.980164357216784E+00  0.387291525521846E+00  0.467049997896205E+00  0.794902241614726E+00
 0.113712819248126E+00 -0.925116569643455E-01  0.989197143174380E+00 -0.310808918035435E-01 -0.105923396342643E+00  0.993888430495061E+00
 0.518547306724704E+00  0.181945136910660E+00  0.835466730542346E+00  0.494155823955221E+00  0.331593239802762E-01  0.868740744344541E+00
-0.184591904305709E+00 -0.170794669229500E+00  0.967861048822391E+00  0.420536059964335E+00  0.130675618297863E+00 -0.897815852528872E+00
 0.253151841802734E+00 -0.202185251450338E+00  0.946063036529727E+00  0.631132961073253E+00 -0.431102536904012E+00  0.644842452170941E+00
-0.178214685126473E+00  0.329734564143772E-01  0.983439005316223E+00 -0.702918107613830E-01 -0.475180030296691E-01  0.996394048922392E+00
-0.220933080948361E+00 -0.997885555817066E-01  0.970170509713412E+00 -0.917655756513844E+00 -0.371108011148536E+00  0.142080106272421E+00
 0.235627288443047E+00 -0.765391253251169E-01  0.968824825876919E+00 -0.880371130744112E-01 -0.424588105993557E-02  0.996108146345340E+00
-0.440165177178156E+00 -0.105028014498788E+00  0.891753179400087E+00 -0.857760802002372E+00  0.291473750189883E+00  0.423425860686961E+00
-0.679804431861700E-02 -0.580553295795481E+00  0.814193869624702E+00  0.602622525402048E+00 -0.758092383270864E+00  0.249283032524799E+00
 0.347928384324623E+00 -0.120096522601611E+00  0.929797109395517E+00 -0.734254416708544E+00 -0.185900876974057E+00 -0.652925198996234E+00
 0.153521960173750E+00  0.564885813307737E-01  0.986529294001778E+00 -0.616790025395318E+00  0.163948437158114E+00 -0.769864257207889E+00
 0.192242515375053E-01 -0.267900786601243E-01  0.999456212066445E+00  0.565902654644593E+00  0.672496594177743E-01  0.821724813288728E+00
-0.604999484083922E-01 -0.105744853683170E+00  0.992551148385869E+00 -0.422114265372852E+00 -0.304130624254329E+00  0.854004748440786E+00
-0.250251225525810E-02 -0.490317904308039E+00  0.871540068010292E+00  0.246021047156327E+00 -0.312135550479497E+00  0.917630122916072E+00
-0.586221979080415E-01 -0.772043345066112E-01  0.995290374034544E+00  0.156377934206726E-01  0.356604797815520E-01 -0.999241607219536E+00
 0.434713857753034E-01 -0.348641187942114E-01  0.998446158708359E+00 -0.271913287609653E-02 -0.907263539472808E-02 -0.999955145795748E+00
-0.144046965165135E-01 -0.725379099750834E-01  0.997261628829022E+00 -0.300716887436101E+00  0.139621401776104E+00 -0.943437977705381E+00
-0.113458540881105E+00  0.535342149429702E+00  0.836980252183477E+00  0.186237942771123E+00 -0.918854295989837E+00 -0.347882467815497E+00
-0.711588014511150E-01  0.113671985481298E+00  0.990966752566795E+00  0.871843770544918E-01  0.389778456163507E-02 -0.996184567072353E+00
 0.948548808027609E-01 -0.603219721117893E+00  0.791914464852326E+00  0.208394166124748E-01  0.831088921360436E+00 -0.555748975264191E+00
 0.597213003732208E-01 -0.200981066139297E-01  0.998012741598156E+00  0.495658665041345E-01  0.939999893981590E+00  0.337555068384841E+00
 0.460675254513297E+00 -0.347949641002906E+00  0.816522723018201E+00 -0.287143605109933E+00  0.709863455770789E+00 -0.643150390037683E+00
 0.280355807113909E-01 -0.429037893135495E-01  0.998685771940661E+00  0.522115292537222E+00 -0.633156235569854E+00 -0.571409487721181E+00
-0.223257569571436E+00 -0.156155653371513E+00  0.962170187414457E+00 -0.797794003744942E+00 -0.303532763241469E+00  0.520953538453877E+00
-0.647682286772866E+00 -0.221089281587558E+00  0.729127687697956E+00  0.960377459743140E+00  0.251354427220252E+00 -0.120399695739205E+00
-0.888338898721143E-01 -0.214598937048899E+00  0.972654016712866E+00 -0.496506224462809E+00  0.572716892376071E-01  0.866141745144268E+00
-0.257277627662374E-01 -0.335497103296549E+00  0.941689851226331E+00  0.111055237641220E+00 -0.883965293587516E+00  0.454171877074295E+00
-0.215907082982941E+00 -0.147135907105899E-01  0.976303048118871E+00  0.181632192984052E+00  0.113323500651192E+00 -0.976814993062639E+00
-0.772115367136765E-01 -0.406531821525875E+00  0.910368198414887E+00 -0.106838058224436E+00  0.930353935626674E+00 -0.350752311152459E+00
 0.640419421865478E+00  0.538379977180423E-01  0.766136041509077E+00 -0.979442840896969E+00 -0.113076672183428E+00 -0.167049057535791E+00
-0.451675285238218E+00 -0.115551160482227E+00  0.884667941103432E+00 -0.783065592424402E+00 -0.299869236064269E+00  0.544873122133265E+00
-0.131041287675015E-01  0.306016401100497E+00  0.951936050408190E+00  0.346156334965550E+00 -0.680929428303532E+00 -0.645376560957588E+00
 0.666233787019937E-01 -0.323755860372363E-01  0.997252799865248E+00  0.189366385051832E-01 -0.370174126594768E-01  0.999135183487261E+00
 0.333930754430572E+00 -0.360290433091485E+00  0.871022993421057E+00 -0.705603340681117E+00  0.637431281761856E+00 -0.309524290890207E+00
-0.177841941039055E+00 -0.155672489138329E+00  0.971667803383923E+00  0.470252566362586E+00  0.325699865720683E+00 -0.820232967698160E+00
-0.129087407570735E+00 -0.252946936964415E+00  0.958829645081433E+00  0.283110888379195E-01  0.365486620769769E+00 -0.930385948027541E+00
-0.321042424012313E+00  0.292491180877850E+00  0.900766712913493E+00 -0.679437790301409E+00  0.278333034704747E+00  0.678892488471027E+00
-0.284816241052304E-01 -0.143525039011286E+00  0.989236756426457E+00 -0.417772961786880E-01 -0.264717762108330E+00  0.963420554040838E+00
-0.209929132641989E+00 -0.592722620271107E+00  0.777566495347591E+00  0.294597232133229E+00  0.775447434931123E+00 -0.558474481492379E+00
 0.107985265884537E+00  0.130090105338897E+00  0.985604254680732E+00  0.359630213984026E+00  0.259452562069066E+00  0.896298207755433E+00
-0.977778567871736E-01  0.326479702380904E-01  0.994672609837749E+00  0.222830508576323E+00  0.101139637524293E+00  0.969596482135260E+00
 0.550153305909452E+00  0.170510881865095E+00  0.817470109033039E+00  0.619800570607188E+00 -0.978763953798959E-01  0.778631789681389E+00
-0.245325531446176E+00 -0.229473820526701E+00  0.941890200242858E+00  0.766577418714900E-01 -0.294911072619652E+00  0.952444775227147E+00
-0.252244935884992E+00  0.231121153562198E+00  0.939657120814000E+00  0.565479827523595E+00 -0.721292363115530E+00 -0.399962362698166E+00
 0.291399943750447E-01  0.198272412486248E+00  0.979713688367528E+00  0.106868270755595E+00  0.110531465069007E+00  0.988110301502524E+00
-0.205743227225415E+00  0.535892842754597E+00  0.818833673913859E+00 -0.303570051923286E+00  0.841359019437439E+00  0.447169122353684E+00
 0.353413389584742E+00 -0.476380518584100E+00  0.805084205270335E+00 -0.707018873856061E+00  0.689277826495735E+00 -0.158178348431833E+00
 0.251381206920558E+00  0.114283927803395E+00  0.961117408360182E+00 -0.962140191320304E+00  0.272295337637357E+00 -0.118954338755355E-01
-0.673389294131348E-01  0.460646138804680E+00  0.885025764251998E+00  0.434713123656879E+00 -0.545809986874951E+00 -0.716321127950338E+00
 0.308343326655559E+00  0.251763267347265E-01  0.950941925397723E+00  0.438277310010114E+00  0.194678047081122E+00  0.877504106836531E+00
 0.606398892359547E-01 -0.891135072036992E-02  0.998119928496466E+00 -0.299414681245216E-01  0.732334571254120E-01 -0.996865271360182E+00
-0.307318599620001E-02  0.188271695721056E+00  0.982112174915957E+00 -0.499835137107715E-01 -0.598384094200627E-01  0.996955873203625E+00
 0.133549493164737E+00  0.542115448712570E+00  0.829623633428201E+00 -0.434875303572700E+00 -0.899984749976339E+00 -0.301814537850357E-01
 0.440935567174881E+00  0.543919333852781E+00  0.713952087931196E+00  0.691141436435567E+00  0.639920565402585E+00  0.335894603732506E+00
-0.322551081381162E+00  0.410408042710079E-01  0.945661912252276E+00  0.266555211857502E+00 -0.980184963453999E-01 -0.958822555745217E+00
-0.121265017268673E+00  0.152156082530315E+00  0.980889046801857E+00  0.126189539767101E+00  0.436961982871233E-01 -0.991043310006490E+00
 0.110969146287207E+00  0.900726488969011E-01  0.989733684630863E+00  0.791199082399014E-01 -0.752764581462244E-01  0.994018860469493E+00
-0.878748029582137E-01 -0.184486794184174E+00  0.978898688208694E+00  0.139651759247238E-01 -0.254220363776580E+00  0.967045490399854E+00
-0.333240182759126E+00  0.518269014184316E+00  0.787621869637380E+00 -0.270627162096561E+00  0.929443317678911E+00  0.250790865777803E+00
 0.221480251472805E+00  0.427848743426513E-01  0.974225822248120E+00 -0.763515481940393E+00 -0.350327645514706E-01 -0.644838595499068E+00
 0.446270140136022E-01 -0.295066844422646E+00  0.954433856766770E+00  0.544792701143033E+00 -0.426963617610838E+00  0.721736088898112E+00
 0.334103849396155E+00 -0.199672681164816E+00  0.921143549190420E+00  0.616981032362329E+00 -0.426228689061701E+00  0.661561418407889E+00
-0.329747704254653E+00 -0.598076039136410E+00  0.730459788728777E+00 -0.698402390597624E+00 -0.633519307405316E+00  0.332997579499029E+00
-0.232823537039616E-01 -0.336050228935783E+00  0.941556251977656E+00  0.934960742911603E-01  0.501579157821098E+00 -0.860044668916458E+00
-0.106445509871526E+00 -0.476306738792655E-01  0.993177059911272E+00  0.621466151544132E-02  0.192381642928874E-01  0.999795614621753E+00
-0.226732903939235E+00 -0.224945773138933E+00  0.947624181528843E+00 -0.104021532332060E-01  0.234747771037352E-01 -0.999670310676496E+00
-0.428364595020688E+00 -0.868927631062660E-01  0.899418379538978E+00 -0.643947776618633E+00 -0.309139905172020E+00  0.699831251101402E+00
 0.273467850896100E+00  0.194068370169496E-02  0.961879185902803E+00 -0.385113120279482E+00  0.908624556379943E+00  0.161521825559127E+00
 0.268720991305766E+00  0.372840251311109E+00  0.888132408953707E+00 -0.617794846485432E+00 -0.704258610800811E+00 -0.349784700593026E+00
-0.938283442408308E-01 -0.435179178087731E+00  0.895441413368798E+00 -0.177406883633572E-01 -0.796079550373657E+00  0.604931911419187E+00
 0.753319117020610E-01  0.235600658738375E+00  0.968925917024288E+00 -0.944036958493880E-01  0.860173602423862E+00  0.501187904785353E+00
 0.118418880641787E-01 -0.129582872180347E+00  0.991497881452385E+00 -0.300566997714151E-01 -0.107405785650871E-01  0.999490487584018E+00
 0.843127724650772E-01  0.112174669039270E+00  0.990105145944198E+00  0.224552642174825E+00 -0.273229556123048E+00  0.935372503633236E+00
 0.507730271349831E+00 -0.217025141575353E+00  0.833732606702667E+00  0.841457156475499E+00 -0.418291170937891E+00  0.342026826625597E+00
 0.222405555501335E+00 -0.622261860127076E+00  0.750550428894244E+00 -0.273040369953009E+00  0.815232125130120E+00 -0.510730397109622E+00
-0.310603778284868E+00  0.699328232148118E-01  0.947963445050689E+00 -0.955106756977055E-01 -0.158745370457159E-02  0.995427139884434E+00
 0.133648087700017E-02  0.277210533506671E+00  0.960808271161220E+00  0.511246137602142E-01  0.221158384623709E+00  0.973896936425257E+00
-0.345872124662408E+00 -0.362765793219894E+00  0.865316966579908E+00  0.522678817681504E+00 -0.808116455553900E+00 -0.271578069457139E+00
 0.189270524755457E+00 -0.375938717899853E+00  0.907109006042057E+00 -0.520647049544581E-01 -0.710470069792256E+00  0.701798793406908E+00
-0.278668304889442E+00 -0.708033148522556E+00  0.648870585281288E+00  0.586539585344791E+00  0.793234840999649E+00 -0.163553666567955E+00
 0.305163499404422E-01 -0.118369084288853E+00  0.992500635904548E+00  0.182494517591551E+00 -0.281593978261797E-01  0.982803540573137E+00
 0.162626516875142E+00  0.171309607198137E+00  0.971702441332057E+00 -0.506980674633909E+00  0.412120922432731E+00 -0.757051478329540E+00
 0.412047673936753E+00  0.265720140817809E+00  0.871555804964361E+00  0.731992575344162E+00  0.626612995591244E+00  0.267475276235372E+00
-0.222210931574734E-01  0.130264203601143E+00  0.991230276110979E+00  0.140602914746611E+00  0.210240373873937E+00  0.967486333525236E+00
-0.437280727602190E+00 -0.217517480152334E+00  0.872623464671835E+00 -0.811304805098793E+00 -0.366015772924276E+00  0.455869462888506E+00
 0.481599487621395E+00  0.320049579713814E+00  0.815861630454466E+00 -0.664316664726134E+00 -0.601051943772881E+00 -0.444319625780796E+00
 0.159594968619662E+00  0.254928904926518E+00  0.953698432117960E+00  0.178155702529301E-01  0.100469678698933E+00  0.994780603509485E+00
-0.259318526817404E+00  0.776166312150320E-01  0.962667938703726E+00 -0.536636322497483E+00 -0.895765155456506E-01  0.839045591871549E+00
 0.101855707399545E+00 -0.419228672817278E+00  0.902148953753205E+00  0.900640723963101E-01 -0.182992667507446E+00  0.978980156337145E+00
-0.212455606361185E+00 -0.370633530504084E-01  0.976467574057819E+00 -0.944720451699567E+00  0.326874493540795E+00  0.256190088218541E-01
 0.245979206002228E-01  0.612102032433626E-01  0.997821754283325E+00  0.384704471491497E+00 -0.585084790719305E+00 -0.713917542355835E+00
 0.494560019510982E-01  0.478499663336240E+00  0.876693889597799E+00  0.350700121128793E+00 -0.871550233209252E+00 -0.342650866091346E+00
-0.412097094065044E-01  0.225817115179486E+00  0.973297688450274E+00  0.709867801196026E+00  0.630293537521279E+00  0.314352924885439E+00
 0.205963177757782E+00 -0.325736951380819E+00  0.922753817609576E+00 -0.149851376672475E-01 -0.409312875148549E+00  0.912271021071437E+00
-0.841203405769833E-01 -0.392899417750971E-01  0.995680706238964E+00  0.756090022876635E-01 -0.886249652088223E-01 -0.993191267739905E+00
 0.134047687667314E+00  0.564759268391991E+00  0.814296129302104E+00 -0.230892051671815E+00 -0.880321284948384E+00 -0.414395096184312E+00
-0.590415896137281E-01  0.142020478780677E+00  0.988101348193995E+00  0.250314376090913E+00  0.112719534100401E-01 -0.968098990903585E+00
-0.180071273341924E-01 -0.263241679145568E-01  0.999491261366890E+00 -0.569277542377570E-01  0.170023987981425E+00 -0.983794223559143E+00
 0.357015953526119E+00  0.155839949370162E+00  0.921006796450570E+00  0.661656095108092E+00 -0.156240053518720E+00  0.733348660244757E+00
 0.173992589807172E+00 -0.308560052145193E+00  0.935156282613954E+00  0.870615041716368E-01 -0.994780488055291E+00 -0.532172441587319E-01
 0.234887611021171E+00 -0.217989045511601E+00  0.947263736361584E+00  0.547550319726861E+00  0.398191787662780E+00  0.735956484858264E+00
-0.783191526501343E-01  0.192442622864164E+00  0.978177870958716E+00 -0.281596451358310E-01 -0.547628445488893E+00 -0.836247642793236E+00
 0.113337935713159E+00  0.268941942958204E+00  0.956464711134784E+00  0.925384273327783E+00 -0.347517840213216E+00 -0.151311920915549E+00
-0.536695191406284E-02 -0.176708496618601E+00  0.984248598195571E+00 -0.231660323659107E+00  0.919430626369417E+00 -0.317774790907176E+00
-0.293380130280431E+00 -0.175996209304738E+00  0.939656018693543E+00  0.426956198516585E-02  0.139594052906564E+00  0.990199611812474E+00
-0.547512766694584E+00  0.369869681196386E+00  0.750617205530306E+00  0.759397678825185E+00 -0.637981285722818E+00 -0.127652044489631E+00
-0.778953212175087E-01  0.277875584178312E+00  0.957453643081472E+00  0.887424781220017E+00 -0.387156737739758E+00 -0.250173775802567E+00
 0.326448153550182E+00  0.205055702774073E+00  0.922704590756710E+00 -0.497200172680993E+00  0.638371670770295E-01 -0.865284233293066E+00
-0.648142154563075E-01 -0.325148773309184E+00  0.943439130357818E+00  0.321879210015189E+00  0.584161367322515E+00 -0.745083398746669E+00
 0.241743343546882E+00 -0.509716181651918E+00  0.825681276288232E+00  0.526068103455006E+00 -0.778656881357886E+00  0.341973407798420E+00
 0.365283154706458E+00  0.322715779288836E+00  0.873168221298563E+00  0.983623856144364E+00  0.162689003455280E+00 -0.775654419082299E-01
-0.351910509601706E-01 -0.210999565680955E-01  0.999157836262691E+00  0.226227018942956E+00  0.314878872853741E+00 -0.921776888043165E+00
 0.433247757083173E+00  0.578887967901070E-01  0.899413847007368E+00  0.640494995734081E+00  0.351812958549632E+00  0.682637387370597E+00
-0.224129578571114E+00 -0.360692642837770E+00  0.905354488259841E+00 -0.258428910270740E+00 -0.511450513518664E+00  0.819532104653486E+00
 0.106751449378747E+00 -0.191847164668954E+00  0.975601759666320E+00 -0.185376777802241E+00  0.259603373905852E+00 -0.947756054324296E+00
-0.756692710500964E-01  0.546224868458182E-01  0.995635749332820E+00  0.666150430147065E+00  0.664895696896132E-01  0.742847724326709E+00
-0.528466056443740E+00 -0.145245000251144E+00  0.836437395797705E+00  0.967237947832343E+00  0.113900068889626E-01 -0.253615890701168E+00
 0.333247817477608E+00  0.408004789705945E-01  0.941956056863684E+00  0.657984106103822E+00  0.134273627929379E+00  0.740963905300007E+00
-0.238098361974848E-01 -0.390407829811422E+00  0.920334079626624E+00 -0.114691349504729E+00 -0.892040435294425E+00  0.437161018560114E+00
-0.163980104665372E+00 -0.220599309851296E+00  0.961481393354580E+00  0.174290540149111E+00 -0.233468201007128E+00  0.956616645649147E+00
-0.576770469270408E-01  0.412078838353127E-01  0.997484470339058E+00 -0.383985242003160E+00 -0.322893757857360E-01  0.922774474145846E+00
 0.669078403308846E-01  0.984924800285508E-01  0.992885981510507E+00  0.128204690094699E+00  0.958192225185725E+00  0.255795263895464E+00
 0.148442865497476E+00  0.236286132477781E-01  0.988638662160693E+00 -0.483859481038997E+00  0.586401057917146E+00 -0.649625893789898E+00
-0.756273972363137E+00  0.193826347218118E+00  0.624884810065154E+00  0.939592260821947E+00 -0.330650063582579E+00 -0.885263737896179E-01
 0.416009135185062E-02 -0.111248459824976E+00  0.993783917069760E+00 -0.408569868137704E+00  0.517025794483382E+00  0.752166863593955E+00
 0.206129235830706E+00 -0.648367625288794E-01  0.976374381249643E+00 -0.457831143650094E+00  0.250803132333332E+00 -0.852929324572579E+00
-0.288672718824735E+00 -0.614548685452780E-01  0.955453484235846E+00 -0.732537744665800E+00 -0.231834110403143E+00  0.640032341287163E+00
 0.131434601122217E+00  0.443858145195521E-01  0.990330674622007E+00 -0.284524622207977E+00  0.129288302260998E+00 -0.949910666460734E+00
-0.225867103866870E+00  0.382164210541809E-01  0.973408216809681E+00 -0.114481538295002E+00  0.303344047183729E+00  0.945979051791215E+00
-0.324366157130935E+00 -0.411559926325062E+00  0.851707122872304E+00 -0.684287575279083E+00 -0.574569430374709E+00  0.449021696577744E+00
 0.118943689147266E+00 -0.275094691519479E+00  0.954031084142357E+00  0.485816921123442E+00 -0.872869009063234E+00  0.456246881316178E-01
-0.762207239026284E-01 -0.535739968779276E+00  0.840935840061618E+00 -0.437732697753329E-01 -0.892961169366554E+00  0.448000279973900E+00
-0.280831674290619E+00  0.284578876080864E+00  0.916596112801969E+00 -0.530284654737083E+00  0.483414729013321E+00  0.696497225208651E+00
 0.753388606360116E-01 -0.538312170494926E-01  0.995703899836210E+00  0.114471532117489E-01 -0.109826438345319E-02  0.999933876063158E+00
 0.154611315658232E+00 -0.232972976044196E+00  0.960114021095172E+00 -0.634472918739893E-01  0.142679224987465E+00 -0.987733304040536E+00
 0.150600875682405E+00 -0.487440141921071E+00  0.860070627499660E+00 -0.402645770982194E+00  0.706322946964522E+00 -0.582223563334144E+00
 0.171862855909308E+00  0.208415131420521E+00  0.962822045735173E+00  0.954951558356793E+00 -0.160019539974873E+00 -0.249922524031275E+00
-0.277526459669616E+00 -0.323801887608201E-01  0.960172165582331E+00 -0.793329739437848E-01 -0.152481919404871E+00  0.985117020206149E+00
 0.151978286545913E-01  0.835582377851575E-01  0.996386996554263E+00 -0.152585936289533E+00 -0.988290185160558E+00  0.204846177726716E-03
 0.545447659297400E+00  0.437264584459923E-01  0.837003493301407E+00  0.904993842519730E+00 -0.193228964754929E+00  0.379010174244851E+00
 0.265296810288159E+00 -0.404523149938953E+00  0.875202047309303E+00  0.527106738216691E-01 -0.810180178261337E+00  0.583806186690150E+00
 0.631733168489542E+00  0.991458272072244E-01  0.768819425338329E+00  0.960101179412470E+00 -0.279618871169536E+00 -0.436029547847124E-02
 0.181781072446554E+00  0.153574851560630E+00  0.971272570738159E+00  0.349234645229832E+00  0.207621057802117E+00  0.913744307193388E+00
 0.220037356445918E+00 -0.709095241731785E-01  0.972910787867945E+00 -0.607591762300641E+00 -0.106648517010277E+00 -0.787056760471511E+00
-0.139629854083894E+00  0.736802162830626E-01  0.987458722973772E+00  0.571491777763096E+00 -0.781111403143843E+00 -0.251519629110399E+00
 0.463712770948772E+00  0.704859777744832E-03  0.885985309828388E+00 -0.932801347275305E+00 -0.222275677066673E+00 -0.283681458516288E+00
 0.263986167786545E+00 -0.193661646688156E+00  0.944884368491407E+00 -0.929183104144845E+00  0.219525347689410E+00 -0.297367417000575E+00
-0.402270335707338E+00 -0.342543159816585E-01  0.914879893126160E+00  0.561355500760797E+00  0.465334899368089E-01 -0.826265475546386E+00
-0.179618879372131E-01  0.698188387123599E-01  0.997397964877906E+00 -0.104269189156984E-01 -0.116111882237456E+00  0.993181408487493E+00
-0.137439739922247E-01 -0.360187618249714E+00  0.932778635496386E+00  0.327898638103111E+00 -0.326586594757948E+00  0.886466964559048E+00
 0.996245806207070E-01 -0.929080614784114E-02  0.994981720363380E+00 -0.195929979769074E+00  0.191292579540059E+00  0.961778868576660E+00
-0.733932805445172E-01 -0.127071697620340E+00  0.989174509393969E+00 -0.138884963107111E-01  0.734903910942540E-02  0.999876543026386E+00
 0.193088029652511E+00  0.103708099024060E+00  0.975685217168799E+00  0.882437652738294E+00 -0.469526314719623E+00  0.291346669028557E-01
 0.583204617671006E-01  0.210789000370807E+00  0.975790305886438E+00  0.228128832014526E+00 -0.614765364112710E+00 -0.754997207339904E+00
-0.374535139785982E+00  0.142177187223031E+00  0.916247279122204E+00 -0.506197955076538E+00  0.822103874014965E+00  0.260593266616613E+00
 0.945712575928542E-01  0.116317259180044E+00  0.988699434840614E+00  0.391880138330479E-01 -0.233143239775492E-02  0.999229134880882E+00
-0.389497145502153E+00  0.115595834165166E+00  0.913744809434962E+00  0.927845085892204E+00  0.146914709298366E+00  0.342811266993175E+00
-0.290388133425282E+00  0.100948769851336E-01  0.956855697283784E+00  0.917462412355686E+00 -0.318213721577689E+00 -0.238752485461748E+00
 0.848662997886746E-01 -0.461808008394567E+00  0.882910569957582E+00  0.259178821374828E+00  0.963539337069693E+00 -0.664701772981874E-01
 0.539311065572682E+00 -0.247274357688380E+00  0.804983830011918E+00  0.324176410991225E+00 -0.653686516987365E+00  0.683815466383860E+00
-0.134590984121001E+00 -0.169364203674255E+00  0.976320149083858E+00 -0.456426801132093E-01 -0.163086481848448E+00 -0.985555450084052E+00
 0.232754190718785E-01  0.294531496326106E-01  0.999295135004543E+00 -0.255975297691604E+00 -0.394199169897675E+00 -0.882657159617299E+00
 0.143607318345541E+00  0.318146604524140E-01  0.989123230693678E+00  0.812590583459140E-01  0.333025534444343E-01 -0.996136489328052E+00
 0.195205495013121E+00  0.140483858229331E+00  0.970648803787283E+00 -0.696582999361735E+00 -0.139230276424679E+00 -0.703837378324650E+00
-0.291960027732054E+00  0.102574575641262E+00  0.950914190996597E+00 -0.757306454719592E+00  0.621846228138487E+00  0.199484842005551E+00
-0.865527951874856E-01  0.145838868790478E+00  0.985514910082616E+00  0.219466764780559E+00  0.573859835115160E+00  0.788998877564699E+00
 0.399264219279017E+00  0.105261469108660E+00  0.910773356178475E+00 -0.260617827278170E+00 -0.149487864762193E+00 -0.953798577475164E+00
 0.483731882820822E+00  0.110920288102131E+00  0.868159061019329E+00 -0.988039311725980E+00  0.998250120686889E-01 -0.117529934270118E+00
 0.274401944610586E+00 -0.470810130669664E-01  0.960461842554152E+00  0.923326550043002E+00 -0.373508405780557E+00  0.892163258431737E-01
-0.265710325584265E-01 -0.365205550603602E+00  0.930547626957965E+00  0.694408954062897E-01 -0.265897736405294E+00  0.961496934898762E+00
-0.322694204406708E+00 -0.379862721318378E+00  0.866932963610750E+00 -0.697205031099652E+00 -0.174940356881858E+00  0.695198544405396E+00
 0.247626893215912E+00  0.225588210260158E+00  0.942226555106496E+00 -0.151024101143313E+00 -0.791803414614686E+00 -0.591809997785081E+00
 0.467884902983888E-01 -0.284285390764225E+00  0.957597333837991E+00 -0.787909431066373E+00 -0.594609673880566E+00 -0.160118906329989E+00
 0.634992853477031E-01  0.251717922569129E-01  0.997664383264686E+00 -0.165644433304843E+00 -0.947093200500547E-01 -0.981627254313354E+00
-0.132337874703123E-01 -0.317054962655027E-01  0.999409639925365E+00 -0.107213427453470E+00 -0.523328796418934E-01  0.992857769613587E+00
-0.945841848081096E-01  0.265515416152327E+00  0.959455781039252E+00 -0.753540357163035E+00  0.657385786205377E+00 -0.456708022080950E-02
-0.170760930493219E+00  0.582168325829200E+00  0.794934428124934E+00  0.233444348644883E+00 -0.834246786741562E+00 -0.499535819433546E+00
-0.132247511000869E-01 -0.257019510924676E+00  0.966315723230447E+00  0.230243864004072E-01  0.301919796020934E+00 -0.953055252543924E+00
-0.196498291430310E+00  0.949886797239566E-01  0.975892192913371E+00  0.216781531204757E+00  0.383447263584108E+00  0.897760526966061E+00
 0.309341046701081E+00  0.313876876852147E+00  0.897657742685609E+00 -0.450690241760972E+00 -0.796768395625957E+00 -0.402539972813974E+00
-0.604853544071892E-01 -0.113491324991050E+00  0.991696143510709E+00  0.357084997368218E+00  0.137079608569137E+00 -0.923958595159476E+00
 0.544147004426431E-01 -0.238328580714308E+00  0.969658975099205E+00 -0.660051090175648E+00 -0.321597704340439E-01 -0.750532016321468E+00
 0.199468126271077E-01  0.452213949899962E-01  0.998777828198633E+00  0.211677285336537E-01  0.899449011543756E-01 -0.995721769383925E+00
-0.461499595780016E-01 -0.212345152354272E+00  0.976104357895502E+00 -0.747054919438584E+00 -0.649076226374586E+00 -0.143558349453932E+00
-0.116689888561583E+00  0.876034528272105E-01  0.989297278354811E+00  0.203341689727660E+00 -0.179801757849524E+00 -0.962457004282748E+00
-0.131827509840137E+00 -0.391044935242143E+00  0.910881642295428E+00 -0.683463910546767E+00 -0.239309819079616E+00  0.689643308872204E+00
 0.839148119417833E-01  0.216942028878235E+00  0.972571056757793E+00  0.827708488560745E-01  0.374886062735497E+00  0.923368521526655E+00
 0.305543295810237E+00  0.573861395063329E+00  0.759819974494872E+00  0.963312832606610E-01  0.792989349632369E+00  0.601571421557729E+00
-0.376513164556449E+00 -0.723130300136192E-01  0.923584680798647E+00 -0.300350457168591E+00 -0.495450154778646E+00  0.815057511472923E+00
 0.823163790289033E-01 -0.211713739927249E+00  0.973858976479442E+00  0.491373397166419E-01 -0.461974990518192E+00  0.885530705272995E+00
-0.227341024102663E-01 -0.885990268019354E-01  0.995807899666070E+00  0.388698184499492E+00 -0.902831126389607E+00  0.183874083516060E+00
-0.263994367615202E+00 -0.144827405135177E+00  0.953589008215416E+00 -0.749443911699096E+00 -0.215377494538654E+00  0.626056194014092E+00
 0.236112884227058E+00  0.207793916717125E-01  0.971503434262449E+00  0.467081919325557E+00  0.322194710322488E+00  0.823422764610842E+00
-0.152600371476825E+00 -0.198204182878339E-01  0.988089205306905E+00 -0.839362682472469E+00  0.542417490589805E+00 -0.354055528819949E-01
 0.888512807483566E-01 -0.615375486623347E-01  0.994142132702365E+00 -0.210102053725856E+00  0.296080005957175E+00 -0.931769154400690E+00
-0.206175682596711E+00 -0.231186518361286E+00  0.950812485000995E+00  0.385078457917786E+00  0.123007945755094E+00 -0.914649455545004E+00
 0.139154590532891E+00 -0.532854236140013E+00  0.834686985019694E+00  0.287503703096221E+00 -0.910022208638867E+00  0.298665700223509E+00
-0.670333509275051E-01 -0.236929827840269E+00  0.969211425099297E+00  0.111735230899135E+00  0.718769978493321E+00 -0.686210577150067E+00
-0.171431488104673E+00  0.128019349204375E+00  0.976843022760313E+00  0.678056421433591E+00 -0.208794903457832E+00 -0.704729861466582E+00
 0.236768362528784E+00 -0.471393339439776E-01  0.970421880266906E+00  0.433850482974522E+00  0.555596404281820E+00  0.709285833759484E+00
 0.299205965265401E+00 -0.146112975785206E+00  0.942935198545898E+00  0.691991145266267E+00 -0.256696158275561E+00  0.674726120140349E+00
 0.170211351685110E+00  0.999099894776108E-01  0.980329582212080E+00 -0.130161790681921E+00  0.140126479200551E+00 -0.981540869283258E+00
 0.250469970809856E+00  0.139021420342241E+00  0.958090725562322E+00  0.851809613476906E+00  0.349650509978494E+00  0.390083200433064E+00
 0.770839361838091E-01 -0.157743582196389E+00  0.984466875551566E+00  0.157457190454135E+00 -0.614135579850680E+00  0.773333513263042E+00
-0.198262472954902E+00  0.216708352016023E-01  0.979909366584212E+00  0.335101792238746E+00 -0.355818865907618E+00 -0.872410295390074E+00
-0.590608504383757E+00  0.213691468991844E+00  0.778150082329681E+00  0.627184289906218E+00 -0.477555823005244E+00 -0.615288795939450E+00
 0.203635602730800E+00  0.204863224038845E+00  0.957373281816906E+00  0.400875375967147E-01  0.263328535463021E-01 -0.998849122817626E+00
-0.126315778902009E+00  0.204240218078839E-01  0.991779805871026E+00 -0.140845879905032E+00  0.709672169359836E+00 -0.690309966717765E+00
-0.840695229065471E-01 -0.297860543035162E+00  0.950900316658410E+00  0.164725545084720E+00 -0.418185090071366E+00  0.893301027223492E+00
 0.332726214461807E-01  0.267886303352344E+00  0.962875828514931E+00 -0.154989831295375E+00  0.599097610990052E+00  0.785531797383813E+00
-0.273832736795800E+00  0.346445698356999E+00  0.897212912495609E+00 -0.543657912211355E+00  0.281905864772935E+00  0.790547378653939E+00
-0.171887793149182E+00  0.384993792121260E+00  0.906771397097635E+00 -0.566415276118625E+00  0.607345527829313E+00  0.557050397006586E+00
-0.920509060793132E-01  0.313934503662081E+00  0.944971829262873E+00 -0.287190906117117E+00  0.616851943227651E+00  0.732813116408202E+00
 0.291280455657231E+00 -0.217037580430598E+00  0.931692215719841E+00 -0.431857958534832E+00  0.476076566412162E+00 -0.766061228991086E+00
 0.459780063406486E-01 -0.748380426580612E-01  0.996135176722542E+00 -0.968597467818595E+00 -0.160943168404152E+00  0.189515809048846E+00
-0.121145313969977E-01  0.336645009809172E+00  0.941553702929160E+00 -0.249643959477397E+00 -0.310995890078290E+00 -0.917038412418400E+00
-0.270804548310666E-01 -0.167058023288115E-01  0.999493654374400E+00 -0.853813593914927E-01  0.820093941448142E-01 -0.992967513436598E+00
 0.481981743525743E+00 -0.145781039879412E+00  0.863968452733989E+00 -0.821799765580476E+00  0.523615762441054E-01 -0.567365323777465E+00
-0.188058406356389E+00 -0.140970711643947E+00  0.971988320021025E+00  0.646385520861943E+00  0.758638907825150E+00  0.815644895398616E-01
-0.831809079176405E-01 -0.278552929231946E-01  0.996145079400666E+00  0.399749220406659E+00 -0.913396892640700E+00  0.768549106992024E-01
-0.318347287085827E+00  0.107904338599425E+00  0.941812963659194E+00 -0.543953184493273E+00  0.463335013977865E+00  0.699596739487656E+00
-0.316624699784294E-01  0.211943647948917E+00  0.976768845781319E+00  0.121429941272534E+00 -0.789758266319391E+00 -0.601279178204882E+00
 0.404801004641873E-01  0.467048435279415E-01  0.998088182004696E+00  0.110911926646867E+00  0.294235417243099E+00  0.949275546807806E+00
 0.158044149690090E+00  0.213729948806931E+00  0.964023628201987E+00 -0.310133230025489E-01  0.972955694831966E-01  0.994772208073426E+00
-0.570367510354156E+00  0.989704169699257E-02  0.821329989527991E+00  0.754382432290612E+00 -0.357597500801563E+00 -0.550482672998684E+00
 0.373756655549457E+00 -0.168204918589753E+00  0.912147503310018E+00 -0.147900847640724E+00  0.306804154829846E+00 -0.940210907108772E+00
 0.360336900915537E+00 -0.579061793201167E-01  0.931023196400140E+00  0.819358068485570E+00  0.216714129710518E+00  0.530742255328713E+00
-0.107539949950965E+00 -0.322485440203745E+00  0.940445798555739E+00 -0.499947465343404E+00 -0.674704127260517E+00  0.542979624437538E+00
-0.200618543307526E-01 -0.125779756857321E+00  0.991855319472414E+00  0.107705036484443E+00  0.265660003007882E+00 -0.958031517183927E+00
 0.794041661359531E-01  0.121384439207990E+00  0.989424477319222E+00 -0.887907162338144E-01 -0.122832945506117E+00  0.988447406900831E+00
-0.159489355114392E+00 -0.133730354118884E+00  0.978099860951035E+00  0.234013145052352E+00  0.240987260066269E+00 -0.941893299916959E+00
-0.468462436754925E-01  0.100281822609004E+00  0.993855616026650E+00 -0.495088299997948E+00  0.317881357111566E+00  0.808603127625692E+00
-0.204270961327069E+00  0.327473065679564E+00  0.922515455487302E+00 -0.761768962677282E-01 -0.996365938397448E+00 -0.381050820283587E-01
 0.443517152567634E-01  0.794648774386784E-01  0.995850520212466E+00 -0.487209098254994E+00  0.810284796228792E+00 -0.325677514695166E+00
-0.541283191958664E-01  0.207864809580116E+00  0.976658766406800E+00 -0.378395536415783E-01 -0.169280217345040E-02  0.999282393821190E+00
 0.115694449143083E+00  0.181280233730099E+00  0.976602412088072E+00 -0.217218875268311E+00  0.243383403163615E-01 -0.975819453289293E+00
 0.695086351965657E-01  0.123151540170862E-01  0.997505331622165E+00 -0.227992247782131E+00  0.119238292957149E+00  0.966334188800084E+00
 0.378569689901906E+00 -0.267754767760021E+00  0.885997953851673E+00 -0.189526812740065E+00  0.422850519583056E+00 -0.886158577987559E+00
-0.516735949891902E+00  0.551012820011575E+00  0.655262413291198E+00 -0.368643118724573E+00  0.709401636404628E+00  0.600709221906453E+00
-0.101607300692333E+00  0.361309450796097E+00  0.926893433578769E+00  0.132957248189434E+00 -0.560905426436943E+00 -0.817133693313086E+00
-0.140196843322720E+00  0.593576918299273E+00  0.792471631785443E+00  0.421527101265900E+00 -0.761611277585366E+00 -0.492202361588356E+00
-0.392642314919071E+00 -0.429660629388636E+00  0.813156661467122E+00  0.695548060328158E+00  0.349952478223354E+00 -0.627491959119055E+00
-0.499015714917100E-01 -0.314997862468780E+00  0.947779605078500E+00 -0.585675595943603E+00 -0.463122760255541E+00  0.665207791031790E+00
-0.224695278275362E+00 -0.134402911216824E-01  0.974336384671804E+00 -0.201287182865559E+00 -0.849671784821049E-03  0.979531902528910E+00
 0.192167802380490E+00  0.290759417218454E+00  0.937299576990750E+00 -0.628889696095706E+00  0.626079754139006E+00 -0.461000967029238E+00
-0.191770589264880E+00  0.842685290821040E-01  0.977815348672406E+00 -0.115704346711289E+00  0.722847147796150E+00 -0.681252159684713E+00
 0.135249872414399E+00  0.257133862149053E+00  0.956864488288807E+00 -0.108073544260512E+00 -0.840097766023534E-01 -0.990586930292437E+00
-0.727080840846783E-01  0.311868205802495E+00  0.947339303902392E+00 -0.495641630871696E-03  0.104936090707400E+00  0.994478844021542E+00
-0.165762801284308E+00  0.267003574540179E-01  0.985804130962235E+00 -0.116099084997876E+00 -0.317110470823858E+00  0.941255518845189E+00
 0.158022820828897E+00  0.350235285727299E-01  0.986814136777333E+00  0.742903364388061E+00  0.436641814735443E+00  0.507383993446226E+00
-0.567630754437163E-01 -0.171131389381352E+00  0.983611712432593E+00 -0.644209515721928E-01 -0.454886465762619E+00 -0.888216327402580E+00
 0.451907621766928E+00 -0.917574607519851E-01  0.887333122218092E+00  0.970594114652948E+00  0.194388365239831E+00  0.141986717901523E+00
-0.263821362730950E+00  0.293985072740702E+00  0.918678978518845E+00  0.292524377765874E+00 -0.116074525240863E+00 -0.949187122227644E+00
-0.217652061422779E+00  0.134253101822520E-02  0.976025500573053E+00  0.776640552379641E+00  0.354126667737783E+00 -0.520983450405461E+00
 0.535171929894265E-01 -0.934461344425095E-01  0.994184957647361E+00 -0.471265299208265E+00  0.707411307040828E+00 -0.526762052954587E+00
 0.192570589047747E+00 -0.192335370574750E+00  0.962249278232869E+00  0.419249086212438E+00 -0.152713770465417E+00  0.894935030055407E+00
 0.218784719700361E+00  0.130384228780326E+00  0.967022853561897E+00  0.111977308771751E+00  0.141508651043429E+00  0.983583440283591E+00
-0.195070907186347E+00 -0.289011517754321E+00  0.937240462087953E+00  0.511778297990466E-01 -0.917611354414922E+00  0.394170308351444E+00
-0.835684097812952E-01  0.131074137281606E+00  0.987844062300578E+00  0.107545179868331E+00  0.878515352170869E-01  0.990311133960984E+00
-0.563204788172676E-02  0.341816110934179E+00  0.939749980762166E+00  0.713536084339721E+00  0.662886979275092E+00  0.226819551742529E+00
 0.100921510679747E+00 -0.223678647118968E+00  0.969423907021663E+00  0.592696975353767E-02 -0.875353902038747E+00  0.483446395389479E+00
-0.109197005802132E+00  0.181950473599568E+00  0.977225684824515E+00  0.305141012409133E+00 -0.935948725027709E+00 -0.175752515387219E+00
 0.106866593181060E+00 -0.161570436173273E+00  0.981057860381666E+00  0.767868616544865E-01 -0.544042737093266E+00  0.835536521100857E+00
 0.872982835871447E-01  0.390613390848081E+00  0.916406126437893E+00  0.303397839593578E+00  0.505035871321690E+00  0.808015172882472E+00
-0.526041475507318E-01 -0.241755416980996E-02  0.998612516991599E+00 -0.639395910158243E-01 -0.362743965473516E-01  0.997294287989185E+00
-0.593611880474893E-01  0.139969872591801E+00  0.988374769062943E+00 -0.207365162238518E+00  0.552424091905063E-01 -0.976702598397599E+00
-0.265367534028942E+00 -0.131723357156123E+00  0.955106815525321E+00  0.632393284171703E+00  0.167174338707059E+00 -0.756393729887012E+00
-0.382806410888078E+00  0.102426449321867E+00  0.918132928427199E+00  0.408541413445230E+00 -0.138027797545431E-01 -0.912635412840868E+00
 0.145589690083295E+00  0.217681790254292E+00  0.965100140054459E+00 -0.474890552861548E+00 -0.392553443322256E+00 -0.787642531189557E+00
 0.127288917880068E+00 -0.308518677998895E+00  0.942663119417926E+00  0.637046185832019E+00 -0.492564311325664E+00  0.592918675979388E+00
-0.587200333454542E-01  0.556858742424842E+00  0.828528996878765E+00 -0.424904757445261E-03 -0.944251664488737E+00 -0.329224260294100E+00
 0.592197957203191E+00  0.271130397124838E+00  0.758808201879299E+00  0.521140285946927E+00 -0.164018319863464E-01  0.853313413858382E+00
-0.203122994852794E-01 -0.719451975569850E-01  0.997201734373796E+00  0.130414439410025E-01  0.401070787183204E-01 -0.999110275683629E+00
 0.380997662506359E-01 -0.146688161965204E+00  0.988448780135277E+00 -0.128267845075790E+00  0.472620404352198E+00 -0.871881478934825E+00
-0.101985677376651E+00 -0.275285119298376E+00  0.955937772400957E+00  0.494230226958654E+00 -0.673462505468698E+00  0.549713322094545E+00
 0.647628371658686E-01  0.383602826955373E-02  0.997893310835053E+00  0.854388224021465E-02 -0.323565694243543E-01 -0.999439870373077E+00
-0.457221327769370E+00  0.324942299211214E+00  0.827865423614336E+00  0.767007278112697E+00 -0.554238638423740E+00 -0.323294551454786E+00
-0.341563600749916E+00 -0.281417306322768E+00  0.896737757844950E+00 -0.172376178552976E-01  0.221439782303912E+00 -0.975021685576209E+00
 0.408176473040891E-01 -0.139084955377732E+00  0.989438878787433E+00  0.685315384066104E-02  0.333115559719653E-01  0.999421519940992E+00
 0.113307288057175E+00 -0.503778758531427E-01  0.992281980133497E+00  0.560054525625728E+00  0.445341488550218E-01  0.827257902900842E+00
-0.283926792263134E-01  0.170347153951738E+00  0.984974975776996E+00 -0.234504480657170E+00 -0.155320798853746E+00 -0.959626540897627E+00
-0.410053590625161E+00 -0.174866619980602E+00  0.895141172124248E+00  0.894269284569371E+00  0.277368784615434E+00 -0.351210768622976E+00
 0.274778407302011E+00  0.197288332735240E+00  0.941049488946846E+00 -0.616335195468278E+00 -0.463578408967559E-02 -0.787470276475851E+00
 0.231040767589174E+00 -0.162097381850073E+00  0.959345924319876E+00  0.540010707682686E+00 -0.344475699572998E+00  0.767935497285897E+00
-0.216658876849401E+00  0.439604075313742E-01  0.975257101308179E+00  0.773678210859677E+00 -0.889445751804999E-01 -0.627304462431863E+00
 0.282545935126233E-01 -0.531968871894637E-05  0.999600759261985E+00 -0.646632682030068E-01 -0.156023255185610E+00  0.985634519275067E+00
 0.212499286822217E+00  0.420746882559301E+00  0.881938837968189E+00  0.177143536331968E+00  0.615334102831136E+00  0.768104230836419E+00
 0.269305921912564E+00 -0.404871597023647E+00  0.873815375434849E+00 -0.413287400374122E+00  0.552804403302618E+00 -0.723602664714024E+00
 0.597414937212205E-01  0.306438149496868E+00  0.950014007507728E+00 -0.889004412362204E-01 -0.970699700377003E+00 -0.223246059844295E+00
-0.202018384085951E+00 -0.899154914513173E-01  0.975245495702682E+00 -0.556446899100251E+00 -0.113563339750013E+00  0.823085789177859E+00
 0.105697764140311E+00 -0.734001322305126E-01  0.991685637308660E+00  0.870034171090739E+00 -0.364369143952999E+00 -0.332077804240827E+00
-0.877575248588335E-01 -0.494358472042300E+00  0.864816927419124E+00  0.279950653128179E+00  0.589496598236221E+00 -0.757707986285633E+00
-0.392543188002755E+00  0.538902242013234E-01  0.918153412719337E+00  0.849360506405792E+00 -0.518585473933096E+00 -0.982641154424279E-01
 0.163754176110653E+00 -0.167289295996825E+00  0.972213382571546E+00 -0.907899102151810E+00  0.417634949913260E+00 -0.360592418512314E-01
 0.537751575472945E+00 -0.951751051701016E-01  0.837714117364764E+00 -0.782983357698036E+00 -0.356055744888420E+00 -0.510060161255378E+00
-0.219099583319057E+00 -0.477050106983088E+00  0.851127821197756E+00  0.289519831516142E+00  0.882191915898791E+00 -0.371370018555193E+00
-0.124963008948920E+00  0.195948026729601E+00  0.972619461667927E+00  0.342520872742387E+00  0.710118559063311E+00  0.615151269046599E+00
-0.112425504148686E+00 -0.284581262688944E+00  0.952036769743312E+00  0.354835521093288E-01  0.752751768893327E+00 -0.657347466685369E+00
 0.994205285468547E-02  0.758688129948576E-01  0.997068241796812E+00  0.163209505574010E+00  0.201136269953531E+00  0.965871036008155E+00
 0.202809179928612E+00 -0.127412619063476E+00  0.970893640436515E+00 -0.976205607563844E+00 -0.215492393284772E+00 -0.242000040765918E-01
 0.383606274983759E-01  0.315305387092123E+00  0.948214625034131E+00 -0.869192129565545E+00 -0.475468057085675E+00 -0.135776170930270E+00
 0.795284305003075E-01  0.884625145014973E-01  0.992899598282843E+00  0.208858302563816E+00 -0.951275835945973E+00  0.226831420652988E+00
-0.966636971181323E-01  0.164468080354723E+00  0.981634545135758E+00  0.413508401840883E-01  0.230787840527175E+00  0.972125033460652E+00
 0.459531291221314E+00 -0.140398922520898E+00  0.876994375662377E+00 -0.777332775874317E+00 -0.696780626793785E-01 -0.625218940158387E+00
-0.931578455024958E-01  0.482739326059695E+00  0.870795245104591E+00  0.297850215999738E+00  0.917850680435534E+00  0.262364969561367E+00
 0.176601586517213E+00 -0.111669348001463E+00  0.977927316499816E+00  0.203144578192009E+00 -0.577388098984297E-01  0.977444888565439E+00
-0.268390358971267E+00 -0.228161096262753E-01  0.963039999352465E+00 -0.606738354270442E+00  0.567393677181064E+00  0.556716251381389E+00
 0.536955346874112E+00 -0.544511098000556E-01  0.841851549921270E+00 -0.846443970717667E+00  0.689876471200428E-01 -0.527989875831488E+00
-0.144401479129087E+00  0.166718366677853E+00  0.975373363916403E+00 -0.183136395586908E-04 -0.426881571917868E-02  0.999990888396972E+00
-0.317037620359766E+00  0.183189572164829E+00  0.930552915167474E+00 -0.245625020373018E+00  0.453563574034613E+00  0.856707904525050E+00
 0.462570735681732E+00 -0.169796204021520E+00  0.870170996753365E+00  0.517094945195723E+00 -0.171891796361983E+00  0.838490326716106E+00
 0.756826154180085E+00 -0.134838630975870E+00  0.639556655774557E+00  0.909820477912451E+00 -0.353809287130043E+00  0.216900175914382E+00
 0.794099479985245E-01 -0.365149064781757E+00  0.927556047173366E+00  0.850630634145397E-01 -0.707811791882976E+00  0.701260823455828E+00
 0.213674249673662E+00 -0.283769146179915E+00  0.934782534444627E+00 -0.329994709149178E+00 -0.897048571161161E+00  0.293951276423950E+00
-0.623394583903619E-01  0.421782549248560E+00  0.904551420913694E+00 -0.466791249902532E-01 -0.200821218748175E+00 -0.978515149290312E+00
 0.440293495561421E+00  0.122137673749157E+00  0.889507743877168E+00  0.916761330704460E+00  0.216833918871761E+00  0.335457469959609E+00
 0.338751638868250E+00 -0.121398477936778E+00  0.933011112859171E+00 -0.674826987738007E+00  0.199171033140555E+00 -0.710590906343566E+00
 0.319540527429211E+00  0.133879977713107E+00  0.938067163319237E+00  0.389704290864375E-01  0.745521601370952E+00  0.665341151249575E+00
-0.373877069092559E+00 -0.550595596366526E+00  0.746364807897952E+00 -0.727160389300201E+00 -0.427950681676637E+00  0.536745733364766E+00
 0.682900591605900E-01 -0.193871087641829E+00  0.978647264951176E+00  0.255256671498399E+00  0.281154465028516E+00 -0.925092535074242E+00
-0.295003976645494E-01  0.841974988916803E-01  0.996012302995309E+00 -0.224206811437087E-01 -0.555664137653837E-02  0.999733182801124E+00
-0.162025049622287E+00  0.139505660540857E+00  0.976875659422403E+00  0.677106892128556E-01 -0.815872112870088E+00 -0.574254262506790E+00
 0.960439524904062E-01 -0.254958055221848E+00  0.962170436704181E+00  0.397580221590742E+00 -0.267157449724736E+00  0.877813684363847E+00
-0.226503387647536E+00  0.231000620982498E+00  0.946221395070885E+00  0.679436833337704E+00 -0.711368983488029E+00 -0.179776969702019E+00
 0.131737711780428E+00  0.507495646456568E-01  0.989984675125395E+00 -0.271376677433225E+00 -0.139529811814346E+00 -0.952305691760979E+00
 0.666755145902387E-01  0.380566738229003E+00  0.922346644981085E+00  0.298236091248695E+00  0.301313773310857E+00  0.905684958409862E+00
 0.294245397342909E+00  0.800813360554363E-01  0.952368954637902E+00  0.904399171976560E+00  0.378840717045913E+00 -0.196320780449371E+00
-0.790724705350302E-01 -0.588954973932439E-01  0.995127562069451E+00  0.116586260037641E+00 -0.205314168161603E+00 -0.971727192334631E+00
-0.143767937356696E-01 -0.617869319172557E-01  0.997985812948328E+00 -0.707791127995235E+00  0.116326789239631E+00 -0.696778154965002E+00
-0.248210052214433E+00 -0.743855589070775E-02  0.968677674908413E+00 -0.744934260014052E-01 -0.210710946771414E+00  0.974705917902045E+00
 0.372999504854313E-01  0.244867672961547E+00  0.968838756673257E+00  0.884753042678974E-01 -0.554524915299515E+00 -0.827450444949285E+00
-0.456120960120603E+00  0.130976838689774E+00  0.880226526222365E+00 -0.884063835003132E+00 -0.194221008402953E+00  0.425099206697090E+00
-0.306983889574460E-01 -0.450696152027434E+00  0.892149419919714E+00  0.216186922404363E+00  0.660227892541803E+00 -0.719279044940932E+00
 0.361475921808386E-01  0.287439716463972E+00  0.957116377970119E+00  0.109552470153268E+00  0.169068621110938E+00 -0.979496839014279E+00
 0.199037114515799E-01 -0.284115034486648E+00  0.958583585009207E+00 -0.231929942151011E+00  0.255757665340295E+00 -0.938507601755846E+00
 0.128622386290589E+00  0.946877642114268E-01  0.987162858424868E+00 -0.186542500977043E+00  0.143684581284588E+00 -0.971883036393939E+00
 0.367617979725884E+00 -0.101132671099124E+00  0.924461575090396E+00 -0.599204921116442E+00 -0.184388184691037E+00 -0.779072820637572E+00
-0.480943530497010E+00 -0.294144509714628E+00  0.825937242093982E+00  0.845367377748738E+00  0.231742804322106E+00 -0.481299562936793E+00
-0.488436571221054E+00  0.131443534945377E+00  0.862642633432225E+00  0.655040795786659E+00 -0.605848525321209E+00 -0.451518682029101E+00
 0.561659090303154E-02 -0.358985929597596E+00  0.933326071776407E+00  0.220459767327163E+00 -0.847484997138700E+00  0.482873348420548E+00
-0.153221409965112E+00 -0.132205172385511E+00  0.979308425330254E+00 -0.351260455512822E+00  0.335066324016196E-01  0.935678041838125E+00
-0.606722309058486E+00  0.173506236983967E+00  0.775747140129052E+00 -0.621262134075825E+00  0.452338698437856E+00  0.639861752770939E+00
-0.696008034956928E-01 -0.250265362339206E+00  0.965672292533021E+00 -0.490807120516509E-01 -0.574061691710283E-01 -0.997143728579592E+00
 0.195906522973883E+00  0.316194873241881E+00  0.928246430853270E+00 -0.402979125050556E+00 -0.502570663154144E+00 -0.764872900101901E+00
 0.242065844023191E+00  0.390645580813190E+00  0.888144221029707E+00 -0.249460723992487E+00 -0.862927961716984E+00 -0.439459531779794E+00
 0.610448627860013E-01 -0.258523141315652E+00  0.964074328115693E+00  0.253580402869862E+00  0.656631272068051E+00 -0.710304407858103E+00
-0.194814340603032E+00  0.278971086527434E+00  0.940331061688972E+00 -0.167681682190644E+00  0.483974440213011E-01  0.984652497518755E+00
-0.789384415659527E+00  0.367824512824795E-01  0.612796292083690E+00  0.858321479588508E+00 -0.496272319727327E+00 -0.130376463939827E+00
 0.922086542584239E-01 -0.160915772989753E+00  0.982651351234486E+00  0.284477644480854E+00  0.123506090275120E+00 -0.950693807414132E+00
-0.336384856727499E+00 -0.101399069753108E+00  0.936249676538061E+00 -0.545273391646055E+00 -0.242142197704746E+00  0.802523572522031E+00
-0.173722343706000E+00 -0.286470662052047E+00  0.942207571122604E+00  0.541358449763445E+00  0.531581049043699E+00 -0.651423531327599E+00
-0.339092703409320E+00 -0.399421447926703E+00  0.851750342195819E+00  0.688903028699411E+00  0.588869949712843E+00 -0.422663931953001E+00
 0.379596260476851E+00  0.123355550118195E+00  0.916891535181250E+00 -0.216940236754215E+00 -0.847516289429007E+00 -0.484410025525394E+00
 0.754748395046093E-01 -0.390366863850578E-01  0.996383302608905E+00  0.856649300312045E+00  0.359578207076335E+00  0.369939845475790E+00
 0.106626591313385E+00 -0.582152277173257E+00  0.806057998041630E+00 -0.213963936740059E-01 -0.997608561107064E+00  0.657217859133576E-01
-0.184174937518659E+00 -0.232960567394209E+00  0.954886886719765E+00 -0.756617912138902E-01 -0.190794916858781E+00  0.978709657176814E+00
 0.132484343654642E+00 -0.537105887705522E-01  0.989728786759443E+00 -0.498424985829014E+00  0.154253347192141E+00 -0.853099313316667E+00
-0.582409527054730E+00  0.243460314003161E-01  0.812530869291093E+00  0.855538309250305E+00  0.486204791020648E+00 -0.177930049720941E+00
 0.181898513751079E+00  0.408391897600171E+00  0.894499294952031E+00 -0.181150908179887E+00 -0.823899245595259E+00 -0.537005010752382E+00
-0.711556357531585E+00  0.852891440600448E-01  0.697433374568415E+00  0.710062735215426E+00 -0.186602648449888E+00 -0.678962711531256E+00
 0.305911103952838E+00 -0.134807674919400E+00  0.942467658469606E+00  0.168753714768633E+00 -0.117354367644360E+00  0.978647094792898E+00
 0.486164302436891E-01 -0.199544576591518E+00  0.978681973198277E+00  0.329559436859851E+00 -0.557826382676930E+00  0.761721933756794E+00
 0.104685804475757E+00 -0.199855284932963E+00  0.974216991961046E+00 -0.158768451215641E-01  0.361157171215507E-01  0.999221487341912E+00
 0.328710274626570E-01  0.107215595221325E+00  0.993692262068537E+00  0.224738153014539E+00  0.478744121410672E+00  0.848703027445017E+00
 0.147816129819696E+00 -0.282659335184782E+00  0.947762677044219E+00  0.166756913978860E+00 -0.843345756986175E+00  0.510842505879906E+00
-0.401479026762200E-01  0.306571984634754E+00  0.951000401760067E+00  0.629360839624533E-01 -0.941849922886313E+00 -0.330087521870362E+00
-0.321971020718543E+00  0.155674504234149E+00  0.933863004165446E+00  0.373269026467797E+00 -0.222847090286570E+00 -0.900560607749746E+00
-0.145102354989059E+00 -0.401521760241694E-02  0.989408502391320E+00  0.966669382543428E-03  0.662206511164692E-02 -0.999977606651250E+00
-0.989376708951345E-01  0.461717010589031E+00  0.881492336558052E+00 -0.682984803009120E-02 -0.380669359159004E+00 -0.924685996527123E+00
 0.540000025131063E+00  0.202097107200650E+00  0.817041450674065E+00  0.828492894981601E+00  0.164451523275504E-01  0.559758054814694E+00
-0.547548173129015E+00 -0.211161973463633E+00  0.809692299003777E+00  0.924295791611910E+00  0.216977975792826E+00 -0.314002942071185E+00
 0.419918825885080E+00  0.597243770042052E-01  0.905594378548562E+00 -0.965253764863859E+00  0.123588104565548E+00 -0.230241503265684E+00
-0.776586442783287E-01 -0.148100484488652E+00  0.985918547073276E+00  0.136014439036814E+00 -0.334469987037242E+00 -0.932539489858101E+00
-0.962133305762846E-01 -0.320388869083579E+00  0.942387376606226E+00  0.828044755962414E+00  0.465178260892558E+00 -0.312971352868152E+00
 0.807184378116863E-01  0.166885293311901E+00  0.982666694598653E+00  0.258346205882191E-02  0.142380983992147E-01  0.999895295657383E+00
-0.305636951291500E+00 -0.169551463747219E+00  0.936930282970090E+00  0.792353254267753E+00  0.183933073016511E+00 -0.581674260305547E+00
 0.266063518587699E-01 -0.347222575832013E+00  0.937405240476791E+00  0.409623087450246E+00  0.830197344742842E+00 -0.378128675201527E+00
-0.978056177689527E-02 -0.187133712802805E+00  0.982285759921198E+00  0.278879196680669E+00 -0.849855483145827E-01 -0.956558336034146E+00
 0.897522380349706E-01  0.213525993112167E+00  0.972805831619639E+00  0.129763922519663E+00 -0.133215546703804E+00 -0.982555312706983E+00
-0.340195665201486E+00 -0.150968936707933E-01  0.940233478014696E+00  0.738542797372473E+00  0.715655614990380E-01 -0.670397573725151E+00
 0.197486717129853E+00  0.145402190552510E+00  0.969462324971840E+00  0.193344784070438E+00 -0.872411474551798E+00 -0.448905350316872E+00
-0.382220696494617E-01  0.665683746816475E-01  0.997049509745607E+00 -0.275158565477542E+00  0.701463392644543E-01 -0.958836406761934E+00
-0.329546002951658E+00  0.113109863397872E+00  0.937339634679288E+00 -0.336491767851338E+00  0.153936162349227E+00  0.929019347532372E+00
 0.180197256566489E+00 -0.323340927917450E+00  0.928966949390232E+00  0.173641040954476E+00 -0.848741498909610E+00  0.499486393132900E+00
-0.196528794605110E-01 -0.145036402853664E+00  0.989231118685709E+00  0.343730141819407E+00  0.345524123415663E+00 -0.873191084323843E+00
 0.718261756582681E-01 -0.141853485236753E+00  0.987278374733537E+00 -0.523586848241523E+00  0.841750305287748E+00 -0.131579770088305E+00
-0.329153509088008E-01  0.209263539710342E+00  0.977305147138011E+00 -0.551037188995227E-01  0.322763209473323E+00  0.944874325386145E+00
 0.987088464387930E-02 -0.178748974748590E+00  0.983845195984955E+00 -0.793278986361414E+00  0.518878793969581E+00 -0.318548657140602E+00
-0.278162035363217E+00 -0.174199537910759E-01  0.960376190506881E+00 -0.386657609031689E+00 -0.126731193089733E+00  0.913474191247870E+00
 0.273124866554744E-01 -0.267367930942039E+00  0.963207359594219E+00 -0.756614685005275E+00  0.499967268442311E+00 -0.421386934919323E+00
-0.420022472413908E+00 -0.321058650555612E-01  0.906945608124512E+00  0.448747401166724E+00 -0.144975988968173E+00 -0.881820691846597E+00
-0.141865098320225E-01 -0.187298842316467E+00  0.982200532786303E+00  0.485496746114961E-01  0.217649728536122E-01  0.998583604437705E+00
 0.154065399972386E+00 -0.156255713255142E+00  0.975626980257555E+00  0.497065477843485E+00 -0.258128509062990E-01  0.867329007623011E+00
-0.660746463241539E-01  0.957328028258594E-01  0.993211644905678E+00 -0.532534186614558E+00  0.152239528240102E+00 -0.832604627736360E+00
 0.201285227912601E+00  0.243622666661083E+00  0.948752999106256E+00 -0.236152652564165E+00 -0.407446891440948E+00 -0.882167192397233E+00
-0.116520320648780E+00  0.501204327476907E-01  0.991922858440660E+00 -0.330093894193749E+00  0.299334833868530E+00 -0.895229958306191E+00
 0.223803363938263E+00  0.325500199420892E+00  0.918673867303777E+00 -0.404170957858800E+00 -0.910283144587219E+00  0.896126860656653E-01
-0.285102636223369E-01 -0.159802239228013E+00  0.986737254392423E+00  0.462663757466018E+00  0.648578643542346E+00 -0.604390594457091E+00
-0.425692299688157E+00  0.168934054600796E+00  0.888958576752788E+00  0.822681085328789E+00  0.208991606013638E+00 -0.528694940828912E+00
 0.206311106165514E-01 -0.174975798766027E+00  0.984356554872734E+00 -0.466832063348015E-01  0.307545292842657E-01 -0.998436195845686E+00
 0.679009011591216E-01 -0.125079350316964E+00  0.989820500770754E+00  0.547865126748689E+00 -0.808650080876078E+00  0.214310171461261E+00
 0.640726298388879E-01  0.297841620426430E+00  0.952462632992648E+00 -0.164143353050545E+00 -0.914714456470312E+00 -0.369261997467309E+00
-0.377887766713226E+00 -0.205721182730578E+00  0.902706835436856E+00 -0.656912852347952E+00 -0.442681814972803E+00  0.610326400471471E+00
-0.128458417773731E+00  0.259482840203613E-01  0.991375368596309E+00 -0.196499452901655E+00 -0.160475713268415E+00  0.967282539106513E+00
-0.204019032512522E+00 -0.137760760915151E+00  0.969225570816584E+00  0.151404044917911E+00  0.256178619387492E-01 -0.988139939650343E+00
-0.583688137519827E-01 -0.483247790198961E+00  0.873535720419610E+00  0.513463107049009E+00  0.797729206924070E+00 -0.316202071656516E+00
 0.615382775777477E-02  0.352393626696874E-01  0.999359954031860E+00 -0.886473026375543E+00 -0.364727810520355E-01 -0.461340773995662E+00
-0.295218914771475E+00 -0.111705436870994E+00  0.948877066713393E+00  0.812282702398344E+00 -0.365697623618171E+00 -0.454380962920396E+00
-0.846804251862557E-01 -0.517831876144607E+00  0.851281019193328E+00 -0.316707637388209E+00 -0.925207759714949E+00  0.209014051640611E+00
-0.246365634582393E+00  0.987436325104142E-01  0.964133636554323E+00 -0.370783353320605E+00  0.506986947861063E+00  0.778128485276597E+00
 0.164316323221481E+00 -0.674489338751796E-01  0.984098972279758E+00 -0.756254839466002E+00  0.581685312911011E+00 -0.299534329464704E+00
 0.391396754461577E+00 -0.602088528768594E-01  0.918250224411732E+00 -0.612566808728928E+00  0.896313747947168E-01 -0.785320394167926E+00
-0.249451915880722E+00  0.193085201208979E+00  0.948942488635389E+00  0.193485715394168E+00  0.587537897820635E-01 -0.979342264034720E+00
-0.208996900415270E+00 -0.177649427681279E+00  0.961644932634350E+00  0.665568331145093E+00 -0.223677827700570E+00 -0.712030214226819E+00
-0.500841748643511E+00 -0.117651671218951E-01  0.865458909283568E+00 -0.832079930623419E+00  0.313933775911939E+00  0.457262040186367E+00
 0.314376962546793E+00 -0.489177071166475E-01  0.948037015812306E+00  0.990685847869343E+00  0.113656409329900E+00 -0.749918092169775E-01
-0.160162005133489E+00 -0.267181840231827E+00  0.950243124869607E+00  0.573798494870874E+00  0.327669063077422E+00 -0.750591947988975E+00
-0.404812640926287E+00  0.198551789976215E+00  0.892582720224588E+00  0.631882784410222E+00 -0.534392758402614E+00 -0.561380910374436E+00
-0.470444646517107E-02  0.435329477950704E+00  0.900258914874284E+00 -0.234644300927887E+00  0.341178703170560E+00  0.910241256230961E+00
-0.359859816878684E+00 -0.262569492181785E+00  0.895297813004946E+00  0.181523224956897E+00  0.224757934301211E+00 -0.957357399182719E+00
-0.371788769558717E-01 -0.524131613455172E+00  0.850825353927102E+00 -0.452779914719613E+00  0.861831264708571E+00 -0.228554632412745E+00
-0.271998004452177E-01  0.463824385004571E+00  0.885509520406682E+00 -0.896231739933664E+00  0.293320436045439E+00  0.332763865426508E+00
 0.154015437765306E+00 -0.269580399495891E+00  0.950581744584650E+00  0.765241354241052E-01 -0.414266084560879E+00  0.906933111028697E+00
 0.990542843226327E-01  0.102436521126045E-02  0.995081503914752E+00  0.242319023410260E+00 -0.540376746938334E+00  0.805775689793283E+00
-0.463498938989384E-01  0.811704994821025E-01  0.995621934947891E+00 -0.199573943806495E+00  0.457788379660888E+00 -0.866371768007811E+00
 0.232542488505455E-01  0.936717453959700E-01  0.995331524681535E+00 -0.200534882237801E+00  0.445114187129601E-01 -0.978674866648792E+00
 0.335354954025461E+00  0.253741253461710E+00  0.907277482968833E+00 -0.326553440279952E+00 -0.941439481764722E+00 -0.839913853671929E-01
-0.148800504686145E-01  0.320917187325643E+00  0.946990360551283E+00  0.246726471935581E-01  0.159818784556872E-01  0.999567826633836E+00
-0.125235872256151E+00 -0.264967384831032E+00  0.956090090564715E+00  0.521081916228213E-01  0.226195323096182E+00 -0.972687211890448E+00
-0.332375716803971E+00 -0.187175321889463E+00  0.924387246642133E+00  0.530972360404835E-01  0.307707809121782E-01 -0.998115144944167E+00
-0.539141351792859E-01  0.381583558360429E-01  0.997816218503067E+00  0.912881013655986E-05 -0.975790579750915E-03 -0.999999523874591E+00
 0.483780910870771E-01  0.379290448666766E+00  0.924012075599087E+00 -0.145429037145624E+00  0.975844920202968E+00  0.163024804459197E+00
 0.369576958676635E+00 -0.152700191903575E+00  0.916567249582888E+00 -0.639891588408442E+00 -0.346306042817367E+00 -0.686010845243934E+00
-0.709165200411930E-01 -0.291191853602967E+00  0.954032573647522E+00 -0.308283529978868E+00 -0.860561719841219E+00  0.405456275679255E+00
-0.185083079645572E+00  0.200559778566968E+00  0.962039515222779E+00  0.301830380575245E+00 -0.912862553996186E+00 -0.274918858708097E+00
-0.933875173930967E-02 -0.134564351003064E-01  0.999865847036662E+00  0.691815811545110E-01 -0.135834778321361E+00 -0.988313119323703E+00
-0.413678768067028E+00  0.375897034115311E+00  0.829199189938014E+00 -0.423048849735257E+00  0.506030166369852E+00  0.751640300583581E+00
 0.184655170748980E+00 -0.979223207026524E-01  0.977912924049924E+00 -0.895315939342986E-02 -0.223109044456560E-01 -0.999710990476594E+00
 0.508145371124710E+00 -0.961345849476395E-03  0.861270780660001E+00  0.806244426291013E+00  0.633977588290677E-01  0.588175695902276E+00
 0.109806070268919E+00  0.162018213598872E+00  0.980659331977383E+00 -0.385660731517473E-01 -0.341405499571726E+00 -0.939124561953224E+00
 0.118389956862315E+00 -0.533694261533571E+00  0.837349540705837E+00  0.619281177191258E+00 -0.267848587040521E+00  0.738070428886706E+00
-0.109832155656096E+00 -0.741756025935241E-01  0.991178529612008E+00 -0.394875768288894E+00 -0.273347116190008E+00  0.877128543423860E+00
 0.269540921093479E+00  0.239004418295350E+00  0.932858284999056E+00 -0.370525082771900E-01 -0.956544739280762E+00 -0.289221841126615E+00
-0.116498985529848E+00 -0.451994808426815E-01  0.992161777787306E+00  0.227597249697218E+00  0.347957396175683E+00 -0.909464206209844E+00
-0.188794517808843E-01 -0.622694000259706E-01  0.997880798553043E+00  0.452667799954683E+00  0.853074663748582E+00  0.259529345073791E+00
 0.337325302123261E+00  0.412544581432303E-01  0.940483763937879E+00  0.758129689404671E+00  0.352152345649856E+00  0.548842508827880E+00
-0.174100603462218E+00  0.420734552770387E+00  0.890320962338411E+00  0.219202559821521E+00 -0.561560276769529E+00 -0.797872354028025E+00
-0.339586640589435E+00 -0.621066973749266E-01  0.938522067760988E+00  0.564724811826834E+00  0.124723416115854E+00 -0.815800193907514E+00
 0.359580931158759E+00 -0.155890655624672E-01  0.932983673480886E+00 -0.583777407056507E+00  0.710436644076990E+00 -0.393044162611538E+00
 0.120485027564453E+00 -0.453885927163856E+00  0.882876505098759E+00 -0.794170363233414E+00  0.607100970876241E+00  0.268671792868635E-01
-0.827294195040169E-01 -0.107317683933128E+00  0.990776845643739E+00 -0.814213180089313E-01  0.883254865771407E-01  0.992758368080874E+00
 0.126720689692242E+00 -0.623858856978951E+00  0.771195172036781E+00  0.743182328816469E+00 -0.656349575374838E+00  0.129943299327821E+00
 0.831629412130507E-01  0.891232013666075E-01  0.992542684314867E+00  0.218878033228742E-01  0.758910458070482E-01 -0.996875856479638E+00
-0.141777852239861E+00 -0.116714374456198E+00  0.982993792152092E+00 -0.141817593538715E+00  0.694843198238924E-01  0.987451112441269E+00
 0.113824966399824E+00  0.171226053929048E+00  0.978634515782049E+00 -0.706397853425208E-01  0.168880333291147E+00 -0.983101954913240E+00
-0.142974904103977E+00  0.751291778830028E-01  0.986870702486948E+00  0.523632488753479E+00 -0.689095799280581E+00 -0.500955083950342E+00
 0.245994171181112E+00 -0.217042090359529E+00  0.944658456140251E+00 -0.130571779990620E+00  0.577760385901003E+00 -0.805694698228557E+00
-0.346339749517996E+00  0.162439570128085E+00  0.923938398358037E+00  0.650815748555898E+00 -0.365934460991179E+00 -0.665229908896708E+00
-0.818166007671208E-01 -0.618661088346881E-01  0.994725403524293E+00  0.810751770411019E-01  0.200073697724372E+00 -0.976420673248294E+00
 0.440099047402660E+00  0.170376405494438E+00  0.881637515607217E+00  0.934107655912564E+00  0.274670468312025E+00  0.228032938416336E+00
 0.554959349310555E-01  0.927952931689954E-01  0.994137432537277E+00 -0.360101505368773E+00 -0.459962478280497E+00 -0.811641191910075E+00
 0.635739161611666E+00 -0.166658070071261E+00  0.753698086818202E+00  0.972454642702188E+00 -0.166779650023356E+00  0.162838927241143E+00
-0.218018534877969E-01 -0.273037500665064E+00  0.961756311346628E+00 -0.652270895972882E-01  0.315627073863239E+00 -0.946638778535507E+00
-0.335487688247424E-01  0.969686028330823E-01  0.994721855683760E+00  0.601807666545365E+00  0.162009341339572E+00  0.782036128197375E+00
 0.327540067979629E+00  0.163803809721732E+00  0.930529857548132E+00  0.424470227180946E+00  0.895033791382330E+00 -0.136892434125224E+00
-0.261086854014168E+00 -0.259660264757825E+00  0.929736630216795E+00 -0.578842423040279E+00  0.658267626744221E-01  0.812778128768648E+00
 0.793278705306888E-01 -0.151485655178979E+00  0.985271122702813E+00 -0.633286532182545E+00 -0.383653984268388E+00 -0.672129294489682E+00
-0.416538793092794E+00  0.551212725382886E-01  0.907445358775149E+00  0.851907692502334E+00 -0.356846858486906E+00 -0.383293103307866E+00
-0.298373166189425E+00  0.225994839114321E-01  0.954181700214919E+00  0.627683777407866E+00  0.277715452136739E+00 -0.727246315372913E+00
-0.200843605198822E-01  0.346650322050633E+00  0.937779383802342E+00 -0.222724268304012E+00 -0.207726049583050E+00 -0.952493458577571E+00
-0.240832896835222E+00  0.104787656674131E+00  0.964893290893195E+00 -0.661353851402713E+00 -0.691574004351042E+00  0.290407437474770E+00
 0.194669808473916E+00  0.209499037002488E+00  0.958234741158845E+00  0.201650938140216E+00  0.323425915899062E+00  0.924517482837412E+00
-0.311912596729459E+00 -0.930628973840687E-01  0.945542082158149E+00 -0.490211940976278E+00  0.183399640544635E+00  0.852089681179375E+00
 0.370595923525803E-01  0.518328015362986E+00  0.854378519805203E+00  0.291406000262942E+00 -0.724657228183894E+00 -0.624463325305490E+00
 0.982275563732724E-01 -0.217564642263509E-01  0.994926129636418E+00 -0.549354276045433E-02  0.156182850675256E+00  0.987712882442509E+00
 0.161722490522099E-01 -0.292051797481532E+00  0.956265761150319E+00 -0.606733003055330E+00 -0.774903305131714E+00  0.177200255923648E+00
 0.347048419981088E-01 -0.188393219226914E+00  0.981480294703468E+00 -0.204105724180663E+00  0.367472947401708E+00 -0.907361276606286E+00
-0.439066426488505E+00  0.212952071167572E-01  0.898202197327789E+00  0.558622226199059E+00 -0.322460334204549E+00 -0.764173109485736E+00
-0.234888861772703E+00 -0.604955629475964E-01  0.970137881684236E+00  0.981356420876768E+00  0.413068909103007E-01 -0.187705396745176E+00
 0.299899964708030E+00 -0.911937228097843E-01  0.949601872411915E+00  0.512388806818268E+00 -0.725277482945003E-01  0.855685360617255E+00
-0.432257661932051E+00  0.111138776606320E+00  0.894875123151542E+00  0.337326060672309E+00 -0.361622569478228E+00 -0.869160656055752E+00
 0.127868564180997E+00 -0.297477091198082E+00  0.946127375413384E+00  0.508934261423057E+00 -0.859989877288753E+00 -0.374610265561902E-01
 0.423328469323859E+00  0.170521852668583E+00  0.889783852866747E+00  0.788294162942694E+00  0.159342605072434E+00  0.594308208658779E+00
 0.330199935155511E-01  0.987471661408754E-01  0.994564566635761E+00 -0.434160347008838E-01  0.322963785828831E+00  0.945414957028902E+00
-0.188236790336501E-01  0.448737754977018E+00  0.893465218330196E+00 -0.130290127894430E+00 -0.801044287198105E+00 -0.584253825422250E+00
 0.146786150896245E+00  0.252152720656944E+00  0.956489849068126E+00  0.534405423059105E+00 -0.815242826254732E+00 -0.223136680187765E+00
-0.692440634211402E+00 -0.217149938473454E+00  0.688020255743889E+00  0.841402806234907E+00  0.320771931555447E+00 -0.434909974116725E+00
-0.242547636637663E+00 -0.173328315199163E+00  0.954530219066795E+00  0.506531427363844E+00  0.339290920464065E+00 -0.792658554727945E+00
-0.346542354177241E-01 -0.132116784563206E+00  0.990628204325060E+00 -0.470882826079453E-01  0.103591205478325E+00  0.993504683324936E+00
