#          Em_x [n.u.]            Em_y [n.u.]            Em_z [n.u.]            En_x [n.u.]            En_y [n.u.]            En_z [n.u.]
-0.216904356266740E+00 -0.656461023365214E+00  0.722503581330091E+00 -0.144867381508050E-01  0.762197548657647E+00 -0.647182378652280E+00
 0.673487411013922E-01 -0.458198621403757E-01 -0.996676821896393E+00  0.102995947898438E+00  0.607572543024361E-01 -0.992824451132289E+00
-0.561572304078526E+00 -0.437662842937701E+00  0.702202095698684E+00 -0.865159471714211E+00 -0.791816668286204E-01  0.495206373284339E+00
 0.304362981417679E+00  0.937717158582522E+00 -0.167480464659206E+00  0.277667680978817E+00  0.949764971946463E+00 -0.144385445954153E+00
-0.862879692216715E-01  0.890073873607952E+00  0.447574447313667E+00 -0.343545588815830E+00  0.787793943984946E+00  0.511230994977640E+00
 0.243585773428333E+00  0.546234838583600E+00  0.801432138175697E+00 -0.408211447147886E-01  0.759319992309285E+00  0.649435742336069E+00
 0.762995923305188E+00 -0.483407707225945E+00  0.429131925652496E+00 -0.566302659680369E+00  0.721418118546848E+00 -0.398568934904950E+00
 0.128194566844644E+00  0.322456809088986E+00  0.937863401196391E+00 -0.686726056110143E-01  0.293635026957345E+00  0.953447714446027E+00
-0.148298617128010E-01 -0.644222889103599E+00  0.764694020086852E+00 -0.164522027293443E+00 -0.504889618710371E+00  0.847360003454111E+00
-0.331710099814120E+00 -0.710834931347203E+00 -0.620227466384651E+00  0.327648290127010E+00  0.581887334732863E+00  0.744347853932778E+00
 0.356625472079879E+00  0.474143054832594E+00 -0.804988593843303E+00 -0.545604165151107E+00 -0.377687191536359E+00  0.748109938658177E+00
-0.240297253825330E-01 -0.457213918606847E+00 -0.889032060687471E+00  0.101486049649848E-01  0.234210370539848E+00  0.972132968347876E+00
-0.259349829073669E-01  0.330373845810350E+00  0.943493772457494E+00  0.204980151899093E-01 -0.248937767653619E+00 -0.968302545286806E+00
-0.395975543624004E+00 -0.678164345643198E-01  0.915753405701916E+00 -0.119833773481112E+00  0.236828794148963E+00  0.964132765232686E+00
 0.518043681525554E+00 -0.516329295354495E+00  0.681934603015700E+00 -0.235312142333874E+00  0.816534778656638E+00 -0.527161408787097E+00
 0.932097177809887E+00 -0.224940384521298E+00 -0.283895534537362E+00 -0.807465691355488E+00  0.511818111524365E+00  0.293328106391864E+00
 0.386550025845224E+00  0.576627220027618E+00  0.719777831446814E+00  0.536665502762267E+00  0.670674786648192E+00  0.512040495175259E+00
-0.586152281078357E+00  0.679672891226640E+00 -0.440987827857254E+00 -0.800373554410961E+00  0.317083168976017E+00 -0.508783291148295E+00
-0.457888016625210E-01  0.203504718452642E+00 -0.978002666259055E+00  0.229502556015659E+00 -0.691899080845240E-01  0.970845679498824E+00
 0.229754158215538E+00 -0.934389791103948E+00  0.272265945471315E+00 -0.139897497547960E+00  0.852265848440297E+00 -0.504055169363593E+00
-0.561597884684396E+00  0.536057975745447E+00  0.630277448872880E+00 -0.345195380174276E+00  0.656201031537969E+00  0.670999519906566E+00
-0.890486501861854E+00 -0.454477773987925E+00 -0.219941572427222E-01  0.958480732862413E+00  0.268289660185322E+00 -0.966195786017322E-01
 0.278356184853925E-01 -0.310008445473662E+00 -0.950326229291047E+00  0.453467344375299E-01 -0.592775164073117E+00 -0.804090342271278E+00
 0.276362260903259E+00 -0.727616095734995E-01  0.958295178387491E+00  0.531758406680198E+00  0.211946305742445E+00  0.819946193604841E+00
 0.569136423001522E+00  0.331422857066022E+00  0.752490944681215E+00  0.589019034107066E+00  0.600504297556892E-01  0.805884931826955E+00
-0.934763047761323E+00  0.351523399798159E+00  0.514717780371463E-01  0.841886644504835E+00 -0.459406344199841E+00  0.283147821311284E+00
-0.451649493276423E+00  0.692329635913286E+00 -0.562754307366303E+00 -0.504322103338071E+00  0.766719448106573E+00 -0.397241115671346E+00
-0.152791973937902E+00  0.160535637683674E+00  0.975132258585294E+00  0.263197780974077E+00 -0.221645778720413E+00 -0.938935608476824E+00
-0.119118005801880E+00  0.392253553280901E+00 -0.912111863003815E+00  0.229347779137508E+00  0.385588563365004E+00 -0.893711953599595E+00
 0.329173898462158E+00 -0.356760446486921E+00  0.874280577614348E+00  0.338257777249197E+00 -0.533853111716327E+00  0.774972600316442E+00
 0.161528829105792E+00 -0.846999339515544E+00  0.506458839618723E+00 -0.192650880195330E+00  0.866616509305666E+00 -0.460284112433643E+00
-0.151248151607501E+00  0.107775502518951E+00 -0.982602889112434E+00 -0.106357983499992E+00 -0.470633499268995E-01 -0.993213481805132E+00
 0.471978776130152E+00 -0.220409011306342E+00 -0.853613438634634E+00 -0.207028975308047E+00  0.197794598574579E+00  0.958131671618062E+00
-0.108565229171203E+00 -0.408178981292839E+00 -0.906423471808704E+00 -0.320351871610688E+00 -0.314823495854436E+00 -0.893454444733206E+00
 0.828717175143769E-01  0.518520906115201E+00  0.851039569207971E+00 -0.211297713242100E-01  0.861600811064138E-01 -0.996057213812300E+00
 0.257385240259483E+00  0.227385761756778E+00 -0.939174399910293E+00 -0.284630645025693E+00  0.738478003103565E-01  0.955788626371741E+00
 0.110420688825495E+00 -0.317824469325907E+00  0.941697869901493E+00 -0.483892550479532E-01 -0.525862754940125E+00  0.849191876411148E+00
-0.173462041828982E+00 -0.313696464184985E+00  0.933544561551488E+00  0.650947791427955E-01 -0.116972744337180E+00  0.990999519076866E+00
-0.214701802305971E+00 -0.177534316240788E+00  0.960408612333044E+00 -0.185826390224186E+00 -0.298852177574724E+00  0.936032012623016E+00
-0.587967320289201E+00 -0.162984170885536E+00  0.792294509833743E+00 -0.280011542774843E+00 -0.172543233804253E+00  0.944363472600049E+00
-0.195653797965759E+00  0.174729996474332E-01  0.980517356105895E+00 -0.240255533271732E-01  0.435934233527469E-01 -0.998760424840568E+00
-0.730756110564487E+00  0.405446998655638E+00 -0.549188709055273E+00 -0.826784093590896E+00  0.179974823362932E+00 -0.532951335058429E+00
-0.644498129538325E+00  0.740462774354327E+00 -0.190622770982624E+00 -0.655989640069872E+00  0.649829063742187E+00 -0.383926789944323E+00
-0.468504019675333E+00  0.460487493663555E+00  0.753959714923492E+00 -0.505158904979018E+00  0.130146704959312E+00  0.853156677233808E+00
-0.622846716369950E+00  0.463629408474242E+00 -0.630166437939213E+00  0.649193059475161E+00 -0.513204350853789E+00  0.561399737971101E+00
-0.376997216870357E+00  0.133036481907215E+00 -0.916610273209807E+00  0.325059722198562E+00 -0.559716266639485E-01  0.944035674120838E+00
 0.427175561248025E+00 -0.440743705853684E+00 -0.789471991664553E+00 -0.119926281463493E-01 -0.538525118906793E+00 -0.842524108365196E+00
-0.828232365585592E+00  0.535806706026776E-02 -0.560359205968700E+00 -0.832802881058078E+00  0.162763158252945E+00 -0.529100666808209E+00
-0.237744927072564E+00 -0.686579615537081E+00  0.687084988324018E+00  0.122058081739427E+00  0.680743372610304E+00 -0.722281306229948E+00
 0.891931145729868E+00 -0.686911138725894E-01 -0.446923217288997E+00  0.802833832406492E+00 -0.209626768511686E+00 -0.558134800444170E+00
 0.489901112947305E-02  0.444008931469096E-01 -0.999001781969237E+00 -0.153459693796113E+00 -0.137645704270965E+00  0.978521222291961E+00
-0.919207118659438E-01 -0.330475868679461E-01  0.995217785076344E+00 -0.291347093557129E-01  0.169155943216986E-01  0.999432354579089E+00
 0.182988967465116E+00 -0.237958130431517E-01 -0.982826941565842E+00 -0.380763715834385E-01  0.144878895634984E-01  0.999169800876225E+00
-0.168934943621515E+00 -0.733641055561309E+00  0.658203453666482E+00  0.196493606070990E+00  0.633195897613065E+00 -0.748634235137029E+00
-0.299344031229406E+00 -0.211105441846413E-01  0.953911681389612E+00  0.498262201602817E+00  0.466024234462905E+00 -0.731133497623503E+00
-0.412843393949931E+00 -0.504036533655440E-01 -0.909406291928590E+00 -0.247109170523050E+00  0.702898410175193E-01 -0.966434889732951E+00
-0.121648912571587E+00  0.232825136812897E+00 -0.964880302285318E+00 -0.224470466409805E-01  0.518704274351567E+00 -0.854658999757513E+00
 0.381319417184878E+00 -0.774447727472400E+00  0.504803149247923E+00 -0.406201784574427E+00  0.765640226459486E+00 -0.498793698672725E+00
 0.587654717882352E+00 -0.983495065297872E-01 -0.803112263084035E+00 -0.517304060608827E+00  0.450727170117938E-01  0.854613923979006E+00
 0.769268296568813E+00 -0.517928164335566E+00  0.374134607437093E+00 -0.820912157702937E+00  0.277496876400715E+00 -0.499097899137389E+00
 0.379483994396115E+00 -0.575908349057337E-01  0.923404133482210E+00 -0.136340981726931E+00  0.405561136602159E-01 -0.989831469668709E+00
-0.375919857310313E+00 -0.116979098521057E-01  0.926578339799116E+00  0.269355923211823E-01 -0.403364081959891E+00  0.914643040344681E+00
-0.444017374007342E+00 -0.464746445327425E+00 -0.766067433804065E+00 -0.350502483604719E-01 -0.507104136044107E+00 -0.861171803589057E+00
 0.305678769770196E+00  0.440204955339981E+00  0.844263043728615E+00  0.108326294845122E+00  0.547499078049708E+00  0.829765131455792E+00
 0.983071208980581E+00 -0.124672220002656E+00 -0.134267775855074E+00  0.995013830711888E+00 -0.351167439387022E-01 -0.933503668294754E-01
-0.221306129648427E+00 -0.596092929840066E+00  0.771813977571487E+00 -0.148201688248046E+00 -0.351660773486463E+00  0.924321891978834E+00
 0.169026085837270E+00 -0.925448086255635E+00 -0.339081143610664E+00 -0.463571708846339E+00  0.879775354848072E+00  0.105340380477923E+00
-0.443503250686697E-01 -0.326746933719696E+00  0.944070701786195E+00 -0.384727179875457E-01  0.240309835859091E+00 -0.969933519763096E+00
-0.106049509096508E+00 -0.694373403866415E+00  0.711757738014388E+00 -0.444164512497677E-01  0.732092899550414E+00 -0.679755224537660E+00
 0.570510905122779E+00  0.726384892880517E+00 -0.383252259655369E+00 -0.412053597956251E+00 -0.810183555840782E+00  0.416910587844079E+00
 0.451133994218824E+00  0.709632190355247E+00 -0.541202617946167E+00 -0.338901545905982E+00 -0.731686406446098E+00  0.591422644818857E+00
 0.473100889615758E+00 -0.180668614926207E+00 -0.862284407736464E+00 -0.713209461079602E+00  0.294291617277904E+00  0.636179776970708E+00
 0.216381892251289E+00  0.303187936159559E+00  0.928038766471023E+00  0.176995252324993E+00 -0.412046671141543E+00 -0.893806590631097E+00
-0.419135333983939E+00 -0.277599825184018E-01  0.907499286598480E+00  0.963981311483666E-02 -0.545631090485725E+00  0.837970039499306E+00
 0.116557399646451E+00 -0.550170127984301E+00  0.826877985473912E+00  0.171345593502778E+00  0.262027892255994E+00 -0.949727366809582E+00
-0.814449448338311E+00 -0.109817166256265E+00  0.569747563484799E+00 -0.676485950071446E+00 -0.148318045836552E-02  0.736454044412590E+00
 0.146084516393708E+00  0.309406250452506E+00 -0.939641998982026E+00 -0.498550182788635E-01  0.650162829977403E-01  0.996638028623016E+00
-0.276667869388839E+00  0.508563440258135E+00  0.815363794438195E+00 -0.437803769804048E+00  0.642458305049933E+00  0.628947680986051E+00
 0.250795869762914E+00  0.416956612031276E+00 -0.873641010594891E+00  0.571356309729976E-01  0.142591592031996E-01 -0.998264592205962E+00
 0.250524575755498E+00  0.384739734866225E+00  0.888376481767496E+00 -0.125344478335113E-01  0.499860569937033E+00  0.866015183608078E+00
-0.700286736214248E+00 -0.540388836487339E+00  0.466452990645634E+00  0.823027555025808E+00  0.326617323311371E+00 -0.464700729266865E+00
-0.309571551924215E+00 -0.916362580071176E+00 -0.253860347601848E+00  0.355270116809333E+00  0.907247315196878E+00  0.225134300297266E+00
-0.304436447189547E-01  0.191692460030208E+00  0.980982765018730E+00  0.219302893241783E+00 -0.224138149633105E+00 -0.949562178530101E+00
 0.317251452643440E-01  0.389654866307068E+00 -0.920414363382698E+00 -0.143136872956380E+00 -0.293381453881519E+00  0.945219105878968E+00
-0.161914294776720E+00  0.331678765697439E-01  0.986247257593557E+00 -0.208635844809181E+00 -0.342337938962799E+00  0.916119981120083E+00
-0.413693373102768E+00 -0.224935564376255E+00 -0.882191467273170E+00  0.501304863019730E+00  0.286241000393636E+00  0.816553442223116E+00
 0.941611773576543E-01 -0.361387338593058E+00 -0.927649106172828E+00 -0.547620677693999E-02  0.135304498924617E-02  0.999984090087734E+00
 0.196300788063209E+00 -0.561529927309033E+00 -0.803834648010445E+00 -0.233469648165165E+00  0.777517201969249E+00  0.583916881094856E+00
 0.262317352185863E-01 -0.386348210413722E+00 -0.921979911048791E+00 -0.931661362145563E-02 -0.192510474284610E+00 -0.981250690701078E+00
 0.661042129461812E+00  0.529540345495575E+00  0.531611066070882E+00  0.615849920324197E+00  0.396033036217780E+00  0.681092291734979E+00
 0.987686004575071E+00 -0.131704300898099E+00  0.844413020474913E-01  0.953477800817277E+00  0.583061587009215E-01  0.295770984388585E+00
 0.225420411717966E+00  0.777182391167210E+00 -0.587514398836761E+00  0.142959081310429E+00  0.637902367907434E+00 -0.756731967138277E+00
 0.948417223054806E-03  0.757218367543390E-02  0.999970880845616E+00  0.248451529004773E-01 -0.430528432361304E-02 -0.999682040903129E+00
-0.643292936297681E+00  0.634428580772165E+00 -0.428572717294189E+00 -0.640982318195465E+00  0.567033456196330E+00 -0.517314920831414E+00
-0.859944889278890E-01  0.146102078717138E+00 -0.985524799519810E+00  0.812407178768027E-01 -0.188395346194229E-01  0.996516441256332E+00
-0.578265097963107E-01 -0.903751106430947E+00 -0.424134450840315E+00 -0.407621917148658E+00 -0.874900563483677E+00 -0.261521273849753E+00
 0.694781094431334E-01  0.263541420184812E+00  0.962142771191043E+00  0.709783638623729E-01 -0.566103494187068E-02  0.997461791020993E+00
-0.653166001958304E-01 -0.390265553446036E+00 -0.918382567088638E+00  0.925370048618346E-01 -0.133236276235244E+00 -0.986754780797218E+00
-0.296006244613854E+00 -0.113490246760401E+00 -0.948419879083029E+00  0.287532684861004E+00  0.807938235299927E-01  0.954357015595331E+00
-0.690504838207229E-01  0.864300310033667E-01  0.993862103324642E+00  0.209372724067331E-02 -0.365334595219760E-01  0.999330237029581E+00
-0.800350861261975E+00  0.347578271729072E-01 -0.598523510254554E+00 -0.760930199252485E+00  0.216922294285899E+00 -0.611498119463434E+00
-0.425655253478875E+00 -0.879691413101825E+00 -0.212039201330199E+00 -0.339522749239129E+00 -0.898543980820015E+00 -0.278106125932574E+00
 0.210914468151009E+00  0.599129734146129E-03  0.977504336649275E+00  0.134477942981248E+00 -0.581481397407258E-01 -0.989209015676781E+00
-0.445012893979131E-01 -0.193226803029755E+00  0.980144396419642E+00 -0.324735463415076E+00  0.942836922346641E-01 -0.941093759504968E+00
 0.282216433855989E-01  0.319873669768321E+00  0.947039795485682E+00 -0.380987930085579E+00 -0.284855844181299E+00 -0.879605221201458E+00
 0.779416724019819E+00 -0.388932274392231E+00  0.491163166630296E+00 -0.685243959677740E+00  0.505303794990949E+00 -0.524508141493454E+00
 0.286761016526934E+00  0.913549034119246E+00  0.288437656453233E+00  0.533135005418187E+00  0.705911885725472E+00  0.466321215032362E+00
-0.249755957589325E+00 -0.888449936402263E+00 -0.385069697789185E+00  0.478440095484120E+00  0.660818279311988E+00  0.578285635962272E+00
 0.252463590946515E+00  0.587496604229304E+00  0.768836702600381E+00 -0.313338425333830E+00 -0.490903978265080E+00 -0.812915933742742E+00
 0.363595133101417E+00 -0.196242620983699E+00  0.910652190956795E+00  0.336599809845369E+00 -0.273354741259465E+00  0.901098082032712E+00
-0.342383688753598E+00 -0.110480392283586E+00  0.933042063680060E+00  0.163732520025903E+00  0.125820983483738E+00  0.978448129438220E+00
 0.651931552562282E+00  0.337244154155167E+00  0.679155086310851E+00 -0.621558481332754E+00 -0.493045778784578E+00 -0.608745360808630E+00
 0.275849305391099E+00  0.223264226390259E+00 -0.934911892067700E+00 -0.133195815794565E-01 -0.297994550051492E+00  0.954474639205336E+00
 0.174150596752327E+00 -0.611752009119856E+00 -0.771641788000513E+00  0.206135035046127E+00 -0.574704352312559E+00 -0.791974276576919E+00
-0.475822737667995E+00  0.422808964101252E+00 -0.771249182945279E+00  0.644268044613845E+00 -0.167570873363192E+00  0.746216248208084E+00
-0.776062158820895E+00  0.412279015749386E+00 -0.477235307598850E+00  0.684588140476072E+00  0.165211799302342E-01  0.728742841154016E+00
-0.375279852596316E-01  0.144057504052012E-01  0.999191735693213E+00  0.492293514204987E-01 -0.143804190189148E+00 -0.988380911310392E+00
-0.784643091408517E+00 -0.510903135909331E+00  0.351159799554131E+00  0.953773976923164E+00  0.280149633188456E+00  0.108772165412594E+00
-0.928428207298354E-01  0.635799557740857E+00  0.766250046013348E+00  0.170532067691659E+00  0.356418108977702E+00  0.918632105623120E+00
-0.556194530574668E+00  0.337420134911254E+00 -0.759470405424264E+00  0.363820603059094E+00 -0.609702327518736E-01  0.929471462449439E+00
-0.296822836975376E+00  0.187945279450810E+00 -0.936254653062962E+00  0.949864446946067E-01 -0.370529081162696E+00  0.923951175840481E+00
-0.226547325337768E+00  0.599628570206336E-01 -0.972152644989575E+00 -0.937473852481926E-01 -0.816253758404093E-01 -0.992244287349662E+00
 0.825870930561905E+00  0.490267506929011E+00 -0.278522849515843E+00  0.893727201514703E+00  0.182219878545114E+00 -0.409936098844322E+00
 0.185446421607222E+00 -0.979000249668223E+00  0.846648443135207E-01  0.193686551301092E+00 -0.976072430481995E+00  0.988338519843269E-01
-0.634937748226570E+00  0.771346713804456E+00  0.433393929357526E-01 -0.308943608738399E+00  0.923736210704950E+00 -0.226418328878552E+00
 0.659083347212578E+00  0.100775975550643E+00 -0.745287423870067E+00 -0.320207822065735E+00 -0.916126250661301E-01  0.942907247621107E+00
 0.754236045903414E+00  0.643854744156406E+00  0.128759681139995E+00 -0.736235356295029E+00 -0.631131767051763E+00 -0.244192941665501E+00
 0.983507068077212E+00 -0.871478751452908E-01 -0.158490046690091E+00  0.815994752661174E+00 -0.268700262519534E+00 -0.511813181298960E+00
-0.304940509087769E+00 -0.187672370760625E+00  0.933697149599579E+00  0.290630456755975E+00  0.124067546916644E+00 -0.948757704268007E+00
-0.455287950788367E+00  0.866337069860796E+00 -0.205360568882978E+00 -0.477529521125670E+00  0.777082647712660E+00 -0.410009896316382E+00
 0.422027010297013E+00 -0.703181678358645E+00 -0.572213884662444E+00  0.164783595879706E+00 -0.795342985737422E+00 -0.583331725150653E+00
 0.382548398392431E+00  0.287659838425083E+00 -0.878013974971151E+00  0.630415771762670E+00  0.488851387901217E+00 -0.602992765512100E+00
 0.487792397162884E-01  0.952735391958234E+00 -0.299859731679482E+00 -0.347379048112987E+00  0.861020225506735E+00 -0.371445780970044E+00
-0.422906133556176E-01  0.184480195241199E+00 -0.981925945061935E+00  0.711241092953353E-01  0.264321633641424E+00 -0.961808419107503E+00
-0.168090972355448E+00 -0.268399329541082E+00  0.948528979480594E+00  0.721252009237141E-01 -0.462854607898179E+00  0.883495086199769E+00
-0.235701035861776E+00 -0.467928383683330E+00  0.851755862578704E+00 -0.340874736891019E+00 -0.523235420339805E+00  0.781043602272822E+00
-0.527846740690333E+00  0.109857658075620E+00 -0.842204911707794E+00 -0.644128139999531E+00 -0.112706633502714E+00 -0.756568671057181E+00
 0.101466944550035E+00  0.410157141333218E-01 -0.993993043415201E+00  0.110388161829704E+00  0.761871280041777E-01 -0.990964164465262E+00
 0.399844307143720E+00 -0.783084272816334E+00 -0.476343942663777E+00 -0.614576559828315E+00  0.480254923580360E+00  0.625820150271957E+00
-0.660322413168056E+00  0.570985515958223E+00  0.487801036523946E+00  0.611056276555820E+00 -0.640242850707570E+00 -0.465509741036191E+00
 0.581305987437510E+00  0.624134420593148E+00 -0.522053229086992E+00 -0.499589168179775E+00 -0.839827767108648E+00  0.212367569630447E+00
 0.246086308772302E+00  0.275040990468829E-01  0.968857602112118E+00  0.117470029271210E+00  0.166450365820251E+00  0.979027613472330E+00
 0.172679723837124E+00 -0.924944682571085E+00 -0.338613418456814E+00  0.361512198271531E-01  0.918025347477939E+00  0.394870296037849E+00
 0.808855719886481E-01  0.496563379951193E-01 -0.995485696703365E+00 -0.717789715586420E-01  0.325281031899509E+00 -0.942889192603444E+00
 0.166046454678228E+00  0.361663814016887E+00  0.917402779873459E+00  0.245354926727649E-01  0.174931058057013E+00  0.984274928323565E+00
-0.715531390929078E+00  0.612238841000357E+00  0.336420020459006E+00  0.659831151844267E+00 -0.585035153812117E+00 -0.471547155499744E+00
 0.178224232698666E+00 -0.966560500290610E+00  0.184382542983163E+00  0.308026886538323E+00 -0.935859042501995E+00  0.171135296583600E+00
 0.967792947089218E+00 -0.140687940034506E+00  0.208767131256846E+00  0.954047437014385E+00 -0.289823652124122E+00  0.761297484280559E-01
-0.693874882549054E+00 -0.693768671546084E+00  0.192931795587760E+00 -0.730321055315059E+00 -0.682050120102840E+00 -0.379313831965113E-01
-0.234068623732847E-01  0.550579255056228E-01 -0.998208767559600E+00  0.113915630256009E+00 -0.198144679425058E+00 -0.973530644201258E+00
 0.186845963766590E+00 -0.173380544497045E+00 -0.966968341060886E+00  0.414717202620520E+00 -0.160078902480070E+00 -0.895759112056019E+00
-0.394684000884400E+00  0.758244977709266E+00  0.518930721025994E+00 -0.650087579038167E-01  0.984229974289915E+00  0.164515102969534E+00
-0.916491515987657E+00  0.358703950504205E+00  0.177129266399775E+00  0.917489166603683E+00 -0.396101845538227E+00 -0.362899039140466E-01
 0.978368192624763E+00 -0.649873709800584E-01 -0.196398373906851E+00  0.831526450850586E+00 -0.325099449417991E+00 -0.450415485439774E+00
 0.734112945379906E+00  0.642242189335585E+00 -0.220461229387559E+00 -0.575588281813709E+00 -0.698494233205985E+00  0.425210460850536E+00
-0.328601348212195E+00 -0.798200884086188E+00  0.504872758818650E+00 -0.425945261722677E+00 -0.771704120328798E+00  0.472274691978679E+00
-0.483047043291568E+00 -0.328176257645960E+00  0.811767145112911E+00 -0.316226110355993E+00 -0.345132993305988E+00  0.883676560773663E+00
 0.897724568227224E+00 -0.360604229128407E+00 -0.253091267206025E+00 -0.888909468667144E+00  0.443942305310450E+00  0.112938859873556E+00
-0.996689332570353E-01 -0.446953095517068E-01 -0.994016314276321E+00  0.185638787098760E-01  0.636805121015822E-01 -0.997797662247074E+00
-0.219191789436725E+00  0.501294711358366E+00  0.837053505940725E+00 -0.128972538571348E+00  0.453613718471634E+00  0.881816692237564E+00
-0.633871499745413E-01  0.624009983412962E+00 -0.778841196791143E+00  0.100967704024566E+00  0.683263575587959E+00 -0.723157250547047E+00
-0.933026547170047E+00 -0.359323456871612E+00  0.186578567304773E-01 -0.976673051011409E+00 -0.195679040584774E+00 -0.884277360554293E-01
 0.243804318652568E+00  0.393730789240902E+00 -0.886304417122071E+00 -0.432697344286346E+00 -0.332927859965240E+00  0.837813850629427E+00
 0.581546487534967E+00 -0.564601014085787E+00 -0.585687098824145E+00  0.422713026505167E+00 -0.621710540067646E+00 -0.659385851828532E+00
 0.236029021904455E+00 -0.360620078300665E+00 -0.902354398196877E+00 -0.441364222014246E+00  0.401029019258519E+00  0.802728689681831E+00
-0.928811194654840E+00 -0.175519428337997E+00  0.326347506440224E+00 -0.822895209974351E+00 -0.385889246547619E+00  0.417052709858334E+00
 0.861098086720033E+00  0.185212176148241E+00 -0.473504524638922E+00 -0.873385627019320E+00 -0.125649154192364E+00  0.470542066734540E+00
 0.379181079686907E+00 -0.417807629117587E+00 -0.825626122320880E+00  0.305899958413067E+00 -0.207237011800583E+00 -0.929235188949950E+00
-0.353877110827938E+00 -0.189027734019073E+00  0.915990996791827E+00  0.298377513357280E+00  0.817857676691180E-01 -0.950937404737820E+00
-0.147455900794367E-01  0.973305703945287E+00 -0.229038368490475E+00 -0.265702466057332E+00  0.938154694257980E+00 -0.221963891596736E+00
-0.232067832367419E+00  0.386379693506085E+00  0.892667493317882E+00  0.277183325149368E+00 -0.281894283955830E-01 -0.960403436263048E+00
 0.713774477801720E-01  0.322544472435393E+00  0.943859270892522E+00  0.903343877902783E-01  0.145905873755238E+00  0.985165556841223E+00
 0.217772435554016E-01  0.412079881585928E+00  0.910887436983987E+00 -0.132753178693076E+00 -0.411295851713434E-01 -0.990295385615079E+00
-0.541056752102270E+00  0.840710341649112E+00  0.215339835789028E-01  0.754267000334665E+00 -0.642745672540020E+00  0.134012285396617E+00
-0.213111405190488E+00  0.138171395263425E+00  0.967208454527096E+00  0.254952419691484E+00  0.575080384764804E-01 -0.965241984791402E+00
 0.759830842670629E+00 -0.224394732014081E+00 -0.610167267862486E+00 -0.817102392386676E+00  0.160313110965300E+00  0.553753904553817E+00
 0.890819321205245E+00 -0.325298840921914E-01 -0.453191729413032E+00 -0.934735178051680E+00  0.416253150298857E-01  0.352898682430747E+00
 0.249817360806726E+00 -0.565941241322644E+00  0.785685558992748E+00 -0.229259865321804E+00  0.293781238146056E+00 -0.927972250806024E+00
-0.255954287215109E+00  0.129600153841932E+00  0.957962004977417E+00  0.529411751611862E-01  0.776644096545281E-01  0.995572936276176E+00
-0.108862826796740E+00  0.993260465360787E+00  0.397810619905574E-01 -0.981588113509907E-01  0.995073415712385E+00 -0.139192347723605E-01
-0.155127540275409E+00  0.162629401838946E-01 -0.987760579809033E+00  0.334842779955827E+00 -0.179969435071134E-01  0.942102129673771E+00
-0.155733675630246E+00 -0.189425178241653E+00  0.969466412065323E+00  0.246599569721388E+00  0.954085141244622E-01 -0.964409595372106E+00
-0.594326926385028E-01 -0.195457627729619E+00  0.978909633627153E+00 -0.248264339704295E+00 -0.299398162973723E-01  0.968229531170822E+00
 0.427941871352037E+00 -0.275863225507937E+00  0.860677195908009E+00 -0.537646484669550E-01  0.157554771126226E+00 -0.986045565210142E+00
 0.462490316566803E+00  0.657477981577575E+00  0.594832254356315E+00 -0.616004270117478E+00 -0.482406093130095E+00 -0.622754446397609E+00
 0.341345752643614E+00  0.911846640305980E-01 -0.935504374226968E+00 -0.417322404650368E+00 -0.212026132776173E+00  0.883678068980336E+00
-0.239080228130884E+00 -0.896821757979714E+00 -0.372224903695414E+00  0.130354665264616E+00  0.843836403511946E+00  0.520526450194199E+00
-0.631587670053335E-02 -0.996791507731688E+00 -0.797922290420015E-01 -0.441718411022179E+00  0.885959581252989E+00  0.141281512414288E+00
-0.871512830831005E+00 -0.486535797663218E+00 -0.612233884160600E-01  0.928739135613962E+00  0.174803368808661E+00  0.326936385604561E+00
 0.595609977023565E+00  0.385027761487031E+00 -0.704983955955222E+00 -0.471517932469155E+00 -0.154495855737261E+00  0.868217639719457E+00
-0.793582634415720E+00  0.361158180580005E-01  0.607389701954031E+00  0.810812931323966E+00 -0.214255443270571E+00 -0.544680636177539E+00
 0.802026188043821E-01 -0.344028879393212E+00  0.935527482268891E+00 -0.103171557922998E+00 -0.315585211393689E+00  0.943271755108432E+00
-0.744052077782087E+00  0.595298051057101E+00  0.303326121453093E+00  0.667135994981257E+00 -0.638196171914770E+00 -0.384233275958370E+00
 0.188955745988777E-01  0.102886298222909E+00  0.994513633339717E+00  0.110999153610756E-01  0.203026456101274E+00  0.979110335969310E+00
 0.901329487195052E+00  0.402949015124026E+00  0.158862351497395E+00  0.961331383351591E+00  0.193185607009580E+00  0.196268419842970E+00
 0.898260172265529E+00  0.738336129794383E-02  0.439402035609129E+00  0.934705939197736E+00 -0.162348415039152E+00  0.316176848239643E+00
-0.170735211074066E+00 -0.520606292267078E+00  0.836551598020959E+00  0.145426222832956E+00  0.349434712451223E+00 -0.925606069257689E+00
-0.130974208992947E+00 -0.208590202441066E+00  0.969193419305077E+00 -0.366293315285549E+00  0.725606564338445E-01 -0.927665973459742E+00
-0.271326600608079E-01  0.990663813571502E+00 -0.133600251638959E+00 -0.223190105253314E-01  0.987905192503516E+00  0.153444427705149E+00
 0.841032879674439E+00 -0.355919188619617E+00  0.407412845255124E+00 -0.758210265593476E+00  0.535703085189372E+00 -0.371671088016352E+00
-0.854380616306093E+00  0.255666279860036E+00 -0.452403045771082E+00  0.677753985483295E+00 -0.301813466419265E+00  0.670490989238108E+00
 0.300605635753034E+00  0.698174006144484E+00  0.649760962891490E+00  0.111193811535428E+00 -0.832806192315316E+00 -0.542282013640032E+00
 0.580599039245023E+00 -0.660687566469696E+00  0.475811617281574E+00 -0.232546851891148E+00  0.681363749540843E+00 -0.694021183024813E+00
-0.149997552042135E+00 -0.238522008222312E+00  0.959483186916249E+00  0.207971021489892E+00 -0.566358297374967E-01  0.976493951343477E+00
-0.398186621582414E+00 -0.121482255830106E+00  0.909224656458024E+00 -0.351185945652537E-01  0.226628414288579E+00 -0.973347957388726E+00
-0.195785649081889E+00 -0.429910883951887E+00 -0.881387889338905E+00  0.158602957061304E+00  0.275888582350671E+00  0.948014025286518E+00
 0.931262236570997E+00  0.319568583717479E+00  0.175004477192982E+00  0.874198626108466E+00  0.474949478164175E+00  0.100993837938997E+00
-0.427549330844498E+00 -0.271665657930822E+00  0.862206089050312E+00  0.458698979607403E+00  0.150595382932919E+00 -0.875737561571054E+00
 0.305560917692293E+00 -0.481116975073333E-01 -0.950956250382743E+00 -0.242890738975223E+00 -0.122474336701894E+00  0.962291081622136E+00
 0.773278154466381E+00  0.244521749726676E+00  0.585021375451935E+00  0.633004801762593E+00  0.408807545550377E+00  0.657404982979729E+00
 0.384798171732672E+00  0.819545685874310E-01 -0.919355108605397E+00  0.815800660518569E-02  0.203786778183307E-01 -0.999759049180655E+00
-0.306680453775130E+00 -0.550562797192442E+00  0.776419799863395E+00  0.414889508056266E+00  0.579528772545784E+00 -0.701436453213266E+00
 0.879972692188815E+00 -0.286852951890530E+00  0.378633655389557E+00 -0.815703521596894E+00  0.182600650486559E+00 -0.548894131227791E+00
 0.165256183698294E+00  0.314682484570513E+00  0.934700662059252E+00 -0.487484495064982E-01 -0.249551213496585E+00 -0.967133796593364E+00
-0.674643639015792E+00  0.632288987424694E+00  0.380876091028283E+00 -0.643004952540843E+00  0.765861410052959E+00 -0.965194095574193E-03
-0.488998783232448E+00 -0.847091613985883E+00 -0.208124932461196E+00 -0.613409971518321E+00 -0.738269765022122E+00 -0.280510179665682E+00
 0.326816214131951E+00  0.418066122875778E+00 -0.847591811595696E+00  0.407501796160028E+00  0.317545789369283E+00 -0.856216653528878E+00
 0.959235686743217E+00  0.252648933870841E+00 -0.126631013153164E+00  0.888773516968118E+00  0.287695547633001E+00 -0.356809343218856E+00
 0.866798718485722E-01 -0.992868543698757E+00  0.818453098828736E-01 -0.156191781654283E+00  0.981221169368180E+00  0.113177489490637E+00
 0.878386589979127E+00 -0.889990484338337E-01 -0.469591490470934E+00  0.887813649898974E+00 -0.278310460934261E+00 -0.366510859849501E+00
-0.713474016285650E+00 -0.674666706133461E+00  0.189155131361140E+00 -0.649630082763599E+00 -0.744030945361718E+00 -0.156200857592740E+00
-0.717409972048436E+00  0.631222152219242E+00  0.294756724356155E+00  0.562369280675762E+00 -0.819276814642807E+00 -0.111920923606632E+00
-0.239149566788249E+00  0.938670295827107E+00 -0.248406039453242E+00 -0.443712982316710E+00  0.779601987844412E+00 -0.441972317993619E+00
-0.747295689274449E+00  0.489874729019432E+00 -0.448967596447631E+00  0.882346456810732E+00 -0.376706235610724E+00  0.282058756654610E+00
-0.825998033334596E+00  0.546829051488465E+00 -0.136767091712902E+00 -0.674921192264771E+00  0.605680571564909E+00 -0.421464624210270E+00
-0.675366984063207E+00 -0.520191927494564E+00  0.522761700401682E+00 -0.615007819815501E+00 -0.453576787999158E+00  0.645006572799185E+00
-0.674258486236178E+00 -0.527444098713149E+00  0.516892848152469E+00  0.533911770619982E+00  0.660684738603400E+00 -0.527668359265545E+00
 0.391873531962357E+00 -0.851758804851269E+00  0.347767268882059E+00 -0.740984671700584E+00  0.553285515586148E+00 -0.380548097547930E+00
 0.250184944791129E+00 -0.679634325984743E+00 -0.689568471105751E+00  0.316480277365241E+00 -0.488436589257662E+00 -0.813185054162434E+00
-0.375120080687775E+00  0.220331288648663E+00 -0.900410488781210E+00  0.111842122116726E+00 -0.490653070730396E+00  0.864147501242271E+00
 0.997774038020304E+00  0.158196416024097E-01  0.647820036138724E-01 -0.978702400110149E+00 -0.128016144716820E+00  0.160478904253727E+00
-0.648026947214483E+00  0.697793495648583E+00  0.305197170882054E+00  0.692805264749529E+00 -0.660655568756097E+00 -0.289058963892999E+00
-0.280627104127172E+00 -0.170178578374223E+00  0.944609802983076E+00  0.222610244027837E-01  0.576295708173862E-01 -0.998089815277134E+00
 0.453522669434103E+00  0.631704692222652E+00  0.628702131484576E+00 -0.199739574413172E+00 -0.541382507669766E+00 -0.816706240212747E+00
-0.232198842988124E+00 -0.178281977159708E+00 -0.956189957035213E+00  0.390404812594365E-01  0.271846658573056E-01  0.998867776417509E+00
-0.556385952959004E+00 -0.389190838669166E+00 -0.734142467403904E+00 -0.514371489939481E+00 -0.283217981186196E+00 -0.809450150083533E+00
-0.105070016706806E-01  0.529025220533141E+00 -0.848541053194101E+00 -0.441271719110443E+00  0.571579461484513E+00 -0.691792012907339E+00
-0.390034118039204E+00 -0.348607615980957E+00  0.852259418748455E+00 -0.540478846725954E+00 -0.303594202297148E+00  0.784673930096662E+00
 0.155423160122338E+00 -0.905510059774848E+00  0.394835627754306E+00  0.798622903846248E+00 -0.580750110093005E+00  0.157894797505017E+00
-0.770976751855619E+00 -0.632830877411558E+00  0.715536770031984E-01  0.584844539002699E+00  0.765096308837570E+00 -0.269415113536427E+00
 0.374484928078048E-01  0.974808111480171E+00  0.219878958017558E+00 -0.164745528007060E+00  0.986333362711092E+00 -0.232564070844554E-02
 0.420757524303259E+00 -0.236533204256498E+00 -0.875794010613424E+00  0.265504619872858E+00 -0.406375481206008E+00 -0.874280427037432E+00
-0.907665359602492E+00  0.419055722430726E+00 -0.231494379141536E-01  0.657147900413365E+00 -0.752888069182588E+00  0.362793641733337E-01
-0.899958689101365E+00  0.250729742365792E+00 -0.356663642952484E+00 -0.860195737666970E+00  0.308162008426903E+00 -0.406324340228192E+00
-0.110291903974285E+00 -0.811134288998149E+00  0.574366486774076E+00  0.124313048277889E+00  0.931654796697096E+00 -0.341417055548126E+00
 0.844031358031824E+00 -0.427763299869300E+00 -0.323465030480704E+00  0.673297265944234E+00 -0.613479781159812E+00 -0.412690380043112E+00
-0.404470082045019E+00  0.472125632938413E+00 -0.783263263183585E+00 -0.247081981811025E+00  0.522862931068948E+00 -0.815821579500276E+00
-0.149925659808422E+00  0.414743237381824E-01 -0.987826997505874E+00  0.145337112990366E-01 -0.235160830066247E+00 -0.971847804565319E+00
-0.842187659209012E+00 -0.205929108717789E+00  0.498310293751536E+00 -0.819742401897327E+00  0.128461599643850E-01  0.572588308216096E+00
-0.748790562162568E-01  0.285915808361379E+00  0.955324697403570E+00  0.467291033053308E-01  0.250860742072112E-01 -0.998592549434027E+00
-0.176694825028433E-01  0.161204280244788E+00  0.986762873956475E+00 -0.719206032484155E-01  0.201832217751662E+00  0.976775912226458E+00
-0.270888648892874E+00  0.432128469768585E+00  0.860165289648713E+00  0.500348370912608E+00 -0.519770932959093E+00 -0.692451936942870E+00
 0.840359889561896E-01  0.677238352202067E+00 -0.730948812754207E+00 -0.201542271999552E+00 -0.533072617556390E+00  0.821714242914675E+00
-0.637068138377837E-02  0.975209488275177E+00 -0.221191926608485E+00  0.439697723777520E-01 -0.898933563451532E+00  0.435872811284874E+00
 0.289552690577549E+00 -0.186939487858669E+00  0.938729389791563E+00  0.424783837127167E+00 -0.430706663876380E+00  0.796272856129103E+00
-0.792699255475177E-01  0.118867626241975E+00 -0.989740757135569E+00 -0.107188560209735E+00  0.952517077857365E-01 -0.989665461014006E+00
 0.322919599745838E+00 -0.932858709958822E+00  0.159679552084637E+00  0.604084061559938E+00 -0.791322341228274E+00 -0.942942142565073E-01
-0.135559310915307E+00  0.740430814242072E+00 -0.658320501385905E+00  0.977270878701103E-01 -0.871990007784156E+00  0.479669513958325E+00
-0.235175399945621E+00 -0.418521417836674E+00  0.877229932271122E+00  0.254314937038302E+00  0.401240114898303E+00 -0.879960387174105E+00
 0.642149240086196E+00  0.758258437020167E+00 -0.112643225026871E+00 -0.603921120402735E+00 -0.745199452159119E+00  0.282766788773460E+00
 0.139697659663096E+00 -0.966373217866969E+00  0.215887395820353E+00  0.164167071837819E-01 -0.999144319054948E+00 -0.379621051242595E-01
 0.571483113223845E+00 -0.524215927172917E+00 -0.631351497185380E+00  0.528791599748415E+00 -0.485421489928806E+00 -0.696236612905994E+00
-0.336574331889224E+00  0.784285130945802E+00 -0.521166530478165E+00 -0.174199419398092E+00  0.765236319357364E+00 -0.619732150059816E+00
 0.562744193015258E+00 -0.550147088885353E+00 -0.616974192181956E+00 -0.463234437003422E+00  0.710986879748223E+00  0.529066643439188E+00
-0.205319953498947E+00 -0.690534264511034E+00  0.693546066408999E+00  0.531909242212774E-01  0.757845094539644E+00 -0.650262668667581E+00
-0.667824972647602E+00 -0.490894812656900E+00 -0.559492706668083E+00 -0.404347242118647E+00 -0.757944749520540E+00 -0.511881885267773E+00
 0.769432124169681E+00  0.585311043641648E+00  0.255705276611295E+00 -0.810592109214542E+00 -0.585376949373987E+00 -0.165607856312518E-01
 0.111719975342230E+00 -0.640506331508072E+00 -0.759783052198193E+00 -0.302420791962719E+00 -0.784963979190999E+00 -0.540715466730215E+00
 0.584337021095532E+00 -0.336352329889307E+00 -0.738523768036774E+00  0.810526564947339E+00 -0.280238493400754E+00 -0.514308345577964E+00
-0.791246472336713E+00 -0.556180749096026E+00  0.254149551149889E+00  0.927862870599574E+00  0.281722929326746E+00 -0.244341327765639E+00
 0.818964244251174E+00  0.114116207991926E+00 -0.562383372541941E+00  0.732865383462542E+00 -0.196169183056269E+00 -0.651479839550954E+00
 0.670809727052708E+00 -0.720921583600047E+00 -0.174029826153656E+00 -0.559189190492353E+00  0.826120677506057E+00  0.695131313741531E-01
 0.375757706490424E+00  0.308678092161603E+00  0.873798593173810E+00 -0.335466225140789E+00 -0.693637303632617E-01 -0.939495122233150E+00
-0.117951952139321E-01 -0.963317145356538E+00  0.268106230498279E+00  0.181834192535070E+00  0.903198701257246E+00 -0.388803848325018E+00
 0.837645738938969E+00 -0.273862534031116E+00 -0.472598062301829E+00 -0.671582583801522E+00  0.329113687858792E+00  0.663823028825045E+00
-0.223596887771419E+00  0.970509912528960E+00 -0.900829698775870E-01  0.282044255991038E-01  0.968607956604242E+00 -0.246988130847576E+00
-0.571933689986747E+00 -0.764902318923189E+00 -0.296338145982040E+00  0.595254469123537E+00  0.662295172359950E+00  0.455013430194275E+00
 0.211047460754405E+00  0.882944546775897E+00 -0.419366065183897E+00 -0.164489981772036E+00 -0.727969581186319E+00  0.665584956834250E+00
-0.940722412459522E+00  0.310566457129738E+00  0.136344484311686E+00  0.950648674537198E+00 -0.309615906948615E+00 -0.201267922196954E-01
-0.171565759135848E+00 -0.245680529117075E+00 -0.954047309049658E+00 -0.143731976277348E+00  0.258717341377142E+00  0.955199694444126E+00
 0.543976088009252E-01 -0.203170255119920E+00 -0.977631192010181E+00 -0.626794771237791E-01 -0.140223164643669E+00 -0.988133972315902E+00
 0.330550429592786E+00 -0.942612815370424E+00  0.470902728328037E-01 -0.342315992413763E+00  0.891990677193803E+00 -0.295249713187197E+00
-0.206867248682965E-01  0.511709866629984E+00  0.858909233742278E+00  0.142702987580397E+00 -0.985674989303838E-01 -0.984845320591126E+00
 0.542977220547429E+00  0.799866950209250E+00  0.255711947177955E+00  0.528012712002699E+00  0.805063557032213E+00  0.270324333167023E+00
-0.318368229285311E+00  0.399988047325088E+00 -0.859448214018040E+00 -0.321185706722293E+00  0.416454748667376E+00 -0.850532294571872E+00
 0.328222149728499E+00 -0.130759430807473E+00  0.935506382491594E+00 -0.427143946863199E+00  0.192801491129077E+00 -0.883388721728172E+00
 0.535407806636574E+00  0.185374539540216E+00 -0.823999247986833E+00 -0.757037413651831E+00 -0.489097086249770E+00  0.433218645205088E+00
-0.466505270196330E+00 -0.883988831589272E+00  0.306035701264210E-01  0.361370275212082E+00  0.870158081194906E+00 -0.335017071093912E+00
-0.534628079372850E+00  0.810604961313140E+00  0.238940187998209E+00 -0.338115061680541E+00  0.918309372079280E+00  0.205878853251425E+00
-0.592151459918853E+00 -0.636852135815730E+00  0.493736777668945E+00 -0.194897528770510E+00 -0.825975117188669E+00  0.528942396735516E+00
 0.631933340550064E+00  0.517654388184463E+00  0.576796487068538E+00 -0.830942057436496E+00 -0.496481519810911E+00 -0.251080460548905E+00
 0.845870449427294E+00 -0.245106576327540E+00  0.473736159720429E+00 -0.931295267763966E+00  0.190682121987861E+00 -0.310369864185698E+00
 0.627105279650451E+00  0.182454084322799E+00  0.757264468563301E+00 -0.798758490338880E+00 -0.241036007063923E+00 -0.551259029323089E+00
-0.522045014991335E+00  0.830054289967730E+00  0.196160337552893E+00 -0.522900326561523E+00  0.783339516956048E+00  0.336086967401176E+00
 0.480755673605487E+00  0.706894930688679E+00 -0.518819370554706E+00  0.421772574117018E+00  0.782746491193739E+00 -0.457619739791232E+00
 0.823803028115484E-01  0.354928712414217E-01  0.995968745393006E+00 -0.222652393931012E-01 -0.165516407310938E-01  0.999615077069107E+00
 0.932669290281367E+00 -0.327781187850888E+00  0.150623663005227E+00  0.907748640892849E+00 -0.335638206126788E+00  0.251673199894581E+00
 0.256122532867433E+00 -0.303416017267283E+00  0.917790808748503E+00 -0.215752209122634E+00  0.360683208026695E+00 -0.907391099640213E+00
 0.766247319766374E-01  0.339497504842659E+00  0.937480716951083E+00  0.256865283530628E-03  0.365203464129912E+00  0.930927689892045E+00
-0.219797065508965E-01  0.360350720215797E+00  0.932557907553141E+00 -0.343545738186718E-04 -0.561068176479599E-04 -0.999999997835894E+00
-0.344428738358748E+00 -0.302608882658811E+00 -0.888705073873547E+00 -0.297595009397225E+00 -0.317532031660589E+00 -0.900339169008749E+00
 0.824158219555365E+00  0.561612811208422E+00 -0.731729418972889E-01  0.773056158371336E+00  0.634229879161945E+00  0.116891566152849E-01
-0.914655106197572E+00  0.266634372002238E+00 -0.303829143390953E+00  0.876522908768448E+00 -0.323612501760469E+00  0.356346094560372E+00
-0.539610024156771E-01 -0.395512509708294E+00 -0.916874072532614E+00 -0.212553663961496E+00 -0.444758160416098E+00 -0.870063858966589E+00
 0.917314741857626E+00  0.386912561779658E+00  0.939804974863411E-01 -0.972322100185827E+00 -0.223337918992947E+00 -0.686287653256459E-01
-0.397903326381214E+00  0.498110782916940E+00 -0.770427537667650E+00  0.402707982882426E+00 -0.580274705320846E+00  0.707889501891060E+00
-0.208605949044016E+00  0.648896108637581E+00  0.731722213834219E+00 -0.128919342057712E+00 -0.560614916834925E+00 -0.817979656388578E+00
-0.948792398404821E+00  0.288167579381812E+00  0.129431182187501E+00 -0.967961682166703E+00 -0.159985857994568E+00  0.193532186208778E+00
 0.381096157589988E+00  0.994563951254309E-01  0.919170356429536E+00  0.206674524099870E+00  0.374200857631467E+00  0.904023981560206E+00
-0.174936913821992E+00 -0.929737849066579E+00 -0.324013283979975E+00 -0.327335178573921E-01 -0.860398789283767E+00 -0.508569012236989E+00
 0.478569111337449E+00  0.183037121452531E+00 -0.858760163167841E+00 -0.209517950640597E+00  0.110021577037579E+00  0.971595327770532E+00
-0.220089433927840E+00 -0.329945617716180E+00  0.917985038234944E+00  0.659859270833484E+00 -0.324524809416721E-03 -0.751389138448747E+00
 0.578601909957678E+00 -0.760804700743993E+00 -0.293932028059498E+00  0.538687150918489E+00 -0.842189397105511E+00 -0.230905356883849E-01
-0.613151192404537E+00  0.535708722258902E+00  0.580570219825843E+00  0.841590217139084E+00 -0.520901127227973E+00 -0.142786281093163E+00
-0.458909193401249E+00 -0.418928434920771E+00 -0.783518550276028E+00 -0.264347690579668E+00 -0.561733937164684E+00 -0.783948520199292E+00
-0.290568186696900E+00  0.497376156965568E+00 -0.817427114403381E+00  0.356012617845406E+00 -0.409704966821578E+00  0.839879072305406E+00
-0.265372967192779E+00 -0.432904356934187E+00  0.861493474166055E+00 -0.122733871624825E+00 -0.521344377156931E+00  0.844474059496698E+00
-0.401761409150943E+00  0.886026466897645E+00  0.231397644918710E+00 -0.650694105033310E+00  0.656154042102384E+00  0.382176732294893E+00
-0.449748526987059E+00  0.746776909792937E+00  0.489949496859710E+00 -0.208820800362549E+00  0.829566526462759E+00  0.517893088878831E+00
-0.850596395099675E-01 -0.911107787640756E+00 -0.403295743873900E+00  0.881190338309852E-01  0.870237091873128E+00  0.484687981906809E+00
 0.260105090748327E+00 -0.964208312781388E+00 -0.514555276921051E-01 -0.326161535769998E+00  0.872662920925354E+00  0.363425479329924E+00
 0.814928381328773E+00  0.515442774351793E-01  0.577265035116931E+00 -0.488190403426178E+00 -0.307799670750491E+00 -0.816657512479053E+00
 0.185174630943153E-01 -0.503651736894827E-01  0.998559188450929E+00  0.433548419120405E-01 -0.317637239756067E+00  0.947220640401659E+00
 0.254274974363356E+00  0.892462126512269E+00 -0.372633318630679E+00 -0.439019459123541E+00 -0.847883666599419E+00  0.297246030124539E+00
-0.571259636966394E+00 -0.590218201701290E+00 -0.570355066211845E+00  0.572829655075061E+00  0.426825681136887E+00  0.699775695625834E+00
 0.649118173379621E+00  0.320020777768294E+00 -0.690095862025617E+00  0.289996740079660E+00  0.215370301428918E+00 -0.932479235160541E+00
 0.271348069542687E+00  0.854172332345159E+00 -0.443576207445225E+00  0.175744540809873E+00  0.955726653271372E+00 -0.236009365496859E+00
 0.436148015421146E-01 -0.799797884633950E+00 -0.598682798167361E+00  0.269171638080659E+00 -0.735859548117389E+00 -0.621335138791817E+00
-0.970148986237372E+00 -0.592365360522030E-01 -0.235163724454123E+00 -0.663745936531865E+00 -0.222694698780219E-01 -0.747626512671126E+00
 0.844714588393716E+00  0.535156075337405E+00  0.807707770799897E-02 -0.893380057254918E+00 -0.352698759463919E+00  0.278344495853270E+00
-0.761340670333323E+00  0.427222749217302E+00 -0.487689559297322E+00  0.758137360372691E+00 -0.472528918153904E+00  0.449381980408014E+00
-0.850604673306699E+00  0.516244909478169E+00 -0.998142434058409E-01 -0.890264217549021E+00  0.401283316574585E+00  0.215409662714398E+00
-0.491330036387549E+00 -0.466728545973607E+00  0.735363352171409E+00  0.162051797953899E+00  0.885217873356317E+00 -0.436037305136188E+00
 0.139298138866113E+00 -0.506735646412399E+00 -0.850773185498606E+00  0.354354247802518E+00 -0.418157610313953E+00 -0.836407364865253E+00
 0.661267112476588E+00  0.137604787122365E+00  0.737421676192044E+00 -0.435201206580332E+00 -0.336501882204086E+00 -0.835084662213437E+00
 0.500029406644725E+00 -0.858654545905458E+00 -0.112618663135447E+00  0.786417192780769E+00 -0.615420431186872E+00 -0.529687811505938E-01
-0.856816522047893E+00  0.459607132783791E+00  0.233723621057040E+00 -0.811303592198639E+00  0.579271596370939E+00  0.789360432467206E-01
-0.354142172074997E+00 -0.609790094439155E+00 -0.709041157255268E+00 -0.405132875435446E+00 -0.510633728144603E+00 -0.758367027845061E+00
 0.400778669885238E-01 -0.452911585504744E-01 -0.998169562516713E+00 -0.243833314028164E+00 -0.318040443685494E-01  0.969295526520084E+00
 0.434979038190462E+00 -0.508915845737149E+00  0.742831002511704E+00  0.451611625479884E+00 -0.607962214186206E+00  0.653015226356340E+00
-0.228172189879238E+00  0.196301096906662E+00  0.953626410665599E+00 -0.156224453449858E+00 -0.103820113813522E+00 -0.982250122989069E+00
 0.164583872893238E+00  0.540703528366198E+00 -0.824955661351449E+00 -0.521650156232245E-01 -0.303644605358125E+00  0.951356276471616E+00
 0.528764624830436E+00 -0.229925405774954E+00 -0.817032606024479E+00 -0.251309426075630E+00  0.267076418507733E+00  0.930329919460091E+00
-0.968670064125397E-01 -0.944607112603506E+00 -0.313582821416512E+00 -0.676190595651945E-01 -0.892869762853947E+00 -0.445209219766005E+00
 0.142497832990214E+00 -0.881490959478974E+00  0.450186690107482E+00 -0.397875562737917E+00  0.897005874065205E+00  0.192549989531299E+00
 0.414250311742781E+00 -0.906349924056783E+00  0.832255632799952E-01  0.605322799991772E+00 -0.751129958955236E+00  0.263416196483867E+00
-0.286569481113540E-01 -0.738194301432897E-01  0.996859805117181E+00 -0.143791341978522E+00 -0.505980244945084E+00  0.850475185821038E+00
 0.960520574872359E+00  0.943403332088332E-01  0.261725288760790E+00 -0.931848918723314E+00 -0.219397237158666E-01 -0.362182607530320E+00
-0.310774082561381E+00  0.343083976726838E+00  0.886404453125903E+00  0.520778890533724E+00 -0.385748736957642E+00 -0.761568945736397E+00
-0.118152946594846E+00 -0.143214818994447E+00  0.982613554166308E+00 -0.557744530630799E-01 -0.285925992150830E+00  0.956627167394946E+00
 0.755573815326914E+00 -0.161976494901830E-01 -0.654863226745343E+00  0.783897690016911E+00  0.310783026685752E-01 -0.620111724360531E+00
 0.928369372032182E+00 -0.339896448979797E+00 -0.150335335312415E+00  0.972421023395830E+00 -0.223341771888498E+00  0.671997484185234E-01
 0.124824368030978E+00 -0.534763085032970E+00  0.835731607653849E+00 -0.170429858889419E+00  0.406364445833945E+00 -0.897675665461086E+00
-0.237082770475953E+00 -0.257580894890103E-01  0.971147919098488E+00 -0.259156886453965E+00 -0.211327787554652E+00  0.942432105995303E+00
-0.405124993497341E+00 -0.176205588880905E+00 -0.897120577230794E+00 -0.142878761216989E+00 -0.243071918851537E+00 -0.959427799190190E+00
 0.273122150195122E+00  0.525298183641045E+00 -0.805894601878069E+00  0.525250024459018E-01 -0.727062134544389E+00  0.684559549367193E+00
 0.978936748748929E+00 -0.196829700010105E+00 -0.542301681982316E-01 -0.989906267943726E+00  0.820871013729298E-01  0.115530465566078E+00
 0.756265733775504E+00  0.558992250924415E+00  0.339985004556753E+00 -0.833241988597546E+00 -0.495085422711210E+00 -0.246167042182478E+00
 0.317415823636833E+00 -0.903014649637257E+00 -0.289502568979020E+00  0.527491212436250E+00 -0.835347726625281E+00 -0.154748817199064E+00
 0.506494363584593E+00 -0.162927646800755E+00 -0.846710128417634E+00  0.520577412123046E+00 -0.199806518145409E+00 -0.830106326499131E+00
 0.371668891564221E+00 -0.287117130758631E+00 -0.882851056672842E+00 -0.288731728412954E+00  0.381187179646064E-01  0.956650904117277E+00
-0.573911463002361E-01  0.934307659679473E+00 -0.351817358000725E+00  0.526797267370703E-01  0.934045573255950E+00 -0.353247382823811E+00
-0.573002966596558E+00  0.686712937046235E+00 -0.447317496153322E+00  0.670648482717888E+00 -0.583430472813106E+00  0.458082411822666E+00
 0.474261211010464E+00  0.728606744864262E+00 -0.494174579545722E+00 -0.175057109033028E+00 -0.672543174692335E+00  0.719055412851996E+00
 0.999627459068538E+00  0.270996568037404E-01  0.324833454206284E-02 -0.908582816784775E+00 -0.333624078056996E+00  0.251340883232442E+00
 0.456456546154936E+00  0.819708108739223E+00  0.346014505388825E+00 -0.461809075021912E+00 -0.857612815247237E+00 -0.226346277528735E+00
-0.131518492514360E+00  0.128526773303774E+00 -0.982946465821446E+00  0.138385963873997E-01 -0.631563504717872E-01 -0.997907695453398E+00
 0.233564643700351E+00 -0.140305675252530E+00 -0.962165201358405E+00  0.260992951050915E-01 -0.579344995124738E-01 -0.997979168400451E+00
 0.163033005946967E+00  0.178902397130074E+00 -0.970265000540064E+00  0.270295571638393E+00 -0.629861966982384E-02 -0.962756787222468E+00
 0.236003657892155E+00  0.520405331664237E+00 -0.820658616135210E+00  0.380550946703497E+00  0.901542713465510E+00 -0.205916761727444E+00
 0.200769558480682E+00  0.735342863931502E-01  0.976874758150769E+00  0.612802416732818E-01  0.132450066670389E+00  0.989293541785993E+00
 0.882167407891381E+00  0.462026209997150E+00  0.911726150215694E-01  0.640909252202723E+00  0.765569981628686E+00  0.560172622501327E-01
 0.491853443549923E+00  0.459112418820980E+00 -0.739794550501984E+00 -0.332265824150558E+00 -0.403062775724404E+00  0.852724938609684E+00
-0.295381315524874E+00  0.493003466263154E+00  0.818350451024077E+00  0.627801942304204E+00 -0.400235867229198E+00 -0.667589673244247E+00
-0.471328402598839E+00  0.372884880516977E+00 -0.799253653595319E+00  0.509372826849788E+00 -0.256956567028091E+00  0.821287188459794E+00
-0.117965258723947E+00 -0.814289742971309E+00 -0.568345328322413E+00 -0.226050142413926E+00  0.889508917572759E+00  0.397083390074657E+00
-0.410966120988060E+00 -0.908488448693167E+00 -0.758655784338946E-01  0.982177803613361E-01  0.952047586760999E+00  0.289756208153425E+00
-0.766149380638740E+00  0.606983628775558E+00 -0.211153974495700E+00 -0.554006337140494E+00  0.724444082939523E+00 -0.410192331842133E+00
 0.158682324567491E+00 -0.958820740301069E+00  0.235547676359515E+00  0.257064220874257E+00 -0.966226277906764E+00  0.180212715631327E-01
 0.573736899903659E+00 -0.807969834925437E+00 -0.134204007166333E+00 -0.488345674427343E+00  0.792215226630699E+00 -0.365941985788150E+00
-0.101170278038217E+00  0.376667481298577E+00  0.920807354105003E+00 -0.238137112982882E+00 -0.350845099430653E+00 -0.905648072722332E+00
 0.619303694636924E+00 -0.711630310848712E+00  0.331730665586440E+00 -0.615761048745151E+00  0.787920414018153E+00 -0.444432466580498E-02
 0.440297711441910E+00 -0.752676053331420E+00 -0.489506572009461E+00 -0.309984404830761E+00  0.688441731358968E+00  0.655711561042800E+00
-0.162606788314318E+00  0.746313976860188E+00 -0.645425813194075E+00 -0.443289483365007E+00  0.809756726575003E+00 -0.384432669923513E+00
-0.521745925914469E+00  0.853089010752785E+00  0.450871650108137E-02 -0.283288000826922E+00  0.932666351631499E+00 -0.223341409330817E+00
 0.699664405027759E+00  0.656847504936100E+00 -0.281106875754350E+00  0.673995303631885E+00  0.608905306081932E+00 -0.418287770449283E+00
-0.616462032407070E+00  0.220313697318244E+00 -0.755934148834745E+00  0.626455240082039E+00 -0.425527962275158E+00  0.653054197977248E+00
-0.410361817644263E+00  0.891030799172155E+00 -0.194080636711464E+00  0.431763633232005E+00 -0.786473105851880E+00  0.441633579780790E+00
-0.676859464180717E-01  0.372219836198599E+00  0.925673271839356E+00  0.139381643585948E+00  0.519751716287106E+00  0.842870637077771E+00
 0.367841659025254E+00  0.598127226952983E+00  0.711994616737432E+00  0.286382983304507E+00  0.744123119349009E+00  0.603544174128052E+00
-0.319410553670127E-01  0.242850863066219E-01  0.999194677510404E+00 -0.372193858384002E-01  0.918469988938695E-01  0.995077306600850E+00
-0.578821365970273E+00 -0.327737182224275E+00  0.746695497297258E+00 -0.492679453785767E+00 -0.382064826026814E+00  0.781852559329736E+00
 0.225138474963243E+00 -0.689230494925055E+00  0.688675534599995E+00  0.253235284811961E+00 -0.544621810217941E+00  0.799536724835788E+00
-0.233064612799850E+00 -0.614451640956756E+00 -0.753744032935589E+00  0.338573134348707E+00  0.355378835193281E+00  0.871248596092963E+00
 0.912957297602323E+00  0.138686659290123E+00  0.383764228778045E+00 -0.987762571774130E+00 -0.447264319812251E-01 -0.149414350329497E+00
-0.580111282142228E-01 -0.372500365947955E+00 -0.926217137809462E+00 -0.337243905942349E+00 -0.439122788090704E+00 -0.832729082525760E+00
-0.489704895202791E+00  0.739055804703591E+00 -0.462585811659146E+00 -0.678863498403490E+00  0.476449881131598E+00 -0.558694783674469E+00
-0.645644647925077E+00 -0.402754754339602E+00  0.648792413998923E+00  0.516027258662731E+00  0.328455464528029E+00 -0.791095996790973E+00
 0.377771586587707E+00  0.774487236498787E+00  0.507403339432723E+00 -0.126519255135970E+00 -0.912125741125732E+00 -0.389896794620929E+00
-0.216425557342502E+00  0.194918566446437E+00 -0.956643470987731E+00  0.129109569602622E+00  0.228439667437564E+00 -0.964959085857033E+00
-0.557557567727703E+00 -0.651276235907673E+00 -0.514751224584750E+00  0.692264509262473E+00  0.562948322790871E+00  0.451507513871622E+00
-0.802124653609566E-01  0.253233740472137E+00  0.964073976978534E+00 -0.340234639280470E-01 -0.397061243786667E+00 -0.917161257677690E+00
-0.811324899203781E+00 -0.308980697923863E+00  0.496268915249038E+00 -0.686832684379069E+00 -0.246231148319947E+00  0.683835568880183E+00
 0.760053467656952E+00  0.358760042083957E+00 -0.541857876667452E+00 -0.804377510383536E+00 -0.298997776137260E+00  0.513397653533942E+00
 0.765102584476505E+00  0.143829391510783E+00  0.627639340198661E+00  0.855776858857699E+00  0.237192209532612E+00  0.459767140605641E+00
-0.931717592778912E+00 -0.296019912207031E+00  0.210415158396946E+00  0.768124242910904E+00  0.508132812151040E+00 -0.389597475181791E+00
-0.727464302244540E-01  0.263282870713423E+00 -0.961971978218959E+00 -0.304438290851607E-01 -0.193627149956209E+00  0.980602722854913E+00
 0.518449222117986E-01  0.527106760000396E+00  0.848216109021007E+00  0.162281541036106E+00 -0.452104832363567E+00 -0.877078059235584E+00
 0.134424748778727E+00  0.990889970712774E+00  0.818858086689550E-02  0.528343633160626E+00  0.841143562953320E+00 -0.115457835597344E+00
 0.124022029100198E+00  0.511992509414277E+00 -0.849989533230581E+00 -0.850326617146517E-01 -0.601683008428518E+00  0.794195822080506E+00
 0.781554455785641E+00 -0.459263153606020E+00 -0.422196622892065E+00  0.863724500971871E+00 -0.234150208447377E+00 -0.446266362506680E+00
 0.618391005341864E-01  0.333408645351365E+00 -0.940752146343600E+00  0.319435309110745E+00  0.257830435465088E+00 -0.911857746494049E+00
-0.910719061443068E+00  0.408131749225608E+00  0.633976844869237E-01 -0.909300717945643E+00  0.390506709513982E+00  0.143793999068459E+00
-0.701272534746899E+00  0.317758586933135E+00  0.638158532372572E+00  0.506930946340970E+00 -0.499639195612073E-01 -0.860537403245164E+00
 0.375850084985204E+00  0.323432994340709E+00  0.868405326900070E+00 -0.196868131042741E+00 -0.272566535284135E+00 -0.941780453621193E+00
-0.136607771952237E+00 -0.906226024025733E+00  0.400115870743409E+00  0.146623112560870E+00  0.939060417291946E+00 -0.310913485616881E+00
 0.396417559818466E+00  0.553949004800916E+00 -0.732115850359523E+00  0.301013366090041E+00  0.414183991568183E+00 -0.858977633331503E+00
-0.334304647563880E+00 -0.503176859416397E-01  0.941120891861757E+00 -0.293027851725130E+00 -0.434289752514425E+00  0.851778779363700E+00
 0.871262914086997E+00 -0.368334082111337E+00 -0.324393185026802E+00 -0.936866952575163E+00  0.269373531568587E+00  0.222975814075864E+00
 0.124155612391292E+00 -0.426584623623896E+00  0.895885563450713E+00  0.731082940189201E-01  0.359964645332887E+00 -0.930097108616091E+00
-0.127857840318704E+00  0.553516854640726E-01 -0.990246718543073E+00  0.415358211135243E+00  0.254154335155469E-01  0.909302816547792E+00
 0.785111071397706E+00  0.458577021221026E+00 -0.416302439551821E+00 -0.612107074865204E+00 -0.698869155106175E+00  0.370009233589035E+00
-0.530675845582587E+00  0.333839556879481E+00 -0.779059880354339E+00 -0.577317053703975E+00 -0.406859601303166E-01 -0.815505776896053E+00
 0.294608551491696E+00 -0.514119891733446E+00  0.805534939224832E+00 -0.381091289819392E+00  0.249248943095746E+00 -0.890305786339416E+00
-0.473288310612866E+00  0.657890284988779E+00  0.585814431330095E+00 -0.403095489343437E-01  0.796501189910964E+00  0.603291798995418E+00
-0.799462204399988E+00 -0.123923431172051E+00  0.587795174310284E+00  0.902050660477299E+00 -0.330490453497431E-01 -0.430363063626445E+00
-0.569309420456381E+00  0.322688713743859E+00  0.756147325461086E+00 -0.645655660421621E+00  0.442960161184583E+00  0.622024970374059E+00
-0.880958724553095E-01 -0.102723890272147E+00 -0.990801150394817E+00 -0.150178425317572E+00 -0.146465534288295E+00 -0.977749603853041E+00
 0.582594434814267E+00 -0.783938711638686E+00 -0.214531631508553E+00 -0.687099172715598E+00  0.681376685102502E+00  0.252231123877024E+00
 0.601250276687242E-01  0.178191844987294E+00  0.982157139885395E+00 -0.114107044924184E-01  0.501818760667537E-01 -0.998674909636468E+00
 0.899087210917368E-01 -0.424597266191750E+00  0.900907089224044E+00  0.233645254409652E+00 -0.388934465953773E+00  0.891145261046202E+00
 0.160357952813012E+00 -0.579727113871176E-01 -0.985355007956039E+00  0.141351968941814E+00 -0.362246196590693E-01  0.989296415543303E+00
-0.518314911717894E+00  0.166979463032983E+00  0.838729700926400E+00  0.138915670680957E-01  0.921750935764712E-01  0.995645909190894E+00
-0.341249192185038E+00 -0.867127818276262E+00  0.362819976854237E+00 -0.450085443719535E+00 -0.765365019900537E+00  0.460042910677298E+00
 0.655482700211564E+00 -0.558371809585046E+00  0.508491250646535E+00  0.403852479736067E+00 -0.752373744514208E+00  0.520419948865048E+00
 0.122753299537004E+00  0.230120702114539E+00  0.965389087317176E+00 -0.311391115854028E-01 -0.287161571518505E+00 -0.957375886249855E+00
 0.437819024013885E-01  0.656596463512066E+00  0.752970271076862E+00  0.231871207519337E+00  0.670302172083900E+00  0.704933146633871E+00
-0.937792022989207E-02 -0.262474421574014E+00 -0.964893378892999E+00 -0.741312579594483E-01  0.422280412463832E-01 -0.996354028007035E+00
-0.696014777487500E+00  0.598208533146642E+00  0.397127158967464E+00 -0.612738287648387E+00  0.788633276205967E+00  0.510817629919428E-01
-0.452724781482478E+00 -0.248909433550110E+00  0.856203460703942E+00  0.315120915359746E+00  0.351744009201050E+00 -0.881461831671688E+00
 0.927072738040861E-01  0.161616342332034E+00  0.982489449956094E+00 -0.721927283707308E-01 -0.159516830313130E+00 -0.984551974665249E+00
 0.749383517752702E+00 -0.146622583181581E+00 -0.645698196854959E+00  0.651415895464066E+00 -0.269941465734887E+00 -0.709076114541767E+00
 0.177438124728747E+00  0.861135276631581E-01  0.980357165652474E+00  0.996977506308063E-01 -0.123861738576057E+00  0.987278394494721E+00
 0.237255181695874E+00  0.955341903410012E+00 -0.176158526184211E+00  0.272271606020999E+00  0.856803772127725E+00 -0.437898925121366E+00
 0.162308889972678E+00  0.907149568943446E+00  0.388246679060566E+00 -0.252253407539970E+00  0.772213804642540E+00  0.583141542255367E+00
-0.262379704791350E+00  0.110663261711737E+00  0.958598212506639E+00 -0.168842934103498E+00 -0.141500173106004E+00  0.975433116422799E+00
-0.805738896173490E+00 -0.428156424559925E+00  0.409227207430282E+00  0.687829832493483E+00  0.577930662887783E+00 -0.439188194770847E+00
 0.989540685012988E-01  0.200627855358772E+00  0.974657147914681E+00 -0.231483886491749E-01 -0.637307322059957E-01 -0.997698624773751E+00
 0.259716636802688E+00 -0.622291364583669E+00  0.738444802359998E+00 -0.102515965154164E+00  0.720234485026250E+00 -0.686114249573264E+00
 0.530153658296278E+00  0.145141074038284E+00  0.835386836873845E+00 -0.819364964949122E+00 -0.224396235792633E+00 -0.527529509673176E+00
 0.237804035234803E+00  0.461343594573287E+00  0.854758052651301E+00  0.418461221839430E+00  0.569846871267035E+00  0.707223266814535E+00
 0.944633726294346E+00  0.185074770310848E+00 -0.270951015022358E+00  0.968091434750241E+00 -0.177432114356795E+00 -0.176965586366664E+00
-0.741901189593054E+00  0.349253673936904E+00  0.572367448517110E+00 -0.574695577330643E+00  0.507418387231902E+00  0.642068200190271E+00
-0.708348352945882E+00 -0.678565611655523E+00 -0.194399901125029E+00  0.776999656601129E+00  0.623191343694707E+00  0.889049086705148E-01
-0.464103769951419E+00  0.548732874244593E+00  0.695341587595728E+00  0.677549355405269E+00 -0.628854316142331E+00 -0.381404142687341E+00
 0.114514106633679E+00  0.279740687466398E+00 -0.953221730321816E+00 -0.106056222980428E+00  0.202273897000360E+00 -0.973569385385250E+00
-0.977674588761123E+00 -0.132446574373252E+00  0.163126648428636E+00 -0.964510061961435E+00 -0.218628632801742E+00  0.148060329914498E+00
 0.347239432945006E+00  0.577759725214555E+00 -0.738659919129252E+00 -0.302456990725953E+00 -0.608183188487837E+00  0.733916192764384E+00
 0.721676908307761E+00 -0.617080486569644E+00  0.313678359327390E+00 -0.544405107975171E+00  0.835144303622693E+00 -0.784670028553981E-01
-0.331722229434239E+00  0.292304237482898E+00 -0.896949605746454E+00  0.147234462217849E+00 -0.185827543857694E+00  0.971488619119770E+00
-0.403349323806592E+00  0.911766363195938E+00  0.774042759104247E-01  0.511070343847044E+00 -0.852759960705537E+00  0.107738354626171E+00
 0.459370626395305E+00 -0.847796239718609E-01  0.884189483631407E+00 -0.536407742723785E+00  0.185794660873129E+00 -0.823253956891197E+00
 0.246927221238192E+00 -0.433155786910146E+00  0.866835054481438E+00 -0.192693404296807E+00  0.647168727601467E+00 -0.737591953559151E+00
 0.370121162110916E+00 -0.177293721207945E+00 -0.911908581919210E+00 -0.327769108651604E+00  0.177969786274787E+00  0.927843826614716E+00
-0.253431063914723E+00 -0.180762494006459E+00 -0.950314483002136E+00  0.497389564603618E-01 -0.166491948872963E+00 -0.984787523870361E+00
-0.888513762043961E-01 -0.870822645619354E-01 -0.992230876432169E+00  0.416783920346520E+00 -0.210342213074925E+00 -0.884334392150011E+00
 0.614614887039477E+00 -0.780938412134305E+00  0.111282240643333E+00  0.377047967132683E+00 -0.797472453136563E+00  0.471033456316496E+00
 0.161099640126270E+00  0.275064441362003E+00  0.947832505799097E+00  0.203224253380643E+00  0.140409529909799E+00 -0.969012418263249E+00
-0.750989741255094E-01 -0.437213684367012E+00  0.896216680433654E+00  0.510335355762262E-01  0.305301053693469E+00 -0.950887398623122E+00
 0.340841591238201E-01 -0.213208648052036E+00  0.976411973755261E+00 -0.105896608118930E+00  0.180055098001346E+00 -0.977939706767565E+00
-0.445490440246439E+00 -0.184913279739321E+00 -0.875982503606711E+00 -0.306790214872741E+00 -0.175926429980245E+00 -0.935376745110089E+00
 0.237513264978363E+00  0.912938022502997E+00  0.331860838345888E+00 -0.152740140950833E+00 -0.931420180780913E+00 -0.330343603201833E+00
 0.356437536723357E-01  0.137626539354814E+00  0.989842643297087E+00  0.343577653085200E+00 -0.188891273493153E-02  0.939122371317575E+00
-0.401937981502449E+00  0.657936222898971E+00  0.636840471093956E+00 -0.215313066683300E+00  0.746826961701485E+00  0.629197721381094E+00
-0.340674261729313E+00  0.935059760194696E+00  0.980014911102119E-01 -0.363224926458542E+00  0.853867511369675E+00  0.372797432698436E+00
-0.183930398642119E-01 -0.820482609999305E-01  0.996458618785266E+00 -0.290399004945305E+00 -0.152430067253923E+00  0.944686981239681E+00
 0.555444699495516E-01  0.878201216957802E+00  0.475055190890341E+00 -0.144049139026657E+00  0.843309413676174E+00  0.517763535169122E+00
-0.187470410898969E+00  0.291597859051865E+00  0.937990156469534E+00 -0.626830955130593E-01 -0.397444024080503E+00 -0.915482974860591E+00
-0.223498342615104E+00 -0.192220999079348E+00  0.955562440848969E+00  0.317536406986360E+00  0.145596249209521E+00 -0.937001794264190E+00
-0.393414215102102E-01 -0.991283826207332E+00 -0.125732368359575E+00  0.266534449020599E-02  0.999970144312161E+00  0.725302854432604E-02
-0.948336896608065E+00  0.142840150797368E+00  0.283291055015809E+00 -0.965965157280721E+00  0.101246362294737E+00  0.238034638323323E+00
 0.270725624145391E+00 -0.747542718327099E-01 -0.959749673234563E+00  0.859843312948701E-01  0.503068091426487E-01 -0.995025587472834E+00
 0.970602731762306E+00  0.149880192749200E+00 -0.188324891920883E+00  0.935910745478160E+00  0.305830614999769E+00  0.174753287314941E+00
-0.450185810810378E+00  0.448853418873427E+00  0.771921851038457E+00  0.492858359744030E+00 -0.403596887077894E+00 -0.770843816847134E+00
 0.687231403005955E+00  0.351268582278465E+00  0.635864279407598E+00  0.475903104297771E+00  0.244110305986268E+00  0.844941651139909E+00
 0.134386544657911E+00 -0.144538070394641E+00  0.980331067967093E+00  0.142070102453844E+00 -0.414581582914673E-01  0.988988021717065E+00
 0.258545597797820E+00 -0.345613592637120E+00  0.902056216897723E+00 -0.301744239471410E+00  0.138303590702156E+00 -0.943304049999103E+00
-0.623196865060958E-01 -0.922101498355915E+00  0.381896692056319E+00  0.844133642055711E-01  0.968163376792217E+00 -0.235656656561594E+00
-0.830799657690607E+00 -0.506931829552757E+00 -0.229765203996306E+00  0.722236134014845E+00  0.656057467690401E+00  0.219005857937519E+00
 0.469691099746357E+00 -0.393245434717128E+00 -0.790410209254154E+00 -0.403789743509452E+00  0.444761675655843E-01  0.913770055076904E+00
-0.797735944485370E+00  0.123424520930773E+00 -0.590240417549531E+00  0.470102474046549E+00 -0.415874974885700E+00  0.778493204311465E+00
-0.416375569356753E+00  0.815852661526981E+00 -0.401267765864866E+00  0.556621100879312E+00 -0.598768983266886E+00  0.575889446624473E+00
 0.147804214496920E-01  0.191519283808490E+00  0.981377553784094E+00  0.579655795007958E-01 -0.403019034699300E-03  0.998318500864726E+00
-0.115303024837019E+00  0.990948671091495E+00 -0.687454996740390E-01 -0.111223810761799E-03  0.999237795970215E+00 -0.390360696516792E-01
 0.774408155683310E+00  0.271516522607037E+00 -0.571463722700362E+00 -0.655128038038152E+00  0.107511052260912E+00  0.747829276919560E+00
 0.270317069871999E+00  0.883261531042540E+00  0.383115843468009E+00 -0.245255453200030E+00 -0.922410393283433E+00 -0.298343474938452E+00
-0.539899890025167E+00  0.609678543734623E+00  0.580344881997284E+00  0.329477938078667E+00 -0.851649218740212E+00 -0.407600167490909E+00
 0.633950522934830E+00  0.110601657669465E+00  0.765424070559205E+00  0.618830717787603E+00  0.416940129879424E+00  0.665739792124978E+00
-0.344014127686822E+00 -0.334557652195743E+00 -0.877339989575961E+00 -0.158188875566010E-01  0.250022901319415E-01 -0.999562228320293E+00
 0.647859520871269E+00 -0.670194797477598E+00  0.362100779687660E+00  0.445681703019067E+00 -0.836615032921196E+00  0.318501344242516E+00
 0.204593889253784E+00  0.972821680518732E+00 -0.108440390965362E+00  0.992381100232284E-01  0.978356753859790E+00 -0.181576043838257E+00
-0.387394164829050E+00 -0.642455647049343E+00  0.661193241519310E+00  0.319547288033904E+00  0.647484737647019E+00 -0.691847559238557E+00
-0.245650884055383E+00  0.663355309159434E-01 -0.967085953005682E+00  0.819868222982372E-01 -0.317775678484158E-01 -0.996126672241576E+00
 0.176532360159994E+00  0.539535614973619E+00 -0.823248228659728E+00 -0.287637916526272E-01  0.526599046638862E+00 -0.849627028977307E+00
 0.687966314981139E+00  0.377496403549141E-01 -0.724760176958108E+00  0.779938877285122E+00 -0.500082696724232E+00 -0.376314554775979E+00
 0.314485982183124E+00 -0.502068403844553E+00 -0.805621427763251E+00 -0.297443351534297E+00  0.445942398579429E+00  0.844193597332549E+00
-0.190203260296756E-01  0.426365262683484E+00 -0.904351087783151E+00  0.792825113611739E-01 -0.213801617509676E+00  0.973654534084093E+00
-0.623789537214785E+00 -0.446368488118558E+00  0.641593162429368E+00  0.428989906766403E+00  0.770919844724795E-01 -0.900013603132002E+00
-0.626429191170132E+00  0.598713439204372E+00  0.499127925652339E+00  0.480311623512680E+00 -0.720195484086576E+00 -0.500618826074206E+00
 0.118627034056541E+00  0.362988933723224E-01 -0.992275172082267E+00 -0.215080783674254E+00 -0.123396694956226E+00  0.968769070608651E+00
 0.261755083268924E-01  0.560264788478931E+00  0.827899878943395E+00 -0.100707638250548E+00 -0.599250881642426E+00 -0.794201707659189E+00
 0.809093857574679E+00 -0.437443033343283E+00 -0.392441998535264E+00 -0.773952588997195E+00  0.569407638614417E+00  0.277078203892136E+00
-0.987211711177565E+00 -0.302199473267689E-01  0.156524094303184E+00 -0.819648823020288E+00 -0.421984108430617E+00 -0.387434148150978E+00
 0.564894861355235E+00 -0.249210400427667E+00 -0.786630772302439E+00 -0.162083735346033E+00  0.329902642967008E+00  0.929996295099965E+00
 0.522370279278572E+00  0.844008481677893E+00 -0.121568804313462E+00 -0.559863194888424E+00 -0.678056357084264E+00  0.476227655252133E+00
 0.130487273350125E+00 -0.639471749301850E+00  0.757660183286994E+00  0.342627366811678E+00 -0.165919431053415E+00  0.924703860655187E+00
 0.507670676991916E+00 -0.733280635364060E+00 -0.452294144913075E+00  0.314538830149795E+00 -0.716956919401713E+00 -0.622123862305573E+00
 0.558042315059086E-01 -0.485149339939539E+00  0.872648844439884E+00 -0.278656614546405E+00 -0.690102153676833E+00  0.667914297391613E+00
-0.528280561162951E+00 -0.118857604921328E+00 -0.840709532745837E+00  0.240570520595673E+00 -0.741708076059520E-01  0.967793632919440E+00
 0.983775072446417E+00  0.165375708707789E+00 -0.695520078965619E-01  0.892730618030291E+00  0.345396293300480E+00 -0.289367317099814E+00
 0.232111612375073E+00  0.570769900608097E+00 -0.787620416165342E+00 -0.971721838531181E-01  0.898222703237252E+00 -0.428664836526602E+00
-0.571563431762436E+00 -0.420471364417082E+00  0.704641096713203E+00  0.592065110414194E+00  0.458781320199247E+00 -0.662554605497889E+00
 0.381369812741479E+00 -0.394224268243358E-01  0.923581581774349E+00  0.399865566826972E-01  0.370487511159513E-02  0.999193349249818E+00
-0.929982029720733E+00  0.885224314502078E-01 -0.356787336555894E+00 -0.960486194355850E+00  0.110606431326719E+00 -0.255406514797457E+00
 0.592583054594853E+00 -0.740933129284198E+00 -0.316011742402334E+00 -0.632013796421685E+00  0.616100081425302E+00  0.470084301801692E+00
 0.709746155208037E+00 -0.394233050389354E+00  0.583815636265520E+00  0.750704849172669E+00 -0.451953352773351E+00  0.481851010526665E+00
-0.106938398047486E+00  0.422637405915074E+00  0.899967667277228E+00  0.311030137217526E+00 -0.452301851681801E+00 -0.835872770646144E+00
-0.463332748706418E+00 -0.616494392477173E+00 -0.636598325492894E+00  0.375308048514723E+00  0.444154295720422E+00  0.813554442132280E+00
-0.303792735290471E+00 -0.391927799179091E+00  0.868390795791485E+00  0.581492321069484E-01 -0.191466970734835E+00  0.979775007806894E+00
 0.135876796910034E+00  0.403933357035351E+00 -0.904641000140730E+00  0.361354622805349E+00  0.267273284553253E-01 -0.932045324268538E+00
 0.197542795758350E+00  0.650317627227595E+00  0.733528341348203E+00 -0.137453481132868E+00 -0.628532006260433E+00 -0.765541675959376E+00
 0.591725873395357E+00  0.442191793524609E+00  0.674037764887095E+00 -0.708148140947479E+00 -0.418520262144145E+00 -0.568653673730704E+00
-0.843538705871086E+00 -0.329086651249565E+00 -0.424434244220091E+00  0.804814236110389E+00  0.391684654848551E+00  0.445934049507573E+00
-0.974741127216105E-01 -0.990564094437850E+00  0.963409163318341E-01  0.140657701347143E+00  0.988073561841742E+00 -0.626581793632000E-01
-0.387567389796203E-01  0.643847364416233E-01  0.997172262398533E+00  0.429329336550156E-01  0.392807307507329E-01 -0.998305457963374E+00
 0.656544017746014E+00  0.168345652059079E+00  0.735261650159129E+00 -0.768929497989505E+00  0.493107886247994E-01 -0.637429112330781E+00
-0.640405421515160E+00  0.285227602146917E+00 -0.713110167553030E+00  0.673900250800524E+00 -0.121307562956467E+00  0.728795531778669E+00
 0.316264336739223E+00 -0.722114584709189E+00 -0.615245801169886E+00  0.125522083750644E+00 -0.784988273627553E+00 -0.606661039426574E+00
 0.981313664287418E+00 -0.175351878858474E+00 -0.792162285368531E-01  0.905958124744940E+00 -0.129245013288038E+00 -0.403157044771398E+00
-0.646849346792776E+00 -0.276620765509179E+00  0.710680571454486E+00  0.727906859824961E+00  0.284638455047958E+00 -0.623804900051031E+00
 0.862782326747051E+00  0.427949417009775E-01  0.503761103716587E+00 -0.939774362553603E+00 -0.235165109244996E+00 -0.248035317809296E+00
 0.282050176794011E+00  0.435035816514862E-01  0.958412821363508E+00  0.269477166514964E-02  0.735896652553511E-02  0.999969291437167E+00
-0.204764489019255E+00  0.660390651592776E-01  0.976580946931473E+00  0.601958726022301E-01 -0.270261760791048E-01 -0.997820646573420E+00
-0.510709099352506E+00 -0.369459395943750E+00  0.776322079157506E+00  0.515993573925012E+00  0.368518086760779E+00 -0.773269067917674E+00
-0.727089471982600E+00  0.376309349867745E+00  0.574223103796929E+00  0.845037439767206E+00 -0.306751929359920E+00 -0.437966870009197E+00
 0.140406240270956E+00  0.858320207426574E+00 -0.493530656814930E+00  0.197179614664134E+00  0.925827206509728E+00 -0.322434773632277E+00
 0.123546412079718E+00 -0.380053483950840E+00  0.916676406044716E+00 -0.140861944775699E-01  0.354154366350074E+00 -0.935080886298248E+00
-0.716245446749038E+00  0.402529910062720E+00 -0.570054498724612E+00 -0.686737826764881E+00 -0.132176748674875E+00 -0.714787006317257E+00
-0.786726138768833E+00  0.429483928973741E+00  0.443402229731833E+00 -0.647019788711663E+00  0.762292270296839E+00  0.166098663813264E-01
 0.319405843769051E+00 -0.803350775668913E+00 -0.502600674689496E+00 -0.361330156175696E+00  0.702582115461082E+00  0.613040691367448E+00
 0.232431997136932E+00 -0.922491227077997E+00  0.308196857010368E+00  0.212077133502781E+00 -0.803310258557267E+00  0.556521264590941E+00
-0.394721769636832E+00 -0.385892027923614E+00 -0.833835755625632E+00 -0.268841966051447E+00 -0.716666187890636E+00 -0.643516567326667E+00
 0.502811455954615E+00 -0.451008904956557E+00  0.737408711238678E+00 -0.734847247447665E+00  0.382013541800507E+00 -0.560415182520623E+00
-0.691694808830351E+00  0.562143866200749E+00 -0.453379052372315E+00  0.450814970567637E+00 -0.732129222830532E+00  0.510639465170547E+00
 0.492653468384478E+00 -0.816529046820577E+00  0.300953278412153E+00 -0.525995001149380E+00  0.841177939020873E+00  0.125494755549625E+00
-0.505278137278689E+00 -0.132569303091195E+00 -0.852712955141467E+00 -0.506830696569150E+00 -0.120774120526672E+00 -0.853543353805909E+00
-0.788632864184780E+00 -0.308402130269956E-01 -0.614090454890938E+00  0.806939404147737E+00 -0.958359002532930E-01  0.582807239365072E+00
 0.349435092275707E-01  0.709754273359002E+00 -0.703582136364688E+00 -0.164555140028341E+00 -0.800447607259260E+00  0.576372478457446E+00
-0.667634186799785E+00  0.470600897056584E+00  0.576887673906912E+00  0.749886038681678E+00 -0.378724746114985E+00 -0.542437550018840E+00
-0.154068472766459E+00 -0.111613409870763E+00  0.981735887312077E+00 -0.422507014162441E-02 -0.203308931328235E-01 -0.999784378537052E+00
 0.733616263645306E+00 -0.643702555018796E+00 -0.217839845706369E+00  0.464605049516221E+00 -0.844522833591094E+00 -0.266314347167589E+00
 0.749021982286373E+00  0.654830006243361E+00 -0.100815340971070E+00  0.819857162818687E+00  0.572491816204921E+00 -0.934628018438400E-02
 0.587144623275636E+00 -0.135750444799705E+00  0.798018175291261E+00  0.139845381922754E+00 -0.195164474086581E+00  0.970749245278814E+00
 0.755812854154874E+00 -0.618481968057505E+00 -0.215004615489943E+00 -0.905040867868279E+00  0.390584672544863E+00  0.168358667912450E+00
 0.178981277370531E+00  0.799172419608733E+00  0.573837212184375E+00 -0.270379982324623E+00 -0.742197342776703E+00 -0.613219185555490E+00
 0.158024555506566E-03  0.287560559916968E+00  0.957762444141803E+00  0.185125382678264E+00 -0.144186045600359E+00  0.972079717380400E+00
 0.484260036870666E-01  0.886171489051328E+00 -0.460819936807699E+00 -0.136227352372162E+00 -0.763470912647056E+00  0.631311550668561E+00
-0.460307607385466E+00 -0.101869492587805E+00 -0.881895409367216E+00 -0.344268461603962E+00 -0.604463507337910E-01 -0.936923404034614E+00
 0.173353568008473E+00  0.528790812492249E+00  0.830860287342293E+00 -0.298023838023909E+00 -0.628811626868196E+00 -0.718176670384712E+00
-0.344902265789411E+00  0.211515278435551E+00 -0.914496426478344E+00  0.521302537699443E+00 -0.191889093302876E+00  0.831518033514320E+00
-0.902135308111681E+00 -0.387300847250337E+00 -0.190131374521443E+00  0.857114057177804E+00  0.179562713955627E+00  0.482817485956230E+00
 0.202108494663755E+00 -0.917468040323336E+00 -0.342643475598191E+00 -0.251515175836512E+00  0.967436407831972E+00  0.284062163108537E-01
 0.602311414615104E+00 -0.172087761622131E+00  0.779491348331871E+00 -0.348151857046467E+00  0.661160113816623E-03 -0.937437916505621E+00
 0.440152670071859E+00 -0.393945295750343E+00 -0.806890780084137E+00  0.251248691078068E+00 -0.442098003541677E+00 -0.861059493006157E+00
 0.952578920467557E+00 -0.227176776359073E+00  0.202445332284947E+00  0.948731170125391E+00 -0.273147730274274E+00  0.159058116041019E+00
 0.136026479494897E+00  0.273103837132516E+00  0.952318796947598E+00  0.211199701166414E+00  0.248389908571731E+00  0.945355562498547E+00
 0.209148301463817E+00 -0.188278397873482E+00 -0.959587532687349E+00 -0.399555092517786E-01  0.708752845961887E-01 -0.996684629817196E+00
 0.120749028723594E+00  0.586497832542793E-01 -0.990948976984453E+00 -0.878076986050090E-03  0.535503171205005E-01 -0.998564766310679E+00
-0.399408209506365E+00  0.591021240712923E-01 -0.914866121959482E+00 -0.346669810090455E-01  0.140995202825281E+00  0.989403129774702E+00
-0.308828831809706E+00 -0.848531811360899E-01 -0.947325018298439E+00  0.112019725205973E+00  0.778536397391964E-01  0.990651498734110E+00
-0.780070330615876E+00 -0.545070523136327E+00  0.307226958616472E+00  0.841440549048946E+00  0.482560226508824E+00 -0.243132536300594E+00
-0.434459162314029E+00 -0.819952909901415E+00 -0.372723036349506E+00  0.145611299954849E+00  0.897049381679922E+00  0.417252628695290E+00
 0.890212840858271E+00 -0.445781299169087E+00  0.938090149301642E-01 -0.920355566375785E+00  0.243524725367799E-01 -0.390323697105945E+00
-0.166164792419319E+00 -0.976917565539538E+00  0.134243554409691E+00 -0.112427922837916E+00  0.989241130396017E+00 -0.936052781586726E-01
 0.460228634543182E+00 -0.813320894376012E+00 -0.355947646035092E+00 -0.219702879834762E+00  0.672935779403051E+00  0.706320098391317E+00
 0.938912006408610E+00 -0.247366977878810E+00  0.239277709945708E+00  0.908495336071733E+00 -0.417603855010482E+00 -0.155963013657851E-01
-0.209168637831795E+00 -0.860710275703299E+00  0.464140390664659E+00 -0.222937384165473E-01 -0.575886364274753E+00  0.817225724429806E+00
-0.232482487458738E+00 -0.965177976134660E+00 -0.119930677516640E+00  0.388165837701790E-01 -0.936253140054491E+00 -0.349175214702473E+00
 0.653883738735610E-01  0.756328060755078E-01  0.994989466882598E+00  0.290771968699363E-02 -0.494754152091072E-02 -0.999983533363985E+00
-0.738830220469125E-01 -0.953483325152037E+00  0.292251343384816E+00  0.178255880208044E+00  0.969100551702828E+00 -0.170496222423047E+00
-0.871500237745793E-01  0.410112195169355E+00  0.907861696917247E+00  0.508661253646392E-01  0.517362327467667E+00  0.854253392974021E+00
-0.671959412778913E+00  0.111814753109726E+00  0.732098359897650E+00  0.780100704341584E+00  0.122007579556960E+00 -0.613642437920013E+00
 0.482284506146363E-01 -0.855872871543918E+00  0.514932659972621E+00 -0.351244935071286E+00  0.852030134749788E+00 -0.388164456210284E+00
-0.377660328859291E-01  0.592289841901699E+00 -0.804839406304214E+00 -0.100059125025628E+00  0.241797394715782E+00 -0.965153972901612E+00
 0.589488039464982E+00 -0.806300352062076E+00 -0.488220605085887E-01  0.469669022952338E+00 -0.882225510625466E+00 -0.330023829538349E-01
 0.121833824203886E+00  0.742767747619198E+00  0.658371166118748E+00  0.511335373182970E-01  0.754509656690906E+00  0.654293924258426E+00
-0.588489811126852E+00  0.806139098199357E+00  0.618020756464401E-01  0.442070226883892E+00 -0.895234871718777E+00 -0.559324499864713E-01
 0.499842020386839E-01 -0.137784341775938E+00  0.989200209617814E+00  0.110262048641925E+00 -0.206797574553596E-01  0.993687389605440E+00
-0.788009564870058E+00 -0.136252252229204E+00 -0.600396743358731E+00  0.429433565790437E+00 -0.252137179614549E+00  0.867187208870456E+00
-0.604405261740622E-01 -0.241375386484015E+00 -0.968547812756549E+00  0.550330703074674E-01 -0.141084246718099E+00 -0.988466790792953E+00
 0.226181362811244E+00 -0.203166943264523E-01 -0.973873309547240E+00 -0.143521675642488E+00  0.349425365983429E-01 -0.989030104575612E+00
 0.480923422793298E+00  0.670441182117651E+00  0.564996710370482E+00 -0.304539133541694E+00 -0.535273416850734E+00 -0.787869459589985E+00
 0.115824464778621E+00  0.787829188191554E+00 -0.604904838459888E+00 -0.246684397153321E+00  0.837324642670970E+00 -0.487887539272151E+00
-0.459909027657882E-01  0.538654724828530E-01 -0.997488520102857E+00  0.114338995656044E+00 -0.340023199385784E-01 -0.992859726402054E+00
 0.578889384281557E+00 -0.666908618268409E+00  0.469169453018247E+00  0.376188155137065E-01  0.510367090822060E+00 -0.859133433946772E+00
 0.813007728925222E-01 -0.471774140403112E+00 -0.877963179623145E+00  0.197607213227086E+00 -0.400793388501647E+00 -0.894603850323702E+00
 0.211153515020497E+00 -0.255716108840501E+00 -0.943410549429018E+00  0.237239788237050E+00  0.231102944462928E+00  0.943561716019575E+00
 0.708326177294199E-01 -0.995327949069688E+00 -0.656126060016379E-01  0.102105992764001E+00 -0.971650782442812E+00 -0.213234901505237E+00
-0.566489128786864E+00  0.488427195186296E+00 -0.663723543328657E+00  0.693814311086842E+00 -0.380577699077981E+00  0.611377393019729E+00
 0.321201517432498E+00  0.193590860567875E+00 -0.927012493930718E+00 -0.241594303371532E+00  0.136812114727689E+00  0.960684463204315E+00
-0.720673418107565E-01  0.814438981594387E+00  0.575756409867775E+00 -0.104219370371710E+00  0.831858373929035E+00  0.545114638001464E+00
 0.615967721724213E-01  0.573650042431038E+00 -0.816781161925768E+00 -0.212951192088740E+00  0.455745416501977E+00 -0.864261479602917E+00
-0.131211046335620E+00 -0.394047468612970E+00 -0.909675905913321E+00 -0.825168401693503E-01 -0.120412834648715E+00 -0.989288491968004E+00
-0.782498376218760E+00 -0.567492453137357E+00  0.256219840853805E+00 -0.768532405451341E+00 -0.576775053836212E+00  0.276926847819800E+00
-0.688343794746839E+00 -0.275813221603515E+00 -0.670902293200889E+00 -0.457499007349546E+00 -0.247808387147328E+00 -0.853982237247134E+00
 0.559946057560419E+00 -0.726490882643380E+00 -0.398335800623778E+00  0.345344817333760E+00 -0.734648159341290E+00 -0.583976916596167E+00
 0.871122829568204E+00 -0.254106698166432E+00  0.420208045796412E+00  0.720064049582218E+00 -0.401087137870673E-01  0.692747468835220E+00
-0.929768017743511E+00  0.460811662851733E-01  0.365250543182484E+00  0.912525824802376E+00  0.215889179670311E+00 -0.347402477207668E+00
-0.115624477413921E+00  0.459237504486420E+00 -0.880756433241247E+00 -0.159981280065759E+00  0.203117599110355E+00 -0.965996496349840E+00
-0.974795973014408E+00  0.222988204977019E+00 -0.700510071454021E-02 -0.996484171673395E+00 -0.215360033624469E-01 -0.809660185729824E-01
 0.128080614156426E+00  0.410011566882814E-03  0.991763675563805E+00  0.243651724016285E+00 -0.212064702207763E+00  0.946394420662667E+00
-0.389892295600007E-01 -0.703641028876443E+00 -0.709485124903981E+00  0.559185088800655E-01  0.603511984959543E+00  0.795390724345477E+00
-0.966740472000680E-01 -0.299157501052902E+00 -0.949293905048243E+00 -0.722252048873438E-01  0.275495311078022E+00  0.958585339629709E+00
 0.896513115170132E+00  0.249429700220588E+00  0.366127107676848E+00 -0.905508289837450E+00 -0.336878762691505E+00 -0.258006659377421E+00
 0.129749311962694E+00  0.698688157365105E+00 -0.703562346066758E+00  0.135053401505333E+00  0.831700810894892E+00 -0.538548363565074E+00
-0.904799968473890E+00  0.336152655443699E+00 -0.261416161106762E+00  0.751967816375718E+00 -0.420666169315552E+00  0.507527710700129E+00
-0.684612120719535E+00 -0.781684293866094E-01  0.724704036701281E+00  0.648202275777785E+00  0.159669535410672E+00 -0.744539756586739E+00
-0.823046094860290E+00  0.328785162486041E+00 -0.463136527024434E+00  0.840073385261606E+00 -0.316275906691225E+00  0.440733772499622E+00
-0.699696404186791E-01 -0.789627256913844E-01  0.994418994876439E+00 -0.819023564774397E-01  0.376759793103602E-01  0.995927971585520E+00
-0.791178335166686E+00  0.534407325182705E+00  0.297398138450694E+00 -0.646774053917194E+00  0.673674124936493E+00  0.357556284479198E+00
-0.534095655485757E-02  0.866353476096778E+00  0.499402771956773E+00 -0.493863369657554E-01  0.834042768937755E+00  0.549484894518264E+00
-0.467437071412833E+00  0.220171673830302E+00  0.856169970456660E+00  0.782252767248333E+00  0.320157177785011E+00 -0.534396846589745E+00
 0.130822996018560E+00 -0.954943339909718E+00  0.266399251640842E+00  0.318260823980136E+00 -0.902258052282187E+00  0.290930326730369E+00
 0.323392147455953E+00 -0.370521809487950E-01 -0.945539346008808E+00 -0.249271246939169E+00 -0.690963700245456E-01  0.965965598299869E+00
-0.460875375974820E+00  0.355641595724004E+00 -0.813088521140812E+00 -0.579866120407599E+00  0.249098885267169E+00 -0.775696479147672E+00
 0.134501974315329E+00  0.124281651024838E+00 -0.983088648151233E+00  0.139671765105245E+00 -0.293892081694334E-01 -0.989761624066906E+00
 0.115482695452781E+00 -0.509293144929378E+00 -0.852809615083521E+00  0.646956932281503E-02 -0.378061160227203E+00 -0.925758015790540E+00
 0.459995222341921E-01 -0.550189939250685E+00  0.833771596242972E+00 -0.272452009332382E+00  0.575051822744584E+00 -0.771417723265987E+00
 0.410833052581312E+00  0.906618895947055E+00 -0.962204781658448E-01  0.446565484377940E+00  0.881055299240819E+00  0.155951363706660E+00
-0.759524550633368E+00 -0.638485488215620E+00  0.124333174668878E+00 -0.858477220109015E+00 -0.498284796061059E+00  0.121363604792734E+00
-0.219427541557797E+00 -0.249799724040517E+00 -0.943107444502048E+00 -0.284349828370658E-01  0.197546108882397E-01  0.999400423804048E+00
 0.672018998522955E+00 -0.721530102782196E+00 -0.166687661220976E+00 -0.712136029302762E+00  0.566051016895681E+00  0.415269216340750E+00
-0.362315540431738E+00  0.353416749070958E-01  0.931385213097362E+00 -0.569105246714208E+00 -0.139480293602271E+00  0.810348360804774E+00
-0.391209911170916E+00  0.863919956989686E+00 -0.317170479894619E+00 -0.317251171358475E+00  0.922019910336744E+00 -0.221880551681073E+00
 0.624251413167291E+00 -0.661038116671774E-01  0.778421774645153E+00 -0.441297133770061E+00  0.259183366551259E-01 -0.896986666317488E+00
-0.672328836317887E+00  0.739379782024527E+00  0.359370809721458E-01  0.599376573312132E+00 -0.798166789559778E+00 -0.606423895344206E-01
 0.305836392108588E+00 -0.949482251115415E+00  0.703388660614234E-01  0.181395364489023E-01 -0.999667436266632E+00  0.183295958907648E-01
 0.196300426380249E+00 -0.869202599570199E-02  0.980505273462118E+00 -0.229808963710160E+00 -0.551665816929922E-01  0.971670977472711E+00
 0.666103955759205E+00 -0.742609415019225E+00  0.695469398805191E-01  0.669301311369526E+00 -0.625575202343930E+00  0.400863344309983E+00
 0.305810265169385E-01 -0.146897504719710E+00 -0.988678878061170E+00  0.635470838958977E-01  0.112734904776693E-01  0.997915165001904E+00
-0.241234354736144E+00  0.519952684213712E+00  0.819423695211453E+00  0.348612749767777E-01  0.716003949847491E+00  0.697225240011995E+00
-0.719878520863031E+00  0.298326239724896E+00  0.626718732679708E+00 -0.887711225707817E+00  0.414282995055656E+00  0.200844167851694E+00
 0.506451085970083E+00  0.165171777735562E+00  0.846301117427714E+00  0.519254036986627E+00  0.282248007982552E+00  0.806666788124422E+00
-0.212907641964827E+00 -0.220327608947115E-01  0.976823880461741E+00  0.138636137384848E+00 -0.317625287609620E+00 -0.938026757657752E+00
 0.712077619380840E+00  0.463881281658343E+00 -0.527029050910791E+00 -0.604861057847253E+00 -0.622544154611979E+00  0.496570112127541E+00
-0.848862645453747E+00  0.114333000520461E+00 -0.516100934067411E+00  0.804226978379846E+00  0.184132824781589E+00  0.565078817585632E+00
-0.246470077263102E+00  0.349829543367329E+00 -0.903809599197378E+00 -0.334816873389964E+00  0.154943391835485E+00 -0.929456941778307E+00
-0.477028940021682E+00 -0.871814733215329E+00  0.111276508439456E+00 -0.270527018474299E+00 -0.960170383966287E+00  0.699139902268527E-01
-0.248154149880023E+00  0.300217895097300E+00  0.921025913512030E+00  0.416278799686616E+00 -0.732060544468817E-01 -0.906285183881868E+00
 0.443345849564423E+00 -0.555077954055573E+00  0.703798921990848E+00  0.333370067084211E+00 -0.634436892835595E+00  0.697391014697913E+00
 0.936796609574958E+00 -0.247139600054376E+00  0.247657284112190E+00  0.964845451016557E+00 -0.262523203277527E+00 -0.124428048912928E-01
 0.539762518141426E+00 -0.304755495462092E+00  0.784716835549794E+00  0.525315155883952E+00 -0.313352286214267E+00  0.791109557345195E+00
-0.203668078698057E+00 -0.638173067826754E+00  0.742465116500453E+00 -0.889145634489390E-02  0.817640334691021E+00 -0.575660685725907E+00
 0.101774060378843E+00 -0.921836464831482E+00  0.373978037778957E+00 -0.351267334792169E+00 -0.828411029911448E+00  0.436287090147141E+00
-0.194906582716962E+00 -0.737570797516515E+00  0.646529769356715E+00  0.210324583491075E+00  0.900654993601326E+00 -0.380242228165549E+00
-0.509960820891013E+00 -0.656464334232206E+00 -0.555872772347442E+00  0.608505693686296E+00  0.575512551879490E+00  0.546357139040497E+00
-0.539143902578260E+00  0.836396765622640E+00 -0.988144866336481E-01  0.486719423458144E+00 -0.868276115980358E+00 -0.959207446105172E-01
-0.646288247565694E+00 -0.461402526034646E+00  0.607798659119376E+00 -0.886635727769522E+00 -0.359949262498063E+00  0.290368067579256E+00
-0.862054731759021E+00 -0.411540236666452E+00  0.295797689403422E+00  0.952600998938112E+00  0.568618655994779E-02 -0.304169367465754E+00
 0.851291312177218E+00  0.198910531636051E+00  0.485528271283819E+00  0.863964979526925E+00 -0.291752428393510E+00  0.410420558302736E+00
 0.440890576072917E+00 -0.599090002460615E+00 -0.668361181459419E+00 -0.435851269255166E+00  0.701313539280948E+00  0.564085978118488E+00
 0.173480501840232E+00 -0.874304439288196E-01  0.980948741247814E+00 -0.572156995853560E-01 -0.807715028738051E-01 -0.995089105580232E+00
 0.513657389582872E+00 -0.662555911022124E+00 -0.545138286030759E+00 -0.473559681051695E+00  0.626064825612411E+00  0.619503077161945E+00
-0.104502031352384E+00  0.990698024512019E+00 -0.871593349630896E-01 -0.415542514580685E-01  0.992984734071016E+00  0.110700325598771E+00
 0.295710745072875E-01 -0.448353218596739E+00 -0.893367193782282E+00  0.200432175088055E+00 -0.523613219948669E+00 -0.828043561103193E+00
 0.625555363037793E+00  0.779604639270131E+00 -0.299515308981672E-01  0.576229382812452E+00  0.815627345857470E+00 -0.520742841821108E-01
 0.623079061677734E+00 -0.406938224591157E+00  0.667962397343886E+00  0.670758204106543E+00 -0.447866674069477E+00  0.591184297729321E+00
-0.238607680515251E+00 -0.704784250800293E+00  0.668090962835901E+00  0.158102209409756E+00  0.779738937656006E+00 -0.605814229349920E+00
 0.728124845582340E+00 -0.610449033257432E+00 -0.311746992031616E+00 -0.704026811860787E+00  0.618851611995688E+00  0.348380439335325E+00
-0.434505192159281E+00 -0.257091163767169E-01  0.900302326622427E+00  0.876809116929948E-01  0.220322933870167E+00 -0.971478184281833E+00
 0.354944614665979E+00  0.892486988033393E+00 -0.278354624015306E+00  0.203747954118853E+00 -0.912724530653196E+00  0.354147853779018E+00
 0.858375893806549E+00  0.185506086632659E+00  0.478307763635553E+00  0.900516292245575E+00  0.137582009853794E+00  0.412482239575079E+00
-0.311167750257841E-01 -0.998516545568941E+00  0.446817024861796E-01  0.259436068402861E+00 -0.956922046075029E+00  0.130357677745678E+00
 0.408547210843564E+00 -0.788722542290171E+00  0.459353815479173E+00  0.409328483422400E+00 -0.906588712578067E+00  0.102699069543789E+00
-0.906583525602534E+00  0.421869222548153E+00  0.115182538909546E-01 -0.860567862973998E+00  0.373114017155071E+00 -0.346711527669287E+00
-0.708836677758794E+00 -0.566792907276747E+00  0.419876606307911E+00 -0.667365473153796E+00 -0.743419648735601E+00 -0.441650440512064E-01
-0.758539094433225E+00  0.145475947356966E+00  0.635181226861292E+00  0.711514849938195E+00 -0.142835282691586E+00 -0.688000508964813E+00
 0.114517477251676E+00 -0.461138359279017E+00 -0.879907472979613E+00  0.130699628563801E+00  0.484499706476389E+00  0.864972624721487E+00
-0.230197552815532E+00 -0.140211953450496E+00  0.962989976472931E+00 -0.159229484867004E+00 -0.474364771992711E-01  0.986101288803494E+00
 0.593476419763887E-01  0.141101153946544E+00 -0.988214714395002E+00  0.292054786679328E+00  0.451402025674235E-01 -0.955335733493657E+00
-0.656340816295257E+00  0.584321833805455E+00  0.477267982796989E+00  0.515549958535245E+00 -0.779083732166712E+00 -0.356702647211222E+00
 0.753015948957260E+00  0.343851893348401E+00  0.561010566795953E+00  0.900898031479008E+00  0.260961055101959E+00  0.346817047731683E+00
-0.363047441242156E+00  0.447152808890796E+00 -0.817466158876681E+00  0.568838722573384E+00 -0.333000455880889E+00  0.752019417358489E+00
-0.989212892674525E+00  0.834696721785130E-01 -0.120377185516651E+00 -0.951161960103334E+00 -0.772466687094314E-01 -0.298871005327850E+00
-0.232751769573686E+00  0.972222540979256E+00 -0.246970559410752E-01 -0.506931008891724E+00  0.861096676270661E+00  0.391594987153783E-01
-0.640717771946046E+00 -0.279805119295636E+00 -0.714975406520007E+00 -0.536183977909812E+00 -0.441947341511028E+00 -0.719158737111735E+00
-0.208497945756318E+00  0.773137217275047E+00  0.598988689275175E+00 -0.205116471689470E+00  0.881992342959765E+00  0.424283796534827E+00
-0.918730367945321E-01 -0.191473905637753E+00 -0.977188358797819E+00 -0.108493343886097E+00  0.138665890201963E+00  0.984378466458359E+00
 0.712842165144245E-01  0.270846562909972E+00  0.959979530946248E+00 -0.112683233492733E+00 -0.256079148554751E+00 -0.960065601177907E+00
-0.691715391348426E+00 -0.714424744317300E+00  0.105485079887420E+00 -0.909111081274053E+00 -0.207945673766942E+00  0.360937167199963E+00
 0.299491910925412E+00  0.199139457017926E-01  0.953890994850476E+00 -0.156715068189066E+00 -0.624824138392818E-01 -0.985665427700147E+00
-0.780387197448135E+00 -0.408364193711658E+00  0.473534061449938E+00 -0.658664977762675E+00 -0.238465383375212E+00  0.713648868842800E+00
 0.190082950170824E-01  0.290624690567138E+00  0.956648302122206E+00  0.540149213861013E-01 -0.386037487173292E-01 -0.997793635403946E+00
 0.403465468542710E+00 -0.280103165317263E+00  0.871067065427721E+00 -0.324409777548503E+00  0.194626017469793E+00 -0.925677594821641E+00
 0.613693228552052E+00  0.512990398208349E+00 -0.600184532102751E+00 -0.646379441159714E+00 -0.394132737124889E+00  0.653339883653599E+00
 0.306742167776880E-01  0.991432543844762E+00  0.126966938336634E+00 -0.275426435419375E+00  0.907803177475077E+00 -0.316280997909029E+00
 0.119726179421564E+00  0.287952383129895E+00 -0.950131078857507E+00  0.290107305706774E+00  0.512826069187131E+00 -0.807989587765605E+00
-0.628022127372639E-01  0.267355434366373E+00 -0.961549246679582E+00 -0.121302607753337E+00 -0.133104813389741E+00  0.983650743915096E+00
-0.105976970954405E+00 -0.118275989415680E-01 -0.994298239730216E+00  0.135928243338376E-01  0.403246661977521E-01  0.999094167945479E+00
 0.382005669114139E+00  0.636409937366919E+00 -0.670114960574149E+00  0.797505220993018E-01  0.701398083342485E+00 -0.708294135870387E+00
 0.268773781116579E+00 -0.959943346123781E+00 -0.791797121551776E-01  0.474675836720909E+00 -0.866849098782925E+00 -0.152497508086312E+00
 0.181173913129193E+00  0.339793937373177E+00  0.922884658733630E+00  0.352263836781706E-01  0.568244506863125E+00  0.822105396109794E+00
 0.739116266218840E+00 -0.285454115417070E+00  0.610100887560557E+00  0.505940928248964E+00 -0.720773618932761E+00  0.473823983535180E+00
-0.259031121642836E-01  0.926851726824194E+00  0.374532916127827E+00 -0.371467189115910E+00  0.899232107439174E+00  0.231070864370275E+00
 0.247617503732444E+00  0.156247552147576E+00 -0.956175859501380E+00 -0.279757182191013E+00 -0.186957091853117E+00  0.941691544412697E+00
 0.565803008270012E+00  0.196659115989023E+00 -0.800744745802944E+00 -0.426515302080286E+00 -0.201343253477535E+00  0.881785456542828E+00
-0.428968949320026E-01  0.361063733206246E+00  0.931553990366829E+00  0.810187797591192E-01  0.121355856944886E+00  0.989297080411903E+00
-0.310953446433524E+00  0.340440425393439E+00  0.887360282472147E+00 -0.340091127629895E+00  0.127814182350579E+00  0.931666012956081E+00
-0.430638032415109E+00  0.890758235734578E+00  0.145260629589250E+00  0.483078149755316E+00 -0.873180692653331E+00 -0.647377726403209E-01
-0.533818949395121E+00  0.529393448702328E+00  0.659378423773287E+00  0.710189824565078E+00 -0.490817677555554E+00 -0.504706271491841E+00
 0.980098353213306E+00  0.196130175370859E+00  0.306622298204597E-01 -0.951063104788685E+00 -0.220007385804714E+00  0.216969400840493E+00
-0.521638560615857E+00 -0.802268633761536E+00 -0.290272718940334E+00 -0.824136169357759E+00 -0.216268114375384E+00 -0.523476529617934E+00
 0.479673217217909E+00  0.873703796734686E+00 -0.809646852350800E-01 -0.537977350307905E+00 -0.796131669234804E+00 -0.277046450612690E+00
 0.172587031503579E+00  0.115635132467486E+00  0.978183128404906E+00  0.357447552796152E+00  0.780066198791137E-01  0.930669766488134E+00
-0.510293161585721E+00 -0.669806708982892E+00  0.539406953830183E+00  0.256615989315163E+00  0.855483178553379E+00 -0.449774126912618E+00
 0.335810268254386E+00  0.357328953438618E+00  0.871520213632122E+00 -0.495789345638571E+00 -0.538738122396512E+00 -0.681141806254732E+00
-0.162164062855888E+00  0.451106952133482E+00  0.877613431104443E+00 -0.305098729893517E+00  0.196930035168753E+00  0.931736725832891E+00
 0.143697279712255E+00 -0.624518407635914E+00  0.767676917933059E+00 -0.269806928100291E+00  0.425559161252629E+00 -0.863772899449296E+00
 0.113178123892849E+00 -0.543900329398368E+00  0.831482497682568E+00 -0.937207489139316E-01 -0.721774760418786E+00  0.685753320404222E+00
-0.990703306275865E+00  0.878014204132045E-02  0.135756650075806E+00 -0.998063005107494E+00 -0.516721156619233E-01 -0.346443400690342E-01
-0.910433428619948E+00  0.382552819659271E+00  0.157366807879131E+00 -0.915940929985094E+00  0.127922150741241E+00  0.380378937544886E+00
 0.689362508082595E+00 -0.717778326693110E-01 -0.720851770607086E+00  0.412997358750148E+00 -0.187372467011719E+00 -0.891248977711247E+00
-0.535815268689965E+00 -0.352900755616572E-01 -0.843597420814901E+00  0.204079431444203E+00  0.503299752349737E+00  0.839667163193908E+00
 0.170426426264778E+00 -0.321158212599548E-01  0.984846895337247E+00 -0.109608806927982E+00 -0.480222544311516E-01 -0.992814067448268E+00
 0.350827517051127E+00 -0.176835720012763E+00  0.919591855883527E+00 -0.788075847807132E-01 -0.541045163316800E-02 -0.996875163495488E+00
-0.308636872950095E+00 -0.943061959332202E+00 -0.124005731787268E+00 -0.240910063538682E+00 -0.942701154472909E+00 -0.230817838654711E+00
 0.990830707580319E+00  0.113704543738986E+00 -0.729779805762849E-01 -0.951402503437406E+00  0.251365977080946E+00 -0.177900033780708E+00
 0.134460718749120E+00  0.990423500543549E+00 -0.313305710853329E-01  0.137571841031058E+00 -0.982708455047040E+00  0.123927724639748E+00
 0.281650822466270E+00 -0.572575262794162E+00 -0.769954792595169E+00 -0.272718949348665E+00  0.441096969058612E+00  0.855019203616776E+00
 0.944255959960628E+00 -0.344389306463574E-01  0.327405928679930E+00  0.949864600905170E+00 -0.222862956667437E+00  0.219292823623371E+00
 0.301696926771377E+00  0.245486166625256E+00  0.921257567877922E+00 -0.213149494890284E-01 -0.936834039424265E-01 -0.995373845725334E+00
-0.252892293227334E+00 -0.439949609702530E+00 -0.861678495117994E+00 -0.444147026145054E+00  0.665508828663490E-01 -0.893478818526894E+00
-0.590481706724476E-01 -0.752669541786196E+00  0.655745281651036E+00 -0.160955463349004E+00 -0.913586765788941E+00  0.373433474923461E+00
 0.168120734973323E+00 -0.431012012100826E+00  0.886546143128956E+00 -0.126332241051483E-02  0.227113779331698E+00 -0.973867411537197E+00
-0.848639441204858E+00 -0.432174762306915E+00 -0.305018152994979E+00 -0.878124708365997E+00 -0.470978102681851E+00 -0.841226684748883E-01
 0.399813651369255E-01  0.787987578155505E+00 -0.614391623571163E+00 -0.700492464640688E-01 -0.697083493064622E+00  0.713559883097867E+00
 0.399017707004546E+00  0.637279352332876E+00 -0.659287415765707E+00  0.428616829123267E+00  0.556681559104636E+00 -0.711613136152747E+00
 0.371272574161903E+00  0.806053639704969E-03  0.928523573180953E+00 -0.425516369637394E+00  0.329710919936887E+00 -0.842749386499322E+00
-0.467568145256948E+00 -0.873182290984348E+00  0.137596207259877E+00  0.715844231806168E+00  0.680188048434947E+00 -0.157832995777486E+00
 0.498996893480228E+00 -0.663346661273351E+00  0.557649807024606E+00 -0.229170248304223E+00  0.778382846266915E+00 -0.584466544747941E+00
 0.957929959129309E+00 -0.526001163147019E-01 -0.282140782529219E+00  0.941853514903932E+00  0.931487483221387E-01 -0.322854870102849E+00
 0.353682038139306E+00 -0.929199486091661E+00  0.107225607690609E+00  0.564681522000487E+00 -0.787433382178581E+00 -0.247150657174960E+00
-0.102981178860588E+00 -0.489063959266891E+00  0.866147401166035E+00 -0.275356489417942E+00 -0.185268903572714E+00  0.943320855862093E+00
 0.248801634361532E+00  0.338077487792578E+00 -0.907635036227056E+00  0.220201820077229E+00  0.459264290384290E+00 -0.860573918970643E+00
 0.256323821825902E+00  0.950909291413009E+00  0.173405933776711E+00  0.711442016001629E-01  0.976614553961631E+00  0.202885474021675E+00
 0.109856534343578E+00  0.182301007896108E+00 -0.977086426260278E+00 -0.289311976825220E-01 -0.100134526869442E+00 -0.994553197335008E+00
-0.421060038774100E+00 -0.813700470354278E+00 -0.400749283583615E+00 -0.584111842164969E-01  0.865704926578992E+00  0.497134904885273E+00
 0.985562114234478E+00 -0.348098554353767E-01 -0.165697293128866E+00 -0.962750900022911E+00  0.220830419988472E+00  0.156027658166078E+00
-0.286498229197354E+00  0.387814804887281E-01 -0.957295545501954E+00  0.217997230003366E+00 -0.283694369948573E+00  0.933806571068303E+00
-0.491311775316393E-01 -0.132619224175135E+00  0.989948619259373E+00  0.163391461748579E+00  0.248364609014839E-01 -0.986248640271586E+00
-0.789093824028327E+00 -0.317180750577801E+00  0.526048769928469E+00  0.616586849466525E+00  0.215718331369880E+00 -0.757156693542320E+00
 0.556866436303766E+00 -0.226156504791542E-01 -0.830294107212467E+00 -0.144125472194382E+00  0.102724504532870E+00  0.984213149898549E+00
-0.625274801581684E+00  0.429477661122705E+00  0.651598312692380E+00 -0.761914408587516E+00  0.227877011813123E+00  0.606266031931409E+00
 0.981148790528413E+00  0.577326257320630E-01  0.184428833891868E+00  0.894043331897062E+00 -0.174732900173260E-01  0.447639592558981E+00
-0.910322162775316E+00  0.412392135982896E+00 -0.353027780710665E-01  0.987957531495306E+00 -0.123169278140824E+00  0.936442464007780E-01
-0.108816090505920E+00 -0.947091135008288E+00  0.301956024009657E+00  0.127044133050809E+00 -0.976584578620103E+00  0.173615520788795E+00
 0.725064175764432E+00 -0.545041862973894E+00 -0.420964735612132E+00 -0.946899314933285E+00  0.284945833541897E+00  0.148954890238584E+00
-0.828530753547990E+00 -0.499472665915011E+00  0.253108368942932E+00  0.960654319123377E+00  0.273040483473954E+00 -0.509133924808581E-01
-0.573915838317359E+00  0.317501488641171E+00  0.754859864636559E+00 -0.709955187445299E+00  0.306240904881513E+00  0.634176741923624E+00
-0.324624265527941E-02 -0.119321030723276E+00 -0.992850418510139E+00  0.130078092392162E+00  0.639213467792238E-01  0.989441130793311E+00
 0.671845697454271E+00 -0.674091269932407E+00 -0.306959799669432E+00  0.555653013835621E+00 -0.772425254778108E+00 -0.307585685616813E+00
-0.180909563215933E+00 -0.612998369289159E-01  0.981587520259660E+00 -0.571198700418187E-03  0.665001479563975E-01 -0.997786251686112E+00
-0.389132905347327E+00  0.771871920471203E+00  0.502781583159174E+00 -0.608909498977122E+00  0.683854268278251E+00  0.401960895875517E+00
 0.459241856032930E+00 -0.238031108642018E-01  0.887992302658427E+00  0.445828459056131E+00 -0.685078052978470E-02  0.895092203016967E+00
-0.700494563052031E+00 -0.226283244690304E+00  0.676833258865854E+00  0.808544775419152E+00  0.198710983305887E+00 -0.553867575559358E+00
-0.824747391974970E+00  0.509060618433990E+00  0.246270230011847E+00 -0.888140149482619E+00  0.450935463872842E+00  0.886807887807473E-01
 0.482603014357862E+00 -0.860886382787201E-01 -0.871598001886203E+00  0.695030019800973E+00 -0.193187412408252E-01 -0.718721126593847E+00
 0.548723572454100E+00  0.796659265919068E+00  0.253449117296751E+00 -0.667893138268927E+00 -0.684196929660556E+00 -0.292904962908369E+00
-0.890716256661758E+00 -0.441309470014288E+00  0.108951832449820E+00  0.866249144614060E+00  0.497170053290743E+00 -0.493392092183147E-01
 0.942912774635788E+00 -0.201527022746530E+00  0.265145919319080E+00  0.976682806697641E+00 -0.824354952215840E-01  0.198229877235473E+00
 0.200440211810524E+00  0.291574785269996E-01 -0.979271955554380E+00  0.173675671379868E-01 -0.290850918043209E+00  0.956610741673503E+00
 0.376157176108068E+00 -0.488348523406630E+00 -0.787414438875087E+00  0.122095766993573E+00 -0.152934627528358E+00 -0.980664888422653E+00
 0.406737380191732E+00  0.881913161217904E+00 -0.238314665149690E+00  0.139449852859482E+00  0.960508064187726E+00  0.240786206348736E+00
 0.824428452007488E+00 -0.205948037766281E+00  0.527165185933931E+00  0.890925099092496E+00  0.143117939124944E+00  0.431010119727663E+00
 0.320986174673453E+00  0.649129428898781E+00  0.689636759610483E+00  0.378129356083140E+00  0.667076383972523E+00  0.641893517660283E+00
-0.144391529961384E+00  0.403817505648447E+00 -0.903372851156862E+00 -0.165340307570752E-01 -0.308617912157571E+00  0.951042380823497E+00
 0.545612959564895E+00  0.828995842529991E+00 -0.122769668171039E+00 -0.640579084927375E+00 -0.742098198013561E+00  0.197354251179529E+00
 0.128556819403144E+00  0.466744548955393E+00  0.874998668687772E+00  0.321674806848942E-01 -0.902412541963203E-01 -0.995400306021383E+00
 0.446378692692990E+00  0.552067586892600E+00  0.704249559610994E+00  0.375107614015643E+00  0.494987425540590E+00  0.783761268795664E+00
-0.812966999663765E-01 -0.258293805735410E+00  0.962639681549278E+00 -0.169976743679425E-01 -0.413253934333662E-01  0.999001146607780E+00
-0.872591881290036E+00 -0.452897623778853E+00  0.182940293763252E+00 -0.858142837102955E+00 -0.434154353495371E+00  0.274045376662163E+00
 0.568130847243390E+00 -0.656690499264955E+00 -0.495968677020689E+00 -0.361788204233575E+00  0.411344366742347E+00  0.836603315333368E+00
 0.389637376744415E+00 -0.536444936851567E-01  0.919404689427346E+00  0.797407736891633E-01 -0.286581173482303E+00  0.954731711014649E+00
-0.452244618872641E+00 -0.788146363341237E+00 -0.417492652214051E+00  0.326439471629484E+00  0.820944017783119E+00  0.468495668099903E+00
-0.978307612652268E-01 -0.167658524118027E-02  0.995201653541731E+00  0.183560521541711E+00 -0.182082049766718E-01 -0.982839761203658E+00
 0.276728030708762E-01  0.763480501149903E+00  0.645237739390756E+00 -0.193037904579059E+00 -0.806300847707941E+00 -0.559120121602847E+00
-0.213591983756637E+00 -0.209416886724736E+00 -0.954213305309365E+00  0.164618779570605E+00  0.166468336917986E-01  0.986216781615848E+00
-0.198979611506354E+00 -0.287745074447005E-01 -0.979581105333344E+00 -0.183705579162910E+00 -0.391553722321913E+00 -0.901630713052896E+00
 0.237622055868624E-01 -0.895830601571312E+00  0.443759947352202E+00 -0.551039967885732E+00 -0.775594234350816E+00  0.307909950203404E+00
 0.466399525560470E+00  0.117944335483296E+00  0.876675890100995E+00  0.551704076675199E+00 -0.776450961044258E-01  0.830417877234649E+00
-0.827584247595873E+00 -0.398280428432149E+00 -0.395571755133093E+00 -0.844382136225199E+00 -0.408617417183019E+00 -0.346483209403354E+00
-0.495608230837456E+00  0.781151056919014E+00  0.379704500632365E+00 -0.541608801173520E+00  0.654726900430521E+00  0.527250028301588E+00
-0.563192357159733E+00 -0.571245312079365E+00 -0.597070483497730E+00  0.534935552374277E+00  0.518644114784691E+00  0.666972440963816E+00
-0.217937862381479E+00  0.253768797276241E+00 -0.942392957141320E+00 -0.283844015293877E-01  0.434864343177357E-01 -0.998650717608588E+00
 0.294426054704543E+00 -0.217479893529937E+00 -0.930599696013987E+00 -0.259013254778814E+00  0.106833362657899E+00  0.959947272756213E+00
 0.218585123761623E+00 -0.871343034461805E-01  0.971919830455715E+00 -0.243275108757543E+00  0.142571006342565E-01 -0.969852543709873E+00
-0.182385804840525E+00  0.886243995230280E+00 -0.425801595946921E+00 -0.192223272599935E+00  0.759540839849081E+00 -0.621408018995832E+00
 0.504813050226328E+00  0.539493210263613E+00  0.673877481743270E+00 -0.428595382532347E+00 -0.335613798122686E+00 -0.838850032235570E+00
-0.703359215574223E-01  0.214421030709581E+00 -0.974205563383883E+00 -0.120407511399485E-01  0.272973621420282E+00  0.961946163940936E+00
 0.263471741078879E+00 -0.452251685305022E-01  0.963606416429577E+00 -0.142520268992828E+00 -0.149147260263316E+00 -0.978490198051140E+00
-0.564325436896135E+00 -0.210191476135597E+00  0.798346005583998E+00 -0.509226016004693E+00 -0.614161175203262E+00  0.602905395146649E+00
-0.368582408575096E+00  0.106172675386121E+00 -0.923511976690251E+00  0.304275585873287E+00 -0.137982722418394E+00  0.942537604637330E+00
-0.166566548738111E+00  0.287811837198358E-01  0.985610079242882E+00 -0.286388086079076E+00 -0.302012362834726E+00  0.909269155336828E+00
 0.443113403028127E-01  0.937250654060058E-01  0.994611540871715E+00  0.148131125409176E+00 -0.930257035706175E-01  0.984582849820269E+00
 0.230571330479904E-01  0.846512798095332E+00  0.531868829013714E+00  0.355152838805404E+00 -0.714388838974973E+00 -0.602922091017117E+00
-0.797730056082273E+00  0.443701822756379E+00 -0.408357013048190E+00 -0.801940452721449E+00  0.407683049976643E+00 -0.436676128327001E+00
 0.253837618219850E+00  0.582589126982195E+00  0.772111632277741E+00 -0.478296624094698E+00 -0.279829628298955E+00 -0.832422800327865E+00
-0.348384492741967E+00 -0.839815710016540E+00  0.416338586280851E+00 -0.384304323348299E+00 -0.863015685298450E+00  0.327893449133484E+00
-0.434160886094962E+00  0.249593978989432E+00  0.865567542504605E+00  0.440731389148095E+00 -0.237735583448931E+00 -0.865585140226995E+00
 0.384869653836417E+00  0.788222854883571E+00  0.480187547313578E+00  0.521214558067876E+00  0.597960554712043E+00  0.608915888663266E+00
-0.500665144878983E+00  0.418492827455651E+00  0.757758646319184E+00  0.319055200946651E+00 -0.353388036471301E+00 -0.879386533003463E+00
-0.485627602096753E+00  0.209810362144013E+00 -0.848613836806091E+00  0.161935157362434E+00 -0.100175183882226E+00  0.981703589350760E+00
-0.178638675356982E+00  0.637500768093899E-01 -0.981847315713344E+00  0.128990628685934E+00 -0.212873406143906E+00  0.968527919405476E+00
 0.716018103706181E+00 -0.611697147993729E+00  0.336369847491335E+00 -0.799863898609120E+00  0.494915322302864E+00 -0.339524030742555E+00
 0.638418166475564E+00 -0.695713571829367E+00 -0.329248949408200E+00 -0.609270607935822E+00  0.683142873388761E+00  0.402622827027556E+00
-0.975482131007500E+00  0.143085764376061E+00 -0.167215657514437E+00 -0.996138470697762E+00  0.868487810402399E-01 -0.128622092872476E-01
-0.169003431705722E+00 -0.519027276128827E+00  0.837883361038981E+00 -0.407001035055893E+00 -0.488069672575276E+00  0.772099833036956E+00
 0.163088274000897E+00  0.982845131429357E+00 -0.861258527331883E-01  0.794639115387619E-01  0.928361109971489E+00 -0.363085577041369E+00
-0.790763089855990E-01  0.221003366258430E+00 -0.972061957623925E+00 -0.521215747430657E-03  0.254372708660363E+00 -0.967106123144164E+00
 0.759167466569398E+00 -0.527286647126245E+00 -0.381619639778884E+00  0.719108184525882E+00 -0.628067478481042E+00 -0.297346029773991E+00
 0.658812174461739E+00 -0.748787924500408E+00 -0.726853692524701E-01  0.478752933492586E+00 -0.876788968569912E+00 -0.451301813241754E-01
-0.588776287766178E+00  0.256324084257556E+00 -0.766577097749342E+00  0.802319505738358E+00 -0.180319502828830E+00  0.569006403840344E+00
 0.674394615713277E+00  0.574433151982782E-02 -0.738348769181836E+00  0.708831549702886E+00 -0.189767227546393E-01 -0.705122484494217E+00
-0.672408709182786E+00 -0.550997328966380E+00 -0.494235238815540E+00 -0.820245269389606E+00 -0.195170148470074E+00 -0.537686071225713E+00
 0.644097759538861E+00 -0.656059595490201E+00  0.393349568859880E+00 -0.699865405841915E+00  0.503696547587732E+00 -0.506436769650399E+00
-0.675034039995343E+00  0.513655770890200E+00  0.529610039442947E+00  0.666153298754472E+00 -0.483344481932862E+00 -0.567994625277025E+00
-0.833744709039650E+00 -0.552133717329803E+00  0.425656386797927E-02 -0.961673723573481E+00 -0.187129633622659E+00 -0.200414943575986E+00
 0.840628361288137E+00 -0.539774725203914E+00  0.445780689247610E-01 -0.873889277670590E+00  0.444514411642037E+00  0.196785335365488E+00
 0.162963495337680E+00  0.820802535425172E+00  0.547472462345765E+00 -0.454388436270146E+00 -0.830689866814362E+00 -0.321691613437324E+00
 0.193463144177330E+00  0.687531400968648E+00 -0.699908983030729E+00 -0.899642465470294E-01 -0.570440865143322E+00  0.816396750188145E+00
-0.105996814034863E-01  0.412382454021970E+00 -0.910949152460752E+00 -0.194132165592817E+00  0.356966638498572E+00 -0.913721796435476E+00
 0.437387776386961E+00 -0.998483869007863E-01  0.893712611917601E+00 -0.588883634965195E+00  0.507779679378744E-01 -0.806621139347512E+00
 0.920050183775674E+00  0.186695192206121E+00 -0.344459815568477E+00  0.947720250343601E+00  0.171586611309215E+00 -0.269043420116684E+00
-0.563895304418005E+00  0.116443364276409E+00 -0.817595883411430E+00 -0.520898846113266E+00  0.158763630435355E+00 -0.838724330020809E+00
-0.799545718285305E+00  0.181439762307767E+00  0.572543672592176E+00 -0.874877569967129E+00  0.120904273796881E+00  0.469011081048264E+00
-0.971865338554115E+00  0.113899516140985E+00 -0.206166592686458E+00 -0.994860544055263E+00  0.958976401506406E-01  0.324983152733377E-01
-0.508750821720967E+00 -0.272051534538360E-01  0.860483864476141E+00  0.532429165146237E+00  0.389549618943162E+00 -0.751511994902888E+00
-0.830173021802297E-01 -0.181913517275669E+00 -0.979803857805791E+00 -0.282751308747119E+00  0.530249664655602E-01 -0.957726500799220E+00
-0.741172549351111E+00 -0.474053864523533E+00  0.475327450941642E+00  0.688699973097120E+00  0.601338343664789E+00 -0.405073503816917E+00
 0.152978188504194E+00  0.340836600366348E+00 -0.927592629171171E+00  0.271931798641296E+00  0.727789045683212E-01 -0.959560486857157E+00
-0.149954504249296E+00  0.171878034351239E+00 -0.973638325027781E+00 -0.105574750669287E+00  0.443290920060117E+00 -0.890138827494550E+00
-0.632155914692493E+00 -0.519734459573445E+00  0.574678163019264E+00  0.255698936835021E+00  0.125356062030713E+00 -0.958594758703380E+00
 0.465966216381675E+00  0.774936855438392E-01 -0.881402413141568E+00 -0.199759688062975E+00  0.207572112817724E+00  0.957606330913371E+00
 0.767515920458589E+00 -0.635985567703936E+00  0.802600119293954E-01  0.820471750354393E+00 -0.550175800707894E+00 -0.155347015374694E+00
-0.939582921056774E+00  0.305346029165322E+00 -0.154750563589894E+00  0.661139141535791E+00 -0.729287464207207E+00 -0.176167051628670E+00
-0.727295545977542E+00 -0.508420035537463E-01 -0.684438660126582E+00  0.793802606646811E+00  0.327580042089410E+00  0.512414615038865E+00
-0.369421416230792E+00 -0.295549454486557E+00  0.881009839435823E+00  0.982799732927120E-01  0.594315966228013E+00 -0.798203970884665E+00
 0.780683382392215E-01  0.951827040617034E+00 -0.296530975304076E+00  0.166401903877312E+00  0.907480774915386E+00 -0.385731836312452E+00
 0.536590668223789E+00 -0.572688006805983E+00  0.619757131169733E+00 -0.692164332672549E+00  0.636862299951291E+00 -0.339580546375549E+00
 0.104051716690814E+00  0.936462280414389E+00  0.334980055547756E+00 -0.845526618985514E-01 -0.994758185268083E+00 -0.575065231779722E-01
 0.131615677206707E+00  0.729611250877352E+00  0.671077295180373E+00  0.143332146123575E+00  0.632088287723259E+00  0.761524978192238E+00
-0.460793813321107E+00 -0.628701903872685E+00 -0.626420767273766E+00 -0.708752043970679E+00 -0.400366238070802E+00 -0.580841988479155E+00
 0.235064198872144E+00  0.895224015261767E+00 -0.378574675469974E+00 -0.148130318726227E+00  0.853120314925419E+00 -0.500243077848780E+00
 0.470347336987771E+00  0.158465457827804E+00 -0.868137132752618E+00  0.190119023884700E+00  0.230723758817487E+00 -0.954264797566304E+00
 0.461891449492977E-01 -0.630215436345729E-01  0.996942750576365E+00  0.806291240446102E-01  0.286339970947199E-01  0.996332795087153E+00
-0.562154219432703E+00  0.138761721389478E+00 -0.815308419097361E+00 -0.529775898927652E+00  0.356570229055276E+00 -0.769542181213523E+00
-0.193251721547840E+00  0.903008361421378E+00  0.383705188030960E+00  0.427343240245359E-01 -0.947903795711007E+00 -0.315677322002755E+00
-0.364006987425398E+00  0.808206023182511E+00  0.462927572301539E+00  0.343098237034847E+00 -0.689983372413867E+00 -0.637343349801319E+00
-0.506737067440685E+00 -0.843643731506299E+00  0.177433927904847E+00 -0.375751739715370E+00 -0.911101467191508E+00 -0.169424751976664E+00
 0.504786667519341E+00 -0.557575608980101E-01  0.861441532953585E+00 -0.109098359105788E-01 -0.689507375771090E-01  0.997560409833899E+00
 0.496285441566063E+00  0.666714419802313E+00 -0.556050935542097E+00  0.316297444866063E+00  0.636250475354170E+00 -0.703662745200279E+00
-0.994987653535772E+00 -0.906093839410401E-01  0.423025868381934E-01  0.991021471483476E+00  0.132922372871151E+00 -0.144251810743518E-01
 0.276904670892014E+00  0.636627363521062E+00 -0.719742595136905E+00 -0.148393798684132E+00 -0.591170157695484E+00  0.792778105879817E+00
-0.265416352598665E+00  0.961823739685650E+00 -0.667027252091860E-01  0.359827626039492E+00 -0.932288591877891E+00 -0.369061105119857E-01
-0.242066685457250E+00  0.945593535669428E+00  0.217385797815611E+00 -0.403397669962664E+00  0.869586493667775E+00  0.284762444678507E+00
 0.218318746245073E+00  0.126394838066058E+00 -0.967657620208839E+00  0.132346028784423E+00  0.343888698894517E-01 -0.990606851527244E+00
-0.859159530883155E-03  0.246820864089290E+00  0.969060742624071E+00 -0.123925392899144E+00 -0.240950872778615E+00 -0.962592942994086E+00
 0.761992247885733E+00 -0.647487675318229E+00  0.112926734232034E-01 -0.615798306969456E+00  0.689166571166113E+00 -0.381892501000863E+00
-0.390105567587997E+00  0.153208719125380E+00  0.907934322801384E+00 -0.176837363147865E+00 -0.191395453812741E+00  0.965451359341694E+00
-0.584169690832216E+00 -0.811059043574634E+00 -0.304795037491394E-01 -0.588907508234315E+00 -0.804056630420827E+00  0.817366614289757E-01
-0.239772952125962E+00  0.391851301070257E+00 -0.888235041685672E+00  0.966119489366084E-02  0.414017266247122E+00 -0.910217756672812E+00
-0.259014151276544E+00  0.217481740285945E-01 -0.965628648272675E+00 -0.121432159201798E+00  0.215949131995476E+00 -0.968824134248311E+00
-0.444003128373142E-01 -0.112244718840758E-01 -0.998950761274484E+00  0.917976103628928E-02  0.350620850941325E-01 -0.999342975247321E+00
 0.882113990531712E+00  0.463618025458247E+00 -0.832660445704917E-01  0.944881807419589E+00  0.239851742029521E+00 -0.222866578591079E+00
 0.309992034119115E-04  0.198229901261411E-01 -0.999803504745562E+00  0.101774072674748E-01  0.118170380562596E+00 -0.992941177280408E+00
-0.484682175712746E-02  0.800464104560241E+00  0.599361097861236E+00  0.992510066623671E-01  0.696162364960367E+00  0.710990294792619E+00
 0.620916069757962E+00 -0.118608419056205E+00  0.774851777597053E+00  0.247354240008191E+00  0.124832994100890E+00  0.960849938093237E+00
-0.249847058609816E+00  0.413841161945474E+00 -0.875392449124187E+00 -0.843820971443133E-01  0.222392675426244E+00 -0.971298697414078E+00
-0.411661106897549E+00  0.910599719311122E+00 -0.366508425331446E-01  0.406124876051173E+00 -0.891015461893723E+00 -0.202864564965728E+00
-0.657212632105943E+00  0.456871271915152E+00 -0.599449912085247E+00 -0.663588440396582E+00  0.430644489397051E+00 -0.611715379505849E+00
 0.279713566936234E+00 -0.406889178583950E+00 -0.869598480232738E+00 -0.194995278602955E+00  0.258221084049640E+00  0.946202258016110E+00
 0.127436029258001E+00 -0.537357394365110E+00 -0.833670851816287E+00 -0.113766858486914E+00  0.617767195527324E+00  0.778087908941094E+00
-0.452981767371306E+00  0.815829078367934E+00  0.359486346498021E+00 -0.480355490064620E+00  0.876992347924961E+00 -0.119592995548259E-01
 0.587429079580454E+00 -0.351016947584594E+00 -0.729187341477932E+00 -0.473562933904316E+00  0.159810239344918E+00  0.866140193636375E+00
-0.408711486383415E+00  0.278891485777861E-01 -0.912237423201803E+00 -0.956987357855615E-02 -0.186977670505319E-01 -0.999779381177175E+00
 0.690566914449181E+00  0.721630688252294E+00  0.486465460300972E-01 -0.664297180517583E+00 -0.602823456956072E+00 -0.441942457453367E+00
-0.482374075971996E+00 -0.239570293297764E+00 -0.842568291237800E+00 -0.193623768419172E-01  0.122476181544740E+00  0.992282562235804E+00
-0.808562434078728E+00 -0.409193636468459E+00 -0.422832541404279E+00  0.858265169988309E+00  0.458887468532012E+00  0.229789445382551E+00
 0.575652977586839E+00  0.538049975028557E+00 -0.615731982088940E+00  0.410548151626878E+00  0.697209434850370E+00 -0.587664206117219E+00
 0.275144954811292E+00 -0.913222113711858E+00  0.300533899701079E+00 -0.387838553203408E+00  0.880844309490426E+00  0.271467418095474E+00
-0.494496253033250E+00 -0.864698505119645E+00  0.881473254269636E-01  0.377918242860092E+00  0.925292731449935E+00 -0.317987867608037E-01
-0.778049858406166E+00  0.414714188948360E+00  0.471858622173050E+00  0.851319106790294E+00 -0.333344479801006E+00 -0.405138539514537E+00
 0.367342297226602E+00  0.571979670140621E+00 -0.733415907663660E+00 -0.395351232370791E+00 -0.366042242759119E+00  0.842443161037450E+00
-0.598357762202053E+00  0.115961142068678E+00  0.792793164666977E+00 -0.525109407917521E+00  0.247145424538950E+00  0.814358182156950E+00
 0.934341836359199E+00  0.133848582569429E+00  0.330287586465302E+00  0.882904406262304E+00  0.130822288634817E+00  0.450960461902102E+00
 0.317253279981345E+00 -0.188908275254089E+00 -0.929335256988351E+00 -0.416505992360906E+00  0.211369394472681E+00  0.884220412231989E+00
-0.915577685265841E+00  0.282972771160300E+00 -0.285733989971625E+00 -0.891813980474842E+00  0.132000400023342E+00 -0.432716672458199E+00
-0.779679183103210E+00 -0.608890895049972E+00 -0.146124088913349E+00  0.783607619471059E+00  0.618778656378620E+00 -0.554262854354296E-01
-0.173518256742236E+00  0.182094449690019E+00 -0.967849691826796E+00 -0.138084649805212E+00 -0.144706030641242E+00  0.979792219903908E+00
 0.590093819250607E+00 -0.799336195937049E+00  0.113361943998504E+00 -0.548319536729389E+00  0.823548330674068E+00 -0.145305996726989E+00
-0.627589818430687E-01 -0.357492575178141E+00  0.931804898511766E+00 -0.509005125701278E-01  0.565168097704216E+00 -0.823404007251298E+00
 0.215353810551243E+00 -0.811316532743164E-02  0.976502387518550E+00 -0.263180232372455E+00 -0.320447157939412E-01 -0.964214344156975E+00
 0.167865602770113E+00  0.721161507585962E+00 -0.672121432021751E+00  0.198669995835620E+00  0.634196015029505E+00 -0.747211915908312E+00
-0.108698256870188E+00  0.923740030657719E+00 -0.367272439360563E+00 -0.121089476336849E-01  0.990432129373137E+00 -0.137468434531704E+00
-0.168589457226256E+00 -0.194638331642903E+00 -0.966278176700387E+00  0.181514687989627E-01  0.358718656032414E+00  0.933269226962263E+00
 0.660190700236199E+00  0.168615953345677E-01  0.750908733418656E+00 -0.567639952227832E+00  0.349002271943591E-01 -0.822536843415884E+00
 0.544722785482949E+00 -0.983591835631080E-01  0.832828048269567E+00 -0.200866526520574E+00 -0.691815145314959E-01 -0.977172736301360E+00
-0.286113004786106E+00  0.247784017485804E+00  0.925603818688569E+00 -0.297522884974719E+00  0.394273188109732E+00  0.869499158167567E+00
-0.292923177731308E+00  0.379633333137780E+00 -0.877538913278774E+00 -0.263815249356847E+00  0.234067356054753E+00 -0.935742479016702E+00
 0.240165918489376E+00  0.963511100076204E+00 -0.118180758273492E+00  0.800914651879487E-01  0.807389146515526E+00 -0.584558058102852E+00
 0.759643413100700E+00  0.512910623857944E+00 -0.399830685248611E+00 -0.828297739126628E+00 -0.457833832171439E+00  0.322972193039789E+00
-0.417470533104452E+00 -0.151058105827627E+00  0.896046763653133E+00  0.577042390540854E+00  0.104602438652234E+00 -0.809987906913987E+00
 0.493938862709179E+00 -0.646365610944629E+00  0.581580516260422E+00 -0.419493925749922E+00  0.643603000746479E+00 -0.640156249433720E+00
-0.483399873077163E+00 -0.427465878283980E+00  0.763935524512303E+00 -0.324315670438215E+00 -0.539907927589007E+00  0.776735975499239E+00
-0.503570590619296E-01  0.431075435466408E+00 -0.900909615633045E+00 -0.601118174936682E-01 -0.327647999873639E+00  0.942885654560727E+00
 0.841684473096874E+00  0.267906538783688E+00  0.468821217762787E+00 -0.850749528603393E+00 -0.199348758773790E+00 -0.486297554956278E+00
 0.124581028939039E-01  0.345288239551440E+00 -0.938413995686207E+00 -0.305722416899862E+00  0.338778415475807E+00 -0.889810647841780E+00
-0.954546735775471E+00  0.297355265548250E+00 -0.205030551655506E-01 -0.932085031391023E+00  0.394769616194164E-01 -0.360082023653076E+00
 0.686408010666149E+00 -0.438820596917991E+00 -0.579896996555318E+00 -0.743913413853277E+00 -0.332896004032738E-01  0.667446353794935E+00
 0.903370981303926E+00 -0.362524897347604E+00 -0.229121297441096E+00 -0.902669261811211E+00  0.277046808462007E+00  0.329292073549030E+00
 0.786769656050789E-01 -0.995493258799055E+00  0.529443742886247E-01  0.230179963807446E+00 -0.972083665787538E+00 -0.455030874849695E-01
 0.130633821606347E+00 -0.951425149200304E+00  0.278792019472762E+00  0.189627734039582E+00  0.930250618673593E+00 -0.314125944392389E+00
 0.412812656738191E+00  0.198683993992278E+00 -0.888881533708533E+00 -0.378649298314826E+00 -0.338715239602389E+00  0.861334252974295E+00
-0.538337917721243E+00 -0.479587799477964E+00  0.692955863627288E+00 -0.592247900002448E+00 -0.511996717753477E+00  0.622175044462856E+00
-0.717402018997287E+00  0.691136383692126E+00 -0.875490849500188E-01  0.583589897199400E+00 -0.792419949028061E+00 -0.177463957662278E+00
 0.520272451442136E+00 -0.657911643554614E+00  0.544489527489425E+00 -0.586683002549040E+00  0.505300311139011E+00 -0.632830664619582E+00
-0.571313519147075E+00 -0.815998599464624E+00  0.880178874522496E-01 -0.654044753073140E+00 -0.727781521624870E+00 -0.206299582546557E+00
-0.756389261844378E-01 -0.169662713915281E+00 -0.982595194549906E+00  0.307851400152926E+00 -0.268089696467018E-01  0.951056672638579E+00
 0.712171331009130E+00  0.192976057339188E+00 -0.674960914855451E+00 -0.857283079593820E+00  0.132898984697488E+00  0.497396804682653E+00
 0.823345850046673E+00  0.534958309371259E+00  0.189528938280055E+00  0.651232895074698E+00  0.723874352168475E+00 -0.227819311396771E+00
-0.208904042435763E+00 -0.915037852158649E+00 -0.345057720056926E+00 -0.264536433635176E+00 -0.838774054980412E+00 -0.475897636021970E+00
-0.500274003622836E+00  0.362407305167960E+00 -0.786375779421058E+00 -0.470726875746975E+00  0.150933479181560E+00 -0.869272853200674E+00
-0.484326889588300E-02 -0.460067970631926E+00  0.887870488948148E+00  0.187385078870448E+00  0.544348634760879E+00 -0.817662152756677E+00
-0.395878254781401E+00  0.913991392821016E+00  0.888827387085385E-01  0.437327313199480E+00 -0.899283577016897E+00 -0.581972829430280E-02
 0.887621672969282E+00  0.207506209878307E+00 -0.411179934502103E+00  0.618910308512089E+00 -0.267210767755616E+00 -0.738612507078593E+00
 0.626338231677269E+00 -0.384663036328689E+00  0.678037438510430E+00 -0.777491405724133E+00  0.357938620890337E+00 -0.517094824669746E+00
-0.585550201293660E-01  0.796544940000649E+00  0.601737042383974E+00  0.210241282727938E+00 -0.762558493521266E+00 -0.611803193024921E+00
 0.467717099654807E+00  0.882614787113878E+00  0.472424836182416E-01  0.134813997454174E+00  0.852161621891615E+00  0.505614236612735E+00
-0.644295858112964E+00  0.250380483115445E+00 -0.722628854179900E+00  0.471669964475768E+00 -0.423379033640375E+00  0.773484090647746E+00
 0.913152943399703E+00 -0.245629757666419E+00  0.325296363504414E+00  0.922028073929305E+00 -0.284546932520618E+00  0.262482902451424E+00
 0.549702064649036E+00 -0.747388690368411E+00 -0.373145796747032E+00 -0.411789665853371E+00  0.761402916736356E+00  0.500694387308005E+00
-0.684758825566365E+00  0.671243400027430E+00  0.283791558592900E+00  0.733005487789559E+00 -0.628149635469872E+00 -0.261019137860536E+00
-0.492431315455086E+00 -0.391423148163812E+00 -0.777366913780555E+00  0.436281153993187E+00  0.555744297014502E+00  0.707677208200342E+00
-0.341916850915213E+00 -0.230849637454131E+00 -0.910934307152563E+00 -0.166013582514473E+00  0.995394759752274E-01 -0.981086837717889E+00
 0.771291808052972E+00 -0.305774285851087E+00 -0.558221311795452E+00  0.818281565428670E+00 -0.275881116022081E+00 -0.504286515288696E+00
-0.469161306453195E+00  0.677845721750433E+00 -0.566050215115025E+00  0.400781596605446E+00 -0.817293866556984E+00  0.414010685261534E+00
-0.206816832316229E+00  0.531976494974729E-01 -0.976932345640487E+00 -0.236092558323522E+00  0.161099675332339E+00 -0.958283464592847E+00
 0.561303653721350E-01 -0.345017997146712E-01 -0.997827143296693E+00  0.171582819073339E-01 -0.102974646945074E+00 -0.994535979966801E+00
 0.495918153780799E-01 -0.853347721650945E+00 -0.518978147710140E+00 -0.667784793670825E-01  0.865723540203625E+00  0.496047766480934E+00
 0.356487195002971E+00  0.590692313134967E+00 -0.723878077442725E+00  0.712636471544029E-01  0.674089248762428E+00 -0.735204173884479E+00
-0.938717348260297E-01  0.195650102976050E+00  0.976170648301931E+00 -0.119398982281888E+00  0.165298468816868E+00  0.978989427540894E+00
-0.890314346349707E+00 -0.168025248558871E+00  0.423211389887634E+00  0.897804431117412E+00  0.327581703355213E+00 -0.294342370536144E+00
 0.640881347489686E+00 -0.700527198636917E-01 -0.764436861277309E+00  0.591558349492927E+00  0.133211079376306E+00 -0.795181443116352E+00
-0.396444352065434E-01  0.284331375993709E+00 -0.957906043087044E+00  0.164722608226050E+00 -0.284883955187382E+00  0.944302702747377E+00
 0.661623647355276E-01 -0.186034660207605E+00  0.980313035052602E+00 -0.498549310133571E-01  0.404889228498578E-01  0.997935435276307E+00
 0.751949668137365E+00  0.617595300222387E+00 -0.230537939895642E+00  0.434291915066722E+00  0.792208071391909E+00 -0.428715411583478E+00
 0.552766297719158E-01  0.557152328527911E+00  0.828568510756344E+00 -0.208652364225324E+00 -0.660100079657221E+00 -0.721617679758273E+00
-0.658763289154808E+00  0.752256467569359E+00  0.118800615321897E-01 -0.654339841682623E+00  0.754454322939386E+00 -0.513619137574909E-01
-0.783916588228731E+00 -0.577536688246753E+00  0.227873114756432E+00  0.892168145395425E+00  0.431796409877376E+00 -0.132619232235361E+00
-0.405013314962084E+00 -0.215585700957318E+00  0.888530821213404E+00 -0.418648823131438E+00 -0.176824609347863E+00  0.890767208882117E+00
 0.260952921567436E+00  0.604017866222315E+00 -0.753037841021061E+00 -0.132095019780979E+00 -0.704139478426884E+00  0.697666468070366E+00
 0.710605825192231E+00 -0.100856658274141E+00  0.696324131195122E+00 -0.595481403169979E+00 -0.609182741525856E-01 -0.801056091889316E+00
-0.301712453084104E+00  0.550712773688216E+00 -0.778257692895229E+00 -0.265499652511912E+00  0.449162427266695E+00 -0.853090293256197E+00
 0.115304882424780E+00 -0.623508472896494E+00 -0.773267074376823E+00  0.494403418305772E+00 -0.718929187746710E+00 -0.488575565264396E+00
 0.972804584901260E+00 -0.414886908473450E-01 -0.227881390479479E+00  0.909671820459283E+00 -0.330860710069440E+00 -0.251054515184731E+00
-0.256413559539214E+00  0.848758730048307E+00  0.462450759163844E+00 -0.251646340423275E+00  0.923699450954437E+00  0.288883096871461E+00
 0.417778210777693E+00  0.753067146303582E+00 -0.508282637670783E+00  0.431197930253455E+00  0.652166414076022E+00 -0.623496041123245E+00
 0.825328618253657E+00  0.400504293931444E+00  0.398031383729959E+00 -0.799275576257116E+00 -0.451255828714644E+00 -0.396896372180340E+00
 0.820098630612575E+00  0.287043063877517E+00 -0.495019712281427E+00  0.864744891158783E+00  0.315761402599197E+00 -0.390526580200853E+00
 0.905305937113991E+00  0.922699636021305E-01 -0.414617189758239E+00  0.878743145052499E+00 -0.133929029383169E-01 -0.477107026959495E+00
-0.728119246226097E+00  0.657688231439111E+00 -0.193102443023475E+00 -0.835722095320723E+00  0.465194001771278E+00 -0.291827209335876E+00
 0.900953045908918E+00  0.429738473561733E+00  0.600704037632056E-01 -0.864149141785032E+00 -0.494007243925137E+00  0.959328082653873E-01
 0.900028103818587E-01  0.553090159764901E+00  0.828245597208101E+00 -0.157877726422168E+00  0.425002344729203E+00  0.891317917734434E+00
 0.535877255343066E+00  0.822293990702592E+00 -0.191489321008741E+00  0.539960609026795E+00  0.714526365201183E+00 -0.444853474901341E+00
 0.151744535643238E+00  0.746432243593256E-01  0.985597273210342E+00 -0.204291438162378E+00 -0.233213735422133E+00  0.950724125024711E+00
 0.664397730313939E+00  0.741088296451203E+00  0.967666927033256E-01  0.810477910030509E+00  0.585565680409602E+00  0.154399248384761E-01
-0.920232317667083E+00 -0.207560223990355E+00 -0.331799992372126E+00 -0.938461053214453E+00 -0.290822217599205E+00 -0.186315027172529E+00
-0.843288518325475E+00  0.154934772347177E+00  0.514645209030604E+00 -0.741584446995292E+00  0.221555156658733E+00  0.633218619856217E+00
 0.416304443705645E-01  0.436484267978151E+00 -0.898748234996368E+00 -0.141792960821442E+00  0.521412304523324E-01 -0.988522153696317E+00
 0.617415446350666E+00  0.571258782160883E-01  0.784560259410103E+00  0.483057121044654E+00  0.184101185486559E+00  0.856015520484584E+00
-0.509164770342778E-01  0.186691832876625E+00  0.981098196871029E+00  0.290813417326760E-01  0.255299809633228E-01  0.999250967292521E+00
-0.250374931900029E+00 -0.225203086125785E+00 -0.941592249052358E+00  0.121801227828425E+00  0.979662616042647E-01  0.987707989482100E+00
 0.534443435252606E+00  0.106703646782066E+00 -0.838441736961372E+00 -0.322555117687981E+00 -0.321560310830551E-01  0.946004326479683E+00
 0.831580373132261E-01  0.258074609588594E+00 -0.962539472809249E+00  0.179521558690640E+00  0.220119862164246E+00 -0.958811376781730E+00
-0.497214790406878E+00  0.354589960073880E+00 -0.791860727915868E+00  0.626157720296369E+00 -0.341325314624520E+00  0.701016076070818E+00
-0.233254179001459E+00  0.924065566378755E+00  0.302812346200523E+00 -0.109927013071216E+00 -0.835839529102646E+00 -0.537855308969529E+00
-0.170082782190368E+00 -0.641777017648067E+00 -0.747792823461911E+00 -0.234620027323127E-01  0.777095496514804E+00  0.628945247000245E+00
 0.477899585857082E+00 -0.470852906321904E+00 -0.741558848943120E+00 -0.536515629580825E+00  0.518670015043581E+00  0.665681902044950E+00
-0.283590310482091E+00  0.669293512432038E+00  0.686747937759595E+00  0.105432826821973E+00 -0.811837441337911E+00 -0.574285545587072E+00
-0.809059133398762E-01 -0.167287269698433E+00 -0.982582924023965E+00 -0.202862350830671E+00 -0.472311340779906E-01 -0.978067526599856E+00
