#          Em_x [n.u.]            Em_y [n.u.]            Em_z [n.u.]            En_x [n.u.]            En_y [n.u.]            En_z [n.u.]
-0.756622637564910E+00 -0.480881309955696E+00 -0.443029739475368E+00  0.863810908482161E+00  0.502516688908837E+00  0.361620208965465E-01
-0.172769797147630E+00  0.337523602327073E-01 -0.984383754118427E+00 -0.422704733499808E+00 -0.616291234511820E-01 -0.904169541302678E+00
-0.533148328065677E+00 -0.783029036633934E+00  0.320341049615727E+00  0.590068148944759E+00  0.625135321365148E+00  0.510906458740344E+00
 0.334811366819743E+00 -0.672829803772324E+00  0.659697964074463E+00  0.446349907329918E+00 -0.645541576712178E+00  0.619715929247045E+00
-0.461137549760276E+00  0.681589678330982E+00 -0.568144057958681E+00  0.163312627420579E-01  0.114692704081790E+00 -0.993266768540887E+00
-0.170275718566809E+00  0.587645511716671E+00 -0.790998692935588E+00 -0.156328394829497E+00  0.618679618035093E+00 -0.769933090078602E+00
 0.254894472128281E+00  0.600297186977812E+00  0.758071299671061E+00  0.207855320705440E+00 -0.409522524918895E-01  0.977301938333430E+00
-0.785581440955404E+00  0.209158837166266E+00 -0.582335281827991E+00 -0.510836096752717E+00 -0.864907598956097E-01 -0.855316216791854E+00
 0.193516162214881E+00 -0.353035506834020E+00  0.915378296594403E+00  0.349761161792878E+00 -0.627872669167994E-01 -0.934732522604416E+00
-0.189671202847588E+00 -0.971580803342679E+00  0.141617715651479E+00 -0.105234800230699E+00  0.948033069525321E+00 -0.300264776333826E+00
-0.802052519662350E-01  0.676478000202090E+00 -0.732082394816057E+00 -0.245765480062192E+00 -0.482946340865113E+00  0.840453544614334E+00
-0.209636642694077E+00 -0.342741825913026E+00 -0.915740421085452E+00 -0.146592882476995E+00  0.258481295306400E+00  0.954828752595884E+00
-0.428056430296475E+00 -0.228199209859272E+00  0.874467159532845E+00  0.133619485854548E+00  0.925609864730993E-01 -0.986700712872497E+00
-0.318787993356481E+00 -0.807862036325549E+00  0.495714782466375E+00 -0.377561841185014E+00 -0.782561145097128E+00  0.495020312982462E+00
-0.603704019854792E+00 -0.705257924087893E+00 -0.371689005651768E+00  0.933008825594861E-01 -0.453652307682783E+00 -0.886281292281241E+00
-0.187963080943874E+00  0.565435977730621E+00 -0.803089058131104E+00 -0.403699198174843E+00 -0.777770394397201E+00  0.481767756281189E+00
-0.243945344281947E+00 -0.967993322943471E+00 -0.589880982912592E-01  0.219448350193861E+00 -0.929350864546393E+00 -0.296899633149090E+00
-0.216414053819769E-01 -0.925131991935794E-01  0.995476246601626E+00 -0.674277941510538E-01  0.632254944971204E-01 -0.995718850590626E+00
-0.651539506053762E+00 -0.563527179267955E+00  0.507871430853835E+00  0.683385235332697E+00  0.610960564236597E+00 -0.399639598985102E+00
-0.154644273293901E+00  0.471557530308512E-01 -0.986844204367384E+00 -0.676944690039737E-02 -0.484424107709855E+00 -0.874807097855392E+00
-0.344265776112164E+00  0.722281557818304E+00  0.599825330103233E+00  0.242097877815799E-02 -0.642833200887892E-01 -0.997928751775455E+00
-0.585995999718462E+00  0.547914835488929E+00 -0.596990805092592E+00 -0.763308962959900E+00  0.548540814781502E+00 -0.341265881072116E+00
-0.511435383328357E+00 -0.377597705999344E-01 -0.858491728791849E+00 -0.305606045094914E+00  0.193894431868893E+00 -0.932207001953796E+00
 0.437812998293581E+00  0.323393973500829E+00 -0.838889811851670E+00 -0.520889322441428E+00 -0.410786151905621E-01  0.852635245072906E+00
 0.495718291647608E-01 -0.504940699643753E+00  0.861729379559811E+00  0.229220462105953E+00 -0.557182483356264E+00  0.798126343377338E+00
-0.196990156110843E+00 -0.457041821570837E+00  0.867356703859858E+00  0.215571988912494E-01  0.644334254219003E+00 -0.764440093150539E+00
-0.947620612218054E+00 -0.143012169577799E+00  0.285591832257386E+00 -0.849308827816444E+00 -0.372126132716883E+00  0.374428439547846E+00
-0.708273243104446E+00 -0.230360431658450E+00 -0.667295350372264E+00 -0.829816516771831E+00 -0.360938355148683E+00 -0.425591414710434E+00
-0.832616761347086E+00  0.271326597938341E+00 -0.482836624517130E+00 -0.740081139388293E+00  0.634339729654335E+00 -0.223367442801749E+00
 0.352474682179990E+00 -0.401468018461527E+00  0.845331312903225E+00  0.102449214743622E+00  0.271408705641823E-01 -0.994367905527644E+00
-0.996661798139321E+00  0.659723995732122E-01 -0.480926462595643E-01 -0.750953985505574E+00  0.224246639437951E+00 -0.621113159057252E+00
-0.928553589172500E+00  0.333835378584602E+00  0.162302717291312E+00  0.800800586841705E+00 -0.474852388792526E+00 -0.365011820318209E+00
 0.757740067938075E+00  0.510507191176323E+00 -0.406463279028330E+00 -0.899904154017774E+00 -0.138829379337948E+00  0.413399222319291E+00
 0.110574779134201E+00  0.503808122045388E+00  0.856709165575181E+00  0.196843337490670E+00  0.823863406987740E+00  0.531508971807709E+00
 0.823859429992402E+00 -0.468104508849919E+00 -0.319583804982309E+00 -0.729506257977705E+00  0.656646554038666E+00  0.191405126996408E+00
 0.667331512919583E-01 -0.912434294479972E+00 -0.403745395980537E+00  0.316844591175479E+00  0.946286381566482E+00 -0.644328262973011E-01
-0.987336448075639E-01 -0.199342704826259E+00  0.974943153940559E+00 -0.468865287737817E+00 -0.529966489153026E+00  0.706612243263127E+00
-0.352904197819801E+00 -0.776718625526598E+00  0.521696083866110E+00 -0.186589693138860E+00  0.964777448999411E+00  0.185442067278530E+00
-0.827801415209249E+00 -0.526757234612522E+00  0.193058625191760E+00  0.926932462041531E+00  0.294698311700556E+00  0.232269489805415E+00
 0.590189740869664E-01 -0.294545951002086E+00 -0.953813107189243E+00  0.703483762237869E-01  0.391567154163496E-01  0.996753659436713E+00
 0.491454042007011E+00  0.757677457390180E-01 -0.867601390789917E+00 -0.529976262238678E+00  0.149653004900580E+00  0.834703024786509E+00
-0.397017515531075E+00 -0.600595345239676E+00 -0.694018964897911E+00  0.166105182658912E+00  0.961254053320107E-02  0.986061188445396E+00
 0.479491369306743E+00  0.482254468128546E+00 -0.733156637240909E+00  0.192598268023857E+00  0.658590132358522E+00 -0.727437244519549E+00
 0.572223209670968E+00 -0.130551702467962E+00 -0.809639951643057E+00 -0.766283234255291E+00  0.205681076336213E+00  0.608691465141764E+00
-0.337946922819211E+00  0.157843711171078E+00 -0.927834705214656E+00 -0.534733049180519E+00  0.543237351804219E-02 -0.845003583088299E+00
-0.627236496513025E+00 -0.742561918733715E+00 -0.234896092535763E+00 -0.546491535089063E+00 -0.566639366470416E+00 -0.616657790384590E+00
 0.156845559491367E+00 -0.321134661026018E+00 -0.933955031013563E+00 -0.695032984429235E-02 -0.204456226764725E-02  0.999973755995721E+00
 0.785919364165188E-01  0.216106188150694E+00  0.973201635311655E+00  0.627739757868736E+00 -0.396035496274243E-01 -0.777415175596547E+00
-0.902761367952013E+00  0.967242468853545E-01 -0.419125676376276E+00  0.492483030337688E+00 -0.595835913996082E+00  0.634381611036970E+00
-0.469887943669108E-01  0.357423206774076E+00 -0.932759724936320E+00 -0.113917150994817E+00 -0.194422059078085E+00  0.974280732465269E+00
 0.345788404810074E+00  0.277813783213605E+00 -0.896242088364214E+00 -0.772006717241617E+00 -0.341690154901076E+00  0.535960321831290E+00
 0.576328852070108E+00 -0.471131065071705E+00 -0.667742894979761E+00 -0.508999957413230E+00  0.271589164052953E+00  0.816797630580763E+00
 0.107613679501220E+00  0.888785666065168E+00  0.445510197168712E+00 -0.754185584829291E-01 -0.574234865583400E+00 -0.815209396526299E+00
 0.467208083484771E+00  0.581991609358903E+00 -0.665584234610708E+00  0.467422173967852E+00  0.676587900133158E+00 -0.568986225383858E+00
-0.503377943725963E+00 -0.242357964736214E-01 -0.863726387196496E+00 -0.151777074210568E+00 -0.179547915958635E+00 -0.971970300790611E+00
 0.466361161546212E+00  0.115097153826338E+00  0.877074633188274E+00 -0.887551328590842E+00 -0.185740563518146E+00 -0.421607734962954E+00
-0.351493752723183E+00 -0.526956635646955E+00 -0.773801554627681E+00  0.285450531130733E+00  0.554368740556164E+00  0.781788522409581E+00
-0.890168171119487E+00 -0.131683325098648E+00  0.436188180739405E+00 -0.941695883428027E+00  0.163660745518884E+00  0.293979631115680E+00
 0.344286713423118E+00  0.136272565880298E+00  0.928922196283794E+00  0.528299935271886E-01 -0.528522810455549E-01 -0.997203905012510E+00
-0.422467355101226E+00 -0.770687518815413E+00  0.477034676114763E+00 -0.575757336712275E+00 -0.415954595664595E+00  0.703907141295988E+00
 0.272509731040522E+00 -0.771525720916738E+00  0.574879559953326E+00 -0.181980699183382E+00  0.756164315073873E+00 -0.628568654749494E+00
 0.981145077735921E+00  0.171470011277850E+00 -0.891760711567148E-01 -0.973155495175945E+00 -0.113179106899033E+00 -0.200396786327524E+00
 0.325103020517308E+00 -0.787933915015702E+00 -0.522941843438208E+00 -0.596767417418188E-01 -0.781374478710278E+00 -0.621202551922738E+00
 0.858804769029257E+00  0.291721983432434E+00 -0.421132583724950E+00 -0.804809367286190E+00 -0.579928085563995E+00  0.126353859863806E+00
 0.525431422489598E+00  0.673479088582377E+00  0.519949745170442E+00 -0.561644619704493E+00  0.481891703866937E+00 -0.672559073168458E+00
-0.338214604429196E+00 -0.939212360727297E+00  0.590848779964890E-01 -0.635617293491451E-01 -0.770785249957338E+00  0.633916402225365E+00
 0.549658466113842E+00  0.713048796359543E+00 -0.435243592301580E+00 -0.526132173495392E+00 -0.816055013510173E+00  0.239247050008826E+00
-0.941667559520593E-02  0.334577814868734E+00  0.942321076925693E+00 -0.138102843945468E+00  0.100105976042663E+00 -0.985345826628763E+00
-0.282717621408161E+00  0.859728507304096E+00 -0.425367653064948E+00  0.270868301326978E-01 -0.821526080260068E+00  0.569527175019674E+00
 0.720203282986445E+00  0.693150867501024E+00  0.291394244645269E-01 -0.347752232119843E+00 -0.659505440305127E+00  0.666424008618843E+00
-0.699011765313975E+00  0.431105588873940E+00 -0.570552822440038E+00 -0.801519394794487E+00  0.292603110441938E+00 -0.521488331152272E+00
 0.526649458739452E-01 -0.152618927367585E+00  0.986880877555778E+00  0.155685224794480E+00  0.177193551081702E+00 -0.971784212794048E+00
-0.163841458244779E+00 -0.167039288361236E-01 -0.986345251583674E+00 -0.226550327499428E-01  0.215149476519190E+00 -0.976318315020576E+00
-0.406854560389696E+00 -0.810119129973706E+00 -0.422109419393542E+00 -0.555241656216283E+00 -0.620085552287847E+00 -0.554256809652417E+00
-0.235461317645630E+00 -0.968241279454698E+00 -0.840642174323460E-01 -0.108917027031738E+00 -0.965843493716337E+00  0.235124279623326E+00
 0.273640174138783E+00  0.406231449484307E+00  0.871835457266551E+00  0.249546060744866E+00  0.507237039367151E+00  0.824886264560616E+00
 0.458409227649501E+00 -0.560321400632955E+00  0.689855715348152E+00  0.704638910357358E+00 -0.314212036873976E+00  0.636203428074623E+00
 0.347852432316903E+00  0.913698136791285E+00 -0.210129484259943E+00  0.994158569768249E-01  0.923459683747457E+00 -0.370592363486635E+00
 0.711941010162394E+00  0.676778539723969E+00 -0.187378777394994E+00 -0.846766182547524E+00 -0.526931912898950E+00 -0.730054194053201E-01
 0.511717396523798E+00  0.785111446564880E+00 -0.348920223787198E+00 -0.541136629843927E+00 -0.239565325438970E-01  0.840593381124090E+00
-0.817869377079803E+00  0.566907822698408E+00 -0.985149866692666E-01 -0.926666314433956E+00  0.369470352889226E+00 -0.691462220898579E-01
-0.214402949180110E+00 -0.142819405823462E+00 -0.966247376556907E+00  0.106194631891865E+00 -0.785587991018013E-01 -0.991237214414912E+00
-0.517031168005384E+00 -0.430525504301297E+00  0.739815221158028E+00  0.169285796216498E+00 -0.218681583706324E+00 -0.960999835664419E+00
 0.314659045629532E+00  0.858893435927497E+00 -0.404093740021014E+00  0.854142391115591E-01  0.887782986965775E+00 -0.452267372039063E+00
-0.259120834239256E-01 -0.793733012902442E+00 -0.607714133587037E+00  0.275877106114093E+00 -0.642863457286385E+00 -0.714575676613688E+00
-0.605530128640371E+00 -0.245331244200132E+00 -0.757063962904054E+00 -0.230113981759435E+00  0.792356015017596E-01 -0.969932613563166E+00
-0.282003652057598E+00 -0.723990452730513E+00  0.629532973386814E+00  0.170078197049658E+00 -0.868313958664987E+00  0.465944498922219E+00
-0.166785999553790E-01  0.531236083308935E+00 -0.847059648486522E+00 -0.396763871726297E+00 -0.228867257242279E+00  0.888930935818500E+00
 0.305512313011652E+00 -0.727691290962371E+00 -0.614107166263176E+00  0.186759855294852E+00 -0.732080734343841E+00 -0.655117206958288E+00
-0.211758903162815E+00 -0.318643988476086E+00  0.923917840253847E+00  0.475730506433858E+00 -0.498413474821224E+00 -0.724751332089027E+00
 0.350368211608140E-01 -0.939733588399069E-01  0.994958003631958E+00  0.916606159890953E-01  0.139340758315519E+00 -0.985993146298977E+00
 0.833187699851493E+00  0.116859898930564E+00  0.540501638145638E+00  0.947130961021060E+00  0.775861817041011E-01  0.311325114765739E+00
 0.476319189582288E+00 -0.853219141720399E+00 -0.212454997205475E+00 -0.735262915588251E+00  0.604271148968891E+00 -0.306993197782103E+00
-0.479205399164226E+00 -0.162199467929781E-01  0.877552903668997E+00  0.594477001355516E+00  0.153661012460186E+00 -0.789294234179539E+00
-0.243864715998558E+00 -0.856279054499391E+00  0.455319866815156E+00 -0.289340233371724E+00 -0.889059526886683E+00  0.354761028023689E+00
-0.463410606762612E-01  0.461359949751966E+00 -0.886001976781239E+00 -0.884663715194229E-01  0.983922909659240E-01 -0.991207676619115E+00
 0.270828005450628E+00  0.889256317793176E+00  0.368612795123226E+00  0.445786965155044E+00  0.774541455010910E+00  0.448731006469843E+00
 0.377065121478605E+00  0.457048126895906E+00  0.805561235329300E+00 -0.236761181060994E+00 -0.590265625514147E+00 -0.771706313618721E+00
 0.382040204380269E+00 -0.855048512731545E+00  0.350624190712299E+00 -0.251330411534823E+00  0.958940837014067E+00 -0.131398231892587E+00
 0.970449791536350E+00  0.229698268147545E+00 -0.739317774510669E-01 -0.892620560085620E+00  0.224330797640922E-01  0.450250255574311E+00
 0.431060478938122E+00  0.152667363954795E+00  0.889314083707624E+00 -0.578815245208798E+00  0.163659224275259E+00 -0.798867054160765E+00
-0.400000915949736E+00  0.388262110580011E+00 -0.830211901099549E+00  0.174160435202808E+00  0.245759175728529E+00 -0.953556799753010E+00
-0.909210365418136E+00 -0.809583521666993E-01  0.408389834142174E+00 -0.801462405084583E+00 -0.480163896084205E+00  0.356511775588510E+00
 0.184766812701091E+00 -0.587592244040866E-01  0.981024249685863E+00  0.149360002418748E+00  0.495630762525341E-01  0.987539918762709E+00
-0.850506441812183E-01  0.140881583555097E+00  0.986366446783024E+00 -0.585199033606018E+00  0.959312547115295E-01  0.805195184682605E+00
-0.107694692041274E+00  0.759167940230457E+00  0.641923587222328E+00  0.176071707764275E+00 -0.438454615556331E-01 -0.983400391105243E+00
 0.823268721017805E+00 -0.489483968514551E+00 -0.287461401862847E+00 -0.941381152641434E+00  0.201674940557391E+00  0.270423267864766E+00
 0.915183112967976E+00 -0.367936968744968E+00 -0.164506099488770E+00 -0.888643136600196E+00  0.334475765054959E+00  0.313750439624019E+00
 0.230451576630946E+00 -0.337011148898082E+00 -0.912861192266768E+00  0.537394475576773E+00 -0.211745518123795E+00 -0.816315510800849E+00
-0.110844883770348E+00  0.693991479512095E+00  0.711399492624609E+00  0.466148227526650E+00 -0.363303443770618E+00 -0.806669968275857E+00
-0.914875500914910E+00 -0.402461877100962E+00 -0.320508237969400E-01  0.688706949890964E+00  0.707436088593312E+00  0.158798355557232E+00
 0.686677582942358E+00  0.672018714032338E+00  0.277244918934077E+00  0.494546123012152E+00  0.650965137359827E+00  0.575906695703177E+00
 0.486055439891918E+00  0.674606146198445E-01  0.871320362912854E+00 -0.444986705418915E+00 -0.621131061865768E-01 -0.893380542680595E+00
 0.874785563435679E+00 -0.276124702673231E+00 -0.398127324581146E+00  0.518809243429401E+00 -0.176535345835115E+00 -0.836464129896249E+00
-0.941359512038740E-01  0.738996826216008E+00 -0.667099777794603E+00 -0.122608557312442E+00  0.636677538679152E+00 -0.761320466961987E+00
-0.610346624175891E+00 -0.125014596777898E+00 -0.782207356747271E+00 -0.543015786424192E+00  0.607670458536383E+00 -0.579543328420143E+00
-0.390699846277933E+00 -0.426884032005792E+00 -0.815551134716198E+00  0.396727644240637E+00  0.630173146643385E+00  0.667449609742076E+00
-0.208749602825948E+00  0.671511490120617E+00  0.710982364025998E+00  0.179635128001111E+00 -0.708950226430512E+00 -0.681997651925687E+00
-0.660783561735996E+00  0.741763968667890E+00  0.114679114600492E+00 -0.733512474534063E-01 -0.138773891254891E+00  0.987603868766726E+00
 0.273035682391412E+00 -0.580468443145312E+00 -0.767142687284128E+00  0.298665245084697E-01 -0.172872910482348E+00 -0.984491212523071E+00
-0.547230626291459E-01  0.892856096182702E-01 -0.994501617058304E+00  0.101778215576280E+00  0.344937557509177E-01  0.994208919517575E+00
 0.845528979570015E+00  0.466296845215195E+00 -0.260092285255919E+00 -0.923783363073052E+00 -0.263985140477014E+00  0.277373653609664E+00
-0.466991290695797E+00  0.773898080000694E+00  0.427786040194761E+00  0.379546078144778E-02 -0.392749021368695E+00 -0.919637863885230E+00
-0.491318595173881E+00 -0.641421423904688E+00  0.589223722360571E+00 -0.104154476066699E+00 -0.646601575523024E+00  0.755683960162193E+00
-0.529892209858740E+00 -0.757676231414232E+00  0.380973718622360E+00 -0.565993634634033E+00 -0.596780423050807E+00  0.568774412414145E+00
-0.877541216268588E+00  0.389539017008352E+00 -0.279608240182606E+00 -0.891478560431570E+00  0.176964986022146E+00 -0.417072379825178E+00
-0.653700861153303E+00  0.620209482724687E+00 -0.433607404994202E+00  0.429432583728870E+00 -0.813276920398500E+00  0.392642721540943E+00
 0.263507501628096E+00 -0.117238350371566E+00 -0.957506640075082E+00  0.404048881001415E+00 -0.303922729144554E+00 -0.862771972464817E+00
-0.121861313840406E+00  0.321237295448429E+00  0.939125348503632E+00  0.398212422868720E-01 -0.570155411918492E+00 -0.820571188211471E+00
 0.476874335324961E+00 -0.564125078117933E+00  0.674057686364315E+00 -0.550764981373107E+00  0.638322574449170E+00 -0.537775256256426E+00
 0.643957353058102E-01 -0.286235022315404E+00 -0.955993044574344E+00  0.746271588304596E-01  0.157648007512443E+00  0.984671464444994E+00
-0.726127365718986E+00 -0.624910704036124E-01  0.684714476898084E+00  0.987328111425173E+00  0.106205527463312E-01 -0.158336364265964E+00
 0.853867767737705E+00  0.314334337827701E+00  0.414853901127914E+00 -0.815581614375534E+00  0.258647008816637E+00 -0.517617962519466E+00
-0.649546877299750E+00  0.788723456131917E-01  0.756219549659764E+00 -0.683198323086697E+00  0.416494330800605E-01  0.729044152336218E+00
-0.374631393384440E+00  0.477195414545831E-01 -0.925945011571528E+00  0.100325768020438E+00 -0.445619885180981E-01  0.993956221093476E+00
 0.783791798725892E+00 -0.375225400003508E+00 -0.494849790787304E+00  0.446536590711972E+00 -0.478226163460465E+00 -0.756243882446141E+00
-0.301462932033336E+00  0.245692954109462E+00  0.921279041827627E+00  0.108179244363188E+00  0.799624646361258E-01  0.990910316496062E+00
 0.205631627969299E+00 -0.141489914405661E+00  0.968347167962077E+00  0.260071863531173E+00  0.309023017908097E+00 -0.914804569403976E+00
-0.804008548870881E+00 -0.151744207043372E+00 -0.574929516524694E+00  0.925476466302359E+00 -0.509455267862082E-01  0.375363641847440E+00
-0.705179553341787E+00  0.613591364640050E+00 -0.355285005014057E+00  0.546483247412288E+00 -0.760882072368083E+00  0.349877881905345E+00
-0.585388424547738E+00 -0.115519016331399E+00 -0.802480996205732E+00  0.713591848435693E+00 -0.181179778395102E+00  0.676727834322509E+00
-0.436515926772655E+00  0.680309824463777E-01  0.897120744995450E+00 -0.211659351400247E+00  0.406399983574315E-01  0.976498187145442E+00
 0.425664617705867E+00  0.684459891079878E+00  0.591881990548994E+00  0.607954269739999E+00  0.769197798140144E+00  0.196790124857063E+00
 0.562101023950560E+00  0.302628222373288E+00 -0.769713321891284E+00  0.587367105170609E+00  0.384916861390810E+00 -0.711926185485930E+00
-0.727541931078235E-01  0.546800299330472E-01  0.995849848979127E+00  0.460554367815688E-01 -0.241182400756596E+00 -0.969386376172135E+00
 0.123344168164717E+00 -0.818243475850055E+00  0.561483597630933E+00  0.152887221116279E+00 -0.648509436526791E+00  0.745694983458415E+00
-0.164812815081705E+00 -0.199200981070268E+00  0.965999847373428E+00  0.309954263699812E-02  0.766198321368760E-01  0.997055562222466E+00
-0.776267976496183E+00  0.290368958599405E+00 -0.559547939455073E+00  0.469980353959295E+00 -0.566615725007596E+00  0.676805058393045E+00
-0.334421295747445E-01  0.302945832346107E+00 -0.952420834838062E+00  0.222630369864276E-01  0.373156814796063E-01 -0.999055502512175E+00
 0.720209477827672E+00  0.484575465811666E+00  0.496472482601603E+00  0.723454733710077E+00  0.513694935026257E+00  0.461227451482292E+00
 0.109432928840853E+00  0.815152749407211E+00  0.568814934068347E+00  0.437481794714393E+00  0.620784146449405E+00  0.650566463023231E+00
 0.123641479743120E+00  0.426985945431984E+00 -0.895765475384314E+00  0.775716510373860E-01 -0.534596502770805E+00  0.841539790016229E+00
 0.260056864865461E+00 -0.876764792457092E+00 -0.404541624241586E+00  0.338408946376383E+00 -0.749061032885035E+00 -0.569549781867776E+00
 0.219372104118464E+00 -0.571102046097974E+00  0.791023598179817E+00  0.234680171997351E+00 -0.150320406798238E+00  0.960379608369163E+00
-0.657502086693995E+00 -0.734015432139546E+00  0.170036323690081E+00  0.713989552379859E+00  0.696722279982491E+00 -0.692602603836291E-01
 0.359970902833404E+00  0.276814621760692E+00 -0.890951521853344E+00 -0.269754682272539E+00 -0.114666841365918E+00  0.956077364486371E+00
 0.126608491741087E+00 -0.105135177202074E+00 -0.986365492266297E+00  0.264674665922890E+00 -0.278491186672044E+00 -0.923249684627405E+00
 0.203718210772510E+00 -0.899097067399296E+00  0.387457551215139E+00 -0.129358355388745E+00  0.769699608703521E+00 -0.625163121315362E+00
-0.139097310272573E+00  0.769338663061824E+00  0.623514201757410E+00 -0.285649627012498E+00  0.631948989885982E+00  0.720447614174485E+00
-0.454575938463285E+00  0.330279606270774E+00  0.827209826979737E+00  0.538026217013934E+00 -0.218442666300789E+00 -0.814131802194877E+00
 0.144404993911443E+00 -0.335044706741408E+00  0.931070481874493E+00 -0.222352578387314E-01 -0.104438123890200E-01 -0.999698214508573E+00
 0.306576128339842E+00  0.403694256031711E+00  0.861998854511510E+00 -0.444011583033184E+00 -0.482495387721836E+00 -0.755017824266103E+00
 0.247010977890356E+00  0.467308885437923E+00 -0.848886318886349E+00 -0.157405274482374E+00 -0.115556892962439E+00  0.980749807062941E+00
-0.568329681405050E+00 -0.711522731251880E+00  0.413203068897000E+00 -0.156567285356701E+00 -0.748032196073176E+00  0.644929855716089E+00
-0.669521684615945E+00 -0.733556272191020E+00 -0.116772896505313E+00 -0.667572906440101E+00 -0.743078655098358E+00  0.466961125184013E-01
 0.412068866657144E+00  0.751243448507931E+00 -0.515589497765237E+00  0.385293097745926E+00  0.881155279414055E+00 -0.274070433265042E+00
 0.407350324927347E+00 -0.658397862091524E+00 -0.632912290902061E+00  0.195712285702226E+00 -0.523276331856485E+00 -0.829384459550595E+00
-0.583360230496283E+00 -0.652667382805910E+00  0.483441960215089E+00 -0.490818883883655E+00 -0.385454409042564E+00  0.781358894345519E+00
-0.125013559783800E+00 -0.568493851207656E+00  0.813133661220140E+00 -0.774898807808805E-01  0.302135870794443E+00 -0.950110116752710E+00
 0.386201234093419E+00  0.557047053881451E+00  0.735219141852765E+00  0.872080802291655E-01  0.626467045105037E+00  0.774553931072657E+00
 0.420847043152751E+00  0.875353297082446E+00 -0.238000780579554E+00 -0.575940622022866E+00 -0.735614890829992E+00  0.356599400298280E+00
-0.187993757653186E-01 -0.221465542982301E-01  0.999577967746163E+00  0.671462870848608E-01 -0.516198847898465E+00 -0.853832609800665E+00
 0.476795768805987E+00 -0.878532427388766E+00 -0.290958566656847E-01 -0.546772478879149E+00  0.830693491868116E+00 -0.104824514825048E+00
 0.334742793092488E+00 -0.940443975267758E+00 -0.592654355861496E-01  0.517146166113377E+00 -0.849239047377938E+00  0.106549909820933E+00
-0.111145010801959E+00  0.787553208544808E-02 -0.993772993478996E+00 -0.144404486215151E-01  0.341220967128489E+00 -0.939872185478168E+00
-0.750015413609433E+00  0.166098776320150E+00  0.640225019702620E+00  0.477640730887998E+00 -0.645170611919466E+00 -0.596333978331136E+00
 0.320684675889458E+00 -0.437719215689195E+00  0.839978110944630E+00 -0.402621708842029E-01  0.690610097755490E+00 -0.722105705886503E+00
 0.844501084092473E+00 -0.304935547764868E+00  0.440263819403750E+00  0.983463558477383E+00 -0.161722702525388E+00  0.815180755102124E-01
 0.264660311025776E+00 -0.340857475321314E+00 -0.902092623451339E+00 -0.424386103259225E+00  0.142593609060340E-01  0.905369044084787E+00
 0.494290053705330E+00  0.278735377293630E+00 -0.823397797090179E+00 -0.423755919950570E+00  0.188523677532009E+00  0.885940033702425E+00
 0.591666520437167E-01  0.674356863401366E+00 -0.736031336336579E+00  0.129606971404760E+00  0.333248630885073E+00 -0.933888313973630E+00
 0.183911013371554E+00 -0.142829130995542E+00  0.972510451614637E+00  0.193187017950618E+00 -0.256314260895546E+00  0.947091218287298E+00
-0.110905790074460E+00  0.966896170785530E+00  0.229807964718890E+00 -0.263822156086662E+00  0.964267853503137E+00 -0.241945584427171E-01
 0.531874458110605E+00 -0.791708441442361E-01 -0.843114190514570E+00  0.623653206752355E+00 -0.785097012871762E-01 -0.777748612670767E+00
 0.354958433972356E-01  0.444267495000664E+00  0.895190727156707E+00  0.145118404321377E+00  0.300675749116208E+00  0.942621208450470E+00
-0.550316387143188E-03  0.445764221658496E+00  0.895150242049383E+00  0.393466740398634E+00 -0.428851282008873E+00 -0.813185404516965E+00
 0.513807379017162E+00 -0.422023214068024E+00 -0.746925956206644E+00  0.453678526188760E+00  0.165788057910325E+00 -0.875608425455990E+00
 0.410485542099917E+00 -0.315813841284605E+00  0.855431608826795E+00 -0.106077044140137E-01  0.192667011965539E-02 -0.999941880585724E+00
-0.517846925410183E-01 -0.554154402620356E-01  0.997119588915491E+00  0.430393257009611E-01  0.726152054177204E-02 -0.999046989266585E+00
 0.443935198064504E-01 -0.524943880791716E+00  0.849978315851956E+00 -0.947919058454600E-01  0.162950107166587E+00 -0.982070138615661E+00
 0.683292197818200E+00  0.577051852871854E+00 -0.447351015979549E+00 -0.750957166424775E+00 -0.641492171628821E+00  0.156687995501288E+00
-0.351554814729881E+00  0.747315604758868E+00 -0.563851575438188E+00  0.395928223709943E+00 -0.749293816695182E+00  0.530848017734131E+00
-0.578778132184101E+00 -0.488446028457987E+00  0.653020942228581E+00  0.352852415929186E+00  0.230356035437419E+00 -0.906879964223762E+00
-0.509625864494671E-01 -0.182094308779535E+00  0.981959509090107E+00 -0.357448904708436E-01 -0.158370089958315E-01 -0.999235453710132E+00
 0.921403646843607E+00  0.255151327191248E+00  0.293109399057496E+00 -0.880897166745103E+00 -0.251095003217672E+00 -0.401212513488259E+00
-0.234669606170891E+00  0.278617974223325E+00  0.931290610056437E+00 -0.916912156730873E-01 -0.118788256996450E-01 -0.995716633620424E+00
-0.569601755669541E+00  0.759138398312998E+00  0.315059886600869E+00  0.260822067553753E+00  0.502875730568303E+00  0.824067866551282E+00
-0.468558330353382E+00 -0.413136581417217E-02  0.883422901487708E+00 -0.706100814346599E+00  0.332226811645592E+00  0.625337497358725E+00
-0.578984842598450E-01 -0.733811342424503E+00  0.676881584362849E+00  0.230572338002458E-01  0.657872029278988E+00 -0.752776698006671E+00
 0.640386660838857E+00 -0.657723611408248E+00  0.396616408656715E+00  0.492729651720910E+00 -0.758894622573667E+00  0.425789199186361E+00
-0.336767039986122E+00  0.197909022600394E-01  0.941379987553761E+00  0.366472127023181E+00 -0.424383906610223E-01 -0.929460684006165E+00
 0.492258673503259E+00  0.397732300293768E+00 -0.774267664095460E+00  0.169192362961405E+00 -0.111990307307145E+00 -0.979199732120463E+00
-0.164549076958723E+00  0.142032822346049E+00  0.976089278011212E+00  0.168515038148060E+00  0.289591739504830E+00  0.942199186121769E+00
-0.539914606906412E+00 -0.715088128562142E+00  0.444005839644692E+00 -0.608557448505606E+00 -0.637318178105026E+00  0.472740279355627E+00
 0.287785243496370E+00 -0.255865450100569E+00 -0.922882725523979E+00  0.246027472362033E+00  0.284155259831064E+00  0.926674846509546E+00
-0.735023307072166E+00 -0.594640606872996E+00  0.325796388436722E+00  0.656461485259624E+00  0.514352339171289E+00 -0.551815176992941E+00
-0.351193614089683E+00  0.859179963024404E+00  0.372119384821606E+00  0.549427130358096E+00 -0.638515826790910E+00 -0.538913135267631E+00
-0.596061783621526E-01 -0.192985808934222E+00  0.979389391943298E+00  0.200459306423653E+00  0.244858127386148E+00 -0.948609805937666E+00
-0.271969665284096E+00 -0.388064731412659E-01  0.961523041225530E+00 -0.386182787039405E-01 -0.163358655051980E+00 -0.985810619931411E+00
 0.275884409306299E+00 -0.150786121044087E+00 -0.949289912725397E+00  0.121233096749385E+00 -0.254131634001115E+00 -0.959541374226499E+00
-0.419531505494496E+00 -0.134388233050743E+00  0.897737778371291E+00  0.171006468218440E+00  0.374997127909160E+00 -0.911116865109705E+00
 0.712059638052192E+00 -0.368609623863149E+00  0.597576787578340E+00  0.847331128579259E+00 -0.369800270721118E+00  0.381153142864108E+00
-0.283643843460984E+00  0.169734189512072E+00  0.943788363446679E+00  0.158112824507499E+00 -0.295203070870853E-01 -0.986979678714686E+00
-0.336056916888641E+00  0.845518755564720E+00  0.414926237540587E+00 -0.238545775129179E+00  0.912826199172796E+00  0.331427583752117E+00
-0.148558741390503E+00 -0.899504258347531E+00  0.410880018461751E+00  0.119603741478944E+00  0.874610408085448E+00 -0.469842078886984E+00
-0.120594007184102E+00  0.638241315811984E-02 -0.992681394120772E+00 -0.106018163422250E+00  0.237728961234882E+00  0.965528399382823E+00
-0.940446647278368E+00  0.322280907429812E+00  0.108143979624822E+00 -0.885080478444355E+00  0.334750939391909E+00 -0.323379583853011E+00
 0.570803008870266E+00 -0.819759646057266E+00  0.466695592513581E-01 -0.399831160194296E+00  0.621126246339260E+00 -0.674045420907363E+00
-0.720510480129379E+00  0.689440914054931E+00 -0.744034545624982E-01  0.541348392816531E+00 -0.652804369554137E+00  0.529894680748906E+00
-0.263799686405113E+00 -0.936517498454505E+00  0.230964717091336E+00  0.217443374495013E+00  0.821747440820907E+00 -0.526734774238906E+00
 0.993514841382167E-02 -0.486916148079194E-01 -0.998764446440397E+00  0.140600895445075E-02  0.541232194691645E-02 -0.999984364832752E+00
 0.579952148541241E+00 -0.428909453791803E+00  0.692598141674099E+00 -0.408922812720685E+00 -0.261924308409693E+00 -0.874172631635598E+00
 0.534958685922242E+00 -0.723686056990825E+00  0.436001944116560E+00  0.835360381699032E+00 -0.444579071649041E+00  0.323299368603350E+00
 0.317942312988949E+00  0.837500228497676E+00 -0.444416530832932E+00 -0.258621898764933E+00 -0.857488017486551E+00  0.444779735763900E+00
-0.704632283465598E+00 -0.553564514605326E+00  0.443914038151337E+00  0.773704024919211E+00  0.328070846792032E+00 -0.541988561972457E+00
-0.283269238365400E-01 -0.188396982930846E+00 -0.981684349579086E+00 -0.908454035722491E-01 -0.359332077264449E+00 -0.928777460373911E+00
 0.904580276366259E+00  0.369096515400491E+00 -0.213312648308432E+00  0.981988180359298E+00 -0.176514306357578E+00  0.673937184442132E-01
 0.177770881898011E+00  0.765891420017188E+00 -0.617906017362883E+00  0.578060890372384E-01  0.509826687669401E+00 -0.858332805274426E+00
 0.591185847094476E+00 -0.160229774446044E+00  0.790459178943578E+00  0.897413579607181E-01 -0.274140727581106E-01 -0.995587744644428E+00
-0.904648985147601E+00  0.317123834511040E+00 -0.284679973402469E+00  0.781853601065638E+00 -0.388449567834712E+00  0.487659594132752E+00
 0.877261122941871E+00  0.463120004083965E+00 -0.126225132172781E+00 -0.949104395331317E+00  0.910607164719073E-01  0.301510850017704E+00
 0.177218346895117E-01 -0.999666911184941E+00 -0.187617498436699E-01  0.252214329956415E+00 -0.950802726603451E+00 -0.179894710450530E+00
-0.764860873119111E+00 -0.536989857091914E+00 -0.355850724534708E+00  0.931238628398263E+00  0.774891317122713E-01  0.356075906858917E+00
-0.678702612964258E+00 -0.247171017148435E-01  0.733997158058739E+00  0.860571609131530E+00  0.509540963860981E-02 -0.509303978344352E+00
-0.449379976188400E+00 -0.129201458703267E+00  0.883948313008097E+00 -0.345209255550875E+00 -0.234693623778013E+00  0.908707583791373E+00
 0.809439193107359E+00 -0.586987580181129E+00  0.159302659993810E-01  0.366370601848843E+00 -0.887809926277731E+00  0.278506942289857E+00
-0.352845660656047E+00  0.894723118832602E+00  0.273807378247297E+00  0.158433085224497E+00 -0.524142833535864E+00  0.836763555348369E+00
 0.636628809894889E+00  0.711101630652446E-01  0.767884824124459E+00  0.412845577250041E+00  0.167726150365274E+00  0.895224255607904E+00
 0.702975245898660E+00 -0.260104138323715E+00  0.661945345841027E+00  0.579678029971767E+00 -0.102460476125222E+00  0.808378149383223E+00
 0.227398322821429E+00  0.398865839452461E+00  0.888367066530432E+00 -0.190987906149482E+00  0.459215471300940E+00  0.867551019031441E+00
-0.132493229022375E+00 -0.976773115970537E+00  0.168403753463017E+00 -0.256573795364919E+00  0.956663081374524E+00 -0.137715780748039E+00
-0.881294713255398E+00  0.100366446736850E+00 -0.461785886269280E+00  0.995584076947404E+00  0.855101787270091E-01 -0.387344170326711E-01
 0.806372728707005E+00  0.591356771248564E+00 -0.775831786481908E-02  0.812875317780266E+00  0.579044189712921E+00 -0.627817179068716E-01
-0.621787356524969E+00 -0.238185943068087E+00  0.746088426254192E+00 -0.354449623307219E+00  0.153099522305498E+00  0.922456503477101E+00
-0.738915799368244E+00  0.128723121408817E+00 -0.661387782967572E+00 -0.412897232222570E+00  0.587683534164908E+00 -0.695804526641200E+00
 0.143386838072191E+00  0.492845445844623E+00 -0.858221172645999E+00  0.391873897901644E+00  0.748140275292844E-01 -0.916972033067650E+00
-0.721637213828322E+00 -0.662980908101398E+00 -0.199238668714539E+00 -0.839798778285877E+00 -0.513744177151687E+00 -0.175513339755942E+00
-0.158246067958010E+00  0.846500119577494E+00 -0.508326400584425E+00 -0.249014709560958E-01 -0.935134124799852E+00  0.353417720805052E+00
 0.926347544014152E+00  0.368042930318261E+00 -0.801537843254857E-01 -0.781118528443038E+00 -0.548908091958688E+00  0.297579823081565E+00
-0.443079804704817E+00 -0.916744724533194E-03 -0.896481704354223E+00 -0.167646284335224E+00  0.648827698889029E-01 -0.983709789277375E+00
-0.536079020564236E+00  0.353332234225231E+00 -0.766665256789621E+00 -0.563201126643969E+00 -0.798522643843439E-01 -0.822452495175045E+00
-0.187752905689205E+00 -0.979749049215421E+00  0.695747581148478E-01 -0.552367747862830E-01  0.998398922112980E+00 -0.121856897568186E-01
-0.544712982993108E+00 -0.822824946068632E+00 -0.162008871009900E+00 -0.204348756711518E+00 -0.877360282518248E+00 -0.434143432853656E+00
 0.201130335375867E+00  0.171717924077384E+00 -0.964395947078867E+00  0.234475104960465E+00  0.558288967779590E+00 -0.795823380913993E+00
-0.195279770355027E+00 -0.838359401491933E+00 -0.508939412130930E+00  0.111486076817600E+00 -0.871176001229283E+00 -0.478145615433182E+00
 0.146935571622385E+00 -0.988948655274970E+00  0.197609468860180E-01 -0.700455770081626E-02 -0.979555387258225E+00 -0.201052678332830E+00
 0.505559666404854E+00  0.202907966341004E+00 -0.838592738401646E+00  0.492158314192408E+00  0.244131156448696E+00 -0.835571763657862E+00
-0.318777572173733E+00  0.321688577713065E+00  0.891570142191833E+00 -0.104904463980614E-01 -0.811178614172594E-01 -0.996649307978217E+00
 0.838035221660222E+00  0.461695818631386E+00 -0.290747206891479E+00  0.961595453642175E+00  0.116234513888922E+00 -0.248643763878577E+00
-0.624118951955195E-01 -0.979998711560364E+00  0.188963702012131E+00  0.254176235539768E+00 -0.953741325452882E+00 -0.160536367874112E+00
 0.750566947459410E+00 -0.534648330739001E-01  0.658627944294685E+00  0.838865456369475E+00  0.420546115602925E+00  0.345609187900617E+00
 0.771043895378651E-01 -0.408091276190607E-01  0.996187496517079E+00 -0.325494185475849E+00  0.209022373116305E+00  0.922151388199488E+00
-0.494314185415756E+00 -0.849192265496260E+00  0.185811685095655E+00 -0.555626295155834E+00 -0.810246689843788E+00 -0.186493221669278E+00
 0.544310546503484E+00  0.794437642882614E+00 -0.269434334367753E+00  0.197273934093961E-01  0.513224105669895E-01 -0.998487275894322E+00
 0.322858540449496E+00  0.241311326439478E-01  0.946139551702676E+00  0.399294778542228E+00 -0.154828862518818E+00  0.903654637104266E+00
 0.171757326114702E+00 -0.896315934200936E+00 -0.408799666124413E+00  0.327695059322764E+00  0.930768624507280E+00 -0.162128701124372E+00
 0.307474463784870E+00  0.503538921630283E-02  0.951543009524870E+00  0.666347718630907E+00  0.221621405155357E+00  0.711944289008874E+00
-0.201367301882721E+00 -0.902180672047842E+00 -0.381472469145255E+00  0.450711505411174E-01  0.866423851858913E+00  0.497270852070442E+00
-0.864365073224952E+00 -0.410750494809493E+00 -0.290098347466129E+00  0.870239377584923E+00  0.304532837399157E+00  0.387224969037669E+00
 0.969902240987941E+00  0.301190604513644E-01  0.241624678218300E+00 -0.834752472599006E+00 -0.248151513666920E+00 -0.491537522224563E+00
-0.436687429790853E+00 -0.431065519189473E-01 -0.898579942934583E+00  0.514973566061783E-01  0.516614463139054E-01  0.997336010192819E+00
-0.706701175884749E+00 -0.590201392369227E+00  0.390174018161818E+00 -0.491017440858724E+00 -0.503369589609054E+00  0.710999950090970E+00
-0.268440849843080E+00 -0.389735423000690E+00  0.880934623110023E+00 -0.556373431249609E-01 -0.129165424693406E+00  0.990060997673258E+00
-0.946475178322673E+00 -0.290400043320983E+00  0.140899083241290E+00  0.794535797679819E+00  0.579591096776832E+00  0.181071882804379E+00
-0.888651923490108E+00 -0.350592422957968E+00 -0.295605669502114E+00  0.770797051489208E+00  0.116203751948335E+00  0.626393321682690E+00
-0.179732615510774E+00 -0.982350617093655E+00 -0.518020464592984E-01  0.632021957393794E+00  0.770156819011310E+00  0.860623001232143E-01
 0.131943817324079E+00 -0.233168100465165E-01  0.990982923888805E+00 -0.189880999858806E+00  0.882274035973072E-01  0.977834920192104E+00
 0.352400913451306E+00  0.105318764789751E-01  0.935789867318789E+00  0.532864744325615E+00 -0.678365124874001E-01  0.843476953940263E+00
-0.844912315544277E+00  0.442321411624927E+00 -0.300790538181871E+00 -0.739314417349063E+00  0.257007868931932E+00 -0.622383440980624E+00
 0.137009913838195E+00 -0.497974376028147E+00  0.856300066757809E+00 -0.450264211993286E-01 -0.888751249624217E-01  0.995024539173228E+00
-0.262032130329488E+00  0.402128432273326E+00 -0.877286661606335E+00  0.624783736555173E-01 -0.384132362066526E+00  0.921161647724520E+00
-0.173730961999928E+00  0.903216929823033E+00 -0.392449653488996E+00  0.103331527380089E+00  0.455611027685391E+00 -0.884161290094041E+00
 0.243164918276382E+00  0.911189688521847E+00 -0.332572058434109E+00 -0.177077033621778E+00 -0.921691735676566E+00  0.345149342385626E+00
-0.617712993683242E+00  0.704218649282691E+00 -0.350009644777611E+00  0.537120779965951E+00 -0.732881748968935E+00  0.417595030809758E+00
 0.836396081488743E+00  0.782312367989756E-01  0.542514026048340E+00  0.750225850996849E+00  0.430857181078152E+00  0.501520948724420E+00
 0.608647193954774E+00 -0.793422310576051E+00 -0.544337865120338E-02 -0.502594803770161E+00  0.786848629192412E+00 -0.358144800271140E+00
 0.109760071684130E+00 -0.368135210720909E+00 -0.923270920852252E+00 -0.380554810638442E+00  0.125722817849927E+00  0.916172368701334E+00
 0.868558524901802E+00 -0.351100656619174E+00  0.349763373928703E+00 -0.945201092037651E+00  0.206415783837575E+00 -0.252957347775372E+00
 0.813437126516531E+00 -0.562165430228565E+00  0.149298594301694E+00  0.874851439671850E+00 -0.472344094992412E+00 -0.107359277334989E+00
 0.264073569735690E+00  0.160084413582543E+00  0.951124666011235E+00 -0.142711516264458E+00 -0.233351326851864E+00  0.961863078292318E+00
 0.530092466590307E+00  0.633918739376382E+00  0.563159842967929E+00  0.403807357362151E+00  0.470919499976145E+00  0.784330569774259E+00
 0.113056304327552E+00  0.921291845400645E+00 -0.372074733958205E+00  0.127425647411071E+00  0.759101742611810E+00 -0.638378609248135E+00
-0.304625676508075E+00 -0.913003118892280E-02 -0.952428390873816E+00  0.359533477387698E+00 -0.868073138195284E-01  0.929085662845438E+00
 0.509914148700203E+00  0.345809488946039E+00  0.787656878539270E+00 -0.510430118304630E+00 -0.563835312206096E+00 -0.649269462578501E+00
 0.352698800100997E+00  0.282944455386357E+00 -0.891933849325966E+00 -0.113535933175168E+00 -0.195092936028653E+00  0.974191119950168E+00
-0.142644479346119E+00  0.192151091168247E+00 -0.970943103726952E+00  0.218312775399894E+00  0.128891700518202E+00 -0.967329551722019E+00
 0.692328420591129E+00 -0.224684761663084E+00 -0.685709935700363E+00 -0.486134671655001E+00  0.991781199376699E-02  0.873827624889566E+00
 0.858563556354421E+00 -0.291745430851549E+00  0.421607902294648E+00 -0.904810043428378E+00  0.346161136624727E+00 -0.247974298671886E+00
 0.803693403519882E+00  0.309887316286690E+00 -0.507983035487664E+00  0.772418186455967E+00  0.244796667283932E+00 -0.586041582926293E+00
-0.297421817606745E+00  0.293672593354237E+00  0.908458403188664E+00  0.894658367835247E-01  0.772407341024766E-01 -0.992990298564862E+00
 0.143125885838638E+00  0.194878601656324E+00 -0.970328455431140E+00 -0.823706793372589E-01 -0.208527250166152E+00  0.974541665155298E+00
 0.558384137880130E+00 -0.110378046030332E+00  0.822206690266134E+00 -0.352826362059294E+00  0.215935486668218E+00 -0.910431449277409E+00
-0.679361031210839E+00 -0.117333210862789E+00  0.724362828215787E+00 -0.670355406652591E+00 -0.719829627180628E-01  0.738540507927608E+00
-0.308229698037587E+00 -0.496640022474548E+00 -0.811383473657271E+00  0.221107927368646E+00  0.253526460936801E+00  0.941719500732358E+00
-0.470099930201680E-02 -0.609866619281117E+00 -0.792490130722260E+00  0.282357410877227E-01  0.134017158323141E-01  0.999511449128011E+00
 0.712249150623883E+00  0.674067793966926E+00  0.195790082925871E+00 -0.457341655353833E+00 -0.805480425315969E+00 -0.376881804696143E+00
 0.761164983360307E+00 -0.478024575755270E+00  0.438315380839068E+00  0.784792452407954E+00 -0.580529304783021E+00 -0.216994315436262E+00
 0.476600366210579E+00  0.118205403013112E+00  0.871136943095889E+00  0.481839266409447E+00  0.637122098398042E-01  0.873940315847332E+00
-0.654412990845982E+00 -0.112943361637807E+00 -0.747654622452084E+00 -0.116691713405583E+00 -0.105387007320925E+00 -0.987560946327065E+00
 0.125383408733974E-01 -0.344851347720947E+00  0.938573565568085E+00  0.140043549562766E+00 -0.137848963804616E+00 -0.980502660579692E+00
-0.972819112775168E+00  0.231494295823269E+00 -0.577622892761744E-02 -0.371529440874417E-01  0.849467413049409E-01  0.995692578001517E+00
-0.906342090761582E+00 -0.289773527669926E+00  0.307531001974844E+00  0.943782651246372E+00  0.308326140811298E+00 -0.119202760449499E+00
-0.162972746535651E-01 -0.303216596411913E+00  0.952782291239316E+00 -0.403492862598071E+00  0.161561841373546E+00 -0.900606063295381E+00
 0.900117830291096E+00  0.379577136820304E+00  0.213796840003193E+00  0.750707367393562E+00  0.539124573851830E+00  0.381815586913514E+00
-0.372084971242400E+00 -0.886869946781532E+00  0.273887699014150E+00 -0.552102201993779E+00 -0.700275672293825E+00 -0.452545181553237E+00
-0.417365594956712E-01  0.198007717861519E-01 -0.998932424660516E+00  0.202585344421872E+00 -0.135523217564273E+00 -0.969841551866334E+00
 0.899972955397852E+00 -0.389894098984934E+00  0.195016079155498E+00 -0.798266750710244E+00  0.597905311879736E+00 -0.726597050400330E-01
 0.796005394167557E-01 -0.754795531684780E+00 -0.651112478357811E+00 -0.439352993916942E+00  0.554971838041524E+00  0.706381770515797E+00
-0.292779197884515E+00 -0.956173285639165E+00  0.360404163444081E-02 -0.875898979613453E-01 -0.897373331090315E+00 -0.432491750699354E+00
 0.358250084595164E+00  0.278950775393496E+00  0.890978867198838E+00 -0.296939509148118E+00 -0.461603089175735E-01 -0.953779929432104E+00
-0.390424628138568E+00 -0.430808205288204E-01  0.919626365784183E+00  0.332314266323891E+00 -0.310527812803783E+00 -0.890583912875656E+00
-0.713038014446291E-01 -0.220869601703719E+00 -0.972693367378839E+00  0.899212300308802E-01 -0.600412478756689E-01  0.994137425582231E+00
-0.640500310400179E+00 -0.765233158057594E+00  0.646340946132626E-01  0.413557476268459E+00  0.851380426456438E+00  0.322678761726452E+00
-0.803993516537145E-01  0.983546961732371E+00  0.161775518298302E+00  0.892287898818448E-01  0.953003626537722E+00  0.289520829755257E+00
 0.263678422734271E+00  0.217223017806385E+00 -0.939833948056493E+00 -0.398331149071368E+00  0.128863182317508E-02  0.917240772702298E+00
-0.204188227715264E+00 -0.870390294522368E+00  0.448026676509073E+00 -0.182439507683261E+00 -0.970277210179721E+00  0.158990444499496E+00
 0.561478875698797E+00  0.137027856411629E-01  0.827377607752160E+00  0.104218977692437E-01 -0.947432102065704E-02  0.999900805724290E+00
 0.492909013869829E+00 -0.710272477826425E+00 -0.502547222943459E+00 -0.421936921884653E+00  0.441854976718687E+00  0.791664962910089E+00
 0.354299926594972E+00 -0.161327713046229E+00 -0.921110705082766E+00  0.405701088569091E+00 -0.553488687448414E-01 -0.912328410969713E+00
-0.923791419364331E-01 -0.536169105123979E+00 -0.839040395240682E+00 -0.123617647043129E-01 -0.254855273928990E+00 -0.966900189328751E+00
 0.493428905391303E+00  0.457621434269475E+00  0.739669208647683E+00  0.368387855127171E+00  0.376559806924584E+00  0.849995941168970E+00
-0.767111053217243E+00  0.242877455291194E+00 -0.593760198854055E+00 -0.692742821846903E+00  0.970410453398845E-01 -0.714626068863243E+00
-0.737060859463015E+00 -0.651776135220631E+00 -0.178687321890779E+00 -0.622570277971766E+00 -0.735456597474611E+00 -0.267413242411864E+00
-0.996352599809295E+00  0.550005458391611E-01 -0.652413734577504E-01 -0.994632195684425E+00  0.428408972419818E-01  0.941883901098309E-01
-0.147309560477122E+00  0.653634800329700E+00  0.742335127277424E+00  0.248367811203545E+00 -0.672063988191602E+00 -0.697598327215568E+00
 0.790247535252958E+00 -0.469226948815415E+00  0.394125492111334E+00 -0.796673521547637E+00  0.573352535999986E+00 -0.191254201332343E+00
 0.494404925555355E+00 -0.853784678621603E+00 -0.163142551584834E+00 -0.455779686020077E+00  0.774387530355966E+00  0.438849439603865E+00
-0.370091855810250E-01 -0.287524287379584E+00  0.957058046489079E+00 -0.375565102429668E-01 -0.103453593424980E+00  0.993924978328761E+00
-0.580608944390027E+00  0.485776912036747E+00 -0.653386597219702E+00  0.134880774179575E-01  0.447999035379913E+00 -0.893932288300537E+00
-0.236780235066726E+00  0.356924661376555E-01 -0.970907394215719E+00  0.949221613507047E-01 -0.922624366385010E-01 -0.991199992973183E+00
-0.239390143258697E+00  0.175303498612393E+00 -0.954966513907601E+00 -0.460408436039023E-01 -0.254318448131828E+00  0.966023999525923E+00
-0.518158799211045E+00 -0.509297023344078E+00  0.687115711371112E+00  0.562587948697751E+00  0.157903326222259E+00 -0.811517923121852E+00
-0.302198687817840E+00  0.691189870856877E+00  0.656454503759422E+00  0.397573620938247E+00 -0.451626130424691E+00 -0.798729650289552E+00
-0.410721180491832E+00 -0.686778974447664E-01  0.909170753103047E+00 -0.204326110865364E-01 -0.102389169128069E-01  0.999738802380221E+00
-0.286876945731157E+00  0.845513431030797E+00  0.450342820476237E+00  0.174678414492109E+00 -0.780056636838593E+00 -0.600832002172475E+00
 0.767802695943930E-01  0.983629976956821E+00  0.163024104453715E+00  0.327164586763062E+00 -0.914389799001512E+00 -0.238442086574771E+00
-0.437495827509660E-01  0.458905021872504E+00 -0.887407547246085E+00 -0.180043022219579E+00  0.233550638727074E+00 -0.955530538130632E+00
-0.334478744532644E+00 -0.919248414505429E+00  0.207620620086543E+00 -0.539011619745881E+00  0.516421739237517E+00  0.665413451187921E+00
-0.268961770055975E+00  0.436745589120794E-01  0.962160121368680E+00  0.184161430998715E+00  0.353999724236685E+00 -0.916934437445151E+00
 0.721892248016336E+00 -0.659063151710113E+00  0.210967638067675E+00 -0.908912398520455E+00  0.122557730536064E+00 -0.398569761148086E+00
-0.716623356030148E+00 -0.479825557332736E+00  0.506180205186272E+00  0.512060833252995E+00  0.674397391449504E+00 -0.531960394629481E+00
-0.603505872751801E-01  0.125322282740130E+00 -0.990278815316345E+00  0.421198662621052E-01  0.161678967584518E-01 -0.998981739563076E+00
 0.713445013965333E+00  0.414910214478162E+00 -0.564664259511519E+00 -0.367868519126514E+00 -0.633105618673800E+00  0.681065362677717E+00
 0.795669977778225E-02  0.529841596528778E+00  0.848059298349167E+00  0.378300731461692E+00 -0.598740031850119E+00 -0.705973746562623E+00
 0.578314694271022E+00 -0.759569826651957E+00  0.297667251860413E+00 -0.572442919243531E+00  0.720306219176759E+00 -0.391749990201948E+00
-0.821499059023237E+00 -0.460031654646238E+00  0.336912707904260E+00 -0.927728122499236E+00 -0.335914160495121E+00  0.162733547564418E+00
-0.416535006515842E+00 -0.883345664845909E+00 -0.214939583941133E+00 -0.134021349737005E+00  0.907693202341312E+00  0.397657299993407E+00
-0.330079653853977E+00  0.301750171164647E+00  0.894423980175926E+00 -0.450159013794724E+00  0.218319110231171E+00  0.865848501995142E+00
-0.354028806730546E+00 -0.152438418373009E+00  0.922727550585156E+00 -0.286686873194753E-01  0.189495517458664E+00 -0.981462966815586E+00
 0.867677663300319E+00  0.488483607066083E+00 -0.922997195954949E-01  0.910674401052507E+00  0.336596809669673E+00 -0.239530213100258E+00
 0.508751513192300E+00  0.318337642972836E+00 -0.799895645000674E+00  0.122028739236958E+00  0.383178522006044E+00 -0.915578072625979E+00
-0.706311844060535E+00 -0.390603308384636E+00  0.590383463876474E+00  0.753864709032049E+00  0.537371214397273E+00 -0.378047852015090E+00
 0.262897488729335E+00 -0.499220245726346E-01 -0.963531370471340E+00 -0.463454963283021E+00 -0.122385703133532E+00  0.877628188173582E+00
 0.401104460737022E-01 -0.687676303989688E+00 -0.724908582544621E+00 -0.289464855447636E+00  0.841915614957181E+00  0.455398940218300E+00
-0.195278343685500E+00 -0.209854306667996E-01  0.980523319552971E+00 -0.280501151257262E+00  0.145940841860823E+00  0.948694036462918E+00
 0.318269891405328E+00 -0.125036766319957E+00 -0.939718087137355E+00  0.141141455534391E+00 -0.337391281862074E+00 -0.930723488718911E+00
-0.857273189851080E-01 -0.334281713436737E+00 -0.938566227200523E+00  0.443815243717108E+00  0.135167098458748E+00  0.885865613362753E+00
-0.328074135458121E+00  0.204230811245903E+00  0.922310759658179E+00  0.506874166426748E+00 -0.218541709130323E+00 -0.833857362370560E+00
-0.409252806370961E+00 -0.798319441311261E+00 -0.441812415060926E+00  0.510698645435929E+00  0.431622376908395E+00  0.743565072674783E+00
-0.120812262256919E+00  0.973638936814657E+00 -0.193472525198774E+00  0.192637536068530E+00 -0.980927438584190E+00  0.259256616136619E-01
-0.214275851691310E+00  0.331534184566325E+00 -0.918787757779731E+00 -0.210876978939694E+00  0.384929016206969E+00 -0.898532443618595E+00
 0.546564398157878E+00 -0.176975359329967E+00 -0.818502951037042E+00 -0.738283409914967E+00  0.317081016509373E+00  0.595312720856619E+00
-0.122870503579597E+00 -0.839717104572744E+00  0.528940472679170E+00 -0.163498636206634E+00  0.986466587135525E+00  0.123234907294740E-01
-0.868334423610757E+00 -0.434962268110430E+00  0.238334122804109E+00 -0.785101023580378E+00 -0.477592019542365E+00  0.394363088590310E+00
-0.298671537193132E+00  0.438721642326808E+00  0.847536803581272E+00  0.103880394247648E+00  0.215540820993906E+00  0.970953664278696E+00
-0.256823584356002E+00 -0.591960024036487E+00 -0.763953517212440E+00  0.406412571507132E-02  0.556924845141416E+00  0.830552948189567E+00
 0.727523115921248E+00  0.482755991970305E+00  0.487500531299203E+00  0.716944273936306E+00  0.586335742597535E+00  0.377095883062306E+00
-0.400783786033468E+00  0.133118218859317E+00  0.906450162259571E+00 -0.578620481465398E+00  0.462089263633667E+00  0.672065362046911E+00
 0.905570950355995E+00  0.259008522477577E+00  0.335940231522399E+00  0.793062874537732E+00 -0.569828939538323E-01  0.606468652797980E+00
 0.358523862975593E+00 -0.441615681537802E-01  0.932475412852938E+00 -0.563150992511793E+00  0.195842724309397E-01 -0.826121913464552E+00
 0.910608511657495E-01  0.995285834748425E+00 -0.333770659899941E-01 -0.253910017733193E+00 -0.960813015874403E+00  0.111211741381312E+00
-0.234727313142851E+00 -0.686119568113252E-01 -0.969636781401809E+00  0.360474233054779E-01 -0.882220769125654E-01  0.995448365520919E+00
 0.634413606673508E+00  0.431744121310957E+00 -0.641183584771898E+00  0.894946529889704E+00 -0.389041865949895E+00 -0.218442521448093E+00
-0.640255606937064E+00 -0.749921130234925E+00  0.166406298597212E+00  0.604791917617761E+00  0.633043113506028E+00  0.483200944563259E+00
 0.529193344247668E+00 -0.666285239646879E+00  0.525374517684927E+00  0.540375549528932E+00 -0.720151026553489E+00  0.435174406905163E+00
 0.124006732701368E-01 -0.575586315614592E+00  0.817646999982062E+00  0.154866356546791E-01  0.319539015984282E+00 -0.947446558587816E+00
 0.857000150323762E+00 -0.736944383985490E-01 -0.510019482073157E+00  0.841745128079718E+00  0.117058115279534E-01 -0.539748194374498E+00
-0.677486062012258E+00  0.156303205083307E-01 -0.735369518582277E+00 -0.562374163343868E+00 -0.261973761106768E+00 -0.784286330937151E+00
-0.892119620272974E+00  0.425355274107310E+00  0.152300603784421E+00 -0.848692873237243E+00  0.414874218201616E+00  0.328024069220401E+00
-0.531951583118258E+00 -0.829678885302776E+00  0.169294006098035E+00  0.526891894277092E+00  0.767677566901928E+00 -0.364768536226240E+00
 0.929638584867958E-01  0.502880629505819E-01  0.994398728750155E+00  0.443732935383658E-01  0.194610403315610E-01  0.998825449580542E+00
-0.359238003897798E-01  0.564507107445254E+00  0.824646109679387E+00  0.122222172338947E+00  0.650709981547903E+00  0.749425286804946E+00
-0.153126659595542E+00  0.973304138002787E+00  0.170971579707750E+00 -0.171581672205320E+00 -0.982929680298467E+00  0.664001005389265E-01
 0.426229405069652E+00  0.599097370503965E+00 -0.677798520881542E+00  0.783480811143323E+00  0.510017771298656E-01 -0.619319495333221E+00
 0.296755465372542E+00  0.944572146925644E+00  0.140426682022349E+00  0.295952123117218E+00  0.955146472237848E+00  0.103709880920468E-01
 0.343853912923516E+00 -0.149722382654900E+00  0.927010083386004E+00  0.150737191208194E+00 -0.174850318664740E+00  0.972988008790192E+00
-0.186940549174873E+00  0.740283511679180E+00  0.645781351085751E+00  0.124194994032157E+00 -0.674133204336979E+00 -0.728093418640568E+00
-0.852894978881644E+00  0.516648348778032E+00 -0.751308106133081E-01  0.329372591758214E+00 -0.936439768076695E+00 -0.120806690886487E+00
-0.776219925942483E+00 -0.505943557141668E-01  0.628428864502351E+00  0.509832172010579E+00  0.391532482738612E+00 -0.766011404186331E+00
-0.259577550477886E+00 -0.130388317803898E+00  0.956879502271927E+00  0.756683645932370E-01 -0.298614948684068E-01  0.996685802910832E+00
 0.484947668029000E+00 -0.138092460038560E+00  0.863571787261333E+00 -0.377818412907433E+00 -0.353182553561297E+00 -0.855871094691269E+00
-0.687959356607397E+00  0.132638932233745E+00  0.713525638861162E+00 -0.947291073514624E+00  0.934969756521670E-01  0.306427703681323E+00
-0.497165275948046E+00 -0.207182324974829E+00  0.842556925441556E+00 -0.631705792298299E+00 -0.219060903431960E+00  0.743612878159296E+00
 0.424434742477433E+00 -0.897176317577171E+00  0.122187579388340E+00 -0.979306936062132E-03  0.996072485293323E+00 -0.885361225687448E-01
 0.741051354743654E+00 -0.597769070648173E+00  0.305802269136471E+00 -0.393570739240510E+00  0.796980892531987E+00 -0.458174126454775E+00
 0.709474470178084E+00  0.530658466703851E+00  0.463732215703250E+00 -0.711059844650865E+00 -0.344003654488851E+00 -0.613233546883570E+00
 0.407352707341687E+00 -0.190960843428026E+00  0.893083270528933E+00  0.752085067709402E+00 -0.355307804564546E+00  0.555089555787233E+00
-0.547835641764008E+00  0.231263478796362E+00 -0.803985891037910E+00  0.498125407352202E+00 -0.451323832996955E+00  0.740390354015461E+00
-0.299002123351567E+00 -0.421681238425543E+00 -0.856027256219774E+00  0.713223392231661E-01  0.209439121029590E+00  0.975217093015749E+00
-0.411788987780909E+00  0.893465773466461E+00 -0.179300700462526E+00 -0.248028505641251E+00  0.960433517219537E+00  0.126685908413987E+00
-0.277239416262439E+00 -0.929721347376094E+00  0.242397446982516E+00 -0.158346996017366E+00 -0.771356815583147E+00  0.616388588396721E+00
-0.302813122074787E+00  0.643570446533256E+00  0.702937617038884E+00 -0.748574831802999E-01 -0.726921385177302E+00 -0.682628491189625E+00
 0.864004980083567E+00  0.117931520529888E+00  0.489476813400087E+00 -0.942366112712422E+00  0.307662860749647E+00 -0.131490203918852E+00
-0.803975855280438E+00  0.101296097043708E+00 -0.585970924918464E+00 -0.925515748730718E+00  0.701789909145015E-01 -0.372149846279211E+00
 0.666334254823236E+00 -0.160760457130194E-01 -0.745479859958265E+00 -0.268672556381801E+00 -0.112319653948315E+00  0.956660521179901E+00
-0.298118225868729E+00 -0.101252238124483E+00  0.949143565368098E+00 -0.514935393120314E+00  0.383338160710119E-01  0.856371449464227E+00
 0.912308356576497E+00 -0.153656520878214E+00  0.379582844860374E+00  0.924511023626977E+00  0.376807969827650E+00 -0.574031450929605E-01
-0.164742152621855E+00 -0.730230422970817E+00 -0.663041139385316E+00  0.346645604948907E+00  0.824918655423870E+00  0.446481843419506E+00
 0.227732063093278E+00  0.856434939984254E+00  0.463311235578683E+00 -0.271386867598004E+00 -0.934789569752714E+00 -0.229167249791238E+00
-0.421529573661028E+00 -0.866297141343329E+00 -0.268033731887478E+00  0.188899805035418E+00  0.917486091349762E+00  0.350051618818307E+00
 0.342651298677829E+00  0.960167399022123E-01  0.934543136068608E+00  0.274365288891954E+00 -0.470564216663191E-01  0.960473519380517E+00
-0.549831872477809E+00 -0.729445368526261E-01 -0.832084134298270E+00 -0.647255540344601E+00 -0.143757556650486E+00 -0.748594703694263E+00
 0.842632368683391E+00  0.374223989660033E+00  0.387204205568516E+00  0.573435517563573E+00  0.586168749211902E+00  0.572344218669108E+00
-0.564220865050720E+00  0.301354591355372E+00  0.768661320550510E+00  0.409095494921330E+00 -0.606760742392085E+00 -0.681529366591696E+00
 0.999918442536823E+00 -0.112147365898512E-01 -0.611047935558715E-02  0.857378368304690E+00 -0.234227555006629E+00 -0.458300977566929E+00
-0.903574341354850E+00  0.231288771449139E+00  0.360636817098166E+00 -0.885355502766819E+00  0.464013379749896E+00  0.289347046570676E-01
 0.922207548530457E-01 -0.115418721489154E+00  0.989026719105274E+00 -0.376182341812442E-01 -0.556179901817483E-01 -0.997743207255869E+00
-0.493816071247613E+00  0.355338478440289E+00 -0.793649956540863E+00  0.181774479365939E+00 -0.395925922828188E+00  0.900111494362720E+00
-0.219733988422218E+00 -0.975154724289860E+00 -0.281111726406353E-01  0.484221667192765E+00  0.873396138608376E+00 -0.520438477155299E-01
 0.185972577385320E+00 -0.462668480163067E+00  0.866805674833903E+00  0.574495032908616E+00 -0.251415973516524E+00  0.778938678859939E+00
 0.654852339908195E+00  0.748989752373520E+00  0.100909681181812E+00  0.614136316367413E+00  0.730893199056396E+00 -0.297710793374664E+00
 0.563653980620850E+00  0.270817624612127E+00 -0.780353768703475E+00 -0.118098859538701E+00  0.522354682792001E+00 -0.844510654012681E+00
 0.411769315275400E+00  0.841391817984992E+00  0.350008342222780E+00  0.726181438009681E+00  0.684358477557702E+00 -0.656809963771473E-01
 0.805157950918659E+00 -0.409596281738388E+00  0.428895744976042E+00 -0.657488884869980E+00  0.485560216123847E+00 -0.576142033521417E+00
 0.200296653219379E+00  0.200217715238361E+00  0.959058974836191E+00 -0.356246592701323E+00 -0.637979098591966E+00 -0.682693954088126E+00
-0.524700165799999E+00  0.745427574137357E+00  0.411129502377472E+00  0.279025944707106E+00 -0.670701148408547E+00 -0.687244128169724E+00
-0.615040780003245E+00 -0.747423201302938E+00  0.251164083991060E+00 -0.518030419701081E+00 -0.764549869035240E+00  0.383546583901512E+00
 0.882140231197159E+00 -0.468270118839248E+00  0.505144366067712E-01 -0.771318248783046E+00  0.624506506832791E+00 -0.122718303515655E+00
 0.781155708947773E-01  0.471134166615225E+00  0.878595785689620E+00  0.157272923653987E+00  0.697597832347719E+00  0.699015373070643E+00
-0.885791161860655E+00 -0.547286159407787E-01 -0.460845740098308E+00  0.685868746498098E+00 -0.417281332413924E+00  0.596204958211510E+00
-0.900830241779675E+00 -0.972894766640781E-01 -0.423130751926166E+00  0.918836334471738E+00  0.176400430564048E+00  0.353019374186969E+00
 0.429476696835134E+00  0.684030055949516E-01  0.900483645437916E+00  0.311404786287958E+00  0.996742627015981E-01  0.945035502207110E+00
-0.952238449961843E+00  0.185854293920764E+00 -0.242281067864332E+00  0.827279197049637E+00 -0.372875803267863E+00  0.420205622839882E+00
 0.435003030051835E+00  0.303142690294077E+00  0.847866070300606E+00 -0.346008598162267E+00 -0.477230473712046E+00 -0.807792748765646E+00
 0.472422500186584E+00 -0.868933264248113E+00 -0.147553256828087E+00  0.178355736136893E-01 -0.934146643193284E+00 -0.356443461610100E+00
-0.709591441377782E+00  0.433794431302545E+00 -0.555249833583319E+00  0.788077759391128E+00 -0.403833997292038E+00  0.464598264938854E+00
 0.812111567666456E+00 -0.574122889965174E+00 -0.104200330519480E+00 -0.852540780584889E+00  0.494941044218571E+00  0.167951124400933E+00
-0.219018576597056E+00  0.437669310793044E+00  0.872053001540240E+00  0.212233791342867E-01  0.533120168266775E-01  0.998352341130121E+00
 0.762433526402131E+00  0.137512123129076E+00 -0.632285958890869E+00  0.606752189962525E+00 -0.180196504289430E+00 -0.774197003234674E+00
 0.442127332677870E+00 -0.476261214892105E-01 -0.895686984526987E+00  0.487642433455986E+00 -0.169965135299302E+00 -0.856339132514574E+00
 0.859937479654066E+00 -0.299829395083618E+00  0.413049470318030E+00  0.763902178445787E+00  0.207458590182197E+00  0.611076423310045E+00
 0.299654086028988E+00 -0.925015880350484E+00 -0.233565943205665E+00 -0.630820953551550E+00  0.743340032632903E+00  0.222509596300087E+00
 0.185888622688513E+00 -0.177841462226188E+00  0.966342503602227E+00 -0.154578314881735E-02 -0.789109129624004E-02 -0.999967670093694E+00
 0.561501743132994E+00 -0.584393151065734E+00  0.585833113989020E+00 -0.632553557844711E+00  0.312681392272751E+00 -0.708594625568365E+00
-0.156836139280957E-02  0.494958586979946E+00  0.868915149722547E+00  0.248166036206261E+00 -0.720316431049431E+00 -0.647732859776222E+00
 0.990784286865076E+00  0.285185176331413E-01 -0.132412956515858E+00 -0.987767273519234E+00  0.154081695993802E+00  0.239717401131583E-01
 0.958202327896698E-01 -0.489670762795238E+00  0.866626232612228E+00 -0.269407722994722E+00  0.443167356069462E+00 -0.854998346960508E+00
 0.194157497034687E+00  0.144864235751499E+00 -0.970215037785624E+00  0.981341794797780E-01  0.979455408168341E-01 -0.990341533942674E+00
 0.128667796502206E+00  0.953909678534132E-02 -0.991641872742265E+00  0.300509908311738E+00  0.632992330531328E-02  0.953757687820874E+00
 0.981674003064074E+00 -0.176289543289344E+00  0.723750553367093E-01 -0.911871728890929E+00  0.620979930671419E-01 -0.405750895632409E+00
-0.558777293879605E+00 -0.549862087477496E+00  0.620821730128285E+00 -0.245557301943181E+00 -0.945213977268850E+00  0.215109620049840E+00
-0.975386421736683E+00  0.510342756830088E-01 -0.214515339771356E+00  0.954721598429682E+00 -0.636049272958390E-01  0.290621889601530E+00
 0.259394190671207E+00  0.347244953526074E+00  0.901185661280018E+00  0.161836912540584E+00  0.981604014337102E-01  0.981923290959994E+00
-0.422671336226128E+00  0.395708336786250E-01  0.905418737742266E+00  0.572517595995934E+00 -0.967052683938656E-01 -0.814169327191775E+00
 0.176326793899741E-01 -0.247662031308760E-01  0.999537755064815E+00 -0.158302443748733E+00  0.301914914800817E+00 -0.940099846039767E+00
-0.606730653503361E-01 -0.334443941180562E+00 -0.940460541090697E+00 -0.328282827980882E-04 -0.374566339668642E-02 -0.999992984439402E+00
 0.479306660983768E+00 -0.225799933693815E+00 -0.848103481115637E+00 -0.423705870598156E+00  0.547047144517642E+00  0.721950660984359E+00
 0.733833205659502E+00 -0.648882894141122E+00  0.201096533939650E+00 -0.818954746603702E+00  0.553775041121052E+00  0.150486965703486E+00
 0.422583424597228E+00  0.647241466182532E+00  0.634430243375555E+00  0.539280161139891E+00  0.256745333037529E+00  0.802034127555917E+00
 0.639397939695891E+00 -0.518173413227954E+00 -0.568037488671604E+00 -0.584476747469480E+00 -0.174805681008694E+00  0.792357183064926E+00
 0.224282894055156E+00  0.972242761284110E+00  0.666423031181606E-01 -0.339799765083508E-01  0.918083161753244E+00 -0.394928688881497E+00
-0.325010953716761E+00 -0.792110264782550E+00 -0.516651921887685E+00 -0.280566824352671E+00 -0.537558864392395E+00 -0.795180938142896E+00
-0.182233647424383E+00  0.957271121257671E+00 -0.224550435654188E+00 -0.515784236828216E+00  0.793571856704755E+00 -0.322816246935779E+00
-0.401358646521351E-01 -0.404225908265296E+00  0.913778160964532E+00 -0.353371150539463E-01  0.252223826816028E-01 -0.999057115340023E+00
-0.450050665181163E+00 -0.121590183088250E+00  0.884686512922266E+00  0.235927976602147E+00  0.372496538549066E+00 -0.897543491216655E+00
-0.951664018204135E+00 -0.234361164850639E+00 -0.198520630830679E+00  0.968319919823967E+00  0.215646800501920E+00  0.125908658579908E+00
-0.869615988157662E+00 -0.493233166859995E+00  0.221150683886104E-01  0.595074550278798E+00  0.729920122200055E+00 -0.336307738266522E+00
 0.459670350081559E+00 -0.127314651437335E+00  0.878916462916293E+00  0.573746490272876E-01  0.464500438089409E+00 -0.883712335923712E+00
-0.111280969835022E+00 -0.187304326692692E+00 -0.975978296354368E+00 -0.778319195944828E-01 -0.203989043402283E+00 -0.975874306693264E+00
 0.278254314500177E-01 -0.172701181961819E+00 -0.984581153137521E+00 -0.143102869657432E+00  0.129329366183455E+00  0.981221424418767E+00
 0.340113202944473E+00 -0.905954068063329E+00  0.252131385873232E+00 -0.555475778357361E+00  0.704043452877219E+00 -0.442458445640952E+00
-0.824521608234733E+00 -0.126043265814832E+00  0.551613281834965E+00 -0.917392440651839E+00  0.180007134954480E+00  0.354948645863513E+00
-0.411824819900987E+00 -0.203488828858938E+00  0.888252562193399E+00 -0.465819051654000E+00 -0.587546680549316E+00  0.661665708112222E+00
-0.795241137872485E+00 -0.588279796459002E-01 -0.603432516066260E+00 -0.449101283147770E+00 -0.278224529699829E-01 -0.893047562331234E+00
-0.962594476123371E+00 -0.188770774011919E+00 -0.194364269905027E+00  0.967731728011560E+00  0.190738647694968E+00  0.164663508025473E+00
-0.351137059330137E+00  0.536259193773846E-01  0.934787155632722E+00  0.728514708551177E+00  0.183411466314047E+00 -0.660020115942784E+00
 0.860297468826905E+00  0.444351042498319E-02 -0.509773008647107E+00  0.888896823196725E+00  0.238439663472108E+00 -0.391163603360638E+00
-0.195086351061579E+00  0.497975169494551E+00 -0.844962748407497E+00 -0.369565401673604E+00  0.662149321697536E+00 -0.651904663015476E+00
-0.241576966427634E+00 -0.433799635438975E+00 -0.868019841699851E+00 -0.556942337037106E-01 -0.451980407309359E+00 -0.890287517457491E+00
 0.216994666060158E+00  0.335738142596736E+00  0.916620540085773E+00  0.522515794906864E-02  0.105610049888005E+00  0.994393893327519E+00
-0.276910521730178E+00 -0.484864207994110E+00  0.829594637616086E+00 -0.362086214712343E+00 -0.257898579430365E+00  0.895757721620688E+00
-0.224906766605174E+00  0.413883051066226E+00 -0.882109838044740E+00  0.960842248821344E-01 -0.194599771790645E+00  0.976165329515358E+00
-0.838614913066488E+00 -0.308046841553457E+00  0.449257354966422E+00 -0.834937954659102E+00 -0.347153477481680E+00  0.427039898536486E+00
-0.467397152991762E+00  0.468575684860836E+00  0.749651071454176E+00 -0.486848944443921E-01  0.539037097651920E+00  0.840873824308934E+00
-0.109674793614844E+00 -0.234920247621503E+00  0.965807391203336E+00  0.550275274496662E+00  0.257081884224521E+00 -0.794421819363739E+00
 0.334333672326322E+00 -0.856333642992090E+00  0.393590761360949E+00 -0.160282801793833E+00  0.664744332838651E+00 -0.729674170714584E+00
-0.936876797099969E+00 -0.329051330729962E+00  0.118267023301280E+00  0.707123562677378E+00  0.594647898619453E+00 -0.382583512156392E+00
 0.603298421360986E-01  0.989355714639647E+00 -0.132421977245875E+00 -0.917175372124529E-02  0.782149877995700E+00 -0.623022830468506E+00
 0.791422474156491E-01 -0.186656952666248E+00  0.979232192432086E+00  0.727609397501310E-01  0.205216340661473E-01  0.997138259311081E+00
-0.474335207185724E+00  0.442589385380484E+00 -0.760999833884740E+00 -0.757490382024092E-01  0.301164806541410E+00 -0.950558700192831E+00
-0.221978776334525E+00 -0.272376673503532E+00 -0.936235211145243E+00  0.234364827254248E+00  0.654949627066615E+00  0.718410825190844E+00
 0.518784709755411E+00 -0.841192756772792E+00  0.152503019238912E+00  0.730608766049901E+00 -0.675567167624202E+00 -0.990950705093513E-01
 0.668258070616374E+00 -0.553468227690107E+00 -0.497095636667286E+00  0.381760845657239E+00 -0.510967473545647E+00 -0.770175887509761E+00
 0.497738523135821E-01  0.644093954325113E+00  0.763325318345792E+00  0.333185670659238E+00  0.669412980773911E+00  0.663983109754112E+00
-0.935762789120771E+00 -0.352626713428331E+00  0.155031404846533E-02  0.949978344321225E+00  0.311952624992462E+00  0.150567287621054E-01
-0.381369068522028E+00 -0.570772412449016E+00  0.727170191056929E+00 -0.306128583286463E+00 -0.770351260645431E+00  0.559324794477250E+00
-0.789124427297677E-01  0.651105474524328E+00  0.754873822189424E+00 -0.198561113236503E+00 -0.324843757600928E+00 -0.924689146393527E+00
 0.473975368827507E+00  0.344016688996781E+00  0.810555283393132E+00  0.425773607545498E+00  0.605651246094478E+00  0.672237609199231E+00
 0.660100594627113E+00  0.477634701101139E+00 -0.579769175859632E+00 -0.757306163350550E+00 -0.547472983041459E+00  0.356034700262428E+00
 0.367309210675518E+00  0.592755401660942E+00  0.716746103968974E+00  0.431910934152844E+00  0.414971361080311E+00  0.800781939383233E+00
-0.437842245728222E+00 -0.896434688371292E+00 -0.685493788471582E-01 -0.411931674995715E+00 -0.906145051733959E+00 -0.959866675808986E-01
 0.916872707627392E+00  0.378175010273242E+00 -0.127781452538498E+00  0.929493434153410E+00  0.341327055851033E+00 -0.139777669209954E+00
 0.474084827098674E+00  0.463237224872589E+00 -0.748768889716422E+00 -0.822206063170539E+00  0.369185765409258E+00  0.433219413582523E+00
 0.273719033611815E+00 -0.219338181182515E+00 -0.936466044720342E+00 -0.425141166012913E+00  0.106656869522405E+00  0.898821061805330E+00
-0.851090512214434E-01  0.716188858251840E+00  0.692697602649317E+00 -0.269901099491683E+00 -0.264812093204154E-01 -0.962523839728715E+00
 0.687652302089405E+00 -0.256311428662521E+00 -0.679292840362769E+00 -0.377338858532670E+00  0.502010836765310E+00  0.778203383191987E+00
-0.216101318609387E+00  0.824602950669291E+00 -0.522809902204217E+00  0.265668964224574E+00 -0.708644013719625E+00  0.653638786538239E+00
-0.148046737243717E+00  0.598683234640919E-01 -0.987166625974100E+00 -0.317283949084634E-01 -0.311635388111353E-01  0.999010581928590E+00
 0.807646757202607E+00  0.211493788867198E+00 -0.550433549895635E+00 -0.947361548159533E+00 -0.697374852322476E-01  0.312478447612398E+00
 0.135035708825111E+00  0.280446717938357E+00 -0.950323626844931E+00  0.747065585159924E-01 -0.148664121113066E+00 -0.986061818147512E+00
-0.617488438643429E+00 -0.694950573345330E+00 -0.368445014552644E+00  0.525123651866631E+00  0.650422132892675E+00  0.548813446713542E+00
 0.360468592386978E+00  0.678636152150366E-01  0.930299373122704E+00  0.218708541329874E-01 -0.464481350765751E+00 -0.885312792480893E+00
 0.585028651989506E+00 -0.769320454846357E+00 -0.256685632839734E+00  0.355914616479756E+00 -0.888359547957297E+00 -0.290072575968798E+00
-0.401743541400007E+00  0.581020215929426E-01 -0.913907151755688E+00 -0.523167559727083E+00  0.174480913391110E+00 -0.834177508274715E+00
 0.395786407388037E+00  0.889061808244518E-01 -0.914028889443917E+00  0.155729098987601E+00  0.746222609816603E-01 -0.984977139782693E+00
-0.156922174317592E+00 -0.379496227283720E-01  0.986881582228695E+00  0.207651045815400E+00  0.253835065409774E+00 -0.944695084532669E+00
-0.584664244300084E+00 -0.809380761095536E+00 -0.554121377084763E-01  0.713444112748813E+00  0.699701869236253E+00  0.376137231785589E-01
-0.639287103957995E+00 -0.535915600013601E-01 -0.767098392261136E+00  0.131549240622559E+00  0.698336422384268E-01 -0.988846833287817E+00
 0.895011775543770E-01  0.923334822065065E+00  0.373419798053685E+00  0.227887333362037E-01  0.958188742726230E+00  0.285227991167870E+00
 0.125467060221633E+00  0.471740373091461E+00 -0.872765167267158E+00 -0.169257011018637E+00  0.383580679896102E+00 -0.907864486711250E+00
-0.585450579713248E+00 -0.226047223206027E-01  0.810392895602022E+00 -0.483029452766188E+00  0.317390713820485E+00  0.816054950687096E+00
-0.233342278758460E+00  0.325040623112299E-01 -0.971851257588875E+00  0.920989710734863E-01 -0.419027561913336E+00 -0.903290474810939E+00
 0.464213609767443E+00  0.289225758554506E+00 -0.837170344132693E+00  0.305056834835064E+00  0.672038100773129E+00 -0.674763009233359E+00
 0.600978197642778E+00  0.661739642391481E+00  0.448247533897994E+00  0.410898699925072E+00  0.854176682832371E+00  0.318660403730009E+00
-0.379063961929254E+00 -0.445954415947072E+00  0.810823761161329E+00 -0.372986344931034E+00 -0.276546106653977E+00  0.885665533590144E+00
 0.633108530006427E+00  0.136555557112579E+00 -0.761922679183901E+00 -0.632646444158958E+00 -0.580698134699631E+00  0.512394528707515E+00
 0.132403567852670E+00 -0.977682803392715E+00 -0.163112326848844E+00  0.401376862997712E+00 -0.811466165396493E+00 -0.424757903124624E+00
-0.509832742821810E+00 -0.730058013346981E+00  0.455066886836045E+00  0.874761623428123E+00  0.292686016100517E+00 -0.386169649450345E+00
 0.139963643253017E+00  0.541268242474569E+00  0.829119332940581E+00  0.272701159438705E+00  0.606382825229161E+00  0.746949761970567E+00
 0.303228589888740E+00 -0.150649593073070E+00 -0.940934175370948E+00 -0.126369984094336E+00 -0.618591349933078E-01  0.990052561502609E+00
-0.795963206482711E+00 -0.414782092550586E+00  0.440906327494989E+00  0.591005604874142E+00  0.250544542093410E+00 -0.766772330900478E+00
-0.173393066557026E-01 -0.673817092986972E+00  0.738694709364623E+00 -0.130148126883964E-01 -0.449144327073970E+00  0.893364420663794E+00
-0.661310873656774E+00  0.244786289449238E+00 -0.709046966625617E+00  0.611361831540308E+00 -0.768039772651450E+00  0.190661004301323E+00
 0.905899145089339E+00 -0.386896453690690E+00 -0.172214613340369E+00 -0.489147074133551E+00  0.164633669263745E+00  0.856522559429314E+00
-0.123089628251104E-01  0.871432096123674E+00  0.490361694343746E+00 -0.443078743291608E-01 -0.947666449637981E+00 -0.316172599228612E+00
 0.938427887194042E+00 -0.171858045288395E+00 -0.299696367689330E+00 -0.596964493824046E+00 -0.307964946286592E+00  0.740804282501186E+00
 0.128356953234820E+00  0.157611725334384E+00 -0.979123606391651E+00  0.155459348701002E-01  0.434121994149803E+00 -0.900719944324768E+00
 0.150187808764861E+00 -0.215780218786492E+00  0.964822532530653E+00  0.250303919150415E+00  0.334519505139941E+00 -0.908539844332031E+00
 0.617236483919255E+00 -0.522268978699490E+00 -0.588433714879754E+00  0.423868895712341E+00 -0.739896126592239E+00 -0.522387673190516E+00
 0.473700853491914E+00 -0.502467273539859E+00  0.723280125831239E+00 -0.196218610121973E+00  0.594028095350900E+00 -0.780146703495941E+00
-0.347134543391293E+00 -0.205696027867812E+00  0.914979099708798E+00 -0.861185382050071E-01 -0.666644133872412E-02 -0.996262593866351E+00
-0.600129880527687E+00 -0.789287237815189E+00 -0.129883727694786E+00  0.727168638128872E+00  0.675194269100195E+00 -0.123848579709480E+00
-0.449233960153064E+00 -0.221170277598418E+00  0.865605312687159E+00  0.441179795852640E+00  0.274118660269259E+00 -0.854528728495192E+00
 0.347452353708359E+00  0.747825309997428E+00 -0.565715624346519E+00  0.117169341298817E+00 -0.260788720702386E+00  0.958259144811055E+00
-0.200380536962922E+00  0.595839406683040E+00 -0.777703697978898E+00  0.658036738741882E-01  0.532703223111460E+00 -0.843739979253870E+00
-0.837840488479477E-01  0.188173540835799E+00  0.978555543486400E+00 -0.470340877961898E-01 -0.172670768884837E+00  0.983855985476482E+00
-0.120535750532548E+00 -0.746409476850739E+00 -0.654479965859124E+00  0.209662448198688E+00 -0.892267031994344E+00 -0.399876482718522E+00
-0.791737868230445E+00  0.107330736969022E+00 -0.601357847634499E+00 -0.666014817853689E+00  0.439853914475140E+00 -0.602455638466612E+00
 0.270412415368603E+00 -0.960909044405286E+00 -0.594216626714346E-01 -0.464000948400074E+00  0.810790549137428E+00 -0.356821811711756E+00
-0.297223222510531E+00 -0.426551801579499E-01 -0.953854753935917E+00  0.164218329152928E+00 -0.234916457139456E+00 -0.958043108912781E+00
 0.872886367833085E+00 -0.481537351266669E+00  0.786839766804156E-01 -0.483929489608530E+00  0.862980664479219E+00 -0.145177897154607E+00
 0.253672674823391E-01  0.908867359103196E+00  0.416313133707384E+00 -0.330417100767807E+00  0.802818605202040E+00  0.496293085446138E+00
-0.119890396267175E+00  0.959210163880142E+00 -0.256012020014551E+00 -0.388751944744509E+00  0.918577659282755E+00 -0.713232733683577E-01
-0.168713788614442E+00  0.139461464970457E+00  0.975749023734923E+00  0.680417453872138E-01  0.340891005477860E-01  0.997099921827549E+00
 0.774764361356787E+00 -0.319038701378446E+00 -0.545852078308918E+00 -0.838014807431758E+00  0.214792861581900E+00  0.501592672532775E+00
-0.350262808448079E+00  0.364241661812997E+00 -0.862927561744188E+00  0.486547762987648E+00 -0.539761600582171E+00  0.686970660850002E+00
 0.801810341852381E+00  0.982622837403433E-01  0.589444398813577E+00 -0.863906933884246E+00 -0.452606624636918E+00 -0.220934499165469E+00
-0.717643954113762E+00  0.174948356422681E+00 -0.674077315824355E+00  0.794262003917291E+00 -0.465701707827255E+00  0.390217616798712E+00
-0.516043234490166E+00 -0.666628950203570E+00  0.537871009524974E+00 -0.596031736186086E+00 -0.699963640807773E+00  0.393442589212362E+00
-0.260297710597579E+00  0.673088758187872E+00 -0.692240294593407E+00  0.835308363212311E+00 -0.370232795271203E+00  0.406432793525870E+00
 0.156464868672750E+00 -0.701638946924832E+00 -0.695141376289336E+00 -0.230132606399650E+00  0.420245870613113E+00  0.877742782200076E+00
-0.770148035690575E+00  0.442110419800938E+00  0.459793844918988E+00 -0.896948361627001E+00  0.438658712602541E+00 -0.553368813045972E-01
 0.203520304180009E+00 -0.768707110269586E+00  0.606357043669370E+00  0.262825096521563E+00 -0.901749093154887E+00  0.343178585626739E+00
 0.971435619459585E+00  0.180829895649291E+00  0.153666476775642E+00  0.952142500214356E+00  0.304460670039876E+00 -0.269881396992086E-01
 0.274747138822440E+00  0.131053728360157E+00  0.952543400581719E+00 -0.791679160376391E-01  0.545623363931186E-01 -0.995366963746327E+00
-0.177482447281442E+00 -0.434800398163352E+00  0.882863859643140E+00  0.200868219855786E-01 -0.240836065339343E-01 -0.999508128770766E+00
 0.798139656798836E+00  0.483767303269359E+00  0.359085344357756E+00 -0.525533641122774E+00 -0.727019055578821E+00 -0.441879717653480E+00
 0.936243016348681E+00 -0.272758627312862E+00  0.221476286687147E+00 -0.983576418670413E+00  0.120778210640060E+00 -0.134127001271440E+00
 0.664569554970171E+00 -0.446659511662597E+00  0.599034712890730E+00 -0.621514717479003E+00  0.734895530524688E+00 -0.271381678032677E+00
 0.726055313968148E+00 -0.682861110948526E+00 -0.808973683920525E-01  0.864915679884576E+00 -0.214054663670764E+00 -0.453983994927792E+00
 0.133403226572968E+00 -0.977634939996406E+00  0.162583834492072E+00 -0.142988882651541E+00 -0.905789822078398E+00 -0.398872131963676E+00
-0.362821039399423E+00 -0.149240612850983E+00 -0.919830491365113E+00  0.415581470270953E-02  0.697265905052587E-02  0.999967055072277E+00
 0.526667939575056E+00 -0.204596153721142E+00  0.825082599081013E+00 -0.817720111170494E-01  0.733785972037808E+00 -0.674441610103056E+00
-0.760351858678741E+00 -0.646969962437338E+00 -0.574013824538494E-01  0.340222332508187E+00  0.906523938854480E+00  0.249926214604325E+00
-0.623334803358314E+00  0.404979650320302E+00 -0.668913451612911E+00  0.319140435274616E+00 -0.469685431902481E+00  0.823131203169524E+00
-0.569976714609103E+00 -0.669827986909521E+00  0.475874996985713E+00 -0.704693388880921E+00 -0.604338824678145E+00  0.371728143478755E+00
 0.207737680683145E+00  0.352030322875131E-01  0.977550920690146E+00  0.236342038833362E+00 -0.280631222747958E-01  0.971264589001514E+00
 0.709837610355351E+00 -0.539215030489570E-01 -0.702298397003685E+00 -0.578013621036495E+00 -0.312759333495950E-01  0.815427538098506E+00
-0.218282788640196E+00 -0.204102596677520E+00  0.954303282092728E+00 -0.101730010460272E+00 -0.161277973697664E+00 -0.981651883394377E+00
-0.137493293350261E+00 -0.696304757663373E+00  0.704453886879085E+00 -0.143117089448525E+00 -0.148200482892691E+00  0.978546940917070E+00
-0.680650132011727E+00 -0.706925692979835E+00  0.192279646341985E+00  0.459010445505156E+00  0.840871970284986E+00 -0.286781694859006E+00
-0.219560460145187E+00  0.946691044664569E+00  0.235731351951202E+00 -0.302237420166736E+00 -0.952790896460848E+00  0.290180887084186E-01
 0.385052633776979E+00 -0.901148768311536E+00  0.199161659442809E+00  0.397580444252118E+00 -0.753254452692411E+00  0.523963281010554E+00
 0.731706946335811E-01 -0.218518886518226E-01  0.997080009030964E+00 -0.434087722628574E+00  0.429694524268685E-02 -0.900860358393419E+00
 0.924673407311488E+00 -0.265961759273269E+00  0.272476480480851E+00  0.982559821837800E+00  0.183950471975646E+00 -0.271738913298664E-01
-0.359357854854594E+00 -0.437564036052165E+00 -0.824257026969163E+00 -0.235297429855514E+00 -0.413016871301977E+00 -0.879802354806644E+00
-0.296942607943572E+00  0.874360880632874E+00 -0.383820450219338E+00 -0.363216048692574E+00  0.926729430302104E+00 -0.961595808231885E-01
-0.756898490292829E+00 -0.178263267852684E+00 -0.628750254653562E+00 -0.211844177066331E+00 -0.238961089218336E+00 -0.947638983201238E+00
-0.301018010028416E+00  0.669271947210316E+00  0.679310840717153E+00 -0.560373987061849E+00  0.485809079612281E+00  0.670798429329314E+00
 0.153749831445021E+00  0.381693114259738E-01  0.987372317312925E+00 -0.980649271959869E-01  0.202740749361926E+00 -0.974309734428539E+00
 0.282394649809348E+00  0.781747042294371E+00  0.555989949210468E+00 -0.495206424003442E+00 -0.604404781939903E+00 -0.624071676327248E+00
 0.222112517172255E+00 -0.646253973166195E+00 -0.730083441725883E+00 -0.298176211693555E+00  0.485331641750851E+00  0.821914925217631E+00
-0.442170093860983E+00  0.110322296083090E+00  0.890120553117343E+00  0.420967969274742E+00 -0.109133137702618E+00 -0.900486494679338E+00
 0.192873853613809E+00 -0.285470955172540E+00 -0.938778999735846E+00  0.777379626099115E-02 -0.206780830682926E+00 -0.978356405485124E+00
-0.524287277147904E+00  0.231242392891076E+00  0.819542437431306E+00  0.274857523793192E+00  0.251919368935521E+00  0.927895453792831E+00
 0.199985072732515E+00  0.643035917179360E+00 -0.739263674138984E+00  0.415766963914606E+00 -0.284109093723598E+00  0.863955933240109E+00
-0.770344729379041E+00 -0.529801804171702E+00 -0.354794371734307E+00  0.422270094465933E+00  0.634007062492034E+00  0.647860333737106E+00
 0.605461375032104E+00 -0.485882507828268E-01  0.794390146735279E+00  0.815484616742956E+00  0.121350715845162E+00  0.565914166300386E+00
 0.240181080284581E-01 -0.955525746182625E+00 -0.293928016474903E+00 -0.199875036139518E-01 -0.805021710343737E+00 -0.592908547395403E+00
 0.152272946945794E+00 -0.254858479713579E-01 -0.988009828484324E+00 -0.719466028376523E-01 -0.931723358343315E-01 -0.993047129886238E+00
 0.240122193712723E+00 -0.691341928213523E+00  0.681459955082173E+00 -0.309892858808900E+00  0.433984589359023E+00 -0.845945501943315E+00
 0.206052074552074E+00  0.125045124603719E+00  0.970518551798793E+00  0.203039159146935E+00  0.628751758787583E-01  0.977149841176429E+00
-0.132892729060866E+00 -0.197688023622040E+00  0.971215201631012E+00  0.282426815883861E+00  0.366922910763077E+00 -0.886342299129887E+00
-0.966893323120429E-01  0.952215399498702E+00  0.289718839523045E+00  0.100614626171778E+00 -0.921500851320869E+00 -0.375117152387392E+00
 0.921525036223941E+00  0.371041570847665E+00 -0.114541522232602E+00  0.963707550855609E+00  0.265225717811824E+00 -0.303821499418039E-01
 0.929676834340555E+00 -0.539604777623298E-01  0.364402594022306E+00  0.900457036234135E+00 -0.210554361724843E+00  0.380583744601739E+00
 0.542015925003155E+00  0.801629247637012E+00 -0.252208815024161E+00  0.431373931248220E+00  0.892292191917443E+00 -0.133158460799983E+00
-0.152322725514213E+00 -0.591914767806880E+00 -0.791476275667217E+00  0.437575539671960E-01  0.533085268412232E+00  0.844929211870832E+00
-0.124348191272286E+00  0.267864304380664E+00 -0.955398472767240E+00 -0.136663670745640E+00 -0.109248423952648E+00  0.984574945325235E+00
-0.919262116755694E-01 -0.310663513822919E+00 -0.946064349178308E+00 -0.369893257757320E-04 -0.252102085888589E-02  0.999996821537758E+00
-0.449705669370743E+00 -0.148128113133902E+00 -0.880808079569665E+00  0.520052150637022E+00  0.289915141251350E+00  0.803427016903849E+00
 0.117891114704078E-01  0.174309752085954E+00 -0.984620295940761E+00 -0.296521694722704E+00 -0.191393104403173E+00  0.935651411662320E+00
 0.238566539183705E+00 -0.641427978473658E+00 -0.729147553526106E+00 -0.317054667661519E+00  0.716700138123185E+00  0.621141891783392E+00
-0.570050943518351E+00 -0.821204586126584E+00 -0.257866151036399E-01  0.630338935005802E+00  0.730280427429614E+00 -0.263369178775673E+00
 0.770977581485477E+00 -0.601082987890809E+00  0.210458571968599E+00 -0.954935649800199E+00  0.282845687009201E+00 -0.899790091130417E-01
-0.245582235015693E+00 -0.444934884201544E-01  0.968354116701583E+00  0.187800178245188E+00  0.284275576013375E-01 -0.981795786821220E+00
-0.181921743350257E+00  0.792562454097047E+00 -0.582021679709674E+00  0.382754322921894E+00 -0.855314073489980E+00  0.349194736464596E+00
 0.324080992813726E+00 -0.328164984682361E+00 -0.887287581861312E+00  0.496628856465143E+00 -0.260300461657622E+00 -0.828011744232504E+00
 0.451734808542596E+00 -0.649303605074200E+00  0.611833712039988E+00 -0.162579571766297E+00  0.712522704627358E+00 -0.682553498441552E+00
 0.895478106194521E-01 -0.789656251657306E+00 -0.606979566239092E+00 -0.121509060757314E+00 -0.763617917285745E+00 -0.634131866849519E+00
-0.141237663971995E+00  0.957918410947894E+00 -0.249888455601286E+00 -0.173411823490079E-01 -0.999795569338742E+00 -0.103972556647798E-01
 0.189889289748450E+00  0.600131228869841E+00 -0.777035755788628E+00 -0.634620564296751E-01 -0.263358162772367E+00  0.962608459081303E+00
-0.440933033506600E+00  0.578430921672396E+00  0.686291285691352E+00 -0.593408496041821E+00  0.144372038197666E+00  0.791847884010582E+00
-0.268106917024877E+00  0.202216445364731E+00  0.941927380570004E+00  0.249255511761542E+00 -0.128339379322106E+00 -0.959896188955716E+00
-0.102670873943921E+00 -0.612433173382876E+00  0.783826702647831E+00  0.289141374483248E+00  0.727880220213603E+00 -0.621761731359960E+00
-0.142151712499590E-01  0.318884436101306E+00  0.947686997546493E+00 -0.748294122441725E-01 -0.112686274605362E+00 -0.990808943529860E+00
 0.146451137036926E+00  0.872264416671697E+00  0.466590668433239E+00  0.233394387857333E-01  0.864543371186689E+00  0.502015965816149E+00
 0.369165287413642E+00 -0.130425371956605E+00  0.920166405015302E+00  0.803415020916250E+00  0.143456393800612E+00  0.577879370841238E+00
 0.397144266181302E-01  0.240610354138354E+00  0.969808961496958E+00 -0.588874379735085E-01  0.234302506489191E+00  0.970378588542533E+00
-0.611651388539287E+00  0.744586007178812E+00  0.267346697775523E+00 -0.566101848656513E+00  0.743665871799800E+00 -0.355654000494754E+00
 0.317908469499458E+00  0.160636166884596E+00 -0.934414376446091E+00 -0.547592955316780E-01  0.809014213370695E-01  0.995216750049212E+00
 0.708823071868729E+00 -0.547450257296437E+00 -0.444823637605561E+00 -0.474796316558688E+00  0.505079080994069E+00  0.720738218581815E+00
-0.428681389809469E+00  0.335636596713893E+00 -0.838796960519849E+00  0.518213439827785E+00 -0.514995703354326E+00  0.682813485740021E+00
-0.331374367508446E+00 -0.810592636880948E+00 -0.482836002792635E+00 -0.500316145924550E+00 -0.830249000541677E+00 -0.245703787571032E+00
 0.661057476577793E+00 -0.378448983964547E+00  0.647903834837241E+00  0.834512281255869E+00 -0.290232666459823E+00  0.468352700165961E+00
 0.554703733573368E+00  0.623368940951696E+00  0.551103376342884E+00  0.738867098333100E+00  0.593158245379578E+00  0.319747880272951E+00
 0.359657326482755E+00 -0.484818271568114E+00 -0.797243909390961E+00  0.276664768686941E+00 -0.599971947340795E+00 -0.750659888479127E+00
 0.978387525990921E+00  0.175037553347804E+00 -0.110089526765175E+00 -0.829258533138917E+00 -0.499945163279982E+00  0.249770132180059E+00
 0.413976477855179E+00  0.537797617037793E+00  0.734436654103737E+00  0.742485830653886E+00  0.426694184677458E+00  0.516378605328153E+00
 0.709415456348876E+00 -0.690190301029616E+00  0.142713204217281E+00 -0.837670070822009E+00  0.286118390625998E+00  0.465236626884254E+00
 0.963288737874629E+00  0.218280626701278E+00  0.156295794859625E+00 -0.825404426873332E+00 -0.563619925044317E+00 -0.322507703930434E-01
 0.980897687238614E+00 -0.188742706094803E+00  0.470735389146456E-01  0.769923996271892E+00 -0.637397544104425E+00  0.306824173488286E-01
 0.396985258255495E+00  0.381990287116813E+00  0.834557442766064E+00  0.784286980201758E-01 -0.109061996211980E+00  0.990936133314917E+00
 0.382960714871053E-01 -0.717880188137381E+00 -0.695112542246572E+00 -0.472531922311492E+00 -0.572187530604552E+00 -0.670309639060390E+00
 0.563936584284156E+00  0.709127710793710E-01  0.822767833476591E+00  0.606896123598398E+00  0.388914447942429E+00  0.693125275359998E+00
-0.602038189459864E+00  0.513238155557590E+00 -0.611667077838697E+00 -0.179045897220440E+00  0.592993762397966E+00 -0.785048383506159E+00
-0.593376459669453E+00 -0.800160936382362E+00  0.874462863582381E-01  0.602405247148957E+00  0.798017402179073E+00 -0.166175818568214E-01
-0.554647690552622E+00 -0.802631144529869E+00  0.219429225937012E+00 -0.164696594559129E+00 -0.751578450052574E+00 -0.638752585245020E+00
-0.147229404835073E+00 -0.394610026012500E-02 -0.989094500361137E+00  0.167467229981516E+00 -0.136855923030176E+00 -0.976332516724644E+00
 0.478887133176123E+00 -0.869204864557810E+00 -0.123085405744926E+00 -0.396088157917552E+00  0.896638563978921E+00 -0.197872324349060E+00
 0.458052410570696E+00 -0.886452874276954E+00  0.662517234228822E-01 -0.131579303175286E+00 -0.362404221238373E+00  0.922686332078521E+00
 0.627061831204756E+00 -0.155944312653119E+00 -0.763200387314685E+00 -0.619240150731028E+00  0.272947611059867E+00  0.736234498878805E+00
-0.730192225594783E-01  0.777880986943874E+00 -0.624154919301317E+00  0.233133916474774E+00  0.824987659206265E+00 -0.514824182752229E+00
 0.344934896675955E+00 -0.233660031646729E+00  0.909078053120851E+00  0.562478396109197E+00 -0.160627825207892E+00  0.811059033412124E+00
 0.933877005561751E+00  0.341604529405688E+00 -0.105735916189991E+00 -0.877762954782017E+00 -0.410384879884209E+00 -0.247217405485062E+00
 0.587308551643251E+00 -0.106918247088716E+00  0.802270000440115E+00  0.415050268587695E+00  0.167084508822017E-01  0.909645041878644E+00
 0.126734691714621E+00 -0.391886784609297E+00  0.911242594463509E+00  0.186937180891636E-01 -0.218929314112784E+00  0.975561633279061E+00
-0.319588032645352E+00  0.103737580786571E-01  0.947499801864464E+00 -0.193810795817971E+00 -0.714679820328916E-01  0.978432267951416E+00
 0.979659382580362E+00 -0.191959541020069E-01 -0.199747364108709E+00  0.975608558419993E+00  0.157610448110257E+00 -0.152796882769733E+00
-0.446042720844745E+00  0.633696530625064E+00 -0.632040028997510E+00 -0.316706005220480E+00 -0.660659307238838E+00  0.680607512459262E+00
-0.264358754361429E+00 -0.969818741504319E-02 -0.964375649917259E+00 -0.592065051179834E+00  0.214225400534250E+00 -0.776895393819117E+00
 0.940321474881142E+00  0.200317568250249E+00  0.275078890007323E+00  0.993415208176527E+00 -0.982581709902986E-01  0.589199117211646E-01
-0.998594185708630E+00  0.125569276781382E-01 -0.514973381467821E-01 -0.969910623560799E+00  0.112647976758214E+00  0.215832841885064E+00
 0.870886034469146E+00 -0.363121198665297E+00  0.331210673207377E+00 -0.795944228547400E+00  0.602053810978327E+00  0.632771185228695E-01
-0.446699243695159E+00  0.275315672895749E+00 -0.851270266096575E+00  0.720869976249223E+00  0.415395832071173E+00  0.554790753383960E+00
-0.224047008139531E+00  0.434111855122654E+00 -0.872553628945346E+00  0.312258264841077E+00 -0.480322307599254E+00  0.819625070908014E+00
 0.711727168957821E+00  0.699189926507113E+00  0.676600594018599E-01  0.826804287319306E+00  0.455577515843062E+00  0.329914833750589E+00
 0.157731226086483E+00  0.270557420358592E+00 -0.949694446970266E+00 -0.110577069212954E+00 -0.100397054795890E+00  0.988783668530475E+00
-0.907198083068457E+00 -0.739129762202682E-01 -0.414160005339940E+00 -0.893133671206862E+00  0.306053930379817E+00 -0.329610735649827E+00
 0.409845241349411E+00 -0.590241271167520E+00  0.695443829474238E+00  0.724082475185473E+00 -0.524153549362748E+00  0.448294128691993E+00
-0.339660279416083E+00 -0.596032718766950E+00  0.727582224044999E+00 -0.143095559257003E+00 -0.685784760384816E+00  0.713598572970032E+00
 0.754082362879606E+00  0.444368615522894E+00  0.483628290665648E+00  0.752620513495783E+00  0.322472304148759E+00  0.574085338362107E+00
 0.763810213297969E+00 -0.614576930789222E+00  0.197203332130596E+00 -0.784125101844495E+00  0.542557638477200E+00 -0.301295591715850E+00
 0.200431335619526E+00 -0.311666056690280E+00  0.928811901737324E+00 -0.363072558581998E+00  0.218479547946874E+00 -0.905784193024834E+00
 0.471866601890022E-01 -0.994366482810031E+00 -0.949142611213702E-01 -0.621063658137444E-01 -0.997254842158669E+00  0.403184711577277E-01
 0.830134305655333E-01 -0.185458571593439E-01 -0.996375843508847E+00  0.470714582312400E-01  0.156096923134954E+00 -0.986619495250213E+00
 0.430958517206788E+00 -0.845760680861142E+00 -0.314584848898076E+00 -0.330182293515433E+00  0.611128977817882E+00  0.719375441282339E+00
 0.101269126714631E+00 -0.515633262103282E+00 -0.850803680638009E+00 -0.416789947193081E-01 -0.125472832581390E+00 -0.991221181010167E+00
-0.957789486488631E-01 -0.216091691817221E+00  0.971663920151042E+00 -0.494720454510574E+00 -0.921348113951127E-01 -0.864154412369710E+00
 0.456893934846717E+00 -0.324875556045700E+00  0.828072343086207E+00 -0.407431334737284E+00  0.366790123438813E+00 -0.836340070080309E+00
-0.405907211506643E+00  0.291353019520574E+00 -0.866229042264888E+00  0.661417343360064E-01 -0.137420163094812E-01  0.997715604752564E+00
-0.452756330970309E+00 -0.499207119931758E+00 -0.738785460181604E+00 -0.280367299224367E+00 -0.310691181212423E+00 -0.908220880316272E+00
-0.907883086779813E+00  0.220828893766227E+00  0.356346601523211E+00 -0.561894502860035E+00  0.620667146122663E+00  0.546851772768109E+00
-0.894149728792862E+00  0.440385182431971E+00  0.809762532722528E-01 -0.817017880792632E+00  0.552912493650031E+00  0.163614048390779E+00
-0.220068339848224E+00  0.563232291689150E+00 -0.796454211737897E+00  0.892346964548527E-01 -0.521006986207207E+00  0.848875072829856E+00
-0.182480269815159E+00  0.417819780986266E+00  0.890015495227344E+00  0.249731309872738E+00  0.161188158564526E-01 -0.968181004071363E+00
 0.472739240439555E+00 -0.269707311125318E+00 -0.838913330967022E+00 -0.306073417281468E+00  0.792200996374838E-02  0.951974949771147E+00
 0.766550490110107E+00 -0.560245358884543E+00  0.313887693228462E+00 -0.423774658940620E+00  0.383174372173544E+00 -0.820726774846033E+00
 0.832329607570357E+00  0.553718869739055E+00 -0.249567156629170E-01 -0.505775799704350E+00 -0.527408386691927E+00  0.682664803604554E+00
 0.242012417336308E+00  0.289835052555450E-01 -0.969840165325266E+00  0.202300050367599E-01 -0.362370323808560E+00 -0.931814624975962E+00
-0.927542879483441E+00 -0.655200416523287E-01  0.367928431711175E+00  0.448436682603448E+00 -0.347718432945223E-01 -0.893137985201344E+00
 0.188823197956003E+00  0.393857800567038E+00  0.899567581033334E+00  0.716049679625408E-01 -0.146737934014947E+00 -0.986580309596795E+00
 0.352154200847537E+00 -0.477249779480509E+00  0.805121150393677E+00  0.471626823694856E+00 -0.705203042906325E+00  0.529392866826859E+00
 0.677029139093472E+00  0.374809747099032E+00 -0.633363401451262E+00  0.732372947335898E+00  0.185065050922761E+00 -0.655271541376158E+00
-0.503647456615623E+00  0.126575277035492E+00  0.854586413821330E+00 -0.457959912153305E+00  0.566722169455629E+00  0.684907805115434E+00
 0.573389678657110E+00 -0.489966392358027E+00  0.656625624514575E+00  0.416329886054856E+00 -0.312764654345577E+00  0.853725773869832E+00
 0.187185034722612E+00  0.455466390629446E+00 -0.870351727626756E+00 -0.459767685796513E+00 -0.213235821380848E+00  0.862058095244952E+00
-0.165016004414425E+00 -0.386488538926030E+00  0.907411884188168E+00 -0.260652810462792E+00 -0.653970082584544E-01  0.963215107703721E+00
-0.417961065346490E+00 -0.340614856759080E+00  0.842193604350816E+00  0.378671046581856E+00  0.652629804924407E+00 -0.656264105528355E+00
 0.703401077596915E+00 -0.191440861571065E+00  0.684527078030101E+00  0.430377731307232E+00 -0.384091288661247E+00  0.816853040864379E+00
-0.445553447738182E-01  0.510759886700037E+00 -0.858568086636262E+00 -0.139597257087708E+00 -0.379253505326270E+00  0.914701800868089E+00
 0.130680631331504E+00  0.610608314878221E+00  0.781076218045575E+00 -0.524901181506548E+00 -0.574879428016946E+00 -0.627688133467519E+00
-0.680402808304075E+00  0.724929424363911E+00  0.107374802180664E+00  0.487139680064763E+00 -0.854697845785003E+00  0.179406032554301E+00
 0.665709489214235E-01 -0.224830330613607E+00  0.972121201906366E+00  0.226147381659556E+00 -0.112039723269583E+00  0.967628266525014E+00
-0.575118126116375E+00 -0.728144892700630E+00  0.372886251082523E+00 -0.312802539968545E+00 -0.805713273943921E+00  0.502971859232498E+00
 0.806458737265209E+00 -0.442798859331340E+00  0.391858999212049E+00  0.751231703628089E+00 -0.321063467102661E+00  0.576688111162401E+00
-0.282936779263010E+00  0.363116285277166E+00  0.887746215033771E+00  0.400413874704541E-02  0.675573791944724E-02  0.999969162963568E+00
-0.651617244603357E+00  0.541598267073766E+00 -0.531099127883131E+00 -0.493029091237562E+00  0.596461591376000E+00 -0.633368680317138E+00
-0.676525100862067E-02 -0.390176295618360E+00 -0.920715314153254E+00 -0.629475439624020E+00  0.510825519070847E-01 -0.775339437795348E+00
 0.745714826597864E+00 -0.661625997954935E+00 -0.784884464252747E-01  0.893174399780285E+00 -0.449565041893276E+00  0.114352387217784E-01
 0.429947292954532E+00 -0.635761755530608E+00 -0.641055625890381E+00 -0.789629206423008E-02 -0.184602498875073E-01 -0.999798413554316E+00
 0.559336664404131E-01 -0.533952533157453E+00  0.843662324211098E+00 -0.573173468075503E+00  0.579097559224766E+00 -0.579757011509322E+00
 0.430858046840522E+00 -0.355711639351638E+00 -0.829355516713153E+00  0.224494819816995E-01 -0.371113223940187E+00 -0.928316215400482E+00
-0.827001264044031E+00 -0.246313625181740E+00 -0.505369673921382E+00 -0.852575372011527E+00 -0.789701959926701E-01 -0.516603274461444E+00
 0.211604492782007E+00  0.951333869677259E+00 -0.224025460694451E+00 -0.978848632556598E-01  0.893695331250783E+00  0.437866656010678E+00
 0.901754896107697E+00  0.780126453557865E-01  0.425149543702434E+00 -0.936768793495231E+00 -0.108499133846920E+00 -0.332704321414611E+00
-0.385273804350023E+00 -0.921771428018366E+00  0.436065381639358E-01 -0.480596027832230E-01 -0.981382471805573E+00 -0.185953538856086E+00
 0.291789886085435E+00 -0.939087818804841E+00 -0.181583950145971E+00  0.231458199439189E-01  0.998636073812957E+00 -0.468002467789061E-01
 0.251058245721066E+00 -0.119245385650047E+00 -0.960598925283925E+00 -0.147923019088898E+00  0.822494598275125E-01  0.985572831799714E+00
-0.432627300047294E+00  0.895510799290627E+00 -0.104374458598122E+00 -0.678832859022441E+00  0.694039319491810E+00 -0.239781926989428E+00
-0.194016443523109E+00  0.952710332308784E-01  0.976361126771117E+00  0.160314021097867E+00 -0.570247675747068E+00  0.805677977199637E+00
-0.835892902852239E-01  0.994078575936496E+00 -0.694306518310276E-01 -0.438746882398512E+00  0.897651934417249E+00 -0.414991303831481E-01
-0.736469493885901E+00 -0.647793418186620E+00  0.194875272750392E+00  0.696425335861846E+00  0.717159409411221E+00 -0.259640725361735E-01
 0.634874551532895E+00 -0.365447525199800E+00  0.680721977125204E+00 -0.560174634244841E+00  0.595530810434957E+00 -0.575801556937233E+00
 0.827373007589410E+00  0.556905129870944E+00  0.728737444892316E-01  0.905710188531203E+00  0.310970717317176E+00  0.288073371490689E+00
 0.211552932171577E+00  0.393428802189916E+00  0.894683818170987E+00 -0.612778586697838E-01 -0.706085337299396E+00 -0.705470424956032E+00
 0.374301450876494E+00 -0.487395623740653E+00 -0.788887780251546E+00 -0.655421458914050E+00  0.578501259057257E+00  0.485550207974569E+00
-0.106249122675115E+00 -0.491146530123383E-01  0.993125810152090E+00 -0.926641325773353E-01  0.134764407654096E-01  0.995606219384947E+00
-0.256035581682880E+00  0.246376114586511E+00 -0.934743061527372E+00  0.187122944236674E+00 -0.139707720514041E+00  0.972351148798092E+00
-0.939749742047217E+00  0.138320355998779E+00  0.312630615005249E+00 -0.821300114463204E+00 -0.473149204704993E+00  0.318741199203619E+00
 0.446343239748735E+00  0.892839165274007E+00 -0.601326640306079E-01  0.346339982879360E+00  0.849437028258315E+00 -0.398127305372048E+00
-0.122079925234750E+00  0.956007913396207E+00  0.266730878187189E+00 -0.208170760179113E+00 -0.892884132349372E+00 -0.399277924264740E+00
 0.437160504561613E+00  0.682166901204874E-01 -0.896792716540696E+00  0.308520547110905E+00 -0.318562583366022E-01 -0.950684096225018E+00
-0.451377510562939E+00 -0.604710264342241E-01  0.890281751986412E+00  0.478972709942568E+00  0.473493911268813E+00 -0.739181073297764E+00
 0.161278993235764E+00  0.126059337684311E+00  0.978824871835331E+00  0.442239432266483E+00  0.249028641574412E+00  0.861631603543081E+00
-0.130900032629276E+00  0.400032934079105E+00  0.907104642866366E+00  0.293347221296015E+00 -0.217615334327899E+00 -0.930908681892732E+00
-0.206291669074016E+00 -0.754037623687730E+00 -0.623595228761428E+00  0.351810818855977E+00  0.928196418964963E+00  0.121163342461757E+00
-0.190440905341900E+00 -0.963595094528411E+00  0.187661278300397E+00  0.180801426233000E+00  0.772292067026809E+00 -0.608995736832018E+00
 0.683870534920620E-01 -0.361893107319450E+00 -0.929707798068483E+00 -0.145834320981944E+00  0.257580563809360E+00  0.955188255775471E+00
 0.121003447003045E+00 -0.697710121832028E+00  0.706086929284573E+00 -0.336237809875669E+00  0.697207406076661E+00 -0.633123975317526E+00
-0.339761898677060E+00  0.936597878276731E+00 -0.857103646876237E-01 -0.288869996845421E+00  0.950909318371403E+00 -0.111020687968325E+00
-0.493396626365648E+00  0.465446128031520E+00  0.734792263834795E+00 -0.459547110552478E+00  0.455194329159318E+00  0.762636594902229E+00
-0.205121934150950E+00 -0.157973972239899E-01  0.978608928209385E+00 -0.434704829829726E+00  0.206731927437796E+00  0.876523599853742E+00
 0.810151272127338E+00 -0.569844047869325E+00  0.137596065998850E+00 -0.748564029332738E+00  0.658661167772096E+00 -0.762716202675359E-01
 0.244789016643339E-01  0.710162263362767E+00  0.703612352839815E+00  0.186243324380381E+00  0.639658768947014E+00  0.745754707281781E+00
 0.769034364264775E+00  0.484348090546551E+00 -0.417124770019455E+00  0.707005588922903E+00 -0.393078898091255E+00 -0.587904819768595E+00
 0.478259134023727E+00  0.711003900472190E+00  0.515501362011982E+00  0.702199651804006E+00  0.622609029394914E+00  0.345360167828104E+00
 0.376900933387787E+00 -0.834178536760714E+00  0.402606327842930E+00  0.130992764669391E+00 -0.954238846985211E+00  0.268829162310574E+00
 0.292958327624748E-02 -0.806568828741576E+00  0.591132930942161E+00 -0.216916759631690E+00  0.829289712888433E+00 -0.515000671347434E+00
 0.423731522900064E+00  0.876165690141057E+00 -0.229750473166951E+00 -0.250853639379269E+00 -0.926058691991940E+00  0.281935720681776E+00
-0.415743968045934E+00  0.900249585390100E+00  0.129258025044386E+00 -0.530534295199507E+00  0.832687546153520E+00  0.158634208473429E+00
 0.273117501687232E+00 -0.686822976953355E+00 -0.673558481945744E+00  0.311749547566489E+00 -0.557578095579448E+00 -0.769362649809623E+00
-0.348476417334478E+00  0.690267899052095E+00  0.634109149989127E+00  0.155222847717637E+00  0.785836905442322E+00  0.598636973124164E+00
-0.765498743335975E+00  0.639486729692449E+00 -0.711926716614805E-01  0.726630769747662E+00 -0.684184648601205E+00  0.624427023307498E-01
 0.219024123737991E+00 -0.254167240216829E+00  0.942033676267131E+00  0.741739733808781E-01 -0.253876606077148E+00 -0.964388350489387E+00
-0.872623309602794E+00  0.406400795476499E+00 -0.270863347416987E+00 -0.871005878818288E+00  0.446845002484315E+00 -0.204152645877479E+00
 0.656201742266696E+00  0.250585556675387E+00 -0.711762707811978E+00  0.896351038963280E+00  0.308753814299016E+00 -0.318160175234516E+00
-0.420319170401600E+00 -0.895572735137254E+00  0.145881016831144E+00  0.348404122417065E+00  0.926996719631750E+00  0.138894381724999E+00
 0.933170186617561E+00  0.157898734314848E+00  0.322895327482322E+00  0.921789387863247E+00  0.346987179435731E+00  0.172928371674333E+00
-0.752344557453923E+00  0.118914301415063E+00 -0.647948343456813E+00  0.445028178673970E+00 -0.307350502141777E+00  0.841121625580586E+00
 0.459177496498347E+00 -0.888043354553161E+00  0.231306537624707E-01 -0.356101190839470E+00 -0.482222289636629E+00  0.800408399044087E+00
 0.561324082953756E+00  0.602871505147884E+00 -0.566975504035976E+00  0.439436029335353E+00  0.478329909663881E+00 -0.760326557239008E+00
-0.734572611633870E+00  0.298937093028351E+00 -0.609130275597228E+00  0.101698080635920E+00  0.125826228539013E+00 -0.986825851205073E+00
-0.433549934163168E+00  0.565488678826912E+00  0.701610296892588E+00  0.136992844379785E+00 -0.672027019144123E+00 -0.727744904570963E+00
 0.180874635087215E+00  0.618565539051727E+00 -0.764631310030993E+00  0.686113169041441E-01  0.239411754871094E+00 -0.968490835693463E+00
 0.229137689254544E-01  0.188337210889325E+00  0.981837081285923E+00 -0.830220507348572E-02 -0.321518025824230E-01  0.999448515423190E+00
 0.940152148687442E+00 -0.111995586471091E+00  0.321824371248330E+00  0.908282284160703E+00  0.181431690749347E+00 -0.376969274439774E+00
-0.830471452112226E+00  0.401785934832118E+00  0.385856488603848E+00  0.849992576223785E+00 -0.393335690513532E+00 -0.350427817007576E+00
 0.801835162038167E+00  0.529898843955768E-01  0.595191099623449E+00 -0.528786386750617E+00 -0.273781997212086E+00 -0.803385570688066E+00
-0.220497961281594E+00  0.127765702812931E+00  0.966983233699209E+00 -0.579167442139330E-01 -0.746807448628150E-01 -0.995524202160044E+00
 0.964524394486355E+00  0.254091571485123E+00  0.716251753292877E-01  0.908597750986433E+00  0.375329480719400E+00 -0.183242756487949E+00
 0.609517227593882E+00  0.269344764621357E+00 -0.745615280850208E+00  0.344089182741805E+00  0.121057185946911E+00 -0.931100312560732E+00
 0.572531802583349E+00  0.476572171701542E+00  0.667147884797918E+00 -0.946830628779198E+00 -0.320757827378838E+00 -0.250235205515827E-01
 0.712560768424883E+00 -0.200812533906226E+00  0.672258490112175E+00 -0.479164111680391E+00 -0.178710700012770E+00 -0.859339420589145E+00
-0.960977510545308E+00 -0.175242409043623E+00 -0.214038132814527E+00  0.721391095220068E+00  0.251656503721491E+00  0.645185160920387E+00
-0.386110052402554E-02 -0.895270488915431E+00  0.445506277823184E+00 -0.442017707081674E+00 -0.879643481443117E+00  0.175635110900107E+00
-0.281046072908581E+00  0.686169920467169E+00  0.670957483860746E+00  0.346924966029784E+00 -0.246269793332133E+00 -0.904983014667890E+00
-0.682045457716371E+00  0.665900352141798E+00 -0.302308972122719E+00 -0.370253340966588E+00  0.613508920823309E+00 -0.697509331531341E+00
-0.430605007770138E+00 -0.791337129229908E+00  0.434010224747583E+00 -0.358693426578826E+00 -0.903312360442814E+00  0.235299394815142E+00
-0.849059265832734E+00 -0.521587770051970E+00  0.839318845004241E-01  0.987858388452369E+00  0.859807250318601E-01  0.129395205812598E+00
 0.390222822371226E+00  0.838656848268241E-01 -0.916892957661450E+00 -0.374268470241336E+00  0.315484930106057E-01  0.926783580331444E+00
 0.857628723377329E+00  0.230185364077024E+00 -0.459877887055794E+00 -0.845099704276893E+00 -0.451288375808020E+00  0.286609999287650E+00
-0.216340152862793E+00 -0.400095550633278E+00  0.890573123680901E+00  0.184202221365973E-01 -0.514997356417888E+00  0.856993826289913E+00
-0.297457891988116E+00 -0.771719922167815E+00  0.562109566030758E+00 -0.145832428911472E-01  0.513420676391002E+00 -0.858013133979302E+00
-0.649065390705526E+00  0.325532975337992E+00 -0.687562652094976E+00 -0.251621706011380E+00  0.546786489497615E+00 -0.798568126064895E+00
 0.779844124480020E+00 -0.277446050224031E+00 -0.561129958858976E+00 -0.487995324072358E+00  0.310133239535474E+00  0.815890885730896E+00
 0.876938134092468E+00  0.440202755182591E+00 -0.192875719840720E+00 -0.943511987254034E+00 -0.305854704435584E+00  0.127428527742279E+00
-0.557299406283739E+00 -0.244042928269377E-01  0.829952891583257E+00  0.257909334989805E+00 -0.201364433997055E+00 -0.944952453643125E+00
-0.319946846557141E+00  0.148948371704370E-02  0.947434323220559E+00  0.586331107608838E+00 -0.410565750646330E+00 -0.698320554363402E+00
-0.283395970034864E+00  0.127062478843198E+00  0.950548184280113E+00  0.394769335334170E+00 -0.323686412216799E+00 -0.859874571333537E+00
-0.262147850661878E+00  0.329567809417428E+00 -0.907008028293661E+00 -0.385062484361888E+00  0.737688683922783E+00 -0.554564954490746E+00
-0.101848762099102E+00  0.581732568283335E+00  0.806978344602478E+00  0.252451132425827E+00  0.407734307299412E+00  0.877508495906442E+00
-0.206162907364970E-01  0.857341888988082E+00  0.514334379506772E+00  0.235783251202903E-01 -0.995895243033000E+00 -0.873883715877782E-01
 0.288694819832661E+00  0.184648276818883E+00  0.939446813220208E+00 -0.175344380170694E+00 -0.122290668622718E+00 -0.976882460028003E+00
-0.774400899946005E+00  0.483737391069433E+00  0.407800665330693E+00  0.648854243809763E+00  0.217541829718473E-01 -0.760601686701580E+00
 0.223272022826017E+00  0.388118229611529E-01  0.973983185800253E+00  0.497540351458499E+00 -0.258557661993949E-02  0.867436979534592E+00
 0.450040653717995E-01  0.659018964495840E+00 -0.750778688119769E+00 -0.203516059101752E-01  0.574631658091232E+00 -0.818159073564669E+00
 0.187008107538482E+00 -0.836100036537342E-01  0.978793816390305E+00 -0.219241127421465E-01 -0.129681813346313E+00  0.991313250475187E+00
-0.192684431810330E+00 -0.463776466230013E+00 -0.864745106438384E+00 -0.332709659174416E+00  0.352658950912992E+00  0.874606166816237E+00
 0.502342870419597E+00 -0.832011265624466E+00  0.235390939529487E+00  0.207099901580789E+00 -0.901769502449528E+00  0.379369734187056E+00
-0.360663661911699E+00  0.899127441855743E+00  0.247974930745814E+00  0.493170640098890E+00 -0.786712785022983E+00 -0.371302725044988E+00
-0.272653003140544E+00 -0.775925951768187E+00 -0.568857853291202E+00  0.237452867289588E+00  0.536005088537415E+00  0.810132508221927E+00
-0.920519381600734E-01  0.721794072676365E+00  0.685959005575581E+00 -0.254100495097401E-01 -0.278910498594274E+00 -0.959980866037343E+00
-0.985085457892350E+00 -0.344685317816695E-01 -0.168578056003249E+00 -0.883642545720919E+00 -0.237750234342552E+00  0.403299736501172E+00
 0.305695470631360E+00 -0.429783969328849E+00  0.849609333131063E+00 -0.510256583176844E-01  0.469818419583891E+00 -0.881287146628692E+00
-0.694167424038352E+00  0.705595167741295E+00 -0.142362377979906E+00 -0.488208149574421E+00  0.869616026390650E+00  0.736258740773708E-01
 0.688869255779868E+00 -0.559503353504683E+00  0.460885176435850E+00 -0.630170061286989E+00  0.563803357369562E+00 -0.533864653331126E+00
 0.243775236817038E+00 -0.140981295918724E+00  0.959530045447184E+00  0.819166265335589E-01 -0.229896537542727E-01 -0.996373997110332E+00
 0.533927843091601E+00 -0.789900480519606E+00  0.301626075209766E+00  0.508760603323568E+00 -0.857529099764569E+00 -0.762003383378705E-01
-0.469670666768588E+00  0.848021009513187E+00 -0.245499149084849E+00 -0.170484425257799E+00  0.979688719780078E+00 -0.105570228190481E+00
 0.593029243302830E+00  0.733415514261255E+00  0.332292040272668E+00 -0.490228770119542E+00 -0.785635934237282E+00 -0.377428048483675E+00
 0.546446879886973E-01  0.748740229624422E+00  0.660607316502463E+00  0.387635339210302E+00  0.762962175549534E+00  0.517327326241363E+00
-0.641570181746672E+00  0.762838904508363E+00 -0.804021620481886E-01  0.634040805302474E-01 -0.986661466406373E+00 -0.149930228042709E+00
-0.230862103734664E+00 -0.198688073909412E+00 -0.952483983248733E+00  0.280191749614504E+00 -0.874061079754801E-01 -0.955956461213868E+00
-0.532139043375202E+00 -0.513794189810022E+00  0.672936526749134E+00  0.683816531646289E+00  0.461319727605075E+00 -0.565313240575187E+00
 0.332526887047774E+00  0.464834179855768E-01  0.941947536353641E+00 -0.490451864268478E+00  0.215553719650329E+00 -0.844389461552240E+00
-0.349929601776294E+00  0.431787632499978E+00 -0.831329485956530E+00  0.897993053803545E-01  0.512101026946283E+00 -0.854218135462932E+00
-0.324584671399529E+00 -0.177908252524460E-01 -0.945689313479483E+00  0.175139174145820E-01 -0.119141814335362E-01 -0.999775632318354E+00
 0.492126338973852E+00 -0.972643442787846E-01 -0.865073010687659E+00 -0.344043336289970E+00  0.934764509068323E-01  0.934289214258802E+00
 0.665832564794694E+00  0.476553618497955E+00 -0.574076340180838E+00  0.653887218088335E+00  0.466913187900267E+00 -0.595334847783588E+00
-0.619141628125519E+00 -0.784070421017194E+00 -0.435570798837757E-01 -0.108423418940704E+00 -0.932152804094626E+00  0.345449724335877E+00
 0.485342638484672E+00  0.752531625879878E-01 -0.871079493955198E+00  0.101409715985173E+00 -0.511872157291442E-03 -0.994844614746796E+00
 0.443855773201486E+00 -0.249170432787521E+00  0.860759053405882E+00  0.423843126899554E+00 -0.452043918366054E+00  0.784865147428699E+00
 0.890917444840355E-01 -0.658117943377738E+00 -0.747625195983287E+00  0.113067312628119E+00 -0.662492044410491E+00 -0.740486376584920E+00
 0.790449340955345E-01  0.925357487822346E+00 -0.370763291231682E+00 -0.433159124088943E-01 -0.914589322066285E+00  0.402057338814401E+00
 0.259856889919211E+00  0.303876571409970E-01 -0.965168890430580E+00  0.704820657146428E-01 -0.112518527549074E+00 -0.991146739575319E+00
 0.200396354633083E-01 -0.724616449771597E+00  0.688860953844028E+00 -0.265021383317348E-01  0.483353280971977E+00 -0.875024138202753E+00
 0.381558283478893E+00 -0.801430663020689E+00 -0.460567224929064E+00 -0.290974323829298E+00  0.896943489955198E+00  0.332905870628729E+00
-0.661417498828050E+00 -0.118564543423800E+00  0.740587159817635E+00 -0.518424358880395E+00 -0.369859944314238E+00  0.770999225493334E+00
 0.246691453925055E+00 -0.413841482076002E+00 -0.876286799098035E+00 -0.175996846777504E+00  0.548110881258124E+00  0.817679382014013E+00
-0.206110956840380E+00  0.125693084546548E-01 -0.978447896392708E+00  0.170638807729266E+00 -0.201273112638611E+00  0.964557686935053E+00
-0.477680552171361E+00  0.877614690632110E+00  0.401714433891692E-01  0.388750005976537E+00 -0.900943156801078E+00  0.192807834556976E+00
-0.386769021540169E+00  0.541582606995140E+00  0.746389981026814E+00 -0.402595230968698E+00  0.272948119923508E+00  0.873737033569874E+00
 0.969282162234590E+00 -0.204661993712113E+00  0.136402193177460E+00 -0.962823806413341E+00  0.267622978724400E+00  0.367186473389852E-01
 0.600471329690481E+00 -0.799646064089011E+00 -0.595320669114302E-03 -0.514387737373094E+00  0.825342124291489E+00 -0.232842507953771E+00
 0.630194162982918E+00  0.354514917217731E+00 -0.690778177429169E+00 -0.510053357462291E+00 -0.417702032863509E+00  0.751911287508796E+00
 0.402694417593435E+00 -0.836632340960438E+00  0.371326718804534E+00 -0.432580818538569E+00  0.776919138081135E+00 -0.457460914522507E+00
 0.298352844814189E+00  0.187873195938317E+00 -0.935782689644986E+00  0.377994556584651E+00  0.560743706331063E+00 -0.736672662043649E+00
 0.548694348691964E+00  0.435859930763422E+00 -0.713414768888622E+00 -0.432932076983456E+00 -0.326826498329611E+00  0.840091814451489E+00
-0.729161651293487E+00 -0.359781286122969E+00  0.582134617110732E+00  0.648196845426846E+00  0.358972676726710E+00 -0.671550047980302E+00
 0.738697891623944E-01 -0.178493386788299E+00 -0.981164290586417E+00  0.148874229029047E+00  0.292751467100492E+00 -0.944527946882207E+00
-0.228352057908991E+00 -0.769650990126027E+00  0.596232078176573E+00 -0.441279013595777E+00 -0.866638785550806E+00  0.232830512474123E+00
 0.434019297996269E+00  0.514814411257298E+00  0.739319532359742E+00 -0.117967839224571E+00  0.354156079897632E+00  0.927716044908262E+00
-0.500667624626130E+00  0.636770584298938E+00  0.586391637579202E+00 -0.716544524178039E+00  0.677701448927805E+00  0.165180782755204E+00
 0.276262672953373E+00  0.367651103090856E-01  0.960378707696406E+00 -0.987263845248877E-01 -0.233284715880724E+00 -0.967383761666017E+00
-0.233099664379724E+00  0.113414599124727E-02 -0.972452189148099E+00  0.357669839347039E+00 -0.157286572618269E+00 -0.920507045109086E+00
-0.571768819141992E+00 -0.553211511275252E+00  0.605836150497413E+00 -0.521214737777896E+00 -0.288498635512637E+00  0.803183499849484E+00
 0.611117832150479E+00  0.640091085103508E+00  0.465637625196581E+00  0.726940473856429E+00  0.567474917176103E+00  0.386690788415454E+00
 0.759464250371509E+00  0.450979149265321E+00 -0.468862303171805E+00 -0.671801811517862E+00 -0.335789674967239E+00  0.660248150490946E+00
 0.742306238033848E-01  0.607148337661739E+00 -0.791113588913973E+00 -0.291592059603753E+00  0.126207858758401E+00  0.948180176529578E+00
-0.319181897077774E+00 -0.894809525567206E-01 -0.943459631201768E+00  0.701591162895715E-01 -0.898714926456975E-01  0.993479145836036E+00
-0.439190502461629E+00  0.450925590257592E+00  0.777031411590512E+00  0.337483235888486E+00 -0.248795820818562E+00 -0.907857755949386E+00
-0.668379234663562E+00  0.339295310330221E+00  0.661927406184749E+00 -0.497708540358358E+00  0.728253594635514E+00  0.471097559699479E+00
 0.105782850859670E+00  0.748942547922951E+00  0.654136872813847E+00  0.456998645095042E-01  0.448799410251282E+00  0.892463227109058E+00
 0.298662122150890E-01  0.468165013409234E+00 -0.883136189716770E+00  0.217045198374292E+00  0.574191466247698E+00 -0.789427350647913E+00
 0.502118301643474E+00  0.332801394659235E-01 -0.864158343980894E+00  0.975187548076512E-01  0.204348315645988E-01  0.995023874145586E+00
 0.495205590662420E+00  0.188546599592226E+00 -0.848069338414550E+00 -0.853414180969841E-02  0.202838454977917E-01 -0.999757837696406E+00
-0.238114280361209E+00 -0.962777898205134E+00  0.127907420487507E+00  0.361268023131413E+00 -0.931386988673417E+00  0.447626271859086E-01
-0.979614402592002E+00  0.125740894113788E+00 -0.156667960291119E+00 -0.877742354814797E+00  0.352975173109336E+00 -0.324001366868426E+00
 0.238935934956194E+00 -0.861635429328255E+00 -0.447765570262971E+00 -0.154449511830660E+00  0.977475040701999E+00  0.143832865159174E+00
 0.259302964930100E+00 -0.926623964383518E+00 -0.272268251929290E+00 -0.442803617698445E+00  0.766198019846387E+00  0.465688254668984E+00
 0.267188737725882E+00 -0.192566597223047E+00  0.944207754716295E+00 -0.341651188069478E+00  0.140158605453348E+00 -0.929316970149629E+00
 0.282590427044427E+00 -0.253572276879304E+00  0.925118236195295E+00 -0.434921037699444E-01  0.106316297477080E+00 -0.993380733556087E+00
-0.490895003937179E+00  0.392770458284645E+00  0.777658962661903E+00  0.413864336994138E+00 -0.950955365570698E-01 -0.905358022823747E+00
 0.957389458541459E+00  0.215983081804293E+00  0.191720455476229E+00  0.951535044611661E+00  0.300517638999698E+00  0.653468249108724E-01
-0.465808134645020E+00  0.859720205491033E+00  0.209532694272238E+00  0.162221127881655E+00 -0.696329897381972E+00 -0.699148753614577E+00
-0.759023762502958E+00  0.387343331412539E+00  0.523304950832772E+00 -0.881289701876030E+00  0.151809182371979E+00  0.447529254367587E+00
 0.279445761756226E+00  0.943826661616959E+00  0.176355603986573E+00  0.541682937420148E+00  0.807954301549088E+00  0.231925509412407E+00
 0.221540046636690E+00  0.756244059186028E+00 -0.615641885093966E+00 -0.198418871385477E+00 -0.753656573351251E+00  0.626603320229445E+00
-0.749750213030382E+00  0.174579581328468E+00 -0.638276262948947E+00 -0.221259302404825E-01  0.119632252045239E-01  0.999683612176222E+00
 0.302365813473462E+00 -0.393084911143283E+00  0.868365802800875E+00 -0.378905338055940E-01  0.465949231993724E+00 -0.883999785436844E+00
-0.159482793489535E+00 -0.893079932375955E-01  0.983152745469720E+00  0.600735165141458E-02 -0.212359155158890E-01  0.999756444149443E+00
 0.231603588336973E-01 -0.637260652978214E+00 -0.770300238831895E+00  0.440015841364418E+00 -0.387980011229895E+00 -0.809850338170217E+00
 0.386531425957676E+00 -0.115729338373093E+00  0.914986435411395E+00 -0.384794239104337E+00  0.128665551541847E+00 -0.913990464610297E+00
 0.299489107158531E+00 -0.618565753382745E+00  0.726417705893395E+00 -0.338004528884504E+00  0.838436805779575E+00 -0.427523872044249E+00
 0.932045594860963E+00 -0.141098162263862E-01 -0.362066184814781E+00 -0.963495749149859E+00 -0.109643845345404E+00  0.244242028627395E+00
-0.667096969024378E+00  0.208301715274692E+00  0.715256617817766E+00 -0.417910316355867E+00  0.436060272053042E+00  0.796995863615594E+00
-0.180735294312591E+00 -0.895866287844889E+00  0.405904357814447E+00 -0.405252701951207E+00 -0.872932617763377E+00  0.271585884033069E+00
-0.240363654687587E-01  0.431038831862673E+00 -0.902013180924489E+00  0.571332524873361E-01  0.423268208959661E+00 -0.904201202578441E+00
-0.676409372806850E+00  0.380698731067251E+00  0.630506809275546E+00  0.675955500922068E+00 -0.266986946575422E+00 -0.686878541760863E+00
 0.973216202342138E+00  0.203017157624554E+00  0.107862213999128E+00 -0.924953585021351E+00  0.273998751721512E+00  0.263411369555687E+00
 0.980985678588973E+00  0.630592112299819E-01  0.183550086576895E+00 -0.899848646112276E+00  0.296271825027507E+00 -0.320149058697309E+00
 0.181003024498935E+00  0.445937862228742E-01 -0.982471017054725E+00 -0.143587101079168E-01 -0.215970028120020E+00  0.976294409693036E+00
 0.325564693235926E+00  0.922606609380751E-01 -0.941007758183463E+00 -0.104218092765583E-01  0.372943805622566E-01 -0.999249976267140E+00
 0.491289545202711E-01 -0.998760147330230E+00  0.803205656374406E-02  0.392794982374756E+00 -0.906695725575675E+00  0.153671607800583E+00
 0.541829911753937E+00  0.387874120247363E+00  0.745636649830904E+00  0.559361049880629E+00  0.379307511700752E+00  0.737048863674468E+00
-0.658785483840533E+00 -0.748655032971424E+00 -0.742787175949558E-01 -0.635020872490631E+00 -0.748516848040559E+00  0.190973871774819E+00
 0.156327929934835E+00 -0.920308670870414E+00  0.358599398553623E+00  0.265148805786672E+00  0.879021725094420E+00 -0.396253602635902E+00
-0.102831990276080E+00  0.127200914344723E+00 -0.986532061904592E+00 -0.177559233706488E-01 -0.380404511492158E+00  0.924649736290271E+00
-0.428934125433255E+00  0.903298833704120E+00  0.816903100649719E-02  0.489422184191241E+00 -0.871982122049742E+00  0.106350574565376E-01
-0.574788600316798E+00 -0.713776280886298E+00 -0.400176818156652E+00 -0.662666489244038E+00 -0.514991734526211E+00 -0.543743172281424E+00
-0.441913663446262E-01  0.417207441406896E+00  0.907736235905181E+00 -0.176586190568953E+00 -0.520884097772049E-01 -0.982905954233276E+00
-0.869556189989679E+00  0.491046848407540E+00 -0.523929873137160E-01 -0.861928898966180E+00  0.498247006400061E+00 -0.939600646036689E-01
-0.349794539528004E+00 -0.117047826449275E+00  0.929485656930698E+00  0.255447685559002E+00 -0.301435269122138E+00 -0.918631187404289E+00
 0.934148912746920E+00  0.349250665812808E+00  0.734151295242141E-01  0.996523625872332E+00  0.643910492577406E-01  0.528626130052919E-01
-0.425411258287055E-01 -0.227507031024631E+00  0.972846752293281E+00 -0.101589199740326E-01  0.423706578819520E-01 -0.999050310893106E+00
 0.164869223649152E+00 -0.825633711938028E+00 -0.539580497057445E+00 -0.429686719315160E+00 -0.890857663681447E+00  0.147451504923510E+00
 0.205857909748127E+00  0.351761076201006E+00  0.913173951809863E+00  0.178268097106940E+00  0.136407928857645E+00  0.974481073443008E+00
-0.595974203083948E+00  0.604429462924887E+00 -0.528658465936927E+00 -0.567816541764664E+00  0.662756698720579E+00 -0.488198661611660E+00
-0.325463233032791E+00  0.750535269931328E+00  0.575126501330752E+00 -0.574435911712467E+00  0.554314466589659E+00  0.602294658339660E+00
 0.385645011828401E+00  0.162908903334203E+00 -0.908151206609516E+00 -0.751038205018465E-01 -0.245246041377103E+00  0.966547358040405E+00
 0.518083561466894E+00  0.924648187047556E-01 -0.850317399939385E+00 -0.149723760441530E+00  0.439366442041443E+00  0.885742584031665E+00
-0.753466808112953E+00  0.635700776112359E+00 -0.167846037552937E+00  0.671938571544702E+00 -0.723830483238436E+00 -0.156741786404513E+00
 0.653740636617602E+00  0.307567730893386E+00  0.691393716306351E+00  0.671053640121849E+00 -0.592853146401788E-01  0.739034683588823E+00
 0.734127394117032E+00 -0.516495598724005E-01  0.677044527466195E+00 -0.703707225952404E+00  0.164066202689197E+00 -0.691287509852102E+00
-0.247864589702618E+00  0.968583927154137E+00  0.202069599450946E-01 -0.147065706449271E+00  0.895317319953164E+00  0.420450442476233E+00
-0.968360037242311E+00 -0.490328635654610E-01  0.244692902558782E+00 -0.977619078639265E+00  0.207989824780506E+00  0.316412684367914E-01
-0.673500051135715E+00  0.122723327437708E+00 -0.728928436832318E+00 -0.640435297900869E+00  0.537141028299990E-01 -0.766131466759977E+00
 0.218697848880742E-01 -0.987739993810951E+00  0.154568486876502E+00  0.198919701144325E+00 -0.908904841324740E+00  0.366500943945718E+00
-0.100968685166214E+00  0.641256524893639E+00  0.760654582512417E+00  0.439480000571263E+00 -0.464315461303333E+00 -0.768939842570637E+00
-0.517366369955611E+00  0.734250601125758E+00  0.439554426647505E+00 -0.437388055263506E+00  0.898072022709513E+00  0.464578426022004E-01
 0.985412168430387E+00  0.147017677113581E+00 -0.857243310003048E-01  0.931709984790126E+00  0.352418485102221E+00 -0.878505298825129E-01
-0.516526185509380E+00 -0.122786837901596E+00  0.847422027163123E+00 -0.123243194986797E+00  0.216906679552262E+00 -0.968381436860011E+00
-0.325926110294986E+00 -0.127438225749758E+00 -0.936766603400086E+00  0.392919645000394E-02  0.125237913934890E+00 -0.992118957750780E+00
 0.301678758885708E-01 -0.499999364880367E+00  0.865500164288605E+00 -0.233708614941490E+00  0.185852088028725E+00 -0.954379004734227E+00
-0.679121584232212E+00 -0.254695464258927E+00  0.688421451086368E+00  0.857923572275588E+00 -0.991184590388800E-01 -0.504125654189163E+00
-0.462881783954047E+00  0.733916448287435E+00  0.497098683378539E+00 -0.221572256845864E+00  0.961335966783722E+00  0.163520316671165E+00
-0.203210248938566E+00  0.185594556718615E+00  0.961384551177492E+00 -0.334386687963915E+00  0.450907460593129E+00  0.827567522860811E+00
-0.494400943871191E+00 -0.186464271556815E+00  0.848998693834132E+00 -0.187264491900290E+00 -0.426212447120247E+00  0.885028225534698E+00
 0.367879829758170E+00  0.133180309562198E+00 -0.920286605358362E+00  0.147343911945239E-01  0.726373078049277E-01 -0.997249577202708E+00
-0.244160809385818E+00 -0.540423419964410E+00 -0.805188193103968E+00 -0.485264682717489E+00  0.705395745343111E+00  0.516657555987456E+00
 0.628683221593741E+00 -0.777445869759159E+00  0.183119218254142E-01 -0.304278259260682E-01 -0.983518113417871E+00 -0.178230940042307E+00
 0.920462380938470E+00  0.326402343581073E+00 -0.214966312202320E+00  0.764865798875578E+00  0.489174208515777E+00 -0.419152601606368E+00
-0.756085705757003E+00 -0.266567120818536E+00  0.597726003824872E+00 -0.704655082371249E+00 -0.243147482552562E+00  0.666588716238672E+00
 0.541669546197991E+00 -0.380184953085932E+00  0.749702277019825E+00 -0.380204418121639E+00  0.431613205159483E+00 -0.818018729353273E+00
-0.322928181469842E+00 -0.317571200799804E+00  0.891552534646810E+00  0.377248129945891E+00  0.323684132087524E+00 -0.867705267407704E+00
-0.864553562304611E-01  0.687980970730972E+00 -0.720560653443646E+00  0.727720121808193E-01 -0.813381275969072E+00  0.577161272216076E+00
-0.611120685385625E+00 -0.867973949379458E-01  0.786764081619001E+00  0.529249607544968E+00  0.221420020768886E+00 -0.819065337635651E+00
 0.197346062999264E+00 -0.460980195308116E+00 -0.865188875883400E+00  0.203828403592555E+00 -0.398777554779316E+00 -0.894108742655579E+00
 0.189964010081577E+00 -0.607217272401776E+00 -0.771492617573670E+00 -0.564949562930852E+00  0.665105806999664E+00  0.488330069563163E+00
 0.560009708046735E+00  0.274456136207097E+00  0.781705159373841E+00  0.357325167968152E+00  0.449375282898991E+00  0.818767720086707E+00
 0.422566840872241E+00  0.551332277227939E+00  0.719353866384208E+00  0.238272100389824E+00  0.717190278611807E+00  0.654877477426534E+00
 0.797211041585799E+00 -0.116066058510571E+00 -0.592438372521147E+00  0.913814576011878E+00 -0.781422078988643E-01 -0.398543242337544E+00
 0.796070632037955E+00 -0.468175866865292E+00  0.383513893479262E+00  0.833307210163841E+00 -0.440716457957093E+00  0.333718589794920E+00
-0.430774806231288E+00  0.452690098772327E+00 -0.780707845989713E+00  0.118061675450547E+00 -0.373191008646144E+00  0.920211884217697E+00
-0.613348429232751E+00 -0.774985439944716E+00 -0.152319638364234E+00  0.437055437640765E+00 -0.848412627307861E+00  0.298627792164780E+00
-0.316883396923730E+00  0.930238210702153E-01  0.943891668290156E+00  0.249968199677934E+00 -0.380369991922768E-01 -0.967506633487450E+00
-0.455421200623226E+00  0.132664429774066E+00 -0.880336117114151E+00 -0.480949661183691E+00  0.573027838042249E-02 -0.876729483544939E+00
 0.990143612656964E+00 -0.129673006608985E+00  0.529201064965002E-01 -0.996937488988308E+00  0.397347344271090E-02  0.781015656596365E-01
 0.804107244489542E+00  0.150530057967176E+00  0.575110633711318E+00  0.956262607527575E+00 -0.150451284425198E+00  0.250851024433569E+00
 0.470480842458358E-01 -0.497630420349600E+00  0.866112257453661E+00 -0.566311279453206E-02 -0.379884046079632E+00 -0.925016778597904E+00
 0.180567959102627E+00  0.222453728694000E+00 -0.958075962925513E+00  0.129980398235142E-01  0.268825304545284E+00 -0.963101244208978E+00
 0.127413057392938E+00  0.306065808062085E+00 -0.943445617903378E+00  0.133711914687418E+00  0.360310742542718E-01 -0.990365026421424E+00
-0.828757399189477E+00  0.559366550817258E+00  0.164388295051033E-01  0.984173575098282E+00 -0.112316650390526E-02 -0.177203590751629E+00
-0.359923575050443E+00  0.219925394256745E+00 -0.906690598321127E+00  0.562338856428136E+00 -0.326741239054137E+00  0.759615148119404E+00
 0.596927864631523E+00 -0.136518040916804E+00 -0.790594680560581E+00 -0.288863361514990E+00  0.369941341132858E+00  0.883007000252593E+00
 0.787959063388393E+00  0.209989126988183E-01  0.615369450078206E+00 -0.955998333102445E+00  0.267406498776631E+00 -0.120668767779281E+00
-0.598900320603505E+00  0.217765291580616E+00  0.770646925487819E+00  0.443901743002473E+00  0.192136729112255E+00 -0.875234094334430E+00
-0.346489198589345E+00  0.474411393871861E+00 -0.809245985239019E+00 -0.191513371464921E+00  0.563517214733294E+00 -0.803598766331413E+00
-0.181998962008637E+00 -0.976833251239763E+00 -0.112575206418349E+00 -0.139994329303885E+00 -0.990070163196259E+00  0.127538116376489E-01
-0.213302423781473E+00 -0.287746584785283E+00  0.933650887084329E+00 -0.200541623262183E+00 -0.431460548120027E+00  0.879559465161586E+00
 0.480692951171646E+00  0.411759119882477E-01  0.875921703673239E+00  0.390236957413682E+00  0.591106187637983E-01  0.918815025899051E+00
-0.351355003154450E+00 -0.571460472931613E+00  0.741608110551060E+00 -0.494767564570282E+00 -0.609761978876353E+00  0.619189297522160E+00
 0.582969379949548E-01  0.911169527214186E+00  0.407886699582973E+00  0.504306461128787E-01  0.976590933359444E+00  0.209109776942082E+00
 0.402705517903669E-01 -0.235306207448651E+00 -0.971086644638176E+00 -0.461998756735327E-01  0.113276514141826E-01  0.998867987174075E+00
 0.322267231294933E-01 -0.974727579038760E+00 -0.221060138825555E+00 -0.102214986851531E+00 -0.957747843400644E+00 -0.268832968447616E+00
-0.689420721829963E+00  0.224727907997019E+00 -0.688619224011889E+00 -0.619904601444157E+00  0.494318202289472E+00 -0.609399540526300E+00
 0.928550986638844E+00 -0.215890809874116E+00 -0.301967255549220E+00 -0.803117704235202E+00 -0.193970091616207E+00  0.563362722144782E+00
-0.903680535526208E+00  0.399249959621497E+00 -0.154793279742044E+00  0.663802837755048E+00 -0.267104601846468E+00  0.698584944198474E+00
-0.116108725615648E+00  0.213948373196190E+00  0.969920026312796E+00 -0.110682512982824E+00  0.157069091293186E+00  0.981365722796624E+00
-0.434138322584207E+00  0.380720441554084E+00 -0.816440972910249E+00  0.495810266938959E+00 -0.720704271073285E+00  0.484517835435027E+00
-0.767632915602554E+00  0.392712179838326E+00 -0.506474926023147E+00 -0.906805786124594E+00  0.161116750032142E+00 -0.389544168368668E+00
 0.473398034165050E+00  0.466313313664599E+00  0.747292576403518E+00 -0.423576674219280E+00 -0.545598317621412E+00 -0.723121896270621E+00
-0.122640430233929E+00  0.964183345792756E+00  0.235180357529967E+00 -0.373939745463930E+00 -0.789603551980857E+00 -0.486513409333788E+00
-0.350555022779186E+00  0.319142513230710E+00 -0.880488064798763E+00  0.207040982668620E+00 -0.605560145424065E+00  0.768395042780468E+00
 0.313167309773316E+00 -0.718813281825639E+00  0.620671976135864E+00 -0.848450179935802E-01  0.889556161797202E+00 -0.448877664771037E+00
 0.623283263315981E+00  0.346441357444912E+00  0.701068013477942E+00 -0.867429598873398E-01 -0.761996947222269E+00 -0.641744740012668E+00
 0.846993374755475E+00  0.366668035045913E+00  0.384911386160374E+00  0.792509900576081E+00  0.608344364206819E+00  0.429556984193082E-01
 0.365015800145880E-01  0.458662609861105E-02  0.999323069641380E+00  0.137091175385514E-01  0.181802427906924E+00  0.983239511667153E+00
-0.425679435749748E+00 -0.774213224307277E+00 -0.468391824531029E+00 -0.307430921536529E+00 -0.868321500220915E+00 -0.389235148383724E+00
-0.383131121814173E-02 -0.133741606355957E+00  0.991008831334856E+00 -0.222682053991633E+00  0.144308973980116E-01  0.974784310517129E+00
-0.168410455964878E-01  0.961953893756727E-01  0.995219988869838E+00 -0.201981342497153E-01  0.339781364964210E-01 -0.999218455400550E+00
 0.239473139216179E+00  0.850390681364352E+00 -0.468495789354207E+00  0.115689915709520E+00  0.929061935501909E+00 -0.351368415490880E+00
 0.462546361067949E+00  0.483340567122296E-01  0.885276613734113E+00  0.433942878209629E+00 -0.391500874881263E-01  0.900089356175716E+00
-0.987261786009873E-02 -0.999947228823345E+00  0.284094792320061E-02  0.365993438454649E+00 -0.675356464711327E+00 -0.640267482057898E+00
-0.927856001838022E+00 -0.352140458581723E+00 -0.122802024751278E+00  0.906257037839622E+00  0.173926593200912E+00  0.385289140183937E+00
 0.286590224387858E+00  0.497294432813675E-01 -0.956761739283215E+00  0.685428121613506E+00  0.307580744037421E+00 -0.659986648348864E+00
-0.908690826507737E-01  0.928408645536469E+00  0.360277943692570E+00  0.598657000994923E-01 -0.924951581044919E+00 -0.375340739427660E+00
 0.796118836327153E+00  0.157937047523798E+00  0.584166660692448E+00 -0.717003217975718E+00  0.111197014983110E+00 -0.688143596403622E+00
 0.139485140719766E-01  0.888931775391691E+00  0.457827191912145E+00  0.249662402266014E+00  0.906463365407703E+00 -0.340577233632115E+00
 0.158672474997305E+00  0.423539038159672E+00 -0.891873157367688E+00  0.176531802940179E-02  0.159888405311209E-01 -0.999870611944728E+00
-0.896996242391144E+00 -0.238765412388311E+00  0.372006477071579E+00 -0.914988548337187E+00 -0.266747805857429E+00  0.302723577677813E+00
 0.546186143760475E+00 -0.389196320334796E+00 -0.741759341432190E+00 -0.238142700732195E+00  0.694738159008389E+00  0.678695030559095E+00
 0.472053107503984E+00  0.736924461647028E+00 -0.483847291531192E+00 -0.485024783594043E+00 -0.830485257256601E+00  0.273943783975818E+00
-0.565707525775908E-01  0.197360838721185E+00  0.978697322614135E+00  0.294000517489837E-01 -0.230601958018647E+00 -0.972603914198952E+00
 0.588587728618233E+00 -0.706243674418110E+00 -0.393426432849186E+00 -0.320797444376478E+00  0.944407799271155E+00 -0.719924187490221E-01
 0.337719888950343E+00  0.940807136125575E+00 -0.287612451497012E-01  0.222823657790594E+00  0.854171530301809E+00 -0.469830410202112E+00
-0.422539018825774E-01 -0.936544939177178E+00  0.347991644551007E+00  0.165394537403303E+00  0.903246764985375E+00 -0.395967080122329E+00
-0.625933403550974E+00 -0.762793325926130E+00  0.162338277191935E+00  0.866331133325325E+00  0.481134019119894E+00  0.134091099916417E+00
-0.848272127828870E+00  0.172536485388859E+00 -0.500665115979075E+00 -0.695452089264103E+00  0.276042692642633E-01 -0.718042057164189E+00
