#          Em_x [n.u.]            Em_y [n.u.]            Em_z [n.u.]            En_x [n.u.]            En_y [n.u.]            En_z [n.u.]
 0.794350940903895E-01  0.707723938084403E+00 -0.702009183194319E+00 -0.356351885009978E-01 -0.430714265462894E+00  0.901784539048690E+00
 0.152022107495903E-03 -0.820481008744504E+00  0.571673762891808E+00  0.233121759784494E+00 -0.778383634203133E+00  0.582900646010711E+00
-0.802528973626468E+00 -0.456599440040045E+00 -0.384010674129203E+00  0.564640586833062E+00  0.699961705470224E+00  0.437303805810139E+00
 0.613843167477416E+00  0.338886981696972E+00 -0.712988204234550E+00  0.646025668546710E+00  0.228296930035991E+00 -0.728375828343390E+00
 0.883873569617513E-01  0.356877322250801E+00  0.929960349688315E+00 -0.194950296249333E+00 -0.240521470273877E+00 -0.950864766583340E+00
-0.482993304160707E+00 -0.674913009560133E+00  0.557861898378449E+00  0.571913636907535E+00  0.789105164678141E+00 -0.224115664328665E+00
-0.905471962029747E+00 -0.421709898953563E+00 -0.477628213422951E-01  0.701076475141403E+00  0.659888455074929E+00  0.270257290118378E+00
 0.740746439403658E-01  0.785540786256373E-01  0.994154014152931E+00  0.411154184730045E-01  0.126416549488087E-02  0.999153603931543E+00
-0.770415418358586E+00  0.621548771610578E+00 -0.141905629432896E+00  0.820130039489740E+00 -0.506400323863682E+00  0.266355834021549E+00
 0.509545555450383E+00  0.755443909329378E+00 -0.411907546395920E+00  0.360424897874578E+00  0.908328334598438E+00 -0.212211049565586E+00
-0.917044848052991E-01  0.412877370418126E+00 -0.906158134358020E+00 -0.935354594553210E-01  0.117594442726694E+00 -0.988646885831478E+00
 0.280612388977778E+00  0.411403901526109E+00 -0.867181363361367E+00 -0.224350504672492E-01 -0.436801302183937E+00  0.899278205518709E+00
-0.625649718892330E-01 -0.357828507815031E+00  0.931688994937349E+00 -0.568594830380093E-01 -0.776563514718673E-01  0.995357468583387E+00
-0.161305388382480E+00  0.232095532970632E-01  0.986631586923168E+00  0.445912775821339E+00  0.600045626601823E-01  0.893062847071396E+00
-0.283115426753145E+00 -0.203565075466336E+00 -0.937233650262713E+00  0.464008295028268E+00  0.139732577053457E+00  0.874740595293805E+00
-0.178006753839685E+00  0.699396218622473E+00  0.692212774343297E+00 -0.159020036506647E+00 -0.901960371015983E+00 -0.401472436296858E+00
-0.864892644458351E+00  0.555925083719795E-01  0.498868907203839E+00 -0.919488259753373E+00  0.242613310306910E+00  0.309322035809990E+00
 0.881080740200177E+00 -0.136175076571214E+00 -0.452938271477618E+00 -0.775782754019992E+00  0.253431640471441E+00  0.577869814208279E+00
-0.790074703054757E+00 -0.153375135750885E+00 -0.593513294987008E+00 -0.326414063558168E+00 -0.942216184121821E+00 -0.753825012211668E-01
 0.350014397506722E+00  0.918498076124698E+00  0.183986971531235E+00  0.741687756982284E-01 -0.927130205918768E+00 -0.367326250061779E+00
 0.132113103909005E+00  0.180401228815776E-01  0.991070472641550E+00  0.681754680192032E-04 -0.213121137569581E-02 -0.999997726642505E+00
-0.662891334597068E+00  0.297762762447369E+00  0.686958816681052E+00 -0.847271773273138E-01  0.135962535417511E+00  0.987084340056607E+00
-0.430299170838448E-01  0.232349054817826E+00 -0.971680164951935E+00  0.389156731242809E+00  0.214684108915482E+00 -0.895805655210759E+00
 0.113819783650832E+00  0.290638818219074E+00  0.950039017195556E+00 -0.206125229054983E+00 -0.166105637296903E+00 -0.964324274922715E+00
-0.140502945265471E+00  0.118382523352479E+00  0.982977365220801E+00  0.113475349096148E-01  0.400677953555564E-01  0.999132526358151E+00
 0.916158013536079E+00  0.170295372257921E+00  0.362841536240218E+00  0.376778994393688E+00 -0.169295059330373E+00  0.910701253029777E+00
 0.724739185980522E-01  0.639979174002413E+00 -0.764966788799509E+00 -0.702157589516694E-02  0.542121667194471E+00 -0.840270667957793E+00
 0.106695690436158E+00 -0.854111611435210E+00 -0.509027882196939E+00 -0.336252320372645E+00 -0.651382952741299E+00 -0.680172497181442E+00
-0.920769516953421E-01 -0.447618664227791E-01  0.994745299200174E+00 -0.381048341923035E-01  0.339438115651543E-02  0.999267981968672E+00
 0.487231705398576E-01  0.679463246580772E+00  0.732089987090700E+00 -0.448453780152447E+00 -0.751816856269940E+00 -0.483384548465675E+00
 0.720762307346520E+00 -0.357909564329576E-01  0.692257685942261E+00 -0.964903619114044E-01  0.575195674265884E-01 -0.993670523574723E+00
-0.136472068075678E+00 -0.170474518690637E+00 -0.975865673703273E+00  0.234247951182740E+00 -0.103061644390346E-02 -0.972176339558022E+00
 0.219190346464191E+00 -0.244612610974927E+00  0.944521181641225E+00  0.702726520723385E-01  0.211306793658226E-01  0.997303990145562E+00
-0.324136783390934E+00  0.171290500031594E+00  0.930373532647992E+00  0.193982548687430E+00 -0.321509570020798E+00 -0.926823805903674E+00
-0.616510707778446E+00  0.456322330324196E+00  0.641626431844898E+00 -0.188215392104614E+00  0.289125850732874E+00  0.938605992210202E+00
 0.640149325110206E+00  0.385256608392507E+00 -0.664669983714362E+00 -0.741480901418084E+00 -0.224974728228657E+00  0.632133248999502E+00
 0.714253562722747E+00 -0.125599394154375E+00 -0.688524974366157E+00  0.701929762354523E+00  0.673062998180313E+00 -0.232982422516056E+00
 0.437509778792417E+00  0.238095310354657E+00 -0.867119263220539E+00 -0.578797957641815E+00 -0.829939633923575E-01  0.811236664771811E+00
 0.830760310174531E+00  0.171942832433178E+00  0.529408131231069E+00 -0.196040645396083E-01  0.288809371009183E-01 -0.999390600378901E+00
-0.346541722941773E+00  0.365716235584093E+00  0.863805805312020E+00 -0.297747326387390E+00  0.543375072041828E+00  0.784914046703650E+00
-0.211628562603217E+00 -0.900911669027330E+00  0.378908321498600E+00 -0.295769372290731E-01 -0.949949857288687E+00  0.310999153409381E+00
 0.835341525822027E+00  0.544303233528122E+00 -0.770618271789548E-01 -0.927292684411490E+00 -0.311046414307421E+00  0.208274831853081E+00
 0.281651002336020E-01 -0.313189331663744E+00 -0.949272968993033E+00  0.153677220920529E+00 -0.104608502113309E+00 -0.982568253637249E+00
-0.152897970723184E+00  0.808737064184626E+00 -0.567949444548336E+00  0.499400329601224E+00 -0.428203884085823E+00  0.753153865055477E+00
 0.865305587621678E+00  0.290444495176678E+00  0.408519565323704E+00  0.961653286131410E+00  0.272555700445344E+00  0.305997945648055E-01
-0.111913787825659E+00 -0.496750378165941E+00 -0.860647643281795E+00  0.331795962753021E+00  0.163306221993875E+00  0.929108452743211E+00
 0.482223510940768E+00  0.287708921355394E+00  0.827456380764856E+00 -0.520197828555483E-01 -0.506198313516382E-01 -0.997362308725166E+00
-0.143612553030138E+00 -0.513010403328418E+00  0.846283499005493E+00  0.295961937932278E-01  0.353276925240653E+00 -0.935050522381258E+00
-0.203445862583012E+00  0.836872025612229E+00 -0.508187951200675E+00 -0.116072848194671E+00 -0.318095161604031E+00  0.940926438185304E+00
-0.438174027095214E+00  0.879577958070491E+00  0.185327109877934E+00  0.876018504716484E+00 -0.405738938711145E+00 -0.260705759445107E+00
 0.384228627361438E+00 -0.789751726723611E-02  0.923204197963246E+00  0.297928399100505E+00  0.175580456104651E+00  0.938301749142296E+00
-0.610780263851183E+00 -0.977759663322278E-01  0.785739988607986E+00  0.577028537139757E+00  0.163574302644734E+00 -0.800175927431363E+00
 0.600623419303686E+00 -0.642328430184121E+00 -0.476094209123732E+00 -0.407634708336489E+00  0.890284067016035E+00  0.203047345653208E+00
-0.818032979445193E+00  0.434191324809237E+00 -0.377226640099053E+00 -0.792643242351019E+00  0.609471898287265E+00  0.161460692857581E-01
-0.877624576816921E+00 -0.468598832922588E+00  0.100946698561712E+00  0.818273018638174E+00  0.521567117220688E+00  0.241654731389378E+00
 0.552151491893183E+00 -0.747410917004310E+00 -0.369466711819764E+00 -0.558283999827769E+00  0.740724608548226E+00  0.373692426772854E+00
-0.296572832170360E+00  0.813950242864055E+00 -0.499529335835242E+00  0.160007368156297E-01 -0.650681074601808E+00  0.759182531132265E+00
 0.303477738805223E+00 -0.856234526066724E+00 -0.418047483452491E+00 -0.573690499256768E+00  0.761613396777673E+00  0.301370610563298E+00
 0.399098592843685E+00 -0.741859169127425E+00  0.538855533860196E+00  0.617235559853674E+00 -0.693684770761081E+00  0.371243454442321E+00
-0.400142502581834E+00  0.120966689681635E+00 -0.908434388172869E+00  0.538500782178019E-01 -0.290095141683037E-01  0.998127555557733E+00
 0.182372509315364E+00 -0.590252989871765E-01 -0.981456204792395E+00 -0.169225506577110E-01  0.237401842197556E-01  0.999574925121899E+00
-0.101148455120034E+00 -0.792730371139987E+00  0.601121908350619E+00  0.126128287571698E+00  0.900497726409429E+00 -0.416167634260137E+00
 0.348990932722805E+00 -0.140125909993606E+00  0.926590555869058E+00 -0.365447405191582E+00  0.245337765625558E+00 -0.897918467789029E+00
-0.246557275720204E+00  0.741479498906961E+00 -0.624033382512597E+00 -0.962570598835384E-01  0.487655878050110E+00 -0.867713272357726E+00
-0.661186784643287E+00 -0.714069168827936E+00  0.230080981270624E+00  0.550517119407224E+00 -0.820838481949390E+00  0.152167959145781E+00
 0.190108267040014E+00  0.620917295992783E+00  0.760473903786352E+00 -0.613396543777484E+00 -0.725548825322523E+00 -0.311967277378483E+00
-0.218008525693745E+00  0.424894709612586E+00 -0.878599321914191E+00 -0.698711378275199E+00  0.337988563261583E-01 -0.714604818889304E+00
 0.685852791405943E+00  0.664599076731425E+00 -0.296502977604632E+00 -0.960379639993812E+00 -0.275582324953148E+00 -0.415370829352860E-01
 0.869673083271029E+00  0.213678322054949E+00  0.444983486117905E+00 -0.922178901769509E+00  0.121928993191749E+00 -0.367041406043553E+00
-0.492330621116425E+00  0.894248575171541E-01  0.865802376047301E+00  0.345677304457224E-01  0.273829052324652E+00  0.961156970590556E+00
-0.274981973999707E+00  0.227489962961408E+00  0.934148398664282E+00  0.121718783843420E+00  0.344733820804726E+00  0.930775553209824E+00
-0.194607361442558E+00  0.673879941204000E+00  0.712750867916174E+00 -0.244388768992442E+00  0.765135616843954E+00  0.595685837860176E+00
-0.874085241860185E+00  0.240405562058232E+00  0.422113913172366E+00 -0.774522806425276E+00 -0.333489671395179E+00  0.537493312888495E+00
 0.228317440430359E+00 -0.427611342079259E-01  0.972647228853597E+00 -0.508575660749989E+00 -0.347849469211983E+00 -0.787623986469212E+00
 0.253196413560552E+00 -0.304907774601962E+00  0.918108286177264E+00 -0.398617657609845E+00  0.210827175199378E+00 -0.892555805111978E+00
 0.749726778376646E+00 -0.623105239795625E+00 -0.222821942196480E+00 -0.914671965662905E+00  0.378625743651683E+00  0.141484067917796E+00
-0.562888375200056E+00 -0.811702720662928E+00  0.155869722310148E+00 -0.825858094134130E+00 -0.539187098811374E+00 -0.165032362973190E+00
-0.281145308853986E+00 -0.953549200092275E+00  0.108172262215317E+00 -0.576401345660537E+00 -0.780118658691443E+00  0.243261931017137E+00
-0.642541394763449E+00 -0.527257223937321E+00 -0.556003935077218E+00  0.951790032954480E+00  0.145299743015281E+00  0.270154988568050E+00
-0.747902828853712E-01  0.718137888728033E+00  0.691870209186065E+00  0.415747536240750E+00 -0.570703943198019E+00 -0.708132046533680E+00
-0.129576626606798E+00  0.270169068715274E+00 -0.954053757472148E+00  0.386643109455843E+00 -0.226977089898361E+00  0.893861570139129E+00
 0.822682680965777E+00 -0.230844025583501E+00  0.519523091201310E+00 -0.927399663894742E+00  0.122409035590359E+00 -0.353476861214079E+00
 0.246825322527467E+00  0.176930714598295E+00 -0.952771107029883E+00 -0.295033036000824E+00  0.252090979346713E+00 -0.921632055540687E+00
 0.924650765114687E+00  0.702187434864662E-01  0.374286375167472E+00 -0.818482595699217E+00 -0.102035521145569E+00 -0.565398083620756E+00
 0.479895245815296E+00 -0.145668386144960E+00  0.865148122763842E+00  0.200283666164168E+00 -0.266739288128234E+00 -0.942728277520455E+00
 0.975622992472767E+00 -0.191153451042228E+00 -0.107796728675451E+00  0.942400508892883E+00 -0.122985844076561E+00 -0.311055884038883E+00
 0.257647695436165E-01  0.994319040956795E+00 -0.103275463887237E+00 -0.424997943816519E+00 -0.896195821145998E+00 -0.127317704629724E+00
 0.109434219223609E+00  0.974344778246756E+00 -0.196663175928282E+00  0.161752136174259E-01 -0.987774393774330E+00 -0.155048732559108E+00
 0.115715892698300E+00 -0.703355985707513E-01  0.990788946118562E+00  0.104818600832958E+00 -0.317780272757767E-01  0.993983509874224E+00
-0.998104632664226E+00 -0.211765506889073E-01  0.577814499223706E-01 -0.236225193479264E+00  0.561984000400988E+00  0.792698960046616E+00
 0.749664699671151E+00 -0.301290574691232E+00 -0.589259558827170E+00 -0.808042994735298E+00  0.474454588825606E+00  0.349226805674388E+00
 0.361764622389910E-01 -0.290150279363158E+00  0.956297066274572E+00 -0.224445712677802E-01  0.796084014205756E-03  0.999747771925923E+00
 0.260986186973755E-01 -0.996613753879748E+00  0.779736345171009E-01  0.250562246307052E+00 -0.956071758911004E+00  0.152135967273960E+00
 0.632326113513680E+00 -0.671181239241113E+00  0.386884259513680E+00  0.278874960316525E+00  0.628738743739242E+00 -0.725890038938169E+00
 0.307337309784438E+00 -0.129485968556433E+00  0.942749787569038E+00 -0.131864965707199E+00  0.431703857789875E+00 -0.892324722277926E+00
-0.778455172405119E+00  0.107623081213836E+00  0.618405058958735E+00 -0.278447631093450E+00  0.104815793630417E+00  0.954714913544390E+00
 0.858693806442625E+00 -0.414490715569436E+00 -0.301400719116282E+00 -0.894086269975193E+00  0.298991247159282E+00 -0.333487594917687E+00
 0.858634884762760E+00  0.568208002603554E-01 -0.509428632220662E+00 -0.619490669219872E+00  0.281431969922874E+00  0.732821504225173E+00
 0.153604696278972E+00  0.880345814846961E+00  0.448772596715179E+00  0.170280340919417E+00  0.925168631416067E+00  0.339216168453228E+00
-0.345098642323396E+00  0.305209147672867E-01  0.938070040470495E+00 -0.242668002452000E+00  0.751375814215171E-02  0.970080297720007E+00
 0.364193968531408E+00  0.247328971777402E-02 -0.931319835568488E+00 -0.343526086061249E-01 -0.646718313588534E-02 -0.999388850160057E+00
 0.578512890416076E+00  0.574024512450864E+00 -0.579498658089892E+00 -0.383967753820585E+00 -0.714581793470676E+00  0.584757748530284E+00
-0.625063157399706E+00  0.776817608896570E+00 -0.764882459579601E-01  0.581183096676133E+00 -0.807911470303999E+00  0.974949449416308E-01
 0.846486274094212E+00 -0.532409343041149E+00  0.113102280715834E-02 -0.582354288591615E+00  0.684991912512618E+00 -0.437777982944849E+00
 0.975075338221421E+00  0.201386317359608E+00 -0.931216192552346E-01  0.906279939053643E+00 -0.216922711214818E+00 -0.362768809888803E+00
 0.473192384857209E+00 -0.394917874001976E-01  0.880073500135690E+00 -0.607457155391945E+00 -0.368662333840660E+00 -0.703621978032441E+00
 0.898370097087430E+00 -0.617790725456867E-01  0.434872987037039E+00  0.798826941698685E+00  0.210350271919610E+00  0.563585202360452E+00
 0.358879975670818E+00 -0.925812485265784E+00  0.118644027192719E+00 -0.164792096127708E-01 -0.642840484751566E+00  0.765822790738765E+00
-0.866731204703012E+00  0.826469669881603E-02  0.498707041841743E+00  0.921594655518322E+00  0.387956383375402E+00  0.123747936687163E-01
-0.909703849287127E+00  0.178068590240044E+00 -0.375140618651337E+00 -0.849129347366737E+00  0.466186035023745E+00 -0.248294043805686E+00
 0.610126630940062E+00  0.791543694107370E+00  0.346997771835416E-01 -0.701328451265892E+00 -0.685497901658787E+00 -0.195527569069903E+00
 0.207399004192245E+00 -0.768765639744918E+00 -0.604966977782798E+00  0.197143390624893E+00 -0.712516203700478E+00 -0.673390780303072E+00
 0.123669452589477E+00 -0.720850938611592E+00  0.681967587792123E+00  0.517483441799788E+00 -0.709051329051713E+00  0.479016805793957E+00
-0.191746001984069E+00 -0.531541179229580E+00 -0.825043905199204E+00  0.245775848375797E+00 -0.826775131344520E+00 -0.506001101328256E+00
 0.630751497321648E+00  0.244210561055821E+00  0.736555327518103E+00 -0.941613191819245E-01 -0.368757808565648E-01 -0.994873772272713E+00
-0.212362912389224E+00  0.972264819322976E+00  0.979954822858024E-01 -0.277307755965412E+00  0.930783946044971E+00 -0.238205067675691E+00
 0.308649191309168E+00 -0.617613920044972E+00  0.723386979749345E+00 -0.910110736604199E+00  0.151238180492335E+00 -0.385779029859232E+00
-0.435899676519825E-02 -0.628182896797325E+00 -0.778053499007956E+00  0.149933535574059E+00 -0.643591531734552E+00 -0.750539722592906E+00
 0.402229607522190E-01 -0.747348482954682E+00 -0.663213659730905E+00 -0.132808346824557E+00  0.616626088268895E+00  0.775973073166800E+00
 0.274673782261783E+00 -0.977543676922202E-01  0.956555485549637E+00 -0.585132262293212E+00 -0.242383914695024E+00 -0.773867090346103E+00
-0.419484472149270E+00  0.375543594848632E+00 -0.826438010980748E+00  0.227819566026218E+00 -0.268959881933348E+00  0.935819869016482E+00
-0.359467274948274E+00  0.181082041577763E+00 -0.915419342410510E+00  0.271750475185789E-01  0.199769482631564E+00 -0.979466012989466E+00
-0.216022332038497E+00 -0.481430829843194E-01 -0.975200797590637E+00 -0.965287711559765E-01  0.293307129977128E+00 -0.951132547988816E+00
 0.135170422297817E+00  0.666264802144968E-01  0.988579723173633E+00 -0.164335591104356E+00  0.896395397267045E-01  0.982323045853026E+00
 0.363365981942729E-01  0.721552115641449E+00  0.691405956038142E+00  0.475428225094520E-01 -0.732764889523767E+00 -0.678819045629287E+00
 0.490597785511575E+00  0.853763107056868E+00 -0.174362753705433E+00  0.599030022404674E+00 -0.740797150224495E+00  0.303945084640504E+00
-0.225683299979264E+00  0.918837549893826E+00  0.323735393516959E+00  0.185042491540243E+00  0.980230778342558E+00  0.700492506349771E-01
 0.316832303629565E+00  0.786295244119435E+00 -0.530431032700710E+00  0.154979170541788E+00 -0.601346194836928E+00  0.783813887765027E+00
 0.912921057757467E+00  0.392376554635820E+00 -0.112319996773104E+00 -0.991162093033991E+00 -0.821811063898043E-01  0.104134389540755E+00
-0.334215464279045E+00 -0.924750973253663E+00  0.182032032629273E+00 -0.158146811197550E+00  0.977390324719087E+00 -0.140348634669400E+00
 0.572675232152909E-01 -0.326469739381727E+00  0.943471218454921E+00  0.117727219808244E+00  0.474130798282559E-02  0.993034652826795E+00
 0.147444815469139E-03 -0.126655982406395E+00  0.991946692307957E+00  0.340487345072568E+00  0.136027421923679E+00 -0.930357408918869E+00
-0.757813536474338E+00 -0.317637865097377E+00  0.569934058109039E+00  0.763295015254078E+00  0.642514925529531E+00  0.674928897000114E-01
 0.698650716605368E+00 -0.687050041834621E+00  0.199623185531769E+00  0.916443287698776E+00 -0.390465137792862E+00  0.875709803545677E-01
-0.547184935639731E+00 -0.186426573331693E+00  0.815986384055976E+00 -0.159012280308090E-01  0.356815477064078E-01 -0.999236697735020E+00
 0.173513536617834E+00 -0.449868236469575E+00  0.876077406640604E+00 -0.519417116504291E+00  0.164690347561479E+00 -0.838500416518947E+00
 0.481852753565855E+00  0.595040666351983E+00 -0.643229763978931E+00 -0.322521741512644E+00 -0.731930542983916E+00  0.600214467085659E+00
-0.812564089240943E+00  0.582617077744735E+00  0.172319933908615E-01  0.839174290674368E+00 -0.542870286408322E+00  0.328384227105642E-01
-0.660266428666299E-01  0.966635801395748E+00  0.247498908869842E+00  0.383460790417051E+00 -0.905824699629960E+00 -0.180109510445795E+00
 0.649593641407926E+00 -0.691045494042690E+00 -0.316992470266544E+00  0.485090524828213E+00 -0.874085396560011E+00 -0.257274608622398E-01
 0.314850186145877E+00  0.442822931445724E+00  0.839510102184436E+00 -0.662931416434668E+00 -0.477658695635498E+00 -0.576510284025983E+00
-0.859944292993209E+00  0.454516388212344E+00 -0.232186704603893E+00 -0.269043857222548E+00  0.933566701025939E+00 -0.236788128136437E+00
 0.948520589622246E-01 -0.292435047787301E-01  0.995061759057639E+00 -0.514555351355306E+00  0.297041224262409E-01 -0.856942504198797E+00
-0.729960022649441E-01  0.588915009704478E+00 -0.804891728742513E+00 -0.386557365254190E+00  0.717591502089981E+00 -0.579340866412843E+00
-0.100653446147914E+00 -0.583789224138655E+00  0.805641995900249E+00  0.501543071488880E+00 -0.580630176149673E-01  0.863182039564624E+00
 0.205931797497330E+00  0.367656931885468E+00  0.906874012868427E+00 -0.352483097074961E+00  0.101370572435835E+00 -0.930311600121419E+00
-0.617886520347446E+00  0.617329528687556E+00 -0.486950203802529E+00  0.562579852554679E+00 -0.458865725413014E+00  0.687710808073237E+00
-0.624699588849114E+00 -0.716423420135592E+00 -0.310625025992706E+00 -0.687655928874133E+00 -0.489761222610693E+00 -0.535969465838431E+00
 0.433124876952162E+00 -0.813093968468646E+00  0.388948633376033E+00  0.725530039138519E+00 -0.562308570223018E+00  0.396755887368296E+00
-0.551680240779596E+00 -0.437123537924944E+00  0.710332263469249E+00 -0.441400756422337E+00 -0.205008075367600E+00  0.873577163886431E+00
-0.368236165008487E-01 -0.754348723832519E+00 -0.655440328420558E+00 -0.137235333870653E+00 -0.433258276219349E+00 -0.890760197373484E+00
-0.427607797679010E+00  0.241911722645609E+00 -0.870993851764030E+00  0.326574536276657E+00 -0.471034799416027E+00  0.819435958446289E+00
-0.358794391191580E+00 -0.131262150611530E+00  0.924141132439358E+00 -0.302606057777557E+00 -0.561812299094088E+00  0.769932798614880E+00
 0.139932640222261E+00 -0.365315394082720E+00 -0.920306209392621E+00  0.176434019552918E-01 -0.488529699774966E-02  0.999832408076818E+00
 0.164932396739370E+00 -0.390648215050106E+00  0.905644122480775E+00 -0.238517190193015E+00  0.615786259277180E+00 -0.750943961203396E+00
-0.309381693473476E+00 -0.245112968408031E+00 -0.918804985000456E+00  0.770439995889915E-01 -0.418049678999151E-01  0.996150875513453E+00
-0.348504321556439E-01  0.781972740914513E+00  0.622337593147970E+00 -0.761834371334374E+00  0.615491314701813E+00  0.201937693807257E+00
 0.680512699638747E+00  0.354213003108654E+00  0.641432470381048E+00 -0.551272323672251E+00 -0.299544321644304E+00 -0.778698930603896E+00
-0.752663494610446E+00  0.189766586092476E+00 -0.630465151046113E+00 -0.458322899122206E+00  0.166050138047304E-01 -0.888630628358465E+00
 0.810489036871707E+00 -0.491545341732723E+00 -0.318576047642685E+00  0.472977983425250E+00 -0.625070608777534E+00 -0.620949725209269E+00
-0.800604183262548E+00  0.808370476701141E-01 -0.593715684032760E+00 -0.993715394809812E+00  0.538302503420502E-01 -0.981428462298328E-01
 0.487403508622897E+00 -0.860639552238572E+00 -0.147436023090290E+00  0.641739461774488E+00 -0.755982884508836E+00  0.129074945404173E+00
 0.370583733010399E+00 -0.530491756220824E+00 -0.762395037634574E+00  0.744331726028659E+00  0.363496522645740E+00  0.560214744229079E+00
-0.266046677583950E+00 -0.150568115577198E+00  0.952128356850101E+00 -0.299258820562856E-01 -0.431387356706323E+00  0.901670333357533E+00
 0.266068708095872E+00  0.238996742857119E+00 -0.933856519748019E+00  0.400817916703726E-01 -0.722845231036524E-03 -0.999196140640698E+00
-0.549134848212692E+00 -0.337158470131782E-01 -0.835053387597828E+00  0.977016718705501E+00  0.119750597493235E+00  0.176346606913625E+00
-0.894131352017473E+00  0.300683873587457E+00  0.331840825553228E+00  0.981434521026812E+00  0.172624247223889E-01  0.191019081846752E+00
-0.348739821890464E+00  0.472367306725500E+00  0.809474931152722E+00  0.491957875893047E+00 -0.599314134020295E+00 -0.631506149701098E+00
-0.742391378537532E+00  0.531357632654210E+00 -0.408061401376381E+00  0.915371759872397E+00 -0.387231680855428E+00 -0.110209648261801E+00
 0.987251920774686E+00 -0.115440183536622E+00  0.109577410773043E+00 -0.793945376305164E+00  0.211266966389030E+00 -0.570102629669806E+00
-0.962590917966750E+00  0.260779228712751E+00  0.735725391699465E-01 -0.997295620372025E+00  0.670987430085343E-01 -0.299867349581777E-01
-0.834167331209404E+00 -0.432418216947847E+00 -0.342314693220471E+00  0.926609805231478E+00  0.127490475447313E+00 -0.353751957618754E+00
-0.133911056488543E+00 -0.873801157407111E+00  0.467481942179713E+00 -0.129755894194802E+00 -0.955052223117663E+00  0.266530784412825E+00
 0.123459520182398E+00 -0.119711998147309E+00  0.985102423292071E+00 -0.275653739542284E+00 -0.201901770511445E-01 -0.961044937881158E+00
-0.770604932123756E+00 -0.539524593965916E+00  0.339236276203556E+00  0.673890717903009E+00  0.660596117351091E+00 -0.330883771232182E+00
-0.598986452908279E+00 -0.730933184971281E+00 -0.327035026167071E+00 -0.540582775552328E+00 -0.677838300788808E+00 -0.498302619659864E+00
 0.144083326182832E+00  0.880702299884563E+00 -0.451224394391673E+00 -0.112793531673029E+00 -0.680089517484941E+00  0.724400350234472E+00
-0.686895620227161E+00  0.692852157607538E+00  0.219386176892080E+00 -0.544423547920165E+00  0.771270824550643E+00 -0.329764030280731E+00
-0.601779728514208E+00  0.756157337187557E+00  0.257074385668409E+00  0.232632787452171E+00 -0.969955231522229E+00  0.711957515929984E-01
-0.673267433559745E+00  0.403221822857917E+00  0.619776673067818E+00 -0.331531288041532E+00  0.665933446068898E+00  0.668296079934878E+00
 0.436465357345653E+00  0.864397992459961E+00  0.249627928061586E+00  0.241033925264217E+00  0.518912220822198E+00  0.820141910862442E+00
-0.745843824590688E+00 -0.503372184864332E+00  0.436272200380501E+00  0.616627108304475E+00  0.563752652935303E+00 -0.549503371793539E+00
-0.539105137270870E+00  0.639107852142824E+00 -0.548549728190200E+00 -0.938699532267798E-01  0.365335510485390E+00 -0.926130874477026E+00
 0.349616732048614E+00  0.852307814217819E+00  0.389023817387692E+00  0.595303490367408E+00  0.799798691067089E+00 -0.770441959121629E-01
 0.896060432309356E-02 -0.970250528161670E-01 -0.995241602173153E+00  0.294900030642914E-01  0.134930206366662E-02 -0.999564164575346E+00
-0.189917495408568E+00  0.703852111817702E+00  0.684487800934026E+00 -0.776834223898210E-02  0.933360396808537E-01  0.995604357441023E+00
-0.248645696844352E+00  0.179947107118742E+00 -0.951732292233684E+00 -0.116143057311698E-01 -0.103652468717248E+00 -0.994545762462041E+00
 0.146293973347478E+00 -0.692749577869884E+00  0.706184179745840E+00  0.188400676993398E+00 -0.406344513163250E+00  0.894085746184643E+00
 0.737822383968304E+00  0.578760140081677E-01  0.672509105304795E+00  0.410446097744029E+00 -0.387131802463622E+00  0.825628832083743E+00
-0.461805168316012E+00 -0.127131233816243E-01 -0.886890276759478E+00  0.669433732373146E+00  0.229709527474726E+00  0.706464444220866E+00
-0.181589348905412E+00 -0.714060761194730E+00  0.676123167541323E+00 -0.710466135204551E+00 -0.413292624199798E+00  0.569585004638950E+00
-0.454938574233168E+00  0.335770221706787E+00  0.824796491196263E+00 -0.427432818273994E-01 -0.407622738804424E-01 -0.998254200535475E+00
 0.215364737158058E-01  0.290461040173321E+00 -0.956644429472790E+00 -0.321977162306378E+00  0.122254021458304E+00 -0.938820888769740E+00
-0.586089405654768E+00  0.340301940178230E+00  0.735318841109197E+00 -0.788292651087979E+00  0.358579430380877E+00  0.500015488108529E+00
 0.159921027047719E+00 -0.257755159023490E+00  0.952883803569343E+00 -0.232170452555025E+00 -0.419064216145655E+00  0.877771077050630E+00
-0.488421637930306E+00  0.587197857671922E+00 -0.645478876143118E+00  0.251571015792070E+00 -0.296725854848568E+00  0.921230585183608E+00
 0.329239622773739E+00  0.859569928676776E+00 -0.390820685878330E+00  0.213621479357325E+00  0.157272469730921E+00 -0.964173860785452E+00
 0.227679800456995E+00  0.305359679123320E-01  0.973257141318531E+00  0.214517435319325E-01 -0.244145066726578E-01  0.999471737751184E+00
 0.977636167208794E+00 -0.166388964349592E+00  0.128616628427158E+00 -0.950794589742090E+00  0.183159816092572E+00 -0.249884232968202E+00
 0.311499748187481E+00 -0.890098881553571E+00  0.332703904299631E+00 -0.682925252984678E+00  0.720194020065295E+00 -0.122203405427197E+00
-0.433451002463497E-01 -0.168612408575561E-02 -0.999058736646751E+00 -0.210402651471017E+00 -0.146000502271046E+00  0.966651218170529E+00
-0.448498850581033E+00 -0.588714506347860E+00 -0.672505770267504E+00 -0.299342441846302E-01  0.545750003118068E+00  0.837413204530311E+00
-0.433076142263249E+00 -0.828409489858791E+00 -0.355222144740837E+00  0.114384186297367E+00  0.975875128613275E+00  0.185967715690423E+00
-0.370425378874762E-01  0.396406787758528E+00  0.917327372864138E+00 -0.394221108278374E+00 -0.350045627881022E+00 -0.849739828529387E+00
-0.646211374750739E+00 -0.383368540221281E+00 -0.659878338416532E+00 -0.107632762324302E+00 -0.454798279157371E+00 -0.884066577668184E+00
-0.461584231792124E+00 -0.478806990254871E+00 -0.746782339804542E+00  0.665748510192531E+00  0.473914241616893E+00  0.576354242431779E+00
 0.223435603029890E-01  0.277765420720256E-01  0.999364412526035E+00 -0.681599506249929E+00 -0.393821188113640E+00  0.616706563020546E+00
-0.139815695051408E+00  0.274721834836898E+00  0.951304096953829E+00  0.766170958245945E-01  0.817452656893276E-01 -0.993703945933992E+00
 0.194323464105016E+00 -0.918684831213217E+00  0.343884533233132E+00  0.470951338064513E+00  0.418613798512881E+00 -0.776509706874204E+00
-0.775917928924082E+00  0.630818489660406E+00 -0.440461992997874E-02 -0.951098544768754E+00  0.295171795400927E+00  0.910229055708001E-01
-0.283750574289236E+00  0.436827875357877E+00 -0.853619949919666E+00 -0.641534369390997E-02 -0.492738681674173E-02 -0.999967281576976E+00
-0.419428868141274E+00  0.907772520589737E+00 -0.533623761516010E-02  0.611602454485815E+00 -0.770656535699462E+00 -0.178971901846715E+00
-0.268447449190629E-01 -0.891014994163867E-01  0.995660726589124E+00 -0.123358502565716E+00 -0.170918128448693E+00 -0.977532441002518E+00
 0.351146928627554E+00 -0.174437187005628E+00  0.919927987564787E+00  0.884860746373866E-01 -0.549972677633806E-01  0.994557949610695E+00
-0.972109362895840E+00  0.117314510247841E+00 -0.203078044740322E+00 -0.998599935378857E+00  0.324476824034147E-01 -0.417769908919860E-01
 0.786957863240677E+00 -0.737526205230155E-01  0.612582951484660E+00 -0.646363899836093E+00  0.266441287279975E+00 -0.714998426166986E+00
 0.352188070646307E+00 -0.206212050792149E+00 -0.912929434842873E+00  0.757867565710650E-02  0.102565073145863E+00  0.994697426077834E+00
-0.143288457367899E+00 -0.608255548327069E+00  0.780700714688071E+00  0.432501640697695E-01 -0.586146064148591E+00  0.809050192998589E+00
-0.333486230288425E+00  0.379255639347271E+00  0.863106073568776E+00 -0.236278909253899E+00  0.172160526221484E+00 -0.956312203337869E+00
 0.664975526202226E+00 -0.518950226759444E+00  0.537120295370036E+00  0.375365986189126E+00 -0.429162830368752E+00  0.821534930141224E+00
-0.454676754210727E-01  0.197754614025902E+00 -0.979196508941525E+00  0.177023161054203E+00  0.232037274099413E+00  0.956463017517610E+00
 0.644395639854838E+00 -0.692301924442773E+00  0.324764999267020E+00 -0.701979588546629E+00  0.599518017684698E+00 -0.384451302163635E+00
 0.160420717751079E+00  0.185178358935926E+00  0.969522649914908E+00 -0.707358801108189E-01 -0.334934270376040E+00 -0.939582604028309E+00
-0.258297225547482E+00  0.180735801992275E+00  0.949008489505064E+00 -0.128290192451701E+00  0.167008398679856E-01  0.991596040970520E+00
 0.914171505581638E-01 -0.950443291038542E+00 -0.297153924933951E+00  0.135213126232335E+00  0.736924532230071E+00  0.662313856333966E+00
 0.137011692319013E+00  0.971300904095913E+00 -0.194428264072746E+00 -0.332387212259399E+00  0.939382621238216E+00  0.841369837945449E-01
 0.516161462020376E-01  0.234187771810488E+00  0.970820200132697E+00  0.190313749988048E+00 -0.348337789971297E+00 -0.917846098560864E+00
-0.447785316586940E+00  0.538039675732610E+00 -0.714143975390594E+00  0.357521011016430E+00 -0.439381996051557E+00  0.824088701674486E+00
-0.759839741386396E+00  0.649808325918342E+00 -0.198168356973921E-01  0.418840675304182E+00 -0.908026228164550E+00  0.780113299450932E-02
-0.202596932143649E+00  0.884477402711114E-01 -0.975259698914559E+00 -0.206357782156474E+00 -0.225627451536041E+00  0.952107514336912E+00
 0.245770845762236E+00 -0.597424432338641E+00  0.763335273007980E+00  0.608030484592974E+00 -0.144745428018893E-01 -0.793781718998560E+00
 0.941764776366116E+00  0.196828399091639E+00 -0.272649385304831E+00 -0.424857616789350E+00 -0.730661873894802E-02  0.905230699202517E+00
 0.710571820211033E+00 -0.500269721348049E+00 -0.494790758022344E+00 -0.395639903330583E-01  0.131316863124478E+00 -0.990550640870053E+00
-0.689053465776193E+00  0.554615156940673E+00  0.466484028658527E+00 -0.759166015277856E+00  0.589065954080644E+00  0.276890344703822E+00
-0.920283156714096E+00 -0.277417330818863E+00  0.275895878964648E+00  0.978175990069916E+00  0.187349605277044E+00  0.898435187048863E-01
 0.866299720679729E+00  0.482431533352421E+00 -0.129555430520898E+00 -0.964763413680957E+00 -0.171462733489599E+00  0.199579775145030E+00
-0.500404563282912E+00  0.266940834421849E+00 -0.823612690506772E+00  0.282033184985511E+00 -0.733937380337741E-01  0.956593247824988E+00
-0.571693213698185E+00 -0.653624275108822E+00 -0.495925575464613E+00  0.903552652770671E+00  0.282162113922770E+00  0.322454873025230E+00
 0.455297742281264E+00  0.692775943408167E+00 -0.559254376923872E+00 -0.621650542566408E+00 -0.343906304588493E+00  0.703760652914879E+00
 0.558149435020094E+00 -0.742409639958310E+00 -0.370536279848171E+00  0.602702592023871E+00 -0.387894510020067E+00 -0.697343125487015E+00
-0.486638875260280E+00  0.577380685479258E+00  0.655602127147946E+00  0.655847876027738E+00 -0.744615061375433E+00 -0.124144971234302E+00
 0.518987262784732E+00  0.378934757165159E+00  0.766198845522096E+00 -0.841281700669082E+00 -0.108394598801591E+00 -0.529618458014805E+00
-0.850161451707483E+00  0.510362830060191E+00 -0.129442217701868E+00  0.956674524396109E+00 -0.271696225832880E+00 -0.104666208680968E+00
 0.758368236637989E+00 -0.482659284029039E+00  0.438084048099406E+00  0.851654290795059E+00  0.750643263821591E-01  0.518700603310964E+00
-0.834620701423064E+00 -0.526078091668082E+00  0.163248663770768E+00 -0.739775090470557E+00 -0.672751850231750E+00  0.117372709364766E-01
-0.393788531849185E+00 -0.199171454815232E+00 -0.897363540473340E+00  0.101109646734716E-02  0.103432439610279E+00  0.994635967638512E+00
 0.545835819765754E+00 -0.833482239512430E+00 -0.858522817285102E-01  0.116073540911302E+00 -0.978582294025182E+00  0.170010667079230E+00
-0.704760544698943E+00  0.707904852454649E+00  0.467257370922109E-01  0.817215882767058E+00 -0.541584229835412E+00  0.197090646522969E+00
 0.871317131074015E+00 -0.121875587462505E+00  0.475344925583115E+00  0.555446851706268E+00 -0.268954988589955E-01  0.831116975564043E+00
-0.426719452218059E+00 -0.789582441926666E+00  0.440987614905275E+00  0.601645489488316E+00  0.496558867804549E+00 -0.625661246828529E+00
-0.799926186699093E+00  0.386889908496799E+00  0.458731178945126E+00  0.851052363861344E+00 -0.439952198316812E+00 -0.286621592281919E+00
 0.145046669581996E+00  0.713255042200575E-01  0.986850614880958E+00 -0.158745538339583E+00 -0.327325729189974E+00 -0.931481465767048E+00
 0.852524646596407E+00  0.349053177415171E+00 -0.389054760004353E+00 -0.802818280875588E+00  0.153073128467931E+00  0.576239034805006E+00
 0.539434452728998E+00  0.828466237381416E+00 -0.150513005179102E+00  0.182940093795778E+00 -0.835299594716111E+00  0.518466497614931E+00
 0.309980509602650E-01 -0.551454107570601E+00  0.833629107025526E+00 -0.478416688015945E+00  0.625732645660142E+00 -0.616097499413050E+00
-0.413466949398730E+00  0.169538648410290E+00 -0.894595846430174E+00 -0.576488653737445E+00  0.637592250176253E+00 -0.511015610942729E+00
-0.180758994740095E+00  0.336836348322198E+00 -0.924049490162468E+00  0.102457939980940E+00  0.112757902094426E+00  0.988325870373798E+00
 0.220511912554034E+00 -0.520107824286545E+00  0.825143834454138E+00  0.199722773751759E+00 -0.129434308328307E+00  0.971265964333393E+00
-0.146166626761615E+00  0.142238906158442E+00  0.978980802056905E+00  0.575866292918690E-01  0.217091340332769E-01  0.998104450258752E+00
 0.643034325742193E+00 -0.749132442774709E+00  0.159083120096634E+00  0.368856267633255E+00 -0.899679418688327E+00  0.233499459134915E+00
 0.317351778135772E+00  0.343092020987219E+00 -0.884067708973113E+00 -0.694241570418085E+00  0.675795316451581E-01  0.716562383052622E+00
 0.113505847109486E-01 -0.429755797029113E+00  0.902873811308419E+00 -0.171084175930950E-01 -0.637237982634369E-01  0.997820915586730E+00
-0.895624738628243E+00 -0.252129505190258E+00 -0.366451961612442E+00 -0.781861493944777E+00 -0.574663621442572E+00  0.241773295624123E+00
 0.662699667575040E+00 -0.981160953303814E-01 -0.742430052215730E+00  0.398587055913061E+00 -0.574562286889972E-01 -0.915328979462245E+00
 0.230093737381694E+00  0.566768836291430E+00 -0.791094152567557E+00 -0.152031960002067E-01 -0.379888879824195E+00  0.924907185515010E+00
-0.811162060817123E-01  0.120387824166116E+00  0.989407364488186E+00 -0.182282859705511E+00  0.243762276143652E+00  0.952550739744003E+00
-0.369274253921280E+00 -0.917226206712143E+00  0.149440995417371E+00  0.504187985276424E+00  0.663595564930883E+00 -0.552662104460730E+00
 0.662534065507757E+00 -0.575410945344782E-01 -0.746818341018441E+00  0.368443368245622E+00  0.236536584039617E+00 -0.899055019899611E+00
-0.489507531539060E+00  0.395002838787365E+00 -0.777402813164745E+00  0.932132322993814E-01  0.155062992062392E+00 -0.983497209867400E+00
 0.747250221957733E+00 -0.616336777557436E+00  0.248487590060819E+00  0.360840051277232E+00 -0.740640717333168E+00  0.566785484308177E+00
-0.681320442355613E+00  0.731674603364908E+00  0.213243902411466E-01 -0.248963111717534E+00  0.956003465310706E+00 -0.155160379342938E+00
 0.722550781359681E+00 -0.560533149113435E+00  0.404626935709290E+00 -0.167860445939793E+00 -0.713335291007020E+00  0.680423128128979E+00
 0.685875718541849E+00  0.164225495692768E+00 -0.708946038340837E+00 -0.501231016109246E+00 -0.370848279612301E+00  0.781817767768608E+00
 0.349108602627116E+00  0.873216327846893E+00  0.340024158484850E+00  0.466151599530260E+00  0.875172423393938E+00  0.129521873002836E+00
 0.864651675868968E+00 -0.486862125947099E+00 -0.123865853790527E+00  0.500853104769409E+00 -0.863852829614782E+00  0.538930070545169E-01
 0.229060137437987E+00 -0.198571025528452E+00  0.952943335806211E+00  0.178787403482767E+00 -0.175670357792532E+00  0.968077987431247E+00
-0.915244390819846E+00  0.385436748800397E+00  0.117329526322185E+00 -0.781448646452082E+00  0.609713544879326E+00 -0.132617518257941E+00
-0.499578753999096E+00  0.359892658621311E+00  0.787971029177593E+00 -0.550805269185548E+00  0.328062887799731E+00  0.767455729723830E+00
 0.409680634648791E-01  0.978406001073382E+00  0.202591497451230E+00  0.855726699774719E+00  0.513392635125337E+00  0.644966471355765E-01
-0.356767939990007E+00 -0.231210946061997E-01  0.933906875432181E+00 -0.200838934416933E+00  0.177384476895137E+00  0.963430573408852E+00
-0.187905204959094E+00 -0.559536612429084E+00 -0.807223892919843E+00  0.153063404952973E+00  0.783858843187483E+00  0.601778121919519E+00
 0.836931312767429E+00 -0.524059409755328E+00  0.157821775291893E+00 -0.820491533115459E+00  0.251015149460392E+00  0.513600076739890E+00
-0.193716916416577E+00 -0.636540644116084E+00 -0.746518428896657E+00  0.543770757073491E+00  0.424649470538502E+00  0.723868904514548E+00
-0.772708862521427E+00 -0.575508740804212E+00  0.267788541649551E+00 -0.821512157068454E+00 -0.453405396257299E+00  0.345747483625691E+00
-0.397226441568235E+00  0.101677151771618E+00  0.912070672111898E+00 -0.289593370164809E+00 -0.125898170262534E+00  0.948833668606429E+00
-0.285855583085634E-01  0.180194066039495E+00 -0.983215624581069E+00 -0.602868677180779E+00 -0.129942666661321E+00  0.787187564342351E+00
 0.177819584720868E+00  0.713078418662408E+00  0.678158804504976E+00  0.556662787356341E+00 -0.720081112551331E+00  0.414258050639340E+00
 0.946261729622877E+00 -0.140425793065810E+00 -0.291323421119826E+00  0.759185885395998E+00 -0.237884832448037E+00 -0.605844532785982E+00
 0.541122448650802E-01  0.457067730766511E+00  0.887784294999418E+00  0.450899074308592E+00  0.649531790096848E+00  0.612207871920346E+00
 0.721462218230848E+00  0.692437866586026E+00 -0.469772106619327E-02 -0.878269638474506E+00 -0.435639192909161E+00 -0.197131772516041E+00
 0.188916581585808E+00  0.123107767374402E+00  0.974245863637112E+00  0.572194327512173E+00  0.325946706502490E+00  0.752563881729034E+00
-0.446861549787824E+00  0.268908880225933E+00 -0.853230783233270E+00  0.327869162244726E+00 -0.299787196005954E+00  0.895895892143629E+00
-0.620885278374449E+00 -0.195297846187985E+00  0.759183918673345E+00 -0.617833515724110E+00 -0.135138377524748E+00  0.774609169690086E+00
-0.597089917529413E+00  0.664959266439293E+00 -0.448678954667183E+00 -0.694302828006812E+00  0.654570745409973E+00 -0.299133285134196E+00
-0.400442084622554E+00  0.366553791486845E+00  0.839812154478465E+00 -0.299897586614380E+00  0.375990392275497E+00  0.876751197580812E+00
-0.218999244861175E+00  0.706425914365583E-01  0.973164402876185E+00  0.425063269332187E+00 -0.873935099293978E-01 -0.900934843086254E+00
 0.286243543386115E+00 -0.546709194199178E+00  0.786875905621621E+00 -0.291667206614227E+00  0.831065789074071E+00 -0.473560867066257E+00
 0.408467282519915E+00  0.451457147296540E+00 -0.793310105359604E+00  0.603472188066103E+00  0.672922562018629E+00 -0.427780953008656E+00
 0.389302832927061E+00  0.493926035117510E+00  0.777483360663147E+00  0.803076485049392E+00  0.371304804916809E+00  0.466048174555382E+00
-0.832193373583100E-01 -0.964423779734456E+00 -0.250920933706914E+00 -0.523993012425956E+00  0.848112105987095E+00  0.783401468399607E-01
 0.457107556173814E+00  0.662423078322593E+00  0.593505136788574E+00  0.211791120533604E-01 -0.959442355153002E-01 -0.995161368263467E+00
-0.758190855578414E+00  0.577901819618834E+00  0.301953826600216E+00  0.782651961848643E+00 -0.619068340975111E+00  0.648867923139457E-01
 0.388463080126484E+00  0.152668654245065E+00  0.908729177142258E+00  0.382917703351600E+00  0.116565711759613E+00  0.916398639949837E+00
-0.404102989094629E+00 -0.610474653661602E-01  0.912674082669796E+00 -0.968080040592472E+00  0.249282330786398E+00  0.260644310158128E-01
 0.539710359872668E+00  0.429548709670382E+00 -0.724017011862723E+00  0.230178740347091E+00  0.374804095233897E+00 -0.898075518922616E+00
-0.681831972798526E+00 -0.715253004787949E+00  0.153356773608081E+00  0.652141379036658E+00  0.750220549391910E+00 -0.108998848701563E+00
-0.791160982246123E+00 -0.320269540892892E+00  0.521048674643364E+00  0.647582370354785E+00 -0.374236708304983E+00 -0.663764988352601E+00
-0.229122427923701E+00  0.934466155894293E+00 -0.272536082951399E+00 -0.173987201739309E+00  0.903382757880825E+00 -0.391954138126591E+00
 0.392288871829233E+00  0.895508784195710E-02  0.919798481973465E+00  0.240534396751540E+00 -0.160764131710510E+00  0.957234609661988E+00
 0.234217863566222E-01  0.299507282954046E+00  0.953806483193184E+00 -0.710388965950212E-01 -0.631876272450316E+00 -0.771806874473696E+00
 0.855855989876485E+00  0.799050520814717E-01  0.511004605893528E+00  0.574527410574781E+00  0.266472084571782E+00  0.773893327689422E+00
-0.370156808420567E+00  0.519130521516562E+00 -0.770381359334350E+00  0.672671693393107E+00 -0.347290493357670E+00  0.653377460684891E+00
 0.220858475673931E+00 -0.970334383489899E+00 -0.983499768188359E-01  0.569837292462656E+00 -0.820013128722353E+00  0.535156878102864E-01
 0.334161282522932E+00  0.865112512117728E+00 -0.374054245584758E+00  0.736235706167817E+00  0.361566733249335E+00 -0.572037133734323E+00
 0.599908522894611E+00 -0.761039985497870E+00 -0.246835784747285E+00  0.622229051484459E+00 -0.651203461767717E+00 -0.434471010391364E+00
-0.204749125807410E+00 -0.419624620701449E+00 -0.884303665706677E+00 -0.366733857391735E+00  0.258900529942516E-01 -0.929965581620381E+00
-0.436073963612224E+00 -0.527670853557027E+00  0.728973914873449E+00  0.245717221202536E+00  0.852279418242538E+00 -0.461782243535483E+00
 0.792779181664363E+00 -0.401580103652219E+00 -0.458513456149606E+00  0.761934350691134E+00 -0.588867904014889E+00 -0.269612011709402E+00
-0.844639337184507E+00  0.306355317133864E+00  0.439011172687353E+00 -0.671395295201494E+00  0.538883639976585E-01  0.739137606814154E+00
-0.760628294212593E+00 -0.302883684669074E+00 -0.574200375831055E+00  0.120571776589771E+00  0.492782833685867E+00  0.861758391612471E+00
-0.863984519303671E+00 -0.160627411134503E+00 -0.477210210699469E+00 -0.985572398030712E+00  0.990532100213043E-01 -0.137242521925484E+00
-0.267966999904699E+00 -0.909527078254874E+00  0.317732876616864E+00  0.977486352984197E-01  0.152428166032433E+00 -0.983468788776383E+00
 0.877982485897452E+00  0.156099629746432E+00 -0.452525866719635E+00 -0.849180066505869E+00 -0.476803432515516E+00  0.227049997556726E+00
-0.645785245414733E+00 -0.729441681805109E+00  0.225557641524217E+00 -0.484905286675289E+00 -0.443995038975711E+00  0.753482095553247E+00
-0.439807385292446E+00  0.486743674633464E+00 -0.754751653887909E+00  0.795459371819186E-01 -0.170819804180345E+00  0.982086064648939E+00
-0.939775980816503E+00 -0.206618833315686E+00 -0.272267815945338E+00  0.687942237005565E+00  0.672461650582477E+00  0.273003309576403E+00
 0.405369027479332E+00 -0.861897182953384E+00 -0.304646020124145E+00  0.490251925127484E+00 -0.856983735086930E+00  0.158845609650534E+00
 0.254288896804765E+00 -0.813711249229714E+00  0.522696049189999E+00 -0.293916944608908E+00  0.879423204379353E+00 -0.374469834927881E+00
-0.595418250769702E+00  0.495379928607305E+00  0.632515480429823E+00  0.643131897250909E+00  0.475959537938961E+00  0.599869886711592E+00
 0.576005796759082E+00  0.240281859072040E+00  0.781333443736296E+00  0.268026320053887E+00  0.260222988775308E+00  0.927602225024939E+00
 0.907503306756541E-02 -0.100730507019830E+00  0.994872358008981E+00  0.530443967748277E+00  0.117753917866814E+00  0.839501764087772E+00
-0.409900556599626E+00  0.467898069534994E+00 -0.782976966599109E+00 -0.484851202542227E+00  0.269141255310146E-01 -0.874182441622032E+00
 0.114230212078268E+00  0.968727960473789E+00 -0.220267104318479E+00  0.282444372624887E+00  0.851787328601366E+00 -0.441229558400934E+00
-0.410900543343784E+00 -0.889215973186528E+00  0.201136014949386E+00 -0.277379579836994E+00 -0.923091855687213E+00  0.266386926581225E+00
-0.120053387811771E+00 -0.227746821243599E+00  0.966291141162100E+00 -0.862421605636503E-01 -0.160214831324092E+00  0.983307427799214E+00
-0.282416561998984E-02  0.143892371536819E+00  0.989589313554901E+00 -0.119449332032981E+00 -0.247676280240413E+00  0.961451151792512E+00
-0.128107725177500E+00 -0.602744306333862E+00 -0.787583463470354E+00 -0.507693609360418E-01 -0.287784734408825E+00 -0.956348481794888E+00
-0.803269324713553E+00 -0.226581012975265E+00  0.550835217223204E+00 -0.671298447104552E+00 -0.474536179166768E+00  0.569362634510574E+00
 0.456611985531997E+00  0.139804114350579E+00 -0.878612715750903E+00  0.760427473502294E+00 -0.664863153480948E-01 -0.646010547448222E+00
-0.254090430656030E+00  0.365944942848588E+00  0.895277807081454E+00 -0.374307698163896E+00  0.268134828993891E+00  0.887692210496218E+00
 0.354843384998165E+00 -0.490130792227588E+00 -0.796151982119872E+00  0.214973152970665E+00 -0.621657763810623E+00 -0.753211901257426E+00
-0.523414688356511E+00  0.694147818469798E+00 -0.494161785376284E+00  0.333697402324394E-01 -0.406280197364217E+00  0.913139015520919E+00
 0.649007185626211E-01  0.923217891180695E+00  0.378756679325826E+00  0.217466112605163E+00  0.823203066781752E+00  0.524447519499822E+00
-0.292411045725358E+00 -0.943617243469158E+00 -0.155184658279965E+00  0.432545059276361E-01  0.998576527533456E+00 -0.312084343756876E-01
 0.393958987705343E+00  0.824539158597646E+00  0.406117583890759E+00  0.452014172906012E+00  0.654143947245118E+00  0.606447758487630E+00
 0.347212890686226E+00  0.729187313546820E+00 -0.589685569014272E+00 -0.220958291474336E+00  0.935730512829960E+00 -0.274928792213043E+00
-0.429496152491095E+00 -0.112335271270166E+00 -0.896054597568700E+00 -0.505602715028700E+00 -0.378577378506699E+00 -0.775270961044333E+00
 0.480397596377503E+00 -0.724662459431487E+00  0.494047031450880E+00  0.178524321926860E+00  0.977899448244592E+00  0.108819739034227E+00
 0.543347006354381E+00  0.756771767832918E+00  0.363415082373822E+00 -0.121603235994486E+00 -0.283137929189231E+00 -0.951338828204811E+00
-0.630698998393318E+00  0.331886054033992E+00  0.701477312935644E+00  0.666658281590541E+00  0.962198422404279E-02 -0.745301384009408E+00
 0.457741817274325E+00 -0.599865659976256E+00  0.656226804313607E+00  0.339251638884539E+00 -0.627845271029800E+00  0.700513127043078E+00
 0.165260568579397E+00 -0.144471848742854E+00  0.975611003112222E+00 -0.245128027581584E+00  0.470606662675144E+00 -0.847609355269115E+00
 0.838635325070108E-01 -0.139183809307827E+00  0.986709063068749E+00 -0.371967111990367E-01  0.255351704589637E+00 -0.966132450360271E+00
-0.319740755191730E+00  0.393720046982471E+00  0.861829666508146E+00  0.362819334401332E+00 -0.474296550461158E+00 -0.802125247579965E+00
 0.517682355186990E+00 -0.815423604116020E+00 -0.259016070888452E+00  0.343443673444242E+00 -0.932033539249803E+00  0.115585141279534E+00
-0.422248875739692E+00 -0.161588920296908E+00 -0.891961270332880E+00  0.604399786407616E-01 -0.102923626944266E+00  0.992851316158941E+00
-0.679058529416959E+00  0.684041789554912E+00 -0.266395089610510E+00 -0.452914347718054E+00  0.567219699494688E+00 -0.687844754385963E+00
 0.988962561607988E+00 -0.815930003447915E-01  0.123675519131722E+00  0.790362049877755E+00 -0.439293596882532E+00  0.427023378576677E+00
-0.120245216261294E+00  0.582747820018301E+00  0.803707699496647E+00  0.137975044599665E+00  0.366260741466020E+00  0.920226035454595E+00
 0.136734245414613E+00  0.109200596892221E+00 -0.984570452415305E+00 -0.226034159591305E-01  0.247833279287740E+00 -0.968538977669182E+00
-0.814976006202990E+00 -0.578171585221905E+00 -0.391372885546945E-01  0.756385093961624E+00  0.563869016592886E+00 -0.331561942567655E+00
 0.102296321526588E+00  0.607395419038418E-01  0.992897865166121E+00  0.187016398286442E-01  0.159217231985382E+00 -0.987066422135123E+00
-0.988124786464905E-01  0.536036393012423E+00 -0.838391960499364E+00 -0.122585960542619E-01  0.355183406026997E-01  0.999293837819292E+00
 0.444311840973386E+00  0.145777776302216E+00  0.883932026745960E+00 -0.948455598545336E+00 -0.158802190051741E+00 -0.274251421186435E+00
 0.818746972108974E+00  0.491774971887161E+00 -0.296328825273156E+00  0.725025751068438E+00  0.573142190594799E+00 -0.381897485783611E+00
-0.640811681090601E+00 -0.701822603974986E-01  0.764483380920302E+00 -0.936324654961561E+00  0.156434787079388E+00  0.314363321496864E+00
-0.808458860695659E+00  0.115680013628442E+00 -0.577072270179048E+00 -0.693755880571805E+00  0.691854688239682E+00 -0.200099646508462E+00
 0.442280838540507E+00 -0.603375350103796E-01  0.894844702576250E+00  0.817746608680869E-02  0.878819787985993E-01  0.996097328001055E+00
 0.490020998144402E+00  0.742974927115093E+00  0.455925080529560E+00 -0.527328198196323E+00 -0.810824733191600E+00 -0.253945315829590E+00
-0.787114702697795E+00  0.565816122628536E-01  0.614205963786332E+00 -0.625846910112545E+00  0.228680866770893E-01  0.779610605183324E+00
 0.274756136073824E-02  0.577118500644373E-02 -0.999979571956443E+00  0.670456641481317E+00  0.100813570167291E-01  0.741880218185048E+00
 0.220347972112008E+00 -0.635627900515052E-01  0.973348109828644E+00 -0.866303872988101E-01 -0.994719058589298E-01  0.991262082368356E+00
 0.697250431737883E-01 -0.746696184888401E-01  0.994767744968213E+00 -0.132956253356405E-01  0.910723525405034E-01  0.995755518663930E+00
 0.247458546880449E+00  0.830636760234746E+00  0.498805413084644E+00 -0.178100316913532E+00 -0.912322520814389E+00 -0.368711126941103E+00
-0.274721736726424E+00 -0.193112700145610E+00  0.941931766325188E+00  0.294357764709802E+00 -0.410120976870130E+00 -0.863223198649190E+00
 0.116638792092674E+00 -0.692552948711438E-01  0.990756830060471E+00  0.166221918854853E+00 -0.574506414369248E-01  0.984413377342413E+00
-0.852046754781100E+00 -0.460834938878398E+00 -0.248289119326519E+00  0.782281723461117E+00  0.532326312414662E+00  0.323518163709106E+00
 0.279035802603217E+00  0.178163915101211E+00 -0.943608308686071E+00 -0.140235684412012E-02  0.796512519592947E-02  0.999967294553124E+00
-0.159490097408875E+00  0.215066854261792E+00  0.963488016026377E+00  0.282852586363475E-01 -0.194157636240748E+00 -0.980562469419098E+00
 0.965138154265742E+00  0.254068190136431E+00 -0.629102371742086E-01  0.704683742510115E+00  0.690333635161885E+00 -0.163891107770114E+00
-0.195885624906942E+00 -0.322116720268780E-01  0.980097561541732E+00  0.301132119305915E+00 -0.406985155925263E+00 -0.862370297249863E+00
-0.310076663689482E-01 -0.932623828997282E+00  0.359515393568621E+00 -0.364532369927909E+00 -0.821472816849858E+00 -0.438518599892299E+00
 0.282313716021516E+00 -0.847953303730630E+00  0.448635888486902E+00 -0.336358138038429E+00 -0.862698682161093E+00  0.377642935552666E+00
-0.212735521814383E+00 -0.119498028922464E+00  0.969775138288257E+00  0.163666853539579E+00  0.305997835610010E-01  0.986040980029975E+00
 0.129096787256388E+00 -0.785858202105386E+00  0.604781700867155E+00  0.993898694808021E-01  0.978280734327804E+00 -0.181902332826276E+00
 0.508756902091542E+00  0.700531463249378E+00  0.500421905567594E+00  0.929160182697591E+00  0.307247718097620E+00 -0.205572845028679E+00
-0.505387322886791E-01 -0.384554878966044E+00  0.921717625741238E+00 -0.168448400758042E+00 -0.600289255963305E+00  0.781842660294947E+00
-0.659832930653020E+00 -0.659856522276265E+00 -0.359457749443966E+00 -0.419729117936471E+00 -0.734613134340286E+00 -0.533076927291936E+00
-0.806797295623920E+00 -0.560415611257607E+00 -0.187116184315231E+00 -0.769585998053754E+00 -0.377362798794847E-01 -0.637427144684366E+00
 0.210328026822125E+00  0.638751755758177E+00  0.740106962302719E+00 -0.140762515902372E+00 -0.824081335257411E-01 -0.986607730380032E+00
-0.953856962157228E+00 -0.276825730469272E+00  0.116294499845603E+00  0.784513023718302E+00 -0.141863800869568E+00 -0.603667108280058E+00
-0.767707448217869E-01 -0.276686647041012E-01  0.996664787043768E+00  0.407144052156267E-01 -0.443566178411700E-01  0.998185768112144E+00
 0.307280874556775E+00 -0.196163069351902E+00  0.931181246779629E+00 -0.694249599849584E-01 -0.124436128604313E+00 -0.989795850076700E+00
-0.999688615282514E+00 -0.337561042130052E-02  0.247240314029571E-01  0.922633744254717E+00 -0.389616329966740E-01  0.383704267785430E+00
 0.592105468830138E+00 -0.788528419461145E+00 -0.166234910543937E+00 -0.732230375723664E+00  0.669780343503193E+00 -0.123421911848449E+00
-0.668427991006628E+00  0.482016286500522E+00  0.566448868290060E+00  0.477819357096286E+00 -0.605756236049833E+00 -0.636198117311605E+00
 0.617968930225705E+00  0.562593205931213E+00 -0.549184200351519E+00  0.547179301045208E+00  0.621593595482668E+00 -0.560549921561503E+00
-0.286554157077407E+00 -0.644963212869127E+00 -0.708455481386933E+00  0.131275911797838E+00  0.671777666882747E+00  0.729027709527710E+00
-0.868098004094936E+00  0.437861870336916E+00  0.233843618239723E+00 -0.824947955096312E+00  0.334510814970140E+00  0.455591248873840E+00
 0.295545871557921E-01  0.623597421357746E+00  0.781186778212497E+00 -0.149005224320491E+00  0.770499963628135E+00  0.619780000624611E+00
-0.147719046961294E+00  0.915370849491252E+00  0.374533431173387E+00  0.175376453211284E+00 -0.715298613281999E+00 -0.676454723906840E+00
 0.190247439532260E+00 -0.749771243802513E+00 -0.633757835232237E+00  0.878138241628780E-01 -0.370351424402088E+00 -0.924731612268790E+00
-0.695894803366110E+00 -0.656863933042732E+00 -0.290276068796028E+00 -0.607282709529952E+00 -0.181697523207368E+00 -0.773429842174627E+00
-0.810968805829951E-01 -0.439638312846689E+00  0.894506260367710E+00  0.647350225957496E+00  0.466136028970930E+00 -0.603038048093145E+00
-0.427310292283885E+00 -0.691952446725719E+00  0.581900099311344E+00 -0.806685936925487E+00 -0.438501328482944E+00  0.396199929436317E+00
-0.693094650925839E+00 -0.718927064923261E+00 -0.525707159815715E-01  0.659548023150134E+00  0.604295456147763E+00 -0.447016114740751E+00
 0.620486884806692E+00 -0.764444503296965E+00  0.174987505730961E+00 -0.800417830840253E+00  0.318232251945788E+00 -0.507995600270806E+00
 0.291186755915008E+00 -0.808555609779779E+00  0.511319957632541E+00 -0.200978109406144E+00  0.511061549504379E+00 -0.835717591150094E+00
 0.487919732455625E+00 -0.339218353374598E+00 -0.804279331708989E+00 -0.415169957439146E+00  0.260233804185049E+00  0.871729472714646E+00
-0.254960601685730E+00  0.165285294512623E+00  0.952720243831276E+00 -0.195968973421705E-01  0.332379909875770E-01  0.999255321511810E+00
-0.536112380592171E+00 -0.438721166868422E+00 -0.721184617915139E+00 -0.436297817907184E+00  0.581205828274863E-01 -0.897923277313392E+00
-0.385800543725474E+00 -0.803684581168404E+00  0.453044185983327E+00  0.157985092328109E+00  0.927902204330458E+00  0.337695439413616E+00
-0.107358047847752E+00  0.512906760674976E+00  0.851704704939584E+00  0.891396351846516E-01 -0.428542043792882E+00 -0.899113920557883E+00
 0.487613940888058E+00 -0.721428224875814E+00  0.491705156576732E+00 -0.753892285253134E-01  0.969682285160987E+00  0.232449413996517E+00
-0.226831682139170E+00 -0.539982279650490E+00  0.810534715876732E+00  0.363696531571007E+00  0.869189111160073E-01 -0.927453468274084E+00
-0.924493046017670E+00  0.374297407663152E+00 -0.722084377452793E-01 -0.605255511742767E+00  0.795912941089598E+00  0.137242745202848E-01
-0.296436584158415E+00 -0.644594626061220E+00 -0.704714920819396E+00 -0.571143810458933E+00 -0.626388334752288E+00 -0.530502028140049E+00
 0.397857394710429E+00 -0.180371940108955E+00 -0.899541803750977E+00  0.270551820089345E-01 -0.712952695669880E-01  0.997088261722017E+00
 0.566577251314413E+00 -0.420483730104615E+00 -0.708649173435144E+00  0.548884382612482E-02  0.542830620735356E+00  0.839824261250840E+00
 0.321056728772311E+00 -0.174739705708350E+00 -0.930799985044576E+00  0.403555687819323E+00  0.409763326170531E+00 -0.818068960023748E+00
 0.583964459205619E+00 -0.157109230611131E+00  0.796430913539566E+00  0.751794146753336E-01  0.364111272053696E+00  0.928316237697323E+00
-0.159047637045399E+00  0.940781459680620E+00  0.299389536008653E+00 -0.452715063078854E-01  0.956949205961459E+00  0.286703170415585E+00
 0.403768300781735E+00  0.370654169603159E+00 -0.836412963696536E+00  0.668765059583649E+00  0.445292020322412E+00 -0.595372414306595E+00
-0.138196466103996E+00 -0.303766763174815E+00  0.942670403877550E+00  0.306515480195952E+00  0.198675697760851E+00  0.930900761370128E+00
 0.120999473926296E-01 -0.179206790756924E+00  0.983737016391932E+00  0.240827294839786E+00 -0.312384501263593E-01 -0.970065138685982E+00
-0.480663543057515E+00  0.860913619934732E+00  0.166704221261110E+00 -0.633492848678830E+00  0.709283706863008E+00 -0.309198049559584E+00
-0.696314450481886E+00 -0.688526820767231E+00  0.202674623804459E+00  0.660344876349241E+00  0.617344646775826E+00 -0.427586519170723E+00
 0.563038798174847E+00 -0.598697691200935E+00  0.569691483436863E+00  0.784522257201080E+00 -0.208384855012161E+00  0.584038166696050E+00
-0.442694251458492E+00  0.592730025980471E+00  0.672824580427020E+00  0.214549062149520E+00 -0.509868044907138E+00 -0.833068590641451E+00
 0.719457235721255E+00 -0.692257326689663E+00 -0.562234791951917E-01 -0.347479174522322E+00  0.870469296839499E+00  0.348627919898900E+00
-0.654598807035166E+00  0.716724668000549E+00  0.240429099960137E+00  0.956268814396178E+00 -0.190592786360140E+00 -0.221865599859030E+00
-0.343247914269556E+00  0.363609349816870E-01 -0.938540756577389E+00  0.528963346860771E+00  0.821925160336802E-01  0.844655058580664E+00
 0.776463121405234E+00  0.629051715901769E+00 -0.374026712773387E-01 -0.820687433153788E+00 -0.571340353260889E+00  0.650675027720294E-02
-0.605139112693099E+00  0.325303042465846E+00  0.726625477706000E+00 -0.116417704353342E+00  0.786891766943006E+00  0.606010119742577E+00
-0.606722757775589E+00  0.810382203941715E-01 -0.790771965886835E+00  0.637013005939521E+00 -0.255005810794268E-02  0.770848835678917E+00
-0.171280312767460E+00 -0.460662492491885E-02  0.985211567870111E+00  0.108749893420533E+00  0.339647494715498E+00 -0.934244636064081E+00
 0.164294876379155E+00  0.819597481930013E+00  0.548878093213366E+00 -0.153011630610412E+00 -0.232296973103986E+00 -0.960533995850573E+00
 0.128251116170377E+00 -0.563231917590933E+00  0.816285157410015E+00 -0.107416375994780E+00  0.944134999750261E-01 -0.989721078481515E+00
 0.111955169441447E+00 -0.638666926421731E-01 -0.991658754615864E+00 -0.770975573783988E-01  0.438086074207701E+00 -0.895620766972031E+00
 0.647493669569543E+00  0.389736219357057E+00  0.654872222031623E+00 -0.958392096718172E+00 -0.253128857033841E+00  0.131948363706746E+00
 0.520363245424925E+00 -0.705172821350273E+00  0.481615390991334E+00 -0.851357863497451E-01  0.776809215277194E+00 -0.623954598462934E+00
-0.164960896225617E-01 -0.917508522600249E+00  0.397373866759092E+00 -0.164026307454182E+00 -0.802961051772023E+00  0.573017381760897E+00
-0.295980459632207E+00  0.193713559752544E+00  0.935345189907932E+00  0.188431999661022E-01 -0.203442077940427E-03  0.999822430447706E+00
 0.845898097589812E+00  0.647255356508232E-01 -0.529402506160152E+00  0.644899705418298E+00  0.639159921145585E+00 -0.419021437581137E+00
 0.410249134378763E+00  0.586520428722991E+00  0.698347645826973E+00  0.386969462632319E+00  0.345098113762201E+00  0.855080070442426E+00
 0.723084031421665E+00  0.385438019712316E+00 -0.573225101040804E+00  0.801060644483777E+00  0.567847145219392E+00 -0.189344827036343E+00
 0.215332327047428E+00 -0.249891707880449E-01  0.976221045804517E+00 -0.618958379110552E-01 -0.577105676698403E+00 -0.814320540801819E+00
-0.366286129633172E+00  0.928098641057654E+00  0.668384896993275E-01  0.406783619624588E+00 -0.835576701088985E+00 -0.369240657840341E+00
 0.780893049111723E+00  0.202516213294026E+00  0.590925739160214E+00 -0.758042157854981E-02  0.185331615400640E+00 -0.982646797960326E+00
 0.613468455543458E+00 -0.389470356971832E-01  0.788758253499465E+00  0.913855393166829E+00 -0.271184305629207E+00  0.302204223597727E+00
-0.373284710830857E+00 -0.827425394884092E+00 -0.419554216473661E+00  0.674325989907017E-01  0.967438243848739E+00  0.243959195219668E+00
-0.170364401823400E+00 -0.967148543611330E+00  0.188678735372691E+00 -0.101621158113088E+00  0.951103289093829E+00 -0.291677345192689E+00
 0.383483238788781E+00  0.863474390372642E-01 -0.919502433569250E+00  0.688473661604509E+00  0.154871318792705E+00 -0.708532915179167E+00
-0.834636585531383E+00  0.377466898629836E+00  0.401124058778937E+00 -0.778455283995613E+00  0.378325972890212E+00  0.500876061572106E+00
 0.526939504706586E+00  0.322656432378881E-02 -0.849896668814652E+00 -0.918427500459050E-02  0.140950982503236E-01 -0.999858478634828E+00
-0.122730133116537E+00 -0.765527139305553E+00  0.631589671710877E+00 -0.648453997847999E+00 -0.751264369168702E+00  0.122919731095131E+00
-0.382399486958302E+00  0.304385363677755E+00  0.872422021015511E+00  0.407938397218481E-01 -0.228085780413841E+00 -0.972786070733827E+00
-0.933252960547529E+00 -0.358622576636858E+00 -0.207065003226883E-01  0.681237429568661E+00  0.502139206584591E+00  0.532702338802150E+00
-0.516701879048329E-01 -0.172894683048726E-01 -0.998514529672760E+00 -0.274499987906811E+00 -0.176710052476454E+00  0.945210724649763E+00
 0.481604529708368E+00 -0.116495449526793E+00  0.868611470799190E+00  0.322958660522118E-01 -0.980620644143648E-02 -0.999430245365411E+00
 0.970905199618265E+00  0.108319524010598E+00  0.213564917700298E+00 -0.973066670920887E+00 -0.202592997317699E+00 -0.109987869243719E+00
-0.166117578907228E+00 -0.981820995116706E+00 -0.918285550688987E-01 -0.694957840185380E-01  0.994045427763919E+00 -0.839286813032066E-01
-0.374395700533090E-01  0.829525413173149E+00  0.557212587343591E+00  0.205112845668148E+00  0.455961161164487E+00  0.866041650298326E+00
-0.792148986864504E+00  0.511317624158658E+00 -0.333248060510912E+00 -0.884970832963210E+00  0.388801509324598E+00 -0.256242094807462E+00
 0.702966189680655E+00  0.539474811133438E+00  0.463471104081368E+00  0.621679847885235E+00  0.573275294626044E+00  0.533731770934440E+00
 0.624307510158121E+00 -0.296643998311059E+00  0.722663456268681E+00 -0.126737074713176E+00  0.642964587444042E+00 -0.755337178474660E+00
-0.602511979025060E+00  0.600873887067981E+00  0.525290288289362E+00 -0.411901909999676E+00  0.628333479576519E+00  0.659949888235374E+00
 0.532161100903470E+00  0.458994887550774E-01 -0.845398012546298E+00  0.396242670017792E+00 -0.154367190104329E-01 -0.918016042432464E+00
-0.809678211506668E-01 -0.161682236814200E+00  0.983515666492848E+00  0.580981202414447E-01  0.844809494561452E+00 -0.531903681434182E+00
-0.568517195365887E+00  0.413758765392384E+00  0.711049845393610E+00  0.746900567076967E-01  0.841094752438583E+00  0.535706088120417E+00
-0.243611059675828E+00 -0.935722569189721E+00 -0.255101793628756E+00 -0.204585428390711E+00 -0.969759127023752E+00 -0.133086581007704E+00
-0.401015002828036E+00 -0.880616516596726E+00 -0.252391596935949E+00  0.869660396921745E-02  0.928502750183530E+00  0.371223668400904E+00
 0.228611241327144E+00 -0.126605576162026E+00  0.965250189548566E+00 -0.877308119550404E-01  0.952251737605567E-01 -0.991582306677555E+00
 0.610094053062335E+00 -0.297752986309022E+00 -0.734253638439764E+00 -0.567160953633380E-01 -0.129286114023835E+00 -0.989984032824445E+00
-0.229406276301100E+00  0.788000190471982E+00  0.571339181406092E+00 -0.504763922862009E+00  0.683864969848786E+00  0.526822631623466E+00
-0.234060239115682E+00  0.837976441308228E-01  0.968604026061855E+00 -0.521823580514109E-01 -0.287713112920465E+00 -0.956293974759755E+00
 0.643909011293596E+00 -0.502868959256461E+00 -0.576631593819856E+00 -0.379933857410224E+00  0.866605733655421E+00  0.323488433160966E+00
-0.561776370474485E+00  0.827111032635894E+00 -0.171653508120229E-01  0.478909416321938E+00 -0.876384675462445E+00  0.509477337353214E-01
 0.742436211472621E+00  0.665860635818117E+00  0.736076460843249E-01  0.926658406592099E+00  0.375880512217598E+00  0.424711987448146E-02
 0.953857214405470E-01 -0.915776588104788E+00  0.390198417250018E+00  0.109599951223472E+00  0.379748983309416E+00 -0.918574199706957E+00
-0.429924388906093E+00  0.242018876762242E+00  0.869822903305302E+00 -0.324966340669974E+00 -0.242032519798212E+00 -0.914230352149662E+00
-0.970652972151205E-01  0.256839009875778E-01  0.994946564045829E+00  0.433587586005639E+00 -0.476499550052595E+00 -0.764820229898162E+00
-0.921031884301667E-01 -0.739785818657270E-01 -0.992997569033345E+00  0.666619025177386E-01  0.471871615987623E-01 -0.996659200796826E+00
 0.508223054626377E+00  0.574098565646848E-01  0.859309859780194E+00  0.678803117245785E+00 -0.404243291119764E-01  0.733206793226339E+00
-0.977964960123711E+00  0.128562492847508E+00  0.164487757000524E+00 -0.163591598910670E+00  0.882911130262825E-01 -0.982569319756337E+00
-0.718041823868906E+00 -0.138502556712842E+00  0.682079893384214E+00 -0.705335201675315E+00 -0.289589382916287E+00  0.647024143737934E+00
-0.940983334310878E+00 -0.251965040079724E+00  0.225973412433421E+00  0.965995185193607E+00 -0.131937104127027E-01  0.258223213883482E+00
-0.610592624088475E+00  0.769283299448744E+00  0.188095328485328E+00 -0.698287934970874E+00  0.508033799451058E+00  0.504277322997410E+00
-0.749978080532400E+00 -0.497816667219172E+00  0.435558772796201E+00  0.894006155753257E+00  0.626707862911771E-01 -0.443650049048718E+00
 0.629671135592070E+00 -0.137706142590813E+00  0.764559532865133E+00 -0.646101120622541E+00 -0.124340077807969E+00 -0.753055699786547E+00
-0.287560712330993E+00 -0.287669522820652E-01 -0.957330297849229E+00 -0.724684627144218E-01  0.785176415974631E-01  0.994275264637405E+00
-0.337167994349409E+00  0.433489039363413E+00  0.835706285927168E+00  0.339827222245504E+00 -0.342333752560293E+00 -0.875970924676666E+00
 0.210848443351166E+00  0.340516704049983E+00  0.916292152208741E+00  0.377831563858134E+00  0.607573711870570E+00  0.698639745502884E+00
 0.132596419737180E+00  0.604425447950629E+00  0.785549532074562E+00  0.119307403084199E+00  0.574846598989342E+00  0.809516603411994E+00
-0.498101366877124E+00  0.347810245808304E+00  0.794306654401125E+00  0.491472503009778E+00 -0.125435897764952E+00 -0.861812400895464E+00
-0.316370851492997E+00  0.448857839162987E+00  0.835724909612924E+00  0.213017478577836E+00 -0.673677875587119E+00 -0.707659292148960E+00
 0.621226796182699E+00 -0.741720732181500E+00 -0.252839125051322E+00  0.703035619200054E+00 -0.539847638227943E+00 -0.462931361689516E+00
 0.895435388015627E+00 -0.372788825174119E+00 -0.243359729032155E+00 -0.706240436692762E+00  0.565026015273089E+00  0.426579474007635E+00
 0.672330353092150E+00  0.734151943439347E+00  0.948304816776495E-01 -0.571236770158356E+00 -0.638408864701460E+00 -0.515870791855521E+00
 0.146284056442587E+00  0.435748265671870E+00  0.888101584164030E+00 -0.120051089521146E+00 -0.761838392684391E-01  0.989840269204636E+00
-0.368393561554339E+00  0.866955362960674E+00  0.335670347869805E+00  0.969359316351245E+00 -0.190125183694480E+00  0.155547196465212E+00
-0.389483020751885E+00  0.217919483460487E+00  0.894882157199651E+00  0.396529790433004E+00 -0.215281438890250E+00 -0.892422560992550E+00
-0.414633791029238E+00  0.785600152628596E+00  0.459250715325136E+00  0.536196523913594E+00 -0.760754197346366E+00 -0.365713465657016E+00
 0.123679507659831E+00  0.913362941233983E+00  0.387906582781769E+00  0.184939928247360E+00  0.966310304173681E+00  0.179001729007373E+00
 0.514715916762408E+00  0.573587255731529E+00  0.637232441965887E+00 -0.473865189727570E+00 -0.410531652222981E+00 -0.779047844799999E+00
-0.902536190566751E+00 -0.414002988371807E+00  0.118448091316282E+00 -0.777245080297444E+00 -0.256209694963006E+00  0.574670929628760E+00
-0.130158038333363E+00 -0.287298258636656E+00  0.948956582590350E+00  0.176224716476498E+00  0.392767364446199E+00 -0.902595505599693E+00
-0.903989613289938E+00 -0.136101150898987E+00 -0.405313774485744E+00  0.796332534396088E+00  0.378342709766942E+00 -0.471922968956282E+00
 0.500424494844898E+00  0.823427970422596E+00  0.267472807000922E+00  0.511124335883780E+00  0.593273829735539E+00  0.621914846436625E+00
-0.529696844173623E+00 -0.275698784862642E+00  0.802129312079896E+00 -0.689042372847555E+00 -0.237959183953286E+00  0.684540747649763E+00
 0.387820736809094E+00 -0.276951053641654E-01  0.921318651303510E+00 -0.106283495053304E+00  0.748881235588226E-01 -0.991511768779924E+00
 0.109432372201756E+00  0.575863379235798E+00  0.810188820195283E+00 -0.356753135628737E+00 -0.554458490794736E+00 -0.751866332671365E+00
-0.307632064174191E+00 -0.304634614399362E+00  0.901421247143464E+00 -0.247948498428278E+00 -0.396867519508069E-02  0.968765085944140E+00
 0.436236893997609E+00  0.777552398855957E+00  0.452890317128403E+00  0.190690139468517E+00  0.971820814412670E+00 -0.138569749165436E+00
-0.807054210509569E+00 -0.587887567310817E+00 -0.552422800049567E-01 -0.720909495472776E+00 -0.684321053978194E+00 -0.109518009566285E+00
 0.214450662590828E+00 -0.612607593276630E+00  0.760738358421718E+00  0.222470764834692E+00  0.475969930509219E+00 -0.850858028136843E+00
-0.572926809773998E-01 -0.925507621257730E+00  0.374370393728297E+00  0.135798977837404E+00  0.680560946765213E+00 -0.719996830101601E+00
 0.845142788899995E+00  0.498387997878607E+00 -0.193243550839068E+00  0.792476515889877E+00  0.395615944866641E+00  0.464186380595464E+00
 0.168555524489776E+00  0.164420879263226E+00 -0.971882096566391E+00  0.167263430660059E+00  0.513742331237104E-01 -0.984572817487248E+00
-0.691234546528491E+00 -0.142423858042347E+00 -0.708456241659205E+00  0.644332954007398E+00 -0.650724479986890E+00  0.401737097522611E+00
 0.345690346081688E+00  0.851606679155396E+00 -0.394035846902082E+00 -0.255876004308895E+00 -0.879767067799946E+00  0.400671157975714E+00
 0.302982679190659E+00  0.165850911904792E+00  0.938453499716848E+00 -0.338844858958217E-01 -0.333631186383371E-01  0.998868732081598E+00
-0.283045210601157E+00  0.919064774436411E+00 -0.274235937006614E+00  0.392846043119005E+00 -0.834774202560090E+00  0.385777159958837E+00
 0.381187160966417E+00  0.157838328202825E+00 -0.910924481208239E+00 -0.140699531596755E+00 -0.889862697427681E-01  0.986045174221608E+00
-0.560257366206509E+00 -0.766529083908786E+00  0.313918535823075E+00 -0.706156184905314E+00 -0.705446082562568E+00 -0.607393374766174E-01
 0.795710996100583E+00  0.219199341985474E+00 -0.564619924513608E+00 -0.565712979311252E+00  0.442690231878305E-01  0.823413066829026E+00
 0.332478106862372E-01  0.864834433850337E+00  0.500955072947005E+00  0.120157136332472E+00  0.933603994746701E+00  0.337558652061210E+00
-0.246323107359625E+00  0.143543173469466E-01  0.969081462186849E+00  0.418776220937074E+00  0.129368713436935E+00  0.898827131745218E+00
-0.683836550125744E+00  0.729393290427478E+00  0.187883099691886E-01 -0.600077734518330E+00  0.761606472924506E+00  0.244667719437695E+00
-0.974998022693442E+00  0.575822936766374E-01 -0.214623240118155E+00 -0.976735052657639E+00  0.775347402778341E-01 -0.199942494132506E+00
 0.135245298620822E+00 -0.846871426028855E+00  0.514312645165193E+00 -0.412022921825179E+00  0.529159194004800E+00 -0.741773320692267E+00
 0.370346927812253E+00 -0.443809556506226E+00  0.816012396115263E+00  0.801643782505824E-01  0.303634279632438E+00  0.949410288911906E+00
-0.331470359799097E+00  0.404442859236959E+00  0.852381002948148E+00  0.253733752768459E-01 -0.196060794005474E-01 -0.999485764519735E+00
 0.697828963115946E+00  0.352051479978777E+00  0.623774393255507E+00  0.720836944376545E+00  0.240400031004102E+00  0.650078398899019E+00
-0.431023556828969E-02  0.196932233139458E+00 -0.980407628193524E+00 -0.313952721381622E-01 -0.100810974848832E-01  0.999456206324655E+00
 0.517801999075396E+00 -0.142451377158579E+00  0.843557167534689E+00  0.578666064502157E+00 -0.253523920111313E+00  0.775158827418599E+00
 0.244367406437977E+00 -0.954241610966025E+00  0.172358691604865E+00 -0.562721506907692E+00  0.824604246386033E+00 -0.580718736193169E-01
-0.239060363391552E-01 -0.358293996345272E+00  0.933302691311605E+00 -0.129010649080520E+00 -0.275785583749053E+00  0.952522211929998E+00
 0.953852227027702E-01 -0.502144522755440E+00 -0.859507148054427E+00 -0.333522286279119E+00 -0.520084147639314E+00 -0.786304879756852E+00
-0.769410287365533E+00 -0.148418668363607E+00 -0.621272652365499E+00 -0.626019643709050E-02 -0.699434559063880E+00  0.714669229453518E+00
-0.816921864065208E+00 -0.324738275368424E+00  0.476637934414549E+00  0.583244446652735E+00 -0.453404596101190E+00 -0.673980851124913E+00
 0.430492212796092E+00  0.130030625425102E+00 -0.893178868521575E+00  0.996326023183487E-02 -0.105596222455552E+00  0.994359176177638E+00
-0.708426273900784E+00  0.270777233816899E+00  0.651775961579990E+00  0.986059175508791E+00 -0.985506755371858E-01 -0.134071125698589E+00
-0.598725971214525E+00 -0.253390773200775E+00 -0.759815982623384E+00  0.761023983447257E+00  0.232337835764514E+00  0.605691032367436E+00
 0.641474490097801E+00 -0.455743583549379E+00  0.617096641221889E+00 -0.642215393526919E+00  0.393415363845987E+00 -0.657863009909353E+00
-0.623560890994527E-01 -0.944971370364435E-01  0.993570334321701E+00  0.395455018426597E+00  0.223824610596331E+00 -0.890796201211377E+00
-0.502855082052661E-01  0.843284453929968E+00  0.535109986287468E+00  0.475026099541333E+00 -0.431845889066131E+00 -0.766719852913194E+00
 0.586657446838783E-01  0.962153164736910E+00  0.266119555815493E+00 -0.932676003716822E-01 -0.826709600447444E+00  0.554844474829600E+00
-0.167422162907135E+00 -0.731497112943366E+00 -0.660970342090338E+00 -0.644680507599231E+00 -0.622635193605330E+00 -0.443522782735735E+00
-0.717533903118032E+00 -0.176391083307732E+00  0.673818435192839E+00 -0.781213834235421E+00  0.514829848674871E+00  0.353065393535817E+00
 0.475524526242780E+00 -0.214629652433263E+00  0.853118126192356E+00  0.304365432227389E+00 -0.341940944271482E+00  0.889065843622260E+00
 0.293675174509445E+00  0.498340608841989E-01  0.954605393999341E+00 -0.123517790148436E-01 -0.135506001618374E+00  0.990699529161375E+00
-0.384019824484294E+00 -0.331881973890174E+00  0.861616579349430E+00  0.624254628062439E+00  0.779045207947085E-01 -0.777326858523731E+00
-0.105089362879449E+00  0.100767317189185E+00  0.989344314986489E+00  0.130318211696912E-01  0.105302254914470E-01 -0.999859633142623E+00
-0.173379843943387E+00 -0.634955623700482E+00  0.752841806520665E+00 -0.161444769055585E-01 -0.908193789063538E+00  0.418238445592773E+00
 0.411593360220343E+00 -0.116340155487436E-01  0.911293342181725E+00  0.518515109227827E+00  0.250749001960423E+00  0.817476005469461E+00
 0.542150025348845E-01  0.550250956015127E+00  0.833237432491232E+00  0.669535588719754E-01 -0.621188730279529E+00 -0.780795608548155E+00
 0.172726529075157E+00  0.505794222237012E-01  0.983670304625064E+00 -0.674849311770657E-01  0.225630550783964E+00 -0.971872748160453E+00
 0.270536184747190E+00 -0.207940926787441E+00  0.939984438014382E+00  0.249007054897251E+00 -0.479480264479461E+00  0.841483310937361E+00
-0.312192464558742E+00  0.130640605226458E+00  0.940993569233501E+00  0.215698205862143E+00  0.255510856768115E-01 -0.976125722439783E+00
-0.808029279031072E+00 -0.240080961109653E+00 -0.538005405494397E+00  0.799225794674124E+00  0.159008719381767E+00  0.579615697068398E+00
-0.433772002307589E+00  0.355582282445936E+00  0.827890747879576E+00 -0.604582537701046E-01  0.199306067211084E+00  0.978070493944031E+00
-0.913561271000685E+00 -0.310365327093652E+00 -0.262829160988015E+00 -0.423719645594035E+00 -0.801655333314100E+00 -0.421675691149875E+00
-0.199798594125184E+00  0.102453266888570E+00  0.974465930594528E+00  0.239953102233499E-01 -0.318420460590208E+00 -0.947645838573043E+00
 0.421348974583791E+00 -0.234945496548932E+00  0.875937015583064E+00 -0.530750155594247E+00  0.305012452299820E+00 -0.790741219539448E+00
 0.766313304358670E-01  0.208050859854054E+00  0.975111521268013E+00  0.168654014786718E+00  0.196212956779677E+00  0.965948393491132E+00
 0.817452905719127E-01 -0.972031026806375E+00 -0.220166733170699E+00  0.282919302251309E+00  0.829557337603383E+00 -0.481447081247793E+00
-0.664318515686025E+00  0.132288651805224E+00  0.735649795976505E+00  0.920821133927603E-01  0.657316263867552E-01 -0.993579507480743E+00
-0.905217375579983E+00 -0.422830942314489E+00 -0.423733072762590E-01 -0.959834971975166E+00 -0.733989945209356E-01  0.270794043835438E+00
-0.653832701427748E+00  0.489565326703008E-01  0.755053677861776E+00 -0.268106999605121E+00  0.154138420816162E+00  0.950978435082016E+00
-0.457508247542083E+00  0.783881694938561E-01  0.885743472069862E+00 -0.492095411753096E+00 -0.235138868712175E+00  0.838183642260041E+00
 0.558399679763732E+00  0.202218470630237E+00  0.804548002157565E+00 -0.224787065404191E+00  0.210713315118958E+00 -0.951352024257347E+00
 0.286647735540970E+00 -0.471155982819176E+00  0.834173312665258E+00 -0.302642093196024E+00 -0.697336884197776E+00  0.649714578382898E+00
 0.569535786283210E+00  0.237267699342756E+00 -0.786977145151854E+00  0.967639983018931E+00 -0.124187128049232E+00 -0.219659783506235E+00
-0.716183826805921E+00 -0.561207980703057E+00 -0.414881101783179E+00 -0.118767873200480E+00 -0.754043742870935E+00 -0.645997079043417E+00
-0.562316010120441E-01  0.719488051012386E+00  0.692224639476247E+00  0.350694736359535E+00  0.301156223670014E+00  0.886745809595136E+00
 0.763432362474291E+00  0.307411006105264E+00 -0.568040052507103E+00 -0.277111129801669E+00  0.313359895380113E+00  0.908303362157934E+00
 0.521413855067290E+00  0.186523001145087E+00  0.832668458504162E+00  0.366993306216511E+00  0.413714782392694E+00  0.833160243903920E+00
 0.384601101243967E+00  0.922684946207599E+00  0.271013461622805E-01  0.580449316380104E+00  0.773458249523831E+00  0.254638817459949E+00
 0.725025517780555E+00  0.434392709117272E+00  0.534453901503951E+00 -0.226195282038974E+00  0.180059807662887E-01 -0.973915539993049E+00
 0.461247646077449E-01 -0.542882383919790E+00  0.838541127983265E+00  0.482600412876452E+00 -0.895261350432820E-01  0.871253070373752E+00
-0.349489785671479E+00  0.123961389858702E-01  0.936858167200109E+00  0.392255343061264E+00  0.165323551882571E+00 -0.904877819947434E+00
 0.753904608617700E+00  0.651190952388535E+00 -0.870527692397212E-01 -0.764553636666996E+00 -0.256783031544938E+00  0.591202343846727E+00
-0.860217512168971E+00 -0.338131164785359E+00  0.381697716994381E+00 -0.828006263848794E+00 -0.553173086364457E-02  0.560691561360444E+00
-0.130741345366019E+00 -0.978558502510475E+00  0.159153880808291E+00  0.296947125160223E+00 -0.888020993150712E+00  0.351057147175075E+00
-0.493975155508614E+00  0.767206616234547E+00  0.409124129997458E+00  0.539277372932550E-01 -0.736666473069224E+00 -0.674102593531712E+00
 0.253607850650120E+00  0.390314343769010E+00  0.885063710213447E+00  0.502964151996424E+00  0.984382577821474E-01  0.858683277589201E+00
 0.871302759758007E+00  0.481128046103771E+00 -0.966814568076465E-01 -0.928619896942148E+00 -0.178812340172173E+00 -0.325101882500403E+00
 0.195346471810866E+00  0.705020063931458E+00  0.681752495708764E+00  0.227010539153635E+00  0.647131916788858E+00  0.727795642599181E+00
 0.335733015521925E+00  0.415523971678943E+00  0.845353873385999E+00  0.289064201302705E+00  0.579836761186209E+00  0.761729097450213E+00
 0.803535700468860E+00  0.384041268542242E+00  0.454799606561486E+00 -0.793665592530199E+00 -0.173066261628714E+00 -0.583217794927032E+00
 0.194881716778188E+00  0.388578028224025E+00 -0.900571059077025E+00  0.155846023072578E+00  0.269599184557256E+00 -0.950278010257274E+00
 0.912889645360037E+00  0.181493264078816E+00  0.365640110612119E+00 -0.926386497233891E+00 -0.279019550098254E+00 -0.252895528639179E+00
 0.182257890721336E-01 -0.633135571142587E+00 -0.773826317184062E+00  0.193343414954019E+00  0.853395197311814E+00  0.484081564510619E+00
 0.296673090728086E+00 -0.216336959133274E+00  0.930152351688052E+00 -0.419680216193994E+00  0.288941685456807E+00 -0.860454076950503E+00
 0.167228463636543E+00 -0.668743484846743E-01  0.983647529587968E+00 -0.249481079606251E+00  0.192105942425092E+00 -0.949133551089343E+00
-0.538082717734902E+00 -0.483415973689481E+00 -0.690489670637347E+00  0.531694346476422E+00  0.605622301581754E+00  0.592049617643513E+00
-0.487716738865305E+00  0.639711173450345E+00 -0.594055550595544E+00 -0.913862891582662E+00  0.405246894614064E-01 -0.403995501128704E+00
 0.602756805800840E+00  0.443205851469107E-02  0.797912645543414E+00  0.208935246992386E+00  0.962007138916484E-01  0.973186254121465E+00
 0.306869464300382E+00  0.951479727713901E+00 -0.227477389970287E-01  0.554580683530919E+00  0.743806202379148E+00 -0.373085243284546E+00
-0.928299469274247E+00 -0.325606751045479E+00 -0.179555949549877E+00  0.829115463287631E+00  0.270686654758878E+00  0.489179193622118E+00
 0.125857557796115E+00  0.264190551392289E+00  0.956223419343323E+00  0.224960581877174E+00  0.176196998653382E+00  0.958304416282751E+00
-0.922909742055343E-01 -0.947791878030781E+00 -0.305242415170431E+00 -0.420429448342414E+00  0.778669860106466E+00  0.465738475894220E+00
 0.420160452461575E+00  0.371520402643215E+00 -0.827911700972458E+00  0.749581917770305E+00 -0.202658782824482E+00 -0.630124088014330E+00
-0.657894377986815E+00  0.534509688692107E+00  0.530541591307986E+00  0.164264121406861E+00 -0.234062002963263E+00 -0.958244372374426E+00
-0.447572368115147E+00 -0.329648195364419E+00  0.831270739646706E+00  0.568623343526960E+00  0.593882584525456E+00 -0.569184477119313E+00
-0.350571020878034E+00  0.558457950188502E+00 -0.751814257108622E+00  0.115469171937267E+00  0.906627277638713E+00 -0.405824900386285E+00
-0.123294502353723E+00  0.422798436536722E+00  0.897797275419930E+00 -0.231653984248291E+00  0.151610858554917E+00 -0.960911327412750E+00
-0.737646224767769E+00  0.425081081852938E+00  0.524579947135415E+00 -0.710553625824614E+00  0.638700830397893E+00  0.295253779106273E+00
 0.600786054159000E-01  0.662499253963846E+00  0.746649382018513E+00 -0.314329872736187E+00  0.812048445300063E+00  0.491705250725883E+00
-0.727262296893379E+00  0.493701400652412E+00  0.476810736572923E+00 -0.645772160119918E+00  0.724517678234847E+00  0.240940762718231E+00
-0.209255030439499E+00 -0.239491485856742E+00 -0.948080249998857E+00  0.648670984515161E-01  0.522013549669888E-01  0.996527610293910E+00
-0.908687012813463E+00  0.167757005657490E+00  0.382289811264933E+00  0.845325032170020E+00 -0.186731877049391E+00 -0.500556486403249E+00
-0.926755528802180E-01  0.127403982709289E+00  0.987511755417705E+00  0.709242639594786E+00  0.704938003092838E+00  0.610655189965958E-02
 0.369623223313108E+00 -0.700760964020441E+00 -0.610174355486013E+00 -0.406362792315265E+00  0.355478275262652E+00  0.841727079781820E+00
 0.229611888611173E+00  0.656643704180074E+00 -0.718399211002547E+00 -0.289968499684453E+00  0.793260572733470E+00 -0.535402589587792E+00
 0.170366954654462E-02  0.354486454335475E+00  0.935059597674255E+00  0.428484852874255E-01  0.301791132622873E+00  0.952410688505109E+00
-0.579287792627726E+00  0.425154998264864E+00  0.695463069301959E+00  0.138541732727740E+00  0.227546407850710E-01  0.990095154323835E+00
-0.356906474883128E+00 -0.636403581491559E+00 -0.683818871961879E+00 -0.285173645550048E+00 -0.314631866402063E+00 -0.905363341718699E+00
 0.944271043675775E+00 -0.150035737288040E+00  0.292987156052781E+00  0.892600462731546E+00  0.919081166576383E-01  0.441381141445663E+00
-0.298594329313233E+00 -0.735519269677461E+00 -0.608155268360897E+00  0.722645627056331E-01  0.991711386188491E+00  0.106237279149391E+00
 0.298992264275894E+00  0.603026369045829E+00 -0.739569350459156E+00 -0.492719924829743E+00 -0.819386399962567E+00  0.292972700489579E+00
 0.973105330727082E+00 -0.216136735674225E+00 -0.796927023172599E-01  0.736462273499014E+00 -0.299116678743876E+00 -0.606755743450275E+00
-0.834062627680124E+00 -0.423271814994421E+00 -0.353808569340337E+00  0.489991062761969E+00  0.497609589376862E+00 -0.715746781322547E+00
 0.214578191535915E+00 -0.359915856388565E+00  0.907973995242850E+00 -0.145605856603700E+00  0.310629772279352E-01 -0.988854906428865E+00
 0.154815910016934E+00 -0.302326536620414E+00  0.940548084502188E+00 -0.559600193896566E-01 -0.324691713627579E+00  0.944162998285516E+00
 0.849954055782030E-01  0.187918048913408E+00  0.978500172674065E+00  0.849320952345804E-01  0.392534980845990E+00  0.915807200239932E+00
-0.119470090233478E+00 -0.423278817239388E+00  0.898087935792498E+00  0.438600549582268E-01 -0.436361278724630E+00  0.898701913878494E+00
 0.503058818155047E+00 -0.621949535527129E+00 -0.600092160200445E+00 -0.466822944661302E-01 -0.388078132330640E+00 -0.920443440190727E+00
 0.485595244628895E+00 -0.532658494058728E+00 -0.693161010949758E+00  0.321100735449384E+00 -0.478150205062875E+00 -0.817475809484412E+00
-0.840991549128550E-01  0.780721201192318E+00 -0.619194426777057E+00 -0.260640031271248E+00 -0.537261534702945E+00  0.802132668221136E+00
 0.728858661345749E+00  0.498808875988989E+00  0.468993344319388E+00 -0.414691516970591E+00 -0.594331736076422E+00 -0.689057859141753E+00
-0.765245293391599E+00  0.605882287838544E+00 -0.217500101667879E+00  0.776778250056568E+00 -0.613682230721634E+00 -0.141455540490910E+00
 0.774460466966125E+00  0.411661353922679E+00  0.480360192764929E+00 -0.281264958887046E-01  0.231077069506321E+00  0.972528810975487E+00
-0.756391088821827E+00  0.153181567954657E-01  0.653940268543940E+00  0.627171181021201E+00  0.303224308731897E-01 -0.778290986638296E+00
 0.779130027549913E+00 -0.528886865440189E+00  0.336504210575327E+00  0.529235396951575E+00 -0.737000779905111E+00  0.420404263813732E+00
 0.771509958193681E+00 -0.415160496510836E+00  0.482093503943852E+00 -0.796074528247826E+00 -0.438508717485365E+00 -0.417103644391107E+00
 0.532709872212062E+00  0.533720589806680E+00  0.656781945598551E+00  0.716339874925324E+00  0.146273425822555E+00  0.682247219481403E+00
-0.497655511656307E+00 -0.834219253274380E+00 -0.237523112947846E+00 -0.608588402358473E+00 -0.770433167365785E+00  0.189875988838730E+00
-0.187280805416773E+00  0.899204037229310E+00  0.395421293499672E+00 -0.394970919106740E+00  0.477091623472606E+00  0.785099710783446E+00
 0.805167990073523E+00 -0.156796152539849E+00 -0.571943593643345E+00 -0.204366793670577E+00  0.699270064770257E-01 -0.976393582224899E+00
-0.117016605736515E+00 -0.683107410392881E+00  0.720882362003841E+00 -0.868995156055218E+00 -0.387824526124874E+00  0.307310194573146E+00
 0.324327954452792E+00  0.344154163128072E+00 -0.881118204307506E+00  0.569210965492335E-02 -0.109569721524211E-01 -0.999923769418913E+00
 0.254169503391763E+00 -0.615349327344061E-01 -0.965200142767787E+00  0.381210043047373E+00  0.316509700961704E+00 -0.868619889409028E+00
 0.298014928788980E+00  0.786465180673428E+00  0.540980241605192E+00  0.611526668375104E+00  0.697772555673107E+00  0.373026265047739E+00
-0.393175103661105E+00 -0.679111925374098E+00  0.619855088448715E+00  0.586581613810023E-01  0.667795203544998E+00 -0.742030178783649E+00
 0.314867047871298E-01 -0.148036563759946E+00 -0.988480532540624E+00 -0.189440800488641E+00  0.218235487664397E+00 -0.957332468390217E+00
-0.994728830701663E+00 -0.101573522917067E+00  0.140489434876032E-01  0.862288594763162E+00  0.185577427595846E+00 -0.471189343797459E+00
 0.541465083029842E+00  0.222312394294986E+00 -0.810797609272695E+00 -0.108034168996401E+00  0.192438765926025E+00  0.975344010951072E+00
 0.522141625530558E+00  0.417470917718321E+00  0.743697623868552E+00 -0.155899900853740E+00 -0.736442539600113E+00 -0.658291429976975E+00
 0.220590605197552E+00  0.445367388736864E-01 -0.974349148811182E+00  0.306114863288831E+00  0.422434701691844E+00 -0.853136925282327E+00
 0.802746829203035E+00 -0.146533372146293E+00  0.578035897719086E+00 -0.909214267070305E+00 -0.413172050813961E+00 -0.511690627429673E-01
-0.535603660178058E+00  0.416005887159343E+00  0.734893067767438E+00 -0.360344918634717E+00  0.378473615928388E+00  0.852589738186093E+00
 0.551514896470285E+00  0.435296547416041E+00 -0.711581502555431E+00  0.705959142087965E+00  0.521231627126787E+00 -0.479519843786664E+00
-0.371842659117602E+00  0.116493481154586E+00  0.920957276809753E+00  0.193042700598078E-01  0.175202255417350E+00 -0.984343189570656E+00
-0.673288468685174E+00  0.629262969326625E+00  0.388214828889641E+00  0.561816220613436E+00 -0.820382858763809E+00 -0.106463605528627E+00
 0.783079817827263E+00  0.576773076529951E-01 -0.619240928147940E+00 -0.500244876978663E-02  0.160816324071408E+00 -0.986971674070976E+00
-0.196623273634905E+00  0.437001928958947E-01 -0.979504763340105E+00 -0.816508768120117E-01 -0.128991659405551E+00 -0.988278445641527E+00
-0.899971851684057E+00 -0.215052209333055E+00 -0.379213941512363E+00  0.884261985005505E+00 -0.356360717776050E+00  0.301807522603832E+00
-0.296965707803740E+00 -0.182964439326218E+00  0.937195487788255E+00 -0.463358563430035E+00 -0.112395580910581E+00  0.879014263301698E+00
 0.663603301701765E+00  0.693975956058621E+00  0.279334978803297E+00 -0.563905395160418E+00 -0.821667562835912E+00 -0.829042911571232E-01
-0.459031465322848E+00 -0.516418029327900E+00 -0.722912534701569E+00 -0.461895340477134E+00 -0.783331636797872E+00 -0.415985866631402E+00
-0.247926018707526E+00  0.336401388500556E+00 -0.908496997828134E+00 -0.275501418129077E+00 -0.574699848504471E+00  0.770596556401471E+00
-0.123317028614793E+00  0.309070058742904E+00  0.943010397207940E+00  0.175122870585498E+00 -0.257198324714445E+00 -0.950358354496859E+00
 0.357299462311530E+00  0.589306942166824E+00 -0.724606391184814E+00 -0.590899981931179E-02 -0.832793062635101E+00  0.553552886857240E+00
 0.437947728510900E+00  0.539010816113584E+00 -0.719492270427356E+00  0.639195197754500E+00  0.627202217316794E+00 -0.445024581074443E+00
 0.728863108319791E+00 -0.661895405221849E+00 -0.175080101315417E+00 -0.671717882788725E+00  0.559292992355903E+00 -0.485784349936690E+00
 0.367278603407111E-01 -0.471479124230931E+00 -0.881112081229867E+00  0.482422862863255E-01 -0.301018980203039E+00 -0.952397110123393E+00
-0.370388957650486E+00  0.321023602490809E-01  0.928321850716132E+00  0.118950561259583E-02 -0.242088062037173E-01  0.999706216234844E+00
-0.699413265710271E+00  0.706081801070562E+00 -0.110768108882678E+00  0.717540232564279E+00 -0.690126002944740E+00  0.941388055539111E-01
 0.479622938240940E+00  0.260553621314620E+00  0.837898351551645E+00  0.346599924734073E+00  0.161393447872625E+00  0.924024159401756E+00
-0.651658658885260E+00  0.270996393358088E+00 -0.708450384350784E+00  0.527463382623346E+00  0.463934216578834E+00  0.711721450202901E+00
-0.924732653528266E+00 -0.231405116842627E+00 -0.302193963205129E+00  0.567922785297881E+00  0.818238618371504E+00  0.891586975285581E-01
 0.644982956583737E-03 -0.540623861268027E+00  0.841264182421096E+00  0.446437905754824E-01  0.110164778934284E-01 -0.998942225145116E+00
 0.796189344492325E+00 -0.383152068030752E+00 -0.468270243001453E+00 -0.153792195895543E+00  0.113557566311518E+00  0.981556233547030E+00
-0.207470570004183E+00 -0.959906671489535E+00  0.188507677859606E+00  0.483962303440355E-01  0.943023805670191E+00 -0.329186735497949E+00
-0.874030199175745E+00  0.311470784413836E+00 -0.372903689155037E+00  0.711627085519458E+00 -0.221680637429310E+00  0.666666772941337E+00
-0.791495990955817E-01  0.565749813531272E+00 -0.820769449633903E+00  0.682898241478026E+00 -0.389686265156723E+00  0.617895303861766E+00
-0.331272387574586E+00  0.267799493715081E+00 -0.904733129932015E+00  0.131714584286099E+00  0.125641130224581E+00 -0.983293229246612E+00
 0.533546795403504E+00  0.710903655066512E-02  0.845740668712326E+00  0.313695378002807E+00 -0.259579728163701E+00  0.913352929894099E+00
-0.554362991812056E+00 -0.268053883981886E+00  0.787926892923075E+00  0.912736852134706E+00  0.262442136839801E+00 -0.313106313520162E+00
 0.556737303784200E+00 -0.779347322879141E+00 -0.287508825770993E+00  0.325549654354765E+00 -0.661143208423507E+00 -0.675949022119985E+00
-0.109668964381927E+00  0.523090315804493E+00 -0.845191836072114E+00  0.609748315370518E-01 -0.823522535978644E+00  0.563997076813640E+00
-0.662100908875705E+00  0.565761322735883E+00  0.491463642767305E+00  0.571529509800120E+00 -0.770269461527619E+00 -0.282911604685257E+00
 0.275524516195828E+00 -0.455880239988029E+00  0.846321125674830E+00 -0.635306511737675E-01 -0.154705631823982E+00  0.985915829999387E+00
 0.575925329171236E+00 -0.288095309267107E+00  0.765056277666743E+00  0.128444988861649E+00  0.243944954213411E+00  0.961245413071057E+00
 0.482623282522215E+00  0.397890563696387E+00  0.780229367871303E+00 -0.494801806054975E+00 -0.505448336273609E+00 -0.706889773644360E+00
-0.170689540562002E+00  0.137740218447427E+00 -0.975649892617627E+00 -0.197909024766188E+00  0.174763843292980E-01 -0.980064586599715E+00
 0.772582280571401E+00 -0.512223938809174E+00  0.375157641875930E+00  0.395400264857625E+00 -0.259265634381288E+00  0.881158306650620E+00
 0.282791845962371E+00 -0.855180089059544E+00 -0.434391283445359E+00 -0.193854436734414E+00  0.979492386158411E+00  0.549101340016999E-01
 0.875950198318075E+00  0.136058724734326E+00 -0.462816673738311E+00  0.778299905954187E-01  0.442197844818176E+00 -0.893534307456674E+00
 0.613958993864021E+00 -0.691569005447274E+00  0.380508429023783E+00 -0.326494589068911E+00  0.820788080724780E+00 -0.468730423429987E+00
-0.387823805649804E+00 -0.463912362102658E-01 -0.920565342044869E+00  0.511597178427055E+00 -0.360996281475744E+00  0.779711492660049E+00
 0.443737286383821E+00  0.594359852487646E+00 -0.670696344423903E+00  0.677067917993424E+00 -0.133058565118801E-01 -0.735800236889426E+00
 0.938701608139992E+00 -0.186066962474508E+00 -0.290204025387146E+00 -0.961386036981391E+00  0.588416176606670E-01  0.268839267831712E+00
-0.483095114038756E-01  0.417256762441996E+00  0.907503710903896E+00 -0.607468419697082E-01 -0.269797734888589E-01  0.997788511165165E+00
-0.754914163903743E+00  0.577830160780164E+00  0.310188507895251E+00 -0.718153643947217E+00  0.488125972834403E+00  0.495972154792788E+00
 0.208840654155976E+00  0.584293906982760E+00  0.784210565750377E+00  0.642122691886034E-01 -0.138137859220975E+00 -0.988329255023596E+00
-0.300930144019985E+00  0.493036839883356E+00 -0.816306145351084E+00 -0.614504208137249E-03 -0.149961473329394E-02 -0.999998686769253E+00
 0.746414522450861E+00 -0.652306869394013E+00  0.131761560463723E+00  0.731223859245726E+00 -0.676628661903703E+00  0.865177528614289E-01
 0.338414341727276E-01  0.110420035145364E+00 -0.993308699836878E+00  0.456193805073249E-01  0.452229104495847E+00  0.890734365099389E+00
-0.512224679470414E+00  0.337635301313881E+00 -0.789701387264906E+00 -0.128096715882110E+00  0.151989305488669E+00 -0.980046163401138E+00
 0.986440286622537E+00 -0.118851293461441E+00  0.113180965584277E+00  0.144293477278322E-01 -0.486127957633134E+00  0.873768506374307E+00
-0.249989362833724E+00  0.620079815895355E+00  0.743643960769649E+00  0.130794995749815E+00  0.538681947737845E+00  0.832294676342561E+00
 0.388158301375490E+00 -0.750227447408046E+00  0.535249390685222E+00  0.573969981694102E+00 -0.492296890818376E+00  0.654371630959528E+00
 0.815221376189608E-01  0.167761706589889E+00  0.982451093378232E+00  0.216950607436047E+00  0.203012561513971E+00  0.954839428281356E+00
-0.878246587869596E-01 -0.629324014230772E-01 -0.994146036636509E+00 -0.124822781237221E+00 -0.143075470819042E+00 -0.981808883100023E+00
 0.931498406111028E-01 -0.227587767802549E+00  0.969291965890969E+00  0.329339249887612E+00  0.146985357920837E+00 -0.932700896879781E+00
 0.446523343348799E+00 -0.110857615813630E-01  0.894703308217183E+00 -0.263300540724731E+00  0.109980450635824E+00 -0.958424293166657E+00
 0.426043183313030E+00  0.751426164133068E+00 -0.503831247352487E+00  0.663547968021025E+00  0.747950079683928E+00  0.165762612182568E-01
 0.579164188732891E+00 -0.443329339074727E+00  0.684125675300188E+00 -0.134388175407444E+00  0.285435526244475E+00 -0.948929069355659E+00
 0.962024142538622E+00  0.221881913336551E+00  0.158990457911597E+00  0.957759753858508E+00  0.184097626995759E+00  0.220916992609036E+00
 0.347902578604000E+00 -0.511213940771280E+00  0.785890642877103E+00  0.469407595420724E+00 -0.354288075300924E+00  0.808787035665694E+00
 0.956574690728910E+00  0.194781341787444E+00 -0.216852691817218E+00  0.947184685937498E+00  0.309712361016823E+00 -0.831830761565648E-01
 0.148530297594147E+00  0.375757577842824E+00  0.914737663699428E+00  0.136222841279112E+00  0.755414532431025E-01 -0.987793918970838E+00
-0.342418510709309E+00  0.784493098971086E+00 -0.517030116328208E+00  0.143650736615438E+00 -0.648832603208714E+00  0.747248766397941E+00
 0.400867701191777E+00  0.723891504642268E-01 -0.913271535216272E+00  0.728675963558371E-01  0.464561540393578E+00  0.882537754766598E+00
-0.395336346418803E-01  0.983661284328844E+00  0.175634761492512E+00  0.204118735985572E+00  0.957790085548802E+00  0.202419597974284E+00
-0.277671378001448E+00 -0.946727758597021E+00 -0.163110873152703E+00  0.427764309932532E+00  0.820248598381900E+00  0.379749828177017E+00
-0.896034014082874E+00  0.169540203539472E+00 -0.410340303882433E+00 -0.709823118227269E+00 -0.495582917373231E-01 -0.702634411732157E+00
-0.707190601286920E+00  0.965238022634246E-02 -0.706957060228845E+00  0.712988362010191E+00 -0.380431788981645E+00  0.588998514064552E+00
 0.421328932662500E+00  0.110169176466987E+00 -0.900191470220677E+00  0.234220389566326E+00 -0.234896338943407E-01 -0.971899709955152E+00
 0.623017370180941E+00 -0.941661757784380E-01  0.776519212764300E+00  0.651646219029860E-01 -0.680629608258895E-01  0.995550604146195E+00
 0.424248432520636E+00 -0.880589246066667E+00 -0.211129929700938E+00 -0.377687573610699E-01  0.827044542699696E+00  0.560866156367142E+00
 0.437875628037712E+00  0.249591935095420E+00  0.863694853698865E+00 -0.309423815572689E+00 -0.580939951210860E+00 -0.752838412571757E+00
-0.669864215606098E+00  0.132951432704202E+00  0.730483298366449E+00  0.156340115391391E+00 -0.347129585439308E+00 -0.924693905696442E+00
 0.870884678292298E+00 -0.169327068134685E-01  0.491195643868805E+00  0.121582715209003E+00 -0.135086429692970E-01  0.992489375221486E+00
-0.266708661379427E+00 -0.963521923315605E+00  0.221809205262288E-01  0.247908432735433E+00 -0.939071086644879E+00 -0.238090115725678E+00
 0.526794379418073E+00 -0.566296770342681E+00  0.633873528168653E+00  0.869901449797075E+00 -0.403900367648035E+00  0.283082957195820E+00
 0.522199790832378E+00  0.270238897382038E+00 -0.808874722559904E+00  0.241917149614074E+00  0.403449314679475E-01 -0.969457775886835E+00
 0.291110446925677E+00  0.429582503532884E+00  0.854817863845365E+00  0.293732037015817E+00  0.311296156912347E+00  0.903778840824536E+00
-0.984550736866695E+00 -0.153749348362937E+00  0.837913146645946E-01 -0.980982690748817E+00  0.138230566268873E+00  0.136254434790938E+00
 0.318832579439056E+00  0.871405808949902E+00  0.372823956334092E+00 -0.409446570292151E+00 -0.761789362803962E+00  0.502026366632996E+00
 0.236415322007823E+00  0.189913334859416E+00  0.952911706698219E+00  0.298651658483893E-01 -0.782308399040005E-02  0.999523322001907E+00
-0.347056333128658E-01  0.327335086283426E-01  0.998861369975449E+00  0.312244461407405E+00 -0.107951965822568E-01 -0.949940450792127E+00
-0.499788404335946E-01 -0.474798323468604E+00 -0.878674380837587E+00  0.140894511801453E+00 -0.834150842068776E+00 -0.533236447760450E+00
 0.350638004635384E+00  0.196146553194107E+00 -0.915739875387868E+00 -0.118196195538413E-01  0.113216846725531E-01 -0.999866049053461E+00
 0.595836040739691E+00 -0.640887718831435E+00  0.483985892776524E+00 -0.604724517869936E+00  0.680923726664302E+00 -0.413099426231232E+00
 0.277162634796929E-01 -0.957349740519949E+00  0.287599170835229E+00 -0.146878608938020E+00  0.987850217825069E+00  0.507801278001087E-01
 0.857703009045639E+00 -0.241180146703027E+00  0.454067930061530E+00  0.733832885396092E+00 -0.642978629871605E+00  0.219243649485404E+00
 0.293514960226804E-01 -0.148041552246568E+00 -0.988545491360745E+00  0.281320673799018E+00  0.422599477663240E+00  0.861549975318915E+00
-0.482302526289744E+00 -0.406629619296546E+00  0.775910191868412E+00  0.397862623946785E+00 -0.484909369609099E-01 -0.916162628302875E+00
 0.655281306880759E+00 -0.663824876580160E+00  0.360475993772096E+00  0.851180107336225E-01 -0.993572621717534E+00 -0.746215091116276E-01
-0.307103441151094E-01 -0.555654452105874E-01  0.997982643167145E+00  0.276595172382240E+00 -0.184464793058053E+00 -0.943116032488521E+00
-0.922521270337686E+00 -0.197332903320487E+00 -0.331683932444202E+00 -0.890286947837158E+00  0.435681573589963E+00 -0.132554581003343E+00
-0.185909500025133E+00 -0.619612056193034E-01  0.980611272012823E+00  0.169891208017241E+00 -0.351421689788797E+00  0.920673543328160E+00
-0.543096464963674E+00 -0.673831266231639E+00  0.500996661059360E+00  0.772970195229036E+00  0.618836902547776E+00 -0.139849795611795E+00
-0.413987617410385E+00  0.557752496072675E+00 -0.719393081531629E+00 -0.490171668652425E+00  0.241960618472993E+00 -0.837368971456827E+00
-0.231856115003829E+00 -0.338697796034081E+00 -0.911880773400222E+00  0.180849591413642E-01 -0.338924158786674E+00  0.940639861394147E+00
 0.179260946365921E+00  0.108879011408137E+00 -0.977758085613605E+00 -0.240642628132322E+00 -0.150365338952841E+00  0.958895922593879E+00
-0.381002254090575E+00  0.667694668970849E+00 -0.639547583378914E+00  0.486705121990701E+00  0.767700630141652E+00 -0.416837938182368E+00
-0.212193982708268E+00 -0.871434923840648E+00  0.442238495851782E+00 -0.608402091067467E-01 -0.965835382478044E+00  0.251913641769034E+00
-0.156050482189837E+00 -0.690343222895917E+00 -0.706452037727968E+00 -0.623565411328171E+00 -0.770992126431690E+00 -0.129372789934630E+00
-0.885835255668221E+00  0.463384736420987E+00 -0.238848459754364E-01 -0.859745600829983E+00  0.329305780828583E+00 -0.390378283932865E+00
 0.299708327982134E-01  0.443091137626133E+00  0.895975442151491E+00 -0.559369838760923E-01 -0.230149985378372E-01 -0.998169005568270E+00
-0.699007210703454E+00  0.359050331378016E+00  0.618443028032425E+00 -0.555805881351823E+00  0.620460946758074E+00  0.553270309887308E+00
 0.556653949331110E+00 -0.829849428961503E+00 -0.385526386431001E-01  0.518105666725774E+00 -0.783189620328581E+00 -0.343773961661167E+00
-0.247275676770274E+00  0.540116782174032E+00 -0.804443037941017E+00  0.299614720131377E+00 -0.912317432600536E+00  0.279119905513315E+00
-0.439869332341700E+00  0.107767087181960E+00  0.891572333232466E+00  0.377773681674086E+00 -0.433694391463299E-01 -0.924881688208032E+00
-0.348812026842420E+00  0.701319651304869E+00 -0.621675893552019E+00 -0.200312410229496E+00 -0.917806873839566E+00  0.342790724263207E+00
-0.209682415003053E-02  0.992617819916522E+00 -0.121266099601890E+00  0.157354935716474E+00  0.953056069527802E+00 -0.258695868814873E+00
-0.971666485572567E+00 -0.677857588919977E-01  0.226427321024853E+00 -0.930599314562565E+00 -0.365692879869597E+00 -0.159258704115282E-01
-0.161984423625926E+00 -0.963648401994130E+00 -0.212468359613226E+00  0.601139273691001E-01  0.946264441982048E+00  0.317757645976720E+00
 0.746798985895004E+00 -0.643152181790271E+00  0.169252904626797E+00 -0.684017054168879E+00  0.723256067870905E+00 -0.949806816886812E-01
-0.538157792321170E+00 -0.300618407994464E+00 -0.787410162074937E+00 -0.894999378455282E+00 -0.264946923923385E+00 -0.358858245088774E+00
 0.314262075054953E+00 -0.712507959896867E+00  0.627352975019454E+00  0.578086428347702E+00 -0.666412850351424E+00  0.470860907537128E+00
-0.287858067949428E+00 -0.285238292900472E+00 -0.914208318152732E+00 -0.395348539780253E-01 -0.117526455087146E+00 -0.992282483809719E+00
-0.460014548015801E+00 -0.813003124052588E+00  0.356948926170890E+00 -0.286587953047657E-01  0.745882978388269E+00 -0.665460183634096E+00
-0.138962167591977E+00 -0.902106316301473E+00 -0.408526266067588E+00 -0.663788568519233E-01  0.970005338197858E+00  0.233845015406982E+00
-0.336854933644776E+00 -0.886974561576241E-01  0.937369465552586E+00  0.272672028179223E-01  0.503534164309625E-01 -0.998359170391206E+00
-0.802619119423189E+00 -0.347149805133956E+00 -0.485066554126133E+00 -0.576969302235306E+00 -0.556926125606677E+00 -0.597444319493323E+00
 0.670314435526405E+00  0.669606493512371E+00 -0.319852624455363E+00  0.832772678690739E+00  0.530975953192778E+00 -0.156697807123366E+00
 0.553105143391607E-01  0.256707009457590E+00  0.964905310535121E+00  0.355388463011784E-01 -0.115737146191896E-01 -0.999301275658895E+00
-0.837780871777392E+00  0.354957824727330E+00  0.414883301120635E+00  0.706940665271411E+00  0.416817211939465E+00 -0.571400304179675E+00
-0.375167340263046E+00  0.641806514483242E+00 -0.668830221182345E+00  0.292175568257917E+00 -0.492144154186770E+00  0.820016810079496E+00
-0.621659441928273E-01 -0.419662537976267E+00 -0.905548866490336E+00 -0.624117505322936E-01 -0.622208877262738E+00 -0.780359459768982E+00
-0.774943648179454E+00  0.447080264384977E+00 -0.446745542052495E+00 -0.408687313606019E+00  0.642044193599643E+00 -0.648655481101084E+00
 0.678130599980191E+00  0.183487278800988E+00  0.711667975876894E+00  0.731668789766883E+00 -0.110641365248494E+00  0.672621193820871E+00
 0.976334834558182E+00  0.170467408033181E-02 -0.216257681746861E+00 -0.958287111229222E+00  0.243537819063945E+00  0.149583231471744E+00
 0.692274742983804E+00 -0.578668256702551E+00  0.431159748714487E+00  0.133323551716420E+00 -0.575013308899258E+00  0.807207857460794E+00
 0.102878062268310E+00  0.483704832718335E+00 -0.869163816037486E+00  0.231820024789571E+00  0.353183607989180E+00 -0.906377854514500E+00
-0.767563880766625E+00 -0.614855699497741E+00  0.181102616595185E+00 -0.228519616461761E+00 -0.156845349412858E+00 -0.960821690668840E+00
 0.955704742854914E+00  0.923225276851979E-01 -0.279472709519977E+00 -0.992032055798685E+00 -0.849673033075988E-01  0.930212751819182E-01
-0.617399679218197E+00  0.285970173695962E+00  0.732829240585806E+00  0.539312930090244E+00 -0.147987850912543E+00 -0.829000096151842E+00
-0.111724261290671E-01 -0.992590956063415E+00 -0.120989135196121E+00  0.274840853986434E+00 -0.583398059975387E+00 -0.764270376631832E+00
-0.286406180559029E-01  0.761483106889296E+00  0.647551691310895E+00 -0.564791679210511E+00 -0.689129848343225E+00 -0.453993844910935E+00
 0.425712384817358E+00  0.550813776465267E+00  0.717894942919358E+00  0.283389369106473E+00  0.678385853805893E-01  0.956602525509417E+00
-0.223932130463898E+00 -0.389642663933315E+00  0.893326925256845E+00 -0.145651716579239E-01  0.503402890988143E+00 -0.863929039400433E+00
-0.904309446990654E-01 -0.295903016368163E+00 -0.950927783349008E+00  0.213359319876792E+00 -0.113041197094018E+00  0.970412019907660E+00
-0.497833015230728E+00  0.729079583729376E+00  0.469686331007493E+00  0.501134629839915E+00 -0.532642955570580E+00 -0.682023140850989E+00
 0.535531705697472E+00  0.678131555149432E+00  0.503332282000041E+00  0.133153787352511E+00 -0.259869935161015E+00  0.956419199782758E+00
-0.703696018815602E+00 -0.660420445739263E+00  0.262024327024467E+00 -0.805253873153907E+00 -0.435988068310354E+00  0.401846493155830E+00
 0.956002910218652E+00 -0.378301701231401E-01  0.290907741185969E+00 -0.865571845569962E+00 -0.991284622573704E-01 -0.490875674817055E+00
-0.697820333793001E+00  0.154918413282356E+00 -0.699319002295162E+00 -0.677270070389343E+00  0.205984938761069E+00 -0.706311161428455E+00
 0.289677032852057E+00 -0.803901578729714E+00 -0.519451122199097E+00 -0.561519194543090E+00  0.354461968597309E+00  0.747698406429892E+00
-0.542581605384440E+00  0.594313385399726E+00  0.593630189118748E+00  0.624582958764423E+00 -0.322670636833448E+00 -0.711181965284958E+00
-0.621915096853092E+00  0.319969929001252E+00  0.714731317937827E+00 -0.939781678543482E+00  0.343458433470918E-01  0.340045231871839E+00
 0.527176915404919E+00 -0.273324387213414E+00  0.804598209803232E+00  0.618814893259712E+00  0.186628231075190E+00  0.763045235386289E+00
-0.233032061799066E+00 -0.512789006148546E-01  0.971116127209001E+00 -0.271197329579348E+00 -0.345407706796594E+00  0.898412780694124E+00
-0.128553375818072E+00 -0.850939440051335E+00 -0.509289798573364E+00 -0.302402742982378E+00  0.950769476141016E+00  0.677494226932781E-01
-0.167605238225046E+00  0.967715150592474E+00 -0.188244180343804E+00 -0.195842002963713E+00 -0.960056285950141E+00  0.199844533782591E+00
-0.951656239558546E+00  0.240588257254939E+00 -0.190965159598078E+00  0.694619527776460E+00  0.407041531389360E+00  0.593144926098009E+00
 0.773758556006348E+00  0.340421960022944E+00 -0.534238323354951E+00 -0.607293258293025E+00 -0.104307664649129E-02  0.794477067273153E+00
 0.673270726540471E-01 -0.719149676109693E+00 -0.691585720384075E+00 -0.379654977941314E+00  0.772317685743513E+00  0.509300981750639E+00
-0.371624051317822E-01 -0.154188752889705E+00  0.987342283165843E+00  0.379218819080138E-01 -0.129781117799617E-01 -0.999196426878710E+00
 0.966589678790811E-01  0.105483175739071E+00 -0.989712252912204E+00 -0.218229577058378E+00 -0.200134723990419E+00  0.955155455384201E+00
-0.202102645928730E+00 -0.440175654905640E+00  0.874871369594981E+00  0.384742494369577E+00 -0.858794049427864E+00  0.338298675276106E+00
-0.597106788145977E+00  0.675002779746841E+00  0.433399043473833E+00  0.785957667654583E+00 -0.464141193022800E+00 -0.408464805820943E+00
 0.521458568951179E+00 -0.233091050886773E+00  0.820822467324018E+00  0.102198887996405E+00  0.393784285720296E+00 -0.913503871700637E+00
-0.841032286840148E+00  0.265460014518664E+00  0.471376360442673E+00 -0.605429408497530E+00 -0.512360762022130E+00  0.609049818049749E+00
 0.562115210521808E+00 -0.594734817368215E+00  0.574732100295450E+00  0.596975388793901E+00 -0.336702942487551E+00  0.728183708753908E+00
-0.535651774784610E+00  0.723170439585563E+00  0.436006526877432E+00  0.524184532094673E+00 -0.846130978538209E+00 -0.963999142668795E-01
-0.128155989940856E-01 -0.115238615538618E+00  0.993255164552979E+00  0.322314934233811E+00  0.220498953389554E+00 -0.920593990162854E+00
 0.897456021854287E+00  0.319351263482574E+00  0.304281874829182E+00 -0.672816816920711E+00  0.213911720223233E+00 -0.708208519307569E+00
 0.152066603389256E+00 -0.938940318599836E+00  0.308653245959431E+00  0.401173219552869E+00  0.460869582283015E+00 -0.791618137765845E+00
 0.525369247360960E-01 -0.591468454013953E+00  0.804614777049004E+00  0.309734411865113E+00 -0.568066815790097E+00  0.762472745024157E+00
 0.777137687573151E+00  0.118660757737498E+00  0.618042586822800E+00 -0.895917604072991E+00 -0.263733635397630E+00 -0.357457992318064E+00
 0.131523484523032E+00 -0.212859558474491E+00  0.968190260943047E+00  0.195007157051636E+00  0.941381560648616E-02 -0.980756640953486E+00
-0.231228263270499E+00 -0.139297475880028E+00 -0.962875746645621E+00  0.253549388680939E-02 -0.260543100679619E-01  0.999657313381757E+00
 0.167198856537517E+00 -0.200557249576410E-02  0.985921153060178E+00  0.362914852485408E+00 -0.575597102977665E-01  0.930042842881946E+00
 0.485121360497582E-01 -0.929683133345774E+00 -0.365151809838420E+00 -0.273891833365440E+00  0.948037070903231E+00  0.161891864554522E+00
 0.703398466456901E+00  0.445209486225701E+00 -0.554093052438601E+00 -0.154213683827765E+00  0.502712047675979E-01  0.986757794847086E+00
 0.280976354539451E+00  0.353542532014479E+00  0.892221926566766E+00 -0.140283769437245E+00 -0.470541674722937E+00 -0.871154978394437E+00
 0.761297785640874E+00 -0.309391352913778E+00  0.569826879254116E+00 -0.727908901495470E+00 -0.576544885127416E-01 -0.683245630119939E+00
-0.653772985264858E+00  0.628032854821134E+00  0.422084845739684E+00 -0.288402142383797E+00  0.850318952886452E+00  0.440206636286329E+00
 0.721637309286414E+00 -0.687486248861477E+00 -0.812542397185442E-01  0.386745296752100E+00 -0.903056429138143E+00 -0.186861342263177E+00
 0.365895843689230E+00 -0.543632926111175E+00  0.755369759269424E+00  0.208111694508602E+00 -0.500610325440627E+00  0.840284966348314E+00
 0.750684343331756E+00 -0.581003085484284E+00  0.314497108626316E+00  0.562053418078395E+00 -0.821801703327164E+00 -0.934768187036964E-01
 0.302970192334700E+00 -0.879482093670460E+00  0.367042653474633E+00 -0.276256425058290E+00  0.912181863853524E+00 -0.302665879924918E+00
 0.954468720417132E+00 -0.109381499400294E-01 -0.298110413473216E+00 -0.538904112200039E+00 -0.108980620772754E+00  0.835287724170464E+00
 0.844947242392680E+00  0.448117838823990E+00  0.291983835341483E+00 -0.426606830891575E+00 -0.904224603469703E+00  0.196081186426888E-01
 0.179878847870241E+00  0.639998614912692E-01  0.981604613792118E+00  0.157057165566573E+00 -0.506833021088144E-01  0.986288116947346E+00
 0.247014194463708E+00  0.950546283548787E+00 -0.188270418720082E+00 -0.250041082471687E+00 -0.819162495857537E+00  0.516190141766421E+00
-0.279161591246865E+00  0.936375319673608E+00  0.212767635411654E+00 -0.583637579270852E-01  0.708779366409103E+00 -0.703011722173493E+00
 0.670220565035883E+00  0.534682847564315E+00  0.514702483696646E+00 -0.748560366856135E+00  0.180308970355571E+00 -0.638079973343093E+00
 0.110139236253911E+00 -0.149085896738618E+00  0.982671228860928E+00 -0.101554068187145E+00  0.430845477435785E+00 -0.896693339892614E+00
-0.471962243106863E+00  0.877565207087376E-01  0.877240237423384E+00 -0.701695747118989E+00 -0.201165415225012E+00  0.683487786425239E+00
 0.943944701959467E+00 -0.190009264945030E+00  0.269934953049253E+00 -0.574662720809745E+00 -0.206717807228088E+00 -0.791852578126984E+00
-0.544937036591226E+00  0.785657598313525E+00  0.292892069478498E+00 -0.708625130455605E+00  0.676273936703147E+00  0.201256023568997E+00
-0.563749935548084E+00 -0.276792224126465E+00  0.778185116044155E+00 -0.322208725708847E+00 -0.417560430809096E+00  0.849602744639872E+00
 0.110759704955674E+00  0.506796492622887E+00  0.854920816697823E+00  0.676212517111820E+00  0.199159526031870E+00  0.709275767873158E+00
 0.498178312193565E+00 -0.730973581737713E+00  0.466364655673552E+00  0.812495151140845E+00 -0.432083151466945E+00  0.391351222805049E+00
-0.467037345989435E+00  0.367258641774882E+00  0.804361366235857E+00  0.858593241313940E-01  0.172509874352427E+00  0.981258640578828E+00
-0.594129825435330E+00  0.503676055503335E+00  0.627152438917991E+00 -0.581590315155130E+00  0.598285133062730E+00  0.551187449851562E+00
-0.501722435465234E+00  0.326545290484873E+00 -0.801026073865879E+00  0.853788544802100E+00 -0.217766682641520E+00  0.472887716795457E+00
-0.760152345161030E+00  0.456801479712713E+00 -0.462061489715884E+00 -0.782617385446701E+00  0.502755553867730E+00 -0.367078848548539E+00
-0.356679725467198E+00  0.550922672657237E-01 -0.932600887587057E+00 -0.549756654356618E-01  0.208547359119010E+00 -0.976465910933092E+00
 0.712563549792313E+00  0.299566930735169E+00 -0.634438997475162E+00 -0.880284578149649E+00 -0.429159392268292E+00  0.202290082554247E+00
 0.407828453803815E+00 -0.486066777848419E+00  0.772926283509653E+00 -0.647063839540057E+00  0.539985023544985E+00 -0.538260682111188E+00
-0.630980891891176E+00 -0.741751471241627E+00 -0.227305673002453E+00 -0.635143313298885E+00  0.264815132600682E+00 -0.725579711070670E+00
-0.951895131695806E-01  0.494916233498577E+00 -0.863711108184977E+00  0.912312138667144E-01  0.977967311741606E-01  0.991015976151775E+00
-0.889478902801261E+00 -0.365822793948987E+00  0.273863040403087E+00  0.848179612145585E+00  0.478891657359543E+00 -0.226393741194394E+00
-0.522709521501459E+00  0.753362534820577E+00 -0.399023366810054E+00 -0.240135860584606E+00  0.322164349956804E+00 -0.915720972828623E+00
-0.802772382008418E+00 -0.517874252882223E+00 -0.295571921681018E+00 -0.911229275080370E+00 -0.166565259174788E+00 -0.376719023507625E+00
-0.291357257982809E+00  0.513489822707770E+00 -0.807117804410411E+00  0.296518907155895E+00  0.276030867145791E+00 -0.914266644957485E+00
-0.617419719764779E-01 -0.327874535177559E+00  0.942701553026489E+00  0.435770063363066E+00 -0.186924368548168E+00  0.880433831880294E+00
-0.824260276840338E+00  0.259619358163429E+00 -0.503182655593273E+00 -0.449679944339882E+00  0.110637349225741E-01 -0.893121235571098E+00
 0.964721266716174E+00 -0.192281060529074E+00 -0.179835678627340E+00  0.804895706016089E+00 -0.513316973920013E+00 -0.297739125279937E+00
-0.639118322519312E-01  0.238886964739358E+00  0.968941843340362E+00 -0.365530710952989E+00 -0.828520987817548E-01 -0.927104540533408E+00
-0.507034269700860E-01  0.234959169920344E+00  0.970681899987752E+00  0.150219992146734E+00 -0.104238059121494E+00  0.983142096031911E+00
-0.397104308848545E+00  0.762649727086744E+00  0.510562005703944E+00  0.593209475397912E+00 -0.655913632533666E+00 -0.466775990122269E+00
 0.956278186096587E+00  0.225668167384650E+00  0.186026635257092E+00  0.905551162081184E+00 -0.150968542307546E+00 -0.396466382038821E+00
 0.743759817481905E+00  0.381786232065838E+00  0.548689900494126E+00 -0.900226569621275E+00 -0.325704055199946E+00 -0.288979223776073E+00
-0.636622075565044E+00 -0.770823381149298E+00  0.233162599235011E-01  0.835927752306579E+00  0.504589907923525E+00 -0.215902333811839E+00
 0.784943863971911E+00  0.619564944479062E+00 -0.155241280051897E-02  0.856432338778412E+00  0.469921876118144E+00  0.213768752253790E+00
-0.517184389781024E+00 -0.786454992043482E+00  0.337651969425202E+00  0.521012370006573E+00  0.283068718485877E+00 -0.805244193344415E+00
-0.894054438986647E+00 -0.126706824915164E-01 -0.447779090549649E+00  0.305234548741631E+00 -0.290781406295740E+00  0.906795480804335E+00
-0.289066436662107E+00 -0.177430581352233E+00  0.940722586098835E+00 -0.101422746103481E+00  0.350506053899254E+00 -0.931052593977807E+00
-0.381765681158544E+00 -0.705225314995372E+00  0.597421308440895E+00  0.267911179646380E+00  0.577886774125730E+00 -0.770889405888447E+00
-0.139116093516756E-01  0.390831388071359E+00  0.920357155251949E+00 -0.327933192265691E+00  0.785424391038709E+00  0.524946042343311E+00
-0.735003553912043E+00  0.433079574613616E+00  0.521739262265316E+00  0.821896612537197E+00  0.372938961689998E+00 -0.430583893281514E+00
 0.780847187390580E+00  0.524300792354787E+00  0.339685662164836E+00  0.819645434042635E+00  0.251652788595242E+00 -0.514637966385399E+00
-0.320726931618443E+00  0.635102365763987E+00  0.702694258077868E+00 -0.134784788712727E+00  0.574162956250013E+00  0.807570405848253E+00
-0.668502171356710E+00  0.515212723022514E+00 -0.536340094461611E+00  0.495296046710920E+00 -0.281083684756949E+00  0.821993788465576E+00
-0.255945145638673E-01 -0.144945751487383E+00  0.989108512727495E+00 -0.585428722234082E-01  0.862352230726311E-01 -0.994553275804493E+00
-0.804593376077335E+00 -0.551498436929174E+00 -0.220179411474265E+00 -0.790458319421217E+00 -0.398123212231679E+00 -0.465482065325953E+00
 0.317316508553726E+00 -0.207227606383393E+00 -0.925400968527634E+00 -0.601523994980269E-01  0.234106089612656E-01  0.997914641751835E+00
 0.654381791064343E+00  0.206705540592840E+00 -0.727363245573794E+00 -0.817050377254599E+00 -0.350849980095415E+00  0.457529203980646E+00
 0.615317149317396E+00  0.250429279330575E+00  0.747442293297538E+00 -0.252380557271756E+00 -0.334223497090274E+00 -0.908074175551725E+00
 0.769984614847284E+00 -0.733823035675147E-01 -0.633828628591045E+00 -0.228535321429690E+00  0.697230837764961E-01  0.971035683405983E+00
 0.964390169850270E-01 -0.241644892763124E+00 -0.965560594579366E+00  0.261029850358380E+00 -0.753329754357669E-02  0.965301334635979E+00
 0.355040138565821E+00 -0.540426632063927E+00 -0.762814233849372E+00  0.280796448057919E+00 -0.160468346746373E+00 -0.946257504303423E+00
 0.367974124722636E+00  0.372652342850286E+00  0.851895107922802E+00 -0.542171785889707E+00 -0.410794854361887E-01 -0.839262909022830E+00
-0.977370091654303E-01 -0.462055347649177E+00 -0.881448996112761E+00 -0.364285075081276E-01 -0.105033007814131E+00 -0.993801303636822E+00
-0.141789391413729E+00  0.269966890719627E+00  0.952372640512999E+00  0.250848173772830E-01 -0.317760454720819E-01 -0.999180181384371E+00
-0.519534844162533E+00  0.522306304369283E+00 -0.676224570772990E+00 -0.555992094935569E+00  0.209369296879287E+00 -0.804386280274242E+00
 0.701750876129062E+00 -0.696507750987590E+00  0.149741980307138E+00 -0.473455888233341E+00  0.831788955989354E+00 -0.289770002918380E+00
 0.386344975050996E+00  0.232466450330670E+00  0.892578797487092E+00 -0.964935517650802E-02  0.293610975354793E+00 -0.955876291732296E+00
 0.640806795573413E-01  0.110613471559803E+00  0.991795506350456E+00  0.425239568169707E+00  0.153790234356463E-01 -0.904950161777435E+00
-0.585389838322646E+00  0.809156502479201E+00  0.508378961426688E-01 -0.233174957451455E+00  0.946935107133221E+00 -0.221231422036084E+00
 0.130742497593533E+00  0.949679320855133E+00  0.284632371425210E+00  0.386041475489107E-01 -0.968401683679665E+00 -0.246389729571692E+00
 0.410863749516543E+00  0.195201319319990E+00 -0.890554559961905E+00 -0.101722968054823E-01  0.760422540693264E-02  0.999919346814363E+00
 0.186240588340827E+00  0.908963412106332E+00  0.372961068620408E+00  0.646767053307538E+00  0.758160743213546E+00  0.829738886986029E-01
 0.316583735235612E+00  0.684959993579792E+00  0.656204652360404E+00 -0.693416127973224E+00 -0.601611328636570E+00 -0.396532322418693E+00
-0.534369628750602E+00  0.122620025550114E+00  0.836309409969201E+00  0.509750233586472E+00 -0.746023180370525E-01 -0.857081789272200E+00
 0.224325132873866E+00  0.817763805301083E+00  0.530038294371845E+00 -0.213503210355249E+00 -0.429897842928054E+00 -0.877270895341803E+00
 0.473075585945196E-01 -0.973212732350994E+00 -0.224986605134037E+00  0.217347047337162E+00 -0.506099275294383E+00 -0.834639913112426E+00
 0.761778901582852E-01  0.650764256851115E-01 -0.994968335109757E+00 -0.717022437964587E-01  0.820745307085906E-01 -0.994043540114576E+00
-0.791401820707968E+00 -0.536057767330532E+00  0.293811552299632E+00  0.898539284850510E+00  0.726282865225054E-01 -0.432842102361980E+00
 0.697738541228638E-01  0.917955885984174E+00 -0.390497888173358E+00 -0.272451463479636E+00 -0.609671926682550E+00  0.744359014094000E+00
-0.146260505340994E+00  0.835143596018929E+00 -0.530229232130753E+00 -0.517502127841183E+00 -0.684783542983193E+00  0.513091655495617E+00
 0.246741831765513E+00  0.197096321601372E+00  0.948826384787126E+00 -0.231083655974950E+00 -0.199002977734761E+00 -0.952364509415355E+00
-0.419551683571631E+00 -0.531062436300471E+00  0.736171904899133E+00 -0.170365653201873E+00  0.172645951878043E+00 -0.970138608400482E+00
-0.529332379079170E+00  0.830803116877951E+00 -0.171969222375017E+00  0.510840077266829E+00 -0.733470523896634E+00  0.448400943389750E+00
 0.148977912910962E+00 -0.972242678626440E+00 -0.180415507432088E+00 -0.333530681466596E+00  0.929623421685937E+00  0.156708577855069E+00
 0.831620440057131E+00 -0.547201888620444E+00 -0.947498642183914E-01 -0.740489404327488E+00  0.616228873221682E+00 -0.268211517065652E+00
 0.216651855757613E+00 -0.202669145345090E+00  0.954980204465974E+00  0.675994538951991E-01  0.711148816435478E-01 -0.995174852697703E+00
 0.437900046483211E+00 -0.852846425497350E+00 -0.284423142177980E+00 -0.824570154411614E+00  0.408702341267190E+00  0.391211524237623E+00
 0.122006102520674E+00  0.232725959777900E+00 -0.964859128885232E+00 -0.518868904698100E+00 -0.104759744974547E+00 -0.848410546593017E+00
-0.806460383021528E-01  0.675842688244234E+00  0.732620554757355E+00 -0.476950091426780E+00  0.546065766913232E+00  0.688716769429531E+00
-0.975807810530266E-01 -0.383522999658623E+00  0.918361638953813E+00  0.664066707199894E-01  0.881965200440105E-01 -0.993887080072990E+00
-0.161543072310628E+00  0.360747236928846E+00 -0.918566963719383E+00 -0.707307418071241E-01 -0.185417190105179E+00  0.980111028290629E+00
 0.507029845476553E+00  0.609296730159711E-01 -0.859772243528593E+00 -0.639334384396361E+00  0.402470576864578E+00  0.655186217564763E+00
-0.695782706415149E+00  0.459340123107166E+00  0.552171238618514E+00 -0.727729201416963E+00  0.395599416017287E+00  0.560277887705567E+00
 0.197349354720103E+00  0.737048142479551E+00  0.646384767657007E+00  0.163708064770964E+00  0.207365645304214E+00  0.964468329535248E+00
-0.270021504736161E+00 -0.513938298270874E-01 -0.961481700936489E+00  0.201336337715539E+00 -0.406909463345058E+00  0.891004134533354E+00
 0.312637528155745E+00 -0.193632374550572E+00 -0.929927029134315E+00  0.391143622078688E+00 -0.432333320346270E+00 -0.812462040359753E+00
-0.968853654852667E-01  0.788507846352662E+00  0.607345537725497E+00 -0.557445118046932E-02  0.910799625986731E+00  0.412811054595764E+00
 0.735378160445771E+00 -0.408768570346494E+00 -0.540487943469859E+00  0.697061745793882E+00 -0.255452441344161E+00 -0.669961918889495E+00
-0.255491147767564E+00 -0.866002334706918E+00  0.429842098560133E+00 -0.401801483476139E+00 -0.907646029702282E+00  0.121384729855357E+00
-0.162792960914819E+00 -0.657639909958078E-01 -0.984466124031137E+00  0.675011162735599E+00  0.350940007777600E+00 -0.649000031682120E+00
 0.307255324403102E+00 -0.571727126918774E+00  0.760737969323964E+00 -0.485346168944842E+00 -0.125282279588025E+00 -0.865299628285944E+00
 0.207645036468167E+00 -0.755697428224866E+00 -0.621131979376732E+00 -0.482133141417713E+00  0.845079377476384E+00  0.231059472237811E+00
 0.463873421774067E+00 -0.437944323331679E+00  0.770081955530173E+00 -0.291362224741263E-01  0.859721720722134E+00 -0.509931018333373E+00
 0.934933129575016E+00  0.340122306122555E+00  0.101078484856774E+00  0.967191889318018E+00  0.197983962593009E+00  0.159192335850104E+00
 0.359483595409831E+00  0.177182534077121E+00  0.916175689619208E+00 -0.556635992732910E+00  0.100739750410522E+00 -0.824625899594158E+00
-0.147042516831563E+00 -0.489740930086066E-01 -0.987917019014160E+00  0.802449831622912E-01  0.534526775137864E-01  0.995340923474912E+00
 0.718856401725967E+00 -0.141729687108667E+00 -0.680557249237472E+00 -0.388817854605776E+00  0.101501372463842E+00  0.915706365232719E+00
 0.595302154491380E+00  0.802005766381422E+00 -0.490111777951643E-01 -0.539580629175023E+00 -0.839798986457612E+00  0.599200047050514E-01
-0.139803985651859E+00  0.990031406313972E+00  0.171073115314213E-01 -0.832068109234579E-01 -0.907493205503903E+00 -0.411743498528148E+00
 0.764633311881560E+00  0.636929981802685E+00  0.982654397123909E-01  0.816052137589315E+00  0.577974324635023E+00 -0.214214812700751E-02
 0.427832943318747E+00  0.357327180976160E+00  0.830226630714077E+00 -0.134362187843733E+00 -0.732025531703400E-01 -0.988224766279002E+00
-0.813086532434605E+00 -0.174874562780334E+00  0.555255957253821E+00  0.924304618329354E+00  0.345257407019932E+00 -0.162660060964274E+00
 0.606310224853268E-01 -0.962792252208599E+00 -0.263353295402731E+00 -0.338730528642720E+00  0.827492207735165E+00  0.447792669773642E+00
-0.341826776306305E+00  0.715400806635585E+00 -0.609389974372072E+00  0.340015374562155E-01 -0.174002532251268E+00  0.984158022992629E+00
-0.156510944743081E+00  0.382720632814844E+00 -0.910510429041553E+00  0.263540152844050E+00 -0.888760448692194E-01  0.960545489025553E+00
 0.120757663712468E+00 -0.800394319093592E-01  0.989449986605858E+00  0.157607499894605E+00 -0.480339254314038E-01  0.986332914377606E+00
-0.771713929266499E+00 -0.514510844315831E+00  0.373813058168747E+00 -0.332746494705639E+00  0.462758415015853E+00  0.821665637344733E+00
 0.858304590685655E+00  0.478555868402060E+00  0.185195870434201E+00 -0.905347991913717E+00 -0.102063476636485E+00 -0.412223313599163E+00
-0.700403004439448E+00 -0.283990336131711E+00 -0.654816860164728E+00  0.130040214735066E-01  0.274105659500545E-02  0.999911687117547E+00
-0.370512333345458E+00  0.121937541559905E+00  0.920788709095214E+00 -0.513380142364086E-01 -0.960195415536337E-01 -0.994054654399894E+00
-0.802328051182521E-01 -0.154347928256612E+00  0.984753478808655E+00  0.550716322607478E-01 -0.126978033724719E+00 -0.990375531943081E+00
 0.668509926905322E+00  0.620878289838230E+00  0.409395440664152E+00 -0.208607098495817E+00 -0.626682290364416E+00 -0.750834459385534E+00
-0.372813714249031E+00 -0.593473260318873E+00  0.713301776076808E+00  0.255033275104928E+00  0.261110564508697E+00 -0.931009828998171E+00
 0.637605950158357E+00  0.466894819448995E+00  0.612754338943715E+00 -0.795706175805585E-01  0.572909325716439E+00  0.815747155266252E+00
-0.734228215954036E+00  0.610396435977058E+00  0.297195420293547E+00  0.692830253506933E+00 -0.654212548268902E+00 -0.303302129094125E+00
 0.544313416602006E+00 -0.606735134759525E+00  0.579305947453840E+00  0.294636338409928E-01  0.229907944187779E+00 -0.972766277931258E+00
-0.925964548127317E+00 -0.140939335053384E+00 -0.350322365038380E+00 -0.981325064388535E+00  0.667311559468259E-01 -0.180410839000429E+00
 0.949735698312439E+00 -0.292166590029684E+00 -0.112431254646609E+00  0.981838695535838E+00 -0.154167149718570E+00  0.110567924354829E+00
 0.329671481551117E+00 -0.227521938359992E+00 -0.916269873900045E+00 -0.309675843137513E+00  0.160217368793002E+00  0.937246641452568E+00
 0.585696495058814E+00 -0.507109176293600E+00 -0.632297318509772E+00  0.471423890818433E+00 -0.591331509339041E+00 -0.654283242356414E+00
-0.805277502437749E+00 -0.530052716340603E+00 -0.265654403252740E+00 -0.567973378314278E+00 -0.628796421000535E+00 -0.531056778944761E+00
 0.587848866869319E+00 -0.753870677748504E+00 -0.293449673626449E+00 -0.362434733633486E+00  0.857944285904130E+00  0.364105295402960E+00
-0.684851402835843E+00  0.399123590437584E-01  0.727588867169736E+00 -0.674787139581353E+00  0.420559858945962E+00  0.606458342591614E+00
 0.282194708349770E+00  0.522008170942587E+00  0.804905967208942E+00 -0.462431457691235E-01 -0.814915300273292E+00 -0.577732312450901E+00
-0.516198399028402E+00 -0.366750807916919E+00 -0.773972259020181E+00  0.533512713958644E+00 -0.145354983196128E+00  0.833208325033143E+00
-0.705594766034159E+00 -0.491165126849301E+00 -0.510776706900687E+00  0.255068792699490E+00  0.198485096224291E+00  0.946331642484631E+00
 0.527920697310201E+00  0.464687533255025E+00  0.710890451327679E+00  0.218450967224860E+00  0.791367268903246E+00  0.570979001914379E+00
-0.154560142576426E+00  0.964598158050018E+00 -0.213685647185922E+00  0.271783180037123E+00 -0.929262701879817E+00 -0.250209380207721E+00
 0.446150308474421E+00 -0.662896728132553E+00  0.601263527980315E+00  0.399056657193337E+00 -0.580911953837573E+00  0.709432932868423E+00
-0.480338125323434E+00  0.166941148453261E+00 -0.861049323972718E+00  0.397403580492406E+00  0.148296489175131E-01  0.917524100895884E+00
 0.248762449423416E+00  0.811772849755746E+00  0.528338986027244E+00 -0.117043732807660E-01  0.938489354028593E+00  0.345109750689687E+00
 0.604466151325669E-01 -0.990281862018180E+00 -0.125251908076568E+00 -0.701063506188294E-01 -0.977183351450164E+00 -0.200493883326986E+00
-0.643799985154900E+00 -0.762803259373119E+00 -0.604381221109408E-01 -0.804747743655078E+00 -0.581136807815556E+00  0.121082945471304E+00
-0.316776846997935E+00  0.472888868151863E+00  0.822209552111928E+00  0.511328079324951E+00 -0.355193707670363E+00 -0.782547778301899E+00
-0.642658599269929E+00  0.231241590080168E+00  0.730422652853544E+00 -0.471488045284564E+00  0.405993238295054E+00  0.782859191433834E+00
 0.997254930789105E+00  0.441699371879894E-01  0.594274319285787E-01 -0.863671156622823E+00  0.140204477876768E+00  0.484164060625216E+00
-0.723599635371603E+00  0.224421157588027E+00  0.652716409872567E+00 -0.888677566836770E+00 -0.832161855110855E-01  0.450918228363039E+00
-0.889567764101404E+00  0.440290785953931E+00  0.121709559508273E+00 -0.801835515751668E+00  0.765813332116121E-01 -0.592617165700411E+00
 0.306885375629860E+00 -0.142127836223926E+00  0.941074409595131E+00 -0.344227844480196E+00  0.332147620085856E+00 -0.878171480723338E+00
 0.326205278049125E+00 -0.160776047326187E-01  0.945162222689288E+00 -0.219781267964100E-01  0.243429537095271E+00 -0.969669542891857E+00
-0.557860788261337E+00 -0.824384850649017E+00 -0.958173206723975E-01  0.162564590824223E+00  0.661981119748855E+00  0.731678721097043E+00
-0.271834076689238E+00 -0.961973200086293E+00  0.267169808594918E-01 -0.452113255666149E-01 -0.993844240132586E+00 -0.101141299160100E+00
 0.913487814734599E+00  0.365881623572048E+00 -0.177962495666052E+00 -0.780716862769071E+00 -0.429956313844468E+00  0.453452035361290E+00
-0.976758310407887E+00 -0.172817815040590E+00 -0.126795922070571E+00 -0.857862956350860E+00  0.222633021509134E+00  0.463147585392255E+00
-0.245352166818084E+00  0.951625377347651E+00  0.184963389419669E+00 -0.466660461445050E-01 -0.831743547598266E+00 -0.553195219760520E+00
 0.834610209886053E+00  0.679128061898797E-01  0.546638498744257E+00 -0.700897968751855E-02 -0.442722130271653E+00 -0.896631468091250E+00
-0.500105354810569E+00 -0.150396608078109E+00  0.852804487774540E+00 -0.249809822064681E+00 -0.584098955939714E+00  0.772284573502636E+00
-0.155424539950702E+00 -0.698619440406581E+00 -0.698408254437981E+00  0.332564589406743E+00 -0.915291232436385E+00 -0.227250420676855E+00
-0.628924784315761E+00 -0.725901958919244E+00  0.278424068123749E+00 -0.935930574841417E+00 -0.216757114555098E+00  0.277579380298256E+00
 0.770621967438416E+00 -0.323090506704963E+00 -0.549321679690940E+00 -0.682226406477904E+00  0.360421850945024E+00  0.636131448417391E+00
 0.584081149231001E+00  0.775030491465665E+00  0.241198980950342E+00 -0.333024853644915E+00 -0.592628587001504E+00 -0.733406984370467E+00
 0.603527341515551E+00  0.643467411556821E+00  0.470855007733311E+00  0.586212854582468E+00  0.739043636865086E+00  0.331917146184859E+00
-0.670855420346224E+00 -0.534783652495707E+00  0.513769841481030E+00 -0.728650207562451E+00 -0.591246312654519E+00  0.345682907867357E+00
 0.874734211899497E+00  0.480920706395691E+00 -0.596266106066365E-01 -0.956507740090907E+00 -0.282992842216977E+00  0.707671844864814E-01
 0.611611307430142E+00  0.165060843899407E+00 -0.773748361183924E+00  0.761586991722763E+00 -0.374789872145115E+00  0.528694435166591E+00
-0.619726058851724E+00  0.350670584992167E+00  0.702118047625441E+00  0.534150880581550E+00 -0.381525311131961E+00 -0.754401268384151E+00
-0.199866932631507E+00 -0.104936203511782E+00 -0.974187662841717E+00 -0.294582694756701E+00 -0.476381148517163E+00  0.828421412861443E+00
 0.381898414784279E-02 -0.649341975945127E+00  0.760486958228579E+00 -0.657336928125210E-02  0.824418209660548E+00 -0.565942935636085E+00
 0.886590398725343E+00  0.406324396670375E+00 -0.221038344091006E+00  0.850206383455452E+00  0.523420275209584E+00 -0.563943350978044E-01
 0.970685702674123E+00  0.103836008538321E+00  0.216765656769873E+00  0.835349111344863E+00  0.480410849545187E+00 -0.267202690507821E+00
-0.369049507624617E-01 -0.349301091764991E+00 -0.936283489067817E+00 -0.583793777447703E-01  0.508275449653578E-01 -0.996999703574142E+00
 0.785899468405758E+00  0.208471271850277E+00 -0.582152689912771E+00 -0.842261103266327E+00 -0.119148805907971E+00  0.525737383087121E+00
 0.294325104579137E+00 -0.768301104862775E-01  0.952612128275274E+00  0.486231524945059E-01 -0.906758327063562E-02  0.998776034942332E+00
-0.666017985243618E+00 -0.399344478098792E+00 -0.630034944383274E+00 -0.442259847772644E+00 -0.346869340521638E+00 -0.827096057090228E+00
-0.172302728791918E+00 -0.859203804854192E+00  0.481747435255173E+00  0.291182266730202E+00  0.891735405546984E+00 -0.346440260414141E+00
 0.631746961593467E+00  0.608008284299637E+00 -0.480855178552164E+00 -0.820604418497466E+00  0.232053368835119E-01  0.571025306516759E+00
-0.696540081937028E+00  0.322051616396995E+00  0.641182244475969E+00  0.392552137356366E+00  0.231665297656331E+00 -0.890075282950129E+00
 0.168446120962362E+00  0.967636945540439E+00 -0.187895305843184E+00 -0.410766120081449E+00 -0.911183123881237E+00 -0.318827437223279E-01
 0.524128750761920E+00  0.709334641642082E+00  0.471310321116828E+00 -0.800185897588382E+00 -0.268626091991699E+00 -0.536229943216474E+00
