#          Em_x [n.u.]            Em_y [n.u.]            Em_z [n.u.]            En_x [n.u.]            En_y [n.u.]            En_z [n.u.]
-0.440367535270841E-02  0.252834151859381E-01  0.999670624035699E+00 -0.356351885009978E-01 -0.430714265462894E+00  0.901784539048690E+00
-0.344008153498051E+00  0.856776405186018E+00 -0.384177799779459E+00  0.233121759784494E+00 -0.778383634203133E+00  0.582900646010711E+00
-0.509563604639697E+00 -0.774151743601798E+00  0.375544951643467E+00  0.564640586833062E+00  0.699961705470224E+00  0.437303805810139E+00
 0.806050444395824E+00  0.101375866139292E+00 -0.583100004162067E+00  0.646025668546710E+00  0.228296930035991E+00 -0.728375828343390E+00
 0.262230055456328E+00  0.840310719911829E+00  0.474461054267508E+00 -0.194950296249333E+00 -0.240521470273877E+00 -0.950864766583340E+00
-0.331309778193748E+00 -0.338157437038061E+00  0.880842425550143E+00  0.571913636907535E+00  0.789105164678141E+00 -0.224115664328665E+00
-0.271848442342822E+00 -0.956329663395632E+00 -0.107387146835075E+00  0.701076475141403E+00  0.659888455074929E+00  0.270257290118378E+00
 0.494392059135105E+00 -0.407038393289106E+00 -0.768047028672576E+00  0.411154184730045E-01  0.126416549488087E-02  0.999153603931543E+00
-0.288033063635997E+00  0.651092966560871E+00 -0.702221406073203E+00  0.820130039489740E+00 -0.506400323863682E+00  0.266355834021549E+00
 0.917130473246206E+00  0.231346379905284E+00 -0.324577490821392E+00  0.360424897874578E+00  0.908328334598438E+00 -0.212211049565586E+00
-0.253996007090499E+00 -0.157839030732583E+00 -0.954239418992677E+00 -0.935354594553210E-01  0.117594442726694E+00 -0.988646885831478E+00
 0.175751814317378E-01  0.529127659737223E+00 -0.848360202212864E+00 -0.224350504672492E-01 -0.436801302183937E+00  0.899278205518709E+00
 0.397971517156007E+00  0.396922721041867E-01 -0.916538703529618E+00 -0.568594830380093E-01 -0.776563514718673E-01  0.995357468583387E+00
 0.269320620625438E+00  0.226435522404141E-01  0.962784333507699E+00  0.445912775821339E+00  0.600045626601823E-01  0.893062847071396E+00
-0.625979202221629E+00  0.130994728109500E+00 -0.768759012690902E+00  0.464008295028268E+00  0.139732577053457E+00  0.874740595293805E+00
 0.106477823098065E-01  0.719481741378331E+00  0.694429729025974E+00 -0.159020036506647E+00 -0.901960371015983E+00 -0.401472436296858E+00
-0.953635803807655E+00  0.290051452688463E+00  0.803050962856017E-01 -0.919488259753373E+00  0.242613310306910E+00  0.309322035809990E+00
 0.522247559055416E+00 -0.115354736075543E+00 -0.844956076920926E+00 -0.775782754019992E+00  0.253431640471441E+00  0.577869814208279E+00
-0.255749051643892E-01 -0.991925000783968E+00  0.124220437310280E+00 -0.326414063558168E+00 -0.942216184121821E+00 -0.753825012211668E-01
-0.670806715400219E-01  0.995373491038191E+00  0.687880574241164E-01  0.741687756982284E-01 -0.927130205918768E+00 -0.367326250061779E+00
-0.470878713836707E+00 -0.170955621182916E-01  0.882032300208642E+00  0.681754680192032E-04 -0.213121137569581E-02 -0.999997726642505E+00
-0.264822433801885E+00  0.279994844546407E+00  0.922752385845022E+00 -0.847271773273138E-01  0.135962535417511E+00  0.987084340056607E+00
 0.282124709257116E-01 -0.441628809352940E+00  0.896754175476072E+00  0.389156731242809E+00  0.214684108915482E+00 -0.895805655210759E+00
 0.277753470938673E+00 -0.591052382641358E+00  0.757304489855628E+00 -0.206125229054983E+00 -0.166105637296903E+00 -0.964324274922715E+00
-0.215960919751919E+00  0.186509329586408E-01  0.976223859491089E+00  0.113475349096148E-01  0.400677953555564E-01  0.999132526358151E+00
 0.640948412608479E+00  0.173263937087170E+00  0.747773187858273E+00  0.376778994393688E+00 -0.169295059330373E+00  0.910701253029777E+00
-0.842509387985800E-01  0.434471662457359E+00 -0.896736390380750E+00 -0.702157589516694E-02  0.542121667194471E+00 -0.840270667957793E+00
 0.280102295334220E+00  0.621841222561778E+00  0.731338634335268E+00 -0.336252320372645E+00 -0.651382952741299E+00 -0.680172497181442E+00
 0.249614714378271E+00  0.299237445632136E+00  0.920950294802824E+00 -0.381048341923035E-01  0.339438115651543E-02  0.999267981968672E+00
 0.641156642432801E+00  0.588623263013224E+00  0.492382792250056E+00 -0.448453780152447E+00 -0.751816856269940E+00 -0.483384548465675E+00
 0.128712959955237E-01  0.623188044556948E-01 -0.997973294407525E+00 -0.964903619114044E-01  0.575195674265884E-01 -0.993670523574723E+00
-0.277050019758188E+00  0.239349538067639E+00  0.930567077205505E+00  0.234247951182740E+00 -0.103061644390346E-02 -0.972176339558022E+00
 0.308921470848506E-01  0.351483885599512E+00  0.935684109842823E+00  0.702726520723385E-01  0.211306793658226E-01  0.997303990145562E+00
 0.193504872283807E+00  0.479293187546977E+00  0.856057185457541E+00  0.193982548687430E+00 -0.321509570020798E+00 -0.926823805903674E+00
 0.159105261199214E+00  0.142011651763623E+00  0.976994476249532E+00 -0.188215392104614E+00  0.289125850732874E+00  0.938605992210202E+00
 0.692155472377252E+00  0.600763988160474E+00 -0.400004290711667E+00 -0.741480901418084E+00 -0.224974728228657E+00  0.632133248999502E+00
-0.674826785122090E+00 -0.662429364732562E+00  0.325263196230067E+00  0.701929762354523E+00  0.673062998180313E+00 -0.232982422516056E+00
-0.753334113931485E+00 -0.365712531620355E-01  0.656620328827263E+00 -0.578797957641815E+00 -0.829939633923575E-01  0.811236664771811E+00
-0.107251409416308E+00 -0.515710051454035E-01  0.992893532362110E+00 -0.196040645396083E-01  0.288809371009183E-01 -0.999390600378901E+00
 0.141329106671423E-01 -0.961803760316118E+00 -0.273374811344880E+00 -0.297747326387390E+00  0.543375072041828E+00  0.784914046703650E+00
 0.449125235405566E+00 -0.174444891751563E+00  0.876273645994036E+00 -0.295769372290731E-01 -0.949949857288687E+00  0.310999153409381E+00
 0.844193065009685E+00  0.352951807615707E+00  0.403439079032211E+00 -0.927292684411490E+00 -0.311046414307421E+00  0.208274831853081E+00
-0.215845587534167E+00 -0.371852800335687E+00 -0.902848922702208E+00  0.153677220920529E+00 -0.104608502113309E+00 -0.982568253637249E+00
-0.183128510344492E+00  0.819435443458592E+00 -0.543129360928709E+00  0.499400329601224E+00 -0.428203884085823E+00  0.753153865055477E+00
-0.930821747615139E+00 -0.204407076927497E+00  0.302966369534069E+00  0.961653286131410E+00  0.272555700445344E+00  0.305997945648055E-01
 0.125239954836565E+00  0.609960619956948E+00  0.782472361054543E+00  0.331795962753021E+00  0.163306221993875E+00  0.929108452743211E+00
 0.624812551703561E-01 -0.758046091200933E+00  0.649201214083371E+00 -0.520197828555483E-01 -0.506198313516382E-01 -0.997362308725166E+00
 0.333910654505044E+00 -0.236634210354210E+00  0.912418722570977E+00  0.295961937932278E-01  0.353276925240653E+00 -0.935050522381258E+00
 0.435943720661505E+00 -0.336570303488922E+00 -0.834669697080934E+00 -0.116072848194671E+00 -0.318095161604031E+00  0.940926438185304E+00
-0.757421368522284E+00  0.530631696533375E+00 -0.380450881376219E+00  0.876018504716484E+00 -0.405738938711145E+00 -0.260705759445107E+00
-0.419883155409318E+00 -0.270159333025241E+00 -0.866436420392674E+00  0.297928399100505E+00  0.175580456104651E+00  0.938301749142296E+00
-0.175208393337869E+00  0.288740559518368E+00  0.941239028192617E+00  0.577028537139757E+00  0.163574302644734E+00 -0.800175927431363E+00
 0.328605634942899E+00 -0.936385671125910E+00  0.123289138182785E+00 -0.407634708336489E+00  0.890284067016035E+00  0.203047345653208E+00
 0.896186586061630E+00 -0.156074136503931E+00  0.415319716456796E+00 -0.792643242351019E+00  0.609471898287265E+00  0.161460692857581E-01
-0.863938204275064E+00 -0.442006672824992E-01 -0.501654343353827E+00  0.818273018638174E+00  0.521567117220688E+00  0.241654731389378E+00
 0.930123414726221E+00 -0.961747987083615E-01 -0.354430305520621E+00 -0.558283999827769E+00  0.740724608548226E+00  0.373692426772854E+00
 0.478496481412014E+00  0.627240501569199E+00 -0.614500179387721E+00  0.160007368156297E-01 -0.650681074601808E+00  0.759182531132265E+00
 0.351864801276967E+00 -0.868819370946529E+00 -0.348344746322373E+00 -0.573690499256768E+00  0.761613396777673E+00  0.301370610563298E+00
-0.765591050050357E+00  0.435661327419212E+00 -0.473359854523092E+00  0.617235559853674E+00 -0.693684770761081E+00  0.371243454442321E+00
 0.388759200098219E+00 -0.245210588624026E+00 -0.888109256547668E+00  0.538500782178019E-01 -0.290095141683037E-01  0.998127555557733E+00
-0.398228918446573E+00  0.251121203223762E-01 -0.916942260955283E+00 -0.169225506577110E-01  0.237401842197556E-01  0.999574925121899E+00
-0.241494569206665E+00 -0.755121903538782E+00  0.609484441015235E+00  0.126128287571698E+00  0.900497726409429E+00 -0.416167634260137E+00
 0.562618746308217E+00 -0.144233771164133E+00  0.814037324425817E+00 -0.365447405191582E+00  0.245337765625558E+00 -0.897918467789029E+00
-0.150947753769928E+00  0.455887250432312E+00 -0.877143996459578E+00 -0.962570598835384E-01  0.487655878050110E+00 -0.867713272357726E+00
-0.912381053594524E+00 -0.124530033129266E+00  0.389939846502726E+00  0.550517119407224E+00 -0.820838481949390E+00  0.152167959145781E+00
 0.694307345232331E+00  0.441937311831541E+00  0.568004157350581E+00 -0.613396543777484E+00 -0.725548825322523E+00 -0.311967277378483E+00
 0.563838607127903E+00  0.109751727185022E+00  0.818560067125175E+00 -0.698711378275199E+00  0.337988563261583E-01 -0.714604818889304E+00
 0.945978062656857E+00  0.162584010657085E+00  0.280520844948528E+00 -0.960379639993812E+00 -0.275582324953148E+00 -0.415370829352860E-01
 0.457450721278306E+00 -0.879342550455454E+00 -0.132270618659076E+00 -0.922178901769509E+00  0.121928993191749E+00 -0.367041406043553E+00
 0.157617240291603E+00 -0.638531426288371E+00 -0.753282432560987E+00  0.345677304457224E-01  0.273829052324652E+00  0.961156970590556E+00
 0.102924591464373E+00  0.555596483525742E+00  0.825057013766759E+00  0.121718783843420E+00  0.344733820804726E+00  0.930775553209824E+00
-0.838225838075615E-02  0.779197363650806E+00  0.626722591123116E+00 -0.244388768992442E+00  0.765135616843954E+00  0.595685837860176E+00
-0.949538770955060E+00  0.909407299373845E-01  0.300176458256823E+00 -0.774522806425276E+00 -0.333489671395179E+00  0.537493312888495E+00
-0.332665940821353E+00  0.467810732312637E+00  0.818832394663620E+00 -0.508575660749989E+00 -0.347849469211983E+00 -0.787623986469212E+00
-0.215634952934179E+00  0.434930409833204E+00  0.874263750635583E+00 -0.398617657609845E+00  0.210827175199378E+00 -0.892555805111978E+00
 0.808193950224692E+00 -0.514579893881228E+00  0.286408923801950E+00 -0.914671965662905E+00  0.378625743651683E+00  0.141484067917796E+00
-0.809568706661359E+00 -0.580631591532030E+00 -0.864029172518838E-01 -0.825858094134130E+00 -0.539187098811374E+00 -0.165032362973190E+00
-0.783331349051487E+00  0.317688813283137E-01  0.620792022961253E+00 -0.576401345660537E+00 -0.780118658691443E+00  0.243261931017137E+00
-0.931782326783067E+00 -0.331113122988033E+00  0.148814633957301E+00  0.951790032954480E+00  0.145299743015281E+00  0.270154988568050E+00
-0.438228016437599E+00  0.133836589148675E+00  0.888844178140475E+00  0.415747536240750E+00 -0.570703943198019E+00 -0.708132046533680E+00
-0.479047506004101E+00  0.303292855713693E+00 -0.823727461399876E+00  0.386643109455843E+00 -0.226977089898361E+00  0.893861570139129E+00
 0.997137760309170E+00 -0.692216358727406E-01 -0.304080925530432E-01 -0.927399663894742E+00  0.122409035590359E+00 -0.353476861214079E+00
 0.295038025900416E+00  0.662045898776484E+00  0.688946871090959E+00 -0.295033036000824E+00  0.252090979346713E+00 -0.921632055540687E+00
-0.956823555075986E+00  0.119471942682475E+00 -0.264981394372183E+00 -0.818482595699217E+00 -0.102035521145569E+00 -0.565398083620756E+00
-0.305146858906960E+00  0.559655056259862E+00  0.770500884166908E+00  0.200283666164168E+00 -0.266739288128234E+00 -0.942728277520455E+00
 0.827590443010432E+00  0.550205471795835E+00 -0.111211498702788E+00  0.942400508892883E+00 -0.122985844076561E+00 -0.311055884038883E+00
 0.515222769661526E+00  0.857020216458396E+00 -0.786423574856888E-02 -0.424997943816519E+00 -0.896195821145998E+00 -0.127317704629724E+00
-0.408583563040953E+00 -0.886254493239626E+00 -0.218202761727101E+00  0.161752136174259E-01 -0.987774393774330E+00 -0.155048732559108E+00
-0.249935937783210E+00  0.230295598550924E+00  0.940476456001158E+00  0.104818600832958E+00 -0.317780272757767E-01  0.993983509874224E+00
-0.765359422758564E+00  0.172477332842404E+00  0.620061709550144E+00 -0.236225193479264E+00  0.561984000400988E+00  0.792698960046616E+00
-0.815765581248017E+00  0.568462765193025E+00 -0.106661150566571E+00 -0.808042994735298E+00  0.474454588825606E+00  0.349226805674388E+00
-0.823906188538183E-01 -0.343712515965059E-01  0.996007230389707E+00 -0.224445712677802E-01  0.796084014205756E-03  0.999747771925923E+00
-0.517812126178970E+00 -0.851702596783549E+00 -0.804567499603058E-01  0.250562246307052E+00 -0.956071758911004E+00  0.152135967273960E+00
-0.433977834252904E+00 -0.821895012088120E+00  0.368987572259322E+00  0.278874960316525E+00  0.628738743739242E+00 -0.725890038938169E+00
 0.307024880550791E+00  0.741544295324170E+00 -0.596529781984900E+00 -0.131864965707199E+00  0.431703857789875E+00 -0.892324722277926E+00
-0.383852689988217E+00 -0.627319093958646E+00  0.677589748109956E+00 -0.278447631093450E+00  0.104815793630417E+00  0.954714913544390E+00
 0.751228651176006E+00 -0.565895062484585E+00  0.339732677126952E+00 -0.894086269975193E+00  0.298991247159282E+00 -0.333487594917687E+00
-0.791134542947232E+00 -0.509981298933594E-02  0.611620901264131E+00 -0.619490669219872E+00  0.281431969922874E+00  0.732821504225173E+00
-0.188260818517648E+00  0.961930982519811E+00 -0.198107670420747E+00  0.170280340919417E+00  0.925168631416067E+00  0.339216168453228E+00
 0.273529243377463E+00 -0.108312027398244E+00  0.955745916935163E+00 -0.242668002452000E+00  0.751375814215171E-02  0.970080297720007E+00
 0.570834307842426E+00 -0.637380761778937E+00  0.517584734612760E+00 -0.343526086061249E-01 -0.646718313588534E-02 -0.999388850160057E+00
 0.338980842330066E+00 -0.841591181654866E+00  0.420495269288449E+00 -0.383967753820585E+00 -0.714581793470676E+00  0.584757748530284E+00
-0.419374670581973E+00  0.872051653506772E+00 -0.252291100299569E+00  0.581183096676133E+00 -0.807911470303999E+00  0.974949449416308E-01
 0.292033220288238E+00 -0.952421721079473E+00 -0.872322386741071E-01 -0.582354288591615E+00  0.684991912512618E+00 -0.437777982944849E+00
-0.432180396249471E+00  0.138893079240867E+00  0.891026833286540E+00  0.906279939053643E+00 -0.216922711214818E+00 -0.362768809888803E+00
 0.823786915770980E+00  0.437249796897446E+00  0.360815371786844E+00 -0.607457155391945E+00 -0.368662333840660E+00 -0.703621978032441E+00
-0.766140607888023E+00 -0.565417121154993E+00 -0.305502942784141E+00  0.798826941698685E+00  0.210350271919610E+00  0.563585202360452E+00
-0.107604002031864E+00 -0.131921971840446E+00  0.985402441691949E+00 -0.164792096127708E-01 -0.642840484751566E+00  0.765822790738765E+00
-0.946179918118887E+00 -0.261238587942273E+00 -0.191044399861562E+00  0.921594655518322E+00  0.387956383375402E+00  0.123747936687163E-01
 0.755257831461205E+00 -0.514221565692901E-01  0.653407506714058E+00 -0.849129347366737E+00  0.466186035023745E+00 -0.248294043805686E+00
-0.457941634352303E+00 -0.879632899981960E+00 -0.128590127132947E+00 -0.701328451265892E+00 -0.685497901658787E+00 -0.195527569069903E+00
 0.952667127020282E-02 -0.791046946126034E+00 -0.611681266313744E+00  0.197143390624893E+00 -0.712516203700478E+00 -0.673390780303072E+00
-0.205830265382654E+00  0.223537426542810E+00 -0.952714501194940E+00  0.517483441799788E+00 -0.709051329051713E+00  0.479016805793957E+00
 0.472028377053976E+00 -0.877676176126063E+00  0.829080280583387E-01  0.245775848375797E+00 -0.826775131344520E+00 -0.506001101328256E+00
 0.458097186302448E+00  0.801308118943279E-01  0.885283017394402E+00 -0.941613191819245E-01 -0.368757808565648E-01 -0.994873772272713E+00
 0.162145204701491E-03 -0.998173917558013E+00  0.604053310215412E-01 -0.277307755965412E+00  0.930783946044971E+00 -0.238205067675691E+00
 0.890024144036024E+00 -0.205660641351192E+00  0.406891537921298E+00 -0.910110736604199E+00  0.151238180492335E+00 -0.385779029859232E+00
-0.279424813042525E+00 -0.486829542125246E-01 -0.958932606508555E+00  0.149933535574059E+00 -0.643591531734552E+00 -0.750539722592906E+00
 0.198741016583701E-01 -0.591348665775726E+00 -0.806171058503431E+00 -0.132808346824557E+00  0.616626088268895E+00  0.775973073166800E+00
-0.745365297197344E+00 -0.496110354711696E+00 -0.445314596304399E+00 -0.585132262293212E+00 -0.242383914695024E+00 -0.773867090346103E+00
-0.218065672360421E+00  0.995081042961252E-01 -0.970847825211237E+00  0.227819566026218E+00 -0.268959881933348E+00  0.935819869016482E+00
 0.325914363400703E+00  0.936762516045873E+00  0.127498299049521E+00  0.271750475185789E-01  0.199769482631564E+00 -0.979466012989466E+00
-0.420349069308714E+00  0.241180973663821E+00 -0.874721897447337E+00 -0.965287711559765E-01  0.293307129977128E+00 -0.951132547988816E+00
 0.293261724496169E+00 -0.115724600742523E+00 -0.949002306492728E+00 -0.164335591104356E+00  0.896395397267045E-01  0.982323045853026E+00
-0.527111440506236E+00  0.736457147037636E+00  0.424009905385035E+00  0.475428225094520E-01 -0.732764889523767E+00 -0.678819045629287E+00
-0.154797167105891E+00 -0.981272446938207E+00 -0.114639530424255E+00  0.599030022404674E+00 -0.740797150224495E+00  0.303945084640504E+00
 0.460272805687782E+00 -0.828078875854236E+00  0.320053620051830E+00  0.185042491540243E+00  0.980230778342558E+00  0.700492506349771E-01
-0.494736737916647E-01 -0.750319305252193E+00  0.659221734902167E+00  0.154979170541788E+00 -0.601346194836928E+00  0.783813887765027E+00
 0.945520027182148E+00  0.204198248062479E+00 -0.253564496106383E+00 -0.991162093033991E+00 -0.821811063898043E-01  0.104134389540755E+00
 0.127750762532995E+00 -0.969741099881861E+00 -0.208043125029782E+00 -0.158146811197550E+00  0.977390324719087E+00 -0.140348634669400E+00
 0.432575098533152E-01 -0.864953577578233E-02  0.999026512847459E+00  0.117727219808244E+00  0.474130798282559E-02  0.993034652826795E+00
-0.112199870512766E+00  0.476821650244116E-01  0.992540981620156E+00  0.340487345072568E+00  0.136027421923679E+00 -0.930357408918869E+00
-0.696736012014602E+00 -0.609144670876729E+00 -0.378816181682448E+00  0.763295015254078E+00  0.642514925529531E+00  0.674928897000114E-01
 0.967834582564912E+00 -0.182546329368837E+00  0.173127289661006E+00  0.916443287698776E+00 -0.390465137792862E+00  0.875709803545677E-01
 0.345685024224083E+00 -0.480050937604518E+00  0.806258619384760E+00 -0.159012280308090E-01  0.356815477064078E-01 -0.999236697735020E+00
 0.377311607174823E+00 -0.522983564274342E+00  0.764280146667475E+00 -0.519417116504291E+00  0.164690347561479E+00 -0.838500416518947E+00
-0.219370130623588E+00 -0.871660214438017E-01  0.971740104398212E+00 -0.322521741512644E+00 -0.731930542983916E+00  0.600214467085659E+00
 0.744049410125166E+00 -0.642366024799075E+00 -0.183729054523848E+00  0.839174290674368E+00 -0.542870286408322E+00  0.328384227105642E-01
-0.583676014589860E+00  0.738579105136361E+00  0.337376963422920E+00  0.383460790417051E+00 -0.905824699629960E+00 -0.180109510445795E+00
 0.768008679803740E+00 -0.534877353486796E+00  0.352234133032387E+00  0.485090524828213E+00 -0.874085396560011E+00 -0.257274608622398E-01
 0.666982659283610E+00  0.324932716154951E+00  0.670487033571217E+00 -0.662931416434668E+00 -0.477658695635498E+00 -0.576510284025983E+00
-0.196417241360301E+00  0.979892575510030E+00 -0.350828698474042E-01 -0.269043857222548E+00  0.933566701025939E+00 -0.236788128136437E+00
 0.359278810647216E+00 -0.743842671451639E+00  0.563575031692863E+00 -0.514555351355306E+00  0.297041224262409E-01 -0.856942504198797E+00
 0.119845774517026E+00 -0.701168705766020E+00  0.702850934683037E+00 -0.386557365254190E+00  0.717591502089981E+00 -0.579340866412843E+00
 0.460779732186685E+00 -0.136470578812476E+00  0.876959417262027E+00  0.501543071488880E+00 -0.580630176149673E-01  0.863182039564624E+00
 0.505649456891843E+00  0.377383850696362E+00  0.775822180643587E+00 -0.352483097074961E+00  0.101370572435835E+00 -0.930311600121419E+00
 0.423897192386696E+00 -0.734038036867615E+00  0.530565105070258E+00  0.562579852554679E+00 -0.458865725413014E+00  0.687710808073237E+00
-0.405894061588915E+00 -0.831290948052392E+00 -0.379743822139361E+00 -0.687655928874133E+00 -0.489761222610693E+00 -0.535969465838431E+00
-0.215123346570969E+00  0.750887344337060E+00 -0.624411836750829E+00  0.725530039138519E+00 -0.562308570223018E+00  0.396755887368296E+00
-0.664120583668445E+00 -0.470250641385707E+00  0.581212684500446E+00 -0.441400756422337E+00 -0.205008075367600E+00  0.873577163886431E+00
-0.267002279150427E+00 -0.742672722434107E+00 -0.614122960229292E+00 -0.137235333870653E+00 -0.433258276219349E+00 -0.890760197373484E+00
 0.326223163105297E+00 -0.620757830075536E+00  0.712908243923078E+00  0.326574536276657E+00 -0.471034799416027E+00  0.819435958446289E+00
-0.323102955764574E+00 -0.464323336864686E+00  0.824626169133044E+00 -0.302606057777557E+00 -0.561812299094088E+00  0.769932798614880E+00
 0.167759228129543E-01  0.192881712953836E+00  0.981078596862539E+00  0.176434019552918E-01 -0.488529699774966E-02  0.999832408076818E+00
 0.310262420927114E+00 -0.676958702940429E+00  0.667431003680274E+00 -0.238517190193015E+00  0.615786259277180E+00 -0.750943961203396E+00
-0.133483251643621E-01 -0.352125794806262E+00 -0.935857492809330E+00  0.770439995889915E-01 -0.418049678999151E-01  0.996150875513453E+00
-0.679226786810152E+00  0.462959208163146E+00  0.569490775743127E+00 -0.761834371334374E+00  0.615491314701813E+00  0.201937693807257E+00
 0.610163787402080E+00  0.284096328436920E+00  0.739587336770859E+00 -0.551272323672251E+00 -0.299544321644304E+00 -0.778698930603896E+00
-0.628034711309699E+00  0.220992052795999E+00 -0.746146710768837E+00 -0.458322899122206E+00  0.166050138047304E-01 -0.888630628358465E+00
-0.442730384174896E+00  0.592218149586257E+00  0.673251416804286E+00  0.472977983425250E+00 -0.625070608777534E+00 -0.620949725209269E+00
 0.989729892077372E+00  0.496493864584979E-01 -0.134051031897589E+00 -0.993715394809812E+00  0.538302503420502E-01 -0.981428462298328E-01
 0.326504763354636E+00 -0.873588325862167E+00  0.360885129125694E+00  0.641739461774488E+00 -0.755982884508836E+00  0.129074945404173E+00
 0.863752407162949E+00  0.313361550948091E+00  0.394634409938640E+00  0.744331726028659E+00  0.363496522645740E+00  0.560214744229079E+00
-0.444438748077657E+00 -0.402427054549181E+00 -0.800329097917872E+00 -0.299258820562856E-01 -0.431387356706323E+00  0.901670333357533E+00
 0.200344590919512E+00 -0.200572770191468E+00  0.958974769609198E+00  0.400817916703726E-01 -0.722845231036524E-03 -0.999196140640698E+00
-0.993473623790050E+00 -0.107179138933529E+00 -0.390229549231309E-01  0.977016718705501E+00  0.119750597493235E+00  0.176346606913625E+00
 0.659909212514424E+00  0.207880731657763E-01  0.751057712331514E+00  0.981434521026812E+00  0.172624247223889E-01  0.191019081846752E+00
 0.949456827264214E-01 -0.379549063796819E+00 -0.920286816977496E+00  0.491957875893047E+00 -0.599314134020295E+00 -0.631506149701098E+00
-0.844286583305978E+00  0.117872017376621E+00  0.522767972210506E+00  0.915371759872397E+00 -0.387231680855428E+00 -0.110209648261801E+00
-0.850211509176039E+00  0.375216381834244E+00 -0.369260147413474E+00 -0.793945376305164E+00  0.211266966389030E+00 -0.570102629669806E+00
-0.955143721231356E+00  0.103422724703856E-01  0.295962006332683E+00 -0.997295620372025E+00  0.670987430085343E-01 -0.299867349581777E-01
 0.989528250888476E+00  0.119809768495631E+00 -0.804950934319390E-01  0.926609805231478E+00  0.127490475447313E+00 -0.353751957618754E+00
-0.140815869662301E+00 -0.987740093438803E+00 -0.673824803992498E-01 -0.129755894194802E+00 -0.955052223117663E+00  0.266530784412825E+00
-0.282756944485467E+00 -0.256465110430112E+00 -0.924269526424686E+00 -0.275653739542284E+00 -0.201901770511445E-01 -0.961044937881158E+00
 0.608241457698783E+00  0.719225951667557E+00  0.335792137466554E+00  0.673890717903009E+00  0.660596117351091E+00 -0.330883771232182E+00
 0.698337272731361E+00 -0.614881186165276E+00 -0.366396206877347E+00 -0.540582775552328E+00 -0.677838300788808E+00 -0.498302619659864E+00
-0.198095890869371E+00  0.575909848598968E+00 -0.793149332917442E+00 -0.112793531673029E+00 -0.680089517484941E+00  0.724400350234472E+00
-0.184652450710680E+00  0.904345869502585E+00 -0.384788280435039E+00 -0.544423547920165E+00  0.771270824550643E+00 -0.329764030280731E+00
-0.311972734858005E+00  0.896460771079149E+00  0.314692069524152E+00  0.232632787452171E+00 -0.969955231522229E+00  0.711957515929984E-01
-0.932516167169884E+00 -0.771930680072058E-01  0.352781558784504E+00 -0.331531288041532E+00  0.665933446068898E+00  0.668296079934878E+00
 0.355561219106580E-01  0.247203162865354E+00  0.968311085583574E+00  0.241033925264217E+00  0.518912220822198E+00  0.820141910862442E+00
-0.312244169641831E+00  0.382671093453006E-01  0.949230850145021E+00  0.616627108304475E+00  0.563752652935303E+00 -0.549503371793539E+00
 0.494253592270888E+00  0.728060667540595E+00 -0.475016895391801E+00 -0.938699532267798E-01  0.365335510485390E+00 -0.926130874477026E+00
 0.501026567860203E+00  0.815456459500346E+00  0.289832953539425E+00  0.595303490367408E+00  0.799798691067089E+00 -0.770441959121629E-01
 0.697534344873782E+00  0.194970654129677E+00  0.689515976428211E+00  0.294900030642914E-01  0.134930206366662E-02 -0.999564164575346E+00
 0.528648380004217E+00  0.283574639884285E+00  0.800072692905723E+00 -0.776834223898210E-02  0.933360396808537E-01  0.995604357441023E+00
-0.274945741842622E+00 -0.376690419127359E+00 -0.884595482229174E+00 -0.116143057311698E-01 -0.103652468717248E+00 -0.994545762462041E+00
 0.931107529295667E-01 -0.363366277077523E+00  0.926981842525359E+00  0.188400676993398E+00 -0.406344513163250E+00  0.894085746184643E+00
 0.795724725622845E+00 -0.451841375617227E+00  0.403313193824327E+00  0.410446097744029E+00 -0.387131802463622E+00  0.825628832083743E+00
-0.288489021129129E+00 -0.722781708282453E+00 -0.627981438308694E+00  0.669433732373146E+00  0.229709527474726E+00  0.706464444220866E+00
-0.684910264882829E+00 -0.590190521995397E+00  0.427285708636427E+00 -0.710466135204551E+00 -0.413292624199798E+00  0.569585004638950E+00
-0.126677459688881E+00  0.533127849037552E-01  0.990510256470158E+00 -0.427432818273994E-01 -0.407622738804424E-01 -0.998254200535475E+00
-0.432356466355055E+00  0.556514328095132E+00 -0.709478462411505E+00 -0.321977162306378E+00  0.122254021458304E+00 -0.938820888769740E+00
 0.824818679811949E+00 -0.515530998986920E+00 -0.232167901564410E+00 -0.788292651087979E+00  0.358579430380877E+00  0.500015488108529E+00
-0.120689803593634E+00 -0.872971937649232E+00  0.472603393328355E+00 -0.232170452555025E+00 -0.419064216145655E+00  0.877771077050630E+00
 0.185654459213238E+00 -0.632654085905005E+00  0.751851866634607E+00  0.251571015792070E+00 -0.296725854848568E+00  0.921230585183608E+00
-0.315570442964442E+00 -0.839197546785305E+00  0.442902667633365E+00  0.213621479357325E+00  0.157272469730921E+00 -0.964173860785452E+00
 0.573293540237410E-01 -0.245207158336421E+00  0.967774144450965E+00  0.214517435319325E-01 -0.244145066726578E-01  0.999471737751184E+00
 0.775501463797248E+00 -0.923200348311760E-01  0.624559437377337E+00 -0.950794589742090E+00  0.183159816092572E+00 -0.249884232968202E+00
 0.473283994126327E+00 -0.880664231017240E+00  0.208031995290253E-01 -0.682925252984678E+00  0.720194020065295E+00 -0.122203405427197E+00
 0.161446955375877E+00 -0.435195065610717E+00  0.885742702746087E+00 -0.210402651471017E+00 -0.146000502271046E+00  0.966651218170529E+00
 0.325780390307562E+00  0.632984322909464E+00  0.702280559493070E+00 -0.299342441846302E-01  0.545750003118068E+00  0.837413204530311E+00
 0.696199433199853E-01 -0.125436773255380E+00  0.989655838868948E+00  0.114384186297367E+00  0.975875128613275E+00  0.185967715690423E+00
 0.540851967745412E+00  0.692574209361598E+00  0.477305052888687E+00 -0.394221108278374E+00 -0.350045627881022E+00 -0.849739828529387E+00
 0.135784679824395E+00  0.151241892979215E+00  0.979126350647888E+00 -0.107632762324302E+00 -0.454798279157371E+00 -0.884066577668184E+00
 0.663956807982019E+00  0.216238446780408E+00  0.715822807172505E+00  0.665748510192531E+00  0.473914241616893E+00  0.576354242431779E+00
-0.635451457152277E+00 -0.298166828086380E+00  0.712248543860888E+00 -0.681599506249929E+00 -0.393821188113640E+00  0.616706563020546E+00
-0.190666371573551E+00  0.326927219479573E+00 -0.925615972158180E+00  0.766170958245945E-01  0.817452656893276E-01 -0.993703945933992E+00
-0.425196869118354E+00 -0.159767927495873E+00  0.890888226342465E+00  0.470951338064513E+00  0.418613798512881E+00 -0.776509706874204E+00
 0.842671265143331E+00 -0.929359159059517E-01  0.530347107502681E+00 -0.951098544768754E+00  0.295171795400927E+00  0.910229055708001E-01
 0.409331805778810E-01  0.427772235333875E+00  0.902959240168258E+00 -0.641534369390997E-02 -0.492738681674173E-02 -0.999967281576976E+00
-0.372900231421533E+00  0.849269258157612E+00  0.373747434177395E+00  0.611602454485815E+00 -0.770656535699462E+00 -0.178971901846715E+00
-0.252214636547115E+00  0.144378304363632E+00 -0.956839946041390E+00 -0.123358502565716E+00 -0.170918128448693E+00 -0.977532441002518E+00
-0.177258060516088E+00  0.430019628257274E+00  0.885247253198535E+00  0.884860746373866E-01 -0.549972677633806E-01  0.994557949610695E+00
-0.980865230949936E+00  0.128840535089937E+00 -0.145957237680312E+00 -0.998599935378857E+00  0.324476824034147E-01 -0.417769908919860E-01
-0.884236704309798E+00 -0.449107683543699E+00 -0.128170742891502E+00 -0.646363899836093E+00  0.266441287279975E+00 -0.714998426166986E+00
 0.355651283949739E+00  0.812128530274406E-01  0.931083582031198E+00  0.757867565710650E-02  0.102565073145863E+00  0.994697426077834E+00
 0.963211454870356E+00  0.249376084202544E+00  0.100176154020496E+00  0.432501640697695E-01 -0.586146064148591E+00  0.809050192998589E+00
 0.434476942689183E+00 -0.336424383104670E+00  0.835492920810286E+00 -0.236278909253899E+00  0.172160526221484E+00 -0.956312203337869E+00
 0.234363766934729E+00  0.556617736317942E+00  0.797025922015373E+00  0.375365986189126E+00 -0.429162830368752E+00  0.821534930141224E+00
 0.918459400891396E-01 -0.894760504526173E-01  0.991745108223148E+00  0.177023161054203E+00  0.232037274099413E+00  0.956463017517610E+00
 0.416283667580958E+00 -0.901541517116404E+00 -0.118028814366656E+00 -0.701979588546629E+00  0.599518017684698E+00 -0.384451302163635E+00
 0.302427314708690E+00 -0.949763268113771E+00 -0.805447320433816E-01 -0.707358801108189E-01 -0.334934270376040E+00 -0.939582604028309E+00
-0.489518061735696E+00  0.774011337203177E-01  0.868551168172225E+00 -0.128290192451701E+00  0.167008398679856E-01  0.991596040970520E+00
-0.841955019202133E+00 -0.430837266945828E+00 -0.324793773109931E+00  0.135213126232335E+00  0.736924532230071E+00  0.662313856333966E+00
 0.584562073564337E+00 -0.792956045071671E+00  0.171778615474852E+00 -0.332387212259399E+00  0.939382621238216E+00  0.841369837945449E-01
-0.181364644544692E+00 -0.316249372853161E+00 -0.931178393155232E+00  0.190313749988048E+00 -0.348337789971297E+00 -0.917846098560864E+00
-0.460973608434992E+00 -0.465581646875540E+00  0.755471417340910E+00  0.357521011016430E+00 -0.439381996051557E+00  0.824088701674486E+00
 0.384868260183847E+00 -0.854440989561506E+00 -0.349008621183221E+00  0.418840675304182E+00 -0.908026228164550E+00  0.780113299450932E-02
 0.349300755089081E+00 -0.160655789002791E+00  0.923135255503812E+00 -0.206357782156474E+00 -0.225627451536041E+00  0.952107514336912E+00
-0.310532598442483E+00  0.351534519790331E+00  0.883172116124791E+00  0.608030484592974E+00 -0.144745428018893E-01 -0.793781718998560E+00
-0.485629325278121E+00 -0.573883206613932E+00  0.659410512197393E+00 -0.424857616789350E+00 -0.730661873894802E-02  0.905230699202517E+00
 0.119681556810564E-01  0.923929505759499E-01 -0.995650694738604E+00 -0.395639903330583E-01  0.131316863124478E+00 -0.990550640870053E+00
-0.674802737944894E+00  0.728593066752840E+00 -0.117445340230111E+00 -0.759166015277856E+00  0.589065954080644E+00  0.276890344703822E+00
-0.938886812174956E+00  0.325672077044932E+00  0.111486555948195E+00  0.978175990069916E+00  0.187349605277044E+00  0.898435187048863E-01
-0.903119284606641E+00  0.428266591304777E+00 -0.310368256072770E-01 -0.964763413680957E+00 -0.171462733489599E+00  0.199579775145030E+00
 0.353111708070629E+00 -0.416545794759753E+00  0.837736069708956E+00  0.282033184985511E+00 -0.733937380337741E-01  0.956593247824988E+00
-0.770281081559385E+00 -0.343701900076831E+00 -0.537155526151672E+00  0.903552652770671E+00  0.282162113922770E+00  0.322454873025230E+00
 0.849062261857639E+00  0.214676454581592E+00 -0.482708292178069E+00 -0.621650542566408E+00 -0.343906304588493E+00  0.703760652914879E+00
-0.184825794400311E+00  0.167040490843668E+00  0.968471424536109E+00  0.602702592023871E+00 -0.387894510020067E+00 -0.697343125487015E+00
-0.992335094387575E+00 -0.777810831874535E-01  0.960268896975714E-01  0.655847876027738E+00 -0.744615061375433E+00 -0.124144971234302E+00
 0.967171335344131E+00 -0.128083147264789E+00  0.219486481304425E+00 -0.841281700669082E+00 -0.108394598801591E+00 -0.529618458014805E+00
 0.826057072187074E+00 -0.379897149875682E+00 -0.416302617102094E+00  0.956674524396109E+00 -0.271696225832880E+00 -0.104666208680968E+00
-0.956853537781529E+00  0.943995760412599E-01 -0.274809074228276E+00  0.851654290795059E+00  0.750643263821591E-01  0.518700603310964E+00
-0.241606678172698E+00 -0.795210917566272E+00 -0.556116723040912E+00 -0.739775090470557E+00 -0.672751850231750E+00  0.117372709364766E-01
-0.895513549573326E-01 -0.377552215753207E+00 -0.921647914989857E+00  0.101109646734716E-02  0.103432439610279E+00  0.994635967638512E+00
 0.548995072634097E+00 -0.789484276679403E+00 -0.274443048918136E+00  0.116073540911302E+00 -0.978582294025182E+00  0.170010667079230E+00
-0.537691702210589E+00  0.833787691634976E+00 -0.125242639112632E+00  0.817215882767058E+00 -0.541584229835412E+00  0.197090646522969E+00
 0.369175277251024E+00 -0.109654637727916E+00  0.922868070252400E+00  0.555446851706268E+00 -0.268954988589955E-01  0.831116975564043E+00
-0.637420684494243E+00 -0.190570909806769E+00  0.746577256092302E+00  0.601645489488316E+00  0.496558867804549E+00 -0.625661246828529E+00
 0.904420507755154E+00 -0.370801684376644E+00 -0.211020510887809E+00  0.851052363861344E+00 -0.439952198316812E+00 -0.286621592281919E+00
-0.161215274335602E+00  0.832850202384619E+00  0.529499929847772E+00 -0.158745538339583E+00 -0.327325729189974E+00 -0.931481465767048E+00
-0.842718605987351E+00  0.332079866465072E+00  0.423731416596971E+00 -0.802818280875588E+00  0.153073128467931E+00  0.576239034805006E+00
 0.957443574762065E-01 -0.726653604495635E+00  0.680299608323398E+00  0.182940093795778E+00 -0.835299594716111E+00  0.518466497614931E+00
-0.340370326567697E+00  0.673810332019208E+00 -0.655841198199964E+00 -0.478416688015945E+00  0.625732645660142E+00 -0.616097499413050E+00
-0.394159454228437E+00  0.759226843723144E+00 -0.517892773083901E+00 -0.576488653737445E+00  0.637592250176253E+00 -0.511015610942729E+00
-0.794617570694143E-01 -0.640672327001668E+00 -0.763691559844489E+00  0.102457939980940E+00  0.112757902094426E+00  0.988325870373798E+00
-0.748085360809318E+00 -0.398651664634687E+00  0.530514036785820E+00  0.199722773751759E+00 -0.129434308328307E+00  0.971265964333393E+00
 0.211788578044557E+00 -0.778192993618601E-01 -0.974212376669838E+00  0.575866292918690E-01  0.217091340332769E-01  0.998104450258752E+00
 0.281753238458148E-01 -0.838311226831929E+00  0.544463440548334E+00  0.368856267633255E+00 -0.899679418688327E+00  0.233499459134915E+00
 0.415448675922999E-02 -0.396306889093558E+00 -0.918108702658216E+00 -0.694241570418085E+00  0.675795316451581E-01  0.716562383052622E+00
-0.556116885823107E-01  0.198324083184347E+00  0.978557559943263E+00 -0.171084175930950E-01 -0.637237982634369E-01  0.997820915586730E+00
 0.505640325269132E+00  0.827876270575642E+00  0.242793620343479E+00 -0.781861493944777E+00 -0.574663621442572E+00  0.241773295624123E+00
 0.371742862958115E+00  0.228432469745817E+00 -0.899792115216360E+00  0.398587055913061E+00 -0.574562286889972E-01 -0.915328979462245E+00
-0.389751022954485E-01  0.354137570057939E+00 -0.934380823259188E+00 -0.152031960002067E-01 -0.379888879824195E+00  0.924907185515010E+00
 0.123930688403370E+00  0.147374722038231E+00 -0.981285827766824E+00 -0.182282859705511E+00  0.243762276143652E+00  0.952550739744003E+00
 0.456657198301561E-01 -0.665207188910561E+00  0.745261053493407E+00  0.504187985276424E+00  0.663595564930883E+00 -0.552662104460730E+00
 0.485726107551755E+00  0.213520701249005E+00 -0.847631440297464E+00  0.368443368245622E+00  0.236536584039617E+00 -0.899055019899611E+00
 0.942508848327804E+00 -0.185573273447971E+00  0.277920188193663E+00  0.932132322993814E-01  0.155062992062392E+00 -0.983497209867400E+00
-0.382569758474641E+00  0.619578794958219E+00 -0.685392221095904E+00  0.360840051277232E+00 -0.740640717333168E+00  0.566785484308177E+00
 0.801024453159189E-01 -0.960374907910769E+00 -0.266952494855907E+00 -0.248963111717534E+00  0.956003465310706E+00 -0.155160379342938E+00
 0.644360156356772E+00  0.659307494279278E+00 -0.387444985626420E+00 -0.167860445939793E+00 -0.713335291007020E+00  0.680423128128979E+00
-0.363240321239000E+00  0.204794277913722E-01  0.931470376374647E+00 -0.501231016109246E+00 -0.370848279612301E+00  0.781817767768608E+00
 0.136933600930038E+00  0.964078910507579E+00  0.227598425413827E+00  0.466151599530260E+00  0.875172423393938E+00  0.129521873002836E+00
-0.824661160679184E-01  0.744445800556950E+00 -0.662570592264549E+00  0.500853104769409E+00 -0.863852829614782E+00  0.538930070545169E-01
-0.212440615020330E+00  0.174754488278177E+00 -0.961420747600350E+00  0.178787403482767E+00 -0.175670357792532E+00  0.968077987431247E+00
-0.458550940317413E+00  0.873806570939858E+00  0.161842861184372E+00 -0.781448646452082E+00  0.609713544879326E+00 -0.132617518257941E+00
 0.470017305424296E+00 -0.910374433117428E-01  0.877949837130201E+00 -0.550805269185548E+00  0.328062887799731E+00  0.767455729723830E+00
 0.829745495200520E+00  0.514251704658072E+00  0.216950679765495E+00  0.855726699774719E+00  0.513392635125337E+00  0.644966471355765E-01
-0.426977854803839E-01 -0.239952813629755E+00  0.969845114616883E+00 -0.200838934416933E+00  0.177384476895137E+00  0.963430573408852E+00
-0.317565786155910E-01 -0.347899456981420E+00 -0.936993856728349E+00  0.153063404952973E+00  0.783858843187483E+00  0.601778121919519E+00
-0.537673561211609E+00  0.838022888992419E+00  0.928696888054747E-01 -0.820491533115459E+00  0.251015149460392E+00  0.513600076739890E+00
-0.435711699100904E+00 -0.871207181111167E+00 -0.226171091978921E+00  0.543770757073491E+00  0.424649470538502E+00  0.723868904514548E+00
-0.766938364693219E+00 -0.605437525061038E+00  0.212722702149196E+00 -0.821512157068454E+00 -0.453405396257299E+00  0.345747483625691E+00
-0.126783776024947E+00  0.941783051692261E-01  0.987449401727657E+00 -0.289593370164809E+00 -0.125898170262534E+00  0.948833668606429E+00
-0.395569952823138E+00 -0.930669920954129E-01  0.913708349204391E+00 -0.602868677180779E+00 -0.129942666661321E+00  0.787187564342351E+00
 0.357337683007199E-01  0.892437760944235E+00 -0.449753199703872E+00  0.556662787356341E+00 -0.720081112551331E+00  0.414258050639340E+00
 0.528154821372019E+00 -0.194243765305675E+00 -0.826632835242688E+00  0.759185885395998E+00 -0.237884832448037E+00 -0.605844532785982E+00
-0.688384581584101E+00  0.721454753721161E+00  0.750313679098395E-01  0.450899074308592E+00  0.649531790096848E+00  0.612207871920346E+00
-0.850658764502951E+00 -0.508104421199837E+00 -0.134942815783175E+00 -0.878269638474506E+00 -0.435639192909161E+00 -0.197131772516041E+00
 0.568078688330831E+00  0.365089802374219E+00  0.737560872109331E+00  0.572194327512173E+00  0.325946706502490E+00  0.752563881729034E+00
-0.747796540499867E+00 -0.255858167097660E+00 -0.612647478037620E+00  0.327869162244726E+00 -0.299787196005954E+00  0.895895892143629E+00
-0.317167256838507E+00  0.106114738400367E-01  0.948310248712139E+00 -0.617833515724110E+00 -0.135138377524748E+00  0.774609169690086E+00
 0.284873541856682E+00 -0.846435833101232E+00 -0.449881590634973E+00 -0.694302828006812E+00  0.654570745409973E+00 -0.299133285134196E+00
-0.697000664100880E+00  0.483891516324161E-02  0.717054153563714E+00 -0.299897586614380E+00  0.375990392275497E+00  0.876751197580812E+00
-0.148224622990847E+00 -0.103437811882133E+00  0.983529399770163E+00  0.425063269332187E+00 -0.873935099293978E-01 -0.900934843086254E+00
 0.202656866444855E-01 -0.637914072119563E+00  0.769840852732995E+00 -0.291667206614227E+00  0.831065789074071E+00 -0.473560867066257E+00
-0.707614474353909E+00 -0.680627349664210E+00 -0.189810870536738E+00  0.603472188066103E+00  0.672922562018629E+00 -0.427780953008656E+00
 0.886930909506953E+00  0.360654289429947E+00  0.288586287402832E+00  0.803076485049392E+00  0.371304804916809E+00  0.466048174555382E+00
-0.353471512371762E+00  0.810102982140765E+00  0.467751053732921E+00 -0.523993012425956E+00  0.848112105987095E+00  0.783401468399607E-01
 0.121273289165669E+00 -0.355239550901006E+00  0.926875207787214E+00  0.211791120533604E-01 -0.959442355153002E-01 -0.995161368263467E+00
 0.231755066908530E-01 -0.693347301561117E+00  0.720230806969224E+00  0.782651961848643E+00 -0.619068340975111E+00  0.648867923139457E-01
 0.792089757675597E-01 -0.903924515497671E-01  0.992751299601606E+00  0.382917703351600E+00  0.116565711759613E+00  0.916398639949837E+00
 0.970042928023349E+00  0.119738949484467E+00  0.211374789812418E+00 -0.968080040592472E+00  0.249282330786398E+00  0.260644310158128E-01
-0.357100606580421E+00 -0.349341204409367E+00  0.866279331210037E+00  0.230178740347091E+00  0.374804095233897E+00 -0.898075518922616E+00
 0.564573371289550E+00  0.792833157551457E+00 -0.229504886043281E+00  0.652141379036658E+00  0.750220549391910E+00 -0.108998848701563E+00
-0.722860643021271E+00  0.387905913102061E+00  0.571840443962588E+00  0.647582370354785E+00 -0.374236708304983E+00 -0.663764988352601E+00
-0.683230907365238E+00 -0.396023446775126E+00 -0.613482645903878E+00 -0.173987201739309E+00  0.903382757880825E+00 -0.391954138126591E+00
 0.781609143458906E+00 -0.258382624065240E+00  0.567737233623616E+00  0.240534396751540E+00 -0.160764131710510E+00  0.957234609661988E+00
-0.292681813384934E-01  0.727344994459965E+00  0.685647600881948E+00 -0.710388965950212E-01 -0.631876272450316E+00 -0.771806874473696E+00
 0.765127435071784E+00  0.488762761602889E+00  0.419155067929269E+00  0.574527410574781E+00  0.266472084571782E+00  0.773893327689422E+00
 0.772950993364656E+00 -0.210678708640794E-01  0.634115846414396E+00  0.672671693393107E+00 -0.347290493357670E+00  0.653377460684891E+00
 0.638122960544627E+00 -0.769158313367836E+00 -0.345626417234756E-01  0.569837292462656E+00 -0.820013128722353E+00  0.535156878102864E-01
 0.856937639659273E+00  0.118304183844688E+00 -0.501659248713742E+00  0.736235706167817E+00  0.361566733249335E+00 -0.572037133734323E+00
 0.671153736223410E+00 -0.706420611071502E+00 -0.224772290566971E+00  0.622229051484459E+00 -0.651203461767717E+00 -0.434471010391364E+00
 0.859889795060323E+00  0.268992497324136E+00  0.433857783996600E+00 -0.366733857391735E+00  0.258900529942516E-01 -0.929965581620381E+00
-0.135199260862275E+00 -0.964053166141554E+00  0.228741453861647E+00  0.245717221202536E+00  0.852279418242538E+00 -0.461782243535483E+00
-0.553757695858640E+00  0.831374588796970E+00  0.465693824309467E-01  0.761934350691134E+00 -0.588867904014889E+00 -0.269612011709402E+00
 0.128906298408156E+00  0.265841067179748E+00  0.955359457602970E+00 -0.671395295201494E+00  0.538883639976585E-01  0.739137606814154E+00
-0.243164155552663E+00 -0.317751170079677E+00 -0.916463522114960E+00  0.120571776589771E+00  0.492782833685867E+00  0.861758391612471E+00
 0.910171876320152E+00 -0.190899509962262E+00 -0.367620092829572E+00 -0.985572398030712E+00  0.990532100213043E-01 -0.137242521925484E+00
 0.787315188322648E+00 -0.132462484381455E+00  0.602153206807010E+00  0.977486352984197E-01  0.152428166032433E+00 -0.983468788776383E+00
-0.288516528721378E-01 -0.809331838270230E+00  0.586642614961337E+00 -0.849180066505869E+00 -0.476803432515516E+00  0.227049997556726E+00
-0.492287424500351E-01 -0.255306867564046E+00  0.965605993297175E+00 -0.484905286675289E+00 -0.443995038975711E+00  0.753482095553247E+00
 0.288966521683815E+00 -0.395413141341142E+00  0.871863978497040E+00  0.795459371819186E-01 -0.170819804180345E+00  0.982086064648939E+00
 0.716369140712032E+00  0.279548442519924E+00  0.639271399735817E+00  0.687942237005565E+00  0.672461650582477E+00  0.273003309576403E+00
 0.551451690611824E+00 -0.676839495543548E+00  0.487636473403823E+00  0.490251925127484E+00 -0.856983735086930E+00  0.158845609650534E+00
-0.455459507598271E+00 -0.811982768797065E+00 -0.365021396790643E+00 -0.293916944608908E+00  0.879423204379353E+00 -0.374469834927881E+00
-0.868570827053621E+00 -0.494788322433439E+00 -0.277350748131625E-01  0.643131897250909E+00  0.475959537938961E+00  0.599869886711592E+00
-0.343316654610514E+00  0.612325551978568E+00  0.712173499269094E+00  0.268026320053887E+00  0.260222988775308E+00  0.927602225024939E+00
 0.621193703458677E+00 -0.101750899985144E+00  0.777023253921983E+00  0.530443967748277E+00  0.117753917866814E+00  0.839501764087772E+00
 0.193498061908646E+00 -0.340956212654555E+00  0.919949651388520E+00 -0.484851202542227E+00  0.269141255310146E-01 -0.874182441622032E+00
-0.382488920907145E+00 -0.886268532138606E+00  0.261209330469201E+00  0.282444372624887E+00  0.851787328601366E+00 -0.441229558400934E+00
 0.801123540926747E-01  0.993214608657798E+00 -0.843015531913045E-01 -0.277379579836994E+00 -0.923091855687213E+00  0.266386926581225E+00
 0.679227380857117E+00  0.445038247033624E+00 -0.583601853810643E+00 -0.862421605636503E-01 -0.160214831324092E+00  0.983307427799214E+00
-0.318739203937312E+00  0.483742451225329E+00  0.815106472036579E+00 -0.119449332032981E+00 -0.247676280240413E+00  0.961451151792512E+00
-0.379225855418382E+00  0.391045791897358E+00  0.838612508386063E+00 -0.507693609360418E-01 -0.287784734408825E+00 -0.956348481794888E+00
-0.614645782284670E+00 -0.226256622986909E+00  0.755657662486278E+00 -0.671298447104552E+00 -0.474536179166768E+00  0.569362634510574E+00
-0.948215823583156E+00 -0.295637016153691E+00 -0.116127113915137E+00  0.760427473502294E+00 -0.664863153480948E-01 -0.646010547448222E+00
 0.309312376220520E+00 -0.614381341051204E-01  0.948973766547051E+00 -0.374307698163896E+00  0.268134828993891E+00  0.887692210496218E+00
 0.207762497099428E+00  0.548175144448355E+00  0.810147366722891E+00  0.214973152970665E+00 -0.621657763810623E+00 -0.753211901257426E+00
 0.142916867507778E-01  0.554708661552377E+00 -0.831921900474190E+00  0.333697402324394E-01 -0.406280197364217E+00  0.913139015520919E+00
 0.366287967328687E+00  0.818846405052040E+00  0.441954398013606E+00  0.217466112605163E+00  0.823203066781752E+00  0.524447519499822E+00
 0.546395223845612E+00  0.817361598834640E+00 -0.182680803888054E+00  0.432545059276361E-01  0.998576527533456E+00 -0.312084343756876E-01
 0.175539608235456E+00  0.929982675300412E+00  0.322983079404528E+00  0.452014172906012E+00  0.654143947245118E+00  0.606447758487630E+00
-0.456781094371315E+00  0.887608770159106E+00 -0.591751887329683E-01 -0.220958291474336E+00  0.935730512829960E+00 -0.274928792213043E+00
 0.603686289379448E+00  0.398067520005871E+00  0.690727959135613E+00 -0.505602715028700E+00 -0.378577378506699E+00 -0.775270961044333E+00
 0.197980192464530E+00  0.910214451822575E+00  0.363749220047326E+00  0.178524321926860E+00  0.977899448244592E+00  0.108819739034227E+00
 0.560562847206116E+00  0.134984396410044E+00  0.817036417216509E+00 -0.121603235994486E+00 -0.283137929189231E+00 -0.951338828204811E+00
-0.328699124876579E+00 -0.274135387433402E-01  0.944036748860413E+00  0.666658281590541E+00  0.962198422404279E-02 -0.745301384009408E+00
 0.459540642445160E+00 -0.303893551085169E+00  0.834548445298375E+00  0.339251638884539E+00 -0.627845271029800E+00  0.700513127043078E+00
-0.411309874657834E-01 -0.398150352345846E+00  0.916397587729785E+00 -0.245128027581584E+00  0.470606662675144E+00 -0.847609355269115E+00
-0.756137474058969E+00 -0.558802152901820E+00  0.340582257664743E+00 -0.371967111990367E-01  0.255351704589637E+00 -0.966132450360271E+00
-0.270346157078779E+00 -0.575264224038989E-01  0.961043009484042E+00  0.362819334401332E+00 -0.474296550461158E+00 -0.802125247579965E+00
 0.521954597694970E-01  0.989164622576245E+00 -0.137218742972838E+00  0.343443673444242E+00 -0.932033539249803E+00  0.115585141279534E+00
 0.537416388877983E+00  0.842573132392305E+00  0.354138607887953E-01  0.604399786407616E-01 -0.102923626944266E+00  0.992851316158941E+00
-0.263035300429463E+00  0.865856679502989E+00  0.425563909757442E+00 -0.452914347718054E+00  0.567219699494688E+00 -0.687844754385963E+00
-0.960661829824556E+00  0.273409508847981E+00  0.487451452930585E-01  0.790362049877755E+00 -0.439293596882532E+00  0.427023378576677E+00
-0.683906949644972E+00  0.280317624324312E+00  0.673567601448054E+00  0.137975044599665E+00  0.366260741466020E+00  0.920226035454595E+00
 0.132715865115974E+00  0.425300198942412E+00 -0.895268808753027E+00 -0.226034159591305E-01  0.247833279287740E+00 -0.968538977669182E+00
 0.226621094487312E+00 -0.460500930277622E+00  0.858243422780983E+00  0.756385093961624E+00  0.563869016592886E+00 -0.331561942567655E+00
-0.323745660998981E+00 -0.217816916456318E+00  0.920730437147482E+00  0.187016398286442E-01  0.159217231985382E+00 -0.987066422135123E+00
-0.226371890232352E+00  0.623557860423606E-01  0.972042963690222E+00 -0.122585960542619E-01  0.355183406026997E-01  0.999293837819292E+00
 0.987261361558283E+00 -0.158577459641866E+00  0.129689347140436E-01 -0.948455598545336E+00 -0.158802190051741E+00 -0.274251421186435E+00
-0.283601798311247E+00 -0.707103976771291E+00  0.647745309538288E+00  0.725025751068438E+00  0.573142190594799E+00 -0.381897485783611E+00
 0.531241364174752E+00 -0.210506672610694E+00 -0.820651907800209E+00 -0.936324654961561E+00  0.156434787079388E+00  0.314363321496864E+00
 0.927061661943036E+00 -0.179419913769548E+00  0.329188653356010E+00 -0.693755880571805E+00  0.691854688239682E+00 -0.200099646508462E+00
-0.490019918871263E+00 -0.280862349221981E+00 -0.825225314625594E+00  0.817746608680869E-02  0.878819787985993E-01  0.996097328001055E+00
 0.461863323447490E+00  0.749977456003517E+00  0.473514610060272E+00 -0.527328198196323E+00 -0.810824733191600E+00 -0.253945315829590E+00
-0.733471550721123E+00 -0.188033961044158E+00  0.653194238934174E+00 -0.625846910112545E+00  0.228680866770893E-01  0.779610605183324E+00
-0.881607208675756E+00  0.309692406600379E+00 -0.356173192288538E+00  0.670456641481317E+00  0.100813570167291E-01  0.741880218185048E+00
-0.346025968047014E-01 -0.417161722923116E+00  0.908173307922110E+00 -0.866303872988101E-01 -0.994719058589298E-01  0.991262082368356E+00
-0.922828816642966E-01  0.277074610077345E-01  0.995347259179548E+00 -0.132956253356405E-01  0.910723525405034E-01  0.995755518663930E+00
-0.503443696968344E+00 -0.822535939043920E+00  0.264535579769494E+00 -0.178100316913532E+00 -0.912322520814389E+00 -0.368711126941103E+00
-0.562375950178872E+00  0.568010963900701E+00  0.600913334474288E+00  0.294357764709802E+00 -0.410120976870130E+00 -0.863223198649190E+00
 0.191398411498519E+00 -0.164974610812079E+00  0.967548461764705E+00  0.166221918854853E+00 -0.574506414369248E-01  0.984413377342413E+00
 0.492183787372659E+00  0.804247866302282E+00  0.333077301832069E+00  0.782281723461117E+00  0.532326312414662E+00  0.323518163709106E+00
-0.254693324154075E+00  0.329444391519453E+00  0.909174187671276E+00 -0.140235684412012E-02  0.796512519592947E-02  0.999967294553124E+00
-0.416613858266087E+00 -0.184467443018328E-01  0.908896369629293E+00  0.282852586363475E-01 -0.194157636240748E+00 -0.980562469419098E+00
-0.476015053094137E+00 -0.320508017042051E+00  0.818953161200052E+00  0.704683742510115E+00  0.690333635161885E+00 -0.163891107770114E+00
 0.395774746658452E+00 -0.652677339620215E+00 -0.646045385598966E+00  0.301132119305915E+00 -0.406985155925263E+00 -0.862370297249863E+00
-0.350853495568556E+00 -0.857908127972486E+00 -0.375360451574310E+00 -0.364532369927909E+00 -0.821472816849858E+00 -0.438518599892299E+00
 0.278332825984607E+00  0.499140069517296E+00 -0.820603454161443E+00 -0.336358138038429E+00 -0.862698682161093E+00  0.377642935552666E+00
 0.414850672382219E+00  0.113583601084303E-01  0.909818612295697E+00  0.163666853539579E+00  0.305997835610010E-01  0.986040980029975E+00
 0.120617015478446E+00 -0.862258224054977E+00  0.491896625955729E+00  0.993898694808021E-01  0.978280734327804E+00 -0.181902332826276E+00
 0.807849126518114E+00  0.412421078896249E+00 -0.421056578699317E+00  0.929160182697591E+00  0.307247718097620E+00 -0.205572845028679E+00
-0.340634209307485E+00 -0.492507541268534E+00  0.800877429600240E+00 -0.168448400758042E+00 -0.600289255963305E+00  0.781842660294947E+00
-0.428688836500356E+00  0.201161780535850E+00  0.880772285844427E+00 -0.419729117936471E+00 -0.734613134340286E+00 -0.533076927291936E+00
-0.719220418638795E+00  0.423524885126246E+00 -0.550770969725017E+00 -0.769585998053754E+00 -0.377362798794847E-01 -0.637427144684366E+00
-0.408365078151240E+00 -0.590231043912854E+00 -0.696322682201344E+00 -0.140762515902372E+00 -0.824081335257411E-01 -0.986607730380032E+00
 0.723553311774716E+00  0.703643283673242E-01 -0.686672750524772E+00  0.784513023718302E+00 -0.141863800869568E+00 -0.603667108280058E+00
-0.451257768595320E+00 -0.444565637841650E+00  0.773775044785511E+00  0.407144052156267E-01 -0.443566178411700E-01  0.998185768112144E+00
 0.180592363662270E+00 -0.601415794455172E+00 -0.778257952331185E+00 -0.694249599849584E-01 -0.124436128604313E+00 -0.989795850076700E+00
-0.326524017413112E+00  0.804409387147595E+00 -0.496293868510616E+00  0.922633744254717E+00 -0.389616329966740E-01  0.383704267785430E+00
-0.412304455308459E+00  0.890337996748582E+00 -0.193140590447782E+00 -0.732230375723664E+00  0.669780343503193E+00 -0.123421911848449E+00
-0.523915350053998E+00 -0.317378431656977E-01  0.851178838605018E+00  0.477819357096286E+00 -0.605756236049833E+00 -0.636198117311605E+00
-0.737302680433212E+00 -0.667532053346646E+00 -0.103854297844678E+00  0.547179301045208E+00  0.621593595482668E+00 -0.560549921561503E+00
 0.453723522893592E-01 -0.868902497667441E+00 -0.492899380396256E+00  0.131275911797838E+00  0.671777666882747E+00  0.729027709527710E+00
-0.619204343834051E+00  0.272817841144006E-01  0.784755812232428E+00 -0.824947955096312E+00  0.334510814970140E+00  0.455591248873840E+00
 0.514303791848224E+00  0.919707532889390E-01  0.852662295536753E+00 -0.149005224320491E+00  0.770499963628135E+00  0.619780000624611E+00
 0.598219826421119E-01 -0.800906953962010E+00 -0.595793069352155E+00  0.175376453211284E+00 -0.715298613281999E+00 -0.676454723906840E+00
-0.366965265299873E+00  0.388566708568882E+00  0.845193709782165E+00  0.878138241628780E-01 -0.370351424402088E+00 -0.924731612268790E+00
 0.436998890556477E+00  0.229367649786730E+00 -0.869725503181159E+00 -0.607282709529952E+00 -0.181697523207368E+00 -0.773429842174627E+00
 0.656053463992085E+00  0.680041265804098E+00 -0.327319002179138E+00  0.647350225957496E+00  0.466136028970930E+00 -0.603038048093145E+00
-0.544891040027151E+00 -0.257855837208614E+00  0.797874753150878E+00 -0.806685936925487E+00 -0.438501328482944E+00  0.396199929436317E+00
-0.352034605768803E+00 -0.613226705500669E+00  0.707124206912759E+00  0.659548023150134E+00  0.604295456147763E+00 -0.447016114740751E+00
-0.539597364587368E+00  0.819585633883015E+00 -0.192650130710942E+00 -0.800417830840253E+00  0.318232251945788E+00 -0.507995600270806E+00
-0.519492595351902E+00  0.644102635463915E+00 -0.561479508408797E+00 -0.200978109406144E+00  0.511061549504379E+00 -0.835717591150094E+00
-0.721657163405710E+00  0.117449400636661E+00  0.682214465395826E+00 -0.415169957439146E+00  0.260233804185049E+00  0.871729472714646E+00
 0.157542848869183E+00 -0.191476808425949E+00  0.968770810153358E+00 -0.195968973421705E-01  0.332379909875770E-01  0.999255321511810E+00
 0.832551608261661E-01 -0.128735543842047E+00 -0.988177989001729E+00 -0.436297817907184E+00  0.581205828274863E-01 -0.897923277313392E+00
-0.743424504987135E+00 -0.496913360449051E+00 -0.447657366287951E+00  0.157985092328109E+00  0.927902204330458E+00  0.337695439413616E+00
-0.234446685038447E+00  0.210740478518763E+00  0.949011697814187E+00  0.891396351846516E-01 -0.428542043792882E+00 -0.899113920557883E+00
-0.134061133266049E+00 -0.908040542803384E+00  0.396850078962771E+00 -0.753892285253134E-01  0.969682285160987E+00  0.232449413996517E+00
 0.110630425003488E+00 -0.898202706509998E+00  0.425432494153493E+00  0.363696531571007E+00  0.869189111160073E-01 -0.927453468274084E+00
-0.781095382310506E+00  0.590572281053098E+00  0.202766823186007E+00 -0.605255511742767E+00  0.795912941089598E+00  0.137242745202848E-01
-0.779554179692579E+00 -0.446906792561843E+00 -0.438827528404857E+00 -0.571143810458933E+00 -0.626388334752288E+00 -0.530502028140049E+00
-0.398056056357429E+00  0.215034133661005E+00  0.891802499075795E+00  0.270551820089345E-01 -0.712952695669880E-01  0.997088261722017E+00
-0.822243746606839E-02 -0.390430908299026E+00 -0.920595512354321E+00  0.548884382612482E-02  0.542830620735356E+00  0.839824261250840E+00
 0.662651954756371E+00  0.670287220377481E+00 -0.334076980733768E+00  0.403555687819323E+00  0.409763326170531E+00 -0.818068960023748E+00
 0.142001399691404E+00  0.748314611861396E+00  0.647966699885427E+00  0.751794146753336E-01  0.364111272053696E+00  0.928316237697323E+00
 0.130173601964726E+00  0.745972101676664E+00  0.653131270780714E+00 -0.452715063078854E-01  0.956949205961459E+00  0.286703170415585E+00
 0.644808726917049E+00 -0.304870103023928E+00 -0.700910783176999E+00  0.668765059583649E+00  0.445292020322412E+00 -0.595372414306595E+00
 0.440718144155665E+00  0.246795023703785E+00  0.863052567163226E+00  0.306515480195952E+00  0.198675697760851E+00  0.930900761370128E+00
-0.183197245249448E-01  0.122882796907667E+00  0.992252087887689E+00  0.240827294839786E+00 -0.312384501263593E-01 -0.970065138685982E+00
-0.287646424030106E+00  0.833225113509775E+00 -0.472223935182572E+00 -0.633492848678830E+00  0.709283706863008E+00 -0.309198049559584E+00
-0.789413145438181E+00 -0.178720412356068E+00  0.587269869835559E+00  0.660344876349241E+00  0.617344646775826E+00 -0.427586519170723E+00
-0.723212746315385E+00  0.444234658951274E+00 -0.528790025769590E+00  0.784522257201080E+00 -0.208384855012161E+00  0.584038166696050E+00
 0.738112045729617E-01  0.460375845367746E+00  0.884650206059673E+00  0.214549062149520E+00 -0.509868044907138E+00 -0.833068590641451E+00
 0.215645579745577E+00 -0.954646924942143E+00 -0.205295476410719E+00 -0.347479174522322E+00  0.870469296839499E+00  0.348627919898900E+00
 0.646355633520411E+00 -0.407998064388263E+00 -0.644796072004055E+00  0.956268814396178E+00 -0.190592786360140E+00 -0.221865599859030E+00
-0.202211797412265E+00 -0.367924989342597E+00 -0.907602110621472E+00  0.528963346860771E+00  0.821925160336802E-01  0.844655058580664E+00
 0.823732412534469E+00  0.543773712464734E+00 -0.160546137208169E+00 -0.820687433153788E+00 -0.571340353260889E+00  0.650675027720294E-02
-0.308085771428972E+00  0.724405174819776E+00  0.616701143291745E+00 -0.116417704353342E+00  0.786891766943006E+00  0.606010119742577E+00
-0.385212903972995E+00 -0.579918321777857E+00 -0.717848005276218E+00  0.637013005939521E+00 -0.255005810794268E-02  0.770848835678917E+00
-0.354407295117451E+00 -0.534084690013962E+00  0.767560429582076E+00  0.108749893420533E+00  0.339647494715498E+00 -0.934244636064081E+00
-0.138220211278304E+00  0.109098166811028E+00 -0.984374300351576E+00 -0.153011630610412E+00 -0.232296973103986E+00 -0.960533995850573E+00
 0.549500325091495E+00  0.280858042431120E+00  0.786872386557121E+00 -0.107416375994780E+00  0.944134999750261E-01 -0.989721078481515E+00
 0.151083526443936E+00 -0.580712763045283E+00  0.799966533595986E+00 -0.770975573783988E-01  0.438086074207701E+00 -0.895620766972031E+00
 0.945689562552113E+00  0.190722452974210E+00  0.263241708723167E+00 -0.958392096718172E+00 -0.253128857033841E+00  0.131948363706746E+00
-0.122177271290333E+00 -0.882255812976762E+00  0.454639851804438E+00 -0.851357863497451E-01  0.776809215277194E+00 -0.623954598462934E+00
 0.334006895019985E+00  0.807206193787224E+00 -0.486680136014047E+00 -0.164026307454182E+00 -0.802961051772023E+00  0.573017381760897E+00
 0.901144597655702E-01 -0.753211443445507E+00  0.651576477172016E+00  0.188431999661022E-01 -0.203442077940427E-03  0.999822430447706E+00
 0.850009297839664E+00  0.506857215230614E+00 -0.143457160695413E+00  0.644899705418298E+00  0.639159921145585E+00 -0.419021437581137E+00
-0.363778239158619E+00 -0.520931494882906E+00 -0.772201897403597E+00  0.386969462632319E+00  0.345098113762201E+00  0.855080070442426E+00
 0.741774660112676E+00  0.577333744156723E+00 -0.341256650444651E+00  0.801060644483777E+00  0.567847145219392E+00 -0.189344827036343E+00
-0.316101544568345E-01  0.255417930162789E+00  0.966313861582546E+00 -0.618958379110552E-01 -0.577105676698403E+00 -0.814320540801819E+00
-0.887932614412878E+00  0.389852042304411E+00  0.244112796413852E+00  0.406783619624588E+00 -0.835576701088985E+00 -0.369240657840341E+00
-0.255578450834624E+00  0.104960767470422E+00 -0.961073822742558E+00 -0.758042157854981E-02  0.185331615400640E+00 -0.982646797960326E+00
 0.728195945292820E+00 -0.625917078390906E+00  0.279210451519439E+00  0.913855393166829E+00 -0.271184305629207E+00  0.302204223597727E+00
 0.104714373831372E+00  0.993539081958614E+00 -0.437606276684808E-01  0.674325989907017E-01  0.967438243848739E+00  0.243959195219668E+00
-0.244959570116451E+00 -0.698679204600950E+00  0.672192069327322E+00 -0.101621158113088E+00  0.951103289093829E+00 -0.291677345192689E+00
 0.701613994699001E+00 -0.205621616394504E+00 -0.682244496726666E+00  0.688473661604509E+00  0.154871318792705E+00 -0.708532915179167E+00
 0.530314290662347E+00 -0.847781536912681E+00 -0.576357434793389E-02 -0.778455283995613E+00  0.378325972890212E+00  0.500876061572106E+00
 0.478609798750379E-01 -0.892383502564568E+00 -0.448732672039817E+00 -0.918427500459050E-02  0.140950982503236E-01 -0.999858478634828E+00
-0.440020169932445E+00 -0.611977890817489E+00  0.657164599779385E+00 -0.648453997847999E+00 -0.751264369168702E+00  0.122919731095131E+00
-0.845019205579825E+00 -0.244812210751284E+00  0.475404589448093E+00  0.407938397218481E-01 -0.228085780413841E+00 -0.972786070733827E+00
 0.749151562466089E+00  0.646472305138979E+00  0.144379690894920E+00  0.681237429568661E+00  0.502139206584591E+00  0.532702338802150E+00
 0.885622292980001E-01  0.183436167190581E+00 -0.979034169019753E+00 -0.274499987906811E+00 -0.176710052476454E+00  0.945210724649763E+00
 0.376166035144567E+00  0.332117452080118E-02  0.926546320376601E+00  0.322958660522118E-01 -0.980620644143648E-02 -0.999430245365411E+00
-0.944206229349307E+00  0.639988663269530E-01 -0.323076990153785E+00 -0.973066670920887E+00 -0.202592997317699E+00 -0.109987869243719E+00
 0.328199411827272E+00 -0.872146222009021E+00  0.362830695382329E+00 -0.694957840185380E-01  0.994045427763919E+00 -0.839286813032066E-01
-0.274924854657687E-01 -0.675736580164776E+00 -0.736630326194983E+00  0.205112845668148E+00  0.455961161164487E+00  0.866041650298326E+00
-0.877910067905126E+00  0.455312697493765E+00 -0.148203441835093E+00 -0.884970832963210E+00  0.388801509324598E+00 -0.256242094807462E+00
-0.277842126916625E+00 -0.544922049414579E+00 -0.791115486242218E+00  0.621679847885235E+00  0.573275294626044E+00  0.533731770934440E+00
 0.387456087498512E+00 -0.798005337768910E+00  0.461589927481822E+00 -0.126737074713176E+00  0.642964587444042E+00 -0.755337178474660E+00
 0.863870851118406E+00 -0.420030802591603E+00  0.278031072835780E+00 -0.411901909999676E+00  0.628333479576519E+00  0.659949888235374E+00
 0.576710521722667E+00  0.739197327125941E-01 -0.813597472494887E+00  0.396242670017792E+00 -0.154367190104329E-01 -0.918016042432464E+00
-0.103342764298038E+00 -0.653112695683653E+00  0.750176032544411E+00  0.580981202414447E-01  0.844809494561452E+00 -0.531903681434182E+00
-0.476660943935181E+00  0.702207799926773E+00  0.528865342264762E+00  0.746900567076967E-01  0.841094752438583E+00  0.535706088120417E+00
-0.372118683974278E+00 -0.845474489942134E+00 -0.383015106613748E+00 -0.204585428390711E+00 -0.969759127023752E+00 -0.133086581007704E+00
 0.105829852358415E+00  0.935288850686410E+00  0.337690402782623E+00  0.869660396921745E-02  0.928502750183530E+00  0.371223668400904E+00
 0.125925708818773E+00 -0.110038196287498E+00  0.985918004306790E+00 -0.877308119550404E-01  0.952251737605567E-01 -0.991582306677555E+00
 0.310356180708148E+00 -0.248389342278843E-01 -0.950295779451153E+00 -0.567160953633380E-01 -0.129286114023835E+00 -0.989984032824445E+00
-0.556070578290358E+00  0.675886478850428E+00  0.483697198324527E+00 -0.504763922862009E+00  0.683864969848786E+00  0.526822631623466E+00
 0.443836289161880E+00  0.630943515660586E+00  0.636332954096260E+00 -0.521823580514109E-01 -0.287713112920465E+00 -0.956293974759755E+00
 0.712858826802896E+00 -0.366066450109697E+00 -0.598186966719674E+00 -0.379933857410224E+00  0.866605733655421E+00  0.323488433160966E+00
-0.275445828017449E+00  0.893374808208251E+00 -0.354980348592219E+00  0.478909416321938E+00 -0.876384675462445E+00  0.509477337353214E-01
 0.870221468385157E+00  0.390422681564617E+00 -0.300474168076849E+00  0.926658406592099E+00  0.375880512217598E+00  0.424711987448146E-02
 0.541541638604127E-01 -0.206312356525574E+00  0.976986457470852E+00  0.109599951223472E+00  0.379748983309416E+00 -0.918574199706957E+00
-0.408735534030606E+00 -0.148430311619757E+00 -0.900501918828148E+00 -0.324966340669974E+00 -0.242032519798212E+00 -0.914230352149662E+00
-0.702005722143113E-01 -0.939987328056317E+00 -0.333909722461519E+00  0.433587586005639E+00 -0.476499550052595E+00 -0.764820229898162E+00
 0.552226573274605E+00  0.197699573194110E+00 -0.809914001933695E+00  0.666619025177386E-01  0.471871615987623E-01 -0.996659200796826E+00
-0.628540978974362E+00  0.530099495562598E-01 -0.775967900752340E+00  0.678803117245785E+00 -0.404243291119764E-01  0.733206793226339E+00
 0.697887933105238E-01  0.232881370983585E+00  0.969997830604310E+00 -0.163591598910670E+00  0.882911130262825E-01 -0.982569319756337E+00
-0.305204635682789E+00 -0.750807951416247E-01  0.949322392319194E+00 -0.705335201675315E+00 -0.289589382916287E+00  0.647024143737934E+00
 0.738353432896775E+00  0.201368810362488E+00  0.643649602146031E+00  0.965995185193607E+00 -0.131937104127027E-01  0.258223213883482E+00
-0.794584485969817E+00 -0.543574672585637E+00  0.270484879391619E+00 -0.698287934970874E+00  0.508033799451058E+00  0.504277322997410E+00
-0.482465029148816E+00  0.846196328561109E+00  0.226228356264486E+00  0.894006155753257E+00  0.626707862911771E-01 -0.443650049048718E+00
-0.759107299680395E+00  0.134646015907193E-01 -0.650826253370239E+00 -0.646101120622541E+00 -0.124340077807969E+00 -0.753055699786547E+00
 0.272245219983715E+00 -0.231508852610831E+00  0.933962628459424E+00 -0.724684627144218E-01  0.785176415974631E-01  0.994275264637405E+00
-0.271831881876756E-01  0.674537862858675E+00  0.737739619276344E+00  0.339827222245504E+00 -0.342333752560293E+00 -0.875970924676666E+00
-0.469899365453290E+00 -0.210710829582511E+00 -0.857202153895594E+00  0.377831563858134E+00  0.607573711870570E+00  0.698639745502884E+00
 0.868473344084941E-01 -0.477331713178038E+00 -0.874420937592793E+00  0.119307403084199E+00  0.574846598989342E+00  0.809516603411994E+00
-0.253574730291266E+00  0.491813375219250E-02  0.967303296860973E+00  0.491472503009778E+00 -0.125435897764952E+00 -0.861812400895464E+00
-0.470494767898411E+00  0.789880325781448E+00  0.393349392173948E+00  0.213017478577836E+00 -0.673677875587119E+00 -0.707659292148960E+00
-0.892570945423608E+00  0.384352681160729E+00 -0.235775579460990E+00  0.703035619200054E+00 -0.539847638227943E+00 -0.462931361689516E+00
-0.590397042185537E+00  0.467321138419552E+00  0.658059485278362E+00 -0.706240436692762E+00  0.565026015273089E+00  0.426579474007635E+00
 0.517508672731385E+00  0.233624748416452E+00  0.823167206936203E+00 -0.571236770158356E+00 -0.638408864701460E+00 -0.515870791855521E+00
-0.213044145798253E+00 -0.395289618726230E+00 -0.893508986674653E+00 -0.120051089521146E+00 -0.761838392684391E-01  0.989840269204636E+00
-0.949932899088889E+00  0.111075109803168E+00  0.292044187086119E+00  0.969359316351245E+00 -0.190125183694480E+00  0.155547196465212E+00
 0.841861186739041E+00 -0.381181913371041E-01 -0.538346306527241E+00  0.396529790433004E+00 -0.215281438890250E+00 -0.892422560992550E+00
 0.693570673209893E+00 -0.419962180390619E+00 -0.585313154050661E+00  0.536196523913594E+00 -0.760754197346366E+00 -0.365713465657016E+00
 0.498928460618436E+00  0.866219524120166E+00  0.270947821166717E-01  0.184939928247360E+00  0.966310304173681E+00  0.179001729007373E+00
 0.495258916313261E+00  0.703860470556800E+00  0.509214143361881E+00 -0.473865189727570E+00 -0.410531652222981E+00 -0.779047844799999E+00
-0.892179200608073E+00 -0.741149530932463E-01  0.445559477208516E+00 -0.777245080297444E+00 -0.256209694963006E+00  0.574670929628760E+00
-0.428410719815574E+00 -0.314946672953178E+00  0.846919623307210E+00  0.176224716476498E+00  0.392767364446199E+00 -0.902595505599693E+00
-0.227432997706998E-01  0.419321030193050E+00 -0.907553092636116E+00  0.796332534396088E+00  0.378342709766942E+00 -0.471922968956282E+00
 0.558466522011452E+00 -0.166720875554082E+00  0.812600328234559E+00  0.511124335883780E+00  0.593273829735539E+00  0.621914846436625E+00
-0.446173559762626E+00  0.744860533582130E+00  0.496096704363666E+00 -0.689042372847555E+00 -0.237959183953286E+00  0.684540747649763E+00
-0.473766302625968E+00 -0.261975787534614E+00 -0.840781884463348E+00 -0.106283495053304E+00  0.748881235588226E-01 -0.991511768779924E+00
 0.615048407376290E-01 -0.627049206549750E+00 -0.776547775176239E+00 -0.356753135628737E+00 -0.554458490794736E+00 -0.751866332671365E+00
-0.981308796581719E+00 -0.127479860722755E+00  0.144159393941029E+00 -0.247948498428278E+00 -0.396867519508069E-02  0.968765085944140E+00
-0.295970738930152E+00 -0.883026082768773E+00  0.364233796959009E+00  0.190690139468517E+00  0.971820814412670E+00 -0.138569749165436E+00
 0.416744143879622E+00 -0.722103660686315E+00 -0.552169015578984E+00 -0.720909495472776E+00 -0.684321053978194E+00 -0.109518009566285E+00
-0.588932653704264E+00 -0.724526291546665E+00  0.358078178975612E+00  0.222470764834692E+00  0.475969930509219E+00 -0.850858028136843E+00
-0.185024570208224E-01 -0.642033339493402E+00  0.766453423283595E+00  0.135798977837404E+00  0.680560946765213E+00 -0.719996830101601E+00
 0.928993272590253E+00  0.983448569964802E-01  0.356790959224577E+00  0.792476515889877E+00  0.395615944866641E+00  0.464186380595464E+00
 0.444513036607458E+00 -0.685167645977576E+00 -0.577021193017695E+00  0.167263430660059E+00  0.513742331237104E-01 -0.984572817487248E+00
-0.843346857911150E+00  0.432860258704261E+00 -0.318430641876486E+00  0.644332954007398E+00 -0.650724479986890E+00  0.401737097522611E+00
-0.339924396874538E+00 -0.371447059906486E+00  0.863989864579619E+00 -0.255876004308895E+00 -0.879767067799946E+00  0.400671157975714E+00
-0.424626347254953E+00 -0.322224049749788E+00 -0.846087540967105E+00 -0.338844858958217E-01 -0.333631186383371E-01  0.998868732081598E+00
 0.145057847839769E+00  0.774884480175927E+00 -0.615233502958493E+00  0.392846043119005E+00 -0.834774202560090E+00  0.385777159958837E+00
 0.478084858135157E+00 -0.131487409162770E+00  0.868415758524423E+00 -0.140699531596755E+00 -0.889862697427681E-01  0.986045174221608E+00
 0.520791685698293E+00  0.835946012434410E+00 -0.173119277963314E+00 -0.706156184905314E+00 -0.705446082562568E+00 -0.607393374766174E-01
 0.321686986559963E+00  0.446902111515211E+00 -0.834743065500526E+00 -0.565712979311252E+00  0.442690231878305E-01  0.823413066829026E+00
 0.164819767791302E+00  0.979846728029924E+00  0.112848720481336E+00  0.120157136332472E+00  0.933603994746701E+00  0.337558652061210E+00
 0.629504710002207E-01  0.142943929766693E+00  0.987726820099417E+00  0.418776220937074E+00  0.129368713436935E+00  0.898827131745218E+00
-0.583922129374257E+00  0.804215573763659E+00  0.110780222707045E+00 -0.600077734518330E+00  0.761606472924506E+00  0.244667719437695E+00
-0.935878939494041E+00 -0.352142716984360E+00 -0.112302042003556E-01 -0.976735052657639E+00  0.775347402778341E-01 -0.199942494132506E+00
-0.510586567712008E+00  0.667264858345382E+00 -0.542272040298399E+00 -0.412022921825179E+00  0.529159194004800E+00 -0.741773320692267E+00
 0.191769127177876E+00 -0.549038995903058E+00 -0.813499098241171E+00  0.801643782505824E-01  0.303634279632438E+00  0.949410288911906E+00
 0.234179146412970E+00 -0.672121522761791E+00 -0.702433474448409E+00  0.253733752768459E-01 -0.196060794005474E-01 -0.999485764519735E+00
 0.590947042039264E+00 -0.234279884246842E+00  0.771942050507894E+00  0.720836944376545E+00  0.240400031004102E+00  0.650078398899019E+00
-0.194819636227330E+00 -0.133660420561001E-01  0.980748009562092E+00 -0.313952721381622E-01 -0.100810974848832E-01  0.999456206324655E+00
 0.494556350205996E+00 -0.215993312817749E-01  0.868877140543532E+00  0.578666064502157E+00 -0.253523920111313E+00  0.775158827418599E+00
 0.385554931873911E+00 -0.879633692286945E+00 -0.278553337623767E+00 -0.562721506907692E+00  0.824604246386033E+00 -0.580718736193169E-01
-0.462599489336236E+00  0.186885156237699E+00 -0.866646208578717E+00 -0.129010649080520E+00 -0.275785583749053E+00  0.952522211929998E+00
-0.212351320838270E+00  0.385817446146607E+00  0.897803884368492E+00 -0.333522286279119E+00 -0.520084147639314E+00 -0.786304879756852E+00
 0.144892294010329E+00 -0.381743735801525E+00  0.912840590307377E+00 -0.626019643709050E-02 -0.699434559063880E+00  0.714669229453518E+00
-0.685154726937258E-01 -0.106264338392902E+00  0.991974556320612E+00  0.583244446652735E+00 -0.453404596101190E+00 -0.673980851124913E+00
 0.392184025344033E+00 -0.134547041647707E-01  0.919788378487568E+00  0.996326023183487E-02 -0.105596222455552E+00  0.994359176177638E+00
-0.981645478397453E+00 -0.124021204770000E+00  0.144882350578785E+00  0.986059175508791E+00 -0.985506755371858E-01 -0.134071125698589E+00
-0.827865256954659E+00  0.606429538863633E-01 -0.557639263746137E+00  0.761023983447257E+00  0.232337835764514E+00  0.605691032367436E+00
-0.319227573214226E+00  0.924698629534507E+00 -0.207427580222014E+00 -0.642215393526919E+00  0.393415363845987E+00 -0.657863009909353E+00
-0.203938146979980E+00 -0.488442185639627E+00  0.848429999171385E+00  0.395455018426597E+00  0.223824610596331E+00 -0.890796201211377E+00
 0.753573892810780E+00 -0.242142165861876E+00 -0.611141194476143E+00  0.475026099541333E+00 -0.431845889066131E+00 -0.766719852913194E+00
-0.210896539972206E+00 -0.950324590543157E+00  0.228923179334754E+00 -0.932676003716822E-01 -0.826709600447444E+00  0.554844474829600E+00
 0.661148840938834E+00  0.450496182902991E+00  0.599946163680602E+00 -0.644680507599231E+00 -0.622635193605330E+00 -0.443522782735735E+00
 0.595956644020054E+00 -0.742390495742220E+00  0.306091539053231E+00 -0.781213834235421E+00  0.514829848674871E+00  0.353065393535817E+00
 0.527273566233941E+00 -0.127677018630261E+00  0.840048311268245E+00  0.304365432227389E+00 -0.341940944271482E+00  0.889065843622260E+00
-0.345964626585820E+00  0.531364457862963E+00 -0.773278921264076E+00 -0.123517790148436E-01 -0.135506001618374E+00  0.990699529161375E+00
-0.317653511350312E+00 -0.598030629766646E+00  0.735836675212459E+00  0.624254628062439E+00  0.779045207947085E-01 -0.777326858523731E+00
 0.388411178456801E+00 -0.116913885893191E+00  0.914039331612788E+00  0.130318211696912E-01  0.105302254914470E-01 -0.999859633142623E+00
-0.371750811557825E+00 -0.657036800143961E+00  0.655823129633809E+00 -0.161444769055585E-01 -0.908193789063538E+00  0.418238445592773E+00
-0.747279442369561E+00 -0.356839376993164E+00 -0.560570329253136E+00  0.518515109227827E+00  0.250749001960423E+00  0.817476005469461E+00
 0.463133240630238E+00  0.184034781084766E+00  0.866971049559566E+00  0.669535588719754E-01 -0.621188730279529E+00 -0.780795608548155E+00
 0.690965087932949E+00 -0.525587152229579E-01  0.720974915452628E+00 -0.674849311770657E-01  0.225630550783964E+00 -0.971872748160453E+00
 0.373776271422844E+00 -0.377222451921459E+00  0.847345573356939E+00  0.249007054897251E+00 -0.479480264479461E+00  0.841483310937361E+00
 0.173844094409508E+00 -0.181481463103948E+00  0.967906353625488E+00  0.215698205862143E+00  0.255510856768115E-01 -0.976125722439783E+00
 0.954020552791549E+00 -0.299289490149574E+00  0.164494965672008E-01  0.799225794674124E+00  0.159008719381767E+00  0.579615697068398E+00
-0.140660826843068E+00 -0.136966507281940E+00  0.980537968502399E+00 -0.604582537701046E-01  0.199306067211084E+00  0.978070493944031E+00
-0.221961407792851E-01  0.848078068576047E+00  0.529406196539886E+00 -0.423719645594035E+00 -0.801655333314100E+00 -0.421675691149875E+00
-0.333263754763945E+00 -0.243901520705181E+00 -0.910739983726605E+00  0.239953102233499E-01 -0.318420460590208E+00 -0.947645838573043E+00
 0.607213924705336E+00 -0.746795554635652E+00  0.271270435581120E+00 -0.530750155594247E+00  0.305012452299820E+00 -0.790741219539448E+00
 0.359072803853118E+00  0.925192841740960E+00 -0.122820711300448E+00  0.168654014786718E+00  0.196212956779677E+00  0.965948393491132E+00
 0.511821029176891E+00  0.529976419830481E+00 -0.676139207941658E+00  0.282919302251309E+00  0.829557337603383E+00 -0.481447081247793E+00
 0.594043352468543E+00 -0.802872711539518E+00 -0.500789821493524E-01  0.920821133927603E-01  0.657316263867552E-01 -0.993579507480743E+00
 0.797204700272180E+00  0.589777865644366E+00  0.128944697680517E+00 -0.959834971975166E+00 -0.733989945209356E-01  0.270794043835438E+00
 0.243037452482951E+00  0.240016285713046E-01  0.969719917562036E+00 -0.268106999605121E+00  0.154138420816162E+00  0.950978435082016E+00
 0.893745038297132E+00 -0.144066301983117E+00 -0.424811378322387E+00 -0.492095411753096E+00 -0.235138868712175E+00  0.838183642260041E+00
-0.174480263418217E+00 -0.891743371058503E-01  0.980614386636889E+00 -0.224787065404191E+00  0.210713315118958E+00 -0.951352024257347E+00
 0.272162615261091E+00 -0.208970008643924E+00  0.939286455955584E+00 -0.302642093196024E+00 -0.697336884197776E+00  0.649714578382898E+00
 0.755925603364207E+00  0.345056682055275E+00 -0.556338357789092E+00  0.967639983018931E+00 -0.124187128049232E+00 -0.219659783506235E+00
-0.484072383579596E+00 -0.819043689026782E+00 -0.307963249302523E+00 -0.118767873200480E+00 -0.754043742870935E+00 -0.645997079043417E+00
 0.138392148775189E+00  0.204297921008475E+00  0.969076866212893E+00  0.350694736359535E+00  0.301156223670014E+00  0.886745809595136E+00
 0.575868532274846E+00 -0.317699211639071E+00 -0.753287889494798E+00 -0.277111129801669E+00  0.313359895380113E+00  0.908303362157934E+00
 0.491924061600703E+00 -0.127187483674101E+00  0.861297893655220E+00  0.366993306216511E+00  0.413714782392694E+00  0.833160243903920E+00
-0.403931064248560E+00 -0.647199800260814E+00 -0.646507628630466E+00  0.580449316380104E+00  0.773458249523831E+00  0.254638817459949E+00
-0.440304046440588E+00  0.485894994872062E-01 -0.896532992827162E+00 -0.226195282038974E+00  0.180059807662887E-01 -0.973915539993049E+00
-0.659801070411605E+00 -0.589134813213568E-02 -0.751417220657663E+00  0.482600412876452E+00 -0.895261350432820E-01  0.871253070373752E+00
-0.853199193564598E+00 -0.213111348225572E+00  0.476061644493861E+00  0.392255343061264E+00  0.165323551882571E+00 -0.904877819947434E+00
 0.895123332185421E+00 -0.157010016807292E-01  0.445542028010253E+00 -0.764553636666996E+00 -0.256783031544938E+00  0.591202343846727E+00
-0.766631465502632E+00  0.213016951455759E+00  0.605722687781944E+00 -0.828006263848794E+00 -0.553173086364457E-02  0.560691561360444E+00
 0.644632898702821E+00 -0.173455160157062E+00  0.744554721511378E+00  0.296947125160223E+00 -0.888020993150712E+00  0.351057147175075E+00
 0.496026425896280E+00  0.436589987924529E+00  0.750564432448422E+00  0.539277372932550E-01 -0.736666473069224E+00 -0.674102593531712E+00
-0.400527128659865E+00  0.744997779422156E-01 -0.913251226275686E+00  0.502964151996424E+00  0.984382577821474E-01  0.858683277589201E+00
 0.956118962341941E+00  0.331583605732556E-01  0.291096295019816E+00 -0.928619896942148E+00 -0.178812340172173E+00 -0.325101882500403E+00
 0.406771797839308E+00  0.411975881325543E+00  0.815360397424733E+00  0.227010539153635E+00  0.647131916788858E+00  0.727795642599181E+00
-0.299399059549603E+00 -0.814204018455932E+00 -0.497425390858795E+00  0.289064201302705E+00  0.579836761186209E+00  0.761729097450213E+00
 0.660740941314218E+00  0.433800831448723E+00  0.612566932755595E+00 -0.793665592530199E+00 -0.173066261628714E+00 -0.583217794927032E+00
-0.800450981583497E+00 -0.560510329052999E+00  0.212382666681899E+00  0.155846023072578E+00  0.269599184557256E+00 -0.950278010257274E+00
 0.809172489184091E+00  0.243674673318360E+00  0.534661141594199E+00 -0.926386497233891E+00 -0.279019550098254E+00 -0.252895528639179E+00
 0.173896223648060E+00  0.932294092777313E+00  0.317155841777306E+00  0.193343414954019E+00  0.853395197311814E+00  0.484081564510619E+00
 0.151544068527038E+00 -0.327857864663210E+00  0.932493225644429E+00 -0.419680216193994E+00  0.288941685456807E+00 -0.860454076950503E+00
 0.302290333259782E+00 -0.255558885774927E+00  0.918319231160476E+00 -0.249481079606251E+00  0.192105942425092E+00 -0.949133551089343E+00
 0.654977245877504E+00  0.563550625450424E+00  0.503403913311325E+00  0.531694346476422E+00  0.605622301581754E+00  0.592049617643513E+00
 0.738144878324785E+00  0.669871725947036E+00  0.800875107593433E-01 -0.913862891582662E+00  0.405246894614064E-01 -0.403995501128704E+00
 0.226881923032641E+00 -0.607071405483826E+00  0.761570024124442E+00  0.208935246992386E+00  0.962007138916484E-01  0.973186254121465E+00
 0.357132296323881E+00  0.828403481027704E+00 -0.431513841659355E+00  0.554580683530919E+00  0.743806202379148E+00 -0.373085243284546E+00
 0.634417514971156E+00  0.333486309435280E+00  0.697353065611000E+00  0.829115463287631E+00  0.270686654758878E+00  0.489179193622118E+00
-0.289796020482981E+00  0.204793739543411E+00 -0.934921275164948E+00  0.224960581877174E+00  0.176196998653382E+00  0.958304416282751E+00
-0.401516957785572E-01  0.723460667328072E+00  0.689196999525772E+00 -0.420429448342414E+00  0.778669860106466E+00  0.465738475894220E+00
-0.546810063719436E+00  0.753705623517853E+00  0.364590986302062E+00  0.749581917770305E+00 -0.202658782824482E+00 -0.630124088014330E+00
 0.371728393604673E+00 -0.872693069953211E+00 -0.316583017617384E+00  0.164264121406861E+00 -0.234062002963263E+00 -0.958244372374426E+00
 0.866585608153039E+00  0.156970890921281E+00  0.473697712835314E+00  0.568623343526960E+00  0.593882584525456E+00 -0.569184477119313E+00
 0.517267491373684E+00  0.693274451292900E+00 -0.501801631675808E+00  0.115469171937267E+00  0.906627277638713E+00 -0.405824900386285E+00
-0.154589326549749E+00  0.685518447450146E+00 -0.711453862398987E+00 -0.231653984248291E+00  0.151610858554917E+00 -0.960911327412750E+00
 0.381294467227147E+00 -0.367440926314379E-01 -0.923723119185970E+00 -0.710553625824614E+00  0.638700830397893E+00  0.295253779106273E+00
-0.507622008894019E+00 -0.186309570290527E+00  0.841194769422968E+00 -0.314329872736187E+00  0.812048445300063E+00  0.491705250725883E+00
-0.930605383203262E+00  0.713285889358265E-01  0.359006759203129E+00 -0.645772160119918E+00  0.724517678234847E+00  0.240940762718231E+00
 0.207518839668619E+00 -0.510760313895224E-01 -0.976896703955995E+00  0.648670984515161E-01  0.522013549669888E-01  0.996527610293910E+00
-0.558314322796287E+00  0.438491497055793E+00  0.704280003954601E+00  0.845325032170020E+00 -0.186731877049391E+00 -0.500556486403249E+00
 0.607625299786162E+00  0.624681071519701E+00 -0.490474315275301E+00  0.709242639594786E+00  0.704938003092838E+00  0.610655189965958E-02
 0.170556128808281E+00  0.454754003241060E+00  0.874133515809892E+00 -0.406362792315265E+00  0.355478275262652E+00  0.841727079781820E+00
 0.249100781290983E+00 -0.836182728128637E+00  0.488617688934378E+00 -0.289968499684453E+00  0.793260572733470E+00 -0.535402589587792E+00
-0.785549974509809E-01  0.325067809145016E+00  0.942422427488404E+00  0.428484852874255E-01  0.301791132622873E+00  0.952410688505109E+00
 0.213290763222820E-01  0.221472872892261E-01  0.999527172301467E+00  0.138541732727740E+00  0.227546407850710E-01  0.990095154323835E+00
-0.119668890432068E+00 -0.255031238018698E+00 -0.959499048617250E+00 -0.285173645550048E+00 -0.314631866402063E+00 -0.905363341718699E+00
 0.991328367718660E+00  0.658891670846744E-01  0.113695580464435E+00  0.892600462731546E+00  0.919081166576383E-01  0.441381141445663E+00
-0.642426146700765E+00 -0.754368187957077E+00 -0.134971415616650E+00  0.722645627056331E-01  0.991711386188491E+00  0.106237279149391E+00
 0.609560286238169E-01 -0.845814119435606E+00 -0.529983809127961E+00 -0.492719924829743E+00 -0.819386399962567E+00  0.292972700489579E+00
-0.576131639521098E+00  0.460372471663701E+00  0.675373616065202E+00  0.736462273499014E+00 -0.299116678743876E+00 -0.606755743450275E+00
 0.199006531095003E+00  0.758878262340102E+00 -0.620080787905254E+00  0.489991062761969E+00  0.497609589376862E+00 -0.715746781322547E+00
 0.184639630451532E+00  0.666756498220762E-01  0.980541974923830E+00 -0.145605856603700E+00  0.310629772279352E-01 -0.988854906428865E+00
 0.204576477216655E-01 -0.496425532088463E+00  0.867838219796975E+00 -0.559600193896566E-01 -0.324691713627579E+00  0.944162998285516E+00
 0.332556879539395E+00  0.227065561383420E-01 -0.942809808062769E+00  0.849320952345804E-01  0.392534980845990E+00  0.915807200239932E+00
 0.537859216316598E+00  0.702946383710597E+00 -0.465374951035709E+00  0.438600549582268E-01 -0.436361278724630E+00  0.898701913878494E+00
-0.127334353596205E+00 -0.853820556212982E+00 -0.504753821364821E+00 -0.466822944661302E-01 -0.388078132330640E+00 -0.920443440190727E+00
-0.444795822336951E+00 -0.942419214825390E-01  0.890659944460777E+00  0.321100735449384E+00 -0.478150205062875E+00 -0.817475809484412E+00
 0.481626153009193E+00  0.475043882379592E+00 -0.736457438384113E+00 -0.260640031271248E+00 -0.537261534702945E+00  0.802132668221136E+00
-0.968532939113964E+00 -0.124073432385851E+00 -0.215753862601023E+00 -0.414691516970591E+00 -0.594331736076422E+00 -0.689057859141753E+00
-0.317038076976732E+00  0.749732568184195E+00  0.580851042824946E+00  0.776778250056568E+00 -0.613682230721634E+00 -0.141455540490910E+00
-0.491977459098058E+00  0.492486606991667E+00  0.717924175434463E+00 -0.281264958887046E-01  0.231077069506321E+00  0.972528810975487E+00
 0.513522793125827E+00 -0.509108116571994E-01 -0.856564317606480E+00  0.627171181021201E+00  0.303224308731897E-01 -0.778290986638296E+00
-0.405962796754746E+00  0.842029424551222E+00  0.355219165925773E+00  0.529235396951575E+00 -0.737000779905111E+00  0.420404263813732E+00
 0.663921433385098E+00  0.653923245618349E+00  0.362757107624152E+00 -0.796074528247826E+00 -0.438508717485365E+00 -0.417103644391107E+00
 0.459638327434922E+00  0.310918939449932E+00  0.831902651182311E+00  0.716339874925324E+00  0.146273425822555E+00  0.682247219481403E+00
 0.918135883635338E+00  0.364366296553433E+00 -0.155768100447725E+00 -0.608588402358473E+00 -0.770433167365785E+00  0.189875988838730E+00
-0.162875625608081E+00 -0.922431979778541E+00 -0.350129652078510E+00 -0.394970919106740E+00  0.477091623472606E+00  0.785099710783446E+00
 0.292154068655989E+00  0.324137810739395E+00 -0.899767014185797E+00 -0.204366793670577E+00  0.699270064770257E-01 -0.976393582224899E+00
 0.601792207327530E+00  0.702202265391683E+00 -0.380470915680356E+00 -0.868995156055218E+00 -0.387824526124874E+00  0.307310194573146E+00
-0.122910814625428E+00  0.763081036703081E-01 -0.989479663743705E+00  0.569210965492335E-02 -0.109569721524211E-01 -0.999923769418913E+00
-0.379068092275446E+00 -0.613840899535883E+00  0.692464245629788E+00  0.381210043047373E+00  0.316509700961704E+00 -0.868619889409028E+00
 0.596784643812557E+00  0.708548841428150E+00  0.376572208507672E+00  0.611526668375104E+00  0.697772555673107E+00  0.373026265047739E+00
-0.494944006439057E+00 -0.550210549783689E+00  0.672531621112930E+00  0.586581613810023E-01  0.667795203544998E+00 -0.742030178783649E+00
-0.618082968696507E+00 -0.105869553729814E+00 -0.778951270234771E+00 -0.189440800488641E+00  0.218235487664397E+00 -0.957332468390217E+00
-0.954504324601375E+00  0.279811061019327E+00  0.103088624243958E+00  0.862288594763162E+00  0.185577427595846E+00 -0.471189343797459E+00
 0.209997609830077E+00 -0.200120922068623E+00 -0.957001891542571E+00 -0.108034168996401E+00  0.192438765926025E+00  0.975344010951072E+00
-0.476277618479239E+00 -0.463084608854625E+00  0.747470584824382E+00 -0.155899900853740E+00 -0.736442539600113E+00 -0.658291429976975E+00
-0.172910721844357E-01  0.460167334839618E+00 -0.887663811794373E+00  0.306114863288831E+00  0.422434701691844E+00 -0.853136925282327E+00
 0.779456295560520E+00  0.625208754785424E+00  0.395208331229502E-01 -0.909214267070305E+00 -0.413172050813961E+00 -0.511690627429673E-01
-0.556627881435547E+00  0.439611066654788E+00  0.704916670027894E+00 -0.360344918634717E+00  0.378473615928388E+00  0.852589738186093E+00
 0.661483202345035E+00  0.695869142839314E+00 -0.279653551844841E+00  0.705959142087965E+00  0.521231627126787E+00 -0.479519843786664E+00
 0.466106626259135E+00 -0.763589320289894E+00 -0.446851164143660E+00  0.193042700598078E-01  0.175202255417350E+00 -0.984343189570656E+00
-0.224009464524798E+00  0.846118712184099E+00 -0.483635073888603E+00  0.561816220613436E+00 -0.820382858763809E+00 -0.106463605528627E+00
-0.165296937217500E-01 -0.499927275301529E+00  0.865909630755458E+00 -0.500244876978663E-02  0.160816324071408E+00 -0.986971674070976E+00
 0.132657118956954E+00  0.344884746137958E+00 -0.929223654816964E+00 -0.816508768120117E-01 -0.128991659405551E+00 -0.988278445641527E+00
 0.950282619289767E+00 -0.162031030179348E+00 -0.265911430244732E+00  0.884261985005505E+00 -0.356360717776050E+00  0.301807522603832E+00
 0.708968371231174E+00  0.301208967928946E+00 -0.637680959597349E+00 -0.463358563430035E+00 -0.112395580910581E+00  0.879014263301698E+00
-0.922115272481573E+00 -0.366658623928589E+00 -0.123551113936818E+00 -0.563905395160418E+00 -0.821667562835912E+00 -0.829042911571232E-01
 0.586639536074880E+00  0.513161385175034E+00  0.626513724892832E+00 -0.461895340477134E+00 -0.783331636797872E+00 -0.415985866631402E+00
 0.403779593870392E+00  0.371096983322785E+00 -0.836211138733867E+00 -0.275501418129077E+00 -0.574699848504471E+00  0.770596556401471E+00
-0.699819356325990E-01 -0.408074091881774E+00 -0.910262634748884E+00  0.175122870585498E+00 -0.257198324714445E+00 -0.950358354496859E+00
-0.266647738434771E-02 -0.912834860626764E+00  0.408320226198599E+00 -0.590899981931179E-02 -0.832793062635101E+00  0.553552886857240E+00
 0.336784609361749E-01 -0.671477420763338E+00  0.740259302321819E+00  0.639195197754500E+00  0.627202217316794E+00 -0.445024581074443E+00
-0.956159357639855E+00  0.182656915646091E+00 -0.228901144523999E+00 -0.671717882788725E+00  0.559292992355903E+00 -0.485784349936690E+00
 0.812883447443143E-01 -0.571496950151194E+00 -0.816568087165188E+00  0.482422862863255E-01 -0.301018980203039E+00 -0.952397110123393E+00
-0.597829393977598E-01  0.183214504318091E+00  0.981253507287714E+00  0.118950561259583E-02 -0.242088062037173E-01  0.999706216234844E+00
 0.574607895493852E+00 -0.626444733176076E+00  0.526680892677987E+00  0.717540232564279E+00 -0.690126002944740E+00  0.941388055539111E-01
 0.594241041375948E+00  0.681737269208730E+00  0.426745685996066E+00  0.346599924734073E+00  0.161393447872625E+00  0.924024159401756E+00
-0.362966148458958E+00 -0.830591849064739E+00 -0.422341988606494E+00  0.527463382623346E+00  0.463934216578834E+00  0.711721450202901E+00
-0.655944620017196E+00 -0.752564615347280E+00  0.581648966103844E-01  0.567922785297881E+00  0.818238618371504E+00  0.891586975285581E-01
 0.291441264276574E+00  0.158421061924371E+00  0.943379434064378E+00  0.446437905754824E-01  0.110164778934284E-01 -0.998942225145116E+00
 0.270470548544019E+00 -0.444201234861212E+00 -0.854125836933922E+00 -0.153792195895543E+00  0.113557566311518E+00  0.981556233547030E+00
-0.270610887776270E+00  0.958989228785029E+00  0.843172965128402E-01  0.483962303440355E-01  0.943023805670191E+00 -0.329186735497949E+00
-0.920243447603483E+00  0.336962846065380E-01  0.389893007819545E+00  0.711627085519458E+00 -0.221680637429310E+00  0.666666772941337E+00
-0.670258553962505E+00  0.411840758449291E+00 -0.617365904889478E+00  0.682898241478026E+00 -0.389686265156723E+00  0.617895303861766E+00
 0.336733180080869E+00  0.303220877086223E+00 -0.891441453563658E+00  0.131714584286099E+00  0.125641130224581E+00 -0.983293229246612E+00
-0.506015225152374E+00  0.366784700887827E+00 -0.780652019217666E+00  0.313695378002807E+00 -0.259579728163701E+00  0.913352929894099E+00
-0.835175188250066E+00 -0.238213914219287E+00  0.495718202211491E+00  0.912736852134706E+00  0.262442136839801E+00 -0.313106313520162E+00
-0.248294831407656E+00 -0.472340374264542E+00 -0.845721140527938E+00  0.325549654354765E+00 -0.661143208423507E+00 -0.675949022119985E+00
-0.727087808382537E+00 -0.630128197529982E+00 -0.272546828231582E+00  0.609748315370518E-01 -0.823522535978644E+00  0.563997076813640E+00
-0.167907692816943E+00  0.873989771515191E+00  0.456014129144827E+00  0.571529509800120E+00 -0.770269461527619E+00 -0.282911604685257E+00
 0.338234154564283E+00  0.192158177781243E+00 -0.921234438890545E+00 -0.635306511737675E-01 -0.154705631823982E+00  0.985915829999387E+00
 0.954037119142430E-01  0.172640740961555E+00  0.980353663895448E+00  0.128444988861649E+00  0.243944954213411E+00  0.961245413071057E+00
 0.491509091849173E+00  0.459432830878321E+00  0.739824497121265E+00 -0.494801806054975E+00 -0.505448336273609E+00 -0.706889773644360E+00
-0.187805131945753E+00 -0.132365693910034E+00  0.973246400193986E+00 -0.197909024766188E+00  0.174763843292980E-01 -0.980064586599715E+00
-0.165495121390769E+00  0.426774777897792E+00 -0.889086415229783E+00  0.395400264857625E+00 -0.259265634381288E+00  0.881158306650620E+00
 0.301897417758576E+00 -0.951900997183984E+00  0.523683178156422E-01 -0.193854436734414E+00  0.979492386158411E+00  0.549101340016999E-01
-0.283200318667155E+00 -0.205376372185406E+00  0.936812748234557E+00  0.778299905954187E-01  0.442197844818176E+00 -0.893534307456674E+00
 0.147528566638209E+00 -0.795384369681471E+00  0.587876710282083E+00 -0.326494589068911E+00  0.820788080724780E+00 -0.468730423429987E+00
-0.226584291691610E+00  0.183406619611780E+00 -0.956567598573771E+00  0.511597178427055E+00 -0.360996281475744E+00  0.779711492660049E+00
 0.887224302008431E+00 -0.290031598998867E+00 -0.358768322887922E+00  0.677067917993424E+00 -0.133058565118801E-01 -0.735800236889426E+00
 0.985475149201816E+00  0.103784980701452E+00 -0.134415059001803E+00 -0.961386036981391E+00  0.588416176606670E-01  0.268839267831712E+00
 0.464086708168060E-02 -0.263720750316614E+00  0.964587905898250E+00 -0.607468419697082E-01 -0.269797734888589E-01  0.997788511165165E+00
-0.822395123235593E+00  0.488817534044461E+00  0.291073323561275E+00 -0.718153643947217E+00  0.488125972834403E+00  0.495972154792788E+00
 0.416360412475259E+00 -0.118463032833299E+00 -0.901449120458481E+00  0.642122691886034E-01 -0.138137859220975E+00 -0.988329255023596E+00
-0.176571178204048E+00 -0.469300307346630E+00  0.865205085833407E+00 -0.614504208137249E-03 -0.149961473329394E-02 -0.999998686769253E+00
-0.537365281424408E+00  0.842794499655721E+00  0.305938828808845E-01  0.731223859245726E+00 -0.676628661903703E+00  0.865177528614289E-01
 0.368348950576248E+00 -0.363283908028704E+00 -0.855770911387369E+00  0.456193805073249E-01  0.452229104495847E+00  0.890734365099389E+00
 0.225558682944305E+00  0.271285854801002E+00 -0.935696139531055E+00 -0.128096715882110E+00  0.151989305488669E+00 -0.980046163401138E+00
-0.352868104329178E-01 -0.688418445469078E+00  0.724454888138253E+00  0.144293477278322E-01 -0.486127957633134E+00  0.873768506374307E+00
-0.101146796250719E+00  0.405940723858817E+00  0.908284897111691E+00  0.130794995749815E+00  0.538681947737845E+00  0.832294676342561E+00
 0.851220885871393E+00 -0.156781285225478E+00  0.500841923224652E+00  0.573969981694102E+00 -0.492296890818376E+00  0.654371630959528E+00
-0.341698717403430E-01  0.857200264825006E+00  0.513848349077029E+00  0.216950607436047E+00  0.203012561513971E+00  0.954839428281356E+00
-0.332245907057072E+00  0.216178987197070E+00  0.918084583651350E+00 -0.124822781237221E+00 -0.143075470819042E+00 -0.981808883100023E+00
-0.190840314946433E+00  0.266991517361154E+00 -0.944613944343580E+00  0.329339249887612E+00  0.146985357920837E+00 -0.932700896879781E+00
-0.183143190181346E+00 -0.516524468622621E+00 -0.836457437772131E+00 -0.263300540724731E+00  0.109980450635824E+00 -0.958424293166657E+00
-0.827670377565421E+00 -0.557095363697020E+00 -0.678712151651831E-01  0.663547968021025E+00  0.747950079683928E+00  0.165762612182568E-01
-0.250507639096754E+00  0.572061413333177E+00 -0.781019629797752E+00 -0.134388175407444E+00  0.285435526244475E+00 -0.948929069355659E+00
-0.788994323506540E+00  0.278244584900803E+00  0.547784545645309E+00  0.957759753858508E+00  0.184097626995759E+00  0.220916992609036E+00
-0.219397029011326E+00  0.510016181343442E+00 -0.831714156684168E+00  0.469407595420724E+00 -0.354288075300924E+00  0.808787035665694E+00
-0.970412549425518E+00 -0.237637624527347E+00 -0.427532843938999E-01  0.947184685937498E+00  0.309712361016823E+00 -0.831830761565648E-01
 0.628651508986136E+00 -0.366125927890612E+00  0.686111569043762E+00  0.136222841279112E+00  0.755414532431025E-01 -0.987793918970838E+00
 0.207141967233492E+00 -0.853299366219631E+00  0.478510602829045E+00  0.143650736615438E+00 -0.648832603208714E+00  0.747248766397941E+00
 0.401708495544380E+00  0.462327164076970E+00  0.790495969606434E+00  0.728675963558371E-01  0.464561540393578E+00  0.882537754766598E+00
-0.235460606246656E+00 -0.954175986494281E+00  0.184679424147960E+00  0.204118735985572E+00  0.957790085548802E+00  0.202419597974284E+00
-0.469945496902955E+00 -0.829426535558677E+00 -0.301998099417472E+00  0.427764309932532E+00  0.820248598381900E+00  0.379749828177017E+00
-0.597029694044287E+00  0.155423903823374E-02 -0.802217631799749E+00 -0.709823118227269E+00 -0.495582917373231E-01 -0.702634411732157E+00
-0.237611290202577E+00  0.967522680838228E+00 -0.862597057256438E-01  0.712988362010191E+00 -0.380431788981645E+00  0.588998514064552E+00
-0.116398919667952E-01 -0.448080794925395E+00  0.893917285957726E+00  0.234220389566326E+00 -0.234896338943407E-01 -0.971899709955152E+00
-0.557869680723932E-01  0.482041246141233E+00 -0.874370660081808E+00  0.651646219029860E-01 -0.680629608258895E-01  0.995550604146195E+00
 0.251146411550716E-01 -0.970935765766204E+00  0.238018893274563E+00 -0.377687573610699E-01  0.827044542699696E+00  0.560866156367142E+00
 0.565323688231991E+00  0.147957857975893E+00  0.811490973324389E+00 -0.309423815572689E+00 -0.580939951210860E+00 -0.752838412571757E+00
-0.694383517791496E+00  0.995439318348169E-01  0.712686842767827E+00  0.156340115391391E+00 -0.347129585439308E+00 -0.924693905696442E+00
 0.265907956184369E+00 -0.136373211073725E+00  0.954303571270323E+00  0.121582715209003E+00 -0.135086429692970E-01  0.992489375221486E+00
-0.456780858191134E+00  0.858907182169064E+00 -0.231580871421994E+00  0.247908432735433E+00 -0.939071086644879E+00 -0.238090115725678E+00
 0.479270562305059E+00 -0.847709890556020E+00  0.227349223797429E+00  0.869901449797075E+00 -0.403900367648035E+00  0.283082957195820E+00
 0.434530186300104E+00  0.786087335281432E-01 -0.897220254010741E+00  0.241917149614074E+00  0.403449314679475E-01 -0.969457775886835E+00
 0.499622184522493E-01 -0.272108231628538E+00  0.960968723220126E+00  0.293732037015817E+00  0.311296156912347E+00  0.903778840824536E+00
 0.912462688330305E+00  0.314032437122513E+00 -0.262288907199537E+00 -0.980982690748817E+00  0.138230566268873E+00  0.136254434790938E+00
-0.178143092489478E-01  0.296804908652134E+00 -0.954771960515170E+00 -0.409446570292151E+00 -0.761789362803962E+00  0.502026366632996E+00
 0.574188625730612E+00 -0.268127388271650E+00 -0.773572960838352E+00  0.298651658483893E-01 -0.782308399040005E-02  0.999523322001907E+00
 0.419213830303608E+00 -0.685635754388872E-02 -0.907861638601064E+00  0.312244461407405E+00 -0.107951965822568E-01 -0.949940450792127E+00
-0.191297551137128E+00 -0.857453457944077E+00 -0.477680661518427E+00  0.140894511801453E+00 -0.834150842068776E+00 -0.533236447760450E+00
 0.351602345364735E+00  0.351018826811061E+00 -0.867848819759642E+00 -0.118196195538413E-01  0.113216846725531E-01 -0.999866049053461E+00
-0.440274847246844E+00  0.603851374483448E+00 -0.664470899600742E+00 -0.604724517869936E+00  0.680923726664302E+00 -0.413099426231232E+00
-0.345004149802570E+00  0.814863851817419E+00  0.465799355538718E+00 -0.146878608938020E+00  0.987850217825069E+00  0.507801278001087E-01
 0.849814142966385E+00 -0.169131935395102E+00  0.499209686247990E+00  0.733832885396092E+00 -0.642978629871605E+00  0.219243649485404E+00
-0.171376837740600E+00  0.590168182262551E+00  0.788879899687493E+00  0.281320673799018E+00  0.422599477663240E+00  0.861549975318915E+00
-0.384136868555761E-01  0.384138853401179E+00  0.922475869586728E+00  0.397862623946785E+00 -0.484909369609099E-01 -0.916162628302875E+00
-0.639587705361688E+00  0.592689592640673E+00  0.489537142539362E+00  0.851180107336225E-01 -0.993572621717534E+00 -0.746215091116276E-01
 0.414254592387167E+00  0.110789628094576E+00 -0.903392932777763E+00  0.276595172382240E+00 -0.184464793058053E+00 -0.943116032488521E+00
 0.861303685793134E+00 -0.507991089971026E+00 -0.100505397473110E-01 -0.890286947837158E+00  0.435681573589963E+00 -0.132554581003343E+00
-0.876820781609701E-01 -0.572634012259323E-01  0.994501259953657E+00  0.169891208017241E+00 -0.351421689788797E+00  0.920673543328160E+00
 0.796470908934163E+00  0.556583681108350E+00 -0.236323289469037E+00  0.772970195229036E+00  0.618836902547776E+00 -0.139849795611795E+00
-0.296346583667515E+00  0.482245464792109E+00 -0.824389479576271E+00 -0.490171668652425E+00  0.241960618472993E+00 -0.837368971456827E+00
 0.213254582470642E+00  0.789604833136782E+00 -0.575366570581144E+00  0.180849591413642E-01 -0.338924158786674E+00  0.940639861394147E+00
 0.564818368789744E-01  0.568423312234821E+00 -0.820795187736119E+00 -0.240642628132322E+00 -0.150365338952841E+00  0.958895922593879E+00
 0.318313510049382E-01  0.992191255465768E+00 -0.120595512646463E+00  0.486705121990701E+00  0.767700630141652E+00 -0.416837938182368E+00
-0.345088350135097E+00 -0.938531988132262E+00  0.846982015985439E-02 -0.608402091067467E-01 -0.965835382478044E+00  0.251913641769034E+00
-0.827423032775365E+00 -0.543181191605802E+00  0.142566889278396E+00 -0.623565411328171E+00 -0.770992126431690E+00 -0.129372789934630E+00
-0.998158540631303E+00  0.589520839982257E-01 -0.142891412287180E-01 -0.859745600829983E+00  0.329305780828583E+00 -0.390378283932865E+00
-0.125327098563170E+00  0.181681278190616E+00 -0.975338418970955E+00 -0.559369838760923E-01 -0.230149985378372E-01 -0.998169005568270E+00
 0.444918012872081E+00 -0.593481506087471E+00 -0.670691929095697E+00 -0.555805881351823E+00  0.620460946758074E+00  0.553270309887308E+00
-0.599860654488383E+00  0.732839487126515E+00  0.321112879381871E+00  0.518105666725774E+00 -0.783189620328581E+00 -0.343773961661167E+00
 0.293599818664740E+00  0.871111228604231E+00 -0.393655145882357E+00  0.299614720131377E+00 -0.912317432600536E+00  0.279119905513315E+00
-0.472406658140231E+00  0.321236854645235E+00  0.820755038097492E+00  0.377773681674086E+00 -0.433694391463299E-01 -0.924881688208032E+00
 0.616532583823094E+00  0.811168458446668E-01  0.783139598286686E+00 -0.200312410229496E+00 -0.917806873839566E+00  0.342790724263207E+00
 0.111542438295998E+00 -0.985096262194057E+00  0.130933718614729E+00  0.157354935716474E+00  0.953056069527802E+00 -0.258695868814873E+00
 0.711655513538048E+00  0.702521489376890E+00  0.316022381714869E-02 -0.930599314562565E+00 -0.365692879869597E+00 -0.159258704115282E-01
-0.853491626069310E+00  0.516834922614990E+00 -0.665860870987503E-01  0.601139273691001E-01  0.946264441982048E+00  0.317757645976720E+00
-0.506854829623934E+00  0.861472527631182E+00  0.310365240263106E-01 -0.684017054168879E+00  0.723256067870905E+00 -0.949806816886812E-01
-0.881315427834092E+00 -0.408366506759651E+00  0.237739169718688E+00 -0.894999378455282E+00 -0.264946923923385E+00 -0.358858245088774E+00
 0.686609585221205E+00 -0.383285003069911E+00  0.617786276882275E+00  0.578086428347702E+00 -0.666412850351424E+00  0.470860907537128E+00
 0.529313043082708E+00  0.169843734622107E+00  0.831252553819920E+00 -0.395348539780253E-01 -0.117526455087146E+00 -0.992282483809719E+00
-0.944406964843600E-01  0.881929409810574E+00 -0.461824069271753E+00 -0.286587953047657E-01  0.745882978388269E+00 -0.665460183634096E+00
-0.541207751674320E+00  0.710808135396029E+00  0.449272705806227E+00 -0.663788568519233E-01  0.970005338197858E+00  0.233845015406982E+00
 0.150242406771653E-01 -0.509299055688262E+00  0.860458449936497E+00  0.272672028179223E-01  0.503534164309625E-01 -0.998359170391206E+00
 0.803326395859237E-01  0.786677206996180E+00  0.612115707207263E+00 -0.576969302235306E+00 -0.556926125606677E+00 -0.597444319493323E+00
-0.682428763082972E+00 -0.700019766753187E+00  0.210388472763740E+00  0.832772678690739E+00  0.530975953192778E+00 -0.156697807123366E+00
-0.450464273187337E+00 -0.252514566753567E+00  0.856340079734134E+00  0.355388463011784E-01 -0.115737146191896E-01 -0.999301275658895E+00
-0.724474477412841E+00 -0.276826897018988E+00  0.631271416004422E+00  0.706940665271411E+00  0.416817211939465E+00 -0.571400304179675E+00
-0.139351513852308E+00 -0.507251893408265E+00  0.850456743297859E+00  0.292175568257917E+00 -0.492144154186770E+00  0.820016810079496E+00
 0.114938984771076E+00  0.851250375195383E+00  0.512017410357807E+00 -0.624117505322936E-01 -0.622208877262738E+00 -0.780359459768982E+00
-0.633363173925249E-01  0.799270077116626E+00 -0.597625179125793E+00 -0.408687313606019E+00  0.642044193599643E+00 -0.648655481101084E+00
 0.539395487111387E+00 -0.727068676055028E+00  0.424763050162628E+00  0.731668789766883E+00 -0.110641365248494E+00  0.672621193820871E+00
 0.647041488165081E+00  0.756533543069805E+00 -0.948383403659364E-01 -0.958287111229222E+00  0.243537819063945E+00  0.149583231471744E+00
 0.390411595056633E+00  0.174553379648271E+00 -0.903941316733947E+00  0.133323551716420E+00 -0.575013308899258E+00  0.807207857460794E+00
-0.444948933082783E+00 -0.240897696931293E+00  0.862547822767927E+00  0.231820024789571E+00  0.353183607989180E+00 -0.906377854514500E+00
-0.348476808920444E+00 -0.375375719224477E+00 -0.858869596074591E+00 -0.228519616461761E+00 -0.156845349412858E+00 -0.960821690668840E+00
 0.965398685280327E+00 -0.235532768665778E-01  0.259712574989856E+00 -0.992032055798685E+00 -0.849673033075988E-01  0.930212751819182E-01
-0.793077591587681E+00 -0.543883276439838E+00  0.274260670404179E+00  0.539312930090244E+00 -0.147987850912543E+00 -0.829000096151842E+00
-0.466210282273254E+00  0.345924179651867E+00  0.814238561255162E+00  0.274840853986434E+00 -0.583398059975387E+00 -0.764270376631832E+00
 0.531124711321861E+00  0.847212281163821E+00 -0.117427283228785E-01 -0.564791679210511E+00 -0.689129848343225E+00 -0.453993844910935E+00
 0.443814803477733E+00  0.252432656753923E+00  0.859829153970820E+00  0.283389369106473E+00  0.678385853805893E-01  0.956602525509417E+00
-0.510444743040054E+00  0.771487368190899E+00 -0.379807062894641E+00 -0.145651716579239E-01  0.503402890988143E+00 -0.863929039400433E+00
 0.681147749930973E+00  0.311770373228622E+00  0.662447716533809E+00  0.213359319876792E+00 -0.113041197094018E+00  0.970412019907660E+00
-0.294225152289992E+00  0.437811703213103E+00  0.849560164019932E+00  0.501134629839915E+00 -0.532642955570580E+00 -0.682023140850989E+00
 0.308754176887879E+00  0.626191914677452E+00 -0.715929147504748E+00  0.133153787352511E+00 -0.259869935161015E+00  0.956419199782758E+00
-0.869919353424596E+00 -0.342551066017670E+00  0.354822611606828E+00 -0.805253873153907E+00 -0.435988068310354E+00  0.401846493155830E+00
 0.783353174726902E+00 -0.170170731770250E+00  0.597829177687123E+00 -0.865571845569962E+00 -0.991284622573704E-01 -0.490875674817055E+00
 0.485371173602394E+00 -0.834154436930116E+00  0.261918306320187E+00 -0.677270070389343E+00  0.205984938761069E+00 -0.706311161428455E+00
 0.624632015306536E+00 -0.191402602725702E+00 -0.757099656005682E+00 -0.561519194543090E+00  0.354461968597309E+00  0.747698406429892E+00
-0.324807823813386E+00  0.406235670615924E+00  0.854091597844659E+00  0.624582958764423E+00 -0.322670636833448E+00 -0.711181965284958E+00
-0.874330614931147E+00  0.314442150711352E+00 -0.369691911799734E+00 -0.939781678543482E+00  0.343458433470918E-01  0.340045231871839E+00
 0.176896438097738E+00  0.122716466375818E+00  0.976549189272392E+00  0.618814893259712E+00  0.186628231075190E+00  0.763045235386289E+00
-0.565284596831017E+00 -0.227164957995280E+00  0.793000256270197E+00 -0.271197329579348E+00 -0.345407706796594E+00  0.898412780694124E+00
 0.359115756422181E+00 -0.932302341663052E+00 -0.429908969307949E-01 -0.302402742982378E+00  0.950769476141016E+00  0.677494226932781E-01
-0.371340567629676E+00  0.565883623505231E+00 -0.736126285008938E+00 -0.195842002963713E+00 -0.960056285950141E+00  0.199844533782591E+00
 0.309799151074601E+00  0.438418378206056E+00  0.843690589994121E+00  0.694619527776460E+00  0.407041531389360E+00  0.593144926098009E+00
 0.920174353786641E+00  0.388264871172777E+00 -0.502946164765593E-01 -0.607293258293025E+00 -0.104307664649129E-02  0.794477067273153E+00
-0.406085329650379E+00  0.819203128110090E+00  0.404970295129639E+00 -0.379654977941314E+00  0.772317685743513E+00  0.509300981750639E+00
-0.567296976224711E+00 -0.570790270989280E-01  0.821532790235265E+00  0.379218819080138E-01 -0.129781117799617E-01 -0.999196426878710E+00
 0.172790702215729E+00  0.179130311535234E+00 -0.968532758721710E+00 -0.218229577058378E+00 -0.200134723990419E+00  0.955155455384201E+00
 0.528690437992633E+00 -0.656407795363547E+00  0.538159109335822E+00  0.384742494369577E+00 -0.858794049427864E+00  0.338298675276106E+00
 0.770404639175878E+00 -0.618181261829244E+00 -0.155976342627620E+00  0.785957667654583E+00 -0.464141193022800E+00 -0.408464805820943E+00
 0.111858864932640E+00 -0.889544657446532E+00  0.442942317626476E+00  0.102198887996405E+00  0.393784285720296E+00 -0.913503871700637E+00
-0.731630509793719E+00  0.552652012750073E+00 -0.399114707749886E+00 -0.605429408497530E+00 -0.512360762022130E+00  0.609049818049749E+00
-0.973005100622724E+00  0.223719233661535E+00 -0.566637331284971E-01  0.596975388793901E+00 -0.336702942487551E+00  0.728183708753908E+00
 0.228328625663351E+00 -0.831220847908506E+00  0.506890462235136E+00  0.524184532094673E+00 -0.846130978538209E+00 -0.963999142668795E-01
 0.679524310898688E+00 -0.176772979572760E+00 -0.712037937606299E+00  0.322314934233811E+00  0.220498953389554E+00 -0.920593990162854E+00
 0.866022037375661E+00  0.404972926316626E+00  0.293262271235592E+00 -0.672816816920711E+00  0.213911720223233E+00 -0.708208519307569E+00
-0.943511255380144E+00 -0.325152789324731E+00  0.637351909492161E-01  0.401173219552869E+00  0.460869582283015E+00 -0.791618137765845E+00
-0.126715410111720E+00 -0.890576597694503E-01  0.987933164782217E+00  0.309734411865113E+00 -0.568066815790097E+00  0.762472745024157E+00
-0.847935353669467E+00 -0.523175277129123E+00 -0.854006170838388E-01 -0.895917604072991E+00 -0.263733635397630E+00 -0.357457992318064E+00
-0.280167771012307E+00 -0.142100592073750E-01  0.959845870076711E+00  0.195007157051636E+00  0.941381560648616E-02 -0.980756640953486E+00
 0.250515618901787E+00  0.217347309957257E+00 -0.943399211119343E+00  0.253549388680939E-02 -0.260543100679619E-01  0.999657313381757E+00
-0.800960180682779E+00  0.287704590356112E+00 -0.525060813286073E+00  0.362914852485408E+00 -0.575597102977665E-01  0.930042842881946E+00
 0.500339885929439E+00 -0.320851424141689E+00 -0.804185527210212E+00 -0.273891833365440E+00  0.948037070903231E+00  0.161891864554522E+00
-0.314102353311730E+00  0.338727963959816E-01  0.948784667513314E+00 -0.154213683827765E+00  0.502712047675979E-01  0.986757794847086E+00
 0.222156262941781E-01  0.576114038479779E+00  0.817067366020010E+00 -0.140283769437245E+00 -0.470541674722937E+00 -0.871154978394437E+00
-0.245174172710976E+00 -0.818133129842096E+00 -0.520142102593382E+00 -0.727908901495470E+00 -0.576544885127416E-01 -0.683245630119939E+00
 0.104874025102982E+00 -0.494302906630688E+00 -0.862940366048056E+00 -0.288402142383797E+00  0.850318952886452E+00  0.440206636286329E+00
 0.211508968447579E+00 -0.816219296267359E+00 -0.537633719800999E+00  0.386745296752100E+00 -0.903056429138143E+00 -0.186861342263177E+00
 0.242694798351509E+00  0.756421334027752E+00 -0.607392789124794E+00  0.208111694508602E+00 -0.500610325440627E+00  0.840284966348314E+00
-0.666302787451152E+00  0.743833012450974E+00  0.524694675305031E-01  0.562053418078395E+00 -0.821801703327164E+00 -0.934768187036964E-01
-0.817431017639725E+00  0.559082673067427E+00 -0.138683438363288E+00 -0.276256425058290E+00  0.912181863853524E+00 -0.302665879924918E+00
-0.609424850391037E+00 -0.385450432308815E+00  0.692841479675408E+00 -0.538904112200039E+00 -0.108980620772754E+00  0.835287724170464E+00
 0.228997473688988E+00  0.864783682720836E+00  0.446888508628103E+00 -0.426606830891575E+00 -0.904224603469703E+00  0.196081186426888E-01
 0.419633382291529E+00 -0.391812168488837E+00  0.818774113593393E+00  0.157057165566573E+00 -0.506833021088144E-01  0.986288116947346E+00
-0.768308357253653E-01  0.505032902215261E+00 -0.859673653406787E+00 -0.250041082471687E+00 -0.819162495857537E+00  0.516190141766421E+00
 0.459770817751598E+00 -0.232933550349519E+00 -0.856943846623334E+00 -0.583637579270852E-01  0.708779366409103E+00 -0.703011722173493E+00
 0.849160109676193E+00 -0.209801428128694E+00  0.484675632655363E+00 -0.748560366856135E+00  0.180308970355571E+00 -0.638079973343093E+00
-0.604462836483059E-01 -0.920905378449249E+00  0.385070812625878E+00 -0.101554068187145E+00  0.430845477435785E+00 -0.896693339892614E+00
-0.614553804349356E+00 -0.522990334228600E+00  0.590596928423430E+00 -0.701695747118989E+00 -0.201165415225012E+00  0.683487786425239E+00
-0.458601378621347E+00  0.630337513316147E+00  0.626385979115925E+00 -0.574662720809745E+00 -0.206717807228088E+00 -0.791852578126984E+00
-0.632174789293354E+00  0.591824121771887E+00  0.500099234823287E+00 -0.708625130455605E+00  0.676273936703147E+00  0.201256023568997E+00
-0.428511426369959E+00 -0.278815891425051E+00  0.859441479194038E+00 -0.322208725708847E+00 -0.417560430809096E+00  0.849602744639872E+00
 0.783361407273138E+00  0.122155270708362E+00  0.609444825585726E+00  0.676212517111820E+00  0.199159526031870E+00  0.709275767873158E+00
 0.278909858030439E+00 -0.681862306490922E+00  0.676219702523019E+00  0.812495151140845E+00 -0.432083151466945E+00  0.391351222805049E+00
 0.244850463526853E+00  0.184382035433092E+00 -0.951867383368206E+00  0.858593241313940E-01  0.172509874352427E+00  0.981258640578828E+00
 0.457298561288523E+00  0.867984686411993E+00  0.193599096066386E+00 -0.581590315155130E+00  0.598285133062730E+00  0.551187449851562E+00
-0.683288378228031E+00  0.566762237567656E+00 -0.460323319250515E+00  0.853788544802100E+00 -0.217766682641520E+00  0.472887716795457E+00
-0.981265572744900E+00  0.116730470453130E+00  0.153270587567914E+00 -0.782617385446701E+00  0.502755553867730E+00 -0.367078848548539E+00
-0.714417722988267E-01  0.292756813313683E+00 -0.953514300589781E+00 -0.549756654356618E-01  0.208547359119010E+00 -0.976465910933092E+00
-0.793306930396504E+00 -0.273561350430961E+00  0.543901003616710E+00 -0.880284578149649E+00 -0.429159392268292E+00  0.202290082554247E+00
 0.948729356518816E+00 -0.237513706191550E+00  0.208566170436500E+00 -0.647063839540057E+00  0.539985023544985E+00 -0.538260682111188E+00
 0.414980640683949E+00 -0.218313013434109E+00  0.883249962367878E+00 -0.635143313298885E+00  0.264815132600682E+00 -0.725579711070670E+00
-0.999203264778457E-01 -0.180361068360195E+00  0.978512040486232E+00  0.912312138667144E-01  0.977967311741606E-01  0.991015976151775E+00
-0.879481047036635E+00 -0.322402723076592E+00  0.350099374544062E+00  0.848179612145585E+00  0.478891657359543E+00 -0.226393741194394E+00
 0.295109381793275E+00 -0.461204891041474E+00  0.836779840374404E+00 -0.240135860584606E+00  0.322164349956804E+00 -0.915720972828623E+00
 0.948474404895987E+00  0.281279034215147E+00 -0.145871204040403E+00 -0.911229275080370E+00 -0.166565259174788E+00 -0.376719023507625E+00
 0.643397156687078E+00  0.412137693452555E+00 -0.645122174787529E+00  0.296518907155895E+00  0.276030867145791E+00 -0.914266644957485E+00
 0.927481305118304E-01  0.811827005311219E-01  0.992374502605259E+00  0.435770063363066E+00 -0.186924368548168E+00  0.880433831880294E+00
 0.794676915267849E+00  0.102680331051417E+00  0.598285341585057E+00 -0.449679944339882E+00  0.110637349225741E-01 -0.893121235571098E+00
 0.964672213295520E+00 -0.104601131949462E+00  0.241797692483643E+00  0.804895706016089E+00 -0.513316973920013E+00 -0.297739125279937E+00
 0.251450534368869E+00 -0.609653963714971E-02  0.967850949769675E+00 -0.365530710952989E+00 -0.828520987817548E-01 -0.927104540533408E+00
-0.134728523519352E-02 -0.391309438824984E+00  0.920258174595027E+00  0.150219992146734E+00 -0.104238059121494E+00  0.983142096031911E+00
-0.190114447604527E+00 -0.973467934548493E+00  0.127344718060532E+00  0.593209475397912E+00 -0.655913632533666E+00 -0.466775990122269E+00
-0.907697619201271E+00  0.165249390762538E+00  0.385717086669691E+00  0.905551162081184E+00 -0.150968542307546E+00 -0.396466382038821E+00
 0.933683375972418E+00  0.114967867002230E+00  0.339142658758383E+00 -0.900226569621275E+00 -0.325704055199946E+00 -0.288979223776073E+00
-0.796032372747859E+00 -0.424981065756465E+00  0.430956558467223E+00  0.835927752306579E+00  0.504589907923525E+00 -0.215902333811839E+00
 0.816513330095243E+00  0.241382606378833E+00  0.524442960782713E+00  0.856432338778412E+00  0.469921876118144E+00  0.213768752253790E+00
 0.384355611567334E+00 -0.644855764103227E+00 -0.660629856545663E+00  0.521012370006573E+00  0.283068718485877E+00 -0.805244193344415E+00
-0.511175158828208E+00  0.163397862660584E+00 -0.843801573520048E+00  0.305234548741631E+00 -0.290781406295740E+00  0.906795480804335E+00
 0.365263977861842E+00 -0.323553942528032E+00  0.872866010766321E+00 -0.101422746103481E+00  0.350506053899254E+00 -0.931052593977807E+00
-0.885557207783294E-01 -0.165939706966331E+00  0.982151667498131E+00  0.267911179646380E+00  0.577886774125730E+00 -0.770889405888447E+00
 0.443982031223353E+00  0.693309038173565E+00  0.567628869542090E+00 -0.327933192265691E+00  0.785424391038709E+00  0.524946042343311E+00
-0.452638265931994E+00 -0.594992501561394E+00  0.664155496325817E+00  0.821896612537197E+00  0.372938961689998E+00 -0.430583893281514E+00
-0.865434574347712E+00 -0.246104102553258E+00  0.436412383222623E+00  0.819645434042635E+00  0.251652788595242E+00 -0.514637966385399E+00
-0.665178645556267E-01  0.635086040180322E+00  0.769572020842129E+00 -0.134784788712727E+00  0.574162956250013E+00  0.807570405848253E+00
 0.242463747046311E+00 -0.312095254618770E+00  0.918590160742378E+00  0.495296046710920E+00 -0.281083684756949E+00  0.821993788465576E+00
-0.183826600572238E+00 -0.165771540840652E-01  0.982818894244778E+00 -0.585428722234082E-01  0.862352230726311E-01 -0.994553275804493E+00
 0.830933578744274E+00  0.285891748472527E+00 -0.477300006149753E+00 -0.790458319421217E+00 -0.398123212231679E+00 -0.465482065325953E+00
 0.859267709877750E-01 -0.414228714543151E+00  0.906107698938456E+00 -0.601523994980269E-01  0.234106089612656E-01  0.997914641751835E+00
 0.543117215190653E+00  0.107044681755216E+00  0.832805575552586E+00 -0.817050377254599E+00 -0.350849980095415E+00  0.457529203980646E+00
 0.141249592889382E+00  0.383213092472666E+00  0.912795857936549E+00 -0.252380557271756E+00 -0.334223497090274E+00 -0.908074175551725E+00
 0.149638623797408E+00 -0.987571870941081E+00 -0.480633123489340E-01 -0.228535321429690E+00  0.697230837764961E-01  0.971035683405983E+00
-0.157198247871259E+00  0.892199294121899E-01 -0.983528604089322E+00  0.261029850358380E+00 -0.753329754357669E-02  0.965301334635979E+00
-0.294823475167170E+00  0.422122715962705E+00  0.857258147327060E+00  0.280796448057919E+00 -0.160468346746373E+00 -0.946257504303423E+00
 0.426378337323911E+00 -0.334427081467230E-01  0.903926489673087E+00 -0.542171785889707E+00 -0.410794854361887E-01 -0.839262909022830E+00
 0.411419582980556E+00 -0.381662194335957E+00 -0.827688284413140E+00 -0.364285075081276E-01 -0.105033007814131E+00 -0.993801303636822E+00
-0.622529059519512E-01  0.745223751264942E+00  0.663902203830614E+00  0.250848173772830E-01 -0.317760454720819E-01 -0.999180181384371E+00
 0.612809184570202E+00 -0.203820060980898E+00  0.763493474790811E+00 -0.555992094935569E+00  0.209369296879287E+00 -0.804386280274242E+00
 0.458980240924090E+00 -0.603184844322173E+00  0.652307582372994E+00 -0.473455888233341E+00  0.831788955989354E+00 -0.289770002918380E+00
 0.129607099144885E+00 -0.527598041280063E+00  0.839548870935272E+00 -0.964935517650802E-02  0.293610975354793E+00 -0.955876291732296E+00
 0.139480987847743E+00 -0.741889854049720E+00 -0.655854022239021E+00  0.425239568169707E+00  0.153790234356463E-01 -0.904950161777435E+00
-0.614039067324325E-01  0.944576996793270E+00 -0.322496290470141E+00 -0.233174957451455E+00  0.946935107133221E+00 -0.221231422036084E+00
-0.561408522730008E+00 -0.577656374526066E+00 -0.592565256807646E+00  0.386041475489107E-01 -0.968401683679665E+00 -0.246389729571692E+00
-0.300950657242565E+00  0.257383635303296E+00  0.918249620845731E+00 -0.101722968054823E-01  0.760422540693264E-02  0.999919346814363E+00
 0.709756869137989E+00  0.698220922414607E+00 -0.934490781866524E-01  0.646767053307538E+00  0.758160743213546E+00  0.829738886986029E-01
 0.968260979144209E+00  0.582142825992477E-01  0.243067425970969E+00 -0.693416127973224E+00 -0.601611328636570E+00 -0.396532322418693E+00
-0.818688554114611E+00 -0.215473743196404E-01  0.573833392215595E+00  0.509750233586472E+00 -0.746023180370525E-01 -0.857081789272200E+00
 0.127818404022701E+00  0.949738294351329E+00  0.285761487670606E+00 -0.213503210355249E+00 -0.429897842928054E+00 -0.877270895341803E+00
-0.483533967146191E+00  0.303365428538134E+00  0.821075099722151E+00  0.217347047337162E+00 -0.506099275294383E+00 -0.834639913112426E+00
 0.955738749084609E-01  0.414418000606725E-01  0.994559305241630E+00 -0.717022437964587E-01  0.820745307085906E-01 -0.994043540114576E+00
-0.839436728606953E+00 -0.156922353427201E+00  0.520308902153832E+00  0.898539284850510E+00  0.726282865225054E-01 -0.432842102361980E+00
 0.771850245660964E-01 -0.425434545945896E+00  0.901691698474895E+00 -0.272451463479636E+00 -0.609671926682550E+00  0.744359014094000E+00
 0.476211287464126E+00  0.879330517898248E+00 -0.806216198887829E-03 -0.517502127841183E+00 -0.684783542983193E+00  0.513091655495617E+00
 0.251148142842124E+00  0.238610189707905E+00  0.938077708782439E+00 -0.231083655974950E+00 -0.199002977734761E+00 -0.952364509415355E+00
 0.172318486404823E-02 -0.160999923434776E+00 -0.986952914422933E+00 -0.170365653201873E+00  0.172645951878043E+00 -0.970138608400482E+00
 0.391361368366859E+00 -0.822724239704010E+00  0.412263392448903E+00  0.510840077266829E+00 -0.733470523896634E+00  0.448400943389750E+00
-0.478890339977405E+00  0.653102376609073E+00  0.586618554039937E+00 -0.333530681466596E+00  0.929623421685937E+00  0.156708577855069E+00
 0.859442936837684E+00 -0.459689141998542E+00  0.223704561975079E+00 -0.740489404327488E+00  0.616228873221682E+00 -0.268211517065652E+00
 0.194764388147045E+00  0.104166817164360E+00  0.975303084846733E+00  0.675994538951991E-01  0.711148816435478E-01 -0.995174852697703E+00
-0.478502168813413E+00  0.834562390684957E+00  0.273022509136280E+00 -0.824570154411614E+00  0.408702341267190E+00  0.391211524237623E+00
 0.815281562628156E+00  0.346289768748199E+00  0.464111376394622E+00 -0.518868904698100E+00 -0.104759744974547E+00 -0.848410546593017E+00
-0.785490198126014E+00  0.617447925752653E+00  0.419905659845288E-01 -0.476950091426780E+00  0.546065766913232E+00  0.688716769429531E+00
-0.394748233263806E+00 -0.272149419302699E+00  0.877558274935806E+00  0.664066707199894E-01  0.881965200440105E-01 -0.993887080072990E+00
 0.622738747988911E+00  0.329688003648103E+00 -0.709578939938138E+00 -0.707307418071241E-01 -0.185417190105179E+00  0.980111028290629E+00
-0.433374758086744E+00  0.764639495548195E+00  0.476982977579974E+00 -0.639334384396361E+00  0.402470576864578E+00  0.655186217564763E+00
-0.805463697849066E+00  0.592493733854049E+00 -0.133942820261264E-01 -0.727729201416963E+00  0.395599416017287E+00  0.560277887705567E+00
 0.398843050266425E+00  0.288701266225311E+00  0.870388304226381E+00  0.163708064770964E+00  0.207365645304214E+00  0.964468329535248E+00
 0.116866164828578E+00  0.311706498883406E+00 -0.942964134032736E+00  0.201336337715539E+00 -0.406909463345058E+00  0.891004134533354E+00
-0.137600876931521E+00  0.483442909297643E+00  0.864493465630312E+00  0.391143622078688E+00 -0.432333320346270E+00 -0.812462040359753E+00
 0.312298833772390E+00 -0.878270129425079E+00 -0.362092554720558E+00 -0.557445118046932E-02  0.910799625986731E+00  0.412811054595764E+00
 0.811932297947223E+00 -0.436299409094475E+00 -0.387825694318923E+00  0.697061745793882E+00 -0.255452441344161E+00 -0.669961918889495E+00
-0.100953333083553E+00 -0.742650909150888E+00  0.662025718289464E+00 -0.401801483476139E+00 -0.907646029702282E+00  0.121384729855357E+00
 0.610321238237786E+00 -0.497919600658089E+00 -0.616103933956264E+00  0.675011162735599E+00  0.350940007777600E+00 -0.649000031682120E+00
-0.328575505329551E+00  0.302833200366300E+00  0.894611753809067E+00 -0.485346168944842E+00 -0.125282279588025E+00 -0.865299628285944E+00
-0.354939432627821E+00  0.892553944269703E+00  0.278146464537006E+00 -0.482133141417713E+00  0.845079377476384E+00  0.231059472237811E+00
 0.268537749284398E+00 -0.877379784465309E+00  0.397608087217650E+00 -0.291362224741263E-01  0.859721720722134E+00 -0.509931018333373E+00
-0.968762058068918E+00  0.101484158208380E+00  0.226276469123085E+00  0.967191889318018E+00  0.197983962593009E+00  0.159192335850104E+00
-0.137532564859007E+00  0.215962837695248E+00 -0.966666874542579E+00 -0.556635992732910E+00  0.100739750410522E+00 -0.824625899594158E+00
 0.997322235130798E-01 -0.688446486872738E-01 -0.992629788964780E+00  0.802449831622912E-01  0.534526775137864E-01  0.995340923474912E+00
 0.623498914468490E+00 -0.773411530565646E+00 -0.114384037543355E+00 -0.388817854605776E+00  0.101501372463842E+00  0.915706365232719E+00
 0.289527065450386E+00  0.927583199840289E+00 -0.236142934990099E+00 -0.539580629175023E+00 -0.839798986457612E+00  0.599200047050514E-01
 0.617101477648266E+00  0.505636348834964E+00  0.602924248161552E+00 -0.832068109234579E-01 -0.907493205503903E+00 -0.411743498528148E+00
 0.800278657146390E+00  0.575267204448936E+00  0.169179533045450E+00  0.816052137589315E+00  0.577974324635023E+00 -0.214214812700751E-02
 0.114593119434044E+00  0.124519003480460E+00  0.985577716240890E+00 -0.134362187843733E+00 -0.732025531703400E-01 -0.988224766279002E+00
-0.990599533411013E+00 -0.136763780137050E+00  0.286929407830019E-02  0.924304618329354E+00  0.345257407019932E+00 -0.162660060964274E+00
-0.193928159267596E+00  0.656179110837346E+00  0.729260477157368E+00 -0.338730528642720E+00  0.827492207735165E+00  0.447792669773642E+00
 0.358571216852942E+00  0.168826460256762E+00 -0.918109094150457E+00  0.340015374562155E-01 -0.174002532251268E+00  0.984158022992629E+00
-0.720453411671134E-01 -0.345851718219444E+00 -0.935519138137095E+00  0.263540152844050E+00 -0.888760448692194E-01  0.960545489025553E+00
 0.189334617561440E+00 -0.156894213604979E+00  0.969296966017195E+00  0.157607499894605E+00 -0.480339254314038E-01  0.986332914377606E+00
 0.344439753760423E+00 -0.420061485321033E+00 -0.839588949772058E+00 -0.332746494705639E+00  0.462758415015853E+00  0.821665637344733E+00
-0.720286427370214E+00  0.363570017670134E+00 -0.590765862925061E+00 -0.905347991913717E+00 -0.102063476636485E+00 -0.412223313599163E+00
 0.143626700134302E-01  0.143240383089048E+00  0.989583703565589E+00  0.130040214735066E-01  0.274105659500545E-02  0.999911687117547E+00
 0.180509737347891E+00  0.358270432818910E+00  0.916001381926002E+00 -0.513380142364086E-01 -0.960195415536337E-01 -0.994054654399894E+00
-0.188292288432377E-01  0.194043135431998E-02 -0.999820831382967E+00  0.550716322607478E-01 -0.126978033724719E+00 -0.990375531943081E+00
-0.528480077361528E+00 -0.248166042615055E+00 -0.811863549572670E+00 -0.208607098495817E+00 -0.626682290364416E+00 -0.750834459385534E+00
-0.273357865063173E+00  0.383370997427086E-01  0.961148138629744E+00  0.255033275104928E+00  0.261110564508697E+00 -0.931009828998171E+00
 0.341245765226977E-01  0.435240396391440E+00  0.899667333310579E+00 -0.795706175805585E-01  0.572909325716439E+00  0.815747155266252E+00
 0.426648547430083E+00  0.199378475111058E+00 -0.882167354099090E+00  0.692830253506933E+00 -0.654212548268902E+00 -0.303302129094125E+00
-0.253088914830514E+00  0.535546850722325E+00  0.805689500906715E+00  0.294636338409928E-01  0.229907944187779E+00 -0.972766277931258E+00
-0.931359251362717E+00  0.262344561970089E-01  0.363155198515905E+00 -0.981325064388535E+00  0.667311559468259E-01 -0.180410839000429E+00
-0.909439846829911E+00 -0.115075293573994E+00  0.399595848085095E+00  0.981838695535838E+00 -0.154167149718570E+00  0.110567924354829E+00
-0.778978983551823E-01 -0.661375876181905E+00  0.745998570934599E+00 -0.309675843137513E+00  0.160217368793002E+00  0.937246641452568E+00
 0.360408462339149E+00  0.200412004317011E+00 -0.911010849990256E+00  0.471423890818433E+00 -0.591331509339041E+00 -0.654283242356414E+00
-0.547742678022914E+00 -0.772013339674177E+00 -0.322449006879244E+00 -0.567973378314278E+00 -0.628796421000535E+00 -0.531056778944761E+00
 0.297165591315204E+00  0.503106290103108E+00  0.811527369961711E+00 -0.362434733633486E+00  0.857944285904130E+00  0.364105295402960E+00
 0.745581534445088E+00 -0.648286928457550E+00 -0.154376921479811E+00 -0.674787139581353E+00  0.420559858945962E+00  0.606458342591614E+00
-0.319799311576456E-01 -0.797221669627578E+00 -0.602839027833607E+00 -0.462431457691235E-01 -0.814915300273292E+00 -0.577732312450901E+00
 0.313518111339708E+00  0.432358846468339E+00 -0.845442027428581E+00  0.533512713958644E+00 -0.145354983196128E+00  0.833208325033143E+00
-0.340948807613139E+00 -0.420385121617992E+00 -0.840850914317993E+00  0.255068792699490E+00  0.198485096224291E+00  0.946331642484631E+00
-0.786945777647078E-01  0.875459388366008E+00  0.476841716665236E+00  0.218450967224860E+00  0.791367268903246E+00  0.570979001914379E+00
-0.247415860603296E+00 -0.349880652447461E-01  0.968277453632150E+00  0.271783180037123E+00 -0.929262701879817E+00 -0.250209380207721E+00
 0.653943845120845E+00 -0.305316940851718E+00  0.692198680334998E+00  0.399056657193337E+00 -0.580911953837573E+00  0.709432932868423E+00
 0.685828041033189E+00  0.452429048983293E-01  0.726355957977174E+00  0.397403580492406E+00  0.148296489175131E-01  0.917524100895884E+00
 0.751264758498214E-01  0.969672732281134E+00  0.232574299734144E+00 -0.117043732807660E-01  0.938489354028593E+00  0.345109750689687E+00
 0.794376531919127E+00 -0.280630653664966E+00 -0.538713617574045E+00 -0.701063506188294E-01 -0.977183351450164E+00 -0.200493883326986E+00
-0.833939864949029E+00 -0.450483953789329E+00  0.318760896326902E+00 -0.804747743655078E+00 -0.581136807815556E+00  0.121082945471304E+00
-0.374277794264077E+00  0.295460382387737E+00  0.878987653587984E+00  0.511328079324951E+00 -0.355193707670363E+00 -0.782547778301899E+00
-0.637362760516636E+00  0.249871754333611E+00  0.728925797247468E+00 -0.471488045284564E+00  0.405993238295054E+00  0.782859191433834E+00
-0.229209608760212E+00  0.142765462657695E+00  0.962850444214534E+00 -0.863671156622823E+00  0.140204477876768E+00  0.484164060625216E+00
-0.998139729876725E+00 -0.600631463774650E-01 -0.104641334499375E-01 -0.888677566836770E+00 -0.832161855110855E-01  0.450918228363039E+00
 0.825938015645939E+00  0.249344494072599E-01  0.563209257331238E+00 -0.801835515751668E+00  0.765813332116121E-01 -0.592617165700411E+00
 0.347623287721945E+00 -0.298223598343667E+00  0.888943606324013E+00 -0.344227844480196E+00  0.332147620085856E+00 -0.878171480723338E+00
 0.342782256892449E-01 -0.482125169410229E+00  0.875431507466321E+00 -0.219781267964100E-01  0.243429537095271E+00 -0.969669542891857E+00
-0.783232497887457E-01 -0.913217072612043E+00 -0.399875039021467E+00  0.162564590824223E+00  0.661981119748855E+00  0.731678721097043E+00
 0.376867083479493E+00 -0.873177796348540E+00  0.309082088373894E+00 -0.452113255666149E-01 -0.993844240132586E+00 -0.101141299160100E+00
-0.841796427230267E+00 -0.345543130112568E+00  0.414703171357981E+00 -0.780716862769071E+00 -0.429956313844468E+00  0.453452035361290E+00
 0.932878237342602E+00  0.999632579266501E-01 -0.346042687189383E+00 -0.857862956350860E+00  0.222633021509134E+00  0.463147585392255E+00
-0.468903344322578E+00 -0.726471986893344E+00 -0.502362524420700E+00 -0.466660461445050E-01 -0.831743547598266E+00 -0.553195219760520E+00
-0.334217929450564E+00  0.481308613509114E+00  0.810333508005014E+00 -0.700897968751855E-02 -0.442722130271653E+00 -0.896631468091250E+00
 0.403792966029945E+00  0.600918627237585E+00 -0.689817399043860E+00 -0.249809822064681E+00 -0.584098955939714E+00  0.772284573502636E+00
-0.829945054306317E-01  0.394333821052529E+00  0.915211860523254E+00  0.332564589406743E+00 -0.915291232436385E+00 -0.227250420676855E+00
-0.809939599450008E+00 -0.195438156431043E+00  0.552993464928471E+00 -0.935930574841417E+00 -0.216757114555098E+00  0.277579380298256E+00
 0.616815200649451E+00 -0.548374968546584E+00 -0.564644934555610E+00 -0.682226406477904E+00  0.360421850945024E+00  0.636131448417391E+00
-0.301293363383781E+00 -0.806494313955427E+00 -0.508713308984987E+00 -0.333024853644915E+00 -0.592628587001504E+00 -0.733406984370467E+00
 0.214096628496832E+00 -0.974982483397257E+00 -0.597644604661183E-01  0.586212854582468E+00  0.739043636865086E+00  0.331917146184859E+00
 0.597688445093940E+00  0.607648222820728E+00 -0.523003020932001E+00 -0.728650207562451E+00 -0.591246312654519E+00  0.345682907867357E+00
-0.825378633578381E+00 -0.301422985521586E+00 -0.477382755272474E+00 -0.956507740090907E+00 -0.282992842216977E+00  0.707671844864814E-01
-0.611325019485663E+00 -0.631265308659325E-01  0.788857884318644E+00  0.761586991722763E+00 -0.374789872145115E+00  0.528694435166591E+00
-0.820000448131045E-01  0.695196913671447E+00  0.714126910200381E+00  0.534150880581550E+00 -0.381525311131961E+00 -0.754401268384151E+00
-0.996416282942144E+00 -0.503941271934497E-01 -0.679339608161563E-01 -0.294582694756701E+00 -0.476381148517163E+00  0.828421412861443E+00
-0.486381546066724E-01 -0.571372191150161E+00  0.819248527064114E+00 -0.657336928125210E-02  0.824418209660548E+00 -0.565942935636085E+00
-0.886075314886465E+00 -0.462980869502807E+00 -0.227870757947774E-01  0.850206383455452E+00  0.523420275209584E+00 -0.563943350978044E-01
 0.891381159288760E+00  0.160177786274278E+00 -0.424007907531568E+00  0.835349111344863E+00  0.480410849545187E+00 -0.267202690507821E+00
 0.863187725116554E+00  0.423434948189962E+00  0.274972354718567E+00 -0.583793777447703E-01  0.508275449653578E-01 -0.996999703574142E+00
 0.458190265377049E+00 -0.399538432106288E+00 -0.793996676305234E+00 -0.842261103266327E+00 -0.119148805907971E+00  0.525737383087121E+00
-0.428622146182996E+00 -0.216296999271098E+00 -0.877210729475991E+00  0.486231524945059E-01 -0.906758327063562E-02  0.998776034942332E+00
 0.665177500614919E+00 -0.545424852208185E-01  0.744690546456463E+00 -0.442259847772644E+00 -0.346869340521638E+00 -0.827096057090228E+00
-0.257343037013305E+00 -0.718571415396128E+00  0.646087983386453E+00  0.291182266730202E+00  0.891735405546984E+00 -0.346440260414141E+00
-0.714781614963561E+00 -0.697174592210442E+00  0.550892991994633E-01 -0.820604418497466E+00  0.232053368835119E-01  0.571025306516759E+00
-0.458592051144960E+00 -0.308353609260920E+00  0.833433490017303E+00  0.392552137356366E+00  0.231665297656331E+00 -0.890075282950129E+00
 0.556183999162412E+00  0.656585580043786E+00 -0.509465146162395E+00 -0.410766120081449E+00 -0.911183123881237E+00 -0.318827437223279E-01
 0.277399005393518E+00  0.739978805902121E+00  0.612765174126564E+00 -0.800185897588382E+00 -0.268626091991699E+00 -0.536229943216474E+00
